

================================================================
== Vitis HLS Report for 'do_compute'
================================================================
* Date:           Sun May 17 16:14:33 2026

* Version:        2024.1 (Build 5069499 on May 21 2024)
* Project:        .tiny_dam_base_disabled
* Solution:       solution_FLOOD_HLS_base (Vivado IP Flow Target)
* Product family: virtexuplusHBM
* Target device:  xcu50-fsvh2104-2-e


================================================================
== Performance Estimates
================================================================
+ Timing: 
    * Summary: 
    +--------+---------+----------+------------+
    |  Clock |  Target | Estimated| Uncertainty|
    +--------+---------+----------+------------+
    |ap_clk  |  4.00 ns|  2.916 ns|     1.08 ns|
    +--------+---------+----------+------------+

+ Latency: 
    * Summary: 
    +---------+---------+----------+----------+-----+-----+---------+
    |  Latency (cycles) |  Latency (absolute) |  Interval | Pipeline|
    |   min   |   max   |    min   |    max   | min | max |   Type  |
    +---------+---------+----------+----------+-----+-----+---------+
    |        ?|        ?|         ?|         ?|    ?|    ?|       no|
    +---------+---------+----------+----------+-----+-----+---------+

    + Detail: 
        * Instance: 
        N/A

        * Loop: 
        +--------------------------+---------+---------+-------------+-----------+-----------+------+----------+
        |                          |  Latency (cycles) |  Iteration  |  Initiation Interval  | Trip |          |
        |         Loop Name        |   min   |   max   |   Latency   |  achieved |   target  | Count| Pipelined|
        +--------------------------+---------+---------+-------------+-----------+-----------+------+----------+
        |- VITIS_LOOP_53_1         |    15100|    15100|          302|          -|          -|    50|        no|
        | + VITIS_LOOP_54_2        |      300|      300|            6|          -|          -|    50|        no|
        |  ++ VITIS_LOOP_63_3      |        4|        4|            1|          -|          -|     4|        no|
        |- VITIS_LOOP_70_4         |        ?|        ?|            ?|          -|          -|     ?|        no|
        | + VITIS_LOOP_76_5        |      154|      154|           22|          -|          -|     7|        no|
        | + VITIS_LOOP_83_6        |        ?|        ?|            ?|          -|          -|     7|        no|
        |  ++ VITIS_LOOP_92_7      |        ?|        ?|            ?|          -|          -|     ?|        no|
        |   +++ VITIS_LOOP_93_8    |        ?|        ?|    137 ~ 195|          -|          -|     ?|        no|
        | + VITIS_LOOP_109_9       |     7600|  1020100|  152 ~ 20402|          -|          -|    50|        no|
        |  ++ VITIS_LOOP_110_10    |      150|    20400|      3 ~ 408|          -|          -|    50|        no|
        |   +++ VITIS_LOOP_121_11  |      172|      172|           43|          -|          -|     4|        no|
        |   +++ VITIS_LOOP_156_12  |       12|      172|       3 ~ 43|          -|          -|     4|        no|
        | + PROPAGATION_ROWS       |   152600|   152600|         3052|          -|          -|    50|        no|
        |  ++ PROPAGATION_COLS     |     3050|     3050|           61|          -|          -|    50|        no|
        |   +++ NEIGHBOR_ACCUM     |       48|       48|           12|          -|          -|     4|        no|
        | + VITIS_LOOP_234_13      |    15100|    15100|          302|          -|          -|    50|        no|
        |  ++ VITIS_LOOP_235_14    |      300|      300|            6|          -|          -|    50|        no|
        |   +++ VITIS_LOOP_236_15  |        4|        4|            1|          -|          -|     4|        no|
        |- VITIS_LOOP_249_16       |    50100|    50100|         1002|          -|          -|    50|        no|
        | + VITIS_LOOP_250_17      |     1000|     1000|           20|          -|          -|    50|        no|
        +--------------------------+---------+---------+-------------+-----------+-----------+------+----------+

============================================================
+ Verbose Summary: Synthesis Manager
============================================================
InlineROM: 1
ExposeGlobal: 0
============================================================
+ Verbose Summary: CDFG Model
============================================================
IsTopModel: 1
ResetActiveHigh: 1
IsCombinational: 0
IsDatapathOnly: 0
HasWiredReturn: 1
HasMFsm: 0
HasVarLatency: 1
IsPipeline: 0
IsRtlPipelined: 0
IsInstanceOverlapped: 0
IsDontTouch: 0
HasImplIP: 0
IsGatedGlobalClock: 0


============================================================
+ Verbose Summary: Schedule
============================================================
* Number of FSM states : 489
* Pipeline : 0
* Dataflow Pipeline: 0

* FSM state transitions: 
1 --> 2 
2 --> 5 3 
3 --> 4 2 
4 --> 4 3 
5 --> 6 
6 --> 7 
7 --> 8 
8 --> 9 
9 --> 10 
10 --> 11 
11 --> 12 
12 --> 13 
13 --> 14 
14 --> 15 469 
15 --> 16 37 
16 --> 17 
17 --> 18 
18 --> 19 
19 --> 20 
20 --> 21 
21 --> 22 
22 --> 23 
23 --> 24 
24 --> 25 
25 --> 26 
26 --> 27 
27 --> 28 
28 --> 29 
29 --> 30 
30 --> 31 
31 --> 32 
32 --> 33 
33 --> 34 
34 --> 35 
35 --> 36 
36 --> 15 
37 --> 38 290 
38 --> 39 
39 --> 40 
40 --> 41 
41 --> 42 
42 --> 43 
43 --> 44 
44 --> 45 
45 --> 46 
46 --> 47 
47 --> 48 
48 --> 49 
49 --> 50 
50 --> 51 
51 --> 52 
52 --> 53 
53 --> 54 
54 --> 55 
55 --> 56 
56 --> 57 
57 --> 58 
58 --> 59 
59 --> 60 
60 --> 61 
61 --> 62 
62 --> 63 
63 --> 64 
64 --> 65 37 
65 --> 66 
66 --> 67 
67 --> 68 
68 --> 69 
69 --> 70 
70 --> 71 
71 --> 72 
72 --> 73 
73 --> 74 
74 --> 75 
75 --> 76 
76 --> 77 
77 --> 78 
78 --> 79 
79 --> 80 
80 --> 81 
81 --> 82 
82 --> 83 
83 --> 84 
84 --> 85 
85 --> 86 
86 --> 87 
87 --> 88 
88 --> 89 
89 --> 90 
90 --> 91 284 
91 --> 92 
92 --> 93 
93 --> 94 
94 --> 95 
95 --> 96 
96 --> 97 
97 --> 98 
98 --> 99 
99 --> 100 
100 --> 101 
101 --> 102 
102 --> 103 
103 --> 104 
104 --> 105 
105 --> 106 
106 --> 107 
107 --> 108 
108 --> 109 
109 --> 110 
110 --> 111 
111 --> 112 
112 --> 113 
113 --> 114 
114 --> 115 
115 --> 116 
116 --> 117 
117 --> 118 
118 --> 119 
119 --> 120 
120 --> 121 
121 --> 122 
122 --> 123 
123 --> 124 
124 --> 125 
125 --> 126 
126 --> 127 
127 --> 128 
128 --> 129 
129 --> 130 
130 --> 131 
131 --> 132 
132 --> 133 
133 --> 134 
134 --> 135 
135 --> 136 
136 --> 137 
137 --> 138 
138 --> 139 
139 --> 140 
140 --> 141 
141 --> 142 
142 --> 143 
143 --> 144 
144 --> 145 
145 --> 146 
146 --> 147 
147 --> 148 
148 --> 149 
149 --> 150 
150 --> 151 
151 --> 152 
152 --> 153 
153 --> 154 
154 --> 155 
155 --> 156 
156 --> 157 
157 --> 158 
158 --> 159 
159 --> 160 
160 --> 161 
161 --> 162 
162 --> 163 
163 --> 164 
164 --> 165 
165 --> 166 
166 --> 167 
167 --> 168 
168 --> 169 
169 --> 170 
170 --> 171 
171 --> 172 
172 --> 173 
173 --> 174 
174 --> 175 
175 --> 176 
176 --> 177 
177 --> 178 
178 --> 179 
179 --> 180 
180 --> 181 
181 --> 182 
182 --> 183 
183 --> 184 
184 --> 185 
185 --> 186 
186 --> 187 
187 --> 188 
188 --> 189 
189 --> 190 
190 --> 191 
191 --> 192 
192 --> 193 
193 --> 194 
194 --> 195 
195 --> 196 
196 --> 197 
197 --> 198 
198 --> 199 
199 --> 200 
200 --> 201 
201 --> 202 
202 --> 203 
203 --> 204 
204 --> 205 
205 --> 206 
206 --> 207 
207 --> 208 
208 --> 209 
209 --> 210 
210 --> 211 
211 --> 212 
212 --> 213 
213 --> 214 
214 --> 215 
215 --> 216 
216 --> 217 
217 --> 218 
218 --> 219 277 
219 --> 220 
220 --> 221 
221 --> 222 
222 --> 223 
223 --> 224 
224 --> 225 
225 --> 226 
226 --> 227 
227 --> 228 
228 --> 229 
229 --> 230 
230 --> 231 
231 --> 232 
232 --> 233 
233 --> 234 
234 --> 235 
235 --> 236 
236 --> 237 
237 --> 238 
238 --> 239 
239 --> 240 
240 --> 241 
241 --> 242 
242 --> 243 
243 --> 244 
244 --> 245 
245 --> 246 
246 --> 247 
247 --> 248 
248 --> 249 
249 --> 250 
250 --> 251 
251 --> 252 
252 --> 253 
253 --> 254 
254 --> 255 
255 --> 256 
256 --> 257 
257 --> 258 
258 --> 259 
259 --> 260 
260 --> 261 
261 --> 262 
262 --> 263 
263 --> 264 
264 --> 265 
265 --> 266 
266 --> 267 
267 --> 268 
268 --> 269 
269 --> 270 
270 --> 271 
271 --> 272 
272 --> 273 
273 --> 274 
274 --> 275 
275 --> 276 
276 --> 277 
277 --> 278 
278 --> 279 
279 --> 280 
280 --> 281 
281 --> 282 
282 --> 283 
283 --> 89 
284 --> 285 
285 --> 286 
286 --> 287 
287 --> 288 
288 --> 289 
289 --> 63 
290 --> 291 441 
291 --> 292 290 
292 --> 293 440 
293 --> 294 
294 --> 295 
295 --> 296 
296 --> 297 
297 --> 298 
298 --> 299 
299 --> 300 
300 --> 301 
301 --> 302 
302 --> 303 
303 --> 304 
304 --> 305 
305 --> 306 
306 --> 307 
307 --> 308 
308 --> 309 
309 --> 310 
310 --> 311 
311 --> 312 
312 --> 313 
313 --> 314 
314 --> 315 
315 --> 316 
316 --> 317 
317 --> 318 360 
318 --> 319 
319 --> 320 
320 --> 321 
321 --> 322 
322 --> 323 
323 --> 324 
324 --> 325 
325 --> 326 
326 --> 327 
327 --> 328 
328 --> 329 
329 --> 330 
330 --> 331 
331 --> 332 
332 --> 333 
333 --> 334 
334 --> 335 
335 --> 336 
336 --> 337 
337 --> 338 
338 --> 339 
339 --> 340 
340 --> 341 
341 --> 342 
342 --> 343 
343 --> 344 
344 --> 345 
345 --> 346 
346 --> 347 
347 --> 348 
348 --> 349 
349 --> 350 
350 --> 351 
351 --> 352 
352 --> 353 
353 --> 354 
354 --> 355 
355 --> 356 
356 --> 357 
357 --> 358 
358 --> 359 
359 --> 317 
360 --> 361 440 
361 --> 362 
362 --> 363 
363 --> 364 
364 --> 365 
365 --> 366 
366 --> 367 
367 --> 368 
368 --> 369 
369 --> 370 
370 --> 371 
371 --> 372 
372 --> 373 
373 --> 374 
374 --> 375 
375 --> 376 
376 --> 377 440 
377 --> 378 
378 --> 379 
379 --> 380 
380 --> 381 
381 --> 382 
382 --> 383 
383 --> 384 
384 --> 385 
385 --> 386 
386 --> 387 
387 --> 388 
388 --> 389 
389 --> 390 
390 --> 391 
391 --> 392 
392 --> 393 
393 --> 394 
394 --> 395 
395 --> 396 440 
396 --> 397 437 439 
397 --> 398 
398 --> 399 
399 --> 400 
400 --> 401 
401 --> 402 
402 --> 403 
403 --> 404 
404 --> 405 
405 --> 406 
406 --> 407 
407 --> 408 
408 --> 409 
409 --> 410 
410 --> 411 
411 --> 412 
412 --> 413 
413 --> 414 
414 --> 415 
415 --> 416 
416 --> 417 
417 --> 418 
418 --> 419 
419 --> 420 
420 --> 421 
421 --> 422 
422 --> 423 
423 --> 424 
424 --> 425 
425 --> 426 436 
426 --> 427 
427 --> 428 
428 --> 429 
429 --> 430 
430 --> 431 
431 --> 432 
432 --> 433 
433 --> 434 
434 --> 435 
435 --> 436 
436 --> 439 
437 --> 438 
438 --> 439 
439 --> 395 
440 --> 291 
441 --> 442 466 
442 --> 443 441 
443 --> 444 
444 --> 445 
445 --> 446 
446 --> 447 
447 --> 448 
448 --> 449 
449 --> 450 
450 --> 451 
451 --> 452 
452 --> 453 
453 --> 454 
454 --> 455 442 
455 --> 456 
456 --> 457 
457 --> 458 
458 --> 459 
459 --> 460 
460 --> 461 
461 --> 462 
462 --> 463 
463 --> 464 
464 --> 465 
465 --> 454 
466 --> 467 13 
467 --> 468 466 
468 --> 468 467 
469 --> 470 
470 --> 471 469 
471 --> 472 
472 --> 473 
473 --> 474 
474 --> 475 
475 --> 476 
476 --> 477 
477 --> 478 
478 --> 479 
479 --> 480 
480 --> 481 
481 --> 482 
482 --> 483 
483 --> 484 
484 --> 485 
485 --> 486 
486 --> 487 
487 --> 488 
488 --> 489 
489 --> 470 

* FSM state operations: 

State 1 <SV = 0> <Delay = 0.38>
ST_1 : Operation 490 [1/1] (0.00ns)   --->   "%phi_mul = alloca i32 1"   --->   Operation 490 'alloca' 'phi_mul' <Predicate = true> <Delay = 0.00>
ST_1 : Operation 491 [1/1] (0.00ns)   --->   "%row_pos = alloca i32 1" [flood_HLS_base.cpp:52]   --->   Operation 491 'alloca' 'row_pos' <Predicate = true> <Delay = 0.00>
ST_1 : Operation 492 [1/1] (0.00ns)   --->   "%spectopmodule_ln25 = spectopmodule void @_ssdm_op_SpecTopModule, void @empty_12" [flood_HLS_base.cpp:25]   --->   Operation 492 'spectopmodule' 'spectopmodule_ln25' <Predicate = true> <Delay = 0.00>
ST_1 : Operation 493 [1/1] (0.00ns)   --->   "%specinterface_ln0 = specinterface void @_ssdm_op_SpecInterface, i32 %p_ground, void @empty_15, i32 0, i32 0, void @empty_4, i32 4294967295, i32 0, void @empty_4, void @empty_4, void @empty_4, i32 0, i32 0, i32 0, i32 0, void @empty_4, void @empty_4, i32 4294967295, i32 0, i32 0"   --->   Operation 493 'specinterface' 'specinterface_ln0' <Predicate = true> <Delay = 0.00>
ST_1 : Operation 494 [1/1] (0.00ns)   --->   "%specbitsmap_ln0 = specbitsmap void @_ssdm_op_SpecBitsMap, i32 %p_ground"   --->   Operation 494 'specbitsmap' 'specbitsmap_ln0' <Predicate = true> <Delay = 0.00>
ST_1 : Operation 495 [1/1] (0.00ns)   --->   "%specbitsmap_ln0 = specbitsmap void @_ssdm_op_SpecBitsMap, i32 %p_threshold"   --->   Operation 495 'specbitsmap' 'specbitsmap_ln0' <Predicate = true> <Delay = 0.00>
ST_1 : Operation 496 [1/1] (0.00ns)   --->   "%specinterface_ln0 = specinterface void @_ssdm_op_SpecInterface, i32 %p_threshold, void @empty_13, i32 0, i32 0, void @empty_4, i32 0, i32 0, void @empty_4, void @empty_4, void @empty_4, i32 0, i32 0, i32 0, i32 0, void @empty_4, void @empty_4, i32 4294967295, i32 0, i32 0"   --->   Operation 496 'specinterface' 'specinterface_ln0' <Predicate = true> <Delay = 0.00>
ST_1 : Operation 497 [1/1] (0.00ns)   --->   "%specbitsmap_ln0 = specbitsmap void @_ssdm_op_SpecBitsMap, i32 %p_num_minutes"   --->   Operation 497 'specbitsmap' 'specbitsmap_ln0' <Predicate = true> <Delay = 0.00>
ST_1 : Operation 498 [1/1] (0.00ns)   --->   "%specinterface_ln0 = specinterface void @_ssdm_op_SpecInterface, i32 %p_num_minutes, void @empty_13, i32 0, i32 0, void @empty_4, i32 0, i32 0, void @empty_4, void @empty_4, void @empty_4, i32 0, i32 0, i32 0, i32 0, void @empty_4, void @empty_4, i32 4294967295, i32 0, i32 0"   --->   Operation 498 'specinterface' 'specinterface_ln0' <Predicate = true> <Delay = 0.00>
ST_1 : Operation 499 [1/1] (0.00ns)   --->   "%specbitsmap_ln0 = specbitsmap void @_ssdm_op_SpecBitsMap, i32 %p_ex_factor"   --->   Operation 499 'specbitsmap' 'specbitsmap_ln0' <Predicate = true> <Delay = 0.00>
ST_1 : Operation 500 [1/1] (0.00ns)   --->   "%specinterface_ln0 = specinterface void @_ssdm_op_SpecInterface, i32 %p_ex_factor, void @empty_13, i32 0, i32 0, void @empty_4, i32 0, i32 0, void @empty_4, void @empty_4, void @empty_4, i32 0, i32 0, i32 0, i32 0, void @empty_4, void @empty_4, i32 4294967295, i32 0, i32 0"   --->   Operation 500 'specinterface' 'specinterface_ln0' <Predicate = true> <Delay = 0.00>
ST_1 : Operation 501 [1/1] (0.00ns)   --->   "%specinterface_ln0 = specinterface void @_ssdm_op_SpecInterface, i224 %p_clouds, void @empty_15, i32 0, i32 0, void @empty_4, i32 4294967295, i32 0, void @empty_4, void @empty_4, void @empty_4, i32 0, i32 0, i32 0, i32 0, void @empty_4, void @empty_4, i32 4294967295, i32 0, i32 0"   --->   Operation 501 'specinterface' 'specinterface_ln0' <Predicate = true> <Delay = 0.00>
ST_1 : Operation 502 [1/1] (0.00ns)   --->   "%specbitsmap_ln0 = specbitsmap void @_ssdm_op_SpecBitsMap, i224 %p_clouds"   --->   Operation 502 'specbitsmap' 'specbitsmap_ln0' <Predicate = true> <Delay = 0.00>
ST_1 : Operation 503 [1/1] (0.00ns)   --->   "%specbitsmap_ln0 = specbitsmap void @_ssdm_op_SpecBitsMap, i416 %r"   --->   Operation 503 'specbitsmap' 'specbitsmap_ln0' <Predicate = true> <Delay = 0.00>
ST_1 : Operation 504 [1/1] (0.00ns)   --->   "%specinterface_ln0 = specinterface void @_ssdm_op_SpecInterface, i416 %r, void @empty_13, i32 0, i32 0, void @empty_4, i32 0, i32 0, void @empty_4, void @empty_4, void @empty_4, i32 0, i32 0, i32 0, i32 0, void @empty_4, void @empty_4, i32 4294967295, i32 0, i32 0"   --->   Operation 504 'specinterface' 'specinterface_ln0' <Predicate = true> <Delay = 0.00>
ST_1 : Operation 505 [1/1] (0.00ns)   --->   "%water_level = alloca i64 1" [flood_HLS_base.cpp:34]   --->   Operation 505 'alloca' 'water_level' <Predicate = true> <Delay = 0.00> <CoreInst = "RAM">   --->   Core 82 'RAM' <Latency = 1> <II = 1> <Delay = 1.64> <Storage> <Opcode : 'load' 'store'> <Ports = 2> <Width = 32> <Depth = 2500> <RAM>
ST_1 : Operation 506 [1/1] (0.00ns)   --->   "%spillage_flag = alloca i64 1" [flood_HLS_base.cpp:35]   --->   Operation 506 'alloca' 'spillage_flag' <Predicate = true> <Delay = 0.00> <CoreInst = "RAM">   --->   Core 82 'RAM' <Latency = 1> <II = 1> <Delay = 1.64> <Storage> <Opcode : 'load' 'store'> <Ports = 2> <Width = 32> <Depth = 2500> <RAM>
ST_1 : Operation 507 [1/1] (0.00ns)   --->   "%spillage_level = alloca i64 1" [flood_HLS_base.cpp:36]   --->   Operation 507 'alloca' 'spillage_level' <Predicate = true> <Delay = 0.00> <CoreInst = "RAM">   --->   Core 82 'RAM' <Latency = 1> <II = 1> <Delay = 1.64> <Storage> <Opcode : 'load' 'store'> <Ports = 2> <Width = 32> <Depth = 2500> <RAM>
ST_1 : Operation 508 [1/1] (0.00ns)   --->   "%spillage_from_neigh = alloca i64 1" [flood_HLS_base.cpp:37]   --->   Operation 508 'alloca' 'spillage_from_neigh' <Predicate = true> <Delay = 0.00> <CoreInst = "RAM">   --->   Core 82 'RAM' <Latency = 1> <II = 1> <Delay = 1.24> <Storage> <Opcode : 'load' 'store'> <Ports = 2> <Width = 32> <Depth = 10000> <RAM>
ST_1 : Operation 509 [1/1] (0.00ns)   --->   "%p_threshold_read = read i32 @_ssdm_op_Read.ap_auto.i32P0A, i32 %p_threshold" [flood_HLS_base.cpp:27]   --->   Operation 509 'read' 'p_threshold_read' <Predicate = true> <Delay = 0.00>
ST_1 : Operation 510 [1/1] (0.38ns)   --->   "%store_ln52 = store i6 0, i6 %row_pos" [flood_HLS_base.cpp:52]   --->   Operation 510 'store' 'store_ln52' <Predicate = true> <Delay = 0.38>
ST_1 : Operation 511 [1/1] (0.38ns)   --->   "%store_ln0 = store i12 0, i12 %phi_mul"   --->   Operation 511 'store' 'store_ln0' <Predicate = true> <Delay = 0.38>
ST_1 : Operation 512 [1/1] (0.00ns)   --->   "%br_ln53 = br void %VITIS_LOOP_54_2" [flood_HLS_base.cpp:53]   --->   Operation 512 'br' 'br_ln53' <Predicate = true> <Delay = 0.00>

State 2 <SV = 1> <Delay = 2.34>
ST_2 : Operation 513 [1/1] (0.00ns)   --->   "%phi_mul_load = load i12 %phi_mul" [flood_HLS_base.cpp:58]   --->   Operation 513 'load' 'phi_mul_load' <Predicate = true> <Delay = 0.00>
ST_2 : Operation 514 [1/1] (0.00ns)   --->   "%row_pos_2 = load i6 %row_pos" [flood_HLS_base.cpp:53]   --->   Operation 514 'load' 'row_pos_2' <Predicate = true> <Delay = 0.00>
ST_2 : Operation 515 [1/1] (0.74ns)   --->   "%add_ln53_1 = add i12 %phi_mul_load, i12 50" [flood_HLS_base.cpp:53]   --->   Operation 515 'add' 'add_ln53_1' <Predicate = true> <Delay = 0.74> <CoreInst = "Adder">   --->   Core 1 'Adder' <Latency = 0> <II = 1> <Delay = 0.74> <FuncUnit> <Opcode : 'add' 'sub'> <InPorts = 2> <OutPorts = 1>
ST_2 : Operation 516 [1/1] (0.70ns)   --->   "%icmp_ln53 = icmp_eq  i6 %row_pos_2, i6 50" [flood_HLS_base.cpp:53]   --->   Operation 516 'icmp' 'icmp_ln53' <Predicate = true> <Delay = 0.70> <CoreInst = "Cmp">   --->   Core 9 'Cmp' <Latency = 0> <II = 1> <Delay = 0.70> <FuncUnit> <Opcode : 'seteq' 'setne' 'setle' 'setge' 'setlt' 'setgt'> <InPorts = 2> <OutPorts = 1>
ST_2 : Operation 517 [1/1] (0.70ns)   --->   "%add_ln53 = add i6 %row_pos_2, i6 1" [flood_HLS_base.cpp:53]   --->   Operation 517 'add' 'add_ln53' <Predicate = true> <Delay = 0.70> <CoreInst = "Adder">   --->   Core 1 'Adder' <Latency = 0> <II = 1> <Delay = 0.70> <FuncUnit> <Opcode : 'add' 'sub'> <InPorts = 2> <OutPorts = 1>
ST_2 : Operation 518 [1/1] (0.00ns)   --->   "%br_ln53 = br i1 %icmp_ln53, void %VITIS_LOOP_54_2.split, void %VITIS_LOOP_70_4" [flood_HLS_base.cpp:53]   --->   Operation 518 'br' 'br_ln53' <Predicate = true> <Delay = 0.00>
ST_2 : Operation 519 [1/1] (0.00ns)   --->   "%speclooptripcount_ln52 = speclooptripcount void @_ssdm_op_SpecLoopTripCount, i64 50, i64 50, i64 50" [flood_HLS_base.cpp:52]   --->   Operation 519 'speclooptripcount' 'speclooptripcount_ln52' <Predicate = (!icmp_ln53)> <Delay = 0.00>
ST_2 : Operation 520 [1/1] (0.00ns)   --->   "%specloopname_ln53 = specloopname void @_ssdm_op_SpecLoopName, void @empty_16" [flood_HLS_base.cpp:53]   --->   Operation 520 'specloopname' 'specloopname_ln53' <Predicate = (!icmp_ln53)> <Delay = 0.00>
ST_2 : Operation 521 [1/1] (0.38ns)   --->   "%br_ln54 = br void %VITIS_LOOP_63_3" [flood_HLS_base.cpp:54]   --->   Operation 521 'br' 'br_ln54' <Predicate = (!icmp_ln53)> <Delay = 0.38>
ST_2 : Operation 522 [1/1] (0.00ns)   --->   "%max_spillage_iter_1 = alloca i32 1" [flood_HLS_base.cpp:27]   --->   Operation 522 'alloca' 'max_spillage_iter_1' <Predicate = (icmp_ln53)> <Delay = 0.00>
ST_2 : Operation 523 [1/1] (0.00ns)   --->   "%empty = alloca i32 1"   --->   Operation 523 'alloca' 'empty' <Predicate = (icmp_ln53)> <Delay = 0.00>
ST_2 : Operation 524 [1/1] (0.00ns)   --->   "%empty_78 = alloca i32 1"   --->   Operation 524 'alloca' 'empty_78' <Predicate = (icmp_ln53)> <Delay = 0.00>
ST_2 : Operation 525 [1/1] (0.00ns)   --->   "%bitcast_ln27 = bitcast i32 %p_threshold_read" [flood_HLS_base.cpp:27]   --->   Operation 525 'bitcast' 'bitcast_ln27' <Predicate = (icmp_ln53)> <Delay = 0.00>
ST_2 : Operation 526 [7/7] (2.34ns)   --->   "%add = fadd i32 %bitcast_ln27, i32 1" [flood_HLS_base.cpp:27]   --->   Operation 526 'fadd' 'add' <Predicate = (icmp_ln53)> <Delay = 2.34> <CoreInst = "FAddSub_fulldsp">   --->   Core 18 'FAddSub_fulldsp' <Latency = 6> <II = 1> <Delay = 2.34> <FuncUnit> <Opcode : 'fadd' 'fsub'> <InPorts = 2> <OutPorts = 1>
ST_2 : Operation 527 [1/1] (0.00ns)   --->   "%r_read = read i416 @_ssdm_op_Read.ap_auto.i416P0A, i416 %r" [flood_HLS_base.cpp:70]   --->   Operation 527 'read' 'r_read' <Predicate = (icmp_ln53)> <Delay = 0.00>
ST_2 : Operation 528 [1/1] (0.00ns)   --->   "%tmp_45 = partselect i384 @_ssdm_op_PartSelect.i384.i416.i32.i32, i416 %r_read, i32 32, i32 415" [flood_HLS_base.cpp:70]   --->   Operation 528 'partselect' 'tmp_45' <Predicate = (icmp_ln53)> <Delay = 0.00>
ST_2 : Operation 529 [1/1] (0.00ns)   --->   "%and_ln = bitconcatenate i416 @_ssdm_op_BitConcatenate.i416.i384.i32, i384 %tmp_45, i32 0" [flood_HLS_base.cpp:70]   --->   Operation 529 'bitconcatenate' 'and_ln' <Predicate = (icmp_ln53)> <Delay = 0.00>
ST_2 : Operation 530 [1/1] (0.38ns)   --->   "%store_ln70 = store i416 %and_ln, i416 %empty_78" [flood_HLS_base.cpp:70]   --->   Operation 530 'store' 'store_ln70' <Predicate = (icmp_ln53)> <Delay = 0.38>
ST_2 : Operation 531 [1/1] (0.38ns)   --->   "%store_ln0 = store i31 0, i31 %empty"   --->   Operation 531 'store' 'store_ln0' <Predicate = (icmp_ln53)> <Delay = 0.38>

State 3 <SV = 2> <Delay = 2.39>
ST_3 : Operation 532 [1/1] (0.00ns)   --->   "%col_pos = phi i6 0, void %VITIS_LOOP_54_2.split, i6 %add_ln54, void %for.inc23" [flood_HLS_base.cpp:54]   --->   Operation 532 'phi' 'col_pos' <Predicate = true> <Delay = 0.00>
ST_3 : Operation 533 [1/1] (0.70ns)   --->   "%icmp_ln54 = icmp_eq  i6 %col_pos, i6 50" [flood_HLS_base.cpp:54]   --->   Operation 533 'icmp' 'icmp_ln54' <Predicate = true> <Delay = 0.70> <CoreInst = "Cmp">   --->   Core 9 'Cmp' <Latency = 0> <II = 1> <Delay = 0.70> <FuncUnit> <Opcode : 'seteq' 'setne' 'setle' 'setge' 'setlt' 'setgt'> <InPorts = 2> <OutPorts = 1>
ST_3 : Operation 534 [1/1] (0.70ns)   --->   "%add_ln54 = add i6 %col_pos, i6 1" [flood_HLS_base.cpp:54]   --->   Operation 534 'add' 'add_ln54' <Predicate = true> <Delay = 0.70> <CoreInst = "Adder">   --->   Core 1 'Adder' <Latency = 0> <II = 1> <Delay = 0.70> <FuncUnit> <Opcode : 'add' 'sub'> <InPorts = 2> <OutPorts = 1>
ST_3 : Operation 535 [1/1] (0.00ns)   --->   "%br_ln54 = br i1 %icmp_ln54, void %VITIS_LOOP_63_3.split, void %for.inc26" [flood_HLS_base.cpp:54]   --->   Operation 535 'br' 'br_ln54' <Predicate = true> <Delay = 0.00>
ST_3 : Operation 536 [1/1] (0.00ns)   --->   "%zext_ln58 = zext i6 %col_pos" [flood_HLS_base.cpp:58]   --->   Operation 536 'zext' 'zext_ln58' <Predicate = (!icmp_ln54)> <Delay = 0.00>
ST_3 : Operation 537 [1/1] (0.74ns)   --->   "%add_ln58 = add i12 %phi_mul_load, i12 %zext_ln58" [flood_HLS_base.cpp:58]   --->   Operation 537 'add' 'add_ln58' <Predicate = (!icmp_ln54)> <Delay = 0.74> <CoreInst = "Adder">   --->   Core 1 'Adder' <Latency = 0> <II = 1> <Delay = 0.74> <FuncUnit> <Opcode : 'add' 'sub'> <InPorts = 2> <OutPorts = 1>
ST_3 : Operation 538 [1/1] (0.00ns)   --->   "%zext_ln58_1 = zext i12 %add_ln58" [flood_HLS_base.cpp:58]   --->   Operation 538 'zext' 'zext_ln58_1' <Predicate = (!icmp_ln54)> <Delay = 0.00>
ST_3 : Operation 539 [1/1] (0.00ns)   --->   "%water_level_addr = getelementptr i32 %water_level, i64 0, i64 %zext_ln58_1" [flood_HLS_base.cpp:58]   --->   Operation 539 'getelementptr' 'water_level_addr' <Predicate = (!icmp_ln54)> <Delay = 0.00>
ST_3 : Operation 540 [1/1] (0.00ns)   --->   "%spillage_flag_addr = getelementptr i32 %spillage_flag, i64 0, i64 %zext_ln58_1" [flood_HLS_base.cpp:59]   --->   Operation 540 'getelementptr' 'spillage_flag_addr' <Predicate = (!icmp_ln54)> <Delay = 0.00>
ST_3 : Operation 541 [1/1] (0.00ns)   --->   "%spillage_level_addr = getelementptr i32 %spillage_level, i64 0, i64 %zext_ln58_1" [flood_HLS_base.cpp:60]   --->   Operation 541 'getelementptr' 'spillage_level_addr' <Predicate = (!icmp_ln54)> <Delay = 0.00>
ST_3 : Operation 542 [1/1] (0.00ns)   --->   "%tmp_56 = bitconcatenate i14 @_ssdm_op_BitConcatenate.i14.i12.i2, i12 %add_ln58, i2 0" [flood_HLS_base.cpp:64]   --->   Operation 542 'bitconcatenate' 'tmp_56' <Predicate = (!icmp_ln54)> <Delay = 0.00>
ST_3 : Operation 543 [1/1] (0.00ns)   --->   "%speclooptripcount_ln52 = speclooptripcount void @_ssdm_op_SpecLoopTripCount, i64 50, i64 50, i64 50" [flood_HLS_base.cpp:52]   --->   Operation 543 'speclooptripcount' 'speclooptripcount_ln52' <Predicate = (!icmp_ln54)> <Delay = 0.00>
ST_3 : Operation 544 [1/1] (0.00ns)   --->   "%specloopname_ln54 = specloopname void @_ssdm_op_SpecLoopName, void @empty_0" [flood_HLS_base.cpp:54]   --->   Operation 544 'specloopname' 'specloopname_ln54' <Predicate = (!icmp_ln54)> <Delay = 0.00>
ST_3 : Operation 545 [1/1] (1.64ns)   --->   "%store_ln58 = store i32 0, i12 %water_level_addr" [flood_HLS_base.cpp:58]   --->   Operation 545 'store' 'store_ln58' <Predicate = (!icmp_ln54)> <Delay = 1.64> <CoreInst = "RAM">   --->   Core 82 'RAM' <Latency = 1> <II = 1> <Delay = 1.64> <Storage> <Opcode : 'load' 'store'> <Ports = 2> <Width = 32> <Depth = 2500> <RAM>
ST_3 : Operation 546 [1/1] (1.64ns)   --->   "%store_ln59 = store i32 0, i12 %spillage_flag_addr" [flood_HLS_base.cpp:59]   --->   Operation 546 'store' 'store_ln59' <Predicate = (!icmp_ln54)> <Delay = 1.64> <CoreInst = "RAM">   --->   Core 82 'RAM' <Latency = 1> <II = 1> <Delay = 1.64> <Storage> <Opcode : 'load' 'store'> <Ports = 2> <Width = 32> <Depth = 2500> <RAM>
ST_3 : Operation 547 [1/1] (1.64ns)   --->   "%store_ln60 = store i32 0, i12 %spillage_level_addr" [flood_HLS_base.cpp:60]   --->   Operation 547 'store' 'store_ln60' <Predicate = (!icmp_ln54)> <Delay = 1.64> <CoreInst = "RAM">   --->   Core 82 'RAM' <Latency = 1> <II = 1> <Delay = 1.64> <Storage> <Opcode : 'load' 'store'> <Ports = 2> <Width = 32> <Depth = 2500> <RAM>
ST_3 : Operation 548 [1/1] (0.38ns)   --->   "%br_ln63 = br void %for.inc" [flood_HLS_base.cpp:63]   --->   Operation 548 'br' 'br_ln63' <Predicate = (!icmp_ln54)> <Delay = 0.38>
ST_3 : Operation 549 [1/1] (0.38ns)   --->   "%store_ln52 = store i6 %add_ln53, i6 %row_pos" [flood_HLS_base.cpp:52]   --->   Operation 549 'store' 'store_ln52' <Predicate = (icmp_ln54)> <Delay = 0.38>
ST_3 : Operation 550 [1/1] (0.38ns)   --->   "%store_ln53 = store i12 %add_ln53_1, i12 %phi_mul" [flood_HLS_base.cpp:53]   --->   Operation 550 'store' 'store_ln53' <Predicate = (icmp_ln54)> <Delay = 0.38>
ST_3 : Operation 551 [1/1] (0.00ns)   --->   "%br_ln53 = br void %VITIS_LOOP_54_2" [flood_HLS_base.cpp:53]   --->   Operation 551 'br' 'br_ln53' <Predicate = (icmp_ln54)> <Delay = 0.00>

State 4 <SV = 3> <Delay = 2.01>
ST_4 : Operation 552 [1/1] (0.00ns)   --->   "%depth_pos = phi i3 0, void %VITIS_LOOP_63_3.split, i3 %add_ln63, void %for.inc.split" [flood_HLS_base.cpp:63]   --->   Operation 552 'phi' 'depth_pos' <Predicate = true> <Delay = 0.00>
ST_4 : Operation 553 [1/1] (0.57ns)   --->   "%icmp_ln63 = icmp_eq  i3 %depth_pos, i3 4" [flood_HLS_base.cpp:63]   --->   Operation 553 'icmp' 'icmp_ln63' <Predicate = true> <Delay = 0.57> <CoreInst = "Cmp">   --->   Core 9 'Cmp' <Latency = 0> <II = 1> <Delay = 0.57> <FuncUnit> <Opcode : 'seteq' 'setne' 'setle' 'setge' 'setlt' 'setgt'> <InPorts = 2> <OutPorts = 1>
ST_4 : Operation 554 [1/1] (0.57ns)   --->   "%add_ln63 = add i3 %depth_pos, i3 1" [flood_HLS_base.cpp:63]   --->   Operation 554 'add' 'add_ln63' <Predicate = true> <Delay = 0.57> <CoreInst = "Adder">   --->   Core 1 'Adder' <Latency = 0> <II = 1> <Delay = 0.57> <FuncUnit> <Opcode : 'add' 'sub'> <InPorts = 2> <OutPorts = 1>
ST_4 : Operation 555 [1/1] (0.00ns)   --->   "%br_ln63 = br i1 %icmp_ln63, void %for.inc.split, void %for.inc23" [flood_HLS_base.cpp:63]   --->   Operation 555 'br' 'br_ln63' <Predicate = true> <Delay = 0.00>
ST_4 : Operation 556 [1/1] (0.00ns)   --->   "%zext_ln64 = zext i3 %depth_pos" [flood_HLS_base.cpp:64]   --->   Operation 556 'zext' 'zext_ln64' <Predicate = (!icmp_ln63)> <Delay = 0.00>
ST_4 : Operation 557 [1/1] (0.76ns)   --->   "%add_ln64 = add i14 %tmp_56, i14 %zext_ln64" [flood_HLS_base.cpp:64]   --->   Operation 557 'add' 'add_ln64' <Predicate = (!icmp_ln63)> <Delay = 0.76> <CoreInst = "Adder">   --->   Core 1 'Adder' <Latency = 0> <II = 1> <Delay = 0.76> <FuncUnit> <Opcode : 'add' 'sub'> <InPorts = 2> <OutPorts = 1>
ST_4 : Operation 558 [1/1] (0.00ns)   --->   "%zext_ln64_1 = zext i14 %add_ln64" [flood_HLS_base.cpp:64]   --->   Operation 558 'zext' 'zext_ln64_1' <Predicate = (!icmp_ln63)> <Delay = 0.00>
ST_4 : Operation 559 [1/1] (0.00ns)   --->   "%spillage_from_neigh_addr = getelementptr i32 %spillage_from_neigh, i64 0, i64 %zext_ln64_1" [flood_HLS_base.cpp:64]   --->   Operation 559 'getelementptr' 'spillage_from_neigh_addr' <Predicate = (!icmp_ln63)> <Delay = 0.00>
ST_4 : Operation 560 [1/1] (0.00ns)   --->   "%speclooptripcount_ln52 = speclooptripcount void @_ssdm_op_SpecLoopTripCount, i64 4, i64 4, i64 4" [flood_HLS_base.cpp:52]   --->   Operation 560 'speclooptripcount' 'speclooptripcount_ln52' <Predicate = (!icmp_ln63)> <Delay = 0.00>
ST_4 : Operation 561 [1/1] (0.00ns)   --->   "%specloopname_ln63 = specloopname void @_ssdm_op_SpecLoopName, void @empty_1" [flood_HLS_base.cpp:63]   --->   Operation 561 'specloopname' 'specloopname_ln63' <Predicate = (!icmp_ln63)> <Delay = 0.00>
ST_4 : Operation 562 [1/1] (1.24ns)   --->   "%store_ln64 = store i32 0, i14 %spillage_from_neigh_addr" [flood_HLS_base.cpp:64]   --->   Operation 562 'store' 'store_ln64' <Predicate = (!icmp_ln63)> <Delay = 1.24> <CoreInst = "RAM">   --->   Core 82 'RAM' <Latency = 1> <II = 1> <Delay = 1.24> <Storage> <Opcode : 'load' 'store'> <Ports = 2> <Width = 32> <Depth = 10000> <RAM>
ST_4 : Operation 563 [1/1] (0.00ns)   --->   "%br_ln63 = br void %for.inc" [flood_HLS_base.cpp:63]   --->   Operation 563 'br' 'br_ln63' <Predicate = (!icmp_ln63)> <Delay = 0.00>
ST_4 : Operation 564 [1/1] (0.00ns)   --->   "%br_ln54 = br void %VITIS_LOOP_63_3" [flood_HLS_base.cpp:54]   --->   Operation 564 'br' 'br_ln54' <Predicate = (icmp_ln63)> <Delay = 0.00>

State 5 <SV = 2> <Delay = 2.34>
ST_5 : Operation 565 [6/7] (2.34ns)   --->   "%add = fadd i32 %bitcast_ln27, i32 1" [flood_HLS_base.cpp:27]   --->   Operation 565 'fadd' 'add' <Predicate = true> <Delay = 2.34> <CoreInst = "FAddSub_fulldsp">   --->   Core 18 'FAddSub_fulldsp' <Latency = 6> <II = 1> <Delay = 2.34> <FuncUnit> <Opcode : 'fadd' 'fsub'> <InPorts = 2> <OutPorts = 1>

State 6 <SV = 3> <Delay = 2.34>
ST_6 : Operation 566 [5/7] (2.34ns)   --->   "%add = fadd i32 %bitcast_ln27, i32 1" [flood_HLS_base.cpp:27]   --->   Operation 566 'fadd' 'add' <Predicate = true> <Delay = 2.34> <CoreInst = "FAddSub_fulldsp">   --->   Core 18 'FAddSub_fulldsp' <Latency = 6> <II = 1> <Delay = 2.34> <FuncUnit> <Opcode : 'fadd' 'fsub'> <InPorts = 2> <OutPorts = 1>

State 7 <SV = 4> <Delay = 2.34>
ST_7 : Operation 567 [4/7] (2.34ns)   --->   "%add = fadd i32 %bitcast_ln27, i32 1" [flood_HLS_base.cpp:27]   --->   Operation 567 'fadd' 'add' <Predicate = true> <Delay = 2.34> <CoreInst = "FAddSub_fulldsp">   --->   Core 18 'FAddSub_fulldsp' <Latency = 6> <II = 1> <Delay = 2.34> <FuncUnit> <Opcode : 'fadd' 'fsub'> <InPorts = 2> <OutPorts = 1>

State 8 <SV = 5> <Delay = 2.34>
ST_8 : Operation 568 [3/7] (2.34ns)   --->   "%add = fadd i32 %bitcast_ln27, i32 1" [flood_HLS_base.cpp:27]   --->   Operation 568 'fadd' 'add' <Predicate = true> <Delay = 2.34> <CoreInst = "FAddSub_fulldsp">   --->   Core 18 'FAddSub_fulldsp' <Latency = 6> <II = 1> <Delay = 2.34> <FuncUnit> <Opcode : 'fadd' 'fsub'> <InPorts = 2> <OutPorts = 1>

State 9 <SV = 6> <Delay = 2.34>
ST_9 : Operation 569 [2/7] (2.34ns)   --->   "%add = fadd i32 %bitcast_ln27, i32 1" [flood_HLS_base.cpp:27]   --->   Operation 569 'fadd' 'add' <Predicate = true> <Delay = 2.34> <CoreInst = "FAddSub_fulldsp">   --->   Core 18 'FAddSub_fulldsp' <Latency = 6> <II = 1> <Delay = 2.34> <FuncUnit> <Opcode : 'fadd' 'fsub'> <InPorts = 2> <OutPorts = 1>

State 10 <SV = 7> <Delay = 2.34>
ST_10 : Operation 570 [1/7] (2.34ns)   --->   "%add = fadd i32 %bitcast_ln27, i32 1" [flood_HLS_base.cpp:27]   --->   Operation 570 'fadd' 'add' <Predicate = true> <Delay = 2.34> <CoreInst = "FAddSub_fulldsp">   --->   Core 18 'FAddSub_fulldsp' <Latency = 6> <II = 1> <Delay = 2.34> <FuncUnit> <Opcode : 'fadd' 'fsub'> <InPorts = 2> <OutPorts = 1>

State 11 <SV = 8> <Delay = 1.54>
ST_11 : Operation 571 [2/2] (1.54ns)   --->   "%max_spillage_iter = fpext i32 %add" [flood_HLS_base.cpp:27]   --->   Operation 571 'fpext' 'max_spillage_iter' <Predicate = true> <Delay = 1.54> <CoreInst = "Float2Double">   --->   Core 64 'Float2Double' <Latency = 1> <II = 1> <Delay = 1.54> <FuncUnit> <Opcode : 'fpext'> <InPorts = 1> <OutPorts = 1>
ST_11 : Operation 572 [2/2] (1.54ns)   --->   "%conv = fpext i32 %bitcast_ln27" [flood_HLS_base.cpp:27]   --->   Operation 572 'fpext' 'conv' <Predicate = true> <Delay = 1.54> <CoreInst = "Float2Double">   --->   Core 64 'Float2Double' <Latency = 1> <II = 1> <Delay = 1.54> <FuncUnit> <Opcode : 'fpext'> <InPorts = 1> <OutPorts = 1>

State 12 <SV = 9> <Delay = 2.64>
ST_12 : Operation 573 [1/2] (1.54ns)   --->   "%max_spillage_iter = fpext i32 %add" [flood_HLS_base.cpp:27]   --->   Operation 573 'fpext' 'max_spillage_iter' <Predicate = true> <Delay = 1.54> <CoreInst = "Float2Double">   --->   Core 64 'Float2Double' <Latency = 1> <II = 1> <Delay = 1.54> <FuncUnit> <Opcode : 'fpext'> <InPorts = 1> <OutPorts = 1>
ST_12 : Operation 574 [1/1] (0.00ns)   --->   "%p_num_minutes_read = read i32 @_ssdm_op_Read.ap_auto.i32P0A, i32 %p_num_minutes"   --->   Operation 574 'read' 'p_num_minutes_read' <Predicate = true> <Delay = 0.00>
ST_12 : Operation 575 [1/2] (1.54ns)   --->   "%conv = fpext i32 %bitcast_ln27" [flood_HLS_base.cpp:27]   --->   Operation 575 'fpext' 'conv' <Predicate = true> <Delay = 1.54> <CoreInst = "Float2Double">   --->   Core 64 'Float2Double' <Latency = 1> <II = 1> <Delay = 1.54> <FuncUnit> <Opcode : 'fpext'> <InPorts = 1> <OutPorts = 1>
ST_12 : Operation 576 [1/1] (0.00ns)   --->   "%bitcast_ln70_1 = bitcast i64 %conv" [flood_HLS_base.cpp:70]   --->   Operation 576 'bitcast' 'bitcast_ln70_1' <Predicate = true> <Delay = 0.00>
ST_12 : Operation 577 [1/1] (0.00ns)   --->   "%tmp_8 = partselect i11 @_ssdm_op_PartSelect.i11.i64.i32.i32, i64 %bitcast_ln70_1, i32 52, i32 62" [flood_HLS_base.cpp:70]   --->   Operation 577 'partselect' 'tmp_8' <Predicate = true> <Delay = 0.00>
ST_12 : Operation 578 [1/1] (0.00ns)   --->   "%trunc_ln70 = trunc i64 %bitcast_ln70_1" [flood_HLS_base.cpp:70]   --->   Operation 578 'trunc' 'trunc_ln70' <Predicate = true> <Delay = 0.00>
ST_12 : Operation 579 [1/1] (0.73ns)   --->   "%icmp_ln70_3 = icmp_ne  i11 %tmp_8, i11 2047" [flood_HLS_base.cpp:70]   --->   Operation 579 'icmp' 'icmp_ln70_3' <Predicate = true> <Delay = 0.73> <CoreInst = "Cmp">   --->   Core 9 'Cmp' <Latency = 0> <II = 1> <Delay = 0.73> <FuncUnit> <Opcode : 'seteq' 'setne' 'setle' 'setge' 'setlt' 'setgt'> <InPorts = 2> <OutPorts = 1>
ST_12 : Operation 580 [1/1] (0.98ns)   --->   "%icmp_ln70_4 = icmp_eq  i52 %trunc_ln70, i52 0" [flood_HLS_base.cpp:70]   --->   Operation 580 'icmp' 'icmp_ln70_4' <Predicate = true> <Delay = 0.98> <CoreInst = "Cmp">   --->   Core 9 'Cmp' <Latency = 0> <II = 1> <Delay = 0.98> <FuncUnit> <Opcode : 'seteq' 'setne' 'setle' 'setge' 'setlt' 'setgt'> <InPorts = 2> <OutPorts = 1>
ST_12 : Operation 581 [1/1] (0.12ns)   --->   "%or_ln70_1 = or i1 %icmp_ln70_4, i1 %icmp_ln70_3" [flood_HLS_base.cpp:70]   --->   Operation 581 'or' 'or_ln70_1' <Predicate = true> <Delay = 0.12> <CoreInst = "LogicGate">   --->   Core 74 'LogicGate' <Latency = 0> <II = 1> <Delay = 0.12> <FuncUnit> <Opcode : 'and' 'or' 'xor'> <InPorts = 2> <OutPorts = 1>
ST_12 : Operation 582 [1/1] (0.38ns)   --->   "%store_ln27 = store i64 %max_spillage_iter, i64 %max_spillage_iter_1" [flood_HLS_base.cpp:27]   --->   Operation 582 'store' 'store_ln27' <Predicate = true> <Delay = 0.38>
ST_12 : Operation 583 [1/1] (0.00ns)   --->   "%br_ln70 = br void %for.cond29" [flood_HLS_base.cpp:70]   --->   Operation 583 'br' 'br_ln70' <Predicate = true> <Delay = 0.00>

State 13 <SV = 10> <Delay = 2.01>
ST_13 : Operation 584 [1/1] (0.00ns)   --->   "%max_spillage_iter_7 = load i64 %max_spillage_iter_1" [flood_HLS_base.cpp:70]   --->   Operation 584 'load' 'max_spillage_iter_7' <Predicate = true> <Delay = 0.00>
ST_13 : Operation 585 [1/1] (0.00ns)   --->   "%bitcast_ln70 = bitcast i64 %max_spillage_iter_7" [flood_HLS_base.cpp:70]   --->   Operation 585 'bitcast' 'bitcast_ln70' <Predicate = true> <Delay = 0.00>
ST_13 : Operation 586 [1/1] (0.00ns)   --->   "%tmp_7 = partselect i11 @_ssdm_op_PartSelect.i11.i64.i32.i32, i64 %bitcast_ln70, i32 52, i32 62" [flood_HLS_base.cpp:70]   --->   Operation 586 'partselect' 'tmp_7' <Predicate = true> <Delay = 0.00>
ST_13 : Operation 587 [1/1] (0.00ns)   --->   "%trunc_ln70_1 = trunc i64 %bitcast_ln70" [flood_HLS_base.cpp:70]   --->   Operation 587 'trunc' 'trunc_ln70_1' <Predicate = true> <Delay = 0.00>
ST_13 : Operation 588 [1/1] (0.73ns)   --->   "%icmp_ln70_1 = icmp_ne  i11 %tmp_7, i11 2047" [flood_HLS_base.cpp:70]   --->   Operation 588 'icmp' 'icmp_ln70_1' <Predicate = true> <Delay = 0.73> <CoreInst = "Cmp">   --->   Core 9 'Cmp' <Latency = 0> <II = 1> <Delay = 0.73> <FuncUnit> <Opcode : 'seteq' 'setne' 'setle' 'setge' 'setlt' 'setgt'> <InPorts = 2> <OutPorts = 1>
ST_13 : Operation 589 [1/1] (0.98ns)   --->   "%icmp_ln70_2 = icmp_eq  i52 %trunc_ln70_1, i52 0" [flood_HLS_base.cpp:70]   --->   Operation 589 'icmp' 'icmp_ln70_2' <Predicate = true> <Delay = 0.98> <CoreInst = "Cmp">   --->   Core 9 'Cmp' <Latency = 0> <II = 1> <Delay = 0.98> <FuncUnit> <Opcode : 'seteq' 'setne' 'setle' 'setge' 'setlt' 'setgt'> <InPorts = 2> <OutPorts = 1>
ST_13 : Operation 590 [2/2] (2.01ns)   --->   "%tmp_9 = fcmp_ogt  i64 %max_spillage_iter_7, i64 %conv" [flood_HLS_base.cpp:70]   --->   Operation 590 'dcmp' 'tmp_9' <Predicate = true> <Delay = 2.01> <CoreInst = "DCompare">   --->   Core 38 'DCompare' <Latency = 1> <II = 1> <Delay = 2.01> <FuncUnit> <Opcode : 'dcmp'> <InPorts = 2> <OutPorts = 1>

State 14 <SV = 11> <Delay = 2.52>
ST_14 : Operation 591 [1/1] (0.00ns)   --->   "%p_load117 = load i31 %empty" [flood_HLS_base.cpp:70]   --->   Operation 591 'load' 'p_load117' <Predicate = true> <Delay = 0.00>
ST_14 : Operation 592 [1/1] (0.00ns)   --->   "%p_load = load i416 %empty_78" [flood_HLS_base.cpp:253]   --->   Operation 592 'load' 'p_load' <Predicate = true> <Delay = 0.00>
ST_14 : Operation 593 [1/1] (0.00ns)   --->   "%zext_ln27 = zext i31 %p_load117" [flood_HLS_base.cpp:27]   --->   Operation 593 'zext' 'zext_ln27' <Predicate = true> <Delay = 0.00>
ST_14 : Operation 594 [1/1] (0.88ns)   --->   "%icmp_ln70 = icmp_slt  i32 %zext_ln27, i32 %p_num_minutes_read" [flood_HLS_base.cpp:70]   --->   Operation 594 'icmp' 'icmp_ln70' <Predicate = true> <Delay = 0.88> <CoreInst = "Cmp">   --->   Core 9 'Cmp' <Latency = 0> <II = 1> <Delay = 0.88> <FuncUnit> <Opcode : 'seteq' 'setne' 'setle' 'setge' 'setlt' 'setgt'> <InPorts = 2> <OutPorts = 1>
ST_14 : Operation 595 [1/1] (0.00ns) (grouped into LUT with out node and_ln70_1)   --->   "%or_ln70 = or i1 %icmp_ln70_2, i1 %icmp_ln70_1" [flood_HLS_base.cpp:70]   --->   Operation 595 'or' 'or_ln70' <Predicate = true> <Delay = 0.00> <CoreInst = "LogicGate">   --->   Core 74 'LogicGate' <Latency = 0> <II = 1> <Delay = 0.12> <FuncUnit> <Opcode : 'and' 'or' 'xor'> <InPorts = 2> <OutPorts = 1>
ST_14 : Operation 596 [1/1] (0.00ns) (grouped into LUT with out node and_ln70_1)   --->   "%and_ln70 = and i1 %or_ln70, i1 %or_ln70_1" [flood_HLS_base.cpp:70]   --->   Operation 596 'and' 'and_ln70' <Predicate = true> <Delay = 0.00> <CoreInst = "LogicGate">   --->   Core 74 'LogicGate' <Latency = 0> <II = 1> <Delay = 0.12> <FuncUnit> <Opcode : 'and' 'or' 'xor'> <InPorts = 2> <OutPorts = 1>
ST_14 : Operation 597 [1/2] (2.01ns)   --->   "%tmp_9 = fcmp_ogt  i64 %max_spillage_iter_7, i64 %conv" [flood_HLS_base.cpp:70]   --->   Operation 597 'dcmp' 'tmp_9' <Predicate = true> <Delay = 2.01> <CoreInst = "DCompare">   --->   Core 38 'DCompare' <Latency = 1> <II = 1> <Delay = 2.01> <FuncUnit> <Opcode : 'dcmp'> <InPorts = 2> <OutPorts = 1>
ST_14 : Operation 598 [1/1] (0.00ns) (grouped into LUT with out node and_ln70_1)   --->   "%and_ln70_2 = and i1 %and_ln70, i1 %tmp_9" [flood_HLS_base.cpp:70]   --->   Operation 598 'and' 'and_ln70_2' <Predicate = true> <Delay = 0.00> <CoreInst = "LogicGate">   --->   Core 74 'LogicGate' <Latency = 0> <II = 1> <Delay = 0.12> <FuncUnit> <Opcode : 'and' 'or' 'xor'> <InPorts = 2> <OutPorts = 1>
ST_14 : Operation 599 [1/1] (0.12ns) (out node of the LUT)   --->   "%and_ln70_1 = and i1 %icmp_ln70, i1 %and_ln70_2" [flood_HLS_base.cpp:70]   --->   Operation 599 'and' 'and_ln70_1' <Predicate = true> <Delay = 0.12> <CoreInst = "LogicGate">   --->   Core 74 'LogicGate' <Latency = 0> <II = 1> <Delay = 0.12> <FuncUnit> <Opcode : 'and' 'or' 'xor'> <InPorts = 2> <OutPorts = 1>
ST_14 : Operation 600 [1/1] (0.87ns)   --->   "%add_ln70 = add i31 %p_load117, i31 1" [flood_HLS_base.cpp:70]   --->   Operation 600 'add' 'add_ln70' <Predicate = true> <Delay = 0.87> <CoreInst = "Adder">   --->   Core 1 'Adder' <Latency = 0> <II = 1> <Delay = 0.87> <FuncUnit> <Opcode : 'add' 'sub'> <InPorts = 2> <OutPorts = 1>
ST_14 : Operation 601 [1/1] (0.00ns)   --->   "%br_ln70 = br i1 %and_ln70_1, void %for.end522, void %VITIS_LOOP_76_5" [flood_HLS_base.cpp:70]   --->   Operation 601 'br' 'br_ln70' <Predicate = true> <Delay = 0.00>
ST_14 : Operation 602 [1/1] (0.00ns)   --->   "%specloopname_ln70 = specloopname void @_ssdm_op_SpecLoopName, void @empty_2" [flood_HLS_base.cpp:70]   --->   Operation 602 'specloopname' 'specloopname_ln70' <Predicate = (and_ln70_1)> <Delay = 0.00>
ST_14 : Operation 603 [1/1] (0.38ns)   --->   "%br_ln76 = br void %for.inc53" [flood_HLS_base.cpp:76]   --->   Operation 603 'br' 'br_ln76' <Predicate = (and_ln70_1)> <Delay = 0.38>
ST_14 : Operation 604 [1/1] (0.00ns)   --->   "%phi_mul18 = alloca i32 1"   --->   Operation 604 'alloca' 'phi_mul18' <Predicate = (!and_ln70_1)> <Delay = 0.00>
ST_14 : Operation 605 [1/1] (0.00ns)   --->   "%row_pos_1 = alloca i32 1" [flood_HLS_base.cpp:52]   --->   Operation 605 'alloca' 'row_pos_1' <Predicate = (!and_ln70_1)> <Delay = 0.00>
ST_14 : Operation 606 [1/1] (0.00ns)   --->   "%empty_96 = alloca i32 1"   --->   Operation 606 'alloca' 'empty_96' <Predicate = (!and_ln70_1)> <Delay = 0.00>
ST_14 : Operation 607 [1/1] (0.00ns)   --->   "%add551_lcssa26 = alloca i32 1"   --->   Operation 607 'alloca' 'add551_lcssa26' <Predicate = (!and_ln70_1)> <Delay = 0.00>
ST_14 : Operation 608 [1/1] (0.00ns)   --->   "%tmp_48 = partselect i128 @_ssdm_op_PartSelect.i128.i416.i32.i32, i416 %p_load, i32 288, i32 415" [flood_HLS_base.cpp:213]   --->   Operation 608 'partselect' 'tmp_48' <Predicate = (!and_ln70_1)> <Delay = 0.00>
ST_14 : Operation 609 [1/1] (0.00ns)   --->   "%tmp_55 = partselect i160 @_ssdm_op_PartSelect.i160.i416.i32.i32, i416 %p_load, i32 64, i32 223" [flood_HLS_base.cpp:213]   --->   Operation 609 'partselect' 'tmp_55' <Predicate = (!and_ln70_1)> <Delay = 0.00>
ST_14 : Operation 610 [1/1] (0.00ns)   --->   "%trunc_ln1 = partselect i64 @_ssdm_op_PartSelect.i64.i416.i32.i32, i416 %p_load, i32 224, i32 287" [flood_HLS_base.cpp:253]   --->   Operation 610 'partselect' 'trunc_ln1' <Predicate = (!and_ln70_1)> <Delay = 0.00>
ST_14 : Operation 611 [1/1] (0.38ns)   --->   "%store_ln253 = store i64 %trunc_ln1, i64 %add551_lcssa26" [flood_HLS_base.cpp:253]   --->   Operation 611 'store' 'store_ln253' <Predicate = (!and_ln70_1)> <Delay = 0.38>
ST_14 : Operation 612 [1/1] (0.38ns)   --->   "%store_ln0 = store i32 0, i32 %empty_96"   --->   Operation 612 'store' 'store_ln0' <Predicate = (!and_ln70_1)> <Delay = 0.38>
ST_14 : Operation 613 [1/1] (0.38ns)   --->   "%store_ln52 = store i6 0, i6 %row_pos_1" [flood_HLS_base.cpp:52]   --->   Operation 613 'store' 'store_ln52' <Predicate = (!and_ln70_1)> <Delay = 0.38>
ST_14 : Operation 614 [1/1] (0.38ns)   --->   "%store_ln0 = store i12 0, i12 %phi_mul18"   --->   Operation 614 'store' 'store_ln0' <Predicate = (!and_ln70_1)> <Delay = 0.38>
ST_14 : Operation 615 [1/1] (0.00ns)   --->   "%br_ln249 = br void %VITIS_LOOP_250_17" [flood_HLS_base.cpp:249]   --->   Operation 615 'br' 'br_ln249' <Predicate = (!and_ln70_1)> <Delay = 0.00>

State 15 <SV = 12> <Delay = 0.95>
ST_15 : Operation 616 [1/1] (0.00ns)   --->   "%cloud = phi i3 0, void %VITIS_LOOP_76_5, i3 %add_ln76, void %for.inc53.split" [flood_HLS_base.cpp:76]   --->   Operation 616 'phi' 'cloud' <Predicate = true> <Delay = 0.00>
ST_15 : Operation 617 [1/1] (0.57ns)   --->   "%icmp_ln76 = icmp_eq  i3 %cloud, i3 7" [flood_HLS_base.cpp:76]   --->   Operation 617 'icmp' 'icmp_ln76' <Predicate = true> <Delay = 0.57> <CoreInst = "Cmp">   --->   Core 9 'Cmp' <Latency = 0> <II = 1> <Delay = 0.57> <FuncUnit> <Opcode : 'seteq' 'setne' 'setle' 'setge' 'setlt' 'setgt'> <InPorts = 2> <OutPorts = 1>
ST_15 : Operation 618 [1/1] (0.57ns)   --->   "%add_ln76 = add i3 %cloud, i3 1" [flood_HLS_base.cpp:76]   --->   Operation 618 'add' 'add_ln76' <Predicate = true> <Delay = 0.57> <CoreInst = "Adder">   --->   Core 1 'Adder' <Latency = 0> <II = 1> <Delay = 0.57> <FuncUnit> <Opcode : 'add' 'sub'> <InPorts = 2> <OutPorts = 1>
ST_15 : Operation 619 [1/1] (0.00ns)   --->   "%br_ln76 = br i1 %icmp_ln76, void %for.inc53.split, void %for.body60.preheader" [flood_HLS_base.cpp:76]   --->   Operation 619 'br' 'br_ln76' <Predicate = true> <Delay = 0.00>
ST_15 : Operation 620 [1/1] (0.00ns)   --->   "%zext_ln76 = zext i3 %cloud" [flood_HLS_base.cpp:76]   --->   Operation 620 'zext' 'zext_ln76' <Predicate = (!icmp_ln76)> <Delay = 0.00>
ST_15 : Operation 621 [1/1] (0.00ns)   --->   "%p_clouds_addr = getelementptr i224 %p_clouds, i64 0, i64 %zext_ln76" [flood_HLS_base.cpp:78]   --->   Operation 621 'getelementptr' 'p_clouds_addr' <Predicate = (!icmp_ln76)> <Delay = 0.00>
ST_15 : Operation 622 [2/2] (0.74ns)   --->   "%p_clouds_load = load i3 %p_clouds_addr" [flood_HLS_base.cpp:78]   --->   Operation 622 'load' 'p_clouds_load' <Predicate = (!icmp_ln76)> <Delay = 0.74> <CoreInst = "RAM">   --->   Core 82 'RAM' <Latency = 1> <II = 1> <Delay = 0.74> <Storage> <Opcode : 'load' 'store'> <Ports = 2> <Width = 224> <Depth = 7> <RAM>
ST_15 : Operation 623 [1/1] (0.00ns)   --->   "%p_ex_factor_read = read i32 @_ssdm_op_Read.ap_auto.i32P0A, i32 %p_ex_factor" [flood_HLS_base.cpp:98]   --->   Operation 623 'read' 'p_ex_factor_read' <Predicate = (icmp_ln76)> <Delay = 0.00>
ST_15 : Operation 624 [1/1] (0.00ns)   --->   "%bitcast_ln98 = bitcast i32 %p_ex_factor_read" [flood_HLS_base.cpp:98]   --->   Operation 624 'bitcast' 'bitcast_ln98' <Predicate = (icmp_ln76)> <Delay = 0.00>
ST_15 : Operation 625 [1/1] (0.38ns)   --->   "%br_ln83 = br void %for.body60" [flood_HLS_base.cpp:83]   --->   Operation 625 'br' 'br_ln83' <Predicate = (icmp_ln76)> <Delay = 0.38>

State 16 <SV = 13> <Delay = 0.74>
ST_16 : Operation 626 [1/2] (0.74ns)   --->   "%p_clouds_load = load i3 %p_clouds_addr" [flood_HLS_base.cpp:78]   --->   Operation 626 'load' 'p_clouds_load' <Predicate = true> <Delay = 0.74> <CoreInst = "RAM">   --->   Core 82 'RAM' <Latency = 1> <II = 1> <Delay = 0.74> <Storage> <Opcode : 'load' 'store'> <Ports = 2> <Width = 224> <Depth = 7> <RAM>
ST_16 : Operation 627 [1/1] (0.00ns)   --->   "%trunc_ln2 = partselect i32 @_ssdm_op_PartSelect.i32.i224.i32.i32, i224 %p_clouds_load, i32 128, i32 159" [flood_HLS_base.cpp:78]   --->   Operation 627 'partselect' 'trunc_ln2' <Predicate = true> <Delay = 0.00>
ST_16 : Operation 628 [1/1] (0.00ns)   --->   "%trunc_ln78 = trunc i224 %p_clouds_load" [flood_HLS_base.cpp:78]   --->   Operation 628 'trunc' 'trunc_ln78' <Predicate = true> <Delay = 0.00>
ST_16 : Operation 629 [1/1] (0.00ns)   --->   "%trunc_ln3 = partselect i32 @_ssdm_op_PartSelect.i32.i224.i32.i32, i224 %p_clouds_load, i32 160, i32 191" [flood_HLS_base.cpp:79]   --->   Operation 629 'partselect' 'trunc_ln3' <Predicate = true> <Delay = 0.00>
ST_16 : Operation 630 [1/1] (0.00ns)   --->   "%trunc_ln79_1 = partselect i32 @_ssdm_op_PartSelect.i32.i224.i32.i32, i224 %p_clouds_load, i32 32, i32 63" [flood_HLS_base.cpp:79]   --->   Operation 630 'partselect' 'trunc_ln79_1' <Predicate = true> <Delay = 0.00>
ST_16 : Operation 631 [1/1] (0.00ns)   --->   "%tmp_57 = partselect i160 @_ssdm_op_PartSelect.i160.i224.i32.i32, i224 %p_clouds_load, i32 64, i32 223" [flood_HLS_base.cpp:79]   --->   Operation 631 'partselect' 'tmp_57' <Predicate = true> <Delay = 0.00>

State 17 <SV = 14> <Delay = 2.32>
ST_17 : Operation 632 [1/1] (0.00ns)   --->   "%bitcast_ln78 = bitcast i32 %trunc_ln2" [flood_HLS_base.cpp:78]   --->   Operation 632 'bitcast' 'bitcast_ln78' <Predicate = true> <Delay = 0.00>
ST_17 : Operation 633 [12/12] (2.32ns)   --->   "%div = fdiv i32 %bitcast_ln78, i32 60" [flood_HLS_base.cpp:78]   --->   Operation 633 'fdiv' 'div' <Predicate = true> <Delay = 2.32> <CoreInst = "FDiv">   --->   Core 20 'FDiv' <Latency = 11> <II = 1> <Delay = 2.32> <FuncUnit> <Opcode : 'fdiv' 'frem'> <InPorts = 2> <OutPorts = 1>
ST_17 : Operation 634 [1/1] (0.00ns)   --->   "%bitcast_ln79 = bitcast i32 %trunc_ln3" [flood_HLS_base.cpp:79]   --->   Operation 634 'bitcast' 'bitcast_ln79' <Predicate = true> <Delay = 0.00>
ST_17 : Operation 635 [12/12] (2.32ns)   --->   "%div1 = fdiv i32 %bitcast_ln79, i32 60" [flood_HLS_base.cpp:79]   --->   Operation 635 'fdiv' 'div1' <Predicate = true> <Delay = 2.32> <CoreInst = "FDiv">   --->   Core 20 'FDiv' <Latency = 11> <II = 1> <Delay = 2.32> <FuncUnit> <Opcode : 'fdiv' 'frem'> <InPorts = 2> <OutPorts = 1>

State 18 <SV = 15> <Delay = 2.32>
ST_18 : Operation 636 [11/12] (2.32ns)   --->   "%div = fdiv i32 %bitcast_ln78, i32 60" [flood_HLS_base.cpp:78]   --->   Operation 636 'fdiv' 'div' <Predicate = true> <Delay = 2.32> <CoreInst = "FDiv">   --->   Core 20 'FDiv' <Latency = 11> <II = 1> <Delay = 2.32> <FuncUnit> <Opcode : 'fdiv' 'frem'> <InPorts = 2> <OutPorts = 1>
ST_18 : Operation 637 [11/12] (2.32ns)   --->   "%div1 = fdiv i32 %bitcast_ln79, i32 60" [flood_HLS_base.cpp:79]   --->   Operation 637 'fdiv' 'div1' <Predicate = true> <Delay = 2.32> <CoreInst = "FDiv">   --->   Core 20 'FDiv' <Latency = 11> <II = 1> <Delay = 2.32> <FuncUnit> <Opcode : 'fdiv' 'frem'> <InPorts = 2> <OutPorts = 1>

State 19 <SV = 16> <Delay = 2.32>
ST_19 : Operation 638 [10/12] (2.32ns)   --->   "%div = fdiv i32 %bitcast_ln78, i32 60" [flood_HLS_base.cpp:78]   --->   Operation 638 'fdiv' 'div' <Predicate = true> <Delay = 2.32> <CoreInst = "FDiv">   --->   Core 20 'FDiv' <Latency = 11> <II = 1> <Delay = 2.32> <FuncUnit> <Opcode : 'fdiv' 'frem'> <InPorts = 2> <OutPorts = 1>
ST_19 : Operation 639 [10/12] (2.32ns)   --->   "%div1 = fdiv i32 %bitcast_ln79, i32 60" [flood_HLS_base.cpp:79]   --->   Operation 639 'fdiv' 'div1' <Predicate = true> <Delay = 2.32> <CoreInst = "FDiv">   --->   Core 20 'FDiv' <Latency = 11> <II = 1> <Delay = 2.32> <FuncUnit> <Opcode : 'fdiv' 'frem'> <InPorts = 2> <OutPorts = 1>

State 20 <SV = 17> <Delay = 2.32>
ST_20 : Operation 640 [9/12] (2.32ns)   --->   "%div = fdiv i32 %bitcast_ln78, i32 60" [flood_HLS_base.cpp:78]   --->   Operation 640 'fdiv' 'div' <Predicate = true> <Delay = 2.32> <CoreInst = "FDiv">   --->   Core 20 'FDiv' <Latency = 11> <II = 1> <Delay = 2.32> <FuncUnit> <Opcode : 'fdiv' 'frem'> <InPorts = 2> <OutPorts = 1>
ST_20 : Operation 641 [9/12] (2.32ns)   --->   "%div1 = fdiv i32 %bitcast_ln79, i32 60" [flood_HLS_base.cpp:79]   --->   Operation 641 'fdiv' 'div1' <Predicate = true> <Delay = 2.32> <CoreInst = "FDiv">   --->   Core 20 'FDiv' <Latency = 11> <II = 1> <Delay = 2.32> <FuncUnit> <Opcode : 'fdiv' 'frem'> <InPorts = 2> <OutPorts = 1>

State 21 <SV = 18> <Delay = 2.32>
ST_21 : Operation 642 [8/12] (2.32ns)   --->   "%div = fdiv i32 %bitcast_ln78, i32 60" [flood_HLS_base.cpp:78]   --->   Operation 642 'fdiv' 'div' <Predicate = true> <Delay = 2.32> <CoreInst = "FDiv">   --->   Core 20 'FDiv' <Latency = 11> <II = 1> <Delay = 2.32> <FuncUnit> <Opcode : 'fdiv' 'frem'> <InPorts = 2> <OutPorts = 1>
ST_21 : Operation 643 [8/12] (2.32ns)   --->   "%div1 = fdiv i32 %bitcast_ln79, i32 60" [flood_HLS_base.cpp:79]   --->   Operation 643 'fdiv' 'div1' <Predicate = true> <Delay = 2.32> <CoreInst = "FDiv">   --->   Core 20 'FDiv' <Latency = 11> <II = 1> <Delay = 2.32> <FuncUnit> <Opcode : 'fdiv' 'frem'> <InPorts = 2> <OutPorts = 1>

State 22 <SV = 19> <Delay = 2.32>
ST_22 : Operation 644 [7/12] (2.32ns)   --->   "%div = fdiv i32 %bitcast_ln78, i32 60" [flood_HLS_base.cpp:78]   --->   Operation 644 'fdiv' 'div' <Predicate = true> <Delay = 2.32> <CoreInst = "FDiv">   --->   Core 20 'FDiv' <Latency = 11> <II = 1> <Delay = 2.32> <FuncUnit> <Opcode : 'fdiv' 'frem'> <InPorts = 2> <OutPorts = 1>
ST_22 : Operation 645 [7/12] (2.32ns)   --->   "%div1 = fdiv i32 %bitcast_ln79, i32 60" [flood_HLS_base.cpp:79]   --->   Operation 645 'fdiv' 'div1' <Predicate = true> <Delay = 2.32> <CoreInst = "FDiv">   --->   Core 20 'FDiv' <Latency = 11> <II = 1> <Delay = 2.32> <FuncUnit> <Opcode : 'fdiv' 'frem'> <InPorts = 2> <OutPorts = 1>

State 23 <SV = 20> <Delay = 2.32>
ST_23 : Operation 646 [6/12] (2.32ns)   --->   "%div = fdiv i32 %bitcast_ln78, i32 60" [flood_HLS_base.cpp:78]   --->   Operation 646 'fdiv' 'div' <Predicate = true> <Delay = 2.32> <CoreInst = "FDiv">   --->   Core 20 'FDiv' <Latency = 11> <II = 1> <Delay = 2.32> <FuncUnit> <Opcode : 'fdiv' 'frem'> <InPorts = 2> <OutPorts = 1>
ST_23 : Operation 647 [6/12] (2.32ns)   --->   "%div1 = fdiv i32 %bitcast_ln79, i32 60" [flood_HLS_base.cpp:79]   --->   Operation 647 'fdiv' 'div1' <Predicate = true> <Delay = 2.32> <CoreInst = "FDiv">   --->   Core 20 'FDiv' <Latency = 11> <II = 1> <Delay = 2.32> <FuncUnit> <Opcode : 'fdiv' 'frem'> <InPorts = 2> <OutPorts = 1>

State 24 <SV = 21> <Delay = 2.32>
ST_24 : Operation 648 [5/12] (2.32ns)   --->   "%div = fdiv i32 %bitcast_ln78, i32 60" [flood_HLS_base.cpp:78]   --->   Operation 648 'fdiv' 'div' <Predicate = true> <Delay = 2.32> <CoreInst = "FDiv">   --->   Core 20 'FDiv' <Latency = 11> <II = 1> <Delay = 2.32> <FuncUnit> <Opcode : 'fdiv' 'frem'> <InPorts = 2> <OutPorts = 1>
ST_24 : Operation 649 [5/12] (2.32ns)   --->   "%div1 = fdiv i32 %bitcast_ln79, i32 60" [flood_HLS_base.cpp:79]   --->   Operation 649 'fdiv' 'div1' <Predicate = true> <Delay = 2.32> <CoreInst = "FDiv">   --->   Core 20 'FDiv' <Latency = 11> <II = 1> <Delay = 2.32> <FuncUnit> <Opcode : 'fdiv' 'frem'> <InPorts = 2> <OutPorts = 1>

State 25 <SV = 22> <Delay = 2.32>
ST_25 : Operation 650 [4/12] (2.32ns)   --->   "%div = fdiv i32 %bitcast_ln78, i32 60" [flood_HLS_base.cpp:78]   --->   Operation 650 'fdiv' 'div' <Predicate = true> <Delay = 2.32> <CoreInst = "FDiv">   --->   Core 20 'FDiv' <Latency = 11> <II = 1> <Delay = 2.32> <FuncUnit> <Opcode : 'fdiv' 'frem'> <InPorts = 2> <OutPorts = 1>
ST_25 : Operation 651 [4/12] (2.32ns)   --->   "%div1 = fdiv i32 %bitcast_ln79, i32 60" [flood_HLS_base.cpp:79]   --->   Operation 651 'fdiv' 'div1' <Predicate = true> <Delay = 2.32> <CoreInst = "FDiv">   --->   Core 20 'FDiv' <Latency = 11> <II = 1> <Delay = 2.32> <FuncUnit> <Opcode : 'fdiv' 'frem'> <InPorts = 2> <OutPorts = 1>

State 26 <SV = 23> <Delay = 2.32>
ST_26 : Operation 652 [3/12] (2.32ns)   --->   "%div = fdiv i32 %bitcast_ln78, i32 60" [flood_HLS_base.cpp:78]   --->   Operation 652 'fdiv' 'div' <Predicate = true> <Delay = 2.32> <CoreInst = "FDiv">   --->   Core 20 'FDiv' <Latency = 11> <II = 1> <Delay = 2.32> <FuncUnit> <Opcode : 'fdiv' 'frem'> <InPorts = 2> <OutPorts = 1>
ST_26 : Operation 653 [3/12] (2.32ns)   --->   "%div1 = fdiv i32 %bitcast_ln79, i32 60" [flood_HLS_base.cpp:79]   --->   Operation 653 'fdiv' 'div1' <Predicate = true> <Delay = 2.32> <CoreInst = "FDiv">   --->   Core 20 'FDiv' <Latency = 11> <II = 1> <Delay = 2.32> <FuncUnit> <Opcode : 'fdiv' 'frem'> <InPorts = 2> <OutPorts = 1>

State 27 <SV = 24> <Delay = 2.32>
ST_27 : Operation 654 [2/12] (2.32ns)   --->   "%div = fdiv i32 %bitcast_ln78, i32 60" [flood_HLS_base.cpp:78]   --->   Operation 654 'fdiv' 'div' <Predicate = true> <Delay = 2.32> <CoreInst = "FDiv">   --->   Core 20 'FDiv' <Latency = 11> <II = 1> <Delay = 2.32> <FuncUnit> <Opcode : 'fdiv' 'frem'> <InPorts = 2> <OutPorts = 1>
ST_27 : Operation 655 [2/12] (2.32ns)   --->   "%div1 = fdiv i32 %bitcast_ln79, i32 60" [flood_HLS_base.cpp:79]   --->   Operation 655 'fdiv' 'div1' <Predicate = true> <Delay = 2.32> <CoreInst = "FDiv">   --->   Core 20 'FDiv' <Latency = 11> <II = 1> <Delay = 2.32> <FuncUnit> <Opcode : 'fdiv' 'frem'> <InPorts = 2> <OutPorts = 1>

State 28 <SV = 25> <Delay = 2.32>
ST_28 : Operation 656 [1/12] (2.32ns)   --->   "%div = fdiv i32 %bitcast_ln78, i32 60" [flood_HLS_base.cpp:78]   --->   Operation 656 'fdiv' 'div' <Predicate = true> <Delay = 2.32> <CoreInst = "FDiv">   --->   Core 20 'FDiv' <Latency = 11> <II = 1> <Delay = 2.32> <FuncUnit> <Opcode : 'fdiv' 'frem'> <InPorts = 2> <OutPorts = 1>
ST_28 : Operation 657 [1/12] (2.32ns)   --->   "%div1 = fdiv i32 %bitcast_ln79, i32 60" [flood_HLS_base.cpp:79]   --->   Operation 657 'fdiv' 'div1' <Predicate = true> <Delay = 2.32> <CoreInst = "FDiv">   --->   Core 20 'FDiv' <Latency = 11> <II = 1> <Delay = 2.32> <FuncUnit> <Opcode : 'fdiv' 'frem'> <InPorts = 2> <OutPorts = 1>

State 29 <SV = 26> <Delay = 2.34>
ST_29 : Operation 658 [1/1] (0.00ns)   --->   "%bitcast_ln78_1 = bitcast i32 %trunc_ln78" [flood_HLS_base.cpp:78]   --->   Operation 658 'bitcast' 'bitcast_ln78_1' <Predicate = true> <Delay = 0.00>
ST_29 : Operation 659 [7/7] (2.34ns)   --->   "%add1 = fadd i32 %bitcast_ln78_1, i32 %div" [flood_HLS_base.cpp:78]   --->   Operation 659 'fadd' 'add1' <Predicate = true> <Delay = 2.34> <CoreInst = "FAddSub_fulldsp">   --->   Core 18 'FAddSub_fulldsp' <Latency = 6> <II = 1> <Delay = 2.34> <FuncUnit> <Opcode : 'fadd' 'fsub'> <InPorts = 2> <OutPorts = 1>
ST_29 : Operation 660 [1/1] (0.00ns)   --->   "%bitcast_ln79_1 = bitcast i32 %trunc_ln79_1" [flood_HLS_base.cpp:79]   --->   Operation 660 'bitcast' 'bitcast_ln79_1' <Predicate = true> <Delay = 0.00>
ST_29 : Operation 661 [7/7] (2.34ns)   --->   "%add2 = fadd i32 %bitcast_ln79_1, i32 %div1" [flood_HLS_base.cpp:79]   --->   Operation 661 'fadd' 'add2' <Predicate = true> <Delay = 2.34> <CoreInst = "FAddSub_fulldsp">   --->   Core 18 'FAddSub_fulldsp' <Latency = 6> <II = 1> <Delay = 2.34> <FuncUnit> <Opcode : 'fadd' 'fsub'> <InPorts = 2> <OutPorts = 1>

State 30 <SV = 27> <Delay = 2.34>
ST_30 : Operation 662 [6/7] (2.34ns)   --->   "%add1 = fadd i32 %bitcast_ln78_1, i32 %div" [flood_HLS_base.cpp:78]   --->   Operation 662 'fadd' 'add1' <Predicate = true> <Delay = 2.34> <CoreInst = "FAddSub_fulldsp">   --->   Core 18 'FAddSub_fulldsp' <Latency = 6> <II = 1> <Delay = 2.34> <FuncUnit> <Opcode : 'fadd' 'fsub'> <InPorts = 2> <OutPorts = 1>
ST_30 : Operation 663 [6/7] (2.34ns)   --->   "%add2 = fadd i32 %bitcast_ln79_1, i32 %div1" [flood_HLS_base.cpp:79]   --->   Operation 663 'fadd' 'add2' <Predicate = true> <Delay = 2.34> <CoreInst = "FAddSub_fulldsp">   --->   Core 18 'FAddSub_fulldsp' <Latency = 6> <II = 1> <Delay = 2.34> <FuncUnit> <Opcode : 'fadd' 'fsub'> <InPorts = 2> <OutPorts = 1>

State 31 <SV = 28> <Delay = 2.34>
ST_31 : Operation 664 [5/7] (2.34ns)   --->   "%add1 = fadd i32 %bitcast_ln78_1, i32 %div" [flood_HLS_base.cpp:78]   --->   Operation 664 'fadd' 'add1' <Predicate = true> <Delay = 2.34> <CoreInst = "FAddSub_fulldsp">   --->   Core 18 'FAddSub_fulldsp' <Latency = 6> <II = 1> <Delay = 2.34> <FuncUnit> <Opcode : 'fadd' 'fsub'> <InPorts = 2> <OutPorts = 1>
ST_31 : Operation 665 [5/7] (2.34ns)   --->   "%add2 = fadd i32 %bitcast_ln79_1, i32 %div1" [flood_HLS_base.cpp:79]   --->   Operation 665 'fadd' 'add2' <Predicate = true> <Delay = 2.34> <CoreInst = "FAddSub_fulldsp">   --->   Core 18 'FAddSub_fulldsp' <Latency = 6> <II = 1> <Delay = 2.34> <FuncUnit> <Opcode : 'fadd' 'fsub'> <InPorts = 2> <OutPorts = 1>

State 32 <SV = 29> <Delay = 2.34>
ST_32 : Operation 666 [4/7] (2.34ns)   --->   "%add1 = fadd i32 %bitcast_ln78_1, i32 %div" [flood_HLS_base.cpp:78]   --->   Operation 666 'fadd' 'add1' <Predicate = true> <Delay = 2.34> <CoreInst = "FAddSub_fulldsp">   --->   Core 18 'FAddSub_fulldsp' <Latency = 6> <II = 1> <Delay = 2.34> <FuncUnit> <Opcode : 'fadd' 'fsub'> <InPorts = 2> <OutPorts = 1>
ST_32 : Operation 667 [4/7] (2.34ns)   --->   "%add2 = fadd i32 %bitcast_ln79_1, i32 %div1" [flood_HLS_base.cpp:79]   --->   Operation 667 'fadd' 'add2' <Predicate = true> <Delay = 2.34> <CoreInst = "FAddSub_fulldsp">   --->   Core 18 'FAddSub_fulldsp' <Latency = 6> <II = 1> <Delay = 2.34> <FuncUnit> <Opcode : 'fadd' 'fsub'> <InPorts = 2> <OutPorts = 1>

State 33 <SV = 30> <Delay = 2.34>
ST_33 : Operation 668 [3/7] (2.34ns)   --->   "%add1 = fadd i32 %bitcast_ln78_1, i32 %div" [flood_HLS_base.cpp:78]   --->   Operation 668 'fadd' 'add1' <Predicate = true> <Delay = 2.34> <CoreInst = "FAddSub_fulldsp">   --->   Core 18 'FAddSub_fulldsp' <Latency = 6> <II = 1> <Delay = 2.34> <FuncUnit> <Opcode : 'fadd' 'fsub'> <InPorts = 2> <OutPorts = 1>
ST_33 : Operation 669 [3/7] (2.34ns)   --->   "%add2 = fadd i32 %bitcast_ln79_1, i32 %div1" [flood_HLS_base.cpp:79]   --->   Operation 669 'fadd' 'add2' <Predicate = true> <Delay = 2.34> <CoreInst = "FAddSub_fulldsp">   --->   Core 18 'FAddSub_fulldsp' <Latency = 6> <II = 1> <Delay = 2.34> <FuncUnit> <Opcode : 'fadd' 'fsub'> <InPorts = 2> <OutPorts = 1>

State 34 <SV = 31> <Delay = 2.34>
ST_34 : Operation 670 [2/7] (2.34ns)   --->   "%add1 = fadd i32 %bitcast_ln78_1, i32 %div" [flood_HLS_base.cpp:78]   --->   Operation 670 'fadd' 'add1' <Predicate = true> <Delay = 2.34> <CoreInst = "FAddSub_fulldsp">   --->   Core 18 'FAddSub_fulldsp' <Latency = 6> <II = 1> <Delay = 2.34> <FuncUnit> <Opcode : 'fadd' 'fsub'> <InPorts = 2> <OutPorts = 1>
ST_34 : Operation 671 [2/7] (2.34ns)   --->   "%add2 = fadd i32 %bitcast_ln79_1, i32 %div1" [flood_HLS_base.cpp:79]   --->   Operation 671 'fadd' 'add2' <Predicate = true> <Delay = 2.34> <CoreInst = "FAddSub_fulldsp">   --->   Core 18 'FAddSub_fulldsp' <Latency = 6> <II = 1> <Delay = 2.34> <FuncUnit> <Opcode : 'fadd' 'fsub'> <InPorts = 2> <OutPorts = 1>

State 35 <SV = 32> <Delay = 2.34>
ST_35 : Operation 672 [1/7] (2.34ns)   --->   "%add1 = fadd i32 %bitcast_ln78_1, i32 %div" [flood_HLS_base.cpp:78]   --->   Operation 672 'fadd' 'add1' <Predicate = true> <Delay = 2.34> <CoreInst = "FAddSub_fulldsp">   --->   Core 18 'FAddSub_fulldsp' <Latency = 6> <II = 1> <Delay = 2.34> <FuncUnit> <Opcode : 'fadd' 'fsub'> <InPorts = 2> <OutPorts = 1>
ST_35 : Operation 673 [1/7] (2.34ns)   --->   "%add2 = fadd i32 %bitcast_ln79_1, i32 %div1" [flood_HLS_base.cpp:79]   --->   Operation 673 'fadd' 'add2' <Predicate = true> <Delay = 2.34> <CoreInst = "FAddSub_fulldsp">   --->   Core 18 'FAddSub_fulldsp' <Latency = 6> <II = 1> <Delay = 2.34> <FuncUnit> <Opcode : 'fadd' 'fsub'> <InPorts = 2> <OutPorts = 1>

State 36 <SV = 33> <Delay = 0.74>
ST_36 : Operation 674 [1/1] (0.00ns)   --->   "%speclooptripcount_ln76 = speclooptripcount void @_ssdm_op_SpecLoopTripCount, i64 7, i64 7, i64 7" [flood_HLS_base.cpp:76]   --->   Operation 674 'speclooptripcount' 'speclooptripcount_ln76' <Predicate = true> <Delay = 0.00>
ST_36 : Operation 675 [1/1] (0.00ns)   --->   "%specloopname_ln76 = specloopname void @_ssdm_op_SpecLoopName, void @empty_9" [flood_HLS_base.cpp:76]   --->   Operation 675 'specloopname' 'specloopname_ln76' <Predicate = true> <Delay = 0.00>
ST_36 : Operation 676 [1/1] (0.00ns)   --->   "%bitcast_ln78_2 = bitcast i32 %add1" [flood_HLS_base.cpp:78]   --->   Operation 676 'bitcast' 'bitcast_ln78_2' <Predicate = true> <Delay = 0.00>
ST_36 : Operation 677 [1/1] (0.00ns)   --->   "%bitcast_ln79_2 = bitcast i32 %add2" [flood_HLS_base.cpp:79]   --->   Operation 677 'bitcast' 'bitcast_ln79_2' <Predicate = true> <Delay = 0.00>
ST_36 : Operation 678 [1/1] (0.00ns)   --->   "%or_ln = bitconcatenate i224 @_ssdm_op_BitConcatenate.i224.i160.i32.i32, i160 %tmp_57, i32 %bitcast_ln79_2, i32 %bitcast_ln78_2" [flood_HLS_base.cpp:79]   --->   Operation 678 'bitconcatenate' 'or_ln' <Predicate = true> <Delay = 0.00>
ST_36 : Operation 679 [1/1] (0.74ns)   --->   "%store_ln79 = store i224 %or_ln, i3 %p_clouds_addr" [flood_HLS_base.cpp:79]   --->   Operation 679 'store' 'store_ln79' <Predicate = true> <Delay = 0.74> <CoreInst = "RAM">   --->   Core 82 'RAM' <Latency = 1> <II = 1> <Delay = 0.74> <Storage> <Opcode : 'load' 'store'> <Ports = 2> <Width = 224> <Depth = 7> <RAM>
ST_36 : Operation 680 [1/1] (0.00ns)   --->   "%br_ln76 = br void %for.inc53" [flood_HLS_base.cpp:76]   --->   Operation 680 'br' 'br_ln76' <Predicate = true> <Delay = 0.00>

State 37 <SV = 13> <Delay = 0.95>
ST_37 : Operation 681 [1/1] (0.00ns)   --->   "%empty_79 = phi i416 %empty_80, void %for.inc242, i416 %p_load, void %for.body60.preheader" [flood_HLS_base.cpp:102]   --->   Operation 681 'phi' 'empty_79' <Predicate = true> <Delay = 0.00>
ST_37 : Operation 682 [1/1] (0.00ns)   --->   "%cloud_1 = phi i3 %add_ln83, void %for.inc242, i3 0, void %for.body60.preheader" [flood_HLS_base.cpp:83]   --->   Operation 682 'phi' 'cloud_1' <Predicate = true> <Delay = 0.00>
ST_37 : Operation 683 [1/1] (0.57ns)   --->   "%icmp_ln83 = icmp_eq  i3 %cloud_1, i3 7" [flood_HLS_base.cpp:83]   --->   Operation 683 'icmp' 'icmp_ln83' <Predicate = true> <Delay = 0.57> <CoreInst = "Cmp">   --->   Core 9 'Cmp' <Latency = 0> <II = 1> <Delay = 0.57> <FuncUnit> <Opcode : 'seteq' 'setne' 'setle' 'setge' 'setlt' 'setgt'> <InPorts = 2> <OutPorts = 1>
ST_37 : Operation 684 [1/1] (0.57ns)   --->   "%add_ln83 = add i3 %cloud_1, i3 1" [flood_HLS_base.cpp:83]   --->   Operation 684 'add' 'add_ln83' <Predicate = true> <Delay = 0.57> <CoreInst = "Adder">   --->   Core 1 'Adder' <Latency = 0> <II = 1> <Delay = 0.57> <FuncUnit> <Opcode : 'add' 'sub'> <InPorts = 2> <OutPorts = 1>
ST_37 : Operation 685 [1/1] (0.00ns)   --->   "%br_ln83 = br i1 %icmp_ln83, void %for.body60.split, void %VITIS_LOOP_110_10.preheader" [flood_HLS_base.cpp:83]   --->   Operation 685 'br' 'br_ln83' <Predicate = true> <Delay = 0.00>
ST_37 : Operation 686 [1/1] (0.00ns)   --->   "%zext_ln83 = zext i3 %cloud_1" [flood_HLS_base.cpp:83]   --->   Operation 686 'zext' 'zext_ln83' <Predicate = (!icmp_ln83)> <Delay = 0.00>
ST_37 : Operation 687 [1/1] (0.00ns)   --->   "%p_clouds_addr_1 = getelementptr i224 %p_clouds, i64 0, i64 %zext_ln83" [flood_HLS_base.cpp:85]   --->   Operation 687 'getelementptr' 'p_clouds_addr_1' <Predicate = (!icmp_ln83)> <Delay = 0.00>
ST_37 : Operation 688 [2/2] (0.74ns)   --->   "%p_clouds_load_1 = load i3 %p_clouds_addr_1" [flood_HLS_base.cpp:85]   --->   Operation 688 'load' 'p_clouds_load_1' <Predicate = (!icmp_ln83)> <Delay = 0.74> <CoreInst = "RAM">   --->   Core 82 'RAM' <Latency = 1> <II = 1> <Delay = 0.74> <Storage> <Opcode : 'load' 'store'> <Ports = 2> <Width = 224> <Depth = 7> <RAM>
ST_37 : Operation 689 [1/1] (0.38ns)   --->   "%br_ln109 = br void %VITIS_LOOP_110_10" [flood_HLS_base.cpp:109]   --->   Operation 689 'br' 'br_ln109' <Predicate = (icmp_ln83)> <Delay = 0.38>

State 38 <SV = 14> <Delay = 1.57>
ST_38 : Operation 690 [1/2] (0.74ns)   --->   "%p_clouds_load_1 = load i3 %p_clouds_addr_1" [flood_HLS_base.cpp:85]   --->   Operation 690 'load' 'p_clouds_load_1' <Predicate = true> <Delay = 0.74> <CoreInst = "RAM">   --->   Core 82 'RAM' <Latency = 1> <II = 1> <Delay = 0.74> <Storage> <Opcode : 'load' 'store'> <Ports = 2> <Width = 224> <Depth = 7> <RAM>
ST_38 : Operation 691 [1/1] (0.00ns)   --->   "%trunc_ln4 = partselect i32 @_ssdm_op_PartSelect.i32.i224.i32.i32, i224 %p_clouds_load_1, i32 32, i32 63" [flood_HLS_base.cpp:85]   --->   Operation 691 'partselect' 'trunc_ln4' <Predicate = true> <Delay = 0.00>
ST_38 : Operation 692 [1/1] (0.00ns)   --->   "%trunc_ln85_1 = partselect i32 @_ssdm_op_PartSelect.i32.i224.i32.i32, i224 %p_clouds_load_1, i32 64, i32 95" [flood_HLS_base.cpp:85]   --->   Operation 692 'partselect' 'trunc_ln85_1' <Predicate = true> <Delay = 0.00>
ST_38 : Operation 693 [1/1] (0.00ns)   --->   "%bitcast_ln85_1 = bitcast i32 %trunc_ln85_1" [flood_HLS_base.cpp:85]   --->   Operation 693 'bitcast' 'bitcast_ln85_1' <Predicate = true> <Delay = 0.00>
ST_38 : Operation 694 [1/1] (0.00ns)   --->   "%trunc_ln87 = trunc i224 %p_clouds_load_1" [flood_HLS_base.cpp:87]   --->   Operation 694 'trunc' 'trunc_ln87' <Predicate = true> <Delay = 0.00>
ST_38 : Operation 695 [1/1] (0.00ns)   --->   "%bitcast_ln87 = bitcast i32 %trunc_ln87" [flood_HLS_base.cpp:87]   --->   Operation 695 'bitcast' 'bitcast_ln87' <Predicate = true> <Delay = 0.00>
ST_38 : Operation 696 [1/1] (0.00ns)   --->   "%trunc_ln8 = partselect i32 @_ssdm_op_PartSelect.i32.i224.i32.i32, i224 %p_clouds_load_1, i32 96, i32 127" [flood_HLS_base.cpp:98]   --->   Operation 696 'partselect' 'trunc_ln8' <Predicate = true> <Delay = 0.00>
ST_38 : Operation 697 [1/1] (0.00ns)   --->   "%bitcast_ln98_1 = bitcast i32 %trunc_ln8" [flood_HLS_base.cpp:98]   --->   Operation 697 'bitcast' 'bitcast_ln98_1' <Predicate = true> <Delay = 0.00>
ST_38 : Operation 698 [1/1] (0.00ns)   --->   "%trunc_ln97_1 = partselect i23 @_ssdm_op_PartSelect.i23.i224.i32.i32, i224 %p_clouds_load_1, i32 64, i32 86" [flood_HLS_base.cpp:97]   --->   Operation 698 'partselect' 'trunc_ln97_1' <Predicate = true> <Delay = 0.00>
ST_38 : Operation 699 [1/1] (0.82ns)   --->   "%icmp_ln97_3 = icmp_eq  i23 %trunc_ln97_1, i23 0" [flood_HLS_base.cpp:97]   --->   Operation 699 'icmp' 'icmp_ln97_3' <Predicate = true> <Delay = 0.82> <CoreInst = "Cmp">   --->   Core 9 'Cmp' <Latency = 0> <II = 1> <Delay = 0.82> <FuncUnit> <Opcode : 'seteq' 'setne' 'setle' 'setge' 'setlt' 'setgt'> <InPorts = 2> <OutPorts = 1>

State 39 <SV = 15> <Delay = 2.34>
ST_39 : Operation 700 [1/1] (0.00ns)   --->   "%bitcast_ln85 = bitcast i32 %trunc_ln4" [flood_HLS_base.cpp:85]   --->   Operation 700 'bitcast' 'bitcast_ln85' <Predicate = true> <Delay = 0.00>
ST_39 : Operation 701 [7/7] (2.34ns)   --->   "%add3 = fadd i32 %bitcast_ln85, i32 %bitcast_ln85_1" [flood_HLS_base.cpp:86]   --->   Operation 701 'fadd' 'add3' <Predicate = true> <Delay = 2.34> <CoreInst = "FAddSub_fulldsp">   --->   Core 18 'FAddSub_fulldsp' <Latency = 6> <II = 1> <Delay = 2.34> <FuncUnit> <Opcode : 'fadd' 'fsub'> <InPorts = 2> <OutPorts = 1>
ST_39 : Operation 702 [7/7] (2.34ns)   --->   "%add4 = fadd i32 %bitcast_ln87, i32 %bitcast_ln85_1" [flood_HLS_base.cpp:88]   --->   Operation 702 'fadd' 'add4' <Predicate = true> <Delay = 2.34> <CoreInst = "FAddSub_fulldsp">   --->   Core 18 'FAddSub_fulldsp' <Latency = 6> <II = 1> <Delay = 2.34> <FuncUnit> <Opcode : 'fadd' 'fsub'> <InPorts = 2> <OutPorts = 1>

State 40 <SV = 16> <Delay = 2.34>
ST_40 : Operation 703 [7/7] (2.34ns)   --->   "%sub = fsub i32 %bitcast_ln85, i32 %bitcast_ln85_1" [flood_HLS_base.cpp:85]   --->   Operation 703 'fsub' 'sub' <Predicate = true> <Delay = 2.34> <CoreInst = "FAddSub_fulldsp">   --->   Core 18 'FAddSub_fulldsp' <Latency = 6> <II = 1> <Delay = 2.34> <FuncUnit> <Opcode : 'fadd' 'fsub'> <InPorts = 2> <OutPorts = 1>
ST_40 : Operation 704 [6/7] (2.34ns)   --->   "%add3 = fadd i32 %bitcast_ln85, i32 %bitcast_ln85_1" [flood_HLS_base.cpp:86]   --->   Operation 704 'fadd' 'add3' <Predicate = true> <Delay = 2.34> <CoreInst = "FAddSub_fulldsp">   --->   Core 18 'FAddSub_fulldsp' <Latency = 6> <II = 1> <Delay = 2.34> <FuncUnit> <Opcode : 'fadd' 'fsub'> <InPorts = 2> <OutPorts = 1>
ST_40 : Operation 705 [7/7] (2.34ns)   --->   "%sub1 = fsub i32 %bitcast_ln87, i32 %bitcast_ln85_1" [flood_HLS_base.cpp:87]   --->   Operation 705 'fsub' 'sub1' <Predicate = true> <Delay = 2.34> <CoreInst = "FAddSub_fulldsp">   --->   Core 18 'FAddSub_fulldsp' <Latency = 6> <II = 1> <Delay = 2.34> <FuncUnit> <Opcode : 'fadd' 'fsub'> <InPorts = 2> <OutPorts = 1>
ST_40 : Operation 706 [6/7] (2.34ns)   --->   "%add4 = fadd i32 %bitcast_ln87, i32 %bitcast_ln85_1" [flood_HLS_base.cpp:88]   --->   Operation 706 'fadd' 'add4' <Predicate = true> <Delay = 2.34> <CoreInst = "FAddSub_fulldsp">   --->   Core 18 'FAddSub_fulldsp' <Latency = 6> <II = 1> <Delay = 2.34> <FuncUnit> <Opcode : 'fadd' 'fsub'> <InPorts = 2> <OutPorts = 1>

State 41 <SV = 17> <Delay = 2.34>
ST_41 : Operation 707 [6/7] (2.34ns)   --->   "%sub = fsub i32 %bitcast_ln85, i32 %bitcast_ln85_1" [flood_HLS_base.cpp:85]   --->   Operation 707 'fsub' 'sub' <Predicate = true> <Delay = 2.34> <CoreInst = "FAddSub_fulldsp">   --->   Core 18 'FAddSub_fulldsp' <Latency = 6> <II = 1> <Delay = 2.34> <FuncUnit> <Opcode : 'fadd' 'fsub'> <InPorts = 2> <OutPorts = 1>
ST_41 : Operation 708 [5/7] (2.34ns)   --->   "%add3 = fadd i32 %bitcast_ln85, i32 %bitcast_ln85_1" [flood_HLS_base.cpp:86]   --->   Operation 708 'fadd' 'add3' <Predicate = true> <Delay = 2.34> <CoreInst = "FAddSub_fulldsp">   --->   Core 18 'FAddSub_fulldsp' <Latency = 6> <II = 1> <Delay = 2.34> <FuncUnit> <Opcode : 'fadd' 'fsub'> <InPorts = 2> <OutPorts = 1>
ST_41 : Operation 709 [6/7] (2.34ns)   --->   "%sub1 = fsub i32 %bitcast_ln87, i32 %bitcast_ln85_1" [flood_HLS_base.cpp:87]   --->   Operation 709 'fsub' 'sub1' <Predicate = true> <Delay = 2.34> <CoreInst = "FAddSub_fulldsp">   --->   Core 18 'FAddSub_fulldsp' <Latency = 6> <II = 1> <Delay = 2.34> <FuncUnit> <Opcode : 'fadd' 'fsub'> <InPorts = 2> <OutPorts = 1>
ST_41 : Operation 710 [5/7] (2.34ns)   --->   "%add4 = fadd i32 %bitcast_ln87, i32 %bitcast_ln85_1" [flood_HLS_base.cpp:88]   --->   Operation 710 'fadd' 'add4' <Predicate = true> <Delay = 2.34> <CoreInst = "FAddSub_fulldsp">   --->   Core 18 'FAddSub_fulldsp' <Latency = 6> <II = 1> <Delay = 2.34> <FuncUnit> <Opcode : 'fadd' 'fsub'> <InPorts = 2> <OutPorts = 1>

State 42 <SV = 18> <Delay = 2.34>
ST_42 : Operation 711 [5/7] (2.34ns)   --->   "%sub = fsub i32 %bitcast_ln85, i32 %bitcast_ln85_1" [flood_HLS_base.cpp:85]   --->   Operation 711 'fsub' 'sub' <Predicate = true> <Delay = 2.34> <CoreInst = "FAddSub_fulldsp">   --->   Core 18 'FAddSub_fulldsp' <Latency = 6> <II = 1> <Delay = 2.34> <FuncUnit> <Opcode : 'fadd' 'fsub'> <InPorts = 2> <OutPorts = 1>
ST_42 : Operation 712 [4/7] (2.34ns)   --->   "%add3 = fadd i32 %bitcast_ln85, i32 %bitcast_ln85_1" [flood_HLS_base.cpp:86]   --->   Operation 712 'fadd' 'add3' <Predicate = true> <Delay = 2.34> <CoreInst = "FAddSub_fulldsp">   --->   Core 18 'FAddSub_fulldsp' <Latency = 6> <II = 1> <Delay = 2.34> <FuncUnit> <Opcode : 'fadd' 'fsub'> <InPorts = 2> <OutPorts = 1>
ST_42 : Operation 713 [5/7] (2.34ns)   --->   "%sub1 = fsub i32 %bitcast_ln87, i32 %bitcast_ln85_1" [flood_HLS_base.cpp:87]   --->   Operation 713 'fsub' 'sub1' <Predicate = true> <Delay = 2.34> <CoreInst = "FAddSub_fulldsp">   --->   Core 18 'FAddSub_fulldsp' <Latency = 6> <II = 1> <Delay = 2.34> <FuncUnit> <Opcode : 'fadd' 'fsub'> <InPorts = 2> <OutPorts = 1>
ST_42 : Operation 714 [4/7] (2.34ns)   --->   "%add4 = fadd i32 %bitcast_ln87, i32 %bitcast_ln85_1" [flood_HLS_base.cpp:88]   --->   Operation 714 'fadd' 'add4' <Predicate = true> <Delay = 2.34> <CoreInst = "FAddSub_fulldsp">   --->   Core 18 'FAddSub_fulldsp' <Latency = 6> <II = 1> <Delay = 2.34> <FuncUnit> <Opcode : 'fadd' 'fsub'> <InPorts = 2> <OutPorts = 1>

State 43 <SV = 19> <Delay = 2.34>
ST_43 : Operation 715 [4/7] (2.34ns)   --->   "%sub = fsub i32 %bitcast_ln85, i32 %bitcast_ln85_1" [flood_HLS_base.cpp:85]   --->   Operation 715 'fsub' 'sub' <Predicate = true> <Delay = 2.34> <CoreInst = "FAddSub_fulldsp">   --->   Core 18 'FAddSub_fulldsp' <Latency = 6> <II = 1> <Delay = 2.34> <FuncUnit> <Opcode : 'fadd' 'fsub'> <InPorts = 2> <OutPorts = 1>
ST_43 : Operation 716 [3/7] (2.34ns)   --->   "%add3 = fadd i32 %bitcast_ln85, i32 %bitcast_ln85_1" [flood_HLS_base.cpp:86]   --->   Operation 716 'fadd' 'add3' <Predicate = true> <Delay = 2.34> <CoreInst = "FAddSub_fulldsp">   --->   Core 18 'FAddSub_fulldsp' <Latency = 6> <II = 1> <Delay = 2.34> <FuncUnit> <Opcode : 'fadd' 'fsub'> <InPorts = 2> <OutPorts = 1>
ST_43 : Operation 717 [4/7] (2.34ns)   --->   "%sub1 = fsub i32 %bitcast_ln87, i32 %bitcast_ln85_1" [flood_HLS_base.cpp:87]   --->   Operation 717 'fsub' 'sub1' <Predicate = true> <Delay = 2.34> <CoreInst = "FAddSub_fulldsp">   --->   Core 18 'FAddSub_fulldsp' <Latency = 6> <II = 1> <Delay = 2.34> <FuncUnit> <Opcode : 'fadd' 'fsub'> <InPorts = 2> <OutPorts = 1>
ST_43 : Operation 718 [3/7] (2.34ns)   --->   "%add4 = fadd i32 %bitcast_ln87, i32 %bitcast_ln85_1" [flood_HLS_base.cpp:88]   --->   Operation 718 'fadd' 'add4' <Predicate = true> <Delay = 2.34> <CoreInst = "FAddSub_fulldsp">   --->   Core 18 'FAddSub_fulldsp' <Latency = 6> <II = 1> <Delay = 2.34> <FuncUnit> <Opcode : 'fadd' 'fsub'> <InPorts = 2> <OutPorts = 1>

State 44 <SV = 20> <Delay = 2.34>
ST_44 : Operation 719 [3/7] (2.34ns)   --->   "%sub = fsub i32 %bitcast_ln85, i32 %bitcast_ln85_1" [flood_HLS_base.cpp:85]   --->   Operation 719 'fsub' 'sub' <Predicate = true> <Delay = 2.34> <CoreInst = "FAddSub_fulldsp">   --->   Core 18 'FAddSub_fulldsp' <Latency = 6> <II = 1> <Delay = 2.34> <FuncUnit> <Opcode : 'fadd' 'fsub'> <InPorts = 2> <OutPorts = 1>
ST_44 : Operation 720 [2/7] (2.34ns)   --->   "%add3 = fadd i32 %bitcast_ln85, i32 %bitcast_ln85_1" [flood_HLS_base.cpp:86]   --->   Operation 720 'fadd' 'add3' <Predicate = true> <Delay = 2.34> <CoreInst = "FAddSub_fulldsp">   --->   Core 18 'FAddSub_fulldsp' <Latency = 6> <II = 1> <Delay = 2.34> <FuncUnit> <Opcode : 'fadd' 'fsub'> <InPorts = 2> <OutPorts = 1>
ST_44 : Operation 721 [3/7] (2.34ns)   --->   "%sub1 = fsub i32 %bitcast_ln87, i32 %bitcast_ln85_1" [flood_HLS_base.cpp:87]   --->   Operation 721 'fsub' 'sub1' <Predicate = true> <Delay = 2.34> <CoreInst = "FAddSub_fulldsp">   --->   Core 18 'FAddSub_fulldsp' <Latency = 6> <II = 1> <Delay = 2.34> <FuncUnit> <Opcode : 'fadd' 'fsub'> <InPorts = 2> <OutPorts = 1>
ST_44 : Operation 722 [2/7] (2.34ns)   --->   "%add4 = fadd i32 %bitcast_ln87, i32 %bitcast_ln85_1" [flood_HLS_base.cpp:88]   --->   Operation 722 'fadd' 'add4' <Predicate = true> <Delay = 2.34> <CoreInst = "FAddSub_fulldsp">   --->   Core 18 'FAddSub_fulldsp' <Latency = 6> <II = 1> <Delay = 2.34> <FuncUnit> <Opcode : 'fadd' 'fsub'> <InPorts = 2> <OutPorts = 1>

State 45 <SV = 21> <Delay = 2.34>
ST_45 : Operation 723 [2/7] (2.34ns)   --->   "%sub = fsub i32 %bitcast_ln85, i32 %bitcast_ln85_1" [flood_HLS_base.cpp:85]   --->   Operation 723 'fsub' 'sub' <Predicate = true> <Delay = 2.34> <CoreInst = "FAddSub_fulldsp">   --->   Core 18 'FAddSub_fulldsp' <Latency = 6> <II = 1> <Delay = 2.34> <FuncUnit> <Opcode : 'fadd' 'fsub'> <InPorts = 2> <OutPorts = 1>
ST_45 : Operation 724 [1/7] (2.34ns)   --->   "%add3 = fadd i32 %bitcast_ln85, i32 %bitcast_ln85_1" [flood_HLS_base.cpp:86]   --->   Operation 724 'fadd' 'add3' <Predicate = true> <Delay = 2.34> <CoreInst = "FAddSub_fulldsp">   --->   Core 18 'FAddSub_fulldsp' <Latency = 6> <II = 1> <Delay = 2.34> <FuncUnit> <Opcode : 'fadd' 'fsub'> <InPorts = 2> <OutPorts = 1>
ST_45 : Operation 725 [2/7] (2.34ns)   --->   "%sub1 = fsub i32 %bitcast_ln87, i32 %bitcast_ln85_1" [flood_HLS_base.cpp:87]   --->   Operation 725 'fsub' 'sub1' <Predicate = true> <Delay = 2.34> <CoreInst = "FAddSub_fulldsp">   --->   Core 18 'FAddSub_fulldsp' <Latency = 6> <II = 1> <Delay = 2.34> <FuncUnit> <Opcode : 'fadd' 'fsub'> <InPorts = 2> <OutPorts = 1>
ST_45 : Operation 726 [1/7] (2.34ns)   --->   "%add4 = fadd i32 %bitcast_ln87, i32 %bitcast_ln85_1" [flood_HLS_base.cpp:88]   --->   Operation 726 'fadd' 'add4' <Predicate = true> <Delay = 2.34> <CoreInst = "FAddSub_fulldsp">   --->   Core 18 'FAddSub_fulldsp' <Latency = 6> <II = 1> <Delay = 2.34> <FuncUnit> <Opcode : 'fadd' 'fsub'> <InPorts = 2> <OutPorts = 1>

State 46 <SV = 22> <Delay = 2.34>
ST_46 : Operation 727 [1/7] (2.34ns)   --->   "%sub = fsub i32 %bitcast_ln85, i32 %bitcast_ln85_1" [flood_HLS_base.cpp:85]   --->   Operation 727 'fsub' 'sub' <Predicate = true> <Delay = 2.34> <CoreInst = "FAddSub_fulldsp">   --->   Core 18 'FAddSub_fulldsp' <Latency = 6> <II = 1> <Delay = 2.34> <FuncUnit> <Opcode : 'fadd' 'fsub'> <InPorts = 2> <OutPorts = 1>
ST_46 : Operation 728 [1/1] (0.00ns)   --->   "%bitcast_ln86 = bitcast i32 %add3" [flood_HLS_base.cpp:86]   --->   Operation 728 'bitcast' 'bitcast_ln86' <Predicate = true> <Delay = 0.00>
ST_46 : Operation 729 [1/1] (0.00ns)   --->   "%tmp_5 = partselect i8 @_ssdm_op_PartSelect.i8.i32.i32.i32, i32 %bitcast_ln86, i32 23, i32 30" [flood_HLS_base.cpp:86]   --->   Operation 729 'partselect' 'tmp_5' <Predicate = true> <Delay = 0.00>
ST_46 : Operation 730 [1/1] (0.00ns)   --->   "%trunc_ln86 = trunc i32 %bitcast_ln86" [flood_HLS_base.cpp:86]   --->   Operation 730 'trunc' 'trunc_ln86' <Predicate = true> <Delay = 0.00>
ST_46 : Operation 731 [1/1] (0.70ns)   --->   "%icmp_ln86 = icmp_ne  i8 %tmp_5, i8 255" [flood_HLS_base.cpp:86]   --->   Operation 731 'icmp' 'icmp_ln86' <Predicate = true> <Delay = 0.70> <CoreInst = "Cmp">   --->   Core 9 'Cmp' <Latency = 0> <II = 1> <Delay = 0.70> <FuncUnit> <Opcode : 'seteq' 'setne' 'setle' 'setge' 'setlt' 'setgt'> <InPorts = 2> <OutPorts = 1>
ST_46 : Operation 732 [1/1] (0.82ns)   --->   "%icmp_ln86_1 = icmp_eq  i23 %trunc_ln86, i23 0" [flood_HLS_base.cpp:86]   --->   Operation 732 'icmp' 'icmp_ln86_1' <Predicate = true> <Delay = 0.82> <CoreInst = "Cmp">   --->   Core 9 'Cmp' <Latency = 0> <II = 1> <Delay = 0.82> <FuncUnit> <Opcode : 'seteq' 'setne' 'setle' 'setge' 'setlt' 'setgt'> <InPorts = 2> <OutPorts = 1>
ST_46 : Operation 733 [2/2] (1.64ns)   --->   "%tmp_6 = fcmp_olt  i32 %add3, i32 30" [flood_HLS_base.cpp:86]   --->   Operation 733 'fcmp' 'tmp_6' <Predicate = true> <Delay = 1.64> <CoreInst = "FCompare">   --->   Core 19 'FCompare' <Latency = 1> <II = 1> <Delay = 1.64> <FuncUnit> <Opcode : 'fcmp'> <InPorts = 2> <OutPorts = 1>
ST_46 : Operation 734 [4/4] (2.32ns)   --->   "%add87_op = fmul i32 %add3, i32 50" [flood_HLS_base.cpp:86]   --->   Operation 734 'fmul' 'add87_op' <Predicate = true> <Delay = 2.32> <CoreInst = "FMul_maxdsp">   --->   Core 30 'FMul_maxdsp' <Latency = 3> <II = 1> <Delay = 2.32> <FuncUnit> <Opcode : 'fmul'> <InPorts = 2> <OutPorts = 1>
ST_46 : Operation 735 [1/7] (2.34ns)   --->   "%sub1 = fsub i32 %bitcast_ln87, i32 %bitcast_ln85_1" [flood_HLS_base.cpp:87]   --->   Operation 735 'fsub' 'sub1' <Predicate = true> <Delay = 2.34> <CoreInst = "FAddSub_fulldsp">   --->   Core 18 'FAddSub_fulldsp' <Latency = 6> <II = 1> <Delay = 2.34> <FuncUnit> <Opcode : 'fadd' 'fsub'> <InPorts = 2> <OutPorts = 1>
ST_46 : Operation 736 [1/1] (0.00ns)   --->   "%bitcast_ln88 = bitcast i32 %add4" [flood_HLS_base.cpp:88]   --->   Operation 736 'bitcast' 'bitcast_ln88' <Predicate = true> <Delay = 0.00>
ST_46 : Operation 737 [1/1] (0.00ns)   --->   "%tmp_12 = partselect i8 @_ssdm_op_PartSelect.i8.i32.i32.i32, i32 %bitcast_ln88, i32 23, i32 30" [flood_HLS_base.cpp:88]   --->   Operation 737 'partselect' 'tmp_12' <Predicate = true> <Delay = 0.00>
ST_46 : Operation 738 [1/1] (0.00ns)   --->   "%trunc_ln88 = trunc i32 %bitcast_ln88" [flood_HLS_base.cpp:88]   --->   Operation 738 'trunc' 'trunc_ln88' <Predicate = true> <Delay = 0.00>
ST_46 : Operation 739 [1/1] (0.70ns)   --->   "%icmp_ln88 = icmp_ne  i8 %tmp_12, i8 255" [flood_HLS_base.cpp:88]   --->   Operation 739 'icmp' 'icmp_ln88' <Predicate = true> <Delay = 0.70> <CoreInst = "Cmp">   --->   Core 9 'Cmp' <Latency = 0> <II = 1> <Delay = 0.70> <FuncUnit> <Opcode : 'seteq' 'setne' 'setle' 'setge' 'setlt' 'setgt'> <InPorts = 2> <OutPorts = 1>
ST_46 : Operation 740 [1/1] (0.82ns)   --->   "%icmp_ln88_1 = icmp_eq  i23 %trunc_ln88, i23 0" [flood_HLS_base.cpp:88]   --->   Operation 740 'icmp' 'icmp_ln88_1' <Predicate = true> <Delay = 0.82> <CoreInst = "Cmp">   --->   Core 9 'Cmp' <Latency = 0> <II = 1> <Delay = 0.82> <FuncUnit> <Opcode : 'seteq' 'setne' 'setle' 'setge' 'setlt' 'setgt'> <InPorts = 2> <OutPorts = 1>
ST_46 : Operation 741 [2/2] (1.64ns)   --->   "%tmp_13 = fcmp_olt  i32 %add4, i32 30" [flood_HLS_base.cpp:88]   --->   Operation 741 'fcmp' 'tmp_13' <Predicate = true> <Delay = 1.64> <CoreInst = "FCompare">   --->   Core 19 'FCompare' <Latency = 1> <II = 1> <Delay = 1.64> <FuncUnit> <Opcode : 'fcmp'> <InPorts = 2> <OutPorts = 1>
ST_46 : Operation 742 [4/4] (2.32ns)   --->   "%add137_op = fmul i32 %add4, i32 50" [flood_HLS_base.cpp:88]   --->   Operation 742 'fmul' 'add137_op' <Predicate = true> <Delay = 2.32> <CoreInst = "FMul_maxdsp">   --->   Core 30 'FMul_maxdsp' <Latency = 3> <II = 1> <Delay = 2.32> <FuncUnit> <Opcode : 'fmul'> <InPorts = 2> <OutPorts = 1>

State 47 <SV = 23> <Delay = 2.32>
ST_47 : Operation 743 [1/1] (0.00ns)   --->   "%bitcast_ln85_2 = bitcast i32 %sub" [flood_HLS_base.cpp:85]   --->   Operation 743 'bitcast' 'bitcast_ln85_2' <Predicate = true> <Delay = 0.00>
ST_47 : Operation 744 [1/1] (0.00ns)   --->   "%tmp_3 = partselect i8 @_ssdm_op_PartSelect.i8.i32.i32.i32, i32 %bitcast_ln85_2, i32 23, i32 30" [flood_HLS_base.cpp:85]   --->   Operation 744 'partselect' 'tmp_3' <Predicate = true> <Delay = 0.00>
ST_47 : Operation 745 [1/1] (0.00ns)   --->   "%trunc_ln85 = trunc i32 %bitcast_ln85_2" [flood_HLS_base.cpp:85]   --->   Operation 745 'trunc' 'trunc_ln85' <Predicate = true> <Delay = 0.00>
ST_47 : Operation 746 [1/1] (0.70ns)   --->   "%icmp_ln85 = icmp_ne  i8 %tmp_3, i8 255" [flood_HLS_base.cpp:85]   --->   Operation 746 'icmp' 'icmp_ln85' <Predicate = true> <Delay = 0.70> <CoreInst = "Cmp">   --->   Core 9 'Cmp' <Latency = 0> <II = 1> <Delay = 0.70> <FuncUnit> <Opcode : 'seteq' 'setne' 'setle' 'setge' 'setlt' 'setgt'> <InPorts = 2> <OutPorts = 1>
ST_47 : Operation 747 [1/1] (0.82ns)   --->   "%icmp_ln85_1 = icmp_eq  i23 %trunc_ln85, i23 0" [flood_HLS_base.cpp:85]   --->   Operation 747 'icmp' 'icmp_ln85_1' <Predicate = true> <Delay = 0.82> <CoreInst = "Cmp">   --->   Core 9 'Cmp' <Latency = 0> <II = 1> <Delay = 0.82> <FuncUnit> <Opcode : 'seteq' 'setne' 'setle' 'setge' 'setlt' 'setgt'> <InPorts = 2> <OutPorts = 1>
ST_47 : Operation 748 [2/2] (1.64ns)   --->   "%tmp_4 = fcmp_olt  i32 %sub, i32 0" [flood_HLS_base.cpp:85]   --->   Operation 748 'fcmp' 'tmp_4' <Predicate = true> <Delay = 1.64> <CoreInst = "FCompare">   --->   Core 19 'FCompare' <Latency = 1> <II = 1> <Delay = 1.64> <FuncUnit> <Opcode : 'fcmp'> <InPorts = 2> <OutPorts = 1>
ST_47 : Operation 749 [4/4] (2.32ns)   --->   "%sub_op = fmul i32 %sub, i32 50" [flood_HLS_base.cpp:85]   --->   Operation 749 'fmul' 'sub_op' <Predicate = true> <Delay = 2.32> <CoreInst = "FMul_maxdsp">   --->   Core 30 'FMul_maxdsp' <Latency = 3> <II = 1> <Delay = 2.32> <FuncUnit> <Opcode : 'fmul'> <InPorts = 2> <OutPorts = 1>
ST_47 : Operation 750 [1/2] (1.64ns)   --->   "%tmp_6 = fcmp_olt  i32 %add3, i32 30" [flood_HLS_base.cpp:86]   --->   Operation 750 'fcmp' 'tmp_6' <Predicate = true> <Delay = 1.64> <CoreInst = "FCompare">   --->   Core 19 'FCompare' <Latency = 1> <II = 1> <Delay = 1.64> <FuncUnit> <Opcode : 'fcmp'> <InPorts = 2> <OutPorts = 1>
ST_47 : Operation 751 [3/4] (2.32ns)   --->   "%add87_op = fmul i32 %add3, i32 50" [flood_HLS_base.cpp:86]   --->   Operation 751 'fmul' 'add87_op' <Predicate = true> <Delay = 2.32> <CoreInst = "FMul_maxdsp">   --->   Core 30 'FMul_maxdsp' <Latency = 3> <II = 1> <Delay = 2.32> <FuncUnit> <Opcode : 'fmul'> <InPorts = 2> <OutPorts = 1>
ST_47 : Operation 752 [1/1] (0.00ns)   --->   "%bitcast_ln87_1 = bitcast i32 %sub1" [flood_HLS_base.cpp:87]   --->   Operation 752 'bitcast' 'bitcast_ln87_1' <Predicate = true> <Delay = 0.00>
ST_47 : Operation 753 [1/1] (0.00ns)   --->   "%tmp_10 = partselect i8 @_ssdm_op_PartSelect.i8.i32.i32.i32, i32 %bitcast_ln87_1, i32 23, i32 30" [flood_HLS_base.cpp:87]   --->   Operation 753 'partselect' 'tmp_10' <Predicate = true> <Delay = 0.00>
ST_47 : Operation 754 [1/1] (0.00ns)   --->   "%trunc_ln87_1 = trunc i32 %bitcast_ln87_1" [flood_HLS_base.cpp:87]   --->   Operation 754 'trunc' 'trunc_ln87_1' <Predicate = true> <Delay = 0.00>
ST_47 : Operation 755 [1/1] (0.70ns)   --->   "%icmp_ln87 = icmp_ne  i8 %tmp_10, i8 255" [flood_HLS_base.cpp:87]   --->   Operation 755 'icmp' 'icmp_ln87' <Predicate = true> <Delay = 0.70> <CoreInst = "Cmp">   --->   Core 9 'Cmp' <Latency = 0> <II = 1> <Delay = 0.70> <FuncUnit> <Opcode : 'seteq' 'setne' 'setle' 'setge' 'setlt' 'setgt'> <InPorts = 2> <OutPorts = 1>
ST_47 : Operation 756 [1/1] (0.82ns)   --->   "%icmp_ln87_1 = icmp_eq  i23 %trunc_ln87_1, i23 0" [flood_HLS_base.cpp:87]   --->   Operation 756 'icmp' 'icmp_ln87_1' <Predicate = true> <Delay = 0.82> <CoreInst = "Cmp">   --->   Core 9 'Cmp' <Latency = 0> <II = 1> <Delay = 0.82> <FuncUnit> <Opcode : 'seteq' 'setne' 'setle' 'setge' 'setlt' 'setgt'> <InPorts = 2> <OutPorts = 1>
ST_47 : Operation 757 [2/2] (1.64ns)   --->   "%tmp_11 = fcmp_olt  i32 %sub1, i32 0" [flood_HLS_base.cpp:87]   --->   Operation 757 'fcmp' 'tmp_11' <Predicate = true> <Delay = 1.64> <CoreInst = "FCompare">   --->   Core 19 'FCompare' <Latency = 1> <II = 1> <Delay = 1.64> <FuncUnit> <Opcode : 'fcmp'> <InPorts = 2> <OutPorts = 1>
ST_47 : Operation 758 [4/4] (2.32ns)   --->   "%sub112_op = fmul i32 %sub1, i32 50" [flood_HLS_base.cpp:87]   --->   Operation 758 'fmul' 'sub112_op' <Predicate = true> <Delay = 2.32> <CoreInst = "FMul_maxdsp">   --->   Core 30 'FMul_maxdsp' <Latency = 3> <II = 1> <Delay = 2.32> <FuncUnit> <Opcode : 'fmul'> <InPorts = 2> <OutPorts = 1>
ST_47 : Operation 759 [1/2] (1.64ns)   --->   "%tmp_13 = fcmp_olt  i32 %add4, i32 30" [flood_HLS_base.cpp:88]   --->   Operation 759 'fcmp' 'tmp_13' <Predicate = true> <Delay = 1.64> <CoreInst = "FCompare">   --->   Core 19 'FCompare' <Latency = 1> <II = 1> <Delay = 1.64> <FuncUnit> <Opcode : 'fcmp'> <InPorts = 2> <OutPorts = 1>
ST_47 : Operation 760 [3/4] (2.32ns)   --->   "%add137_op = fmul i32 %add4, i32 50" [flood_HLS_base.cpp:88]   --->   Operation 760 'fmul' 'add137_op' <Predicate = true> <Delay = 2.32> <CoreInst = "FMul_maxdsp">   --->   Core 30 'FMul_maxdsp' <Latency = 3> <II = 1> <Delay = 2.32> <FuncUnit> <Opcode : 'fmul'> <InPorts = 2> <OutPorts = 1>

State 48 <SV = 24> <Delay = 2.32>
ST_48 : Operation 761 [1/2] (1.64ns)   --->   "%tmp_4 = fcmp_olt  i32 %sub, i32 0" [flood_HLS_base.cpp:85]   --->   Operation 761 'fcmp' 'tmp_4' <Predicate = true> <Delay = 1.64> <CoreInst = "FCompare">   --->   Core 19 'FCompare' <Latency = 1> <II = 1> <Delay = 1.64> <FuncUnit> <Opcode : 'fcmp'> <InPorts = 2> <OutPorts = 1>
ST_48 : Operation 762 [3/4] (2.32ns)   --->   "%sub_op = fmul i32 %sub, i32 50" [flood_HLS_base.cpp:85]   --->   Operation 762 'fmul' 'sub_op' <Predicate = true> <Delay = 2.32> <CoreInst = "FMul_maxdsp">   --->   Core 30 'FMul_maxdsp' <Latency = 3> <II = 1> <Delay = 2.32> <FuncUnit> <Opcode : 'fmul'> <InPorts = 2> <OutPorts = 1>
ST_48 : Operation 763 [2/4] (2.32ns)   --->   "%add87_op = fmul i32 %add3, i32 50" [flood_HLS_base.cpp:86]   --->   Operation 763 'fmul' 'add87_op' <Predicate = true> <Delay = 2.32> <CoreInst = "FMul_maxdsp">   --->   Core 30 'FMul_maxdsp' <Latency = 3> <II = 1> <Delay = 2.32> <FuncUnit> <Opcode : 'fmul'> <InPorts = 2> <OutPorts = 1>
ST_48 : Operation 764 [1/2] (1.64ns)   --->   "%tmp_11 = fcmp_olt  i32 %sub1, i32 0" [flood_HLS_base.cpp:87]   --->   Operation 764 'fcmp' 'tmp_11' <Predicate = true> <Delay = 1.64> <CoreInst = "FCompare">   --->   Core 19 'FCompare' <Latency = 1> <II = 1> <Delay = 1.64> <FuncUnit> <Opcode : 'fcmp'> <InPorts = 2> <OutPorts = 1>
ST_48 : Operation 765 [3/4] (2.32ns)   --->   "%sub112_op = fmul i32 %sub1, i32 50" [flood_HLS_base.cpp:87]   --->   Operation 765 'fmul' 'sub112_op' <Predicate = true> <Delay = 2.32> <CoreInst = "FMul_maxdsp">   --->   Core 30 'FMul_maxdsp' <Latency = 3> <II = 1> <Delay = 2.32> <FuncUnit> <Opcode : 'fmul'> <InPorts = 2> <OutPorts = 1>
ST_48 : Operation 766 [2/4] (2.32ns)   --->   "%add137_op = fmul i32 %add4, i32 50" [flood_HLS_base.cpp:88]   --->   Operation 766 'fmul' 'add137_op' <Predicate = true> <Delay = 2.32> <CoreInst = "FMul_maxdsp">   --->   Core 30 'FMul_maxdsp' <Latency = 3> <II = 1> <Delay = 2.32> <FuncUnit> <Opcode : 'fmul'> <InPorts = 2> <OutPorts = 1>

State 49 <SV = 25> <Delay = 2.54>
ST_49 : Operation 767 [2/4] (2.32ns)   --->   "%sub_op = fmul i32 %sub, i32 50" [flood_HLS_base.cpp:85]   --->   Operation 767 'fmul' 'sub_op' <Predicate = true> <Delay = 2.32> <CoreInst = "FMul_maxdsp">   --->   Core 30 'FMul_maxdsp' <Latency = 3> <II = 1> <Delay = 2.32> <FuncUnit> <Opcode : 'fmul'> <InPorts = 2> <OutPorts = 1>
ST_49 : Operation 768 [1/1] (0.00ns) (grouped into LUT with out node select_ln86)   --->   "%or_ln86 = or i1 %icmp_ln86_1, i1 %icmp_ln86" [flood_HLS_base.cpp:86]   --->   Operation 768 'or' 'or_ln86' <Predicate = true> <Delay = 0.00> <CoreInst = "LogicGate">   --->   Core 74 'LogicGate' <Latency = 0> <II = 1> <Delay = 0.12> <FuncUnit> <Opcode : 'and' 'or' 'xor'> <InPorts = 2> <OutPorts = 1>
ST_49 : Operation 769 [1/1] (0.00ns) (grouped into LUT with out node select_ln86)   --->   "%and_ln86 = and i1 %or_ln86, i1 %tmp_6" [flood_HLS_base.cpp:86]   --->   Operation 769 'and' 'and_ln86' <Predicate = true> <Delay = 0.00> <CoreInst = "LogicGate">   --->   Core 74 'LogicGate' <Latency = 0> <II = 1> <Delay = 0.12> <FuncUnit> <Opcode : 'and' 'or' 'xor'> <InPorts = 2> <OutPorts = 1>
ST_49 : Operation 770 [1/4] (2.32ns)   --->   "%add87_op = fmul i32 %add3, i32 50" [flood_HLS_base.cpp:86]   --->   Operation 770 'fmul' 'add87_op' <Predicate = true> <Delay = 2.32> <CoreInst = "FMul_maxdsp">   --->   Core 30 'FMul_maxdsp' <Latency = 3> <II = 1> <Delay = 2.32> <FuncUnit> <Opcode : 'fmul'> <InPorts = 2> <OutPorts = 1>
ST_49 : Operation 771 [1/1] (0.22ns) (out node of the LUT)   --->   "%select_ln86 = select i1 %and_ln86, i32 %add87_op, i32 1500" [flood_HLS_base.cpp:86]   --->   Operation 771 'select' 'select_ln86' <Predicate = true> <Delay = 0.22> <CoreInst = "Sel">   --->   Core 73 'Sel' <Latency = 0> <II = 1> <Delay = 0.22> <FuncUnit> <Opcode : 'select'> <InPorts = 3> <OutPorts = 1>
ST_49 : Operation 772 [2/4] (2.32ns)   --->   "%sub112_op = fmul i32 %sub1, i32 50" [flood_HLS_base.cpp:87]   --->   Operation 772 'fmul' 'sub112_op' <Predicate = true> <Delay = 2.32> <CoreInst = "FMul_maxdsp">   --->   Core 30 'FMul_maxdsp' <Latency = 3> <II = 1> <Delay = 2.32> <FuncUnit> <Opcode : 'fmul'> <InPorts = 2> <OutPorts = 1>
ST_49 : Operation 773 [1/1] (0.00ns) (grouped into LUT with out node select_ln88)   --->   "%or_ln88 = or i1 %icmp_ln88_1, i1 %icmp_ln88" [flood_HLS_base.cpp:88]   --->   Operation 773 'or' 'or_ln88' <Predicate = true> <Delay = 0.00> <CoreInst = "LogicGate">   --->   Core 74 'LogicGate' <Latency = 0> <II = 1> <Delay = 0.12> <FuncUnit> <Opcode : 'and' 'or' 'xor'> <InPorts = 2> <OutPorts = 1>
ST_49 : Operation 774 [1/1] (0.00ns) (grouped into LUT with out node select_ln88)   --->   "%and_ln88 = and i1 %or_ln88, i1 %tmp_13" [flood_HLS_base.cpp:88]   --->   Operation 774 'and' 'and_ln88' <Predicate = true> <Delay = 0.00> <CoreInst = "LogicGate">   --->   Core 74 'LogicGate' <Latency = 0> <II = 1> <Delay = 0.12> <FuncUnit> <Opcode : 'and' 'or' 'xor'> <InPorts = 2> <OutPorts = 1>
ST_49 : Operation 775 [1/4] (2.32ns)   --->   "%add137_op = fmul i32 %add4, i32 50" [flood_HLS_base.cpp:88]   --->   Operation 775 'fmul' 'add137_op' <Predicate = true> <Delay = 2.32> <CoreInst = "FMul_maxdsp">   --->   Core 30 'FMul_maxdsp' <Latency = 3> <II = 1> <Delay = 2.32> <FuncUnit> <Opcode : 'fmul'> <InPorts = 2> <OutPorts = 1>
ST_49 : Operation 776 [1/1] (0.22ns) (out node of the LUT)   --->   "%select_ln88 = select i1 %and_ln88, i32 %add137_op, i32 1500" [flood_HLS_base.cpp:88]   --->   Operation 776 'select' 'select_ln88' <Predicate = true> <Delay = 0.22> <CoreInst = "Sel">   --->   Core 73 'Sel' <Latency = 0> <II = 1> <Delay = 0.22> <FuncUnit> <Opcode : 'select'> <InPorts = 3> <OutPorts = 1>

State 50 <SV = 26> <Delay = 2.54>
ST_50 : Operation 777 [1/1] (0.00ns) (grouped into LUT with out node select_ln85)   --->   "%or_ln85 = or i1 %icmp_ln85_1, i1 %icmp_ln85" [flood_HLS_base.cpp:85]   --->   Operation 777 'or' 'or_ln85' <Predicate = true> <Delay = 0.00> <CoreInst = "LogicGate">   --->   Core 74 'LogicGate' <Latency = 0> <II = 1> <Delay = 0.12> <FuncUnit> <Opcode : 'and' 'or' 'xor'> <InPorts = 2> <OutPorts = 1>
ST_50 : Operation 778 [1/1] (0.00ns) (grouped into LUT with out node select_ln85)   --->   "%and_ln85 = and i1 %or_ln85, i1 %tmp_4" [flood_HLS_base.cpp:85]   --->   Operation 778 'and' 'and_ln85' <Predicate = true> <Delay = 0.00> <CoreInst = "LogicGate">   --->   Core 74 'LogicGate' <Latency = 0> <II = 1> <Delay = 0.12> <FuncUnit> <Opcode : 'and' 'or' 'xor'> <InPorts = 2> <OutPorts = 1>
ST_50 : Operation 779 [1/4] (2.32ns)   --->   "%sub_op = fmul i32 %sub, i32 50" [flood_HLS_base.cpp:85]   --->   Operation 779 'fmul' 'sub_op' <Predicate = true> <Delay = 2.32> <CoreInst = "FMul_maxdsp">   --->   Core 30 'FMul_maxdsp' <Latency = 3> <II = 1> <Delay = 2.32> <FuncUnit> <Opcode : 'fmul'> <InPorts = 2> <OutPorts = 1>
ST_50 : Operation 780 [1/1] (0.22ns) (out node of the LUT)   --->   "%select_ln85 = select i1 %and_ln85, i32 0, i32 %sub_op" [flood_HLS_base.cpp:85]   --->   Operation 780 'select' 'select_ln85' <Predicate = true> <Delay = 0.22> <CoreInst = "Sel">   --->   Core 73 'Sel' <Latency = 0> <II = 1> <Delay = 0.22> <FuncUnit> <Opcode : 'select'> <InPorts = 3> <OutPorts = 1>
ST_50 : Operation 781 [12/12] (2.32ns)   --->   "%row_end = fdiv i32 %select_ln86, i32 30" [flood_HLS_base.cpp:86]   --->   Operation 781 'fdiv' 'row_end' <Predicate = true> <Delay = 2.32> <CoreInst = "FDiv">   --->   Core 20 'FDiv' <Latency = 11> <II = 1> <Delay = 2.32> <FuncUnit> <Opcode : 'fdiv' 'frem'> <InPorts = 2> <OutPorts = 1>
ST_50 : Operation 782 [1/1] (0.00ns) (grouped into LUT with out node select_ln87)   --->   "%or_ln87 = or i1 %icmp_ln87_1, i1 %icmp_ln87" [flood_HLS_base.cpp:87]   --->   Operation 782 'or' 'or_ln87' <Predicate = true> <Delay = 0.00> <CoreInst = "LogicGate">   --->   Core 74 'LogicGate' <Latency = 0> <II = 1> <Delay = 0.12> <FuncUnit> <Opcode : 'and' 'or' 'xor'> <InPorts = 2> <OutPorts = 1>
ST_50 : Operation 783 [1/1] (0.00ns) (grouped into LUT with out node select_ln87)   --->   "%and_ln87 = and i1 %or_ln87, i1 %tmp_11" [flood_HLS_base.cpp:87]   --->   Operation 783 'and' 'and_ln87' <Predicate = true> <Delay = 0.00> <CoreInst = "LogicGate">   --->   Core 74 'LogicGate' <Latency = 0> <II = 1> <Delay = 0.12> <FuncUnit> <Opcode : 'and' 'or' 'xor'> <InPorts = 2> <OutPorts = 1>
ST_50 : Operation 784 [1/4] (2.32ns)   --->   "%sub112_op = fmul i32 %sub1, i32 50" [flood_HLS_base.cpp:87]   --->   Operation 784 'fmul' 'sub112_op' <Predicate = true> <Delay = 2.32> <CoreInst = "FMul_maxdsp">   --->   Core 30 'FMul_maxdsp' <Latency = 3> <II = 1> <Delay = 2.32> <FuncUnit> <Opcode : 'fmul'> <InPorts = 2> <OutPorts = 1>
ST_50 : Operation 785 [1/1] (0.22ns) (out node of the LUT)   --->   "%select_ln87 = select i1 %and_ln87, i32 0, i32 %sub112_op" [flood_HLS_base.cpp:87]   --->   Operation 785 'select' 'select_ln87' <Predicate = true> <Delay = 0.22> <CoreInst = "Sel">   --->   Core 73 'Sel' <Latency = 0> <II = 1> <Delay = 0.22> <FuncUnit> <Opcode : 'select'> <InPorts = 3> <OutPorts = 1>
ST_50 : Operation 786 [12/12] (2.32ns)   --->   "%col_end = fdiv i32 %select_ln88, i32 30" [flood_HLS_base.cpp:88]   --->   Operation 786 'fdiv' 'col_end' <Predicate = true> <Delay = 2.32> <CoreInst = "FDiv">   --->   Core 20 'FDiv' <Latency = 11> <II = 1> <Delay = 2.32> <FuncUnit> <Opcode : 'fdiv' 'frem'> <InPorts = 2> <OutPorts = 1>

State 51 <SV = 27> <Delay = 2.32>
ST_51 : Operation 787 [12/12] (2.32ns)   --->   "%row_start = fdiv i32 %select_ln85, i32 30" [flood_HLS_base.cpp:85]   --->   Operation 787 'fdiv' 'row_start' <Predicate = true> <Delay = 2.32> <CoreInst = "FDiv">   --->   Core 20 'FDiv' <Latency = 11> <II = 1> <Delay = 2.32> <FuncUnit> <Opcode : 'fdiv' 'frem'> <InPorts = 2> <OutPorts = 1>
ST_51 : Operation 788 [11/12] (2.32ns)   --->   "%row_end = fdiv i32 %select_ln86, i32 30" [flood_HLS_base.cpp:86]   --->   Operation 788 'fdiv' 'row_end' <Predicate = true> <Delay = 2.32> <CoreInst = "FDiv">   --->   Core 20 'FDiv' <Latency = 11> <II = 1> <Delay = 2.32> <FuncUnit> <Opcode : 'fdiv' 'frem'> <InPorts = 2> <OutPorts = 1>
ST_51 : Operation 789 [12/12] (2.32ns)   --->   "%col_start = fdiv i32 %select_ln87, i32 30" [flood_HLS_base.cpp:87]   --->   Operation 789 'fdiv' 'col_start' <Predicate = true> <Delay = 2.32> <CoreInst = "FDiv">   --->   Core 20 'FDiv' <Latency = 11> <II = 1> <Delay = 2.32> <FuncUnit> <Opcode : 'fdiv' 'frem'> <InPorts = 2> <OutPorts = 1>
ST_51 : Operation 790 [11/12] (2.32ns)   --->   "%col_end = fdiv i32 %select_ln88, i32 30" [flood_HLS_base.cpp:88]   --->   Operation 790 'fdiv' 'col_end' <Predicate = true> <Delay = 2.32> <CoreInst = "FDiv">   --->   Core 20 'FDiv' <Latency = 11> <II = 1> <Delay = 2.32> <FuncUnit> <Opcode : 'fdiv' 'frem'> <InPorts = 2> <OutPorts = 1>

State 52 <SV = 28> <Delay = 2.32>
ST_52 : Operation 791 [11/12] (2.32ns)   --->   "%row_start = fdiv i32 %select_ln85, i32 30" [flood_HLS_base.cpp:85]   --->   Operation 791 'fdiv' 'row_start' <Predicate = true> <Delay = 2.32> <CoreInst = "FDiv">   --->   Core 20 'FDiv' <Latency = 11> <II = 1> <Delay = 2.32> <FuncUnit> <Opcode : 'fdiv' 'frem'> <InPorts = 2> <OutPorts = 1>
ST_52 : Operation 792 [10/12] (2.32ns)   --->   "%row_end = fdiv i32 %select_ln86, i32 30" [flood_HLS_base.cpp:86]   --->   Operation 792 'fdiv' 'row_end' <Predicate = true> <Delay = 2.32> <CoreInst = "FDiv">   --->   Core 20 'FDiv' <Latency = 11> <II = 1> <Delay = 2.32> <FuncUnit> <Opcode : 'fdiv' 'frem'> <InPorts = 2> <OutPorts = 1>
ST_52 : Operation 793 [11/12] (2.32ns)   --->   "%col_start = fdiv i32 %select_ln87, i32 30" [flood_HLS_base.cpp:87]   --->   Operation 793 'fdiv' 'col_start' <Predicate = true> <Delay = 2.32> <CoreInst = "FDiv">   --->   Core 20 'FDiv' <Latency = 11> <II = 1> <Delay = 2.32> <FuncUnit> <Opcode : 'fdiv' 'frem'> <InPorts = 2> <OutPorts = 1>
ST_52 : Operation 794 [10/12] (2.32ns)   --->   "%col_end = fdiv i32 %select_ln88, i32 30" [flood_HLS_base.cpp:88]   --->   Operation 794 'fdiv' 'col_end' <Predicate = true> <Delay = 2.32> <CoreInst = "FDiv">   --->   Core 20 'FDiv' <Latency = 11> <II = 1> <Delay = 2.32> <FuncUnit> <Opcode : 'fdiv' 'frem'> <InPorts = 2> <OutPorts = 1>

State 53 <SV = 29> <Delay = 2.32>
ST_53 : Operation 795 [10/12] (2.32ns)   --->   "%row_start = fdiv i32 %select_ln85, i32 30" [flood_HLS_base.cpp:85]   --->   Operation 795 'fdiv' 'row_start' <Predicate = true> <Delay = 2.32> <CoreInst = "FDiv">   --->   Core 20 'FDiv' <Latency = 11> <II = 1> <Delay = 2.32> <FuncUnit> <Opcode : 'fdiv' 'frem'> <InPorts = 2> <OutPorts = 1>
ST_53 : Operation 796 [9/12] (2.32ns)   --->   "%row_end = fdiv i32 %select_ln86, i32 30" [flood_HLS_base.cpp:86]   --->   Operation 796 'fdiv' 'row_end' <Predicate = true> <Delay = 2.32> <CoreInst = "FDiv">   --->   Core 20 'FDiv' <Latency = 11> <II = 1> <Delay = 2.32> <FuncUnit> <Opcode : 'fdiv' 'frem'> <InPorts = 2> <OutPorts = 1>
ST_53 : Operation 797 [10/12] (2.32ns)   --->   "%col_start = fdiv i32 %select_ln87, i32 30" [flood_HLS_base.cpp:87]   --->   Operation 797 'fdiv' 'col_start' <Predicate = true> <Delay = 2.32> <CoreInst = "FDiv">   --->   Core 20 'FDiv' <Latency = 11> <II = 1> <Delay = 2.32> <FuncUnit> <Opcode : 'fdiv' 'frem'> <InPorts = 2> <OutPorts = 1>
ST_53 : Operation 798 [9/12] (2.32ns)   --->   "%col_end = fdiv i32 %select_ln88, i32 30" [flood_HLS_base.cpp:88]   --->   Operation 798 'fdiv' 'col_end' <Predicate = true> <Delay = 2.32> <CoreInst = "FDiv">   --->   Core 20 'FDiv' <Latency = 11> <II = 1> <Delay = 2.32> <FuncUnit> <Opcode : 'fdiv' 'frem'> <InPorts = 2> <OutPorts = 1>

State 54 <SV = 30> <Delay = 2.32>
ST_54 : Operation 799 [9/12] (2.32ns)   --->   "%row_start = fdiv i32 %select_ln85, i32 30" [flood_HLS_base.cpp:85]   --->   Operation 799 'fdiv' 'row_start' <Predicate = true> <Delay = 2.32> <CoreInst = "FDiv">   --->   Core 20 'FDiv' <Latency = 11> <II = 1> <Delay = 2.32> <FuncUnit> <Opcode : 'fdiv' 'frem'> <InPorts = 2> <OutPorts = 1>
ST_54 : Operation 800 [8/12] (2.32ns)   --->   "%row_end = fdiv i32 %select_ln86, i32 30" [flood_HLS_base.cpp:86]   --->   Operation 800 'fdiv' 'row_end' <Predicate = true> <Delay = 2.32> <CoreInst = "FDiv">   --->   Core 20 'FDiv' <Latency = 11> <II = 1> <Delay = 2.32> <FuncUnit> <Opcode : 'fdiv' 'frem'> <InPorts = 2> <OutPorts = 1>
ST_54 : Operation 801 [9/12] (2.32ns)   --->   "%col_start = fdiv i32 %select_ln87, i32 30" [flood_HLS_base.cpp:87]   --->   Operation 801 'fdiv' 'col_start' <Predicate = true> <Delay = 2.32> <CoreInst = "FDiv">   --->   Core 20 'FDiv' <Latency = 11> <II = 1> <Delay = 2.32> <FuncUnit> <Opcode : 'fdiv' 'frem'> <InPorts = 2> <OutPorts = 1>
ST_54 : Operation 802 [8/12] (2.32ns)   --->   "%col_end = fdiv i32 %select_ln88, i32 30" [flood_HLS_base.cpp:88]   --->   Operation 802 'fdiv' 'col_end' <Predicate = true> <Delay = 2.32> <CoreInst = "FDiv">   --->   Core 20 'FDiv' <Latency = 11> <II = 1> <Delay = 2.32> <FuncUnit> <Opcode : 'fdiv' 'frem'> <InPorts = 2> <OutPorts = 1>

State 55 <SV = 31> <Delay = 2.32>
ST_55 : Operation 803 [8/12] (2.32ns)   --->   "%row_start = fdiv i32 %select_ln85, i32 30" [flood_HLS_base.cpp:85]   --->   Operation 803 'fdiv' 'row_start' <Predicate = true> <Delay = 2.32> <CoreInst = "FDiv">   --->   Core 20 'FDiv' <Latency = 11> <II = 1> <Delay = 2.32> <FuncUnit> <Opcode : 'fdiv' 'frem'> <InPorts = 2> <OutPorts = 1>
ST_55 : Operation 804 [7/12] (2.32ns)   --->   "%row_end = fdiv i32 %select_ln86, i32 30" [flood_HLS_base.cpp:86]   --->   Operation 804 'fdiv' 'row_end' <Predicate = true> <Delay = 2.32> <CoreInst = "FDiv">   --->   Core 20 'FDiv' <Latency = 11> <II = 1> <Delay = 2.32> <FuncUnit> <Opcode : 'fdiv' 'frem'> <InPorts = 2> <OutPorts = 1>
ST_55 : Operation 805 [8/12] (2.32ns)   --->   "%col_start = fdiv i32 %select_ln87, i32 30" [flood_HLS_base.cpp:87]   --->   Operation 805 'fdiv' 'col_start' <Predicate = true> <Delay = 2.32> <CoreInst = "FDiv">   --->   Core 20 'FDiv' <Latency = 11> <II = 1> <Delay = 2.32> <FuncUnit> <Opcode : 'fdiv' 'frem'> <InPorts = 2> <OutPorts = 1>
ST_55 : Operation 806 [7/12] (2.32ns)   --->   "%col_end = fdiv i32 %select_ln88, i32 30" [flood_HLS_base.cpp:88]   --->   Operation 806 'fdiv' 'col_end' <Predicate = true> <Delay = 2.32> <CoreInst = "FDiv">   --->   Core 20 'FDiv' <Latency = 11> <II = 1> <Delay = 2.32> <FuncUnit> <Opcode : 'fdiv' 'frem'> <InPorts = 2> <OutPorts = 1>

State 56 <SV = 32> <Delay = 2.32>
ST_56 : Operation 807 [7/12] (2.32ns)   --->   "%row_start = fdiv i32 %select_ln85, i32 30" [flood_HLS_base.cpp:85]   --->   Operation 807 'fdiv' 'row_start' <Predicate = true> <Delay = 2.32> <CoreInst = "FDiv">   --->   Core 20 'FDiv' <Latency = 11> <II = 1> <Delay = 2.32> <FuncUnit> <Opcode : 'fdiv' 'frem'> <InPorts = 2> <OutPorts = 1>
ST_56 : Operation 808 [6/12] (2.32ns)   --->   "%row_end = fdiv i32 %select_ln86, i32 30" [flood_HLS_base.cpp:86]   --->   Operation 808 'fdiv' 'row_end' <Predicate = true> <Delay = 2.32> <CoreInst = "FDiv">   --->   Core 20 'FDiv' <Latency = 11> <II = 1> <Delay = 2.32> <FuncUnit> <Opcode : 'fdiv' 'frem'> <InPorts = 2> <OutPorts = 1>
ST_56 : Operation 809 [7/12] (2.32ns)   --->   "%col_start = fdiv i32 %select_ln87, i32 30" [flood_HLS_base.cpp:87]   --->   Operation 809 'fdiv' 'col_start' <Predicate = true> <Delay = 2.32> <CoreInst = "FDiv">   --->   Core 20 'FDiv' <Latency = 11> <II = 1> <Delay = 2.32> <FuncUnit> <Opcode : 'fdiv' 'frem'> <InPorts = 2> <OutPorts = 1>
ST_56 : Operation 810 [6/12] (2.32ns)   --->   "%col_end = fdiv i32 %select_ln88, i32 30" [flood_HLS_base.cpp:88]   --->   Operation 810 'fdiv' 'col_end' <Predicate = true> <Delay = 2.32> <CoreInst = "FDiv">   --->   Core 20 'FDiv' <Latency = 11> <II = 1> <Delay = 2.32> <FuncUnit> <Opcode : 'fdiv' 'frem'> <InPorts = 2> <OutPorts = 1>

State 57 <SV = 33> <Delay = 2.32>
ST_57 : Operation 811 [6/12] (2.32ns)   --->   "%row_start = fdiv i32 %select_ln85, i32 30" [flood_HLS_base.cpp:85]   --->   Operation 811 'fdiv' 'row_start' <Predicate = true> <Delay = 2.32> <CoreInst = "FDiv">   --->   Core 20 'FDiv' <Latency = 11> <II = 1> <Delay = 2.32> <FuncUnit> <Opcode : 'fdiv' 'frem'> <InPorts = 2> <OutPorts = 1>
ST_57 : Operation 812 [5/12] (2.32ns)   --->   "%row_end = fdiv i32 %select_ln86, i32 30" [flood_HLS_base.cpp:86]   --->   Operation 812 'fdiv' 'row_end' <Predicate = true> <Delay = 2.32> <CoreInst = "FDiv">   --->   Core 20 'FDiv' <Latency = 11> <II = 1> <Delay = 2.32> <FuncUnit> <Opcode : 'fdiv' 'frem'> <InPorts = 2> <OutPorts = 1>
ST_57 : Operation 813 [6/12] (2.32ns)   --->   "%col_start = fdiv i32 %select_ln87, i32 30" [flood_HLS_base.cpp:87]   --->   Operation 813 'fdiv' 'col_start' <Predicate = true> <Delay = 2.32> <CoreInst = "FDiv">   --->   Core 20 'FDiv' <Latency = 11> <II = 1> <Delay = 2.32> <FuncUnit> <Opcode : 'fdiv' 'frem'> <InPorts = 2> <OutPorts = 1>
ST_57 : Operation 814 [5/12] (2.32ns)   --->   "%col_end = fdiv i32 %select_ln88, i32 30" [flood_HLS_base.cpp:88]   --->   Operation 814 'fdiv' 'col_end' <Predicate = true> <Delay = 2.32> <CoreInst = "FDiv">   --->   Core 20 'FDiv' <Latency = 11> <II = 1> <Delay = 2.32> <FuncUnit> <Opcode : 'fdiv' 'frem'> <InPorts = 2> <OutPorts = 1>

State 58 <SV = 34> <Delay = 2.32>
ST_58 : Operation 815 [5/12] (2.32ns)   --->   "%row_start = fdiv i32 %select_ln85, i32 30" [flood_HLS_base.cpp:85]   --->   Operation 815 'fdiv' 'row_start' <Predicate = true> <Delay = 2.32> <CoreInst = "FDiv">   --->   Core 20 'FDiv' <Latency = 11> <II = 1> <Delay = 2.32> <FuncUnit> <Opcode : 'fdiv' 'frem'> <InPorts = 2> <OutPorts = 1>
ST_58 : Operation 816 [4/12] (2.32ns)   --->   "%row_end = fdiv i32 %select_ln86, i32 30" [flood_HLS_base.cpp:86]   --->   Operation 816 'fdiv' 'row_end' <Predicate = true> <Delay = 2.32> <CoreInst = "FDiv">   --->   Core 20 'FDiv' <Latency = 11> <II = 1> <Delay = 2.32> <FuncUnit> <Opcode : 'fdiv' 'frem'> <InPorts = 2> <OutPorts = 1>
ST_58 : Operation 817 [5/12] (2.32ns)   --->   "%col_start = fdiv i32 %select_ln87, i32 30" [flood_HLS_base.cpp:87]   --->   Operation 817 'fdiv' 'col_start' <Predicate = true> <Delay = 2.32> <CoreInst = "FDiv">   --->   Core 20 'FDiv' <Latency = 11> <II = 1> <Delay = 2.32> <FuncUnit> <Opcode : 'fdiv' 'frem'> <InPorts = 2> <OutPorts = 1>
ST_58 : Operation 818 [4/12] (2.32ns)   --->   "%col_end = fdiv i32 %select_ln88, i32 30" [flood_HLS_base.cpp:88]   --->   Operation 818 'fdiv' 'col_end' <Predicate = true> <Delay = 2.32> <CoreInst = "FDiv">   --->   Core 20 'FDiv' <Latency = 11> <II = 1> <Delay = 2.32> <FuncUnit> <Opcode : 'fdiv' 'frem'> <InPorts = 2> <OutPorts = 1>

State 59 <SV = 35> <Delay = 2.32>
ST_59 : Operation 819 [4/12] (2.32ns)   --->   "%row_start = fdiv i32 %select_ln85, i32 30" [flood_HLS_base.cpp:85]   --->   Operation 819 'fdiv' 'row_start' <Predicate = true> <Delay = 2.32> <CoreInst = "FDiv">   --->   Core 20 'FDiv' <Latency = 11> <II = 1> <Delay = 2.32> <FuncUnit> <Opcode : 'fdiv' 'frem'> <InPorts = 2> <OutPorts = 1>
ST_59 : Operation 820 [3/12] (2.32ns)   --->   "%row_end = fdiv i32 %select_ln86, i32 30" [flood_HLS_base.cpp:86]   --->   Operation 820 'fdiv' 'row_end' <Predicate = true> <Delay = 2.32> <CoreInst = "FDiv">   --->   Core 20 'FDiv' <Latency = 11> <II = 1> <Delay = 2.32> <FuncUnit> <Opcode : 'fdiv' 'frem'> <InPorts = 2> <OutPorts = 1>
ST_59 : Operation 821 [4/12] (2.32ns)   --->   "%col_start = fdiv i32 %select_ln87, i32 30" [flood_HLS_base.cpp:87]   --->   Operation 821 'fdiv' 'col_start' <Predicate = true> <Delay = 2.32> <CoreInst = "FDiv">   --->   Core 20 'FDiv' <Latency = 11> <II = 1> <Delay = 2.32> <FuncUnit> <Opcode : 'fdiv' 'frem'> <InPorts = 2> <OutPorts = 1>
ST_59 : Operation 822 [3/12] (2.32ns)   --->   "%col_end = fdiv i32 %select_ln88, i32 30" [flood_HLS_base.cpp:88]   --->   Operation 822 'fdiv' 'col_end' <Predicate = true> <Delay = 2.32> <CoreInst = "FDiv">   --->   Core 20 'FDiv' <Latency = 11> <II = 1> <Delay = 2.32> <FuncUnit> <Opcode : 'fdiv' 'frem'> <InPorts = 2> <OutPorts = 1>

State 60 <SV = 36> <Delay = 2.32>
ST_60 : Operation 823 [3/12] (2.32ns)   --->   "%row_start = fdiv i32 %select_ln85, i32 30" [flood_HLS_base.cpp:85]   --->   Operation 823 'fdiv' 'row_start' <Predicate = true> <Delay = 2.32> <CoreInst = "FDiv">   --->   Core 20 'FDiv' <Latency = 11> <II = 1> <Delay = 2.32> <FuncUnit> <Opcode : 'fdiv' 'frem'> <InPorts = 2> <OutPorts = 1>
ST_60 : Operation 824 [2/12] (2.32ns)   --->   "%row_end = fdiv i32 %select_ln86, i32 30" [flood_HLS_base.cpp:86]   --->   Operation 824 'fdiv' 'row_end' <Predicate = true> <Delay = 2.32> <CoreInst = "FDiv">   --->   Core 20 'FDiv' <Latency = 11> <II = 1> <Delay = 2.32> <FuncUnit> <Opcode : 'fdiv' 'frem'> <InPorts = 2> <OutPorts = 1>
ST_60 : Operation 825 [3/12] (2.32ns)   --->   "%col_start = fdiv i32 %select_ln87, i32 30" [flood_HLS_base.cpp:87]   --->   Operation 825 'fdiv' 'col_start' <Predicate = true> <Delay = 2.32> <CoreInst = "FDiv">   --->   Core 20 'FDiv' <Latency = 11> <II = 1> <Delay = 2.32> <FuncUnit> <Opcode : 'fdiv' 'frem'> <InPorts = 2> <OutPorts = 1>
ST_60 : Operation 826 [2/12] (2.32ns)   --->   "%col_end = fdiv i32 %select_ln88, i32 30" [flood_HLS_base.cpp:88]   --->   Operation 826 'fdiv' 'col_end' <Predicate = true> <Delay = 2.32> <CoreInst = "FDiv">   --->   Core 20 'FDiv' <Latency = 11> <II = 1> <Delay = 2.32> <FuncUnit> <Opcode : 'fdiv' 'frem'> <InPorts = 2> <OutPorts = 1>

State 61 <SV = 37> <Delay = 2.32>
ST_61 : Operation 827 [2/12] (2.32ns)   --->   "%row_start = fdiv i32 %select_ln85, i32 30" [flood_HLS_base.cpp:85]   --->   Operation 827 'fdiv' 'row_start' <Predicate = true> <Delay = 2.32> <CoreInst = "FDiv">   --->   Core 20 'FDiv' <Latency = 11> <II = 1> <Delay = 2.32> <FuncUnit> <Opcode : 'fdiv' 'frem'> <InPorts = 2> <OutPorts = 1>
ST_61 : Operation 828 [1/12] (2.32ns)   --->   "%row_end = fdiv i32 %select_ln86, i32 30" [flood_HLS_base.cpp:86]   --->   Operation 828 'fdiv' 'row_end' <Predicate = true> <Delay = 2.32> <CoreInst = "FDiv">   --->   Core 20 'FDiv' <Latency = 11> <II = 1> <Delay = 2.32> <FuncUnit> <Opcode : 'fdiv' 'frem'> <InPorts = 2> <OutPorts = 1>
ST_61 : Operation 829 [2/12] (2.32ns)   --->   "%col_start = fdiv i32 %select_ln87, i32 30" [flood_HLS_base.cpp:87]   --->   Operation 829 'fdiv' 'col_start' <Predicate = true> <Delay = 2.32> <CoreInst = "FDiv">   --->   Core 20 'FDiv' <Latency = 11> <II = 1> <Delay = 2.32> <FuncUnit> <Opcode : 'fdiv' 'frem'> <InPorts = 2> <OutPorts = 1>
ST_61 : Operation 830 [1/12] (2.32ns)   --->   "%col_end = fdiv i32 %select_ln88, i32 30" [flood_HLS_base.cpp:88]   --->   Operation 830 'fdiv' 'col_end' <Predicate = true> <Delay = 2.32> <CoreInst = "FDiv">   --->   Core 20 'FDiv' <Latency = 11> <II = 1> <Delay = 2.32> <FuncUnit> <Opcode : 'fdiv' 'frem'> <InPorts = 2> <OutPorts = 1>

State 62 <SV = 38> <Delay = 2.32>
ST_62 : Operation 831 [1/1] (0.00ns)   --->   "%speclooptripcount_ln83 = speclooptripcount void @_ssdm_op_SpecLoopTripCount, i64 7, i64 7, i64 7" [flood_HLS_base.cpp:83]   --->   Operation 831 'speclooptripcount' 'speclooptripcount_ln83' <Predicate = true> <Delay = 0.00>
ST_62 : Operation 832 [1/1] (0.00ns)   --->   "%specloopname_ln83 = specloopname void @_ssdm_op_SpecLoopName, void @empty_6" [flood_HLS_base.cpp:83]   --->   Operation 832 'specloopname' 'specloopname_ln83' <Predicate = true> <Delay = 0.00>
ST_62 : Operation 833 [1/12] (2.32ns)   --->   "%row_start = fdiv i32 %select_ln85, i32 30" [flood_HLS_base.cpp:85]   --->   Operation 833 'fdiv' 'row_start' <Predicate = true> <Delay = 2.32> <CoreInst = "FDiv">   --->   Core 20 'FDiv' <Latency = 11> <II = 1> <Delay = 2.32> <FuncUnit> <Opcode : 'fdiv' 'frem'> <InPorts = 2> <OutPorts = 1>
ST_62 : Operation 834 [1/12] (2.32ns)   --->   "%col_start = fdiv i32 %select_ln87, i32 30" [flood_HLS_base.cpp:87]   --->   Operation 834 'fdiv' 'col_start' <Predicate = true> <Delay = 2.32> <CoreInst = "FDiv">   --->   Core 20 'FDiv' <Latency = 11> <II = 1> <Delay = 2.32> <FuncUnit> <Opcode : 'fdiv' 'frem'> <InPorts = 2> <OutPorts = 1>
ST_62 : Operation 835 [1/1] (0.00ns)   --->   "%bitcast_ln92 = bitcast i32 %row_end" [flood_HLS_base.cpp:92]   --->   Operation 835 'bitcast' 'bitcast_ln92' <Predicate = true> <Delay = 0.00>
ST_62 : Operation 836 [1/1] (0.00ns)   --->   "%tmp_14 = partselect i8 @_ssdm_op_PartSelect.i8.i32.i32.i32, i32 %bitcast_ln92, i32 23, i32 30" [flood_HLS_base.cpp:92]   --->   Operation 836 'partselect' 'tmp_14' <Predicate = true> <Delay = 0.00>
ST_62 : Operation 837 [1/1] (0.00ns)   --->   "%trunc_ln92 = trunc i32 %bitcast_ln92" [flood_HLS_base.cpp:92]   --->   Operation 837 'trunc' 'trunc_ln92' <Predicate = true> <Delay = 0.00>
ST_62 : Operation 838 [1/1] (0.70ns)   --->   "%icmp_ln92_2 = icmp_ne  i8 %tmp_14, i8 255" [flood_HLS_base.cpp:92]   --->   Operation 838 'icmp' 'icmp_ln92_2' <Predicate = true> <Delay = 0.70> <CoreInst = "Cmp">   --->   Core 9 'Cmp' <Latency = 0> <II = 1> <Delay = 0.70> <FuncUnit> <Opcode : 'seteq' 'setne' 'setle' 'setge' 'setlt' 'setgt'> <InPorts = 2> <OutPorts = 1>
ST_62 : Operation 839 [1/1] (0.82ns)   --->   "%icmp_ln92_3 = icmp_eq  i23 %trunc_ln92, i23 0" [flood_HLS_base.cpp:92]   --->   Operation 839 'icmp' 'icmp_ln92_3' <Predicate = true> <Delay = 0.82> <CoreInst = "Cmp">   --->   Core 9 'Cmp' <Latency = 0> <II = 1> <Delay = 0.82> <FuncUnit> <Opcode : 'seteq' 'setne' 'setle' 'setge' 'setlt' 'setgt'> <InPorts = 2> <OutPorts = 1>
ST_62 : Operation 840 [1/1] (0.12ns)   --->   "%or_ln92_1 = or i1 %icmp_ln92_3, i1 %icmp_ln92_2" [flood_HLS_base.cpp:92]   --->   Operation 840 'or' 'or_ln92_1' <Predicate = true> <Delay = 0.12> <CoreInst = "LogicGate">   --->   Core 74 'LogicGate' <Latency = 0> <II = 1> <Delay = 0.12> <FuncUnit> <Opcode : 'and' 'or' 'xor'> <InPorts = 2> <OutPorts = 1>
ST_62 : Operation 841 [1/1] (0.00ns)   --->   "%bitcast_ln93 = bitcast i32 %col_end" [flood_HLS_base.cpp:93]   --->   Operation 841 'bitcast' 'bitcast_ln93' <Predicate = true> <Delay = 0.00>
ST_62 : Operation 842 [1/1] (0.00ns)   --->   "%trunc_ln93 = trunc i32 %bitcast_ln93" [flood_HLS_base.cpp:93]   --->   Operation 842 'trunc' 'trunc_ln93' <Predicate = true> <Delay = 0.00>
ST_62 : Operation 843 [1/1] (0.82ns)   --->   "%icmp_ln93_3 = icmp_eq  i23 %trunc_ln93, i23 0" [flood_HLS_base.cpp:93]   --->   Operation 843 'icmp' 'icmp_ln93_3' <Predicate = true> <Delay = 0.82> <CoreInst = "Cmp">   --->   Core 9 'Cmp' <Latency = 0> <II = 1> <Delay = 0.82> <FuncUnit> <Opcode : 'seteq' 'setne' 'setle' 'setge' 'setlt' 'setgt'> <InPorts = 2> <OutPorts = 1>
ST_62 : Operation 844 [1/1] (0.38ns)   --->   "%br_ln92 = br void %for.cond156" [flood_HLS_base.cpp:92]   --->   Operation 844 'br' 'br_ln92' <Predicate = true> <Delay = 0.38>

State 63 <SV = 39> <Delay = 1.64>
ST_63 : Operation 845 [1/1] (0.00ns)   --->   "%row_pos_10 = phi i32 %row_start, void %for.body60.split, i32 %row_pos_6, void %for.inc239"   --->   Operation 845 'phi' 'row_pos_10' <Predicate = true> <Delay = 0.00>
ST_63 : Operation 846 [2/2] (1.64ns)   --->   "%tmp_19 = fcmp_olt  i32 %row_pos_10, i32 %row_end" [flood_HLS_base.cpp:92]   --->   Operation 846 'fcmp' 'tmp_19' <Predicate = true> <Delay = 1.64> <CoreInst = "FCompare">   --->   Core 19 'FCompare' <Latency = 1> <II = 1> <Delay = 1.64> <FuncUnit> <Opcode : 'fcmp'> <InPorts = 2> <OutPorts = 1>

State 64 <SV = 40> <Delay = 2.32>
ST_64 : Operation 847 [1/1] (0.00ns)   --->   "%empty_80 = phi i416 %empty_79, void %for.body60.split, i416 %empty_81, void %for.inc239" [flood_HLS_base.cpp:253]   --->   Operation 847 'phi' 'empty_80' <Predicate = true> <Delay = 0.00>
ST_64 : Operation 848 [1/1] (0.00ns)   --->   "%data_1 = bitcast i32 %row_pos_10" [flood_HLS_base.cpp:92]   --->   Operation 848 'bitcast' 'data_1' <Predicate = true> <Delay = 0.00>
ST_64 : Operation 849 [1/1] (0.00ns)   --->   "%xs_exp_1 = partselect i8 @_ssdm_op_PartSelect.i8.i32.i32.i32, i32 %data_1, i32 23, i32 30" [flood_HLS_base.cpp:92]   --->   Operation 849 'partselect' 'xs_exp_1' <Predicate = true> <Delay = 0.00>
ST_64 : Operation 850 [1/1] (0.00ns)   --->   "%trunc_ln92_1 = trunc i32 %data_1" [flood_HLS_base.cpp:92]   --->   Operation 850 'trunc' 'trunc_ln92_1' <Predicate = true> <Delay = 0.00>
ST_64 : Operation 851 [1/1] (0.70ns)   --->   "%icmp_ln92 = icmp_ne  i8 %xs_exp_1, i8 255" [flood_HLS_base.cpp:92]   --->   Operation 851 'icmp' 'icmp_ln92' <Predicate = true> <Delay = 0.70> <CoreInst = "Cmp">   --->   Core 9 'Cmp' <Latency = 0> <II = 1> <Delay = 0.70> <FuncUnit> <Opcode : 'seteq' 'setne' 'setle' 'setge' 'setlt' 'setgt'> <InPorts = 2> <OutPorts = 1>
ST_64 : Operation 852 [1/1] (0.82ns)   --->   "%icmp_ln92_1 = icmp_eq  i23 %trunc_ln92_1, i23 0" [flood_HLS_base.cpp:92]   --->   Operation 852 'icmp' 'icmp_ln92_1' <Predicate = true> <Delay = 0.82> <CoreInst = "Cmp">   --->   Core 9 'Cmp' <Latency = 0> <II = 1> <Delay = 0.82> <FuncUnit> <Opcode : 'seteq' 'setne' 'setle' 'setge' 'setlt' 'setgt'> <InPorts = 2> <OutPorts = 1>
ST_64 : Operation 853 [1/1] (0.00ns) (grouped into LUT with out node and_ln92_1)   --->   "%or_ln92 = or i1 %icmp_ln92_1, i1 %icmp_ln92" [flood_HLS_base.cpp:92]   --->   Operation 853 'or' 'or_ln92' <Predicate = true> <Delay = 0.00> <CoreInst = "LogicGate">   --->   Core 74 'LogicGate' <Latency = 0> <II = 1> <Delay = 0.12> <FuncUnit> <Opcode : 'and' 'or' 'xor'> <InPorts = 2> <OutPorts = 1>
ST_64 : Operation 854 [1/1] (0.00ns) (grouped into LUT with out node and_ln92_1)   --->   "%and_ln92 = and i1 %or_ln92, i1 %or_ln92_1" [flood_HLS_base.cpp:92]   --->   Operation 854 'and' 'and_ln92' <Predicate = true> <Delay = 0.00> <CoreInst = "LogicGate">   --->   Core 74 'LogicGate' <Latency = 0> <II = 1> <Delay = 0.12> <FuncUnit> <Opcode : 'and' 'or' 'xor'> <InPorts = 2> <OutPorts = 1>
ST_64 : Operation 855 [1/2] (1.64ns)   --->   "%tmp_19 = fcmp_olt  i32 %row_pos_10, i32 %row_end" [flood_HLS_base.cpp:92]   --->   Operation 855 'fcmp' 'tmp_19' <Predicate = true> <Delay = 1.64> <CoreInst = "FCompare">   --->   Core 19 'FCompare' <Latency = 1> <II = 1> <Delay = 1.64> <FuncUnit> <Opcode : 'fcmp'> <InPorts = 2> <OutPorts = 1>
ST_64 : Operation 856 [1/1] (0.12ns) (out node of the LUT)   --->   "%and_ln92_1 = and i1 %and_ln92, i1 %tmp_19" [flood_HLS_base.cpp:92]   --->   Operation 856 'and' 'and_ln92_1' <Predicate = true> <Delay = 0.12> <CoreInst = "LogicGate">   --->   Core 74 'LogicGate' <Latency = 0> <II = 1> <Delay = 0.12> <FuncUnit> <Opcode : 'and' 'or' 'xor'> <InPorts = 2> <OutPorts = 1>
ST_64 : Operation 857 [1/1] (0.00ns)   --->   "%br_ln92 = br i1 %and_ln92_1, void %for.inc242, void %VITIS_LOOP_93_8" [flood_HLS_base.cpp:92]   --->   Operation 857 'br' 'br_ln92' <Predicate = true> <Delay = 0.00>
ST_64 : Operation 858 [4/4] (2.32ns)   --->   "%mul = fmul i32 %row_pos_10, i32 30" [flood_HLS_base.cpp:85]   --->   Operation 858 'fmul' 'mul' <Predicate = (and_ln92_1)> <Delay = 2.32> <CoreInst = "FMul_maxdsp">   --->   Core 30 'FMul_maxdsp' <Latency = 3> <II = 1> <Delay = 2.32> <FuncUnit> <Opcode : 'fmul'> <InPorts = 2> <OutPorts = 1>
ST_64 : Operation 859 [1/1] (0.00ns)   --->   "%tmp_20 = partselect i8 @_ssdm_op_PartSelect.i8.i32.i32.i32, i32 %bitcast_ln93, i32 23, i32 30" [flood_HLS_base.cpp:93]   --->   Operation 859 'partselect' 'tmp_20' <Predicate = (and_ln92_1)> <Delay = 0.00>
ST_64 : Operation 860 [1/1] (0.70ns)   --->   "%icmp_ln93_2 = icmp_ne  i8 %tmp_20, i8 255" [flood_HLS_base.cpp:93]   --->   Operation 860 'icmp' 'icmp_ln93_2' <Predicate = (and_ln92_1)> <Delay = 0.70> <CoreInst = "Cmp">   --->   Core 9 'Cmp' <Latency = 0> <II = 1> <Delay = 0.70> <FuncUnit> <Opcode : 'seteq' 'setne' 'setle' 'setge' 'setlt' 'setgt'> <InPorts = 2> <OutPorts = 1>
ST_64 : Operation 861 [1/1] (0.12ns)   --->   "%or_ln93_1 = or i1 %icmp_ln93_3, i1 %icmp_ln93_2" [flood_HLS_base.cpp:93]   --->   Operation 861 'or' 'or_ln93_1' <Predicate = (and_ln92_1)> <Delay = 0.12> <CoreInst = "LogicGate">   --->   Core 74 'LogicGate' <Latency = 0> <II = 1> <Delay = 0.12> <FuncUnit> <Opcode : 'and' 'or' 'xor'> <InPorts = 2> <OutPorts = 1>
ST_64 : Operation 862 [1/1] (0.00ns)   --->   "%br_ln83 = br void %for.body60" [flood_HLS_base.cpp:83]   --->   Operation 862 'br' 'br_ln83' <Predicate = (!and_ln92_1)> <Delay = 0.00>

State 65 <SV = 41> <Delay = 2.32>
ST_65 : Operation 863 [3/4] (2.32ns)   --->   "%mul = fmul i32 %row_pos_10, i32 30" [flood_HLS_base.cpp:85]   --->   Operation 863 'fmul' 'mul' <Predicate = true> <Delay = 2.32> <CoreInst = "FMul_maxdsp">   --->   Core 30 'FMul_maxdsp' <Latency = 3> <II = 1> <Delay = 2.32> <FuncUnit> <Opcode : 'fmul'> <InPorts = 2> <OutPorts = 1>

State 66 <SV = 42> <Delay = 2.32>
ST_66 : Operation 864 [2/4] (2.32ns)   --->   "%mul = fmul i32 %row_pos_10, i32 30" [flood_HLS_base.cpp:85]   --->   Operation 864 'fmul' 'mul' <Predicate = true> <Delay = 2.32> <CoreInst = "FMul_maxdsp">   --->   Core 30 'FMul_maxdsp' <Latency = 3> <II = 1> <Delay = 2.32> <FuncUnit> <Opcode : 'fmul'> <InPorts = 2> <OutPorts = 1>

State 67 <SV = 43> <Delay = 2.32>
ST_67 : Operation 865 [1/4] (2.32ns)   --->   "%mul = fmul i32 %row_pos_10, i32 30" [flood_HLS_base.cpp:85]   --->   Operation 865 'fmul' 'mul' <Predicate = true> <Delay = 2.32> <CoreInst = "FMul_maxdsp">   --->   Core 30 'FMul_maxdsp' <Latency = 3> <II = 1> <Delay = 2.32> <FuncUnit> <Opcode : 'fmul'> <InPorts = 2> <OutPorts = 1>

State 68 <SV = 44> <Delay = 2.32>
ST_68 : Operation 866 [12/12] (2.32ns)   --->   "%y_pos = fdiv i32 %mul, i32 50" [flood_HLS_base.cpp:85]   --->   Operation 866 'fdiv' 'y_pos' <Predicate = true> <Delay = 2.32> <CoreInst = "FDiv">   --->   Core 20 'FDiv' <Latency = 11> <II = 1> <Delay = 2.32> <FuncUnit> <Opcode : 'fdiv' 'frem'> <InPorts = 2> <OutPorts = 1>

State 69 <SV = 45> <Delay = 2.32>
ST_69 : Operation 867 [11/12] (2.32ns)   --->   "%y_pos = fdiv i32 %mul, i32 50" [flood_HLS_base.cpp:85]   --->   Operation 867 'fdiv' 'y_pos' <Predicate = true> <Delay = 2.32> <CoreInst = "FDiv">   --->   Core 20 'FDiv' <Latency = 11> <II = 1> <Delay = 2.32> <FuncUnit> <Opcode : 'fdiv' 'frem'> <InPorts = 2> <OutPorts = 1>

State 70 <SV = 46> <Delay = 2.32>
ST_70 : Operation 868 [10/12] (2.32ns)   --->   "%y_pos = fdiv i32 %mul, i32 50" [flood_HLS_base.cpp:85]   --->   Operation 868 'fdiv' 'y_pos' <Predicate = true> <Delay = 2.32> <CoreInst = "FDiv">   --->   Core 20 'FDiv' <Latency = 11> <II = 1> <Delay = 2.32> <FuncUnit> <Opcode : 'fdiv' 'frem'> <InPorts = 2> <OutPorts = 1>

State 71 <SV = 47> <Delay = 2.32>
ST_71 : Operation 869 [9/12] (2.32ns)   --->   "%y_pos = fdiv i32 %mul, i32 50" [flood_HLS_base.cpp:85]   --->   Operation 869 'fdiv' 'y_pos' <Predicate = true> <Delay = 2.32> <CoreInst = "FDiv">   --->   Core 20 'FDiv' <Latency = 11> <II = 1> <Delay = 2.32> <FuncUnit> <Opcode : 'fdiv' 'frem'> <InPorts = 2> <OutPorts = 1>

State 72 <SV = 48> <Delay = 2.32>
ST_72 : Operation 870 [8/12] (2.32ns)   --->   "%y_pos = fdiv i32 %mul, i32 50" [flood_HLS_base.cpp:85]   --->   Operation 870 'fdiv' 'y_pos' <Predicate = true> <Delay = 2.32> <CoreInst = "FDiv">   --->   Core 20 'FDiv' <Latency = 11> <II = 1> <Delay = 2.32> <FuncUnit> <Opcode : 'fdiv' 'frem'> <InPorts = 2> <OutPorts = 1>

State 73 <SV = 49> <Delay = 2.32>
ST_73 : Operation 871 [7/12] (2.32ns)   --->   "%y_pos = fdiv i32 %mul, i32 50" [flood_HLS_base.cpp:85]   --->   Operation 871 'fdiv' 'y_pos' <Predicate = true> <Delay = 2.32> <CoreInst = "FDiv">   --->   Core 20 'FDiv' <Latency = 11> <II = 1> <Delay = 2.32> <FuncUnit> <Opcode : 'fdiv' 'frem'> <InPorts = 2> <OutPorts = 1>

State 74 <SV = 50> <Delay = 2.32>
ST_74 : Operation 872 [6/12] (2.32ns)   --->   "%y_pos = fdiv i32 %mul, i32 50" [flood_HLS_base.cpp:85]   --->   Operation 872 'fdiv' 'y_pos' <Predicate = true> <Delay = 2.32> <CoreInst = "FDiv">   --->   Core 20 'FDiv' <Latency = 11> <II = 1> <Delay = 2.32> <FuncUnit> <Opcode : 'fdiv' 'frem'> <InPorts = 2> <OutPorts = 1>

State 75 <SV = 51> <Delay = 2.32>
ST_75 : Operation 873 [5/12] (2.32ns)   --->   "%y_pos = fdiv i32 %mul, i32 50" [flood_HLS_base.cpp:85]   --->   Operation 873 'fdiv' 'y_pos' <Predicate = true> <Delay = 2.32> <CoreInst = "FDiv">   --->   Core 20 'FDiv' <Latency = 11> <II = 1> <Delay = 2.32> <FuncUnit> <Opcode : 'fdiv' 'frem'> <InPorts = 2> <OutPorts = 1>

State 76 <SV = 52> <Delay = 2.32>
ST_76 : Operation 874 [4/12] (2.32ns)   --->   "%y_pos = fdiv i32 %mul, i32 50" [flood_HLS_base.cpp:85]   --->   Operation 874 'fdiv' 'y_pos' <Predicate = true> <Delay = 2.32> <CoreInst = "FDiv">   --->   Core 20 'FDiv' <Latency = 11> <II = 1> <Delay = 2.32> <FuncUnit> <Opcode : 'fdiv' 'frem'> <InPorts = 2> <OutPorts = 1>

State 77 <SV = 53> <Delay = 2.32>
ST_77 : Operation 875 [3/12] (2.32ns)   --->   "%y_pos = fdiv i32 %mul, i32 50" [flood_HLS_base.cpp:85]   --->   Operation 875 'fdiv' 'y_pos' <Predicate = true> <Delay = 2.32> <CoreInst = "FDiv">   --->   Core 20 'FDiv' <Latency = 11> <II = 1> <Delay = 2.32> <FuncUnit> <Opcode : 'fdiv' 'frem'> <InPorts = 2> <OutPorts = 1>

State 78 <SV = 54> <Delay = 2.32>
ST_78 : Operation 876 [2/12] (2.32ns)   --->   "%y_pos = fdiv i32 %mul, i32 50" [flood_HLS_base.cpp:85]   --->   Operation 876 'fdiv' 'y_pos' <Predicate = true> <Delay = 2.32> <CoreInst = "FDiv">   --->   Core 20 'FDiv' <Latency = 11> <II = 1> <Delay = 2.32> <FuncUnit> <Opcode : 'fdiv' 'frem'> <InPorts = 2> <OutPorts = 1>

State 79 <SV = 55> <Delay = 2.32>
ST_79 : Operation 877 [1/12] (2.32ns)   --->   "%y_pos = fdiv i32 %mul, i32 50" [flood_HLS_base.cpp:85]   --->   Operation 877 'fdiv' 'y_pos' <Predicate = true> <Delay = 2.32> <CoreInst = "FDiv">   --->   Core 20 'FDiv' <Latency = 11> <II = 1> <Delay = 2.32> <FuncUnit> <Opcode : 'fdiv' 'frem'> <InPorts = 2> <OutPorts = 1>

State 80 <SV = 56> <Delay = 2.34>
ST_80 : Operation 878 [7/7] (2.34ns)   --->   "%p_x_assign_1 = fsub i32 %y_pos, i32 %bitcast_ln85" [flood_HLS_base.cpp:85]   --->   Operation 878 'fsub' 'p_x_assign_1' <Predicate = true> <Delay = 2.34> <CoreInst = "FAddSub_fulldsp">   --->   Core 18 'FAddSub_fulldsp' <Latency = 6> <II = 1> <Delay = 2.34> <FuncUnit> <Opcode : 'fadd' 'fsub'> <InPorts = 2> <OutPorts = 1>

State 81 <SV = 57> <Delay = 2.34>
ST_81 : Operation 879 [6/7] (2.34ns)   --->   "%p_x_assign_1 = fsub i32 %y_pos, i32 %bitcast_ln85" [flood_HLS_base.cpp:85]   --->   Operation 879 'fsub' 'p_x_assign_1' <Predicate = true> <Delay = 2.34> <CoreInst = "FAddSub_fulldsp">   --->   Core 18 'FAddSub_fulldsp' <Latency = 6> <II = 1> <Delay = 2.34> <FuncUnit> <Opcode : 'fadd' 'fsub'> <InPorts = 2> <OutPorts = 1>

State 82 <SV = 58> <Delay = 2.34>
ST_82 : Operation 880 [5/7] (2.34ns)   --->   "%p_x_assign_1 = fsub i32 %y_pos, i32 %bitcast_ln85" [flood_HLS_base.cpp:85]   --->   Operation 880 'fsub' 'p_x_assign_1' <Predicate = true> <Delay = 2.34> <CoreInst = "FAddSub_fulldsp">   --->   Core 18 'FAddSub_fulldsp' <Latency = 6> <II = 1> <Delay = 2.34> <FuncUnit> <Opcode : 'fadd' 'fsub'> <InPorts = 2> <OutPorts = 1>

State 83 <SV = 59> <Delay = 2.34>
ST_83 : Operation 881 [4/7] (2.34ns)   --->   "%p_x_assign_1 = fsub i32 %y_pos, i32 %bitcast_ln85" [flood_HLS_base.cpp:85]   --->   Operation 881 'fsub' 'p_x_assign_1' <Predicate = true> <Delay = 2.34> <CoreInst = "FAddSub_fulldsp">   --->   Core 18 'FAddSub_fulldsp' <Latency = 6> <II = 1> <Delay = 2.34> <FuncUnit> <Opcode : 'fadd' 'fsub'> <InPorts = 2> <OutPorts = 1>

State 84 <SV = 60> <Delay = 2.34>
ST_84 : Operation 882 [3/7] (2.34ns)   --->   "%p_x_assign_1 = fsub i32 %y_pos, i32 %bitcast_ln85" [flood_HLS_base.cpp:85]   --->   Operation 882 'fsub' 'p_x_assign_1' <Predicate = true> <Delay = 2.34> <CoreInst = "FAddSub_fulldsp">   --->   Core 18 'FAddSub_fulldsp' <Latency = 6> <II = 1> <Delay = 2.34> <FuncUnit> <Opcode : 'fadd' 'fsub'> <InPorts = 2> <OutPorts = 1>

State 85 <SV = 61> <Delay = 2.34>
ST_85 : Operation 883 [2/7] (2.34ns)   --->   "%p_x_assign_1 = fsub i32 %y_pos, i32 %bitcast_ln85" [flood_HLS_base.cpp:85]   --->   Operation 883 'fsub' 'p_x_assign_1' <Predicate = true> <Delay = 2.34> <CoreInst = "FAddSub_fulldsp">   --->   Core 18 'FAddSub_fulldsp' <Latency = 6> <II = 1> <Delay = 2.34> <FuncUnit> <Opcode : 'fadd' 'fsub'> <InPorts = 2> <OutPorts = 1>

State 86 <SV = 62> <Delay = 2.34>
ST_86 : Operation 884 [1/7] (2.34ns)   --->   "%p_x_assign_1 = fsub i32 %y_pos, i32 %bitcast_ln85" [flood_HLS_base.cpp:85]   --->   Operation 884 'fsub' 'p_x_assign_1' <Predicate = true> <Delay = 2.34> <CoreInst = "FAddSub_fulldsp">   --->   Core 18 'FAddSub_fulldsp' <Latency = 6> <II = 1> <Delay = 2.34> <FuncUnit> <Opcode : 'fadd' 'fsub'> <InPorts = 2> <OutPorts = 1>

State 87 <SV = 63> <Delay = 1.54>
ST_87 : Operation 885 [2/2] (1.54ns)   --->   "%x_assign_1 = fpext i32 %p_x_assign_1" [flood_HLS_base.cpp:85]   --->   Operation 885 'fpext' 'x_assign_1' <Predicate = true> <Delay = 1.54> <CoreInst = "Float2Double">   --->   Core 64 'Float2Double' <Latency = 1> <II = 1> <Delay = 1.54> <FuncUnit> <Opcode : 'fpext'> <InPorts = 1> <OutPorts = 1>

State 88 <SV = 64> <Delay = 1.54>
ST_88 : Operation 886 [1/1] (0.00ns)   --->   "%specloopname_ln92 = specloopname void @_ssdm_op_SpecLoopName, void @empty_7" [flood_HLS_base.cpp:92]   --->   Operation 886 'specloopname' 'specloopname_ln92' <Predicate = true> <Delay = 0.00>
ST_88 : Operation 887 [1/2] (1.54ns)   --->   "%x_assign_1 = fpext i32 %p_x_assign_1" [flood_HLS_base.cpp:85]   --->   Operation 887 'fpext' 'x_assign_1' <Predicate = true> <Delay = 1.54> <CoreInst = "Float2Double">   --->   Core 64 'Float2Double' <Latency = 1> <II = 1> <Delay = 1.54> <FuncUnit> <Opcode : 'fpext'> <InPorts = 1> <OutPorts = 1>
ST_88 : Operation 888 [1/1] (0.38ns)   --->   "%br_ln93 = br void %for.cond159" [flood_HLS_base.cpp:93]   --->   Operation 888 'br' 'br_ln93' <Predicate = true> <Delay = 0.38>

State 89 <SV = 65> <Delay = 1.64>
ST_89 : Operation 889 [1/1] (0.00ns)   --->   "%col_pos_8 = phi i32 %col_start, void %VITIS_LOOP_93_8, i32 %col_pos_5, void %for.inc236"   --->   Operation 889 'phi' 'col_pos_8' <Predicate = true> <Delay = 0.00>
ST_89 : Operation 890 [2/2] (1.64ns)   --->   "%tmp_22 = fcmp_olt  i32 %col_pos_8, i32 %col_end" [flood_HLS_base.cpp:93]   --->   Operation 890 'fcmp' 'tmp_22' <Predicate = true> <Delay = 1.64> <CoreInst = "FCompare">   --->   Core 19 'FCompare' <Latency = 1> <II = 1> <Delay = 1.64> <FuncUnit> <Opcode : 'fcmp'> <InPorts = 2> <OutPorts = 1>

State 90 <SV = 66> <Delay = 2.34>
ST_90 : Operation 891 [1/1] (0.00ns)   --->   "%empty_81 = phi i416 %empty_80, void %VITIS_LOOP_93_8, i416 %empty_82, void %for.inc236" [flood_HLS_base.cpp:253]   --->   Operation 891 'phi' 'empty_81' <Predicate = true> <Delay = 0.00>
ST_90 : Operation 892 [1/1] (0.00ns)   --->   "%data_2 = bitcast i32 %col_pos_8" [flood_HLS_base.cpp:93]   --->   Operation 892 'bitcast' 'data_2' <Predicate = true> <Delay = 0.00>
ST_90 : Operation 893 [1/1] (0.00ns)   --->   "%xs_exp_2 = partselect i8 @_ssdm_op_PartSelect.i8.i32.i32.i32, i32 %data_2, i32 23, i32 30" [flood_HLS_base.cpp:93]   --->   Operation 893 'partselect' 'xs_exp_2' <Predicate = true> <Delay = 0.00>
ST_90 : Operation 894 [1/1] (0.00ns)   --->   "%trunc_ln93_1 = trunc i32 %data_2" [flood_HLS_base.cpp:93]   --->   Operation 894 'trunc' 'trunc_ln93_1' <Predicate = true> <Delay = 0.00>
ST_90 : Operation 895 [1/1] (0.70ns)   --->   "%icmp_ln93 = icmp_ne  i8 %xs_exp_2, i8 255" [flood_HLS_base.cpp:93]   --->   Operation 895 'icmp' 'icmp_ln93' <Predicate = true> <Delay = 0.70> <CoreInst = "Cmp">   --->   Core 9 'Cmp' <Latency = 0> <II = 1> <Delay = 0.70> <FuncUnit> <Opcode : 'seteq' 'setne' 'setle' 'setge' 'setlt' 'setgt'> <InPorts = 2> <OutPorts = 1>
ST_90 : Operation 896 [1/1] (0.82ns)   --->   "%icmp_ln93_1 = icmp_eq  i23 %trunc_ln93_1, i23 0" [flood_HLS_base.cpp:93]   --->   Operation 896 'icmp' 'icmp_ln93_1' <Predicate = true> <Delay = 0.82> <CoreInst = "Cmp">   --->   Core 9 'Cmp' <Latency = 0> <II = 1> <Delay = 0.82> <FuncUnit> <Opcode : 'seteq' 'setne' 'setle' 'setge' 'setlt' 'setgt'> <InPorts = 2> <OutPorts = 1>
ST_90 : Operation 897 [1/1] (0.00ns) (grouped into LUT with out node and_ln93_1)   --->   "%or_ln93 = or i1 %icmp_ln93_1, i1 %icmp_ln93" [flood_HLS_base.cpp:93]   --->   Operation 897 'or' 'or_ln93' <Predicate = true> <Delay = 0.00> <CoreInst = "LogicGate">   --->   Core 74 'LogicGate' <Latency = 0> <II = 1> <Delay = 0.12> <FuncUnit> <Opcode : 'and' 'or' 'xor'> <InPorts = 2> <OutPorts = 1>
ST_90 : Operation 898 [1/1] (0.00ns) (grouped into LUT with out node and_ln93_1)   --->   "%and_ln93 = and i1 %or_ln93, i1 %or_ln93_1" [flood_HLS_base.cpp:93]   --->   Operation 898 'and' 'and_ln93' <Predicate = true> <Delay = 0.00> <CoreInst = "LogicGate">   --->   Core 74 'LogicGate' <Latency = 0> <II = 1> <Delay = 0.12> <FuncUnit> <Opcode : 'and' 'or' 'xor'> <InPorts = 2> <OutPorts = 1>
ST_90 : Operation 899 [1/2] (1.64ns)   --->   "%tmp_22 = fcmp_olt  i32 %col_pos_8, i32 %col_end" [flood_HLS_base.cpp:93]   --->   Operation 899 'fcmp' 'tmp_22' <Predicate = true> <Delay = 1.64> <CoreInst = "FCompare">   --->   Core 19 'FCompare' <Latency = 1> <II = 1> <Delay = 1.64> <FuncUnit> <Opcode : 'fcmp'> <InPorts = 2> <OutPorts = 1>
ST_90 : Operation 900 [1/1] (0.12ns) (out node of the LUT)   --->   "%and_ln93_1 = and i1 %and_ln93, i1 %tmp_22" [flood_HLS_base.cpp:93]   --->   Operation 900 'and' 'and_ln93_1' <Predicate = true> <Delay = 0.12> <CoreInst = "LogicGate">   --->   Core 74 'LogicGate' <Latency = 0> <II = 1> <Delay = 0.12> <FuncUnit> <Opcode : 'and' 'or' 'xor'> <InPorts = 2> <OutPorts = 1>
ST_90 : Operation 901 [1/1] (0.00ns)   --->   "%br_ln93 = br i1 %and_ln93_1, void %for.inc239, void %for.body161" [flood_HLS_base.cpp:93]   --->   Operation 901 'br' 'br_ln93' <Predicate = true> <Delay = 0.00>
ST_90 : Operation 902 [4/4] (2.32ns)   --->   "%mul1 = fmul i32 %col_pos_8, i32 30" [flood_HLS_base.cpp:94]   --->   Operation 902 'fmul' 'mul1' <Predicate = (and_ln93_1)> <Delay = 2.32> <CoreInst = "FMul_maxdsp">   --->   Core 30 'FMul_maxdsp' <Latency = 3> <II = 1> <Delay = 2.32> <FuncUnit> <Opcode : 'fmul'> <InPorts = 2> <OutPorts = 1>
ST_90 : Operation 903 [1/1] (0.00ns)   --->   "%tmp_24 = partselect i8 @_ssdm_op_PartSelect.i8.i224.i32.i32, i224 %p_clouds_load_1, i32 87, i32 94" [flood_HLS_base.cpp:97]   --->   Operation 903 'partselect' 'tmp_24' <Predicate = (and_ln93_1)> <Delay = 0.00>
ST_90 : Operation 904 [1/1] (0.70ns)   --->   "%icmp_ln97_2 = icmp_ne  i8 %tmp_24, i8 255" [flood_HLS_base.cpp:97]   --->   Operation 904 'icmp' 'icmp_ln97_2' <Predicate = (and_ln93_1)> <Delay = 0.70> <CoreInst = "Cmp">   --->   Core 9 'Cmp' <Latency = 0> <II = 1> <Delay = 0.70> <FuncUnit> <Opcode : 'seteq' 'setne' 'setle' 'setge' 'setlt' 'setgt'> <InPorts = 2> <OutPorts = 1>
ST_90 : Operation 905 [7/7] (2.34ns)   --->   "%row_pos_6 = fadd i32 %row_pos_10, i32 1" [flood_HLS_base.cpp:92]   --->   Operation 905 'fadd' 'row_pos_6' <Predicate = (!and_ln93_1)> <Delay = 2.34> <CoreInst = "FAddSub_fulldsp">   --->   Core 18 'FAddSub_fulldsp' <Latency = 6> <II = 1> <Delay = 2.34> <FuncUnit> <Opcode : 'fadd' 'fsub'> <InPorts = 2> <OutPorts = 1>

State 91 <SV = 67> <Delay = 2.32>
ST_91 : Operation 906 [3/4] (2.32ns)   --->   "%mul1 = fmul i32 %col_pos_8, i32 30" [flood_HLS_base.cpp:94]   --->   Operation 906 'fmul' 'mul1' <Predicate = true> <Delay = 2.32> <CoreInst = "FMul_maxdsp">   --->   Core 30 'FMul_maxdsp' <Latency = 3> <II = 1> <Delay = 2.32> <FuncUnit> <Opcode : 'fmul'> <InPorts = 2> <OutPorts = 1>

State 92 <SV = 68> <Delay = 2.32>
ST_92 : Operation 907 [2/4] (2.32ns)   --->   "%mul1 = fmul i32 %col_pos_8, i32 30" [flood_HLS_base.cpp:94]   --->   Operation 907 'fmul' 'mul1' <Predicate = true> <Delay = 2.32> <CoreInst = "FMul_maxdsp">   --->   Core 30 'FMul_maxdsp' <Latency = 3> <II = 1> <Delay = 2.32> <FuncUnit> <Opcode : 'fmul'> <InPorts = 2> <OutPorts = 1>

State 93 <SV = 69> <Delay = 2.32>
ST_93 : Operation 908 [1/4] (2.32ns)   --->   "%mul1 = fmul i32 %col_pos_8, i32 30" [flood_HLS_base.cpp:94]   --->   Operation 908 'fmul' 'mul1' <Predicate = true> <Delay = 2.32> <CoreInst = "FMul_maxdsp">   --->   Core 30 'FMul_maxdsp' <Latency = 3> <II = 1> <Delay = 2.32> <FuncUnit> <Opcode : 'fmul'> <InPorts = 2> <OutPorts = 1>

State 94 <SV = 70> <Delay = 2.32>
ST_94 : Operation 909 [12/12] (2.32ns)   --->   "%x_pos = fdiv i32 %mul1, i32 50" [flood_HLS_base.cpp:94]   --->   Operation 909 'fdiv' 'x_pos' <Predicate = true> <Delay = 2.32> <CoreInst = "FDiv">   --->   Core 20 'FDiv' <Latency = 11> <II = 1> <Delay = 2.32> <FuncUnit> <Opcode : 'fdiv' 'frem'> <InPorts = 2> <OutPorts = 1>

State 95 <SV = 71> <Delay = 2.32>
ST_95 : Operation 910 [11/12] (2.32ns)   --->   "%x_pos = fdiv i32 %mul1, i32 50" [flood_HLS_base.cpp:94]   --->   Operation 910 'fdiv' 'x_pos' <Predicate = true> <Delay = 2.32> <CoreInst = "FDiv">   --->   Core 20 'FDiv' <Latency = 11> <II = 1> <Delay = 2.32> <FuncUnit> <Opcode : 'fdiv' 'frem'> <InPorts = 2> <OutPorts = 1>

State 96 <SV = 72> <Delay = 2.32>
ST_96 : Operation 911 [10/12] (2.32ns)   --->   "%x_pos = fdiv i32 %mul1, i32 50" [flood_HLS_base.cpp:94]   --->   Operation 911 'fdiv' 'x_pos' <Predicate = true> <Delay = 2.32> <CoreInst = "FDiv">   --->   Core 20 'FDiv' <Latency = 11> <II = 1> <Delay = 2.32> <FuncUnit> <Opcode : 'fdiv' 'frem'> <InPorts = 2> <OutPorts = 1>

State 97 <SV = 73> <Delay = 2.32>
ST_97 : Operation 912 [9/12] (2.32ns)   --->   "%x_pos = fdiv i32 %mul1, i32 50" [flood_HLS_base.cpp:94]   --->   Operation 912 'fdiv' 'x_pos' <Predicate = true> <Delay = 2.32> <CoreInst = "FDiv">   --->   Core 20 'FDiv' <Latency = 11> <II = 1> <Delay = 2.32> <FuncUnit> <Opcode : 'fdiv' 'frem'> <InPorts = 2> <OutPorts = 1>

State 98 <SV = 74> <Delay = 2.32>
ST_98 : Operation 913 [8/12] (2.32ns)   --->   "%x_pos = fdiv i32 %mul1, i32 50" [flood_HLS_base.cpp:94]   --->   Operation 913 'fdiv' 'x_pos' <Predicate = true> <Delay = 2.32> <CoreInst = "FDiv">   --->   Core 20 'FDiv' <Latency = 11> <II = 1> <Delay = 2.32> <FuncUnit> <Opcode : 'fdiv' 'frem'> <InPorts = 2> <OutPorts = 1>

State 99 <SV = 75> <Delay = 2.32>
ST_99 : Operation 914 [7/12] (2.32ns)   --->   "%x_pos = fdiv i32 %mul1, i32 50" [flood_HLS_base.cpp:94]   --->   Operation 914 'fdiv' 'x_pos' <Predicate = true> <Delay = 2.32> <CoreInst = "FDiv">   --->   Core 20 'FDiv' <Latency = 11> <II = 1> <Delay = 2.32> <FuncUnit> <Opcode : 'fdiv' 'frem'> <InPorts = 2> <OutPorts = 1>

State 100 <SV = 76> <Delay = 2.32>
ST_100 : Operation 915 [6/12] (2.32ns)   --->   "%x_pos = fdiv i32 %mul1, i32 50" [flood_HLS_base.cpp:94]   --->   Operation 915 'fdiv' 'x_pos' <Predicate = true> <Delay = 2.32> <CoreInst = "FDiv">   --->   Core 20 'FDiv' <Latency = 11> <II = 1> <Delay = 2.32> <FuncUnit> <Opcode : 'fdiv' 'frem'> <InPorts = 2> <OutPorts = 1>

State 101 <SV = 77> <Delay = 2.32>
ST_101 : Operation 916 [5/12] (2.32ns)   --->   "%x_pos = fdiv i32 %mul1, i32 50" [flood_HLS_base.cpp:94]   --->   Operation 916 'fdiv' 'x_pos' <Predicate = true> <Delay = 2.32> <CoreInst = "FDiv">   --->   Core 20 'FDiv' <Latency = 11> <II = 1> <Delay = 2.32> <FuncUnit> <Opcode : 'fdiv' 'frem'> <InPorts = 2> <OutPorts = 1>

State 102 <SV = 78> <Delay = 2.32>
ST_102 : Operation 917 [4/12] (2.32ns)   --->   "%x_pos = fdiv i32 %mul1, i32 50" [flood_HLS_base.cpp:94]   --->   Operation 917 'fdiv' 'x_pos' <Predicate = true> <Delay = 2.32> <CoreInst = "FDiv">   --->   Core 20 'FDiv' <Latency = 11> <II = 1> <Delay = 2.32> <FuncUnit> <Opcode : 'fdiv' 'frem'> <InPorts = 2> <OutPorts = 1>

State 103 <SV = 79> <Delay = 2.32>
ST_103 : Operation 918 [3/12] (2.32ns)   --->   "%x_pos = fdiv i32 %mul1, i32 50" [flood_HLS_base.cpp:94]   --->   Operation 918 'fdiv' 'x_pos' <Predicate = true> <Delay = 2.32> <CoreInst = "FDiv">   --->   Core 20 'FDiv' <Latency = 11> <II = 1> <Delay = 2.32> <FuncUnit> <Opcode : 'fdiv' 'frem'> <InPorts = 2> <OutPorts = 1>

State 104 <SV = 80> <Delay = 2.32>
ST_104 : Operation 919 [2/12] (2.32ns)   --->   "%x_pos = fdiv i32 %mul1, i32 50" [flood_HLS_base.cpp:94]   --->   Operation 919 'fdiv' 'x_pos' <Predicate = true> <Delay = 2.32> <CoreInst = "FDiv">   --->   Core 20 'FDiv' <Latency = 11> <II = 1> <Delay = 2.32> <FuncUnit> <Opcode : 'fdiv' 'frem'> <InPorts = 2> <OutPorts = 1>

State 105 <SV = 81> <Delay = 2.32>
ST_105 : Operation 920 [1/12] (2.32ns)   --->   "%x_pos = fdiv i32 %mul1, i32 50" [flood_HLS_base.cpp:94]   --->   Operation 920 'fdiv' 'x_pos' <Predicate = true> <Delay = 2.32> <CoreInst = "FDiv">   --->   Core 20 'FDiv' <Latency = 11> <II = 1> <Delay = 2.32> <FuncUnit> <Opcode : 'fdiv' 'frem'> <InPorts = 2> <OutPorts = 1>

State 106 <SV = 82> <Delay = 2.34>
ST_106 : Operation 921 [7/7] (2.34ns)   --->   "%p_x_assign = fsub i32 %x_pos, i32 %bitcast_ln87" [flood_HLS_base.cpp:96]   --->   Operation 921 'fsub' 'p_x_assign' <Predicate = true> <Delay = 2.34> <CoreInst = "FAddSub_fulldsp">   --->   Core 18 'FAddSub_fulldsp' <Latency = 6> <II = 1> <Delay = 2.34> <FuncUnit> <Opcode : 'fadd' 'fsub'> <InPorts = 2> <OutPorts = 1>

State 107 <SV = 83> <Delay = 2.34>
ST_107 : Operation 922 [6/7] (2.34ns)   --->   "%p_x_assign = fsub i32 %x_pos, i32 %bitcast_ln87" [flood_HLS_base.cpp:96]   --->   Operation 922 'fsub' 'p_x_assign' <Predicate = true> <Delay = 2.34> <CoreInst = "FAddSub_fulldsp">   --->   Core 18 'FAddSub_fulldsp' <Latency = 6> <II = 1> <Delay = 2.34> <FuncUnit> <Opcode : 'fadd' 'fsub'> <InPorts = 2> <OutPorts = 1>

State 108 <SV = 84> <Delay = 2.34>
ST_108 : Operation 923 [5/7] (2.34ns)   --->   "%p_x_assign = fsub i32 %x_pos, i32 %bitcast_ln87" [flood_HLS_base.cpp:96]   --->   Operation 923 'fsub' 'p_x_assign' <Predicate = true> <Delay = 2.34> <CoreInst = "FAddSub_fulldsp">   --->   Core 18 'FAddSub_fulldsp' <Latency = 6> <II = 1> <Delay = 2.34> <FuncUnit> <Opcode : 'fadd' 'fsub'> <InPorts = 2> <OutPorts = 1>

State 109 <SV = 85> <Delay = 2.34>
ST_109 : Operation 924 [4/7] (2.34ns)   --->   "%p_x_assign = fsub i32 %x_pos, i32 %bitcast_ln87" [flood_HLS_base.cpp:96]   --->   Operation 924 'fsub' 'p_x_assign' <Predicate = true> <Delay = 2.34> <CoreInst = "FAddSub_fulldsp">   --->   Core 18 'FAddSub_fulldsp' <Latency = 6> <II = 1> <Delay = 2.34> <FuncUnit> <Opcode : 'fadd' 'fsub'> <InPorts = 2> <OutPorts = 1>

State 110 <SV = 86> <Delay = 2.34>
ST_110 : Operation 925 [3/7] (2.34ns)   --->   "%p_x_assign = fsub i32 %x_pos, i32 %bitcast_ln87" [flood_HLS_base.cpp:96]   --->   Operation 925 'fsub' 'p_x_assign' <Predicate = true> <Delay = 2.34> <CoreInst = "FAddSub_fulldsp">   --->   Core 18 'FAddSub_fulldsp' <Latency = 6> <II = 1> <Delay = 2.34> <FuncUnit> <Opcode : 'fadd' 'fsub'> <InPorts = 2> <OutPorts = 1>

State 111 <SV = 87> <Delay = 2.34>
ST_111 : Operation 926 [2/7] (2.34ns)   --->   "%p_x_assign = fsub i32 %x_pos, i32 %bitcast_ln87" [flood_HLS_base.cpp:96]   --->   Operation 926 'fsub' 'p_x_assign' <Predicate = true> <Delay = 2.34> <CoreInst = "FAddSub_fulldsp">   --->   Core 18 'FAddSub_fulldsp' <Latency = 6> <II = 1> <Delay = 2.34> <FuncUnit> <Opcode : 'fadd' 'fsub'> <InPorts = 2> <OutPorts = 1>

State 112 <SV = 88> <Delay = 2.34>
ST_112 : Operation 927 [1/7] (2.34ns)   --->   "%p_x_assign = fsub i32 %x_pos, i32 %bitcast_ln87" [flood_HLS_base.cpp:96]   --->   Operation 927 'fsub' 'p_x_assign' <Predicate = true> <Delay = 2.34> <CoreInst = "FAddSub_fulldsp">   --->   Core 18 'FAddSub_fulldsp' <Latency = 6> <II = 1> <Delay = 2.34> <FuncUnit> <Opcode : 'fadd' 'fsub'> <InPorts = 2> <OutPorts = 1>

State 113 <SV = 89> <Delay = 1.54>
ST_113 : Operation 928 [2/2] (1.54ns)   --->   "%x_assign = fpext i32 %p_x_assign" [/cm/shared/package/vivado/Vitis_HLS/2024.1/tps/lnx64/gcc-8.3.0/lib/gcc/x86_64-pc-linux-gnu/8.3.0/../../../../include/c++/8.3.0/cmath:418->flood_HLS_base.cpp:96]   --->   Operation 928 'fpext' 'x_assign' <Predicate = true> <Delay = 1.54> <CoreInst = "Float2Double">   --->   Core 64 'Float2Double' <Latency = 1> <II = 1> <Delay = 1.54> <FuncUnit> <Opcode : 'fpext'> <InPorts = 1> <OutPorts = 1>

State 114 <SV = 90> <Delay = 1.54>
ST_114 : Operation 929 [1/2] (1.54ns)   --->   "%x_assign = fpext i32 %p_x_assign" [/cm/shared/package/vivado/Vitis_HLS/2024.1/tps/lnx64/gcc-8.3.0/lib/gcc/x86_64-pc-linux-gnu/8.3.0/../../../../include/c++/8.3.0/cmath:418->flood_HLS_base.cpp:96]   --->   Operation 929 'fpext' 'x_assign' <Predicate = true> <Delay = 1.54> <CoreInst = "Float2Double">   --->   Core 64 'Float2Double' <Latency = 1> <II = 1> <Delay = 1.54> <FuncUnit> <Opcode : 'fpext'> <InPorts = 1> <OutPorts = 1>

State 115 <SV = 91> <Delay = 1.72>
ST_115 : Operation 930 [74/74] (1.72ns)   --->   "%tmp = call i64 @pow_generic<double>, i64 %x_assign, i6 %pow_reduce_anonymous_namespace_log_inverse_lut_table_pow_0_5_64_array, i109 %pow_reduce_anonymous_namespace_log0_lut_table_array, i105 %pow_reduce_anonymous_namespace_log_lut_table_ap_fixed_4_4_16_array, i102 %pow_reduce_anonymous_namespace_log_lut_table_ap_fixed_7_6_64_array, i97 %pow_reduce_anonymous_namespace_log_lut_table_ap_fixed_12_6_64_array, i92 %pow_reduce_anonymous_namespace_log_lut_table_ap_fixed_17_6_64_array, i87 %pow_reduce_anonymous_namespace_log_lut_table_ap_fixed_22_6_64_array, i82 %pow_reduce_anonymous_namespace_log_lut_table_ap_fixed_27_6_64_array, i77 %pow_reduce_anonymous_namespace_log_lut_table_ap_fixed_32_6_64_array, i58 %pow_reduce_anonymous_namespace_table_exp_Z1_ap_ufixed_array, i26 %pow_reduce_anonymous_namespace_table_f_Z3_ap_ufixed_array, i42 %pow_reduce_anonymous_namespace_table_f_Z2_ap_ufixed_array" [/wrk/ci/prod/2024.1/hls_product/continuous/545/2024.1/src/shared/hls/clib/hlsmath/src/c/powdouble.cpp:7->/cm/shared/package/vivado/Vitis_HLS/2024.1/tps/lnx64/gcc-8.3.0/lib/gcc/x86_64-pc-linux-gnu/8.3.0/../../../../include/c++/8.3.0/cmath:418->flood_HLS_base.cpp:96]   --->   Operation 930 'call' 'tmp' <Predicate = true> <Delay = 1.72> <CoreType = "Generic">   --->   Core 0 '' <Latency = 0> <II = 1> <Delay = 1.00> <Generic> <Opcode : >
ST_115 : Operation 931 [74/74] (1.72ns)   --->   "%tmp_s = call i64 @pow_generic<double>, i64 %x_assign_1, i6 %pow_reduce_anonymous_namespace_log_inverse_lut_table_pow_0_5_64_array, i109 %pow_reduce_anonymous_namespace_log0_lut_table_array, i105 %pow_reduce_anonymous_namespace_log_lut_table_ap_fixed_4_4_16_array, i102 %pow_reduce_anonymous_namespace_log_lut_table_ap_fixed_7_6_64_array, i97 %pow_reduce_anonymous_namespace_log_lut_table_ap_fixed_12_6_64_array, i92 %pow_reduce_anonymous_namespace_log_lut_table_ap_fixed_17_6_64_array, i87 %pow_reduce_anonymous_namespace_log_lut_table_ap_fixed_22_6_64_array, i82 %pow_reduce_anonymous_namespace_log_lut_table_ap_fixed_27_6_64_array, i77 %pow_reduce_anonymous_namespace_log_lut_table_ap_fixed_32_6_64_array, i58 %pow_reduce_anonymous_namespace_table_exp_Z1_ap_ufixed_array, i26 %pow_reduce_anonymous_namespace_table_f_Z3_ap_ufixed_array, i42 %pow_reduce_anonymous_namespace_table_f_Z2_ap_ufixed_array" [/wrk/ci/prod/2024.1/hls_product/continuous/545/2024.1/src/shared/hls/clib/hlsmath/src/c/powdouble.cpp:7->/cm/shared/package/vivado/Vitis_HLS/2024.1/tps/lnx64/gcc-8.3.0/lib/gcc/x86_64-pc-linux-gnu/8.3.0/../../../../include/c++/8.3.0/cmath:418->flood_HLS_base.cpp:96]   --->   Operation 931 'call' 'tmp_s' <Predicate = true> <Delay = 1.72> <CoreType = "Generic">   --->   Core 0 '' <Latency = 0> <II = 1> <Delay = 1.00> <Generic> <Opcode : >

State 116 <SV = 92> <Delay = 2.91>
ST_116 : Operation 932 [73/74] (2.91ns)   --->   "%tmp = call i64 @pow_generic<double>, i64 %x_assign, i6 %pow_reduce_anonymous_namespace_log_inverse_lut_table_pow_0_5_64_array, i109 %pow_reduce_anonymous_namespace_log0_lut_table_array, i105 %pow_reduce_anonymous_namespace_log_lut_table_ap_fixed_4_4_16_array, i102 %pow_reduce_anonymous_namespace_log_lut_table_ap_fixed_7_6_64_array, i97 %pow_reduce_anonymous_namespace_log_lut_table_ap_fixed_12_6_64_array, i92 %pow_reduce_anonymous_namespace_log_lut_table_ap_fixed_17_6_64_array, i87 %pow_reduce_anonymous_namespace_log_lut_table_ap_fixed_22_6_64_array, i82 %pow_reduce_anonymous_namespace_log_lut_table_ap_fixed_27_6_64_array, i77 %pow_reduce_anonymous_namespace_log_lut_table_ap_fixed_32_6_64_array, i58 %pow_reduce_anonymous_namespace_table_exp_Z1_ap_ufixed_array, i26 %pow_reduce_anonymous_namespace_table_f_Z3_ap_ufixed_array, i42 %pow_reduce_anonymous_namespace_table_f_Z2_ap_ufixed_array" [/wrk/ci/prod/2024.1/hls_product/continuous/545/2024.1/src/shared/hls/clib/hlsmath/src/c/powdouble.cpp:7->/cm/shared/package/vivado/Vitis_HLS/2024.1/tps/lnx64/gcc-8.3.0/lib/gcc/x86_64-pc-linux-gnu/8.3.0/../../../../include/c++/8.3.0/cmath:418->flood_HLS_base.cpp:96]   --->   Operation 932 'call' 'tmp' <Predicate = true> <Delay = 2.91> <CoreType = "Generic">   --->   Core 0 '' <Latency = 0> <II = 1> <Delay = 1.00> <Generic> <Opcode : >
ST_116 : Operation 933 [73/74] (2.91ns)   --->   "%tmp_s = call i64 @pow_generic<double>, i64 %x_assign_1, i6 %pow_reduce_anonymous_namespace_log_inverse_lut_table_pow_0_5_64_array, i109 %pow_reduce_anonymous_namespace_log0_lut_table_array, i105 %pow_reduce_anonymous_namespace_log_lut_table_ap_fixed_4_4_16_array, i102 %pow_reduce_anonymous_namespace_log_lut_table_ap_fixed_7_6_64_array, i97 %pow_reduce_anonymous_namespace_log_lut_table_ap_fixed_12_6_64_array, i92 %pow_reduce_anonymous_namespace_log_lut_table_ap_fixed_17_6_64_array, i87 %pow_reduce_anonymous_namespace_log_lut_table_ap_fixed_22_6_64_array, i82 %pow_reduce_anonymous_namespace_log_lut_table_ap_fixed_27_6_64_array, i77 %pow_reduce_anonymous_namespace_log_lut_table_ap_fixed_32_6_64_array, i58 %pow_reduce_anonymous_namespace_table_exp_Z1_ap_ufixed_array, i26 %pow_reduce_anonymous_namespace_table_f_Z3_ap_ufixed_array, i42 %pow_reduce_anonymous_namespace_table_f_Z2_ap_ufixed_array" [/wrk/ci/prod/2024.1/hls_product/continuous/545/2024.1/src/shared/hls/clib/hlsmath/src/c/powdouble.cpp:7->/cm/shared/package/vivado/Vitis_HLS/2024.1/tps/lnx64/gcc-8.3.0/lib/gcc/x86_64-pc-linux-gnu/8.3.0/../../../../include/c++/8.3.0/cmath:418->flood_HLS_base.cpp:96]   --->   Operation 933 'call' 'tmp_s' <Predicate = true> <Delay = 2.91> <CoreType = "Generic">   --->   Core 0 '' <Latency = 0> <II = 1> <Delay = 1.00> <Generic> <Opcode : >

State 117 <SV = 93> <Delay = 2.91>
ST_117 : Operation 934 [72/74] (2.91ns)   --->   "%tmp = call i64 @pow_generic<double>, i64 %x_assign, i6 %pow_reduce_anonymous_namespace_log_inverse_lut_table_pow_0_5_64_array, i109 %pow_reduce_anonymous_namespace_log0_lut_table_array, i105 %pow_reduce_anonymous_namespace_log_lut_table_ap_fixed_4_4_16_array, i102 %pow_reduce_anonymous_namespace_log_lut_table_ap_fixed_7_6_64_array, i97 %pow_reduce_anonymous_namespace_log_lut_table_ap_fixed_12_6_64_array, i92 %pow_reduce_anonymous_namespace_log_lut_table_ap_fixed_17_6_64_array, i87 %pow_reduce_anonymous_namespace_log_lut_table_ap_fixed_22_6_64_array, i82 %pow_reduce_anonymous_namespace_log_lut_table_ap_fixed_27_6_64_array, i77 %pow_reduce_anonymous_namespace_log_lut_table_ap_fixed_32_6_64_array, i58 %pow_reduce_anonymous_namespace_table_exp_Z1_ap_ufixed_array, i26 %pow_reduce_anonymous_namespace_table_f_Z3_ap_ufixed_array, i42 %pow_reduce_anonymous_namespace_table_f_Z2_ap_ufixed_array" [/wrk/ci/prod/2024.1/hls_product/continuous/545/2024.1/src/shared/hls/clib/hlsmath/src/c/powdouble.cpp:7->/cm/shared/package/vivado/Vitis_HLS/2024.1/tps/lnx64/gcc-8.3.0/lib/gcc/x86_64-pc-linux-gnu/8.3.0/../../../../include/c++/8.3.0/cmath:418->flood_HLS_base.cpp:96]   --->   Operation 934 'call' 'tmp' <Predicate = true> <Delay = 2.91> <CoreType = "Generic">   --->   Core 0 '' <Latency = 0> <II = 1> <Delay = 1.00> <Generic> <Opcode : >
ST_117 : Operation 935 [72/74] (2.91ns)   --->   "%tmp_s = call i64 @pow_generic<double>, i64 %x_assign_1, i6 %pow_reduce_anonymous_namespace_log_inverse_lut_table_pow_0_5_64_array, i109 %pow_reduce_anonymous_namespace_log0_lut_table_array, i105 %pow_reduce_anonymous_namespace_log_lut_table_ap_fixed_4_4_16_array, i102 %pow_reduce_anonymous_namespace_log_lut_table_ap_fixed_7_6_64_array, i97 %pow_reduce_anonymous_namespace_log_lut_table_ap_fixed_12_6_64_array, i92 %pow_reduce_anonymous_namespace_log_lut_table_ap_fixed_17_6_64_array, i87 %pow_reduce_anonymous_namespace_log_lut_table_ap_fixed_22_6_64_array, i82 %pow_reduce_anonymous_namespace_log_lut_table_ap_fixed_27_6_64_array, i77 %pow_reduce_anonymous_namespace_log_lut_table_ap_fixed_32_6_64_array, i58 %pow_reduce_anonymous_namespace_table_exp_Z1_ap_ufixed_array, i26 %pow_reduce_anonymous_namespace_table_f_Z3_ap_ufixed_array, i42 %pow_reduce_anonymous_namespace_table_f_Z2_ap_ufixed_array" [/wrk/ci/prod/2024.1/hls_product/continuous/545/2024.1/src/shared/hls/clib/hlsmath/src/c/powdouble.cpp:7->/cm/shared/package/vivado/Vitis_HLS/2024.1/tps/lnx64/gcc-8.3.0/lib/gcc/x86_64-pc-linux-gnu/8.3.0/../../../../include/c++/8.3.0/cmath:418->flood_HLS_base.cpp:96]   --->   Operation 935 'call' 'tmp_s' <Predicate = true> <Delay = 2.91> <CoreType = "Generic">   --->   Core 0 '' <Latency = 0> <II = 1> <Delay = 1.00> <Generic> <Opcode : >

State 118 <SV = 94> <Delay = 2.91>
ST_118 : Operation 936 [71/74] (2.91ns)   --->   "%tmp = call i64 @pow_generic<double>, i64 %x_assign, i6 %pow_reduce_anonymous_namespace_log_inverse_lut_table_pow_0_5_64_array, i109 %pow_reduce_anonymous_namespace_log0_lut_table_array, i105 %pow_reduce_anonymous_namespace_log_lut_table_ap_fixed_4_4_16_array, i102 %pow_reduce_anonymous_namespace_log_lut_table_ap_fixed_7_6_64_array, i97 %pow_reduce_anonymous_namespace_log_lut_table_ap_fixed_12_6_64_array, i92 %pow_reduce_anonymous_namespace_log_lut_table_ap_fixed_17_6_64_array, i87 %pow_reduce_anonymous_namespace_log_lut_table_ap_fixed_22_6_64_array, i82 %pow_reduce_anonymous_namespace_log_lut_table_ap_fixed_27_6_64_array, i77 %pow_reduce_anonymous_namespace_log_lut_table_ap_fixed_32_6_64_array, i58 %pow_reduce_anonymous_namespace_table_exp_Z1_ap_ufixed_array, i26 %pow_reduce_anonymous_namespace_table_f_Z3_ap_ufixed_array, i42 %pow_reduce_anonymous_namespace_table_f_Z2_ap_ufixed_array" [/wrk/ci/prod/2024.1/hls_product/continuous/545/2024.1/src/shared/hls/clib/hlsmath/src/c/powdouble.cpp:7->/cm/shared/package/vivado/Vitis_HLS/2024.1/tps/lnx64/gcc-8.3.0/lib/gcc/x86_64-pc-linux-gnu/8.3.0/../../../../include/c++/8.3.0/cmath:418->flood_HLS_base.cpp:96]   --->   Operation 936 'call' 'tmp' <Predicate = true> <Delay = 2.91> <CoreType = "Generic">   --->   Core 0 '' <Latency = 0> <II = 1> <Delay = 1.00> <Generic> <Opcode : >
ST_118 : Operation 937 [71/74] (2.91ns)   --->   "%tmp_s = call i64 @pow_generic<double>, i64 %x_assign_1, i6 %pow_reduce_anonymous_namespace_log_inverse_lut_table_pow_0_5_64_array, i109 %pow_reduce_anonymous_namespace_log0_lut_table_array, i105 %pow_reduce_anonymous_namespace_log_lut_table_ap_fixed_4_4_16_array, i102 %pow_reduce_anonymous_namespace_log_lut_table_ap_fixed_7_6_64_array, i97 %pow_reduce_anonymous_namespace_log_lut_table_ap_fixed_12_6_64_array, i92 %pow_reduce_anonymous_namespace_log_lut_table_ap_fixed_17_6_64_array, i87 %pow_reduce_anonymous_namespace_log_lut_table_ap_fixed_22_6_64_array, i82 %pow_reduce_anonymous_namespace_log_lut_table_ap_fixed_27_6_64_array, i77 %pow_reduce_anonymous_namespace_log_lut_table_ap_fixed_32_6_64_array, i58 %pow_reduce_anonymous_namespace_table_exp_Z1_ap_ufixed_array, i26 %pow_reduce_anonymous_namespace_table_f_Z3_ap_ufixed_array, i42 %pow_reduce_anonymous_namespace_table_f_Z2_ap_ufixed_array" [/wrk/ci/prod/2024.1/hls_product/continuous/545/2024.1/src/shared/hls/clib/hlsmath/src/c/powdouble.cpp:7->/cm/shared/package/vivado/Vitis_HLS/2024.1/tps/lnx64/gcc-8.3.0/lib/gcc/x86_64-pc-linux-gnu/8.3.0/../../../../include/c++/8.3.0/cmath:418->flood_HLS_base.cpp:96]   --->   Operation 937 'call' 'tmp_s' <Predicate = true> <Delay = 2.91> <CoreType = "Generic">   --->   Core 0 '' <Latency = 0> <II = 1> <Delay = 1.00> <Generic> <Opcode : >

State 119 <SV = 95> <Delay = 2.91>
ST_119 : Operation 938 [70/74] (2.91ns)   --->   "%tmp = call i64 @pow_generic<double>, i64 %x_assign, i6 %pow_reduce_anonymous_namespace_log_inverse_lut_table_pow_0_5_64_array, i109 %pow_reduce_anonymous_namespace_log0_lut_table_array, i105 %pow_reduce_anonymous_namespace_log_lut_table_ap_fixed_4_4_16_array, i102 %pow_reduce_anonymous_namespace_log_lut_table_ap_fixed_7_6_64_array, i97 %pow_reduce_anonymous_namespace_log_lut_table_ap_fixed_12_6_64_array, i92 %pow_reduce_anonymous_namespace_log_lut_table_ap_fixed_17_6_64_array, i87 %pow_reduce_anonymous_namespace_log_lut_table_ap_fixed_22_6_64_array, i82 %pow_reduce_anonymous_namespace_log_lut_table_ap_fixed_27_6_64_array, i77 %pow_reduce_anonymous_namespace_log_lut_table_ap_fixed_32_6_64_array, i58 %pow_reduce_anonymous_namespace_table_exp_Z1_ap_ufixed_array, i26 %pow_reduce_anonymous_namespace_table_f_Z3_ap_ufixed_array, i42 %pow_reduce_anonymous_namespace_table_f_Z2_ap_ufixed_array" [/wrk/ci/prod/2024.1/hls_product/continuous/545/2024.1/src/shared/hls/clib/hlsmath/src/c/powdouble.cpp:7->/cm/shared/package/vivado/Vitis_HLS/2024.1/tps/lnx64/gcc-8.3.0/lib/gcc/x86_64-pc-linux-gnu/8.3.0/../../../../include/c++/8.3.0/cmath:418->flood_HLS_base.cpp:96]   --->   Operation 938 'call' 'tmp' <Predicate = true> <Delay = 2.91> <CoreType = "Generic">   --->   Core 0 '' <Latency = 0> <II = 1> <Delay = 1.00> <Generic> <Opcode : >
ST_119 : Operation 939 [70/74] (2.91ns)   --->   "%tmp_s = call i64 @pow_generic<double>, i64 %x_assign_1, i6 %pow_reduce_anonymous_namespace_log_inverse_lut_table_pow_0_5_64_array, i109 %pow_reduce_anonymous_namespace_log0_lut_table_array, i105 %pow_reduce_anonymous_namespace_log_lut_table_ap_fixed_4_4_16_array, i102 %pow_reduce_anonymous_namespace_log_lut_table_ap_fixed_7_6_64_array, i97 %pow_reduce_anonymous_namespace_log_lut_table_ap_fixed_12_6_64_array, i92 %pow_reduce_anonymous_namespace_log_lut_table_ap_fixed_17_6_64_array, i87 %pow_reduce_anonymous_namespace_log_lut_table_ap_fixed_22_6_64_array, i82 %pow_reduce_anonymous_namespace_log_lut_table_ap_fixed_27_6_64_array, i77 %pow_reduce_anonymous_namespace_log_lut_table_ap_fixed_32_6_64_array, i58 %pow_reduce_anonymous_namespace_table_exp_Z1_ap_ufixed_array, i26 %pow_reduce_anonymous_namespace_table_f_Z3_ap_ufixed_array, i42 %pow_reduce_anonymous_namespace_table_f_Z2_ap_ufixed_array" [/wrk/ci/prod/2024.1/hls_product/continuous/545/2024.1/src/shared/hls/clib/hlsmath/src/c/powdouble.cpp:7->/cm/shared/package/vivado/Vitis_HLS/2024.1/tps/lnx64/gcc-8.3.0/lib/gcc/x86_64-pc-linux-gnu/8.3.0/../../../../include/c++/8.3.0/cmath:418->flood_HLS_base.cpp:96]   --->   Operation 939 'call' 'tmp_s' <Predicate = true> <Delay = 2.91> <CoreType = "Generic">   --->   Core 0 '' <Latency = 0> <II = 1> <Delay = 1.00> <Generic> <Opcode : >

State 120 <SV = 96> <Delay = 2.91>
ST_120 : Operation 940 [69/74] (2.91ns)   --->   "%tmp = call i64 @pow_generic<double>, i64 %x_assign, i6 %pow_reduce_anonymous_namespace_log_inverse_lut_table_pow_0_5_64_array, i109 %pow_reduce_anonymous_namespace_log0_lut_table_array, i105 %pow_reduce_anonymous_namespace_log_lut_table_ap_fixed_4_4_16_array, i102 %pow_reduce_anonymous_namespace_log_lut_table_ap_fixed_7_6_64_array, i97 %pow_reduce_anonymous_namespace_log_lut_table_ap_fixed_12_6_64_array, i92 %pow_reduce_anonymous_namespace_log_lut_table_ap_fixed_17_6_64_array, i87 %pow_reduce_anonymous_namespace_log_lut_table_ap_fixed_22_6_64_array, i82 %pow_reduce_anonymous_namespace_log_lut_table_ap_fixed_27_6_64_array, i77 %pow_reduce_anonymous_namespace_log_lut_table_ap_fixed_32_6_64_array, i58 %pow_reduce_anonymous_namespace_table_exp_Z1_ap_ufixed_array, i26 %pow_reduce_anonymous_namespace_table_f_Z3_ap_ufixed_array, i42 %pow_reduce_anonymous_namespace_table_f_Z2_ap_ufixed_array" [/wrk/ci/prod/2024.1/hls_product/continuous/545/2024.1/src/shared/hls/clib/hlsmath/src/c/powdouble.cpp:7->/cm/shared/package/vivado/Vitis_HLS/2024.1/tps/lnx64/gcc-8.3.0/lib/gcc/x86_64-pc-linux-gnu/8.3.0/../../../../include/c++/8.3.0/cmath:418->flood_HLS_base.cpp:96]   --->   Operation 940 'call' 'tmp' <Predicate = true> <Delay = 2.91> <CoreType = "Generic">   --->   Core 0 '' <Latency = 0> <II = 1> <Delay = 1.00> <Generic> <Opcode : >
ST_120 : Operation 941 [69/74] (2.91ns)   --->   "%tmp_s = call i64 @pow_generic<double>, i64 %x_assign_1, i6 %pow_reduce_anonymous_namespace_log_inverse_lut_table_pow_0_5_64_array, i109 %pow_reduce_anonymous_namespace_log0_lut_table_array, i105 %pow_reduce_anonymous_namespace_log_lut_table_ap_fixed_4_4_16_array, i102 %pow_reduce_anonymous_namespace_log_lut_table_ap_fixed_7_6_64_array, i97 %pow_reduce_anonymous_namespace_log_lut_table_ap_fixed_12_6_64_array, i92 %pow_reduce_anonymous_namespace_log_lut_table_ap_fixed_17_6_64_array, i87 %pow_reduce_anonymous_namespace_log_lut_table_ap_fixed_22_6_64_array, i82 %pow_reduce_anonymous_namespace_log_lut_table_ap_fixed_27_6_64_array, i77 %pow_reduce_anonymous_namespace_log_lut_table_ap_fixed_32_6_64_array, i58 %pow_reduce_anonymous_namespace_table_exp_Z1_ap_ufixed_array, i26 %pow_reduce_anonymous_namespace_table_f_Z3_ap_ufixed_array, i42 %pow_reduce_anonymous_namespace_table_f_Z2_ap_ufixed_array" [/wrk/ci/prod/2024.1/hls_product/continuous/545/2024.1/src/shared/hls/clib/hlsmath/src/c/powdouble.cpp:7->/cm/shared/package/vivado/Vitis_HLS/2024.1/tps/lnx64/gcc-8.3.0/lib/gcc/x86_64-pc-linux-gnu/8.3.0/../../../../include/c++/8.3.0/cmath:418->flood_HLS_base.cpp:96]   --->   Operation 941 'call' 'tmp_s' <Predicate = true> <Delay = 2.91> <CoreType = "Generic">   --->   Core 0 '' <Latency = 0> <II = 1> <Delay = 1.00> <Generic> <Opcode : >

State 121 <SV = 97> <Delay = 2.91>
ST_121 : Operation 942 [68/74] (2.91ns)   --->   "%tmp = call i64 @pow_generic<double>, i64 %x_assign, i6 %pow_reduce_anonymous_namespace_log_inverse_lut_table_pow_0_5_64_array, i109 %pow_reduce_anonymous_namespace_log0_lut_table_array, i105 %pow_reduce_anonymous_namespace_log_lut_table_ap_fixed_4_4_16_array, i102 %pow_reduce_anonymous_namespace_log_lut_table_ap_fixed_7_6_64_array, i97 %pow_reduce_anonymous_namespace_log_lut_table_ap_fixed_12_6_64_array, i92 %pow_reduce_anonymous_namespace_log_lut_table_ap_fixed_17_6_64_array, i87 %pow_reduce_anonymous_namespace_log_lut_table_ap_fixed_22_6_64_array, i82 %pow_reduce_anonymous_namespace_log_lut_table_ap_fixed_27_6_64_array, i77 %pow_reduce_anonymous_namespace_log_lut_table_ap_fixed_32_6_64_array, i58 %pow_reduce_anonymous_namespace_table_exp_Z1_ap_ufixed_array, i26 %pow_reduce_anonymous_namespace_table_f_Z3_ap_ufixed_array, i42 %pow_reduce_anonymous_namespace_table_f_Z2_ap_ufixed_array" [/wrk/ci/prod/2024.1/hls_product/continuous/545/2024.1/src/shared/hls/clib/hlsmath/src/c/powdouble.cpp:7->/cm/shared/package/vivado/Vitis_HLS/2024.1/tps/lnx64/gcc-8.3.0/lib/gcc/x86_64-pc-linux-gnu/8.3.0/../../../../include/c++/8.3.0/cmath:418->flood_HLS_base.cpp:96]   --->   Operation 942 'call' 'tmp' <Predicate = true> <Delay = 2.91> <CoreType = "Generic">   --->   Core 0 '' <Latency = 0> <II = 1> <Delay = 1.00> <Generic> <Opcode : >
ST_121 : Operation 943 [68/74] (2.91ns)   --->   "%tmp_s = call i64 @pow_generic<double>, i64 %x_assign_1, i6 %pow_reduce_anonymous_namespace_log_inverse_lut_table_pow_0_5_64_array, i109 %pow_reduce_anonymous_namespace_log0_lut_table_array, i105 %pow_reduce_anonymous_namespace_log_lut_table_ap_fixed_4_4_16_array, i102 %pow_reduce_anonymous_namespace_log_lut_table_ap_fixed_7_6_64_array, i97 %pow_reduce_anonymous_namespace_log_lut_table_ap_fixed_12_6_64_array, i92 %pow_reduce_anonymous_namespace_log_lut_table_ap_fixed_17_6_64_array, i87 %pow_reduce_anonymous_namespace_log_lut_table_ap_fixed_22_6_64_array, i82 %pow_reduce_anonymous_namespace_log_lut_table_ap_fixed_27_6_64_array, i77 %pow_reduce_anonymous_namespace_log_lut_table_ap_fixed_32_6_64_array, i58 %pow_reduce_anonymous_namespace_table_exp_Z1_ap_ufixed_array, i26 %pow_reduce_anonymous_namespace_table_f_Z3_ap_ufixed_array, i42 %pow_reduce_anonymous_namespace_table_f_Z2_ap_ufixed_array" [/wrk/ci/prod/2024.1/hls_product/continuous/545/2024.1/src/shared/hls/clib/hlsmath/src/c/powdouble.cpp:7->/cm/shared/package/vivado/Vitis_HLS/2024.1/tps/lnx64/gcc-8.3.0/lib/gcc/x86_64-pc-linux-gnu/8.3.0/../../../../include/c++/8.3.0/cmath:418->flood_HLS_base.cpp:96]   --->   Operation 943 'call' 'tmp_s' <Predicate = true> <Delay = 2.91> <CoreType = "Generic">   --->   Core 0 '' <Latency = 0> <II = 1> <Delay = 1.00> <Generic> <Opcode : >

State 122 <SV = 98> <Delay = 2.91>
ST_122 : Operation 944 [67/74] (2.91ns)   --->   "%tmp = call i64 @pow_generic<double>, i64 %x_assign, i6 %pow_reduce_anonymous_namespace_log_inverse_lut_table_pow_0_5_64_array, i109 %pow_reduce_anonymous_namespace_log0_lut_table_array, i105 %pow_reduce_anonymous_namespace_log_lut_table_ap_fixed_4_4_16_array, i102 %pow_reduce_anonymous_namespace_log_lut_table_ap_fixed_7_6_64_array, i97 %pow_reduce_anonymous_namespace_log_lut_table_ap_fixed_12_6_64_array, i92 %pow_reduce_anonymous_namespace_log_lut_table_ap_fixed_17_6_64_array, i87 %pow_reduce_anonymous_namespace_log_lut_table_ap_fixed_22_6_64_array, i82 %pow_reduce_anonymous_namespace_log_lut_table_ap_fixed_27_6_64_array, i77 %pow_reduce_anonymous_namespace_log_lut_table_ap_fixed_32_6_64_array, i58 %pow_reduce_anonymous_namespace_table_exp_Z1_ap_ufixed_array, i26 %pow_reduce_anonymous_namespace_table_f_Z3_ap_ufixed_array, i42 %pow_reduce_anonymous_namespace_table_f_Z2_ap_ufixed_array" [/wrk/ci/prod/2024.1/hls_product/continuous/545/2024.1/src/shared/hls/clib/hlsmath/src/c/powdouble.cpp:7->/cm/shared/package/vivado/Vitis_HLS/2024.1/tps/lnx64/gcc-8.3.0/lib/gcc/x86_64-pc-linux-gnu/8.3.0/../../../../include/c++/8.3.0/cmath:418->flood_HLS_base.cpp:96]   --->   Operation 944 'call' 'tmp' <Predicate = true> <Delay = 2.91> <CoreType = "Generic">   --->   Core 0 '' <Latency = 0> <II = 1> <Delay = 1.00> <Generic> <Opcode : >
ST_122 : Operation 945 [67/74] (2.91ns)   --->   "%tmp_s = call i64 @pow_generic<double>, i64 %x_assign_1, i6 %pow_reduce_anonymous_namespace_log_inverse_lut_table_pow_0_5_64_array, i109 %pow_reduce_anonymous_namespace_log0_lut_table_array, i105 %pow_reduce_anonymous_namespace_log_lut_table_ap_fixed_4_4_16_array, i102 %pow_reduce_anonymous_namespace_log_lut_table_ap_fixed_7_6_64_array, i97 %pow_reduce_anonymous_namespace_log_lut_table_ap_fixed_12_6_64_array, i92 %pow_reduce_anonymous_namespace_log_lut_table_ap_fixed_17_6_64_array, i87 %pow_reduce_anonymous_namespace_log_lut_table_ap_fixed_22_6_64_array, i82 %pow_reduce_anonymous_namespace_log_lut_table_ap_fixed_27_6_64_array, i77 %pow_reduce_anonymous_namespace_log_lut_table_ap_fixed_32_6_64_array, i58 %pow_reduce_anonymous_namespace_table_exp_Z1_ap_ufixed_array, i26 %pow_reduce_anonymous_namespace_table_f_Z3_ap_ufixed_array, i42 %pow_reduce_anonymous_namespace_table_f_Z2_ap_ufixed_array" [/wrk/ci/prod/2024.1/hls_product/continuous/545/2024.1/src/shared/hls/clib/hlsmath/src/c/powdouble.cpp:7->/cm/shared/package/vivado/Vitis_HLS/2024.1/tps/lnx64/gcc-8.3.0/lib/gcc/x86_64-pc-linux-gnu/8.3.0/../../../../include/c++/8.3.0/cmath:418->flood_HLS_base.cpp:96]   --->   Operation 945 'call' 'tmp_s' <Predicate = true> <Delay = 2.91> <CoreType = "Generic">   --->   Core 0 '' <Latency = 0> <II = 1> <Delay = 1.00> <Generic> <Opcode : >

State 123 <SV = 99> <Delay = 2.91>
ST_123 : Operation 946 [66/74] (2.91ns)   --->   "%tmp = call i64 @pow_generic<double>, i64 %x_assign, i6 %pow_reduce_anonymous_namespace_log_inverse_lut_table_pow_0_5_64_array, i109 %pow_reduce_anonymous_namespace_log0_lut_table_array, i105 %pow_reduce_anonymous_namespace_log_lut_table_ap_fixed_4_4_16_array, i102 %pow_reduce_anonymous_namespace_log_lut_table_ap_fixed_7_6_64_array, i97 %pow_reduce_anonymous_namespace_log_lut_table_ap_fixed_12_6_64_array, i92 %pow_reduce_anonymous_namespace_log_lut_table_ap_fixed_17_6_64_array, i87 %pow_reduce_anonymous_namespace_log_lut_table_ap_fixed_22_6_64_array, i82 %pow_reduce_anonymous_namespace_log_lut_table_ap_fixed_27_6_64_array, i77 %pow_reduce_anonymous_namespace_log_lut_table_ap_fixed_32_6_64_array, i58 %pow_reduce_anonymous_namespace_table_exp_Z1_ap_ufixed_array, i26 %pow_reduce_anonymous_namespace_table_f_Z3_ap_ufixed_array, i42 %pow_reduce_anonymous_namespace_table_f_Z2_ap_ufixed_array" [/wrk/ci/prod/2024.1/hls_product/continuous/545/2024.1/src/shared/hls/clib/hlsmath/src/c/powdouble.cpp:7->/cm/shared/package/vivado/Vitis_HLS/2024.1/tps/lnx64/gcc-8.3.0/lib/gcc/x86_64-pc-linux-gnu/8.3.0/../../../../include/c++/8.3.0/cmath:418->flood_HLS_base.cpp:96]   --->   Operation 946 'call' 'tmp' <Predicate = true> <Delay = 2.91> <CoreType = "Generic">   --->   Core 0 '' <Latency = 0> <II = 1> <Delay = 1.00> <Generic> <Opcode : >
ST_123 : Operation 947 [66/74] (2.91ns)   --->   "%tmp_s = call i64 @pow_generic<double>, i64 %x_assign_1, i6 %pow_reduce_anonymous_namespace_log_inverse_lut_table_pow_0_5_64_array, i109 %pow_reduce_anonymous_namespace_log0_lut_table_array, i105 %pow_reduce_anonymous_namespace_log_lut_table_ap_fixed_4_4_16_array, i102 %pow_reduce_anonymous_namespace_log_lut_table_ap_fixed_7_6_64_array, i97 %pow_reduce_anonymous_namespace_log_lut_table_ap_fixed_12_6_64_array, i92 %pow_reduce_anonymous_namespace_log_lut_table_ap_fixed_17_6_64_array, i87 %pow_reduce_anonymous_namespace_log_lut_table_ap_fixed_22_6_64_array, i82 %pow_reduce_anonymous_namespace_log_lut_table_ap_fixed_27_6_64_array, i77 %pow_reduce_anonymous_namespace_log_lut_table_ap_fixed_32_6_64_array, i58 %pow_reduce_anonymous_namespace_table_exp_Z1_ap_ufixed_array, i26 %pow_reduce_anonymous_namespace_table_f_Z3_ap_ufixed_array, i42 %pow_reduce_anonymous_namespace_table_f_Z2_ap_ufixed_array" [/wrk/ci/prod/2024.1/hls_product/continuous/545/2024.1/src/shared/hls/clib/hlsmath/src/c/powdouble.cpp:7->/cm/shared/package/vivado/Vitis_HLS/2024.1/tps/lnx64/gcc-8.3.0/lib/gcc/x86_64-pc-linux-gnu/8.3.0/../../../../include/c++/8.3.0/cmath:418->flood_HLS_base.cpp:96]   --->   Operation 947 'call' 'tmp_s' <Predicate = true> <Delay = 2.91> <CoreType = "Generic">   --->   Core 0 '' <Latency = 0> <II = 1> <Delay = 1.00> <Generic> <Opcode : >

State 124 <SV = 100> <Delay = 2.91>
ST_124 : Operation 948 [65/74] (2.91ns)   --->   "%tmp = call i64 @pow_generic<double>, i64 %x_assign, i6 %pow_reduce_anonymous_namespace_log_inverse_lut_table_pow_0_5_64_array, i109 %pow_reduce_anonymous_namespace_log0_lut_table_array, i105 %pow_reduce_anonymous_namespace_log_lut_table_ap_fixed_4_4_16_array, i102 %pow_reduce_anonymous_namespace_log_lut_table_ap_fixed_7_6_64_array, i97 %pow_reduce_anonymous_namespace_log_lut_table_ap_fixed_12_6_64_array, i92 %pow_reduce_anonymous_namespace_log_lut_table_ap_fixed_17_6_64_array, i87 %pow_reduce_anonymous_namespace_log_lut_table_ap_fixed_22_6_64_array, i82 %pow_reduce_anonymous_namespace_log_lut_table_ap_fixed_27_6_64_array, i77 %pow_reduce_anonymous_namespace_log_lut_table_ap_fixed_32_6_64_array, i58 %pow_reduce_anonymous_namespace_table_exp_Z1_ap_ufixed_array, i26 %pow_reduce_anonymous_namespace_table_f_Z3_ap_ufixed_array, i42 %pow_reduce_anonymous_namespace_table_f_Z2_ap_ufixed_array" [/wrk/ci/prod/2024.1/hls_product/continuous/545/2024.1/src/shared/hls/clib/hlsmath/src/c/powdouble.cpp:7->/cm/shared/package/vivado/Vitis_HLS/2024.1/tps/lnx64/gcc-8.3.0/lib/gcc/x86_64-pc-linux-gnu/8.3.0/../../../../include/c++/8.3.0/cmath:418->flood_HLS_base.cpp:96]   --->   Operation 948 'call' 'tmp' <Predicate = true> <Delay = 2.91> <CoreType = "Generic">   --->   Core 0 '' <Latency = 0> <II = 1> <Delay = 1.00> <Generic> <Opcode : >
ST_124 : Operation 949 [65/74] (2.91ns)   --->   "%tmp_s = call i64 @pow_generic<double>, i64 %x_assign_1, i6 %pow_reduce_anonymous_namespace_log_inverse_lut_table_pow_0_5_64_array, i109 %pow_reduce_anonymous_namespace_log0_lut_table_array, i105 %pow_reduce_anonymous_namespace_log_lut_table_ap_fixed_4_4_16_array, i102 %pow_reduce_anonymous_namespace_log_lut_table_ap_fixed_7_6_64_array, i97 %pow_reduce_anonymous_namespace_log_lut_table_ap_fixed_12_6_64_array, i92 %pow_reduce_anonymous_namespace_log_lut_table_ap_fixed_17_6_64_array, i87 %pow_reduce_anonymous_namespace_log_lut_table_ap_fixed_22_6_64_array, i82 %pow_reduce_anonymous_namespace_log_lut_table_ap_fixed_27_6_64_array, i77 %pow_reduce_anonymous_namespace_log_lut_table_ap_fixed_32_6_64_array, i58 %pow_reduce_anonymous_namespace_table_exp_Z1_ap_ufixed_array, i26 %pow_reduce_anonymous_namespace_table_f_Z3_ap_ufixed_array, i42 %pow_reduce_anonymous_namespace_table_f_Z2_ap_ufixed_array" [/wrk/ci/prod/2024.1/hls_product/continuous/545/2024.1/src/shared/hls/clib/hlsmath/src/c/powdouble.cpp:7->/cm/shared/package/vivado/Vitis_HLS/2024.1/tps/lnx64/gcc-8.3.0/lib/gcc/x86_64-pc-linux-gnu/8.3.0/../../../../include/c++/8.3.0/cmath:418->flood_HLS_base.cpp:96]   --->   Operation 949 'call' 'tmp_s' <Predicate = true> <Delay = 2.91> <CoreType = "Generic">   --->   Core 0 '' <Latency = 0> <II = 1> <Delay = 1.00> <Generic> <Opcode : >

State 125 <SV = 101> <Delay = 2.91>
ST_125 : Operation 950 [64/74] (2.91ns)   --->   "%tmp = call i64 @pow_generic<double>, i64 %x_assign, i6 %pow_reduce_anonymous_namespace_log_inverse_lut_table_pow_0_5_64_array, i109 %pow_reduce_anonymous_namespace_log0_lut_table_array, i105 %pow_reduce_anonymous_namespace_log_lut_table_ap_fixed_4_4_16_array, i102 %pow_reduce_anonymous_namespace_log_lut_table_ap_fixed_7_6_64_array, i97 %pow_reduce_anonymous_namespace_log_lut_table_ap_fixed_12_6_64_array, i92 %pow_reduce_anonymous_namespace_log_lut_table_ap_fixed_17_6_64_array, i87 %pow_reduce_anonymous_namespace_log_lut_table_ap_fixed_22_6_64_array, i82 %pow_reduce_anonymous_namespace_log_lut_table_ap_fixed_27_6_64_array, i77 %pow_reduce_anonymous_namespace_log_lut_table_ap_fixed_32_6_64_array, i58 %pow_reduce_anonymous_namespace_table_exp_Z1_ap_ufixed_array, i26 %pow_reduce_anonymous_namespace_table_f_Z3_ap_ufixed_array, i42 %pow_reduce_anonymous_namespace_table_f_Z2_ap_ufixed_array" [/wrk/ci/prod/2024.1/hls_product/continuous/545/2024.1/src/shared/hls/clib/hlsmath/src/c/powdouble.cpp:7->/cm/shared/package/vivado/Vitis_HLS/2024.1/tps/lnx64/gcc-8.3.0/lib/gcc/x86_64-pc-linux-gnu/8.3.0/../../../../include/c++/8.3.0/cmath:418->flood_HLS_base.cpp:96]   --->   Operation 950 'call' 'tmp' <Predicate = true> <Delay = 2.91> <CoreType = "Generic">   --->   Core 0 '' <Latency = 0> <II = 1> <Delay = 1.00> <Generic> <Opcode : >
ST_125 : Operation 951 [64/74] (2.91ns)   --->   "%tmp_s = call i64 @pow_generic<double>, i64 %x_assign_1, i6 %pow_reduce_anonymous_namespace_log_inverse_lut_table_pow_0_5_64_array, i109 %pow_reduce_anonymous_namespace_log0_lut_table_array, i105 %pow_reduce_anonymous_namespace_log_lut_table_ap_fixed_4_4_16_array, i102 %pow_reduce_anonymous_namespace_log_lut_table_ap_fixed_7_6_64_array, i97 %pow_reduce_anonymous_namespace_log_lut_table_ap_fixed_12_6_64_array, i92 %pow_reduce_anonymous_namespace_log_lut_table_ap_fixed_17_6_64_array, i87 %pow_reduce_anonymous_namespace_log_lut_table_ap_fixed_22_6_64_array, i82 %pow_reduce_anonymous_namespace_log_lut_table_ap_fixed_27_6_64_array, i77 %pow_reduce_anonymous_namespace_log_lut_table_ap_fixed_32_6_64_array, i58 %pow_reduce_anonymous_namespace_table_exp_Z1_ap_ufixed_array, i26 %pow_reduce_anonymous_namespace_table_f_Z3_ap_ufixed_array, i42 %pow_reduce_anonymous_namespace_table_f_Z2_ap_ufixed_array" [/wrk/ci/prod/2024.1/hls_product/continuous/545/2024.1/src/shared/hls/clib/hlsmath/src/c/powdouble.cpp:7->/cm/shared/package/vivado/Vitis_HLS/2024.1/tps/lnx64/gcc-8.3.0/lib/gcc/x86_64-pc-linux-gnu/8.3.0/../../../../include/c++/8.3.0/cmath:418->flood_HLS_base.cpp:96]   --->   Operation 951 'call' 'tmp_s' <Predicate = true> <Delay = 2.91> <CoreType = "Generic">   --->   Core 0 '' <Latency = 0> <II = 1> <Delay = 1.00> <Generic> <Opcode : >

State 126 <SV = 102> <Delay = 2.91>
ST_126 : Operation 952 [63/74] (2.91ns)   --->   "%tmp = call i64 @pow_generic<double>, i64 %x_assign, i6 %pow_reduce_anonymous_namespace_log_inverse_lut_table_pow_0_5_64_array, i109 %pow_reduce_anonymous_namespace_log0_lut_table_array, i105 %pow_reduce_anonymous_namespace_log_lut_table_ap_fixed_4_4_16_array, i102 %pow_reduce_anonymous_namespace_log_lut_table_ap_fixed_7_6_64_array, i97 %pow_reduce_anonymous_namespace_log_lut_table_ap_fixed_12_6_64_array, i92 %pow_reduce_anonymous_namespace_log_lut_table_ap_fixed_17_6_64_array, i87 %pow_reduce_anonymous_namespace_log_lut_table_ap_fixed_22_6_64_array, i82 %pow_reduce_anonymous_namespace_log_lut_table_ap_fixed_27_6_64_array, i77 %pow_reduce_anonymous_namespace_log_lut_table_ap_fixed_32_6_64_array, i58 %pow_reduce_anonymous_namespace_table_exp_Z1_ap_ufixed_array, i26 %pow_reduce_anonymous_namespace_table_f_Z3_ap_ufixed_array, i42 %pow_reduce_anonymous_namespace_table_f_Z2_ap_ufixed_array" [/wrk/ci/prod/2024.1/hls_product/continuous/545/2024.1/src/shared/hls/clib/hlsmath/src/c/powdouble.cpp:7->/cm/shared/package/vivado/Vitis_HLS/2024.1/tps/lnx64/gcc-8.3.0/lib/gcc/x86_64-pc-linux-gnu/8.3.0/../../../../include/c++/8.3.0/cmath:418->flood_HLS_base.cpp:96]   --->   Operation 952 'call' 'tmp' <Predicate = true> <Delay = 2.91> <CoreType = "Generic">   --->   Core 0 '' <Latency = 0> <II = 1> <Delay = 1.00> <Generic> <Opcode : >
ST_126 : Operation 953 [63/74] (2.91ns)   --->   "%tmp_s = call i64 @pow_generic<double>, i64 %x_assign_1, i6 %pow_reduce_anonymous_namespace_log_inverse_lut_table_pow_0_5_64_array, i109 %pow_reduce_anonymous_namespace_log0_lut_table_array, i105 %pow_reduce_anonymous_namespace_log_lut_table_ap_fixed_4_4_16_array, i102 %pow_reduce_anonymous_namespace_log_lut_table_ap_fixed_7_6_64_array, i97 %pow_reduce_anonymous_namespace_log_lut_table_ap_fixed_12_6_64_array, i92 %pow_reduce_anonymous_namespace_log_lut_table_ap_fixed_17_6_64_array, i87 %pow_reduce_anonymous_namespace_log_lut_table_ap_fixed_22_6_64_array, i82 %pow_reduce_anonymous_namespace_log_lut_table_ap_fixed_27_6_64_array, i77 %pow_reduce_anonymous_namespace_log_lut_table_ap_fixed_32_6_64_array, i58 %pow_reduce_anonymous_namespace_table_exp_Z1_ap_ufixed_array, i26 %pow_reduce_anonymous_namespace_table_f_Z3_ap_ufixed_array, i42 %pow_reduce_anonymous_namespace_table_f_Z2_ap_ufixed_array" [/wrk/ci/prod/2024.1/hls_product/continuous/545/2024.1/src/shared/hls/clib/hlsmath/src/c/powdouble.cpp:7->/cm/shared/package/vivado/Vitis_HLS/2024.1/tps/lnx64/gcc-8.3.0/lib/gcc/x86_64-pc-linux-gnu/8.3.0/../../../../include/c++/8.3.0/cmath:418->flood_HLS_base.cpp:96]   --->   Operation 953 'call' 'tmp_s' <Predicate = true> <Delay = 2.91> <CoreType = "Generic">   --->   Core 0 '' <Latency = 0> <II = 1> <Delay = 1.00> <Generic> <Opcode : >

State 127 <SV = 103> <Delay = 2.91>
ST_127 : Operation 954 [62/74] (2.91ns)   --->   "%tmp = call i64 @pow_generic<double>, i64 %x_assign, i6 %pow_reduce_anonymous_namespace_log_inverse_lut_table_pow_0_5_64_array, i109 %pow_reduce_anonymous_namespace_log0_lut_table_array, i105 %pow_reduce_anonymous_namespace_log_lut_table_ap_fixed_4_4_16_array, i102 %pow_reduce_anonymous_namespace_log_lut_table_ap_fixed_7_6_64_array, i97 %pow_reduce_anonymous_namespace_log_lut_table_ap_fixed_12_6_64_array, i92 %pow_reduce_anonymous_namespace_log_lut_table_ap_fixed_17_6_64_array, i87 %pow_reduce_anonymous_namespace_log_lut_table_ap_fixed_22_6_64_array, i82 %pow_reduce_anonymous_namespace_log_lut_table_ap_fixed_27_6_64_array, i77 %pow_reduce_anonymous_namespace_log_lut_table_ap_fixed_32_6_64_array, i58 %pow_reduce_anonymous_namespace_table_exp_Z1_ap_ufixed_array, i26 %pow_reduce_anonymous_namespace_table_f_Z3_ap_ufixed_array, i42 %pow_reduce_anonymous_namespace_table_f_Z2_ap_ufixed_array" [/wrk/ci/prod/2024.1/hls_product/continuous/545/2024.1/src/shared/hls/clib/hlsmath/src/c/powdouble.cpp:7->/cm/shared/package/vivado/Vitis_HLS/2024.1/tps/lnx64/gcc-8.3.0/lib/gcc/x86_64-pc-linux-gnu/8.3.0/../../../../include/c++/8.3.0/cmath:418->flood_HLS_base.cpp:96]   --->   Operation 954 'call' 'tmp' <Predicate = true> <Delay = 2.91> <CoreType = "Generic">   --->   Core 0 '' <Latency = 0> <II = 1> <Delay = 1.00> <Generic> <Opcode : >
ST_127 : Operation 955 [62/74] (2.91ns)   --->   "%tmp_s = call i64 @pow_generic<double>, i64 %x_assign_1, i6 %pow_reduce_anonymous_namespace_log_inverse_lut_table_pow_0_5_64_array, i109 %pow_reduce_anonymous_namespace_log0_lut_table_array, i105 %pow_reduce_anonymous_namespace_log_lut_table_ap_fixed_4_4_16_array, i102 %pow_reduce_anonymous_namespace_log_lut_table_ap_fixed_7_6_64_array, i97 %pow_reduce_anonymous_namespace_log_lut_table_ap_fixed_12_6_64_array, i92 %pow_reduce_anonymous_namespace_log_lut_table_ap_fixed_17_6_64_array, i87 %pow_reduce_anonymous_namespace_log_lut_table_ap_fixed_22_6_64_array, i82 %pow_reduce_anonymous_namespace_log_lut_table_ap_fixed_27_6_64_array, i77 %pow_reduce_anonymous_namespace_log_lut_table_ap_fixed_32_6_64_array, i58 %pow_reduce_anonymous_namespace_table_exp_Z1_ap_ufixed_array, i26 %pow_reduce_anonymous_namespace_table_f_Z3_ap_ufixed_array, i42 %pow_reduce_anonymous_namespace_table_f_Z2_ap_ufixed_array" [/wrk/ci/prod/2024.1/hls_product/continuous/545/2024.1/src/shared/hls/clib/hlsmath/src/c/powdouble.cpp:7->/cm/shared/package/vivado/Vitis_HLS/2024.1/tps/lnx64/gcc-8.3.0/lib/gcc/x86_64-pc-linux-gnu/8.3.0/../../../../include/c++/8.3.0/cmath:418->flood_HLS_base.cpp:96]   --->   Operation 955 'call' 'tmp_s' <Predicate = true> <Delay = 2.91> <CoreType = "Generic">   --->   Core 0 '' <Latency = 0> <II = 1> <Delay = 1.00> <Generic> <Opcode : >

State 128 <SV = 104> <Delay = 2.91>
ST_128 : Operation 956 [61/74] (2.91ns)   --->   "%tmp = call i64 @pow_generic<double>, i64 %x_assign, i6 %pow_reduce_anonymous_namespace_log_inverse_lut_table_pow_0_5_64_array, i109 %pow_reduce_anonymous_namespace_log0_lut_table_array, i105 %pow_reduce_anonymous_namespace_log_lut_table_ap_fixed_4_4_16_array, i102 %pow_reduce_anonymous_namespace_log_lut_table_ap_fixed_7_6_64_array, i97 %pow_reduce_anonymous_namespace_log_lut_table_ap_fixed_12_6_64_array, i92 %pow_reduce_anonymous_namespace_log_lut_table_ap_fixed_17_6_64_array, i87 %pow_reduce_anonymous_namespace_log_lut_table_ap_fixed_22_6_64_array, i82 %pow_reduce_anonymous_namespace_log_lut_table_ap_fixed_27_6_64_array, i77 %pow_reduce_anonymous_namespace_log_lut_table_ap_fixed_32_6_64_array, i58 %pow_reduce_anonymous_namespace_table_exp_Z1_ap_ufixed_array, i26 %pow_reduce_anonymous_namespace_table_f_Z3_ap_ufixed_array, i42 %pow_reduce_anonymous_namespace_table_f_Z2_ap_ufixed_array" [/wrk/ci/prod/2024.1/hls_product/continuous/545/2024.1/src/shared/hls/clib/hlsmath/src/c/powdouble.cpp:7->/cm/shared/package/vivado/Vitis_HLS/2024.1/tps/lnx64/gcc-8.3.0/lib/gcc/x86_64-pc-linux-gnu/8.3.0/../../../../include/c++/8.3.0/cmath:418->flood_HLS_base.cpp:96]   --->   Operation 956 'call' 'tmp' <Predicate = true> <Delay = 2.91> <CoreType = "Generic">   --->   Core 0 '' <Latency = 0> <II = 1> <Delay = 1.00> <Generic> <Opcode : >
ST_128 : Operation 957 [61/74] (2.91ns)   --->   "%tmp_s = call i64 @pow_generic<double>, i64 %x_assign_1, i6 %pow_reduce_anonymous_namespace_log_inverse_lut_table_pow_0_5_64_array, i109 %pow_reduce_anonymous_namespace_log0_lut_table_array, i105 %pow_reduce_anonymous_namespace_log_lut_table_ap_fixed_4_4_16_array, i102 %pow_reduce_anonymous_namespace_log_lut_table_ap_fixed_7_6_64_array, i97 %pow_reduce_anonymous_namespace_log_lut_table_ap_fixed_12_6_64_array, i92 %pow_reduce_anonymous_namespace_log_lut_table_ap_fixed_17_6_64_array, i87 %pow_reduce_anonymous_namespace_log_lut_table_ap_fixed_22_6_64_array, i82 %pow_reduce_anonymous_namespace_log_lut_table_ap_fixed_27_6_64_array, i77 %pow_reduce_anonymous_namespace_log_lut_table_ap_fixed_32_6_64_array, i58 %pow_reduce_anonymous_namespace_table_exp_Z1_ap_ufixed_array, i26 %pow_reduce_anonymous_namespace_table_f_Z3_ap_ufixed_array, i42 %pow_reduce_anonymous_namespace_table_f_Z2_ap_ufixed_array" [/wrk/ci/prod/2024.1/hls_product/continuous/545/2024.1/src/shared/hls/clib/hlsmath/src/c/powdouble.cpp:7->/cm/shared/package/vivado/Vitis_HLS/2024.1/tps/lnx64/gcc-8.3.0/lib/gcc/x86_64-pc-linux-gnu/8.3.0/../../../../include/c++/8.3.0/cmath:418->flood_HLS_base.cpp:96]   --->   Operation 957 'call' 'tmp_s' <Predicate = true> <Delay = 2.91> <CoreType = "Generic">   --->   Core 0 '' <Latency = 0> <II = 1> <Delay = 1.00> <Generic> <Opcode : >

State 129 <SV = 105> <Delay = 2.91>
ST_129 : Operation 958 [60/74] (2.91ns)   --->   "%tmp = call i64 @pow_generic<double>, i64 %x_assign, i6 %pow_reduce_anonymous_namespace_log_inverse_lut_table_pow_0_5_64_array, i109 %pow_reduce_anonymous_namespace_log0_lut_table_array, i105 %pow_reduce_anonymous_namespace_log_lut_table_ap_fixed_4_4_16_array, i102 %pow_reduce_anonymous_namespace_log_lut_table_ap_fixed_7_6_64_array, i97 %pow_reduce_anonymous_namespace_log_lut_table_ap_fixed_12_6_64_array, i92 %pow_reduce_anonymous_namespace_log_lut_table_ap_fixed_17_6_64_array, i87 %pow_reduce_anonymous_namespace_log_lut_table_ap_fixed_22_6_64_array, i82 %pow_reduce_anonymous_namespace_log_lut_table_ap_fixed_27_6_64_array, i77 %pow_reduce_anonymous_namespace_log_lut_table_ap_fixed_32_6_64_array, i58 %pow_reduce_anonymous_namespace_table_exp_Z1_ap_ufixed_array, i26 %pow_reduce_anonymous_namespace_table_f_Z3_ap_ufixed_array, i42 %pow_reduce_anonymous_namespace_table_f_Z2_ap_ufixed_array" [/wrk/ci/prod/2024.1/hls_product/continuous/545/2024.1/src/shared/hls/clib/hlsmath/src/c/powdouble.cpp:7->/cm/shared/package/vivado/Vitis_HLS/2024.1/tps/lnx64/gcc-8.3.0/lib/gcc/x86_64-pc-linux-gnu/8.3.0/../../../../include/c++/8.3.0/cmath:418->flood_HLS_base.cpp:96]   --->   Operation 958 'call' 'tmp' <Predicate = true> <Delay = 2.91> <CoreType = "Generic">   --->   Core 0 '' <Latency = 0> <II = 1> <Delay = 1.00> <Generic> <Opcode : >
ST_129 : Operation 959 [60/74] (2.91ns)   --->   "%tmp_s = call i64 @pow_generic<double>, i64 %x_assign_1, i6 %pow_reduce_anonymous_namespace_log_inverse_lut_table_pow_0_5_64_array, i109 %pow_reduce_anonymous_namespace_log0_lut_table_array, i105 %pow_reduce_anonymous_namespace_log_lut_table_ap_fixed_4_4_16_array, i102 %pow_reduce_anonymous_namespace_log_lut_table_ap_fixed_7_6_64_array, i97 %pow_reduce_anonymous_namespace_log_lut_table_ap_fixed_12_6_64_array, i92 %pow_reduce_anonymous_namespace_log_lut_table_ap_fixed_17_6_64_array, i87 %pow_reduce_anonymous_namespace_log_lut_table_ap_fixed_22_6_64_array, i82 %pow_reduce_anonymous_namespace_log_lut_table_ap_fixed_27_6_64_array, i77 %pow_reduce_anonymous_namespace_log_lut_table_ap_fixed_32_6_64_array, i58 %pow_reduce_anonymous_namespace_table_exp_Z1_ap_ufixed_array, i26 %pow_reduce_anonymous_namespace_table_f_Z3_ap_ufixed_array, i42 %pow_reduce_anonymous_namespace_table_f_Z2_ap_ufixed_array" [/wrk/ci/prod/2024.1/hls_product/continuous/545/2024.1/src/shared/hls/clib/hlsmath/src/c/powdouble.cpp:7->/cm/shared/package/vivado/Vitis_HLS/2024.1/tps/lnx64/gcc-8.3.0/lib/gcc/x86_64-pc-linux-gnu/8.3.0/../../../../include/c++/8.3.0/cmath:418->flood_HLS_base.cpp:96]   --->   Operation 959 'call' 'tmp_s' <Predicate = true> <Delay = 2.91> <CoreType = "Generic">   --->   Core 0 '' <Latency = 0> <II = 1> <Delay = 1.00> <Generic> <Opcode : >

State 130 <SV = 106> <Delay = 2.91>
ST_130 : Operation 960 [59/74] (2.91ns)   --->   "%tmp = call i64 @pow_generic<double>, i64 %x_assign, i6 %pow_reduce_anonymous_namespace_log_inverse_lut_table_pow_0_5_64_array, i109 %pow_reduce_anonymous_namespace_log0_lut_table_array, i105 %pow_reduce_anonymous_namespace_log_lut_table_ap_fixed_4_4_16_array, i102 %pow_reduce_anonymous_namespace_log_lut_table_ap_fixed_7_6_64_array, i97 %pow_reduce_anonymous_namespace_log_lut_table_ap_fixed_12_6_64_array, i92 %pow_reduce_anonymous_namespace_log_lut_table_ap_fixed_17_6_64_array, i87 %pow_reduce_anonymous_namespace_log_lut_table_ap_fixed_22_6_64_array, i82 %pow_reduce_anonymous_namespace_log_lut_table_ap_fixed_27_6_64_array, i77 %pow_reduce_anonymous_namespace_log_lut_table_ap_fixed_32_6_64_array, i58 %pow_reduce_anonymous_namespace_table_exp_Z1_ap_ufixed_array, i26 %pow_reduce_anonymous_namespace_table_f_Z3_ap_ufixed_array, i42 %pow_reduce_anonymous_namespace_table_f_Z2_ap_ufixed_array" [/wrk/ci/prod/2024.1/hls_product/continuous/545/2024.1/src/shared/hls/clib/hlsmath/src/c/powdouble.cpp:7->/cm/shared/package/vivado/Vitis_HLS/2024.1/tps/lnx64/gcc-8.3.0/lib/gcc/x86_64-pc-linux-gnu/8.3.0/../../../../include/c++/8.3.0/cmath:418->flood_HLS_base.cpp:96]   --->   Operation 960 'call' 'tmp' <Predicate = true> <Delay = 2.91> <CoreType = "Generic">   --->   Core 0 '' <Latency = 0> <II = 1> <Delay = 1.00> <Generic> <Opcode : >
ST_130 : Operation 961 [59/74] (2.91ns)   --->   "%tmp_s = call i64 @pow_generic<double>, i64 %x_assign_1, i6 %pow_reduce_anonymous_namespace_log_inverse_lut_table_pow_0_5_64_array, i109 %pow_reduce_anonymous_namespace_log0_lut_table_array, i105 %pow_reduce_anonymous_namespace_log_lut_table_ap_fixed_4_4_16_array, i102 %pow_reduce_anonymous_namespace_log_lut_table_ap_fixed_7_6_64_array, i97 %pow_reduce_anonymous_namespace_log_lut_table_ap_fixed_12_6_64_array, i92 %pow_reduce_anonymous_namespace_log_lut_table_ap_fixed_17_6_64_array, i87 %pow_reduce_anonymous_namespace_log_lut_table_ap_fixed_22_6_64_array, i82 %pow_reduce_anonymous_namespace_log_lut_table_ap_fixed_27_6_64_array, i77 %pow_reduce_anonymous_namespace_log_lut_table_ap_fixed_32_6_64_array, i58 %pow_reduce_anonymous_namespace_table_exp_Z1_ap_ufixed_array, i26 %pow_reduce_anonymous_namespace_table_f_Z3_ap_ufixed_array, i42 %pow_reduce_anonymous_namespace_table_f_Z2_ap_ufixed_array" [/wrk/ci/prod/2024.1/hls_product/continuous/545/2024.1/src/shared/hls/clib/hlsmath/src/c/powdouble.cpp:7->/cm/shared/package/vivado/Vitis_HLS/2024.1/tps/lnx64/gcc-8.3.0/lib/gcc/x86_64-pc-linux-gnu/8.3.0/../../../../include/c++/8.3.0/cmath:418->flood_HLS_base.cpp:96]   --->   Operation 961 'call' 'tmp_s' <Predicate = true> <Delay = 2.91> <CoreType = "Generic">   --->   Core 0 '' <Latency = 0> <II = 1> <Delay = 1.00> <Generic> <Opcode : >

State 131 <SV = 107> <Delay = 2.91>
ST_131 : Operation 962 [58/74] (2.91ns)   --->   "%tmp = call i64 @pow_generic<double>, i64 %x_assign, i6 %pow_reduce_anonymous_namespace_log_inverse_lut_table_pow_0_5_64_array, i109 %pow_reduce_anonymous_namespace_log0_lut_table_array, i105 %pow_reduce_anonymous_namespace_log_lut_table_ap_fixed_4_4_16_array, i102 %pow_reduce_anonymous_namespace_log_lut_table_ap_fixed_7_6_64_array, i97 %pow_reduce_anonymous_namespace_log_lut_table_ap_fixed_12_6_64_array, i92 %pow_reduce_anonymous_namespace_log_lut_table_ap_fixed_17_6_64_array, i87 %pow_reduce_anonymous_namespace_log_lut_table_ap_fixed_22_6_64_array, i82 %pow_reduce_anonymous_namespace_log_lut_table_ap_fixed_27_6_64_array, i77 %pow_reduce_anonymous_namespace_log_lut_table_ap_fixed_32_6_64_array, i58 %pow_reduce_anonymous_namespace_table_exp_Z1_ap_ufixed_array, i26 %pow_reduce_anonymous_namespace_table_f_Z3_ap_ufixed_array, i42 %pow_reduce_anonymous_namespace_table_f_Z2_ap_ufixed_array" [/wrk/ci/prod/2024.1/hls_product/continuous/545/2024.1/src/shared/hls/clib/hlsmath/src/c/powdouble.cpp:7->/cm/shared/package/vivado/Vitis_HLS/2024.1/tps/lnx64/gcc-8.3.0/lib/gcc/x86_64-pc-linux-gnu/8.3.0/../../../../include/c++/8.3.0/cmath:418->flood_HLS_base.cpp:96]   --->   Operation 962 'call' 'tmp' <Predicate = true> <Delay = 2.91> <CoreType = "Generic">   --->   Core 0 '' <Latency = 0> <II = 1> <Delay = 1.00> <Generic> <Opcode : >
ST_131 : Operation 963 [58/74] (2.91ns)   --->   "%tmp_s = call i64 @pow_generic<double>, i64 %x_assign_1, i6 %pow_reduce_anonymous_namespace_log_inverse_lut_table_pow_0_5_64_array, i109 %pow_reduce_anonymous_namespace_log0_lut_table_array, i105 %pow_reduce_anonymous_namespace_log_lut_table_ap_fixed_4_4_16_array, i102 %pow_reduce_anonymous_namespace_log_lut_table_ap_fixed_7_6_64_array, i97 %pow_reduce_anonymous_namespace_log_lut_table_ap_fixed_12_6_64_array, i92 %pow_reduce_anonymous_namespace_log_lut_table_ap_fixed_17_6_64_array, i87 %pow_reduce_anonymous_namespace_log_lut_table_ap_fixed_22_6_64_array, i82 %pow_reduce_anonymous_namespace_log_lut_table_ap_fixed_27_6_64_array, i77 %pow_reduce_anonymous_namespace_log_lut_table_ap_fixed_32_6_64_array, i58 %pow_reduce_anonymous_namespace_table_exp_Z1_ap_ufixed_array, i26 %pow_reduce_anonymous_namespace_table_f_Z3_ap_ufixed_array, i42 %pow_reduce_anonymous_namespace_table_f_Z2_ap_ufixed_array" [/wrk/ci/prod/2024.1/hls_product/continuous/545/2024.1/src/shared/hls/clib/hlsmath/src/c/powdouble.cpp:7->/cm/shared/package/vivado/Vitis_HLS/2024.1/tps/lnx64/gcc-8.3.0/lib/gcc/x86_64-pc-linux-gnu/8.3.0/../../../../include/c++/8.3.0/cmath:418->flood_HLS_base.cpp:96]   --->   Operation 963 'call' 'tmp_s' <Predicate = true> <Delay = 2.91> <CoreType = "Generic">   --->   Core 0 '' <Latency = 0> <II = 1> <Delay = 1.00> <Generic> <Opcode : >

State 132 <SV = 108> <Delay = 2.91>
ST_132 : Operation 964 [57/74] (2.91ns)   --->   "%tmp = call i64 @pow_generic<double>, i64 %x_assign, i6 %pow_reduce_anonymous_namespace_log_inverse_lut_table_pow_0_5_64_array, i109 %pow_reduce_anonymous_namespace_log0_lut_table_array, i105 %pow_reduce_anonymous_namespace_log_lut_table_ap_fixed_4_4_16_array, i102 %pow_reduce_anonymous_namespace_log_lut_table_ap_fixed_7_6_64_array, i97 %pow_reduce_anonymous_namespace_log_lut_table_ap_fixed_12_6_64_array, i92 %pow_reduce_anonymous_namespace_log_lut_table_ap_fixed_17_6_64_array, i87 %pow_reduce_anonymous_namespace_log_lut_table_ap_fixed_22_6_64_array, i82 %pow_reduce_anonymous_namespace_log_lut_table_ap_fixed_27_6_64_array, i77 %pow_reduce_anonymous_namespace_log_lut_table_ap_fixed_32_6_64_array, i58 %pow_reduce_anonymous_namespace_table_exp_Z1_ap_ufixed_array, i26 %pow_reduce_anonymous_namespace_table_f_Z3_ap_ufixed_array, i42 %pow_reduce_anonymous_namespace_table_f_Z2_ap_ufixed_array" [/wrk/ci/prod/2024.1/hls_product/continuous/545/2024.1/src/shared/hls/clib/hlsmath/src/c/powdouble.cpp:7->/cm/shared/package/vivado/Vitis_HLS/2024.1/tps/lnx64/gcc-8.3.0/lib/gcc/x86_64-pc-linux-gnu/8.3.0/../../../../include/c++/8.3.0/cmath:418->flood_HLS_base.cpp:96]   --->   Operation 964 'call' 'tmp' <Predicate = true> <Delay = 2.91> <CoreType = "Generic">   --->   Core 0 '' <Latency = 0> <II = 1> <Delay = 1.00> <Generic> <Opcode : >
ST_132 : Operation 965 [57/74] (2.91ns)   --->   "%tmp_s = call i64 @pow_generic<double>, i64 %x_assign_1, i6 %pow_reduce_anonymous_namespace_log_inverse_lut_table_pow_0_5_64_array, i109 %pow_reduce_anonymous_namespace_log0_lut_table_array, i105 %pow_reduce_anonymous_namespace_log_lut_table_ap_fixed_4_4_16_array, i102 %pow_reduce_anonymous_namespace_log_lut_table_ap_fixed_7_6_64_array, i97 %pow_reduce_anonymous_namespace_log_lut_table_ap_fixed_12_6_64_array, i92 %pow_reduce_anonymous_namespace_log_lut_table_ap_fixed_17_6_64_array, i87 %pow_reduce_anonymous_namespace_log_lut_table_ap_fixed_22_6_64_array, i82 %pow_reduce_anonymous_namespace_log_lut_table_ap_fixed_27_6_64_array, i77 %pow_reduce_anonymous_namespace_log_lut_table_ap_fixed_32_6_64_array, i58 %pow_reduce_anonymous_namespace_table_exp_Z1_ap_ufixed_array, i26 %pow_reduce_anonymous_namespace_table_f_Z3_ap_ufixed_array, i42 %pow_reduce_anonymous_namespace_table_f_Z2_ap_ufixed_array" [/wrk/ci/prod/2024.1/hls_product/continuous/545/2024.1/src/shared/hls/clib/hlsmath/src/c/powdouble.cpp:7->/cm/shared/package/vivado/Vitis_HLS/2024.1/tps/lnx64/gcc-8.3.0/lib/gcc/x86_64-pc-linux-gnu/8.3.0/../../../../include/c++/8.3.0/cmath:418->flood_HLS_base.cpp:96]   --->   Operation 965 'call' 'tmp_s' <Predicate = true> <Delay = 2.91> <CoreType = "Generic">   --->   Core 0 '' <Latency = 0> <II = 1> <Delay = 1.00> <Generic> <Opcode : >

State 133 <SV = 109> <Delay = 2.91>
ST_133 : Operation 966 [56/74] (2.91ns)   --->   "%tmp = call i64 @pow_generic<double>, i64 %x_assign, i6 %pow_reduce_anonymous_namespace_log_inverse_lut_table_pow_0_5_64_array, i109 %pow_reduce_anonymous_namespace_log0_lut_table_array, i105 %pow_reduce_anonymous_namespace_log_lut_table_ap_fixed_4_4_16_array, i102 %pow_reduce_anonymous_namespace_log_lut_table_ap_fixed_7_6_64_array, i97 %pow_reduce_anonymous_namespace_log_lut_table_ap_fixed_12_6_64_array, i92 %pow_reduce_anonymous_namespace_log_lut_table_ap_fixed_17_6_64_array, i87 %pow_reduce_anonymous_namespace_log_lut_table_ap_fixed_22_6_64_array, i82 %pow_reduce_anonymous_namespace_log_lut_table_ap_fixed_27_6_64_array, i77 %pow_reduce_anonymous_namespace_log_lut_table_ap_fixed_32_6_64_array, i58 %pow_reduce_anonymous_namespace_table_exp_Z1_ap_ufixed_array, i26 %pow_reduce_anonymous_namespace_table_f_Z3_ap_ufixed_array, i42 %pow_reduce_anonymous_namespace_table_f_Z2_ap_ufixed_array" [/wrk/ci/prod/2024.1/hls_product/continuous/545/2024.1/src/shared/hls/clib/hlsmath/src/c/powdouble.cpp:7->/cm/shared/package/vivado/Vitis_HLS/2024.1/tps/lnx64/gcc-8.3.0/lib/gcc/x86_64-pc-linux-gnu/8.3.0/../../../../include/c++/8.3.0/cmath:418->flood_HLS_base.cpp:96]   --->   Operation 966 'call' 'tmp' <Predicate = true> <Delay = 2.91> <CoreType = "Generic">   --->   Core 0 '' <Latency = 0> <II = 1> <Delay = 1.00> <Generic> <Opcode : >
ST_133 : Operation 967 [56/74] (2.91ns)   --->   "%tmp_s = call i64 @pow_generic<double>, i64 %x_assign_1, i6 %pow_reduce_anonymous_namespace_log_inverse_lut_table_pow_0_5_64_array, i109 %pow_reduce_anonymous_namespace_log0_lut_table_array, i105 %pow_reduce_anonymous_namespace_log_lut_table_ap_fixed_4_4_16_array, i102 %pow_reduce_anonymous_namespace_log_lut_table_ap_fixed_7_6_64_array, i97 %pow_reduce_anonymous_namespace_log_lut_table_ap_fixed_12_6_64_array, i92 %pow_reduce_anonymous_namespace_log_lut_table_ap_fixed_17_6_64_array, i87 %pow_reduce_anonymous_namespace_log_lut_table_ap_fixed_22_6_64_array, i82 %pow_reduce_anonymous_namespace_log_lut_table_ap_fixed_27_6_64_array, i77 %pow_reduce_anonymous_namespace_log_lut_table_ap_fixed_32_6_64_array, i58 %pow_reduce_anonymous_namespace_table_exp_Z1_ap_ufixed_array, i26 %pow_reduce_anonymous_namespace_table_f_Z3_ap_ufixed_array, i42 %pow_reduce_anonymous_namespace_table_f_Z2_ap_ufixed_array" [/wrk/ci/prod/2024.1/hls_product/continuous/545/2024.1/src/shared/hls/clib/hlsmath/src/c/powdouble.cpp:7->/cm/shared/package/vivado/Vitis_HLS/2024.1/tps/lnx64/gcc-8.3.0/lib/gcc/x86_64-pc-linux-gnu/8.3.0/../../../../include/c++/8.3.0/cmath:418->flood_HLS_base.cpp:96]   --->   Operation 967 'call' 'tmp_s' <Predicate = true> <Delay = 2.91> <CoreType = "Generic">   --->   Core 0 '' <Latency = 0> <II = 1> <Delay = 1.00> <Generic> <Opcode : >

State 134 <SV = 110> <Delay = 2.91>
ST_134 : Operation 968 [55/74] (2.91ns)   --->   "%tmp = call i64 @pow_generic<double>, i64 %x_assign, i6 %pow_reduce_anonymous_namespace_log_inverse_lut_table_pow_0_5_64_array, i109 %pow_reduce_anonymous_namespace_log0_lut_table_array, i105 %pow_reduce_anonymous_namespace_log_lut_table_ap_fixed_4_4_16_array, i102 %pow_reduce_anonymous_namespace_log_lut_table_ap_fixed_7_6_64_array, i97 %pow_reduce_anonymous_namespace_log_lut_table_ap_fixed_12_6_64_array, i92 %pow_reduce_anonymous_namespace_log_lut_table_ap_fixed_17_6_64_array, i87 %pow_reduce_anonymous_namespace_log_lut_table_ap_fixed_22_6_64_array, i82 %pow_reduce_anonymous_namespace_log_lut_table_ap_fixed_27_6_64_array, i77 %pow_reduce_anonymous_namespace_log_lut_table_ap_fixed_32_6_64_array, i58 %pow_reduce_anonymous_namespace_table_exp_Z1_ap_ufixed_array, i26 %pow_reduce_anonymous_namespace_table_f_Z3_ap_ufixed_array, i42 %pow_reduce_anonymous_namespace_table_f_Z2_ap_ufixed_array" [/wrk/ci/prod/2024.1/hls_product/continuous/545/2024.1/src/shared/hls/clib/hlsmath/src/c/powdouble.cpp:7->/cm/shared/package/vivado/Vitis_HLS/2024.1/tps/lnx64/gcc-8.3.0/lib/gcc/x86_64-pc-linux-gnu/8.3.0/../../../../include/c++/8.3.0/cmath:418->flood_HLS_base.cpp:96]   --->   Operation 968 'call' 'tmp' <Predicate = true> <Delay = 2.91> <CoreType = "Generic">   --->   Core 0 '' <Latency = 0> <II = 1> <Delay = 1.00> <Generic> <Opcode : >
ST_134 : Operation 969 [55/74] (2.91ns)   --->   "%tmp_s = call i64 @pow_generic<double>, i64 %x_assign_1, i6 %pow_reduce_anonymous_namespace_log_inverse_lut_table_pow_0_5_64_array, i109 %pow_reduce_anonymous_namespace_log0_lut_table_array, i105 %pow_reduce_anonymous_namespace_log_lut_table_ap_fixed_4_4_16_array, i102 %pow_reduce_anonymous_namespace_log_lut_table_ap_fixed_7_6_64_array, i97 %pow_reduce_anonymous_namespace_log_lut_table_ap_fixed_12_6_64_array, i92 %pow_reduce_anonymous_namespace_log_lut_table_ap_fixed_17_6_64_array, i87 %pow_reduce_anonymous_namespace_log_lut_table_ap_fixed_22_6_64_array, i82 %pow_reduce_anonymous_namespace_log_lut_table_ap_fixed_27_6_64_array, i77 %pow_reduce_anonymous_namespace_log_lut_table_ap_fixed_32_6_64_array, i58 %pow_reduce_anonymous_namespace_table_exp_Z1_ap_ufixed_array, i26 %pow_reduce_anonymous_namespace_table_f_Z3_ap_ufixed_array, i42 %pow_reduce_anonymous_namespace_table_f_Z2_ap_ufixed_array" [/wrk/ci/prod/2024.1/hls_product/continuous/545/2024.1/src/shared/hls/clib/hlsmath/src/c/powdouble.cpp:7->/cm/shared/package/vivado/Vitis_HLS/2024.1/tps/lnx64/gcc-8.3.0/lib/gcc/x86_64-pc-linux-gnu/8.3.0/../../../../include/c++/8.3.0/cmath:418->flood_HLS_base.cpp:96]   --->   Operation 969 'call' 'tmp_s' <Predicate = true> <Delay = 2.91> <CoreType = "Generic">   --->   Core 0 '' <Latency = 0> <II = 1> <Delay = 1.00> <Generic> <Opcode : >

State 135 <SV = 111> <Delay = 2.91>
ST_135 : Operation 970 [54/74] (2.91ns)   --->   "%tmp = call i64 @pow_generic<double>, i64 %x_assign, i6 %pow_reduce_anonymous_namespace_log_inverse_lut_table_pow_0_5_64_array, i109 %pow_reduce_anonymous_namespace_log0_lut_table_array, i105 %pow_reduce_anonymous_namespace_log_lut_table_ap_fixed_4_4_16_array, i102 %pow_reduce_anonymous_namespace_log_lut_table_ap_fixed_7_6_64_array, i97 %pow_reduce_anonymous_namespace_log_lut_table_ap_fixed_12_6_64_array, i92 %pow_reduce_anonymous_namespace_log_lut_table_ap_fixed_17_6_64_array, i87 %pow_reduce_anonymous_namespace_log_lut_table_ap_fixed_22_6_64_array, i82 %pow_reduce_anonymous_namespace_log_lut_table_ap_fixed_27_6_64_array, i77 %pow_reduce_anonymous_namespace_log_lut_table_ap_fixed_32_6_64_array, i58 %pow_reduce_anonymous_namespace_table_exp_Z1_ap_ufixed_array, i26 %pow_reduce_anonymous_namespace_table_f_Z3_ap_ufixed_array, i42 %pow_reduce_anonymous_namespace_table_f_Z2_ap_ufixed_array" [/wrk/ci/prod/2024.1/hls_product/continuous/545/2024.1/src/shared/hls/clib/hlsmath/src/c/powdouble.cpp:7->/cm/shared/package/vivado/Vitis_HLS/2024.1/tps/lnx64/gcc-8.3.0/lib/gcc/x86_64-pc-linux-gnu/8.3.0/../../../../include/c++/8.3.0/cmath:418->flood_HLS_base.cpp:96]   --->   Operation 970 'call' 'tmp' <Predicate = true> <Delay = 2.91> <CoreType = "Generic">   --->   Core 0 '' <Latency = 0> <II = 1> <Delay = 1.00> <Generic> <Opcode : >
ST_135 : Operation 971 [54/74] (2.91ns)   --->   "%tmp_s = call i64 @pow_generic<double>, i64 %x_assign_1, i6 %pow_reduce_anonymous_namespace_log_inverse_lut_table_pow_0_5_64_array, i109 %pow_reduce_anonymous_namespace_log0_lut_table_array, i105 %pow_reduce_anonymous_namespace_log_lut_table_ap_fixed_4_4_16_array, i102 %pow_reduce_anonymous_namespace_log_lut_table_ap_fixed_7_6_64_array, i97 %pow_reduce_anonymous_namespace_log_lut_table_ap_fixed_12_6_64_array, i92 %pow_reduce_anonymous_namespace_log_lut_table_ap_fixed_17_6_64_array, i87 %pow_reduce_anonymous_namespace_log_lut_table_ap_fixed_22_6_64_array, i82 %pow_reduce_anonymous_namespace_log_lut_table_ap_fixed_27_6_64_array, i77 %pow_reduce_anonymous_namespace_log_lut_table_ap_fixed_32_6_64_array, i58 %pow_reduce_anonymous_namespace_table_exp_Z1_ap_ufixed_array, i26 %pow_reduce_anonymous_namespace_table_f_Z3_ap_ufixed_array, i42 %pow_reduce_anonymous_namespace_table_f_Z2_ap_ufixed_array" [/wrk/ci/prod/2024.1/hls_product/continuous/545/2024.1/src/shared/hls/clib/hlsmath/src/c/powdouble.cpp:7->/cm/shared/package/vivado/Vitis_HLS/2024.1/tps/lnx64/gcc-8.3.0/lib/gcc/x86_64-pc-linux-gnu/8.3.0/../../../../include/c++/8.3.0/cmath:418->flood_HLS_base.cpp:96]   --->   Operation 971 'call' 'tmp_s' <Predicate = true> <Delay = 2.91> <CoreType = "Generic">   --->   Core 0 '' <Latency = 0> <II = 1> <Delay = 1.00> <Generic> <Opcode : >

State 136 <SV = 112> <Delay = 2.91>
ST_136 : Operation 972 [53/74] (2.91ns)   --->   "%tmp = call i64 @pow_generic<double>, i64 %x_assign, i6 %pow_reduce_anonymous_namespace_log_inverse_lut_table_pow_0_5_64_array, i109 %pow_reduce_anonymous_namespace_log0_lut_table_array, i105 %pow_reduce_anonymous_namespace_log_lut_table_ap_fixed_4_4_16_array, i102 %pow_reduce_anonymous_namespace_log_lut_table_ap_fixed_7_6_64_array, i97 %pow_reduce_anonymous_namespace_log_lut_table_ap_fixed_12_6_64_array, i92 %pow_reduce_anonymous_namespace_log_lut_table_ap_fixed_17_6_64_array, i87 %pow_reduce_anonymous_namespace_log_lut_table_ap_fixed_22_6_64_array, i82 %pow_reduce_anonymous_namespace_log_lut_table_ap_fixed_27_6_64_array, i77 %pow_reduce_anonymous_namespace_log_lut_table_ap_fixed_32_6_64_array, i58 %pow_reduce_anonymous_namespace_table_exp_Z1_ap_ufixed_array, i26 %pow_reduce_anonymous_namespace_table_f_Z3_ap_ufixed_array, i42 %pow_reduce_anonymous_namespace_table_f_Z2_ap_ufixed_array" [/wrk/ci/prod/2024.1/hls_product/continuous/545/2024.1/src/shared/hls/clib/hlsmath/src/c/powdouble.cpp:7->/cm/shared/package/vivado/Vitis_HLS/2024.1/tps/lnx64/gcc-8.3.0/lib/gcc/x86_64-pc-linux-gnu/8.3.0/../../../../include/c++/8.3.0/cmath:418->flood_HLS_base.cpp:96]   --->   Operation 972 'call' 'tmp' <Predicate = true> <Delay = 2.91> <CoreType = "Generic">   --->   Core 0 '' <Latency = 0> <II = 1> <Delay = 1.00> <Generic> <Opcode : >
ST_136 : Operation 973 [53/74] (2.91ns)   --->   "%tmp_s = call i64 @pow_generic<double>, i64 %x_assign_1, i6 %pow_reduce_anonymous_namespace_log_inverse_lut_table_pow_0_5_64_array, i109 %pow_reduce_anonymous_namespace_log0_lut_table_array, i105 %pow_reduce_anonymous_namespace_log_lut_table_ap_fixed_4_4_16_array, i102 %pow_reduce_anonymous_namespace_log_lut_table_ap_fixed_7_6_64_array, i97 %pow_reduce_anonymous_namespace_log_lut_table_ap_fixed_12_6_64_array, i92 %pow_reduce_anonymous_namespace_log_lut_table_ap_fixed_17_6_64_array, i87 %pow_reduce_anonymous_namespace_log_lut_table_ap_fixed_22_6_64_array, i82 %pow_reduce_anonymous_namespace_log_lut_table_ap_fixed_27_6_64_array, i77 %pow_reduce_anonymous_namespace_log_lut_table_ap_fixed_32_6_64_array, i58 %pow_reduce_anonymous_namespace_table_exp_Z1_ap_ufixed_array, i26 %pow_reduce_anonymous_namespace_table_f_Z3_ap_ufixed_array, i42 %pow_reduce_anonymous_namespace_table_f_Z2_ap_ufixed_array" [/wrk/ci/prod/2024.1/hls_product/continuous/545/2024.1/src/shared/hls/clib/hlsmath/src/c/powdouble.cpp:7->/cm/shared/package/vivado/Vitis_HLS/2024.1/tps/lnx64/gcc-8.3.0/lib/gcc/x86_64-pc-linux-gnu/8.3.0/../../../../include/c++/8.3.0/cmath:418->flood_HLS_base.cpp:96]   --->   Operation 973 'call' 'tmp_s' <Predicate = true> <Delay = 2.91> <CoreType = "Generic">   --->   Core 0 '' <Latency = 0> <II = 1> <Delay = 1.00> <Generic> <Opcode : >

State 137 <SV = 113> <Delay = 2.91>
ST_137 : Operation 974 [52/74] (2.91ns)   --->   "%tmp = call i64 @pow_generic<double>, i64 %x_assign, i6 %pow_reduce_anonymous_namespace_log_inverse_lut_table_pow_0_5_64_array, i109 %pow_reduce_anonymous_namespace_log0_lut_table_array, i105 %pow_reduce_anonymous_namespace_log_lut_table_ap_fixed_4_4_16_array, i102 %pow_reduce_anonymous_namespace_log_lut_table_ap_fixed_7_6_64_array, i97 %pow_reduce_anonymous_namespace_log_lut_table_ap_fixed_12_6_64_array, i92 %pow_reduce_anonymous_namespace_log_lut_table_ap_fixed_17_6_64_array, i87 %pow_reduce_anonymous_namespace_log_lut_table_ap_fixed_22_6_64_array, i82 %pow_reduce_anonymous_namespace_log_lut_table_ap_fixed_27_6_64_array, i77 %pow_reduce_anonymous_namespace_log_lut_table_ap_fixed_32_6_64_array, i58 %pow_reduce_anonymous_namespace_table_exp_Z1_ap_ufixed_array, i26 %pow_reduce_anonymous_namespace_table_f_Z3_ap_ufixed_array, i42 %pow_reduce_anonymous_namespace_table_f_Z2_ap_ufixed_array" [/wrk/ci/prod/2024.1/hls_product/continuous/545/2024.1/src/shared/hls/clib/hlsmath/src/c/powdouble.cpp:7->/cm/shared/package/vivado/Vitis_HLS/2024.1/tps/lnx64/gcc-8.3.0/lib/gcc/x86_64-pc-linux-gnu/8.3.0/../../../../include/c++/8.3.0/cmath:418->flood_HLS_base.cpp:96]   --->   Operation 974 'call' 'tmp' <Predicate = true> <Delay = 2.91> <CoreType = "Generic">   --->   Core 0 '' <Latency = 0> <II = 1> <Delay = 1.00> <Generic> <Opcode : >
ST_137 : Operation 975 [52/74] (2.91ns)   --->   "%tmp_s = call i64 @pow_generic<double>, i64 %x_assign_1, i6 %pow_reduce_anonymous_namespace_log_inverse_lut_table_pow_0_5_64_array, i109 %pow_reduce_anonymous_namespace_log0_lut_table_array, i105 %pow_reduce_anonymous_namespace_log_lut_table_ap_fixed_4_4_16_array, i102 %pow_reduce_anonymous_namespace_log_lut_table_ap_fixed_7_6_64_array, i97 %pow_reduce_anonymous_namespace_log_lut_table_ap_fixed_12_6_64_array, i92 %pow_reduce_anonymous_namespace_log_lut_table_ap_fixed_17_6_64_array, i87 %pow_reduce_anonymous_namespace_log_lut_table_ap_fixed_22_6_64_array, i82 %pow_reduce_anonymous_namespace_log_lut_table_ap_fixed_27_6_64_array, i77 %pow_reduce_anonymous_namespace_log_lut_table_ap_fixed_32_6_64_array, i58 %pow_reduce_anonymous_namespace_table_exp_Z1_ap_ufixed_array, i26 %pow_reduce_anonymous_namespace_table_f_Z3_ap_ufixed_array, i42 %pow_reduce_anonymous_namespace_table_f_Z2_ap_ufixed_array" [/wrk/ci/prod/2024.1/hls_product/continuous/545/2024.1/src/shared/hls/clib/hlsmath/src/c/powdouble.cpp:7->/cm/shared/package/vivado/Vitis_HLS/2024.1/tps/lnx64/gcc-8.3.0/lib/gcc/x86_64-pc-linux-gnu/8.3.0/../../../../include/c++/8.3.0/cmath:418->flood_HLS_base.cpp:96]   --->   Operation 975 'call' 'tmp_s' <Predicate = true> <Delay = 2.91> <CoreType = "Generic">   --->   Core 0 '' <Latency = 0> <II = 1> <Delay = 1.00> <Generic> <Opcode : >

State 138 <SV = 114> <Delay = 2.91>
ST_138 : Operation 976 [51/74] (2.91ns)   --->   "%tmp = call i64 @pow_generic<double>, i64 %x_assign, i6 %pow_reduce_anonymous_namespace_log_inverse_lut_table_pow_0_5_64_array, i109 %pow_reduce_anonymous_namespace_log0_lut_table_array, i105 %pow_reduce_anonymous_namespace_log_lut_table_ap_fixed_4_4_16_array, i102 %pow_reduce_anonymous_namespace_log_lut_table_ap_fixed_7_6_64_array, i97 %pow_reduce_anonymous_namespace_log_lut_table_ap_fixed_12_6_64_array, i92 %pow_reduce_anonymous_namespace_log_lut_table_ap_fixed_17_6_64_array, i87 %pow_reduce_anonymous_namespace_log_lut_table_ap_fixed_22_6_64_array, i82 %pow_reduce_anonymous_namespace_log_lut_table_ap_fixed_27_6_64_array, i77 %pow_reduce_anonymous_namespace_log_lut_table_ap_fixed_32_6_64_array, i58 %pow_reduce_anonymous_namespace_table_exp_Z1_ap_ufixed_array, i26 %pow_reduce_anonymous_namespace_table_f_Z3_ap_ufixed_array, i42 %pow_reduce_anonymous_namespace_table_f_Z2_ap_ufixed_array" [/wrk/ci/prod/2024.1/hls_product/continuous/545/2024.1/src/shared/hls/clib/hlsmath/src/c/powdouble.cpp:7->/cm/shared/package/vivado/Vitis_HLS/2024.1/tps/lnx64/gcc-8.3.0/lib/gcc/x86_64-pc-linux-gnu/8.3.0/../../../../include/c++/8.3.0/cmath:418->flood_HLS_base.cpp:96]   --->   Operation 976 'call' 'tmp' <Predicate = true> <Delay = 2.91> <CoreType = "Generic">   --->   Core 0 '' <Latency = 0> <II = 1> <Delay = 1.00> <Generic> <Opcode : >
ST_138 : Operation 977 [51/74] (2.91ns)   --->   "%tmp_s = call i64 @pow_generic<double>, i64 %x_assign_1, i6 %pow_reduce_anonymous_namespace_log_inverse_lut_table_pow_0_5_64_array, i109 %pow_reduce_anonymous_namespace_log0_lut_table_array, i105 %pow_reduce_anonymous_namespace_log_lut_table_ap_fixed_4_4_16_array, i102 %pow_reduce_anonymous_namespace_log_lut_table_ap_fixed_7_6_64_array, i97 %pow_reduce_anonymous_namespace_log_lut_table_ap_fixed_12_6_64_array, i92 %pow_reduce_anonymous_namespace_log_lut_table_ap_fixed_17_6_64_array, i87 %pow_reduce_anonymous_namespace_log_lut_table_ap_fixed_22_6_64_array, i82 %pow_reduce_anonymous_namespace_log_lut_table_ap_fixed_27_6_64_array, i77 %pow_reduce_anonymous_namespace_log_lut_table_ap_fixed_32_6_64_array, i58 %pow_reduce_anonymous_namespace_table_exp_Z1_ap_ufixed_array, i26 %pow_reduce_anonymous_namespace_table_f_Z3_ap_ufixed_array, i42 %pow_reduce_anonymous_namespace_table_f_Z2_ap_ufixed_array" [/wrk/ci/prod/2024.1/hls_product/continuous/545/2024.1/src/shared/hls/clib/hlsmath/src/c/powdouble.cpp:7->/cm/shared/package/vivado/Vitis_HLS/2024.1/tps/lnx64/gcc-8.3.0/lib/gcc/x86_64-pc-linux-gnu/8.3.0/../../../../include/c++/8.3.0/cmath:418->flood_HLS_base.cpp:96]   --->   Operation 977 'call' 'tmp_s' <Predicate = true> <Delay = 2.91> <CoreType = "Generic">   --->   Core 0 '' <Latency = 0> <II = 1> <Delay = 1.00> <Generic> <Opcode : >

State 139 <SV = 115> <Delay = 2.91>
ST_139 : Operation 978 [50/74] (2.91ns)   --->   "%tmp = call i64 @pow_generic<double>, i64 %x_assign, i6 %pow_reduce_anonymous_namespace_log_inverse_lut_table_pow_0_5_64_array, i109 %pow_reduce_anonymous_namespace_log0_lut_table_array, i105 %pow_reduce_anonymous_namespace_log_lut_table_ap_fixed_4_4_16_array, i102 %pow_reduce_anonymous_namespace_log_lut_table_ap_fixed_7_6_64_array, i97 %pow_reduce_anonymous_namespace_log_lut_table_ap_fixed_12_6_64_array, i92 %pow_reduce_anonymous_namespace_log_lut_table_ap_fixed_17_6_64_array, i87 %pow_reduce_anonymous_namespace_log_lut_table_ap_fixed_22_6_64_array, i82 %pow_reduce_anonymous_namespace_log_lut_table_ap_fixed_27_6_64_array, i77 %pow_reduce_anonymous_namespace_log_lut_table_ap_fixed_32_6_64_array, i58 %pow_reduce_anonymous_namespace_table_exp_Z1_ap_ufixed_array, i26 %pow_reduce_anonymous_namespace_table_f_Z3_ap_ufixed_array, i42 %pow_reduce_anonymous_namespace_table_f_Z2_ap_ufixed_array" [/wrk/ci/prod/2024.1/hls_product/continuous/545/2024.1/src/shared/hls/clib/hlsmath/src/c/powdouble.cpp:7->/cm/shared/package/vivado/Vitis_HLS/2024.1/tps/lnx64/gcc-8.3.0/lib/gcc/x86_64-pc-linux-gnu/8.3.0/../../../../include/c++/8.3.0/cmath:418->flood_HLS_base.cpp:96]   --->   Operation 978 'call' 'tmp' <Predicate = true> <Delay = 2.91> <CoreType = "Generic">   --->   Core 0 '' <Latency = 0> <II = 1> <Delay = 1.00> <Generic> <Opcode : >
ST_139 : Operation 979 [50/74] (2.91ns)   --->   "%tmp_s = call i64 @pow_generic<double>, i64 %x_assign_1, i6 %pow_reduce_anonymous_namespace_log_inverse_lut_table_pow_0_5_64_array, i109 %pow_reduce_anonymous_namespace_log0_lut_table_array, i105 %pow_reduce_anonymous_namespace_log_lut_table_ap_fixed_4_4_16_array, i102 %pow_reduce_anonymous_namespace_log_lut_table_ap_fixed_7_6_64_array, i97 %pow_reduce_anonymous_namespace_log_lut_table_ap_fixed_12_6_64_array, i92 %pow_reduce_anonymous_namespace_log_lut_table_ap_fixed_17_6_64_array, i87 %pow_reduce_anonymous_namespace_log_lut_table_ap_fixed_22_6_64_array, i82 %pow_reduce_anonymous_namespace_log_lut_table_ap_fixed_27_6_64_array, i77 %pow_reduce_anonymous_namespace_log_lut_table_ap_fixed_32_6_64_array, i58 %pow_reduce_anonymous_namespace_table_exp_Z1_ap_ufixed_array, i26 %pow_reduce_anonymous_namespace_table_f_Z3_ap_ufixed_array, i42 %pow_reduce_anonymous_namespace_table_f_Z2_ap_ufixed_array" [/wrk/ci/prod/2024.1/hls_product/continuous/545/2024.1/src/shared/hls/clib/hlsmath/src/c/powdouble.cpp:7->/cm/shared/package/vivado/Vitis_HLS/2024.1/tps/lnx64/gcc-8.3.0/lib/gcc/x86_64-pc-linux-gnu/8.3.0/../../../../include/c++/8.3.0/cmath:418->flood_HLS_base.cpp:96]   --->   Operation 979 'call' 'tmp_s' <Predicate = true> <Delay = 2.91> <CoreType = "Generic">   --->   Core 0 '' <Latency = 0> <II = 1> <Delay = 1.00> <Generic> <Opcode : >

State 140 <SV = 116> <Delay = 2.91>
ST_140 : Operation 980 [49/74] (2.91ns)   --->   "%tmp = call i64 @pow_generic<double>, i64 %x_assign, i6 %pow_reduce_anonymous_namespace_log_inverse_lut_table_pow_0_5_64_array, i109 %pow_reduce_anonymous_namespace_log0_lut_table_array, i105 %pow_reduce_anonymous_namespace_log_lut_table_ap_fixed_4_4_16_array, i102 %pow_reduce_anonymous_namespace_log_lut_table_ap_fixed_7_6_64_array, i97 %pow_reduce_anonymous_namespace_log_lut_table_ap_fixed_12_6_64_array, i92 %pow_reduce_anonymous_namespace_log_lut_table_ap_fixed_17_6_64_array, i87 %pow_reduce_anonymous_namespace_log_lut_table_ap_fixed_22_6_64_array, i82 %pow_reduce_anonymous_namespace_log_lut_table_ap_fixed_27_6_64_array, i77 %pow_reduce_anonymous_namespace_log_lut_table_ap_fixed_32_6_64_array, i58 %pow_reduce_anonymous_namespace_table_exp_Z1_ap_ufixed_array, i26 %pow_reduce_anonymous_namespace_table_f_Z3_ap_ufixed_array, i42 %pow_reduce_anonymous_namespace_table_f_Z2_ap_ufixed_array" [/wrk/ci/prod/2024.1/hls_product/continuous/545/2024.1/src/shared/hls/clib/hlsmath/src/c/powdouble.cpp:7->/cm/shared/package/vivado/Vitis_HLS/2024.1/tps/lnx64/gcc-8.3.0/lib/gcc/x86_64-pc-linux-gnu/8.3.0/../../../../include/c++/8.3.0/cmath:418->flood_HLS_base.cpp:96]   --->   Operation 980 'call' 'tmp' <Predicate = true> <Delay = 2.91> <CoreType = "Generic">   --->   Core 0 '' <Latency = 0> <II = 1> <Delay = 1.00> <Generic> <Opcode : >
ST_140 : Operation 981 [49/74] (2.91ns)   --->   "%tmp_s = call i64 @pow_generic<double>, i64 %x_assign_1, i6 %pow_reduce_anonymous_namespace_log_inverse_lut_table_pow_0_5_64_array, i109 %pow_reduce_anonymous_namespace_log0_lut_table_array, i105 %pow_reduce_anonymous_namespace_log_lut_table_ap_fixed_4_4_16_array, i102 %pow_reduce_anonymous_namespace_log_lut_table_ap_fixed_7_6_64_array, i97 %pow_reduce_anonymous_namespace_log_lut_table_ap_fixed_12_6_64_array, i92 %pow_reduce_anonymous_namespace_log_lut_table_ap_fixed_17_6_64_array, i87 %pow_reduce_anonymous_namespace_log_lut_table_ap_fixed_22_6_64_array, i82 %pow_reduce_anonymous_namespace_log_lut_table_ap_fixed_27_6_64_array, i77 %pow_reduce_anonymous_namespace_log_lut_table_ap_fixed_32_6_64_array, i58 %pow_reduce_anonymous_namespace_table_exp_Z1_ap_ufixed_array, i26 %pow_reduce_anonymous_namespace_table_f_Z3_ap_ufixed_array, i42 %pow_reduce_anonymous_namespace_table_f_Z2_ap_ufixed_array" [/wrk/ci/prod/2024.1/hls_product/continuous/545/2024.1/src/shared/hls/clib/hlsmath/src/c/powdouble.cpp:7->/cm/shared/package/vivado/Vitis_HLS/2024.1/tps/lnx64/gcc-8.3.0/lib/gcc/x86_64-pc-linux-gnu/8.3.0/../../../../include/c++/8.3.0/cmath:418->flood_HLS_base.cpp:96]   --->   Operation 981 'call' 'tmp_s' <Predicate = true> <Delay = 2.91> <CoreType = "Generic">   --->   Core 0 '' <Latency = 0> <II = 1> <Delay = 1.00> <Generic> <Opcode : >

State 141 <SV = 117> <Delay = 2.91>
ST_141 : Operation 982 [48/74] (2.91ns)   --->   "%tmp = call i64 @pow_generic<double>, i64 %x_assign, i6 %pow_reduce_anonymous_namespace_log_inverse_lut_table_pow_0_5_64_array, i109 %pow_reduce_anonymous_namespace_log0_lut_table_array, i105 %pow_reduce_anonymous_namespace_log_lut_table_ap_fixed_4_4_16_array, i102 %pow_reduce_anonymous_namespace_log_lut_table_ap_fixed_7_6_64_array, i97 %pow_reduce_anonymous_namespace_log_lut_table_ap_fixed_12_6_64_array, i92 %pow_reduce_anonymous_namespace_log_lut_table_ap_fixed_17_6_64_array, i87 %pow_reduce_anonymous_namespace_log_lut_table_ap_fixed_22_6_64_array, i82 %pow_reduce_anonymous_namespace_log_lut_table_ap_fixed_27_6_64_array, i77 %pow_reduce_anonymous_namespace_log_lut_table_ap_fixed_32_6_64_array, i58 %pow_reduce_anonymous_namespace_table_exp_Z1_ap_ufixed_array, i26 %pow_reduce_anonymous_namespace_table_f_Z3_ap_ufixed_array, i42 %pow_reduce_anonymous_namespace_table_f_Z2_ap_ufixed_array" [/wrk/ci/prod/2024.1/hls_product/continuous/545/2024.1/src/shared/hls/clib/hlsmath/src/c/powdouble.cpp:7->/cm/shared/package/vivado/Vitis_HLS/2024.1/tps/lnx64/gcc-8.3.0/lib/gcc/x86_64-pc-linux-gnu/8.3.0/../../../../include/c++/8.3.0/cmath:418->flood_HLS_base.cpp:96]   --->   Operation 982 'call' 'tmp' <Predicate = true> <Delay = 2.91> <CoreType = "Generic">   --->   Core 0 '' <Latency = 0> <II = 1> <Delay = 1.00> <Generic> <Opcode : >
ST_141 : Operation 983 [48/74] (2.91ns)   --->   "%tmp_s = call i64 @pow_generic<double>, i64 %x_assign_1, i6 %pow_reduce_anonymous_namespace_log_inverse_lut_table_pow_0_5_64_array, i109 %pow_reduce_anonymous_namespace_log0_lut_table_array, i105 %pow_reduce_anonymous_namespace_log_lut_table_ap_fixed_4_4_16_array, i102 %pow_reduce_anonymous_namespace_log_lut_table_ap_fixed_7_6_64_array, i97 %pow_reduce_anonymous_namespace_log_lut_table_ap_fixed_12_6_64_array, i92 %pow_reduce_anonymous_namespace_log_lut_table_ap_fixed_17_6_64_array, i87 %pow_reduce_anonymous_namespace_log_lut_table_ap_fixed_22_6_64_array, i82 %pow_reduce_anonymous_namespace_log_lut_table_ap_fixed_27_6_64_array, i77 %pow_reduce_anonymous_namespace_log_lut_table_ap_fixed_32_6_64_array, i58 %pow_reduce_anonymous_namespace_table_exp_Z1_ap_ufixed_array, i26 %pow_reduce_anonymous_namespace_table_f_Z3_ap_ufixed_array, i42 %pow_reduce_anonymous_namespace_table_f_Z2_ap_ufixed_array" [/wrk/ci/prod/2024.1/hls_product/continuous/545/2024.1/src/shared/hls/clib/hlsmath/src/c/powdouble.cpp:7->/cm/shared/package/vivado/Vitis_HLS/2024.1/tps/lnx64/gcc-8.3.0/lib/gcc/x86_64-pc-linux-gnu/8.3.0/../../../../include/c++/8.3.0/cmath:418->flood_HLS_base.cpp:96]   --->   Operation 983 'call' 'tmp_s' <Predicate = true> <Delay = 2.91> <CoreType = "Generic">   --->   Core 0 '' <Latency = 0> <II = 1> <Delay = 1.00> <Generic> <Opcode : >

State 142 <SV = 118> <Delay = 2.91>
ST_142 : Operation 984 [47/74] (2.91ns)   --->   "%tmp = call i64 @pow_generic<double>, i64 %x_assign, i6 %pow_reduce_anonymous_namespace_log_inverse_lut_table_pow_0_5_64_array, i109 %pow_reduce_anonymous_namespace_log0_lut_table_array, i105 %pow_reduce_anonymous_namespace_log_lut_table_ap_fixed_4_4_16_array, i102 %pow_reduce_anonymous_namespace_log_lut_table_ap_fixed_7_6_64_array, i97 %pow_reduce_anonymous_namespace_log_lut_table_ap_fixed_12_6_64_array, i92 %pow_reduce_anonymous_namespace_log_lut_table_ap_fixed_17_6_64_array, i87 %pow_reduce_anonymous_namespace_log_lut_table_ap_fixed_22_6_64_array, i82 %pow_reduce_anonymous_namespace_log_lut_table_ap_fixed_27_6_64_array, i77 %pow_reduce_anonymous_namespace_log_lut_table_ap_fixed_32_6_64_array, i58 %pow_reduce_anonymous_namespace_table_exp_Z1_ap_ufixed_array, i26 %pow_reduce_anonymous_namespace_table_f_Z3_ap_ufixed_array, i42 %pow_reduce_anonymous_namespace_table_f_Z2_ap_ufixed_array" [/wrk/ci/prod/2024.1/hls_product/continuous/545/2024.1/src/shared/hls/clib/hlsmath/src/c/powdouble.cpp:7->/cm/shared/package/vivado/Vitis_HLS/2024.1/tps/lnx64/gcc-8.3.0/lib/gcc/x86_64-pc-linux-gnu/8.3.0/../../../../include/c++/8.3.0/cmath:418->flood_HLS_base.cpp:96]   --->   Operation 984 'call' 'tmp' <Predicate = true> <Delay = 2.91> <CoreType = "Generic">   --->   Core 0 '' <Latency = 0> <II = 1> <Delay = 1.00> <Generic> <Opcode : >
ST_142 : Operation 985 [47/74] (2.91ns)   --->   "%tmp_s = call i64 @pow_generic<double>, i64 %x_assign_1, i6 %pow_reduce_anonymous_namespace_log_inverse_lut_table_pow_0_5_64_array, i109 %pow_reduce_anonymous_namespace_log0_lut_table_array, i105 %pow_reduce_anonymous_namespace_log_lut_table_ap_fixed_4_4_16_array, i102 %pow_reduce_anonymous_namespace_log_lut_table_ap_fixed_7_6_64_array, i97 %pow_reduce_anonymous_namespace_log_lut_table_ap_fixed_12_6_64_array, i92 %pow_reduce_anonymous_namespace_log_lut_table_ap_fixed_17_6_64_array, i87 %pow_reduce_anonymous_namespace_log_lut_table_ap_fixed_22_6_64_array, i82 %pow_reduce_anonymous_namespace_log_lut_table_ap_fixed_27_6_64_array, i77 %pow_reduce_anonymous_namespace_log_lut_table_ap_fixed_32_6_64_array, i58 %pow_reduce_anonymous_namespace_table_exp_Z1_ap_ufixed_array, i26 %pow_reduce_anonymous_namespace_table_f_Z3_ap_ufixed_array, i42 %pow_reduce_anonymous_namespace_table_f_Z2_ap_ufixed_array" [/wrk/ci/prod/2024.1/hls_product/continuous/545/2024.1/src/shared/hls/clib/hlsmath/src/c/powdouble.cpp:7->/cm/shared/package/vivado/Vitis_HLS/2024.1/tps/lnx64/gcc-8.3.0/lib/gcc/x86_64-pc-linux-gnu/8.3.0/../../../../include/c++/8.3.0/cmath:418->flood_HLS_base.cpp:96]   --->   Operation 985 'call' 'tmp_s' <Predicate = true> <Delay = 2.91> <CoreType = "Generic">   --->   Core 0 '' <Latency = 0> <II = 1> <Delay = 1.00> <Generic> <Opcode : >

State 143 <SV = 119> <Delay = 2.91>
ST_143 : Operation 986 [46/74] (2.91ns)   --->   "%tmp = call i64 @pow_generic<double>, i64 %x_assign, i6 %pow_reduce_anonymous_namespace_log_inverse_lut_table_pow_0_5_64_array, i109 %pow_reduce_anonymous_namespace_log0_lut_table_array, i105 %pow_reduce_anonymous_namespace_log_lut_table_ap_fixed_4_4_16_array, i102 %pow_reduce_anonymous_namespace_log_lut_table_ap_fixed_7_6_64_array, i97 %pow_reduce_anonymous_namespace_log_lut_table_ap_fixed_12_6_64_array, i92 %pow_reduce_anonymous_namespace_log_lut_table_ap_fixed_17_6_64_array, i87 %pow_reduce_anonymous_namespace_log_lut_table_ap_fixed_22_6_64_array, i82 %pow_reduce_anonymous_namespace_log_lut_table_ap_fixed_27_6_64_array, i77 %pow_reduce_anonymous_namespace_log_lut_table_ap_fixed_32_6_64_array, i58 %pow_reduce_anonymous_namespace_table_exp_Z1_ap_ufixed_array, i26 %pow_reduce_anonymous_namespace_table_f_Z3_ap_ufixed_array, i42 %pow_reduce_anonymous_namespace_table_f_Z2_ap_ufixed_array" [/wrk/ci/prod/2024.1/hls_product/continuous/545/2024.1/src/shared/hls/clib/hlsmath/src/c/powdouble.cpp:7->/cm/shared/package/vivado/Vitis_HLS/2024.1/tps/lnx64/gcc-8.3.0/lib/gcc/x86_64-pc-linux-gnu/8.3.0/../../../../include/c++/8.3.0/cmath:418->flood_HLS_base.cpp:96]   --->   Operation 986 'call' 'tmp' <Predicate = true> <Delay = 2.91> <CoreType = "Generic">   --->   Core 0 '' <Latency = 0> <II = 1> <Delay = 1.00> <Generic> <Opcode : >
ST_143 : Operation 987 [46/74] (2.91ns)   --->   "%tmp_s = call i64 @pow_generic<double>, i64 %x_assign_1, i6 %pow_reduce_anonymous_namespace_log_inverse_lut_table_pow_0_5_64_array, i109 %pow_reduce_anonymous_namespace_log0_lut_table_array, i105 %pow_reduce_anonymous_namespace_log_lut_table_ap_fixed_4_4_16_array, i102 %pow_reduce_anonymous_namespace_log_lut_table_ap_fixed_7_6_64_array, i97 %pow_reduce_anonymous_namespace_log_lut_table_ap_fixed_12_6_64_array, i92 %pow_reduce_anonymous_namespace_log_lut_table_ap_fixed_17_6_64_array, i87 %pow_reduce_anonymous_namespace_log_lut_table_ap_fixed_22_6_64_array, i82 %pow_reduce_anonymous_namespace_log_lut_table_ap_fixed_27_6_64_array, i77 %pow_reduce_anonymous_namespace_log_lut_table_ap_fixed_32_6_64_array, i58 %pow_reduce_anonymous_namespace_table_exp_Z1_ap_ufixed_array, i26 %pow_reduce_anonymous_namespace_table_f_Z3_ap_ufixed_array, i42 %pow_reduce_anonymous_namespace_table_f_Z2_ap_ufixed_array" [/wrk/ci/prod/2024.1/hls_product/continuous/545/2024.1/src/shared/hls/clib/hlsmath/src/c/powdouble.cpp:7->/cm/shared/package/vivado/Vitis_HLS/2024.1/tps/lnx64/gcc-8.3.0/lib/gcc/x86_64-pc-linux-gnu/8.3.0/../../../../include/c++/8.3.0/cmath:418->flood_HLS_base.cpp:96]   --->   Operation 987 'call' 'tmp_s' <Predicate = true> <Delay = 2.91> <CoreType = "Generic">   --->   Core 0 '' <Latency = 0> <II = 1> <Delay = 1.00> <Generic> <Opcode : >

State 144 <SV = 120> <Delay = 2.91>
ST_144 : Operation 988 [45/74] (2.91ns)   --->   "%tmp = call i64 @pow_generic<double>, i64 %x_assign, i6 %pow_reduce_anonymous_namespace_log_inverse_lut_table_pow_0_5_64_array, i109 %pow_reduce_anonymous_namespace_log0_lut_table_array, i105 %pow_reduce_anonymous_namespace_log_lut_table_ap_fixed_4_4_16_array, i102 %pow_reduce_anonymous_namespace_log_lut_table_ap_fixed_7_6_64_array, i97 %pow_reduce_anonymous_namespace_log_lut_table_ap_fixed_12_6_64_array, i92 %pow_reduce_anonymous_namespace_log_lut_table_ap_fixed_17_6_64_array, i87 %pow_reduce_anonymous_namespace_log_lut_table_ap_fixed_22_6_64_array, i82 %pow_reduce_anonymous_namespace_log_lut_table_ap_fixed_27_6_64_array, i77 %pow_reduce_anonymous_namespace_log_lut_table_ap_fixed_32_6_64_array, i58 %pow_reduce_anonymous_namespace_table_exp_Z1_ap_ufixed_array, i26 %pow_reduce_anonymous_namespace_table_f_Z3_ap_ufixed_array, i42 %pow_reduce_anonymous_namespace_table_f_Z2_ap_ufixed_array" [/wrk/ci/prod/2024.1/hls_product/continuous/545/2024.1/src/shared/hls/clib/hlsmath/src/c/powdouble.cpp:7->/cm/shared/package/vivado/Vitis_HLS/2024.1/tps/lnx64/gcc-8.3.0/lib/gcc/x86_64-pc-linux-gnu/8.3.0/../../../../include/c++/8.3.0/cmath:418->flood_HLS_base.cpp:96]   --->   Operation 988 'call' 'tmp' <Predicate = true> <Delay = 2.91> <CoreType = "Generic">   --->   Core 0 '' <Latency = 0> <II = 1> <Delay = 1.00> <Generic> <Opcode : >
ST_144 : Operation 989 [45/74] (2.91ns)   --->   "%tmp_s = call i64 @pow_generic<double>, i64 %x_assign_1, i6 %pow_reduce_anonymous_namespace_log_inverse_lut_table_pow_0_5_64_array, i109 %pow_reduce_anonymous_namespace_log0_lut_table_array, i105 %pow_reduce_anonymous_namespace_log_lut_table_ap_fixed_4_4_16_array, i102 %pow_reduce_anonymous_namespace_log_lut_table_ap_fixed_7_6_64_array, i97 %pow_reduce_anonymous_namespace_log_lut_table_ap_fixed_12_6_64_array, i92 %pow_reduce_anonymous_namespace_log_lut_table_ap_fixed_17_6_64_array, i87 %pow_reduce_anonymous_namespace_log_lut_table_ap_fixed_22_6_64_array, i82 %pow_reduce_anonymous_namespace_log_lut_table_ap_fixed_27_6_64_array, i77 %pow_reduce_anonymous_namespace_log_lut_table_ap_fixed_32_6_64_array, i58 %pow_reduce_anonymous_namespace_table_exp_Z1_ap_ufixed_array, i26 %pow_reduce_anonymous_namespace_table_f_Z3_ap_ufixed_array, i42 %pow_reduce_anonymous_namespace_table_f_Z2_ap_ufixed_array" [/wrk/ci/prod/2024.1/hls_product/continuous/545/2024.1/src/shared/hls/clib/hlsmath/src/c/powdouble.cpp:7->/cm/shared/package/vivado/Vitis_HLS/2024.1/tps/lnx64/gcc-8.3.0/lib/gcc/x86_64-pc-linux-gnu/8.3.0/../../../../include/c++/8.3.0/cmath:418->flood_HLS_base.cpp:96]   --->   Operation 989 'call' 'tmp_s' <Predicate = true> <Delay = 2.91> <CoreType = "Generic">   --->   Core 0 '' <Latency = 0> <II = 1> <Delay = 1.00> <Generic> <Opcode : >

State 145 <SV = 121> <Delay = 2.91>
ST_145 : Operation 990 [44/74] (2.91ns)   --->   "%tmp = call i64 @pow_generic<double>, i64 %x_assign, i6 %pow_reduce_anonymous_namespace_log_inverse_lut_table_pow_0_5_64_array, i109 %pow_reduce_anonymous_namespace_log0_lut_table_array, i105 %pow_reduce_anonymous_namespace_log_lut_table_ap_fixed_4_4_16_array, i102 %pow_reduce_anonymous_namespace_log_lut_table_ap_fixed_7_6_64_array, i97 %pow_reduce_anonymous_namespace_log_lut_table_ap_fixed_12_6_64_array, i92 %pow_reduce_anonymous_namespace_log_lut_table_ap_fixed_17_6_64_array, i87 %pow_reduce_anonymous_namespace_log_lut_table_ap_fixed_22_6_64_array, i82 %pow_reduce_anonymous_namespace_log_lut_table_ap_fixed_27_6_64_array, i77 %pow_reduce_anonymous_namespace_log_lut_table_ap_fixed_32_6_64_array, i58 %pow_reduce_anonymous_namespace_table_exp_Z1_ap_ufixed_array, i26 %pow_reduce_anonymous_namespace_table_f_Z3_ap_ufixed_array, i42 %pow_reduce_anonymous_namespace_table_f_Z2_ap_ufixed_array" [/wrk/ci/prod/2024.1/hls_product/continuous/545/2024.1/src/shared/hls/clib/hlsmath/src/c/powdouble.cpp:7->/cm/shared/package/vivado/Vitis_HLS/2024.1/tps/lnx64/gcc-8.3.0/lib/gcc/x86_64-pc-linux-gnu/8.3.0/../../../../include/c++/8.3.0/cmath:418->flood_HLS_base.cpp:96]   --->   Operation 990 'call' 'tmp' <Predicate = true> <Delay = 2.91> <CoreType = "Generic">   --->   Core 0 '' <Latency = 0> <II = 1> <Delay = 1.00> <Generic> <Opcode : >
ST_145 : Operation 991 [44/74] (2.91ns)   --->   "%tmp_s = call i64 @pow_generic<double>, i64 %x_assign_1, i6 %pow_reduce_anonymous_namespace_log_inverse_lut_table_pow_0_5_64_array, i109 %pow_reduce_anonymous_namespace_log0_lut_table_array, i105 %pow_reduce_anonymous_namespace_log_lut_table_ap_fixed_4_4_16_array, i102 %pow_reduce_anonymous_namespace_log_lut_table_ap_fixed_7_6_64_array, i97 %pow_reduce_anonymous_namespace_log_lut_table_ap_fixed_12_6_64_array, i92 %pow_reduce_anonymous_namespace_log_lut_table_ap_fixed_17_6_64_array, i87 %pow_reduce_anonymous_namespace_log_lut_table_ap_fixed_22_6_64_array, i82 %pow_reduce_anonymous_namespace_log_lut_table_ap_fixed_27_6_64_array, i77 %pow_reduce_anonymous_namespace_log_lut_table_ap_fixed_32_6_64_array, i58 %pow_reduce_anonymous_namespace_table_exp_Z1_ap_ufixed_array, i26 %pow_reduce_anonymous_namespace_table_f_Z3_ap_ufixed_array, i42 %pow_reduce_anonymous_namespace_table_f_Z2_ap_ufixed_array" [/wrk/ci/prod/2024.1/hls_product/continuous/545/2024.1/src/shared/hls/clib/hlsmath/src/c/powdouble.cpp:7->/cm/shared/package/vivado/Vitis_HLS/2024.1/tps/lnx64/gcc-8.3.0/lib/gcc/x86_64-pc-linux-gnu/8.3.0/../../../../include/c++/8.3.0/cmath:418->flood_HLS_base.cpp:96]   --->   Operation 991 'call' 'tmp_s' <Predicate = true> <Delay = 2.91> <CoreType = "Generic">   --->   Core 0 '' <Latency = 0> <II = 1> <Delay = 1.00> <Generic> <Opcode : >

State 146 <SV = 122> <Delay = 2.91>
ST_146 : Operation 992 [43/74] (2.91ns)   --->   "%tmp = call i64 @pow_generic<double>, i64 %x_assign, i6 %pow_reduce_anonymous_namespace_log_inverse_lut_table_pow_0_5_64_array, i109 %pow_reduce_anonymous_namespace_log0_lut_table_array, i105 %pow_reduce_anonymous_namespace_log_lut_table_ap_fixed_4_4_16_array, i102 %pow_reduce_anonymous_namespace_log_lut_table_ap_fixed_7_6_64_array, i97 %pow_reduce_anonymous_namespace_log_lut_table_ap_fixed_12_6_64_array, i92 %pow_reduce_anonymous_namespace_log_lut_table_ap_fixed_17_6_64_array, i87 %pow_reduce_anonymous_namespace_log_lut_table_ap_fixed_22_6_64_array, i82 %pow_reduce_anonymous_namespace_log_lut_table_ap_fixed_27_6_64_array, i77 %pow_reduce_anonymous_namespace_log_lut_table_ap_fixed_32_6_64_array, i58 %pow_reduce_anonymous_namespace_table_exp_Z1_ap_ufixed_array, i26 %pow_reduce_anonymous_namespace_table_f_Z3_ap_ufixed_array, i42 %pow_reduce_anonymous_namespace_table_f_Z2_ap_ufixed_array" [/wrk/ci/prod/2024.1/hls_product/continuous/545/2024.1/src/shared/hls/clib/hlsmath/src/c/powdouble.cpp:7->/cm/shared/package/vivado/Vitis_HLS/2024.1/tps/lnx64/gcc-8.3.0/lib/gcc/x86_64-pc-linux-gnu/8.3.0/../../../../include/c++/8.3.0/cmath:418->flood_HLS_base.cpp:96]   --->   Operation 992 'call' 'tmp' <Predicate = true> <Delay = 2.91> <CoreType = "Generic">   --->   Core 0 '' <Latency = 0> <II = 1> <Delay = 1.00> <Generic> <Opcode : >
ST_146 : Operation 993 [43/74] (2.91ns)   --->   "%tmp_s = call i64 @pow_generic<double>, i64 %x_assign_1, i6 %pow_reduce_anonymous_namespace_log_inverse_lut_table_pow_0_5_64_array, i109 %pow_reduce_anonymous_namespace_log0_lut_table_array, i105 %pow_reduce_anonymous_namespace_log_lut_table_ap_fixed_4_4_16_array, i102 %pow_reduce_anonymous_namespace_log_lut_table_ap_fixed_7_6_64_array, i97 %pow_reduce_anonymous_namespace_log_lut_table_ap_fixed_12_6_64_array, i92 %pow_reduce_anonymous_namespace_log_lut_table_ap_fixed_17_6_64_array, i87 %pow_reduce_anonymous_namespace_log_lut_table_ap_fixed_22_6_64_array, i82 %pow_reduce_anonymous_namespace_log_lut_table_ap_fixed_27_6_64_array, i77 %pow_reduce_anonymous_namespace_log_lut_table_ap_fixed_32_6_64_array, i58 %pow_reduce_anonymous_namespace_table_exp_Z1_ap_ufixed_array, i26 %pow_reduce_anonymous_namespace_table_f_Z3_ap_ufixed_array, i42 %pow_reduce_anonymous_namespace_table_f_Z2_ap_ufixed_array" [/wrk/ci/prod/2024.1/hls_product/continuous/545/2024.1/src/shared/hls/clib/hlsmath/src/c/powdouble.cpp:7->/cm/shared/package/vivado/Vitis_HLS/2024.1/tps/lnx64/gcc-8.3.0/lib/gcc/x86_64-pc-linux-gnu/8.3.0/../../../../include/c++/8.3.0/cmath:418->flood_HLS_base.cpp:96]   --->   Operation 993 'call' 'tmp_s' <Predicate = true> <Delay = 2.91> <CoreType = "Generic">   --->   Core 0 '' <Latency = 0> <II = 1> <Delay = 1.00> <Generic> <Opcode : >

State 147 <SV = 123> <Delay = 2.91>
ST_147 : Operation 994 [42/74] (2.91ns)   --->   "%tmp = call i64 @pow_generic<double>, i64 %x_assign, i6 %pow_reduce_anonymous_namespace_log_inverse_lut_table_pow_0_5_64_array, i109 %pow_reduce_anonymous_namespace_log0_lut_table_array, i105 %pow_reduce_anonymous_namespace_log_lut_table_ap_fixed_4_4_16_array, i102 %pow_reduce_anonymous_namespace_log_lut_table_ap_fixed_7_6_64_array, i97 %pow_reduce_anonymous_namespace_log_lut_table_ap_fixed_12_6_64_array, i92 %pow_reduce_anonymous_namespace_log_lut_table_ap_fixed_17_6_64_array, i87 %pow_reduce_anonymous_namespace_log_lut_table_ap_fixed_22_6_64_array, i82 %pow_reduce_anonymous_namespace_log_lut_table_ap_fixed_27_6_64_array, i77 %pow_reduce_anonymous_namespace_log_lut_table_ap_fixed_32_6_64_array, i58 %pow_reduce_anonymous_namespace_table_exp_Z1_ap_ufixed_array, i26 %pow_reduce_anonymous_namespace_table_f_Z3_ap_ufixed_array, i42 %pow_reduce_anonymous_namespace_table_f_Z2_ap_ufixed_array" [/wrk/ci/prod/2024.1/hls_product/continuous/545/2024.1/src/shared/hls/clib/hlsmath/src/c/powdouble.cpp:7->/cm/shared/package/vivado/Vitis_HLS/2024.1/tps/lnx64/gcc-8.3.0/lib/gcc/x86_64-pc-linux-gnu/8.3.0/../../../../include/c++/8.3.0/cmath:418->flood_HLS_base.cpp:96]   --->   Operation 994 'call' 'tmp' <Predicate = true> <Delay = 2.91> <CoreType = "Generic">   --->   Core 0 '' <Latency = 0> <II = 1> <Delay = 1.00> <Generic> <Opcode : >
ST_147 : Operation 995 [42/74] (2.91ns)   --->   "%tmp_s = call i64 @pow_generic<double>, i64 %x_assign_1, i6 %pow_reduce_anonymous_namespace_log_inverse_lut_table_pow_0_5_64_array, i109 %pow_reduce_anonymous_namespace_log0_lut_table_array, i105 %pow_reduce_anonymous_namespace_log_lut_table_ap_fixed_4_4_16_array, i102 %pow_reduce_anonymous_namespace_log_lut_table_ap_fixed_7_6_64_array, i97 %pow_reduce_anonymous_namespace_log_lut_table_ap_fixed_12_6_64_array, i92 %pow_reduce_anonymous_namespace_log_lut_table_ap_fixed_17_6_64_array, i87 %pow_reduce_anonymous_namespace_log_lut_table_ap_fixed_22_6_64_array, i82 %pow_reduce_anonymous_namespace_log_lut_table_ap_fixed_27_6_64_array, i77 %pow_reduce_anonymous_namespace_log_lut_table_ap_fixed_32_6_64_array, i58 %pow_reduce_anonymous_namespace_table_exp_Z1_ap_ufixed_array, i26 %pow_reduce_anonymous_namespace_table_f_Z3_ap_ufixed_array, i42 %pow_reduce_anonymous_namespace_table_f_Z2_ap_ufixed_array" [/wrk/ci/prod/2024.1/hls_product/continuous/545/2024.1/src/shared/hls/clib/hlsmath/src/c/powdouble.cpp:7->/cm/shared/package/vivado/Vitis_HLS/2024.1/tps/lnx64/gcc-8.3.0/lib/gcc/x86_64-pc-linux-gnu/8.3.0/../../../../include/c++/8.3.0/cmath:418->flood_HLS_base.cpp:96]   --->   Operation 995 'call' 'tmp_s' <Predicate = true> <Delay = 2.91> <CoreType = "Generic">   --->   Core 0 '' <Latency = 0> <II = 1> <Delay = 1.00> <Generic> <Opcode : >

State 148 <SV = 124> <Delay = 2.91>
ST_148 : Operation 996 [41/74] (2.91ns)   --->   "%tmp = call i64 @pow_generic<double>, i64 %x_assign, i6 %pow_reduce_anonymous_namespace_log_inverse_lut_table_pow_0_5_64_array, i109 %pow_reduce_anonymous_namespace_log0_lut_table_array, i105 %pow_reduce_anonymous_namespace_log_lut_table_ap_fixed_4_4_16_array, i102 %pow_reduce_anonymous_namespace_log_lut_table_ap_fixed_7_6_64_array, i97 %pow_reduce_anonymous_namespace_log_lut_table_ap_fixed_12_6_64_array, i92 %pow_reduce_anonymous_namespace_log_lut_table_ap_fixed_17_6_64_array, i87 %pow_reduce_anonymous_namespace_log_lut_table_ap_fixed_22_6_64_array, i82 %pow_reduce_anonymous_namespace_log_lut_table_ap_fixed_27_6_64_array, i77 %pow_reduce_anonymous_namespace_log_lut_table_ap_fixed_32_6_64_array, i58 %pow_reduce_anonymous_namespace_table_exp_Z1_ap_ufixed_array, i26 %pow_reduce_anonymous_namespace_table_f_Z3_ap_ufixed_array, i42 %pow_reduce_anonymous_namespace_table_f_Z2_ap_ufixed_array" [/wrk/ci/prod/2024.1/hls_product/continuous/545/2024.1/src/shared/hls/clib/hlsmath/src/c/powdouble.cpp:7->/cm/shared/package/vivado/Vitis_HLS/2024.1/tps/lnx64/gcc-8.3.0/lib/gcc/x86_64-pc-linux-gnu/8.3.0/../../../../include/c++/8.3.0/cmath:418->flood_HLS_base.cpp:96]   --->   Operation 996 'call' 'tmp' <Predicate = true> <Delay = 2.91> <CoreType = "Generic">   --->   Core 0 '' <Latency = 0> <II = 1> <Delay = 1.00> <Generic> <Opcode : >
ST_148 : Operation 997 [41/74] (2.91ns)   --->   "%tmp_s = call i64 @pow_generic<double>, i64 %x_assign_1, i6 %pow_reduce_anonymous_namespace_log_inverse_lut_table_pow_0_5_64_array, i109 %pow_reduce_anonymous_namespace_log0_lut_table_array, i105 %pow_reduce_anonymous_namespace_log_lut_table_ap_fixed_4_4_16_array, i102 %pow_reduce_anonymous_namespace_log_lut_table_ap_fixed_7_6_64_array, i97 %pow_reduce_anonymous_namespace_log_lut_table_ap_fixed_12_6_64_array, i92 %pow_reduce_anonymous_namespace_log_lut_table_ap_fixed_17_6_64_array, i87 %pow_reduce_anonymous_namespace_log_lut_table_ap_fixed_22_6_64_array, i82 %pow_reduce_anonymous_namespace_log_lut_table_ap_fixed_27_6_64_array, i77 %pow_reduce_anonymous_namespace_log_lut_table_ap_fixed_32_6_64_array, i58 %pow_reduce_anonymous_namespace_table_exp_Z1_ap_ufixed_array, i26 %pow_reduce_anonymous_namespace_table_f_Z3_ap_ufixed_array, i42 %pow_reduce_anonymous_namespace_table_f_Z2_ap_ufixed_array" [/wrk/ci/prod/2024.1/hls_product/continuous/545/2024.1/src/shared/hls/clib/hlsmath/src/c/powdouble.cpp:7->/cm/shared/package/vivado/Vitis_HLS/2024.1/tps/lnx64/gcc-8.3.0/lib/gcc/x86_64-pc-linux-gnu/8.3.0/../../../../include/c++/8.3.0/cmath:418->flood_HLS_base.cpp:96]   --->   Operation 997 'call' 'tmp_s' <Predicate = true> <Delay = 2.91> <CoreType = "Generic">   --->   Core 0 '' <Latency = 0> <II = 1> <Delay = 1.00> <Generic> <Opcode : >

State 149 <SV = 125> <Delay = 2.91>
ST_149 : Operation 998 [40/74] (2.91ns)   --->   "%tmp = call i64 @pow_generic<double>, i64 %x_assign, i6 %pow_reduce_anonymous_namespace_log_inverse_lut_table_pow_0_5_64_array, i109 %pow_reduce_anonymous_namespace_log0_lut_table_array, i105 %pow_reduce_anonymous_namespace_log_lut_table_ap_fixed_4_4_16_array, i102 %pow_reduce_anonymous_namespace_log_lut_table_ap_fixed_7_6_64_array, i97 %pow_reduce_anonymous_namespace_log_lut_table_ap_fixed_12_6_64_array, i92 %pow_reduce_anonymous_namespace_log_lut_table_ap_fixed_17_6_64_array, i87 %pow_reduce_anonymous_namespace_log_lut_table_ap_fixed_22_6_64_array, i82 %pow_reduce_anonymous_namespace_log_lut_table_ap_fixed_27_6_64_array, i77 %pow_reduce_anonymous_namespace_log_lut_table_ap_fixed_32_6_64_array, i58 %pow_reduce_anonymous_namespace_table_exp_Z1_ap_ufixed_array, i26 %pow_reduce_anonymous_namespace_table_f_Z3_ap_ufixed_array, i42 %pow_reduce_anonymous_namespace_table_f_Z2_ap_ufixed_array" [/wrk/ci/prod/2024.1/hls_product/continuous/545/2024.1/src/shared/hls/clib/hlsmath/src/c/powdouble.cpp:7->/cm/shared/package/vivado/Vitis_HLS/2024.1/tps/lnx64/gcc-8.3.0/lib/gcc/x86_64-pc-linux-gnu/8.3.0/../../../../include/c++/8.3.0/cmath:418->flood_HLS_base.cpp:96]   --->   Operation 998 'call' 'tmp' <Predicate = true> <Delay = 2.91> <CoreType = "Generic">   --->   Core 0 '' <Latency = 0> <II = 1> <Delay = 1.00> <Generic> <Opcode : >
ST_149 : Operation 999 [40/74] (2.91ns)   --->   "%tmp_s = call i64 @pow_generic<double>, i64 %x_assign_1, i6 %pow_reduce_anonymous_namespace_log_inverse_lut_table_pow_0_5_64_array, i109 %pow_reduce_anonymous_namespace_log0_lut_table_array, i105 %pow_reduce_anonymous_namespace_log_lut_table_ap_fixed_4_4_16_array, i102 %pow_reduce_anonymous_namespace_log_lut_table_ap_fixed_7_6_64_array, i97 %pow_reduce_anonymous_namespace_log_lut_table_ap_fixed_12_6_64_array, i92 %pow_reduce_anonymous_namespace_log_lut_table_ap_fixed_17_6_64_array, i87 %pow_reduce_anonymous_namespace_log_lut_table_ap_fixed_22_6_64_array, i82 %pow_reduce_anonymous_namespace_log_lut_table_ap_fixed_27_6_64_array, i77 %pow_reduce_anonymous_namespace_log_lut_table_ap_fixed_32_6_64_array, i58 %pow_reduce_anonymous_namespace_table_exp_Z1_ap_ufixed_array, i26 %pow_reduce_anonymous_namespace_table_f_Z3_ap_ufixed_array, i42 %pow_reduce_anonymous_namespace_table_f_Z2_ap_ufixed_array" [/wrk/ci/prod/2024.1/hls_product/continuous/545/2024.1/src/shared/hls/clib/hlsmath/src/c/powdouble.cpp:7->/cm/shared/package/vivado/Vitis_HLS/2024.1/tps/lnx64/gcc-8.3.0/lib/gcc/x86_64-pc-linux-gnu/8.3.0/../../../../include/c++/8.3.0/cmath:418->flood_HLS_base.cpp:96]   --->   Operation 999 'call' 'tmp_s' <Predicate = true> <Delay = 2.91> <CoreType = "Generic">   --->   Core 0 '' <Latency = 0> <II = 1> <Delay = 1.00> <Generic> <Opcode : >

State 150 <SV = 126> <Delay = 2.91>
ST_150 : Operation 1000 [39/74] (2.91ns)   --->   "%tmp = call i64 @pow_generic<double>, i64 %x_assign, i6 %pow_reduce_anonymous_namespace_log_inverse_lut_table_pow_0_5_64_array, i109 %pow_reduce_anonymous_namespace_log0_lut_table_array, i105 %pow_reduce_anonymous_namespace_log_lut_table_ap_fixed_4_4_16_array, i102 %pow_reduce_anonymous_namespace_log_lut_table_ap_fixed_7_6_64_array, i97 %pow_reduce_anonymous_namespace_log_lut_table_ap_fixed_12_6_64_array, i92 %pow_reduce_anonymous_namespace_log_lut_table_ap_fixed_17_6_64_array, i87 %pow_reduce_anonymous_namespace_log_lut_table_ap_fixed_22_6_64_array, i82 %pow_reduce_anonymous_namespace_log_lut_table_ap_fixed_27_6_64_array, i77 %pow_reduce_anonymous_namespace_log_lut_table_ap_fixed_32_6_64_array, i58 %pow_reduce_anonymous_namespace_table_exp_Z1_ap_ufixed_array, i26 %pow_reduce_anonymous_namespace_table_f_Z3_ap_ufixed_array, i42 %pow_reduce_anonymous_namespace_table_f_Z2_ap_ufixed_array" [/wrk/ci/prod/2024.1/hls_product/continuous/545/2024.1/src/shared/hls/clib/hlsmath/src/c/powdouble.cpp:7->/cm/shared/package/vivado/Vitis_HLS/2024.1/tps/lnx64/gcc-8.3.0/lib/gcc/x86_64-pc-linux-gnu/8.3.0/../../../../include/c++/8.3.0/cmath:418->flood_HLS_base.cpp:96]   --->   Operation 1000 'call' 'tmp' <Predicate = true> <Delay = 2.91> <CoreType = "Generic">   --->   Core 0 '' <Latency = 0> <II = 1> <Delay = 1.00> <Generic> <Opcode : >
ST_150 : Operation 1001 [39/74] (2.91ns)   --->   "%tmp_s = call i64 @pow_generic<double>, i64 %x_assign_1, i6 %pow_reduce_anonymous_namespace_log_inverse_lut_table_pow_0_5_64_array, i109 %pow_reduce_anonymous_namespace_log0_lut_table_array, i105 %pow_reduce_anonymous_namespace_log_lut_table_ap_fixed_4_4_16_array, i102 %pow_reduce_anonymous_namespace_log_lut_table_ap_fixed_7_6_64_array, i97 %pow_reduce_anonymous_namespace_log_lut_table_ap_fixed_12_6_64_array, i92 %pow_reduce_anonymous_namespace_log_lut_table_ap_fixed_17_6_64_array, i87 %pow_reduce_anonymous_namespace_log_lut_table_ap_fixed_22_6_64_array, i82 %pow_reduce_anonymous_namespace_log_lut_table_ap_fixed_27_6_64_array, i77 %pow_reduce_anonymous_namespace_log_lut_table_ap_fixed_32_6_64_array, i58 %pow_reduce_anonymous_namespace_table_exp_Z1_ap_ufixed_array, i26 %pow_reduce_anonymous_namespace_table_f_Z3_ap_ufixed_array, i42 %pow_reduce_anonymous_namespace_table_f_Z2_ap_ufixed_array" [/wrk/ci/prod/2024.1/hls_product/continuous/545/2024.1/src/shared/hls/clib/hlsmath/src/c/powdouble.cpp:7->/cm/shared/package/vivado/Vitis_HLS/2024.1/tps/lnx64/gcc-8.3.0/lib/gcc/x86_64-pc-linux-gnu/8.3.0/../../../../include/c++/8.3.0/cmath:418->flood_HLS_base.cpp:96]   --->   Operation 1001 'call' 'tmp_s' <Predicate = true> <Delay = 2.91> <CoreType = "Generic">   --->   Core 0 '' <Latency = 0> <II = 1> <Delay = 1.00> <Generic> <Opcode : >

State 151 <SV = 127> <Delay = 2.91>
ST_151 : Operation 1002 [38/74] (2.91ns)   --->   "%tmp = call i64 @pow_generic<double>, i64 %x_assign, i6 %pow_reduce_anonymous_namespace_log_inverse_lut_table_pow_0_5_64_array, i109 %pow_reduce_anonymous_namespace_log0_lut_table_array, i105 %pow_reduce_anonymous_namespace_log_lut_table_ap_fixed_4_4_16_array, i102 %pow_reduce_anonymous_namespace_log_lut_table_ap_fixed_7_6_64_array, i97 %pow_reduce_anonymous_namespace_log_lut_table_ap_fixed_12_6_64_array, i92 %pow_reduce_anonymous_namespace_log_lut_table_ap_fixed_17_6_64_array, i87 %pow_reduce_anonymous_namespace_log_lut_table_ap_fixed_22_6_64_array, i82 %pow_reduce_anonymous_namespace_log_lut_table_ap_fixed_27_6_64_array, i77 %pow_reduce_anonymous_namespace_log_lut_table_ap_fixed_32_6_64_array, i58 %pow_reduce_anonymous_namespace_table_exp_Z1_ap_ufixed_array, i26 %pow_reduce_anonymous_namespace_table_f_Z3_ap_ufixed_array, i42 %pow_reduce_anonymous_namespace_table_f_Z2_ap_ufixed_array" [/wrk/ci/prod/2024.1/hls_product/continuous/545/2024.1/src/shared/hls/clib/hlsmath/src/c/powdouble.cpp:7->/cm/shared/package/vivado/Vitis_HLS/2024.1/tps/lnx64/gcc-8.3.0/lib/gcc/x86_64-pc-linux-gnu/8.3.0/../../../../include/c++/8.3.0/cmath:418->flood_HLS_base.cpp:96]   --->   Operation 1002 'call' 'tmp' <Predicate = true> <Delay = 2.91> <CoreType = "Generic">   --->   Core 0 '' <Latency = 0> <II = 1> <Delay = 1.00> <Generic> <Opcode : >
ST_151 : Operation 1003 [38/74] (2.91ns)   --->   "%tmp_s = call i64 @pow_generic<double>, i64 %x_assign_1, i6 %pow_reduce_anonymous_namespace_log_inverse_lut_table_pow_0_5_64_array, i109 %pow_reduce_anonymous_namespace_log0_lut_table_array, i105 %pow_reduce_anonymous_namespace_log_lut_table_ap_fixed_4_4_16_array, i102 %pow_reduce_anonymous_namespace_log_lut_table_ap_fixed_7_6_64_array, i97 %pow_reduce_anonymous_namespace_log_lut_table_ap_fixed_12_6_64_array, i92 %pow_reduce_anonymous_namespace_log_lut_table_ap_fixed_17_6_64_array, i87 %pow_reduce_anonymous_namespace_log_lut_table_ap_fixed_22_6_64_array, i82 %pow_reduce_anonymous_namespace_log_lut_table_ap_fixed_27_6_64_array, i77 %pow_reduce_anonymous_namespace_log_lut_table_ap_fixed_32_6_64_array, i58 %pow_reduce_anonymous_namespace_table_exp_Z1_ap_ufixed_array, i26 %pow_reduce_anonymous_namespace_table_f_Z3_ap_ufixed_array, i42 %pow_reduce_anonymous_namespace_table_f_Z2_ap_ufixed_array" [/wrk/ci/prod/2024.1/hls_product/continuous/545/2024.1/src/shared/hls/clib/hlsmath/src/c/powdouble.cpp:7->/cm/shared/package/vivado/Vitis_HLS/2024.1/tps/lnx64/gcc-8.3.0/lib/gcc/x86_64-pc-linux-gnu/8.3.0/../../../../include/c++/8.3.0/cmath:418->flood_HLS_base.cpp:96]   --->   Operation 1003 'call' 'tmp_s' <Predicate = true> <Delay = 2.91> <CoreType = "Generic">   --->   Core 0 '' <Latency = 0> <II = 1> <Delay = 1.00> <Generic> <Opcode : >

State 152 <SV = 128> <Delay = 2.91>
ST_152 : Operation 1004 [37/74] (2.91ns)   --->   "%tmp = call i64 @pow_generic<double>, i64 %x_assign, i6 %pow_reduce_anonymous_namespace_log_inverse_lut_table_pow_0_5_64_array, i109 %pow_reduce_anonymous_namespace_log0_lut_table_array, i105 %pow_reduce_anonymous_namespace_log_lut_table_ap_fixed_4_4_16_array, i102 %pow_reduce_anonymous_namespace_log_lut_table_ap_fixed_7_6_64_array, i97 %pow_reduce_anonymous_namespace_log_lut_table_ap_fixed_12_6_64_array, i92 %pow_reduce_anonymous_namespace_log_lut_table_ap_fixed_17_6_64_array, i87 %pow_reduce_anonymous_namespace_log_lut_table_ap_fixed_22_6_64_array, i82 %pow_reduce_anonymous_namespace_log_lut_table_ap_fixed_27_6_64_array, i77 %pow_reduce_anonymous_namespace_log_lut_table_ap_fixed_32_6_64_array, i58 %pow_reduce_anonymous_namespace_table_exp_Z1_ap_ufixed_array, i26 %pow_reduce_anonymous_namespace_table_f_Z3_ap_ufixed_array, i42 %pow_reduce_anonymous_namespace_table_f_Z2_ap_ufixed_array" [/wrk/ci/prod/2024.1/hls_product/continuous/545/2024.1/src/shared/hls/clib/hlsmath/src/c/powdouble.cpp:7->/cm/shared/package/vivado/Vitis_HLS/2024.1/tps/lnx64/gcc-8.3.0/lib/gcc/x86_64-pc-linux-gnu/8.3.0/../../../../include/c++/8.3.0/cmath:418->flood_HLS_base.cpp:96]   --->   Operation 1004 'call' 'tmp' <Predicate = true> <Delay = 2.91> <CoreType = "Generic">   --->   Core 0 '' <Latency = 0> <II = 1> <Delay = 1.00> <Generic> <Opcode : >
ST_152 : Operation 1005 [37/74] (2.91ns)   --->   "%tmp_s = call i64 @pow_generic<double>, i64 %x_assign_1, i6 %pow_reduce_anonymous_namespace_log_inverse_lut_table_pow_0_5_64_array, i109 %pow_reduce_anonymous_namespace_log0_lut_table_array, i105 %pow_reduce_anonymous_namespace_log_lut_table_ap_fixed_4_4_16_array, i102 %pow_reduce_anonymous_namespace_log_lut_table_ap_fixed_7_6_64_array, i97 %pow_reduce_anonymous_namespace_log_lut_table_ap_fixed_12_6_64_array, i92 %pow_reduce_anonymous_namespace_log_lut_table_ap_fixed_17_6_64_array, i87 %pow_reduce_anonymous_namespace_log_lut_table_ap_fixed_22_6_64_array, i82 %pow_reduce_anonymous_namespace_log_lut_table_ap_fixed_27_6_64_array, i77 %pow_reduce_anonymous_namespace_log_lut_table_ap_fixed_32_6_64_array, i58 %pow_reduce_anonymous_namespace_table_exp_Z1_ap_ufixed_array, i26 %pow_reduce_anonymous_namespace_table_f_Z3_ap_ufixed_array, i42 %pow_reduce_anonymous_namespace_table_f_Z2_ap_ufixed_array" [/wrk/ci/prod/2024.1/hls_product/continuous/545/2024.1/src/shared/hls/clib/hlsmath/src/c/powdouble.cpp:7->/cm/shared/package/vivado/Vitis_HLS/2024.1/tps/lnx64/gcc-8.3.0/lib/gcc/x86_64-pc-linux-gnu/8.3.0/../../../../include/c++/8.3.0/cmath:418->flood_HLS_base.cpp:96]   --->   Operation 1005 'call' 'tmp_s' <Predicate = true> <Delay = 2.91> <CoreType = "Generic">   --->   Core 0 '' <Latency = 0> <II = 1> <Delay = 1.00> <Generic> <Opcode : >

State 153 <SV = 129> <Delay = 2.91>
ST_153 : Operation 1006 [36/74] (2.91ns)   --->   "%tmp = call i64 @pow_generic<double>, i64 %x_assign, i6 %pow_reduce_anonymous_namespace_log_inverse_lut_table_pow_0_5_64_array, i109 %pow_reduce_anonymous_namespace_log0_lut_table_array, i105 %pow_reduce_anonymous_namespace_log_lut_table_ap_fixed_4_4_16_array, i102 %pow_reduce_anonymous_namespace_log_lut_table_ap_fixed_7_6_64_array, i97 %pow_reduce_anonymous_namespace_log_lut_table_ap_fixed_12_6_64_array, i92 %pow_reduce_anonymous_namespace_log_lut_table_ap_fixed_17_6_64_array, i87 %pow_reduce_anonymous_namespace_log_lut_table_ap_fixed_22_6_64_array, i82 %pow_reduce_anonymous_namespace_log_lut_table_ap_fixed_27_6_64_array, i77 %pow_reduce_anonymous_namespace_log_lut_table_ap_fixed_32_6_64_array, i58 %pow_reduce_anonymous_namespace_table_exp_Z1_ap_ufixed_array, i26 %pow_reduce_anonymous_namespace_table_f_Z3_ap_ufixed_array, i42 %pow_reduce_anonymous_namespace_table_f_Z2_ap_ufixed_array" [/wrk/ci/prod/2024.1/hls_product/continuous/545/2024.1/src/shared/hls/clib/hlsmath/src/c/powdouble.cpp:7->/cm/shared/package/vivado/Vitis_HLS/2024.1/tps/lnx64/gcc-8.3.0/lib/gcc/x86_64-pc-linux-gnu/8.3.0/../../../../include/c++/8.3.0/cmath:418->flood_HLS_base.cpp:96]   --->   Operation 1006 'call' 'tmp' <Predicate = true> <Delay = 2.91> <CoreType = "Generic">   --->   Core 0 '' <Latency = 0> <II = 1> <Delay = 1.00> <Generic> <Opcode : >
ST_153 : Operation 1007 [36/74] (2.91ns)   --->   "%tmp_s = call i64 @pow_generic<double>, i64 %x_assign_1, i6 %pow_reduce_anonymous_namespace_log_inverse_lut_table_pow_0_5_64_array, i109 %pow_reduce_anonymous_namespace_log0_lut_table_array, i105 %pow_reduce_anonymous_namespace_log_lut_table_ap_fixed_4_4_16_array, i102 %pow_reduce_anonymous_namespace_log_lut_table_ap_fixed_7_6_64_array, i97 %pow_reduce_anonymous_namespace_log_lut_table_ap_fixed_12_6_64_array, i92 %pow_reduce_anonymous_namespace_log_lut_table_ap_fixed_17_6_64_array, i87 %pow_reduce_anonymous_namespace_log_lut_table_ap_fixed_22_6_64_array, i82 %pow_reduce_anonymous_namespace_log_lut_table_ap_fixed_27_6_64_array, i77 %pow_reduce_anonymous_namespace_log_lut_table_ap_fixed_32_6_64_array, i58 %pow_reduce_anonymous_namespace_table_exp_Z1_ap_ufixed_array, i26 %pow_reduce_anonymous_namespace_table_f_Z3_ap_ufixed_array, i42 %pow_reduce_anonymous_namespace_table_f_Z2_ap_ufixed_array" [/wrk/ci/prod/2024.1/hls_product/continuous/545/2024.1/src/shared/hls/clib/hlsmath/src/c/powdouble.cpp:7->/cm/shared/package/vivado/Vitis_HLS/2024.1/tps/lnx64/gcc-8.3.0/lib/gcc/x86_64-pc-linux-gnu/8.3.0/../../../../include/c++/8.3.0/cmath:418->flood_HLS_base.cpp:96]   --->   Operation 1007 'call' 'tmp_s' <Predicate = true> <Delay = 2.91> <CoreType = "Generic">   --->   Core 0 '' <Latency = 0> <II = 1> <Delay = 1.00> <Generic> <Opcode : >

State 154 <SV = 130> <Delay = 2.91>
ST_154 : Operation 1008 [35/74] (2.91ns)   --->   "%tmp = call i64 @pow_generic<double>, i64 %x_assign, i6 %pow_reduce_anonymous_namespace_log_inverse_lut_table_pow_0_5_64_array, i109 %pow_reduce_anonymous_namespace_log0_lut_table_array, i105 %pow_reduce_anonymous_namespace_log_lut_table_ap_fixed_4_4_16_array, i102 %pow_reduce_anonymous_namespace_log_lut_table_ap_fixed_7_6_64_array, i97 %pow_reduce_anonymous_namespace_log_lut_table_ap_fixed_12_6_64_array, i92 %pow_reduce_anonymous_namespace_log_lut_table_ap_fixed_17_6_64_array, i87 %pow_reduce_anonymous_namespace_log_lut_table_ap_fixed_22_6_64_array, i82 %pow_reduce_anonymous_namespace_log_lut_table_ap_fixed_27_6_64_array, i77 %pow_reduce_anonymous_namespace_log_lut_table_ap_fixed_32_6_64_array, i58 %pow_reduce_anonymous_namespace_table_exp_Z1_ap_ufixed_array, i26 %pow_reduce_anonymous_namespace_table_f_Z3_ap_ufixed_array, i42 %pow_reduce_anonymous_namespace_table_f_Z2_ap_ufixed_array" [/wrk/ci/prod/2024.1/hls_product/continuous/545/2024.1/src/shared/hls/clib/hlsmath/src/c/powdouble.cpp:7->/cm/shared/package/vivado/Vitis_HLS/2024.1/tps/lnx64/gcc-8.3.0/lib/gcc/x86_64-pc-linux-gnu/8.3.0/../../../../include/c++/8.3.0/cmath:418->flood_HLS_base.cpp:96]   --->   Operation 1008 'call' 'tmp' <Predicate = true> <Delay = 2.91> <CoreType = "Generic">   --->   Core 0 '' <Latency = 0> <II = 1> <Delay = 1.00> <Generic> <Opcode : >
ST_154 : Operation 1009 [35/74] (2.91ns)   --->   "%tmp_s = call i64 @pow_generic<double>, i64 %x_assign_1, i6 %pow_reduce_anonymous_namespace_log_inverse_lut_table_pow_0_5_64_array, i109 %pow_reduce_anonymous_namespace_log0_lut_table_array, i105 %pow_reduce_anonymous_namespace_log_lut_table_ap_fixed_4_4_16_array, i102 %pow_reduce_anonymous_namespace_log_lut_table_ap_fixed_7_6_64_array, i97 %pow_reduce_anonymous_namespace_log_lut_table_ap_fixed_12_6_64_array, i92 %pow_reduce_anonymous_namespace_log_lut_table_ap_fixed_17_6_64_array, i87 %pow_reduce_anonymous_namespace_log_lut_table_ap_fixed_22_6_64_array, i82 %pow_reduce_anonymous_namespace_log_lut_table_ap_fixed_27_6_64_array, i77 %pow_reduce_anonymous_namespace_log_lut_table_ap_fixed_32_6_64_array, i58 %pow_reduce_anonymous_namespace_table_exp_Z1_ap_ufixed_array, i26 %pow_reduce_anonymous_namespace_table_f_Z3_ap_ufixed_array, i42 %pow_reduce_anonymous_namespace_table_f_Z2_ap_ufixed_array" [/wrk/ci/prod/2024.1/hls_product/continuous/545/2024.1/src/shared/hls/clib/hlsmath/src/c/powdouble.cpp:7->/cm/shared/package/vivado/Vitis_HLS/2024.1/tps/lnx64/gcc-8.3.0/lib/gcc/x86_64-pc-linux-gnu/8.3.0/../../../../include/c++/8.3.0/cmath:418->flood_HLS_base.cpp:96]   --->   Operation 1009 'call' 'tmp_s' <Predicate = true> <Delay = 2.91> <CoreType = "Generic">   --->   Core 0 '' <Latency = 0> <II = 1> <Delay = 1.00> <Generic> <Opcode : >

State 155 <SV = 131> <Delay = 2.91>
ST_155 : Operation 1010 [34/74] (2.91ns)   --->   "%tmp = call i64 @pow_generic<double>, i64 %x_assign, i6 %pow_reduce_anonymous_namespace_log_inverse_lut_table_pow_0_5_64_array, i109 %pow_reduce_anonymous_namespace_log0_lut_table_array, i105 %pow_reduce_anonymous_namespace_log_lut_table_ap_fixed_4_4_16_array, i102 %pow_reduce_anonymous_namespace_log_lut_table_ap_fixed_7_6_64_array, i97 %pow_reduce_anonymous_namespace_log_lut_table_ap_fixed_12_6_64_array, i92 %pow_reduce_anonymous_namespace_log_lut_table_ap_fixed_17_6_64_array, i87 %pow_reduce_anonymous_namespace_log_lut_table_ap_fixed_22_6_64_array, i82 %pow_reduce_anonymous_namespace_log_lut_table_ap_fixed_27_6_64_array, i77 %pow_reduce_anonymous_namespace_log_lut_table_ap_fixed_32_6_64_array, i58 %pow_reduce_anonymous_namespace_table_exp_Z1_ap_ufixed_array, i26 %pow_reduce_anonymous_namespace_table_f_Z3_ap_ufixed_array, i42 %pow_reduce_anonymous_namespace_table_f_Z2_ap_ufixed_array" [/wrk/ci/prod/2024.1/hls_product/continuous/545/2024.1/src/shared/hls/clib/hlsmath/src/c/powdouble.cpp:7->/cm/shared/package/vivado/Vitis_HLS/2024.1/tps/lnx64/gcc-8.3.0/lib/gcc/x86_64-pc-linux-gnu/8.3.0/../../../../include/c++/8.3.0/cmath:418->flood_HLS_base.cpp:96]   --->   Operation 1010 'call' 'tmp' <Predicate = true> <Delay = 2.91> <CoreType = "Generic">   --->   Core 0 '' <Latency = 0> <II = 1> <Delay = 1.00> <Generic> <Opcode : >
ST_155 : Operation 1011 [34/74] (2.91ns)   --->   "%tmp_s = call i64 @pow_generic<double>, i64 %x_assign_1, i6 %pow_reduce_anonymous_namespace_log_inverse_lut_table_pow_0_5_64_array, i109 %pow_reduce_anonymous_namespace_log0_lut_table_array, i105 %pow_reduce_anonymous_namespace_log_lut_table_ap_fixed_4_4_16_array, i102 %pow_reduce_anonymous_namespace_log_lut_table_ap_fixed_7_6_64_array, i97 %pow_reduce_anonymous_namespace_log_lut_table_ap_fixed_12_6_64_array, i92 %pow_reduce_anonymous_namespace_log_lut_table_ap_fixed_17_6_64_array, i87 %pow_reduce_anonymous_namespace_log_lut_table_ap_fixed_22_6_64_array, i82 %pow_reduce_anonymous_namespace_log_lut_table_ap_fixed_27_6_64_array, i77 %pow_reduce_anonymous_namespace_log_lut_table_ap_fixed_32_6_64_array, i58 %pow_reduce_anonymous_namespace_table_exp_Z1_ap_ufixed_array, i26 %pow_reduce_anonymous_namespace_table_f_Z3_ap_ufixed_array, i42 %pow_reduce_anonymous_namespace_table_f_Z2_ap_ufixed_array" [/wrk/ci/prod/2024.1/hls_product/continuous/545/2024.1/src/shared/hls/clib/hlsmath/src/c/powdouble.cpp:7->/cm/shared/package/vivado/Vitis_HLS/2024.1/tps/lnx64/gcc-8.3.0/lib/gcc/x86_64-pc-linux-gnu/8.3.0/../../../../include/c++/8.3.0/cmath:418->flood_HLS_base.cpp:96]   --->   Operation 1011 'call' 'tmp_s' <Predicate = true> <Delay = 2.91> <CoreType = "Generic">   --->   Core 0 '' <Latency = 0> <II = 1> <Delay = 1.00> <Generic> <Opcode : >

State 156 <SV = 132> <Delay = 2.91>
ST_156 : Operation 1012 [33/74] (2.91ns)   --->   "%tmp = call i64 @pow_generic<double>, i64 %x_assign, i6 %pow_reduce_anonymous_namespace_log_inverse_lut_table_pow_0_5_64_array, i109 %pow_reduce_anonymous_namespace_log0_lut_table_array, i105 %pow_reduce_anonymous_namespace_log_lut_table_ap_fixed_4_4_16_array, i102 %pow_reduce_anonymous_namespace_log_lut_table_ap_fixed_7_6_64_array, i97 %pow_reduce_anonymous_namespace_log_lut_table_ap_fixed_12_6_64_array, i92 %pow_reduce_anonymous_namespace_log_lut_table_ap_fixed_17_6_64_array, i87 %pow_reduce_anonymous_namespace_log_lut_table_ap_fixed_22_6_64_array, i82 %pow_reduce_anonymous_namespace_log_lut_table_ap_fixed_27_6_64_array, i77 %pow_reduce_anonymous_namespace_log_lut_table_ap_fixed_32_6_64_array, i58 %pow_reduce_anonymous_namespace_table_exp_Z1_ap_ufixed_array, i26 %pow_reduce_anonymous_namespace_table_f_Z3_ap_ufixed_array, i42 %pow_reduce_anonymous_namespace_table_f_Z2_ap_ufixed_array" [/wrk/ci/prod/2024.1/hls_product/continuous/545/2024.1/src/shared/hls/clib/hlsmath/src/c/powdouble.cpp:7->/cm/shared/package/vivado/Vitis_HLS/2024.1/tps/lnx64/gcc-8.3.0/lib/gcc/x86_64-pc-linux-gnu/8.3.0/../../../../include/c++/8.3.0/cmath:418->flood_HLS_base.cpp:96]   --->   Operation 1012 'call' 'tmp' <Predicate = true> <Delay = 2.91> <CoreType = "Generic">   --->   Core 0 '' <Latency = 0> <II = 1> <Delay = 1.00> <Generic> <Opcode : >
ST_156 : Operation 1013 [33/74] (2.91ns)   --->   "%tmp_s = call i64 @pow_generic<double>, i64 %x_assign_1, i6 %pow_reduce_anonymous_namespace_log_inverse_lut_table_pow_0_5_64_array, i109 %pow_reduce_anonymous_namespace_log0_lut_table_array, i105 %pow_reduce_anonymous_namespace_log_lut_table_ap_fixed_4_4_16_array, i102 %pow_reduce_anonymous_namespace_log_lut_table_ap_fixed_7_6_64_array, i97 %pow_reduce_anonymous_namespace_log_lut_table_ap_fixed_12_6_64_array, i92 %pow_reduce_anonymous_namespace_log_lut_table_ap_fixed_17_6_64_array, i87 %pow_reduce_anonymous_namespace_log_lut_table_ap_fixed_22_6_64_array, i82 %pow_reduce_anonymous_namespace_log_lut_table_ap_fixed_27_6_64_array, i77 %pow_reduce_anonymous_namespace_log_lut_table_ap_fixed_32_6_64_array, i58 %pow_reduce_anonymous_namespace_table_exp_Z1_ap_ufixed_array, i26 %pow_reduce_anonymous_namespace_table_f_Z3_ap_ufixed_array, i42 %pow_reduce_anonymous_namespace_table_f_Z2_ap_ufixed_array" [/wrk/ci/prod/2024.1/hls_product/continuous/545/2024.1/src/shared/hls/clib/hlsmath/src/c/powdouble.cpp:7->/cm/shared/package/vivado/Vitis_HLS/2024.1/tps/lnx64/gcc-8.3.0/lib/gcc/x86_64-pc-linux-gnu/8.3.0/../../../../include/c++/8.3.0/cmath:418->flood_HLS_base.cpp:96]   --->   Operation 1013 'call' 'tmp_s' <Predicate = true> <Delay = 2.91> <CoreType = "Generic">   --->   Core 0 '' <Latency = 0> <II = 1> <Delay = 1.00> <Generic> <Opcode : >

State 157 <SV = 133> <Delay = 2.91>
ST_157 : Operation 1014 [32/74] (2.91ns)   --->   "%tmp = call i64 @pow_generic<double>, i64 %x_assign, i6 %pow_reduce_anonymous_namespace_log_inverse_lut_table_pow_0_5_64_array, i109 %pow_reduce_anonymous_namespace_log0_lut_table_array, i105 %pow_reduce_anonymous_namespace_log_lut_table_ap_fixed_4_4_16_array, i102 %pow_reduce_anonymous_namespace_log_lut_table_ap_fixed_7_6_64_array, i97 %pow_reduce_anonymous_namespace_log_lut_table_ap_fixed_12_6_64_array, i92 %pow_reduce_anonymous_namespace_log_lut_table_ap_fixed_17_6_64_array, i87 %pow_reduce_anonymous_namespace_log_lut_table_ap_fixed_22_6_64_array, i82 %pow_reduce_anonymous_namespace_log_lut_table_ap_fixed_27_6_64_array, i77 %pow_reduce_anonymous_namespace_log_lut_table_ap_fixed_32_6_64_array, i58 %pow_reduce_anonymous_namespace_table_exp_Z1_ap_ufixed_array, i26 %pow_reduce_anonymous_namespace_table_f_Z3_ap_ufixed_array, i42 %pow_reduce_anonymous_namespace_table_f_Z2_ap_ufixed_array" [/wrk/ci/prod/2024.1/hls_product/continuous/545/2024.1/src/shared/hls/clib/hlsmath/src/c/powdouble.cpp:7->/cm/shared/package/vivado/Vitis_HLS/2024.1/tps/lnx64/gcc-8.3.0/lib/gcc/x86_64-pc-linux-gnu/8.3.0/../../../../include/c++/8.3.0/cmath:418->flood_HLS_base.cpp:96]   --->   Operation 1014 'call' 'tmp' <Predicate = true> <Delay = 2.91> <CoreType = "Generic">   --->   Core 0 '' <Latency = 0> <II = 1> <Delay = 1.00> <Generic> <Opcode : >
ST_157 : Operation 1015 [32/74] (2.91ns)   --->   "%tmp_s = call i64 @pow_generic<double>, i64 %x_assign_1, i6 %pow_reduce_anonymous_namespace_log_inverse_lut_table_pow_0_5_64_array, i109 %pow_reduce_anonymous_namespace_log0_lut_table_array, i105 %pow_reduce_anonymous_namespace_log_lut_table_ap_fixed_4_4_16_array, i102 %pow_reduce_anonymous_namespace_log_lut_table_ap_fixed_7_6_64_array, i97 %pow_reduce_anonymous_namespace_log_lut_table_ap_fixed_12_6_64_array, i92 %pow_reduce_anonymous_namespace_log_lut_table_ap_fixed_17_6_64_array, i87 %pow_reduce_anonymous_namespace_log_lut_table_ap_fixed_22_6_64_array, i82 %pow_reduce_anonymous_namespace_log_lut_table_ap_fixed_27_6_64_array, i77 %pow_reduce_anonymous_namespace_log_lut_table_ap_fixed_32_6_64_array, i58 %pow_reduce_anonymous_namespace_table_exp_Z1_ap_ufixed_array, i26 %pow_reduce_anonymous_namespace_table_f_Z3_ap_ufixed_array, i42 %pow_reduce_anonymous_namespace_table_f_Z2_ap_ufixed_array" [/wrk/ci/prod/2024.1/hls_product/continuous/545/2024.1/src/shared/hls/clib/hlsmath/src/c/powdouble.cpp:7->/cm/shared/package/vivado/Vitis_HLS/2024.1/tps/lnx64/gcc-8.3.0/lib/gcc/x86_64-pc-linux-gnu/8.3.0/../../../../include/c++/8.3.0/cmath:418->flood_HLS_base.cpp:96]   --->   Operation 1015 'call' 'tmp_s' <Predicate = true> <Delay = 2.91> <CoreType = "Generic">   --->   Core 0 '' <Latency = 0> <II = 1> <Delay = 1.00> <Generic> <Opcode : >

State 158 <SV = 134> <Delay = 2.91>
ST_158 : Operation 1016 [31/74] (2.91ns)   --->   "%tmp = call i64 @pow_generic<double>, i64 %x_assign, i6 %pow_reduce_anonymous_namespace_log_inverse_lut_table_pow_0_5_64_array, i109 %pow_reduce_anonymous_namespace_log0_lut_table_array, i105 %pow_reduce_anonymous_namespace_log_lut_table_ap_fixed_4_4_16_array, i102 %pow_reduce_anonymous_namespace_log_lut_table_ap_fixed_7_6_64_array, i97 %pow_reduce_anonymous_namespace_log_lut_table_ap_fixed_12_6_64_array, i92 %pow_reduce_anonymous_namespace_log_lut_table_ap_fixed_17_6_64_array, i87 %pow_reduce_anonymous_namespace_log_lut_table_ap_fixed_22_6_64_array, i82 %pow_reduce_anonymous_namespace_log_lut_table_ap_fixed_27_6_64_array, i77 %pow_reduce_anonymous_namespace_log_lut_table_ap_fixed_32_6_64_array, i58 %pow_reduce_anonymous_namespace_table_exp_Z1_ap_ufixed_array, i26 %pow_reduce_anonymous_namespace_table_f_Z3_ap_ufixed_array, i42 %pow_reduce_anonymous_namespace_table_f_Z2_ap_ufixed_array" [/wrk/ci/prod/2024.1/hls_product/continuous/545/2024.1/src/shared/hls/clib/hlsmath/src/c/powdouble.cpp:7->/cm/shared/package/vivado/Vitis_HLS/2024.1/tps/lnx64/gcc-8.3.0/lib/gcc/x86_64-pc-linux-gnu/8.3.0/../../../../include/c++/8.3.0/cmath:418->flood_HLS_base.cpp:96]   --->   Operation 1016 'call' 'tmp' <Predicate = true> <Delay = 2.91> <CoreType = "Generic">   --->   Core 0 '' <Latency = 0> <II = 1> <Delay = 1.00> <Generic> <Opcode : >
ST_158 : Operation 1017 [31/74] (2.91ns)   --->   "%tmp_s = call i64 @pow_generic<double>, i64 %x_assign_1, i6 %pow_reduce_anonymous_namespace_log_inverse_lut_table_pow_0_5_64_array, i109 %pow_reduce_anonymous_namespace_log0_lut_table_array, i105 %pow_reduce_anonymous_namespace_log_lut_table_ap_fixed_4_4_16_array, i102 %pow_reduce_anonymous_namespace_log_lut_table_ap_fixed_7_6_64_array, i97 %pow_reduce_anonymous_namespace_log_lut_table_ap_fixed_12_6_64_array, i92 %pow_reduce_anonymous_namespace_log_lut_table_ap_fixed_17_6_64_array, i87 %pow_reduce_anonymous_namespace_log_lut_table_ap_fixed_22_6_64_array, i82 %pow_reduce_anonymous_namespace_log_lut_table_ap_fixed_27_6_64_array, i77 %pow_reduce_anonymous_namespace_log_lut_table_ap_fixed_32_6_64_array, i58 %pow_reduce_anonymous_namespace_table_exp_Z1_ap_ufixed_array, i26 %pow_reduce_anonymous_namespace_table_f_Z3_ap_ufixed_array, i42 %pow_reduce_anonymous_namespace_table_f_Z2_ap_ufixed_array" [/wrk/ci/prod/2024.1/hls_product/continuous/545/2024.1/src/shared/hls/clib/hlsmath/src/c/powdouble.cpp:7->/cm/shared/package/vivado/Vitis_HLS/2024.1/tps/lnx64/gcc-8.3.0/lib/gcc/x86_64-pc-linux-gnu/8.3.0/../../../../include/c++/8.3.0/cmath:418->flood_HLS_base.cpp:96]   --->   Operation 1017 'call' 'tmp_s' <Predicate = true> <Delay = 2.91> <CoreType = "Generic">   --->   Core 0 '' <Latency = 0> <II = 1> <Delay = 1.00> <Generic> <Opcode : >

State 159 <SV = 135> <Delay = 2.91>
ST_159 : Operation 1018 [30/74] (2.91ns)   --->   "%tmp = call i64 @pow_generic<double>, i64 %x_assign, i6 %pow_reduce_anonymous_namespace_log_inverse_lut_table_pow_0_5_64_array, i109 %pow_reduce_anonymous_namespace_log0_lut_table_array, i105 %pow_reduce_anonymous_namespace_log_lut_table_ap_fixed_4_4_16_array, i102 %pow_reduce_anonymous_namespace_log_lut_table_ap_fixed_7_6_64_array, i97 %pow_reduce_anonymous_namespace_log_lut_table_ap_fixed_12_6_64_array, i92 %pow_reduce_anonymous_namespace_log_lut_table_ap_fixed_17_6_64_array, i87 %pow_reduce_anonymous_namespace_log_lut_table_ap_fixed_22_6_64_array, i82 %pow_reduce_anonymous_namespace_log_lut_table_ap_fixed_27_6_64_array, i77 %pow_reduce_anonymous_namespace_log_lut_table_ap_fixed_32_6_64_array, i58 %pow_reduce_anonymous_namespace_table_exp_Z1_ap_ufixed_array, i26 %pow_reduce_anonymous_namespace_table_f_Z3_ap_ufixed_array, i42 %pow_reduce_anonymous_namespace_table_f_Z2_ap_ufixed_array" [/wrk/ci/prod/2024.1/hls_product/continuous/545/2024.1/src/shared/hls/clib/hlsmath/src/c/powdouble.cpp:7->/cm/shared/package/vivado/Vitis_HLS/2024.1/tps/lnx64/gcc-8.3.0/lib/gcc/x86_64-pc-linux-gnu/8.3.0/../../../../include/c++/8.3.0/cmath:418->flood_HLS_base.cpp:96]   --->   Operation 1018 'call' 'tmp' <Predicate = true> <Delay = 2.91> <CoreType = "Generic">   --->   Core 0 '' <Latency = 0> <II = 1> <Delay = 1.00> <Generic> <Opcode : >
ST_159 : Operation 1019 [30/74] (2.91ns)   --->   "%tmp_s = call i64 @pow_generic<double>, i64 %x_assign_1, i6 %pow_reduce_anonymous_namespace_log_inverse_lut_table_pow_0_5_64_array, i109 %pow_reduce_anonymous_namespace_log0_lut_table_array, i105 %pow_reduce_anonymous_namespace_log_lut_table_ap_fixed_4_4_16_array, i102 %pow_reduce_anonymous_namespace_log_lut_table_ap_fixed_7_6_64_array, i97 %pow_reduce_anonymous_namespace_log_lut_table_ap_fixed_12_6_64_array, i92 %pow_reduce_anonymous_namespace_log_lut_table_ap_fixed_17_6_64_array, i87 %pow_reduce_anonymous_namespace_log_lut_table_ap_fixed_22_6_64_array, i82 %pow_reduce_anonymous_namespace_log_lut_table_ap_fixed_27_6_64_array, i77 %pow_reduce_anonymous_namespace_log_lut_table_ap_fixed_32_6_64_array, i58 %pow_reduce_anonymous_namespace_table_exp_Z1_ap_ufixed_array, i26 %pow_reduce_anonymous_namespace_table_f_Z3_ap_ufixed_array, i42 %pow_reduce_anonymous_namespace_table_f_Z2_ap_ufixed_array" [/wrk/ci/prod/2024.1/hls_product/continuous/545/2024.1/src/shared/hls/clib/hlsmath/src/c/powdouble.cpp:7->/cm/shared/package/vivado/Vitis_HLS/2024.1/tps/lnx64/gcc-8.3.0/lib/gcc/x86_64-pc-linux-gnu/8.3.0/../../../../include/c++/8.3.0/cmath:418->flood_HLS_base.cpp:96]   --->   Operation 1019 'call' 'tmp_s' <Predicate = true> <Delay = 2.91> <CoreType = "Generic">   --->   Core 0 '' <Latency = 0> <II = 1> <Delay = 1.00> <Generic> <Opcode : >

State 160 <SV = 136> <Delay = 2.91>
ST_160 : Operation 1020 [29/74] (2.91ns)   --->   "%tmp = call i64 @pow_generic<double>, i64 %x_assign, i6 %pow_reduce_anonymous_namespace_log_inverse_lut_table_pow_0_5_64_array, i109 %pow_reduce_anonymous_namespace_log0_lut_table_array, i105 %pow_reduce_anonymous_namespace_log_lut_table_ap_fixed_4_4_16_array, i102 %pow_reduce_anonymous_namespace_log_lut_table_ap_fixed_7_6_64_array, i97 %pow_reduce_anonymous_namespace_log_lut_table_ap_fixed_12_6_64_array, i92 %pow_reduce_anonymous_namespace_log_lut_table_ap_fixed_17_6_64_array, i87 %pow_reduce_anonymous_namespace_log_lut_table_ap_fixed_22_6_64_array, i82 %pow_reduce_anonymous_namespace_log_lut_table_ap_fixed_27_6_64_array, i77 %pow_reduce_anonymous_namespace_log_lut_table_ap_fixed_32_6_64_array, i58 %pow_reduce_anonymous_namespace_table_exp_Z1_ap_ufixed_array, i26 %pow_reduce_anonymous_namespace_table_f_Z3_ap_ufixed_array, i42 %pow_reduce_anonymous_namespace_table_f_Z2_ap_ufixed_array" [/wrk/ci/prod/2024.1/hls_product/continuous/545/2024.1/src/shared/hls/clib/hlsmath/src/c/powdouble.cpp:7->/cm/shared/package/vivado/Vitis_HLS/2024.1/tps/lnx64/gcc-8.3.0/lib/gcc/x86_64-pc-linux-gnu/8.3.0/../../../../include/c++/8.3.0/cmath:418->flood_HLS_base.cpp:96]   --->   Operation 1020 'call' 'tmp' <Predicate = true> <Delay = 2.91> <CoreType = "Generic">   --->   Core 0 '' <Latency = 0> <II = 1> <Delay = 1.00> <Generic> <Opcode : >
ST_160 : Operation 1021 [29/74] (2.91ns)   --->   "%tmp_s = call i64 @pow_generic<double>, i64 %x_assign_1, i6 %pow_reduce_anonymous_namespace_log_inverse_lut_table_pow_0_5_64_array, i109 %pow_reduce_anonymous_namespace_log0_lut_table_array, i105 %pow_reduce_anonymous_namespace_log_lut_table_ap_fixed_4_4_16_array, i102 %pow_reduce_anonymous_namespace_log_lut_table_ap_fixed_7_6_64_array, i97 %pow_reduce_anonymous_namespace_log_lut_table_ap_fixed_12_6_64_array, i92 %pow_reduce_anonymous_namespace_log_lut_table_ap_fixed_17_6_64_array, i87 %pow_reduce_anonymous_namespace_log_lut_table_ap_fixed_22_6_64_array, i82 %pow_reduce_anonymous_namespace_log_lut_table_ap_fixed_27_6_64_array, i77 %pow_reduce_anonymous_namespace_log_lut_table_ap_fixed_32_6_64_array, i58 %pow_reduce_anonymous_namespace_table_exp_Z1_ap_ufixed_array, i26 %pow_reduce_anonymous_namespace_table_f_Z3_ap_ufixed_array, i42 %pow_reduce_anonymous_namespace_table_f_Z2_ap_ufixed_array" [/wrk/ci/prod/2024.1/hls_product/continuous/545/2024.1/src/shared/hls/clib/hlsmath/src/c/powdouble.cpp:7->/cm/shared/package/vivado/Vitis_HLS/2024.1/tps/lnx64/gcc-8.3.0/lib/gcc/x86_64-pc-linux-gnu/8.3.0/../../../../include/c++/8.3.0/cmath:418->flood_HLS_base.cpp:96]   --->   Operation 1021 'call' 'tmp_s' <Predicate = true> <Delay = 2.91> <CoreType = "Generic">   --->   Core 0 '' <Latency = 0> <II = 1> <Delay = 1.00> <Generic> <Opcode : >

State 161 <SV = 137> <Delay = 2.91>
ST_161 : Operation 1022 [28/74] (2.91ns)   --->   "%tmp = call i64 @pow_generic<double>, i64 %x_assign, i6 %pow_reduce_anonymous_namespace_log_inverse_lut_table_pow_0_5_64_array, i109 %pow_reduce_anonymous_namespace_log0_lut_table_array, i105 %pow_reduce_anonymous_namespace_log_lut_table_ap_fixed_4_4_16_array, i102 %pow_reduce_anonymous_namespace_log_lut_table_ap_fixed_7_6_64_array, i97 %pow_reduce_anonymous_namespace_log_lut_table_ap_fixed_12_6_64_array, i92 %pow_reduce_anonymous_namespace_log_lut_table_ap_fixed_17_6_64_array, i87 %pow_reduce_anonymous_namespace_log_lut_table_ap_fixed_22_6_64_array, i82 %pow_reduce_anonymous_namespace_log_lut_table_ap_fixed_27_6_64_array, i77 %pow_reduce_anonymous_namespace_log_lut_table_ap_fixed_32_6_64_array, i58 %pow_reduce_anonymous_namespace_table_exp_Z1_ap_ufixed_array, i26 %pow_reduce_anonymous_namespace_table_f_Z3_ap_ufixed_array, i42 %pow_reduce_anonymous_namespace_table_f_Z2_ap_ufixed_array" [/wrk/ci/prod/2024.1/hls_product/continuous/545/2024.1/src/shared/hls/clib/hlsmath/src/c/powdouble.cpp:7->/cm/shared/package/vivado/Vitis_HLS/2024.1/tps/lnx64/gcc-8.3.0/lib/gcc/x86_64-pc-linux-gnu/8.3.0/../../../../include/c++/8.3.0/cmath:418->flood_HLS_base.cpp:96]   --->   Operation 1022 'call' 'tmp' <Predicate = true> <Delay = 2.91> <CoreType = "Generic">   --->   Core 0 '' <Latency = 0> <II = 1> <Delay = 1.00> <Generic> <Opcode : >
ST_161 : Operation 1023 [28/74] (2.91ns)   --->   "%tmp_s = call i64 @pow_generic<double>, i64 %x_assign_1, i6 %pow_reduce_anonymous_namespace_log_inverse_lut_table_pow_0_5_64_array, i109 %pow_reduce_anonymous_namespace_log0_lut_table_array, i105 %pow_reduce_anonymous_namespace_log_lut_table_ap_fixed_4_4_16_array, i102 %pow_reduce_anonymous_namespace_log_lut_table_ap_fixed_7_6_64_array, i97 %pow_reduce_anonymous_namespace_log_lut_table_ap_fixed_12_6_64_array, i92 %pow_reduce_anonymous_namespace_log_lut_table_ap_fixed_17_6_64_array, i87 %pow_reduce_anonymous_namespace_log_lut_table_ap_fixed_22_6_64_array, i82 %pow_reduce_anonymous_namespace_log_lut_table_ap_fixed_27_6_64_array, i77 %pow_reduce_anonymous_namespace_log_lut_table_ap_fixed_32_6_64_array, i58 %pow_reduce_anonymous_namespace_table_exp_Z1_ap_ufixed_array, i26 %pow_reduce_anonymous_namespace_table_f_Z3_ap_ufixed_array, i42 %pow_reduce_anonymous_namespace_table_f_Z2_ap_ufixed_array" [/wrk/ci/prod/2024.1/hls_product/continuous/545/2024.1/src/shared/hls/clib/hlsmath/src/c/powdouble.cpp:7->/cm/shared/package/vivado/Vitis_HLS/2024.1/tps/lnx64/gcc-8.3.0/lib/gcc/x86_64-pc-linux-gnu/8.3.0/../../../../include/c++/8.3.0/cmath:418->flood_HLS_base.cpp:96]   --->   Operation 1023 'call' 'tmp_s' <Predicate = true> <Delay = 2.91> <CoreType = "Generic">   --->   Core 0 '' <Latency = 0> <II = 1> <Delay = 1.00> <Generic> <Opcode : >

State 162 <SV = 138> <Delay = 2.91>
ST_162 : Operation 1024 [27/74] (2.91ns)   --->   "%tmp = call i64 @pow_generic<double>, i64 %x_assign, i6 %pow_reduce_anonymous_namespace_log_inverse_lut_table_pow_0_5_64_array, i109 %pow_reduce_anonymous_namespace_log0_lut_table_array, i105 %pow_reduce_anonymous_namespace_log_lut_table_ap_fixed_4_4_16_array, i102 %pow_reduce_anonymous_namespace_log_lut_table_ap_fixed_7_6_64_array, i97 %pow_reduce_anonymous_namespace_log_lut_table_ap_fixed_12_6_64_array, i92 %pow_reduce_anonymous_namespace_log_lut_table_ap_fixed_17_6_64_array, i87 %pow_reduce_anonymous_namespace_log_lut_table_ap_fixed_22_6_64_array, i82 %pow_reduce_anonymous_namespace_log_lut_table_ap_fixed_27_6_64_array, i77 %pow_reduce_anonymous_namespace_log_lut_table_ap_fixed_32_6_64_array, i58 %pow_reduce_anonymous_namespace_table_exp_Z1_ap_ufixed_array, i26 %pow_reduce_anonymous_namespace_table_f_Z3_ap_ufixed_array, i42 %pow_reduce_anonymous_namespace_table_f_Z2_ap_ufixed_array" [/wrk/ci/prod/2024.1/hls_product/continuous/545/2024.1/src/shared/hls/clib/hlsmath/src/c/powdouble.cpp:7->/cm/shared/package/vivado/Vitis_HLS/2024.1/tps/lnx64/gcc-8.3.0/lib/gcc/x86_64-pc-linux-gnu/8.3.0/../../../../include/c++/8.3.0/cmath:418->flood_HLS_base.cpp:96]   --->   Operation 1024 'call' 'tmp' <Predicate = true> <Delay = 2.91> <CoreType = "Generic">   --->   Core 0 '' <Latency = 0> <II = 1> <Delay = 1.00> <Generic> <Opcode : >
ST_162 : Operation 1025 [27/74] (2.91ns)   --->   "%tmp_s = call i64 @pow_generic<double>, i64 %x_assign_1, i6 %pow_reduce_anonymous_namespace_log_inverse_lut_table_pow_0_5_64_array, i109 %pow_reduce_anonymous_namespace_log0_lut_table_array, i105 %pow_reduce_anonymous_namespace_log_lut_table_ap_fixed_4_4_16_array, i102 %pow_reduce_anonymous_namespace_log_lut_table_ap_fixed_7_6_64_array, i97 %pow_reduce_anonymous_namespace_log_lut_table_ap_fixed_12_6_64_array, i92 %pow_reduce_anonymous_namespace_log_lut_table_ap_fixed_17_6_64_array, i87 %pow_reduce_anonymous_namespace_log_lut_table_ap_fixed_22_6_64_array, i82 %pow_reduce_anonymous_namespace_log_lut_table_ap_fixed_27_6_64_array, i77 %pow_reduce_anonymous_namespace_log_lut_table_ap_fixed_32_6_64_array, i58 %pow_reduce_anonymous_namespace_table_exp_Z1_ap_ufixed_array, i26 %pow_reduce_anonymous_namespace_table_f_Z3_ap_ufixed_array, i42 %pow_reduce_anonymous_namespace_table_f_Z2_ap_ufixed_array" [/wrk/ci/prod/2024.1/hls_product/continuous/545/2024.1/src/shared/hls/clib/hlsmath/src/c/powdouble.cpp:7->/cm/shared/package/vivado/Vitis_HLS/2024.1/tps/lnx64/gcc-8.3.0/lib/gcc/x86_64-pc-linux-gnu/8.3.0/../../../../include/c++/8.3.0/cmath:418->flood_HLS_base.cpp:96]   --->   Operation 1025 'call' 'tmp_s' <Predicate = true> <Delay = 2.91> <CoreType = "Generic">   --->   Core 0 '' <Latency = 0> <II = 1> <Delay = 1.00> <Generic> <Opcode : >

State 163 <SV = 139> <Delay = 2.91>
ST_163 : Operation 1026 [26/74] (2.91ns)   --->   "%tmp = call i64 @pow_generic<double>, i64 %x_assign, i6 %pow_reduce_anonymous_namespace_log_inverse_lut_table_pow_0_5_64_array, i109 %pow_reduce_anonymous_namespace_log0_lut_table_array, i105 %pow_reduce_anonymous_namespace_log_lut_table_ap_fixed_4_4_16_array, i102 %pow_reduce_anonymous_namespace_log_lut_table_ap_fixed_7_6_64_array, i97 %pow_reduce_anonymous_namespace_log_lut_table_ap_fixed_12_6_64_array, i92 %pow_reduce_anonymous_namespace_log_lut_table_ap_fixed_17_6_64_array, i87 %pow_reduce_anonymous_namespace_log_lut_table_ap_fixed_22_6_64_array, i82 %pow_reduce_anonymous_namespace_log_lut_table_ap_fixed_27_6_64_array, i77 %pow_reduce_anonymous_namespace_log_lut_table_ap_fixed_32_6_64_array, i58 %pow_reduce_anonymous_namespace_table_exp_Z1_ap_ufixed_array, i26 %pow_reduce_anonymous_namespace_table_f_Z3_ap_ufixed_array, i42 %pow_reduce_anonymous_namespace_table_f_Z2_ap_ufixed_array" [/wrk/ci/prod/2024.1/hls_product/continuous/545/2024.1/src/shared/hls/clib/hlsmath/src/c/powdouble.cpp:7->/cm/shared/package/vivado/Vitis_HLS/2024.1/tps/lnx64/gcc-8.3.0/lib/gcc/x86_64-pc-linux-gnu/8.3.0/../../../../include/c++/8.3.0/cmath:418->flood_HLS_base.cpp:96]   --->   Operation 1026 'call' 'tmp' <Predicate = true> <Delay = 2.91> <CoreType = "Generic">   --->   Core 0 '' <Latency = 0> <II = 1> <Delay = 1.00> <Generic> <Opcode : >
ST_163 : Operation 1027 [26/74] (2.91ns)   --->   "%tmp_s = call i64 @pow_generic<double>, i64 %x_assign_1, i6 %pow_reduce_anonymous_namespace_log_inverse_lut_table_pow_0_5_64_array, i109 %pow_reduce_anonymous_namespace_log0_lut_table_array, i105 %pow_reduce_anonymous_namespace_log_lut_table_ap_fixed_4_4_16_array, i102 %pow_reduce_anonymous_namespace_log_lut_table_ap_fixed_7_6_64_array, i97 %pow_reduce_anonymous_namespace_log_lut_table_ap_fixed_12_6_64_array, i92 %pow_reduce_anonymous_namespace_log_lut_table_ap_fixed_17_6_64_array, i87 %pow_reduce_anonymous_namespace_log_lut_table_ap_fixed_22_6_64_array, i82 %pow_reduce_anonymous_namespace_log_lut_table_ap_fixed_27_6_64_array, i77 %pow_reduce_anonymous_namespace_log_lut_table_ap_fixed_32_6_64_array, i58 %pow_reduce_anonymous_namespace_table_exp_Z1_ap_ufixed_array, i26 %pow_reduce_anonymous_namespace_table_f_Z3_ap_ufixed_array, i42 %pow_reduce_anonymous_namespace_table_f_Z2_ap_ufixed_array" [/wrk/ci/prod/2024.1/hls_product/continuous/545/2024.1/src/shared/hls/clib/hlsmath/src/c/powdouble.cpp:7->/cm/shared/package/vivado/Vitis_HLS/2024.1/tps/lnx64/gcc-8.3.0/lib/gcc/x86_64-pc-linux-gnu/8.3.0/../../../../include/c++/8.3.0/cmath:418->flood_HLS_base.cpp:96]   --->   Operation 1027 'call' 'tmp_s' <Predicate = true> <Delay = 2.91> <CoreType = "Generic">   --->   Core 0 '' <Latency = 0> <II = 1> <Delay = 1.00> <Generic> <Opcode : >

State 164 <SV = 140> <Delay = 2.91>
ST_164 : Operation 1028 [25/74] (2.91ns)   --->   "%tmp = call i64 @pow_generic<double>, i64 %x_assign, i6 %pow_reduce_anonymous_namespace_log_inverse_lut_table_pow_0_5_64_array, i109 %pow_reduce_anonymous_namespace_log0_lut_table_array, i105 %pow_reduce_anonymous_namespace_log_lut_table_ap_fixed_4_4_16_array, i102 %pow_reduce_anonymous_namespace_log_lut_table_ap_fixed_7_6_64_array, i97 %pow_reduce_anonymous_namespace_log_lut_table_ap_fixed_12_6_64_array, i92 %pow_reduce_anonymous_namespace_log_lut_table_ap_fixed_17_6_64_array, i87 %pow_reduce_anonymous_namespace_log_lut_table_ap_fixed_22_6_64_array, i82 %pow_reduce_anonymous_namespace_log_lut_table_ap_fixed_27_6_64_array, i77 %pow_reduce_anonymous_namespace_log_lut_table_ap_fixed_32_6_64_array, i58 %pow_reduce_anonymous_namespace_table_exp_Z1_ap_ufixed_array, i26 %pow_reduce_anonymous_namespace_table_f_Z3_ap_ufixed_array, i42 %pow_reduce_anonymous_namespace_table_f_Z2_ap_ufixed_array" [/wrk/ci/prod/2024.1/hls_product/continuous/545/2024.1/src/shared/hls/clib/hlsmath/src/c/powdouble.cpp:7->/cm/shared/package/vivado/Vitis_HLS/2024.1/tps/lnx64/gcc-8.3.0/lib/gcc/x86_64-pc-linux-gnu/8.3.0/../../../../include/c++/8.3.0/cmath:418->flood_HLS_base.cpp:96]   --->   Operation 1028 'call' 'tmp' <Predicate = true> <Delay = 2.91> <CoreType = "Generic">   --->   Core 0 '' <Latency = 0> <II = 1> <Delay = 1.00> <Generic> <Opcode : >
ST_164 : Operation 1029 [25/74] (2.91ns)   --->   "%tmp_s = call i64 @pow_generic<double>, i64 %x_assign_1, i6 %pow_reduce_anonymous_namespace_log_inverse_lut_table_pow_0_5_64_array, i109 %pow_reduce_anonymous_namespace_log0_lut_table_array, i105 %pow_reduce_anonymous_namespace_log_lut_table_ap_fixed_4_4_16_array, i102 %pow_reduce_anonymous_namespace_log_lut_table_ap_fixed_7_6_64_array, i97 %pow_reduce_anonymous_namespace_log_lut_table_ap_fixed_12_6_64_array, i92 %pow_reduce_anonymous_namespace_log_lut_table_ap_fixed_17_6_64_array, i87 %pow_reduce_anonymous_namespace_log_lut_table_ap_fixed_22_6_64_array, i82 %pow_reduce_anonymous_namespace_log_lut_table_ap_fixed_27_6_64_array, i77 %pow_reduce_anonymous_namespace_log_lut_table_ap_fixed_32_6_64_array, i58 %pow_reduce_anonymous_namespace_table_exp_Z1_ap_ufixed_array, i26 %pow_reduce_anonymous_namespace_table_f_Z3_ap_ufixed_array, i42 %pow_reduce_anonymous_namespace_table_f_Z2_ap_ufixed_array" [/wrk/ci/prod/2024.1/hls_product/continuous/545/2024.1/src/shared/hls/clib/hlsmath/src/c/powdouble.cpp:7->/cm/shared/package/vivado/Vitis_HLS/2024.1/tps/lnx64/gcc-8.3.0/lib/gcc/x86_64-pc-linux-gnu/8.3.0/../../../../include/c++/8.3.0/cmath:418->flood_HLS_base.cpp:96]   --->   Operation 1029 'call' 'tmp_s' <Predicate = true> <Delay = 2.91> <CoreType = "Generic">   --->   Core 0 '' <Latency = 0> <II = 1> <Delay = 1.00> <Generic> <Opcode : >

State 165 <SV = 141> <Delay = 2.91>
ST_165 : Operation 1030 [24/74] (2.91ns)   --->   "%tmp = call i64 @pow_generic<double>, i64 %x_assign, i6 %pow_reduce_anonymous_namespace_log_inverse_lut_table_pow_0_5_64_array, i109 %pow_reduce_anonymous_namespace_log0_lut_table_array, i105 %pow_reduce_anonymous_namespace_log_lut_table_ap_fixed_4_4_16_array, i102 %pow_reduce_anonymous_namespace_log_lut_table_ap_fixed_7_6_64_array, i97 %pow_reduce_anonymous_namespace_log_lut_table_ap_fixed_12_6_64_array, i92 %pow_reduce_anonymous_namespace_log_lut_table_ap_fixed_17_6_64_array, i87 %pow_reduce_anonymous_namespace_log_lut_table_ap_fixed_22_6_64_array, i82 %pow_reduce_anonymous_namespace_log_lut_table_ap_fixed_27_6_64_array, i77 %pow_reduce_anonymous_namespace_log_lut_table_ap_fixed_32_6_64_array, i58 %pow_reduce_anonymous_namespace_table_exp_Z1_ap_ufixed_array, i26 %pow_reduce_anonymous_namespace_table_f_Z3_ap_ufixed_array, i42 %pow_reduce_anonymous_namespace_table_f_Z2_ap_ufixed_array" [/wrk/ci/prod/2024.1/hls_product/continuous/545/2024.1/src/shared/hls/clib/hlsmath/src/c/powdouble.cpp:7->/cm/shared/package/vivado/Vitis_HLS/2024.1/tps/lnx64/gcc-8.3.0/lib/gcc/x86_64-pc-linux-gnu/8.3.0/../../../../include/c++/8.3.0/cmath:418->flood_HLS_base.cpp:96]   --->   Operation 1030 'call' 'tmp' <Predicate = true> <Delay = 2.91> <CoreType = "Generic">   --->   Core 0 '' <Latency = 0> <II = 1> <Delay = 1.00> <Generic> <Opcode : >
ST_165 : Operation 1031 [24/74] (2.91ns)   --->   "%tmp_s = call i64 @pow_generic<double>, i64 %x_assign_1, i6 %pow_reduce_anonymous_namespace_log_inverse_lut_table_pow_0_5_64_array, i109 %pow_reduce_anonymous_namespace_log0_lut_table_array, i105 %pow_reduce_anonymous_namespace_log_lut_table_ap_fixed_4_4_16_array, i102 %pow_reduce_anonymous_namespace_log_lut_table_ap_fixed_7_6_64_array, i97 %pow_reduce_anonymous_namespace_log_lut_table_ap_fixed_12_6_64_array, i92 %pow_reduce_anonymous_namespace_log_lut_table_ap_fixed_17_6_64_array, i87 %pow_reduce_anonymous_namespace_log_lut_table_ap_fixed_22_6_64_array, i82 %pow_reduce_anonymous_namespace_log_lut_table_ap_fixed_27_6_64_array, i77 %pow_reduce_anonymous_namespace_log_lut_table_ap_fixed_32_6_64_array, i58 %pow_reduce_anonymous_namespace_table_exp_Z1_ap_ufixed_array, i26 %pow_reduce_anonymous_namespace_table_f_Z3_ap_ufixed_array, i42 %pow_reduce_anonymous_namespace_table_f_Z2_ap_ufixed_array" [/wrk/ci/prod/2024.1/hls_product/continuous/545/2024.1/src/shared/hls/clib/hlsmath/src/c/powdouble.cpp:7->/cm/shared/package/vivado/Vitis_HLS/2024.1/tps/lnx64/gcc-8.3.0/lib/gcc/x86_64-pc-linux-gnu/8.3.0/../../../../include/c++/8.3.0/cmath:418->flood_HLS_base.cpp:96]   --->   Operation 1031 'call' 'tmp_s' <Predicate = true> <Delay = 2.91> <CoreType = "Generic">   --->   Core 0 '' <Latency = 0> <II = 1> <Delay = 1.00> <Generic> <Opcode : >

State 166 <SV = 142> <Delay = 2.91>
ST_166 : Operation 1032 [23/74] (2.91ns)   --->   "%tmp = call i64 @pow_generic<double>, i64 %x_assign, i6 %pow_reduce_anonymous_namespace_log_inverse_lut_table_pow_0_5_64_array, i109 %pow_reduce_anonymous_namespace_log0_lut_table_array, i105 %pow_reduce_anonymous_namespace_log_lut_table_ap_fixed_4_4_16_array, i102 %pow_reduce_anonymous_namespace_log_lut_table_ap_fixed_7_6_64_array, i97 %pow_reduce_anonymous_namespace_log_lut_table_ap_fixed_12_6_64_array, i92 %pow_reduce_anonymous_namespace_log_lut_table_ap_fixed_17_6_64_array, i87 %pow_reduce_anonymous_namespace_log_lut_table_ap_fixed_22_6_64_array, i82 %pow_reduce_anonymous_namespace_log_lut_table_ap_fixed_27_6_64_array, i77 %pow_reduce_anonymous_namespace_log_lut_table_ap_fixed_32_6_64_array, i58 %pow_reduce_anonymous_namespace_table_exp_Z1_ap_ufixed_array, i26 %pow_reduce_anonymous_namespace_table_f_Z3_ap_ufixed_array, i42 %pow_reduce_anonymous_namespace_table_f_Z2_ap_ufixed_array" [/wrk/ci/prod/2024.1/hls_product/continuous/545/2024.1/src/shared/hls/clib/hlsmath/src/c/powdouble.cpp:7->/cm/shared/package/vivado/Vitis_HLS/2024.1/tps/lnx64/gcc-8.3.0/lib/gcc/x86_64-pc-linux-gnu/8.3.0/../../../../include/c++/8.3.0/cmath:418->flood_HLS_base.cpp:96]   --->   Operation 1032 'call' 'tmp' <Predicate = true> <Delay = 2.91> <CoreType = "Generic">   --->   Core 0 '' <Latency = 0> <II = 1> <Delay = 1.00> <Generic> <Opcode : >
ST_166 : Operation 1033 [23/74] (2.91ns)   --->   "%tmp_s = call i64 @pow_generic<double>, i64 %x_assign_1, i6 %pow_reduce_anonymous_namespace_log_inverse_lut_table_pow_0_5_64_array, i109 %pow_reduce_anonymous_namespace_log0_lut_table_array, i105 %pow_reduce_anonymous_namespace_log_lut_table_ap_fixed_4_4_16_array, i102 %pow_reduce_anonymous_namespace_log_lut_table_ap_fixed_7_6_64_array, i97 %pow_reduce_anonymous_namespace_log_lut_table_ap_fixed_12_6_64_array, i92 %pow_reduce_anonymous_namespace_log_lut_table_ap_fixed_17_6_64_array, i87 %pow_reduce_anonymous_namespace_log_lut_table_ap_fixed_22_6_64_array, i82 %pow_reduce_anonymous_namespace_log_lut_table_ap_fixed_27_6_64_array, i77 %pow_reduce_anonymous_namespace_log_lut_table_ap_fixed_32_6_64_array, i58 %pow_reduce_anonymous_namespace_table_exp_Z1_ap_ufixed_array, i26 %pow_reduce_anonymous_namespace_table_f_Z3_ap_ufixed_array, i42 %pow_reduce_anonymous_namespace_table_f_Z2_ap_ufixed_array" [/wrk/ci/prod/2024.1/hls_product/continuous/545/2024.1/src/shared/hls/clib/hlsmath/src/c/powdouble.cpp:7->/cm/shared/package/vivado/Vitis_HLS/2024.1/tps/lnx64/gcc-8.3.0/lib/gcc/x86_64-pc-linux-gnu/8.3.0/../../../../include/c++/8.3.0/cmath:418->flood_HLS_base.cpp:96]   --->   Operation 1033 'call' 'tmp_s' <Predicate = true> <Delay = 2.91> <CoreType = "Generic">   --->   Core 0 '' <Latency = 0> <II = 1> <Delay = 1.00> <Generic> <Opcode : >

State 167 <SV = 143> <Delay = 2.91>
ST_167 : Operation 1034 [22/74] (2.91ns)   --->   "%tmp = call i64 @pow_generic<double>, i64 %x_assign, i6 %pow_reduce_anonymous_namespace_log_inverse_lut_table_pow_0_5_64_array, i109 %pow_reduce_anonymous_namespace_log0_lut_table_array, i105 %pow_reduce_anonymous_namespace_log_lut_table_ap_fixed_4_4_16_array, i102 %pow_reduce_anonymous_namespace_log_lut_table_ap_fixed_7_6_64_array, i97 %pow_reduce_anonymous_namespace_log_lut_table_ap_fixed_12_6_64_array, i92 %pow_reduce_anonymous_namespace_log_lut_table_ap_fixed_17_6_64_array, i87 %pow_reduce_anonymous_namespace_log_lut_table_ap_fixed_22_6_64_array, i82 %pow_reduce_anonymous_namespace_log_lut_table_ap_fixed_27_6_64_array, i77 %pow_reduce_anonymous_namespace_log_lut_table_ap_fixed_32_6_64_array, i58 %pow_reduce_anonymous_namespace_table_exp_Z1_ap_ufixed_array, i26 %pow_reduce_anonymous_namespace_table_f_Z3_ap_ufixed_array, i42 %pow_reduce_anonymous_namespace_table_f_Z2_ap_ufixed_array" [/wrk/ci/prod/2024.1/hls_product/continuous/545/2024.1/src/shared/hls/clib/hlsmath/src/c/powdouble.cpp:7->/cm/shared/package/vivado/Vitis_HLS/2024.1/tps/lnx64/gcc-8.3.0/lib/gcc/x86_64-pc-linux-gnu/8.3.0/../../../../include/c++/8.3.0/cmath:418->flood_HLS_base.cpp:96]   --->   Operation 1034 'call' 'tmp' <Predicate = true> <Delay = 2.91> <CoreType = "Generic">   --->   Core 0 '' <Latency = 0> <II = 1> <Delay = 1.00> <Generic> <Opcode : >
ST_167 : Operation 1035 [22/74] (2.91ns)   --->   "%tmp_s = call i64 @pow_generic<double>, i64 %x_assign_1, i6 %pow_reduce_anonymous_namespace_log_inverse_lut_table_pow_0_5_64_array, i109 %pow_reduce_anonymous_namespace_log0_lut_table_array, i105 %pow_reduce_anonymous_namespace_log_lut_table_ap_fixed_4_4_16_array, i102 %pow_reduce_anonymous_namespace_log_lut_table_ap_fixed_7_6_64_array, i97 %pow_reduce_anonymous_namespace_log_lut_table_ap_fixed_12_6_64_array, i92 %pow_reduce_anonymous_namespace_log_lut_table_ap_fixed_17_6_64_array, i87 %pow_reduce_anonymous_namespace_log_lut_table_ap_fixed_22_6_64_array, i82 %pow_reduce_anonymous_namespace_log_lut_table_ap_fixed_27_6_64_array, i77 %pow_reduce_anonymous_namespace_log_lut_table_ap_fixed_32_6_64_array, i58 %pow_reduce_anonymous_namespace_table_exp_Z1_ap_ufixed_array, i26 %pow_reduce_anonymous_namespace_table_f_Z3_ap_ufixed_array, i42 %pow_reduce_anonymous_namespace_table_f_Z2_ap_ufixed_array" [/wrk/ci/prod/2024.1/hls_product/continuous/545/2024.1/src/shared/hls/clib/hlsmath/src/c/powdouble.cpp:7->/cm/shared/package/vivado/Vitis_HLS/2024.1/tps/lnx64/gcc-8.3.0/lib/gcc/x86_64-pc-linux-gnu/8.3.0/../../../../include/c++/8.3.0/cmath:418->flood_HLS_base.cpp:96]   --->   Operation 1035 'call' 'tmp_s' <Predicate = true> <Delay = 2.91> <CoreType = "Generic">   --->   Core 0 '' <Latency = 0> <II = 1> <Delay = 1.00> <Generic> <Opcode : >

State 168 <SV = 144> <Delay = 2.91>
ST_168 : Operation 1036 [21/74] (2.91ns)   --->   "%tmp = call i64 @pow_generic<double>, i64 %x_assign, i6 %pow_reduce_anonymous_namespace_log_inverse_lut_table_pow_0_5_64_array, i109 %pow_reduce_anonymous_namespace_log0_lut_table_array, i105 %pow_reduce_anonymous_namespace_log_lut_table_ap_fixed_4_4_16_array, i102 %pow_reduce_anonymous_namespace_log_lut_table_ap_fixed_7_6_64_array, i97 %pow_reduce_anonymous_namespace_log_lut_table_ap_fixed_12_6_64_array, i92 %pow_reduce_anonymous_namespace_log_lut_table_ap_fixed_17_6_64_array, i87 %pow_reduce_anonymous_namespace_log_lut_table_ap_fixed_22_6_64_array, i82 %pow_reduce_anonymous_namespace_log_lut_table_ap_fixed_27_6_64_array, i77 %pow_reduce_anonymous_namespace_log_lut_table_ap_fixed_32_6_64_array, i58 %pow_reduce_anonymous_namespace_table_exp_Z1_ap_ufixed_array, i26 %pow_reduce_anonymous_namespace_table_f_Z3_ap_ufixed_array, i42 %pow_reduce_anonymous_namespace_table_f_Z2_ap_ufixed_array" [/wrk/ci/prod/2024.1/hls_product/continuous/545/2024.1/src/shared/hls/clib/hlsmath/src/c/powdouble.cpp:7->/cm/shared/package/vivado/Vitis_HLS/2024.1/tps/lnx64/gcc-8.3.0/lib/gcc/x86_64-pc-linux-gnu/8.3.0/../../../../include/c++/8.3.0/cmath:418->flood_HLS_base.cpp:96]   --->   Operation 1036 'call' 'tmp' <Predicate = true> <Delay = 2.91> <CoreType = "Generic">   --->   Core 0 '' <Latency = 0> <II = 1> <Delay = 1.00> <Generic> <Opcode : >
ST_168 : Operation 1037 [21/74] (2.91ns)   --->   "%tmp_s = call i64 @pow_generic<double>, i64 %x_assign_1, i6 %pow_reduce_anonymous_namespace_log_inverse_lut_table_pow_0_5_64_array, i109 %pow_reduce_anonymous_namespace_log0_lut_table_array, i105 %pow_reduce_anonymous_namespace_log_lut_table_ap_fixed_4_4_16_array, i102 %pow_reduce_anonymous_namespace_log_lut_table_ap_fixed_7_6_64_array, i97 %pow_reduce_anonymous_namespace_log_lut_table_ap_fixed_12_6_64_array, i92 %pow_reduce_anonymous_namespace_log_lut_table_ap_fixed_17_6_64_array, i87 %pow_reduce_anonymous_namespace_log_lut_table_ap_fixed_22_6_64_array, i82 %pow_reduce_anonymous_namespace_log_lut_table_ap_fixed_27_6_64_array, i77 %pow_reduce_anonymous_namespace_log_lut_table_ap_fixed_32_6_64_array, i58 %pow_reduce_anonymous_namespace_table_exp_Z1_ap_ufixed_array, i26 %pow_reduce_anonymous_namespace_table_f_Z3_ap_ufixed_array, i42 %pow_reduce_anonymous_namespace_table_f_Z2_ap_ufixed_array" [/wrk/ci/prod/2024.1/hls_product/continuous/545/2024.1/src/shared/hls/clib/hlsmath/src/c/powdouble.cpp:7->/cm/shared/package/vivado/Vitis_HLS/2024.1/tps/lnx64/gcc-8.3.0/lib/gcc/x86_64-pc-linux-gnu/8.3.0/../../../../include/c++/8.3.0/cmath:418->flood_HLS_base.cpp:96]   --->   Operation 1037 'call' 'tmp_s' <Predicate = true> <Delay = 2.91> <CoreType = "Generic">   --->   Core 0 '' <Latency = 0> <II = 1> <Delay = 1.00> <Generic> <Opcode : >

State 169 <SV = 145> <Delay = 2.91>
ST_169 : Operation 1038 [20/74] (2.91ns)   --->   "%tmp = call i64 @pow_generic<double>, i64 %x_assign, i6 %pow_reduce_anonymous_namespace_log_inverse_lut_table_pow_0_5_64_array, i109 %pow_reduce_anonymous_namespace_log0_lut_table_array, i105 %pow_reduce_anonymous_namespace_log_lut_table_ap_fixed_4_4_16_array, i102 %pow_reduce_anonymous_namespace_log_lut_table_ap_fixed_7_6_64_array, i97 %pow_reduce_anonymous_namespace_log_lut_table_ap_fixed_12_6_64_array, i92 %pow_reduce_anonymous_namespace_log_lut_table_ap_fixed_17_6_64_array, i87 %pow_reduce_anonymous_namespace_log_lut_table_ap_fixed_22_6_64_array, i82 %pow_reduce_anonymous_namespace_log_lut_table_ap_fixed_27_6_64_array, i77 %pow_reduce_anonymous_namespace_log_lut_table_ap_fixed_32_6_64_array, i58 %pow_reduce_anonymous_namespace_table_exp_Z1_ap_ufixed_array, i26 %pow_reduce_anonymous_namespace_table_f_Z3_ap_ufixed_array, i42 %pow_reduce_anonymous_namespace_table_f_Z2_ap_ufixed_array" [/wrk/ci/prod/2024.1/hls_product/continuous/545/2024.1/src/shared/hls/clib/hlsmath/src/c/powdouble.cpp:7->/cm/shared/package/vivado/Vitis_HLS/2024.1/tps/lnx64/gcc-8.3.0/lib/gcc/x86_64-pc-linux-gnu/8.3.0/../../../../include/c++/8.3.0/cmath:418->flood_HLS_base.cpp:96]   --->   Operation 1038 'call' 'tmp' <Predicate = true> <Delay = 2.91> <CoreType = "Generic">   --->   Core 0 '' <Latency = 0> <II = 1> <Delay = 1.00> <Generic> <Opcode : >
ST_169 : Operation 1039 [20/74] (2.91ns)   --->   "%tmp_s = call i64 @pow_generic<double>, i64 %x_assign_1, i6 %pow_reduce_anonymous_namespace_log_inverse_lut_table_pow_0_5_64_array, i109 %pow_reduce_anonymous_namespace_log0_lut_table_array, i105 %pow_reduce_anonymous_namespace_log_lut_table_ap_fixed_4_4_16_array, i102 %pow_reduce_anonymous_namespace_log_lut_table_ap_fixed_7_6_64_array, i97 %pow_reduce_anonymous_namespace_log_lut_table_ap_fixed_12_6_64_array, i92 %pow_reduce_anonymous_namespace_log_lut_table_ap_fixed_17_6_64_array, i87 %pow_reduce_anonymous_namespace_log_lut_table_ap_fixed_22_6_64_array, i82 %pow_reduce_anonymous_namespace_log_lut_table_ap_fixed_27_6_64_array, i77 %pow_reduce_anonymous_namespace_log_lut_table_ap_fixed_32_6_64_array, i58 %pow_reduce_anonymous_namespace_table_exp_Z1_ap_ufixed_array, i26 %pow_reduce_anonymous_namespace_table_f_Z3_ap_ufixed_array, i42 %pow_reduce_anonymous_namespace_table_f_Z2_ap_ufixed_array" [/wrk/ci/prod/2024.1/hls_product/continuous/545/2024.1/src/shared/hls/clib/hlsmath/src/c/powdouble.cpp:7->/cm/shared/package/vivado/Vitis_HLS/2024.1/tps/lnx64/gcc-8.3.0/lib/gcc/x86_64-pc-linux-gnu/8.3.0/../../../../include/c++/8.3.0/cmath:418->flood_HLS_base.cpp:96]   --->   Operation 1039 'call' 'tmp_s' <Predicate = true> <Delay = 2.91> <CoreType = "Generic">   --->   Core 0 '' <Latency = 0> <II = 1> <Delay = 1.00> <Generic> <Opcode : >

State 170 <SV = 146> <Delay = 2.91>
ST_170 : Operation 1040 [19/74] (2.91ns)   --->   "%tmp = call i64 @pow_generic<double>, i64 %x_assign, i6 %pow_reduce_anonymous_namespace_log_inverse_lut_table_pow_0_5_64_array, i109 %pow_reduce_anonymous_namespace_log0_lut_table_array, i105 %pow_reduce_anonymous_namespace_log_lut_table_ap_fixed_4_4_16_array, i102 %pow_reduce_anonymous_namespace_log_lut_table_ap_fixed_7_6_64_array, i97 %pow_reduce_anonymous_namespace_log_lut_table_ap_fixed_12_6_64_array, i92 %pow_reduce_anonymous_namespace_log_lut_table_ap_fixed_17_6_64_array, i87 %pow_reduce_anonymous_namespace_log_lut_table_ap_fixed_22_6_64_array, i82 %pow_reduce_anonymous_namespace_log_lut_table_ap_fixed_27_6_64_array, i77 %pow_reduce_anonymous_namespace_log_lut_table_ap_fixed_32_6_64_array, i58 %pow_reduce_anonymous_namespace_table_exp_Z1_ap_ufixed_array, i26 %pow_reduce_anonymous_namespace_table_f_Z3_ap_ufixed_array, i42 %pow_reduce_anonymous_namespace_table_f_Z2_ap_ufixed_array" [/wrk/ci/prod/2024.1/hls_product/continuous/545/2024.1/src/shared/hls/clib/hlsmath/src/c/powdouble.cpp:7->/cm/shared/package/vivado/Vitis_HLS/2024.1/tps/lnx64/gcc-8.3.0/lib/gcc/x86_64-pc-linux-gnu/8.3.0/../../../../include/c++/8.3.0/cmath:418->flood_HLS_base.cpp:96]   --->   Operation 1040 'call' 'tmp' <Predicate = true> <Delay = 2.91> <CoreType = "Generic">   --->   Core 0 '' <Latency = 0> <II = 1> <Delay = 1.00> <Generic> <Opcode : >
ST_170 : Operation 1041 [19/74] (2.91ns)   --->   "%tmp_s = call i64 @pow_generic<double>, i64 %x_assign_1, i6 %pow_reduce_anonymous_namespace_log_inverse_lut_table_pow_0_5_64_array, i109 %pow_reduce_anonymous_namespace_log0_lut_table_array, i105 %pow_reduce_anonymous_namespace_log_lut_table_ap_fixed_4_4_16_array, i102 %pow_reduce_anonymous_namespace_log_lut_table_ap_fixed_7_6_64_array, i97 %pow_reduce_anonymous_namespace_log_lut_table_ap_fixed_12_6_64_array, i92 %pow_reduce_anonymous_namespace_log_lut_table_ap_fixed_17_6_64_array, i87 %pow_reduce_anonymous_namespace_log_lut_table_ap_fixed_22_6_64_array, i82 %pow_reduce_anonymous_namespace_log_lut_table_ap_fixed_27_6_64_array, i77 %pow_reduce_anonymous_namespace_log_lut_table_ap_fixed_32_6_64_array, i58 %pow_reduce_anonymous_namespace_table_exp_Z1_ap_ufixed_array, i26 %pow_reduce_anonymous_namespace_table_f_Z3_ap_ufixed_array, i42 %pow_reduce_anonymous_namespace_table_f_Z2_ap_ufixed_array" [/wrk/ci/prod/2024.1/hls_product/continuous/545/2024.1/src/shared/hls/clib/hlsmath/src/c/powdouble.cpp:7->/cm/shared/package/vivado/Vitis_HLS/2024.1/tps/lnx64/gcc-8.3.0/lib/gcc/x86_64-pc-linux-gnu/8.3.0/../../../../include/c++/8.3.0/cmath:418->flood_HLS_base.cpp:96]   --->   Operation 1041 'call' 'tmp_s' <Predicate = true> <Delay = 2.91> <CoreType = "Generic">   --->   Core 0 '' <Latency = 0> <II = 1> <Delay = 1.00> <Generic> <Opcode : >

State 171 <SV = 147> <Delay = 2.91>
ST_171 : Operation 1042 [18/74] (2.91ns)   --->   "%tmp = call i64 @pow_generic<double>, i64 %x_assign, i6 %pow_reduce_anonymous_namespace_log_inverse_lut_table_pow_0_5_64_array, i109 %pow_reduce_anonymous_namespace_log0_lut_table_array, i105 %pow_reduce_anonymous_namespace_log_lut_table_ap_fixed_4_4_16_array, i102 %pow_reduce_anonymous_namespace_log_lut_table_ap_fixed_7_6_64_array, i97 %pow_reduce_anonymous_namespace_log_lut_table_ap_fixed_12_6_64_array, i92 %pow_reduce_anonymous_namespace_log_lut_table_ap_fixed_17_6_64_array, i87 %pow_reduce_anonymous_namespace_log_lut_table_ap_fixed_22_6_64_array, i82 %pow_reduce_anonymous_namespace_log_lut_table_ap_fixed_27_6_64_array, i77 %pow_reduce_anonymous_namespace_log_lut_table_ap_fixed_32_6_64_array, i58 %pow_reduce_anonymous_namespace_table_exp_Z1_ap_ufixed_array, i26 %pow_reduce_anonymous_namespace_table_f_Z3_ap_ufixed_array, i42 %pow_reduce_anonymous_namespace_table_f_Z2_ap_ufixed_array" [/wrk/ci/prod/2024.1/hls_product/continuous/545/2024.1/src/shared/hls/clib/hlsmath/src/c/powdouble.cpp:7->/cm/shared/package/vivado/Vitis_HLS/2024.1/tps/lnx64/gcc-8.3.0/lib/gcc/x86_64-pc-linux-gnu/8.3.0/../../../../include/c++/8.3.0/cmath:418->flood_HLS_base.cpp:96]   --->   Operation 1042 'call' 'tmp' <Predicate = true> <Delay = 2.91> <CoreType = "Generic">   --->   Core 0 '' <Latency = 0> <II = 1> <Delay = 1.00> <Generic> <Opcode : >
ST_171 : Operation 1043 [18/74] (2.91ns)   --->   "%tmp_s = call i64 @pow_generic<double>, i64 %x_assign_1, i6 %pow_reduce_anonymous_namespace_log_inverse_lut_table_pow_0_5_64_array, i109 %pow_reduce_anonymous_namespace_log0_lut_table_array, i105 %pow_reduce_anonymous_namespace_log_lut_table_ap_fixed_4_4_16_array, i102 %pow_reduce_anonymous_namespace_log_lut_table_ap_fixed_7_6_64_array, i97 %pow_reduce_anonymous_namespace_log_lut_table_ap_fixed_12_6_64_array, i92 %pow_reduce_anonymous_namespace_log_lut_table_ap_fixed_17_6_64_array, i87 %pow_reduce_anonymous_namespace_log_lut_table_ap_fixed_22_6_64_array, i82 %pow_reduce_anonymous_namespace_log_lut_table_ap_fixed_27_6_64_array, i77 %pow_reduce_anonymous_namespace_log_lut_table_ap_fixed_32_6_64_array, i58 %pow_reduce_anonymous_namespace_table_exp_Z1_ap_ufixed_array, i26 %pow_reduce_anonymous_namespace_table_f_Z3_ap_ufixed_array, i42 %pow_reduce_anonymous_namespace_table_f_Z2_ap_ufixed_array" [/wrk/ci/prod/2024.1/hls_product/continuous/545/2024.1/src/shared/hls/clib/hlsmath/src/c/powdouble.cpp:7->/cm/shared/package/vivado/Vitis_HLS/2024.1/tps/lnx64/gcc-8.3.0/lib/gcc/x86_64-pc-linux-gnu/8.3.0/../../../../include/c++/8.3.0/cmath:418->flood_HLS_base.cpp:96]   --->   Operation 1043 'call' 'tmp_s' <Predicate = true> <Delay = 2.91> <CoreType = "Generic">   --->   Core 0 '' <Latency = 0> <II = 1> <Delay = 1.00> <Generic> <Opcode : >

State 172 <SV = 148> <Delay = 2.91>
ST_172 : Operation 1044 [17/74] (2.91ns)   --->   "%tmp = call i64 @pow_generic<double>, i64 %x_assign, i6 %pow_reduce_anonymous_namespace_log_inverse_lut_table_pow_0_5_64_array, i109 %pow_reduce_anonymous_namespace_log0_lut_table_array, i105 %pow_reduce_anonymous_namespace_log_lut_table_ap_fixed_4_4_16_array, i102 %pow_reduce_anonymous_namespace_log_lut_table_ap_fixed_7_6_64_array, i97 %pow_reduce_anonymous_namespace_log_lut_table_ap_fixed_12_6_64_array, i92 %pow_reduce_anonymous_namespace_log_lut_table_ap_fixed_17_6_64_array, i87 %pow_reduce_anonymous_namespace_log_lut_table_ap_fixed_22_6_64_array, i82 %pow_reduce_anonymous_namespace_log_lut_table_ap_fixed_27_6_64_array, i77 %pow_reduce_anonymous_namespace_log_lut_table_ap_fixed_32_6_64_array, i58 %pow_reduce_anonymous_namespace_table_exp_Z1_ap_ufixed_array, i26 %pow_reduce_anonymous_namespace_table_f_Z3_ap_ufixed_array, i42 %pow_reduce_anonymous_namespace_table_f_Z2_ap_ufixed_array" [/wrk/ci/prod/2024.1/hls_product/continuous/545/2024.1/src/shared/hls/clib/hlsmath/src/c/powdouble.cpp:7->/cm/shared/package/vivado/Vitis_HLS/2024.1/tps/lnx64/gcc-8.3.0/lib/gcc/x86_64-pc-linux-gnu/8.3.0/../../../../include/c++/8.3.0/cmath:418->flood_HLS_base.cpp:96]   --->   Operation 1044 'call' 'tmp' <Predicate = true> <Delay = 2.91> <CoreType = "Generic">   --->   Core 0 '' <Latency = 0> <II = 1> <Delay = 1.00> <Generic> <Opcode : >
ST_172 : Operation 1045 [17/74] (2.91ns)   --->   "%tmp_s = call i64 @pow_generic<double>, i64 %x_assign_1, i6 %pow_reduce_anonymous_namespace_log_inverse_lut_table_pow_0_5_64_array, i109 %pow_reduce_anonymous_namespace_log0_lut_table_array, i105 %pow_reduce_anonymous_namespace_log_lut_table_ap_fixed_4_4_16_array, i102 %pow_reduce_anonymous_namespace_log_lut_table_ap_fixed_7_6_64_array, i97 %pow_reduce_anonymous_namespace_log_lut_table_ap_fixed_12_6_64_array, i92 %pow_reduce_anonymous_namespace_log_lut_table_ap_fixed_17_6_64_array, i87 %pow_reduce_anonymous_namespace_log_lut_table_ap_fixed_22_6_64_array, i82 %pow_reduce_anonymous_namespace_log_lut_table_ap_fixed_27_6_64_array, i77 %pow_reduce_anonymous_namespace_log_lut_table_ap_fixed_32_6_64_array, i58 %pow_reduce_anonymous_namespace_table_exp_Z1_ap_ufixed_array, i26 %pow_reduce_anonymous_namespace_table_f_Z3_ap_ufixed_array, i42 %pow_reduce_anonymous_namespace_table_f_Z2_ap_ufixed_array" [/wrk/ci/prod/2024.1/hls_product/continuous/545/2024.1/src/shared/hls/clib/hlsmath/src/c/powdouble.cpp:7->/cm/shared/package/vivado/Vitis_HLS/2024.1/tps/lnx64/gcc-8.3.0/lib/gcc/x86_64-pc-linux-gnu/8.3.0/../../../../include/c++/8.3.0/cmath:418->flood_HLS_base.cpp:96]   --->   Operation 1045 'call' 'tmp_s' <Predicate = true> <Delay = 2.91> <CoreType = "Generic">   --->   Core 0 '' <Latency = 0> <II = 1> <Delay = 1.00> <Generic> <Opcode : >

State 173 <SV = 149> <Delay = 2.91>
ST_173 : Operation 1046 [16/74] (2.91ns)   --->   "%tmp = call i64 @pow_generic<double>, i64 %x_assign, i6 %pow_reduce_anonymous_namespace_log_inverse_lut_table_pow_0_5_64_array, i109 %pow_reduce_anonymous_namespace_log0_lut_table_array, i105 %pow_reduce_anonymous_namespace_log_lut_table_ap_fixed_4_4_16_array, i102 %pow_reduce_anonymous_namespace_log_lut_table_ap_fixed_7_6_64_array, i97 %pow_reduce_anonymous_namespace_log_lut_table_ap_fixed_12_6_64_array, i92 %pow_reduce_anonymous_namespace_log_lut_table_ap_fixed_17_6_64_array, i87 %pow_reduce_anonymous_namespace_log_lut_table_ap_fixed_22_6_64_array, i82 %pow_reduce_anonymous_namespace_log_lut_table_ap_fixed_27_6_64_array, i77 %pow_reduce_anonymous_namespace_log_lut_table_ap_fixed_32_6_64_array, i58 %pow_reduce_anonymous_namespace_table_exp_Z1_ap_ufixed_array, i26 %pow_reduce_anonymous_namespace_table_f_Z3_ap_ufixed_array, i42 %pow_reduce_anonymous_namespace_table_f_Z2_ap_ufixed_array" [/wrk/ci/prod/2024.1/hls_product/continuous/545/2024.1/src/shared/hls/clib/hlsmath/src/c/powdouble.cpp:7->/cm/shared/package/vivado/Vitis_HLS/2024.1/tps/lnx64/gcc-8.3.0/lib/gcc/x86_64-pc-linux-gnu/8.3.0/../../../../include/c++/8.3.0/cmath:418->flood_HLS_base.cpp:96]   --->   Operation 1046 'call' 'tmp' <Predicate = true> <Delay = 2.91> <CoreType = "Generic">   --->   Core 0 '' <Latency = 0> <II = 1> <Delay = 1.00> <Generic> <Opcode : >
ST_173 : Operation 1047 [16/74] (2.91ns)   --->   "%tmp_s = call i64 @pow_generic<double>, i64 %x_assign_1, i6 %pow_reduce_anonymous_namespace_log_inverse_lut_table_pow_0_5_64_array, i109 %pow_reduce_anonymous_namespace_log0_lut_table_array, i105 %pow_reduce_anonymous_namespace_log_lut_table_ap_fixed_4_4_16_array, i102 %pow_reduce_anonymous_namespace_log_lut_table_ap_fixed_7_6_64_array, i97 %pow_reduce_anonymous_namespace_log_lut_table_ap_fixed_12_6_64_array, i92 %pow_reduce_anonymous_namespace_log_lut_table_ap_fixed_17_6_64_array, i87 %pow_reduce_anonymous_namespace_log_lut_table_ap_fixed_22_6_64_array, i82 %pow_reduce_anonymous_namespace_log_lut_table_ap_fixed_27_6_64_array, i77 %pow_reduce_anonymous_namespace_log_lut_table_ap_fixed_32_6_64_array, i58 %pow_reduce_anonymous_namespace_table_exp_Z1_ap_ufixed_array, i26 %pow_reduce_anonymous_namespace_table_f_Z3_ap_ufixed_array, i42 %pow_reduce_anonymous_namespace_table_f_Z2_ap_ufixed_array" [/wrk/ci/prod/2024.1/hls_product/continuous/545/2024.1/src/shared/hls/clib/hlsmath/src/c/powdouble.cpp:7->/cm/shared/package/vivado/Vitis_HLS/2024.1/tps/lnx64/gcc-8.3.0/lib/gcc/x86_64-pc-linux-gnu/8.3.0/../../../../include/c++/8.3.0/cmath:418->flood_HLS_base.cpp:96]   --->   Operation 1047 'call' 'tmp_s' <Predicate = true> <Delay = 2.91> <CoreType = "Generic">   --->   Core 0 '' <Latency = 0> <II = 1> <Delay = 1.00> <Generic> <Opcode : >

State 174 <SV = 150> <Delay = 2.91>
ST_174 : Operation 1048 [15/74] (2.91ns)   --->   "%tmp = call i64 @pow_generic<double>, i64 %x_assign, i6 %pow_reduce_anonymous_namespace_log_inverse_lut_table_pow_0_5_64_array, i109 %pow_reduce_anonymous_namespace_log0_lut_table_array, i105 %pow_reduce_anonymous_namespace_log_lut_table_ap_fixed_4_4_16_array, i102 %pow_reduce_anonymous_namespace_log_lut_table_ap_fixed_7_6_64_array, i97 %pow_reduce_anonymous_namespace_log_lut_table_ap_fixed_12_6_64_array, i92 %pow_reduce_anonymous_namespace_log_lut_table_ap_fixed_17_6_64_array, i87 %pow_reduce_anonymous_namespace_log_lut_table_ap_fixed_22_6_64_array, i82 %pow_reduce_anonymous_namespace_log_lut_table_ap_fixed_27_6_64_array, i77 %pow_reduce_anonymous_namespace_log_lut_table_ap_fixed_32_6_64_array, i58 %pow_reduce_anonymous_namespace_table_exp_Z1_ap_ufixed_array, i26 %pow_reduce_anonymous_namespace_table_f_Z3_ap_ufixed_array, i42 %pow_reduce_anonymous_namespace_table_f_Z2_ap_ufixed_array" [/wrk/ci/prod/2024.1/hls_product/continuous/545/2024.1/src/shared/hls/clib/hlsmath/src/c/powdouble.cpp:7->/cm/shared/package/vivado/Vitis_HLS/2024.1/tps/lnx64/gcc-8.3.0/lib/gcc/x86_64-pc-linux-gnu/8.3.0/../../../../include/c++/8.3.0/cmath:418->flood_HLS_base.cpp:96]   --->   Operation 1048 'call' 'tmp' <Predicate = true> <Delay = 2.91> <CoreType = "Generic">   --->   Core 0 '' <Latency = 0> <II = 1> <Delay = 1.00> <Generic> <Opcode : >
ST_174 : Operation 1049 [15/74] (2.91ns)   --->   "%tmp_s = call i64 @pow_generic<double>, i64 %x_assign_1, i6 %pow_reduce_anonymous_namespace_log_inverse_lut_table_pow_0_5_64_array, i109 %pow_reduce_anonymous_namespace_log0_lut_table_array, i105 %pow_reduce_anonymous_namespace_log_lut_table_ap_fixed_4_4_16_array, i102 %pow_reduce_anonymous_namespace_log_lut_table_ap_fixed_7_6_64_array, i97 %pow_reduce_anonymous_namespace_log_lut_table_ap_fixed_12_6_64_array, i92 %pow_reduce_anonymous_namespace_log_lut_table_ap_fixed_17_6_64_array, i87 %pow_reduce_anonymous_namespace_log_lut_table_ap_fixed_22_6_64_array, i82 %pow_reduce_anonymous_namespace_log_lut_table_ap_fixed_27_6_64_array, i77 %pow_reduce_anonymous_namespace_log_lut_table_ap_fixed_32_6_64_array, i58 %pow_reduce_anonymous_namespace_table_exp_Z1_ap_ufixed_array, i26 %pow_reduce_anonymous_namespace_table_f_Z3_ap_ufixed_array, i42 %pow_reduce_anonymous_namespace_table_f_Z2_ap_ufixed_array" [/wrk/ci/prod/2024.1/hls_product/continuous/545/2024.1/src/shared/hls/clib/hlsmath/src/c/powdouble.cpp:7->/cm/shared/package/vivado/Vitis_HLS/2024.1/tps/lnx64/gcc-8.3.0/lib/gcc/x86_64-pc-linux-gnu/8.3.0/../../../../include/c++/8.3.0/cmath:418->flood_HLS_base.cpp:96]   --->   Operation 1049 'call' 'tmp_s' <Predicate = true> <Delay = 2.91> <CoreType = "Generic">   --->   Core 0 '' <Latency = 0> <II = 1> <Delay = 1.00> <Generic> <Opcode : >

State 175 <SV = 151> <Delay = 2.91>
ST_175 : Operation 1050 [14/74] (2.91ns)   --->   "%tmp = call i64 @pow_generic<double>, i64 %x_assign, i6 %pow_reduce_anonymous_namespace_log_inverse_lut_table_pow_0_5_64_array, i109 %pow_reduce_anonymous_namespace_log0_lut_table_array, i105 %pow_reduce_anonymous_namespace_log_lut_table_ap_fixed_4_4_16_array, i102 %pow_reduce_anonymous_namespace_log_lut_table_ap_fixed_7_6_64_array, i97 %pow_reduce_anonymous_namespace_log_lut_table_ap_fixed_12_6_64_array, i92 %pow_reduce_anonymous_namespace_log_lut_table_ap_fixed_17_6_64_array, i87 %pow_reduce_anonymous_namespace_log_lut_table_ap_fixed_22_6_64_array, i82 %pow_reduce_anonymous_namespace_log_lut_table_ap_fixed_27_6_64_array, i77 %pow_reduce_anonymous_namespace_log_lut_table_ap_fixed_32_6_64_array, i58 %pow_reduce_anonymous_namespace_table_exp_Z1_ap_ufixed_array, i26 %pow_reduce_anonymous_namespace_table_f_Z3_ap_ufixed_array, i42 %pow_reduce_anonymous_namespace_table_f_Z2_ap_ufixed_array" [/wrk/ci/prod/2024.1/hls_product/continuous/545/2024.1/src/shared/hls/clib/hlsmath/src/c/powdouble.cpp:7->/cm/shared/package/vivado/Vitis_HLS/2024.1/tps/lnx64/gcc-8.3.0/lib/gcc/x86_64-pc-linux-gnu/8.3.0/../../../../include/c++/8.3.0/cmath:418->flood_HLS_base.cpp:96]   --->   Operation 1050 'call' 'tmp' <Predicate = true> <Delay = 2.91> <CoreType = "Generic">   --->   Core 0 '' <Latency = 0> <II = 1> <Delay = 1.00> <Generic> <Opcode : >
ST_175 : Operation 1051 [14/74] (2.91ns)   --->   "%tmp_s = call i64 @pow_generic<double>, i64 %x_assign_1, i6 %pow_reduce_anonymous_namespace_log_inverse_lut_table_pow_0_5_64_array, i109 %pow_reduce_anonymous_namespace_log0_lut_table_array, i105 %pow_reduce_anonymous_namespace_log_lut_table_ap_fixed_4_4_16_array, i102 %pow_reduce_anonymous_namespace_log_lut_table_ap_fixed_7_6_64_array, i97 %pow_reduce_anonymous_namespace_log_lut_table_ap_fixed_12_6_64_array, i92 %pow_reduce_anonymous_namespace_log_lut_table_ap_fixed_17_6_64_array, i87 %pow_reduce_anonymous_namespace_log_lut_table_ap_fixed_22_6_64_array, i82 %pow_reduce_anonymous_namespace_log_lut_table_ap_fixed_27_6_64_array, i77 %pow_reduce_anonymous_namespace_log_lut_table_ap_fixed_32_6_64_array, i58 %pow_reduce_anonymous_namespace_table_exp_Z1_ap_ufixed_array, i26 %pow_reduce_anonymous_namespace_table_f_Z3_ap_ufixed_array, i42 %pow_reduce_anonymous_namespace_table_f_Z2_ap_ufixed_array" [/wrk/ci/prod/2024.1/hls_product/continuous/545/2024.1/src/shared/hls/clib/hlsmath/src/c/powdouble.cpp:7->/cm/shared/package/vivado/Vitis_HLS/2024.1/tps/lnx64/gcc-8.3.0/lib/gcc/x86_64-pc-linux-gnu/8.3.0/../../../../include/c++/8.3.0/cmath:418->flood_HLS_base.cpp:96]   --->   Operation 1051 'call' 'tmp_s' <Predicate = true> <Delay = 2.91> <CoreType = "Generic">   --->   Core 0 '' <Latency = 0> <II = 1> <Delay = 1.00> <Generic> <Opcode : >

State 176 <SV = 152> <Delay = 2.91>
ST_176 : Operation 1052 [13/74] (2.91ns)   --->   "%tmp = call i64 @pow_generic<double>, i64 %x_assign, i6 %pow_reduce_anonymous_namespace_log_inverse_lut_table_pow_0_5_64_array, i109 %pow_reduce_anonymous_namespace_log0_lut_table_array, i105 %pow_reduce_anonymous_namespace_log_lut_table_ap_fixed_4_4_16_array, i102 %pow_reduce_anonymous_namespace_log_lut_table_ap_fixed_7_6_64_array, i97 %pow_reduce_anonymous_namespace_log_lut_table_ap_fixed_12_6_64_array, i92 %pow_reduce_anonymous_namespace_log_lut_table_ap_fixed_17_6_64_array, i87 %pow_reduce_anonymous_namespace_log_lut_table_ap_fixed_22_6_64_array, i82 %pow_reduce_anonymous_namespace_log_lut_table_ap_fixed_27_6_64_array, i77 %pow_reduce_anonymous_namespace_log_lut_table_ap_fixed_32_6_64_array, i58 %pow_reduce_anonymous_namespace_table_exp_Z1_ap_ufixed_array, i26 %pow_reduce_anonymous_namespace_table_f_Z3_ap_ufixed_array, i42 %pow_reduce_anonymous_namespace_table_f_Z2_ap_ufixed_array" [/wrk/ci/prod/2024.1/hls_product/continuous/545/2024.1/src/shared/hls/clib/hlsmath/src/c/powdouble.cpp:7->/cm/shared/package/vivado/Vitis_HLS/2024.1/tps/lnx64/gcc-8.3.0/lib/gcc/x86_64-pc-linux-gnu/8.3.0/../../../../include/c++/8.3.0/cmath:418->flood_HLS_base.cpp:96]   --->   Operation 1052 'call' 'tmp' <Predicate = true> <Delay = 2.91> <CoreType = "Generic">   --->   Core 0 '' <Latency = 0> <II = 1> <Delay = 1.00> <Generic> <Opcode : >
ST_176 : Operation 1053 [13/74] (2.91ns)   --->   "%tmp_s = call i64 @pow_generic<double>, i64 %x_assign_1, i6 %pow_reduce_anonymous_namespace_log_inverse_lut_table_pow_0_5_64_array, i109 %pow_reduce_anonymous_namespace_log0_lut_table_array, i105 %pow_reduce_anonymous_namespace_log_lut_table_ap_fixed_4_4_16_array, i102 %pow_reduce_anonymous_namespace_log_lut_table_ap_fixed_7_6_64_array, i97 %pow_reduce_anonymous_namespace_log_lut_table_ap_fixed_12_6_64_array, i92 %pow_reduce_anonymous_namespace_log_lut_table_ap_fixed_17_6_64_array, i87 %pow_reduce_anonymous_namespace_log_lut_table_ap_fixed_22_6_64_array, i82 %pow_reduce_anonymous_namespace_log_lut_table_ap_fixed_27_6_64_array, i77 %pow_reduce_anonymous_namespace_log_lut_table_ap_fixed_32_6_64_array, i58 %pow_reduce_anonymous_namespace_table_exp_Z1_ap_ufixed_array, i26 %pow_reduce_anonymous_namespace_table_f_Z3_ap_ufixed_array, i42 %pow_reduce_anonymous_namespace_table_f_Z2_ap_ufixed_array" [/wrk/ci/prod/2024.1/hls_product/continuous/545/2024.1/src/shared/hls/clib/hlsmath/src/c/powdouble.cpp:7->/cm/shared/package/vivado/Vitis_HLS/2024.1/tps/lnx64/gcc-8.3.0/lib/gcc/x86_64-pc-linux-gnu/8.3.0/../../../../include/c++/8.3.0/cmath:418->flood_HLS_base.cpp:96]   --->   Operation 1053 'call' 'tmp_s' <Predicate = true> <Delay = 2.91> <CoreType = "Generic">   --->   Core 0 '' <Latency = 0> <II = 1> <Delay = 1.00> <Generic> <Opcode : >

State 177 <SV = 153> <Delay = 2.91>
ST_177 : Operation 1054 [12/74] (2.91ns)   --->   "%tmp = call i64 @pow_generic<double>, i64 %x_assign, i6 %pow_reduce_anonymous_namespace_log_inverse_lut_table_pow_0_5_64_array, i109 %pow_reduce_anonymous_namespace_log0_lut_table_array, i105 %pow_reduce_anonymous_namespace_log_lut_table_ap_fixed_4_4_16_array, i102 %pow_reduce_anonymous_namespace_log_lut_table_ap_fixed_7_6_64_array, i97 %pow_reduce_anonymous_namespace_log_lut_table_ap_fixed_12_6_64_array, i92 %pow_reduce_anonymous_namespace_log_lut_table_ap_fixed_17_6_64_array, i87 %pow_reduce_anonymous_namespace_log_lut_table_ap_fixed_22_6_64_array, i82 %pow_reduce_anonymous_namespace_log_lut_table_ap_fixed_27_6_64_array, i77 %pow_reduce_anonymous_namespace_log_lut_table_ap_fixed_32_6_64_array, i58 %pow_reduce_anonymous_namespace_table_exp_Z1_ap_ufixed_array, i26 %pow_reduce_anonymous_namespace_table_f_Z3_ap_ufixed_array, i42 %pow_reduce_anonymous_namespace_table_f_Z2_ap_ufixed_array" [/wrk/ci/prod/2024.1/hls_product/continuous/545/2024.1/src/shared/hls/clib/hlsmath/src/c/powdouble.cpp:7->/cm/shared/package/vivado/Vitis_HLS/2024.1/tps/lnx64/gcc-8.3.0/lib/gcc/x86_64-pc-linux-gnu/8.3.0/../../../../include/c++/8.3.0/cmath:418->flood_HLS_base.cpp:96]   --->   Operation 1054 'call' 'tmp' <Predicate = true> <Delay = 2.91> <CoreType = "Generic">   --->   Core 0 '' <Latency = 0> <II = 1> <Delay = 1.00> <Generic> <Opcode : >
ST_177 : Operation 1055 [12/74] (2.91ns)   --->   "%tmp_s = call i64 @pow_generic<double>, i64 %x_assign_1, i6 %pow_reduce_anonymous_namespace_log_inverse_lut_table_pow_0_5_64_array, i109 %pow_reduce_anonymous_namespace_log0_lut_table_array, i105 %pow_reduce_anonymous_namespace_log_lut_table_ap_fixed_4_4_16_array, i102 %pow_reduce_anonymous_namespace_log_lut_table_ap_fixed_7_6_64_array, i97 %pow_reduce_anonymous_namespace_log_lut_table_ap_fixed_12_6_64_array, i92 %pow_reduce_anonymous_namespace_log_lut_table_ap_fixed_17_6_64_array, i87 %pow_reduce_anonymous_namespace_log_lut_table_ap_fixed_22_6_64_array, i82 %pow_reduce_anonymous_namespace_log_lut_table_ap_fixed_27_6_64_array, i77 %pow_reduce_anonymous_namespace_log_lut_table_ap_fixed_32_6_64_array, i58 %pow_reduce_anonymous_namespace_table_exp_Z1_ap_ufixed_array, i26 %pow_reduce_anonymous_namespace_table_f_Z3_ap_ufixed_array, i42 %pow_reduce_anonymous_namespace_table_f_Z2_ap_ufixed_array" [/wrk/ci/prod/2024.1/hls_product/continuous/545/2024.1/src/shared/hls/clib/hlsmath/src/c/powdouble.cpp:7->/cm/shared/package/vivado/Vitis_HLS/2024.1/tps/lnx64/gcc-8.3.0/lib/gcc/x86_64-pc-linux-gnu/8.3.0/../../../../include/c++/8.3.0/cmath:418->flood_HLS_base.cpp:96]   --->   Operation 1055 'call' 'tmp_s' <Predicate = true> <Delay = 2.91> <CoreType = "Generic">   --->   Core 0 '' <Latency = 0> <II = 1> <Delay = 1.00> <Generic> <Opcode : >

State 178 <SV = 154> <Delay = 2.91>
ST_178 : Operation 1056 [11/74] (2.91ns)   --->   "%tmp = call i64 @pow_generic<double>, i64 %x_assign, i6 %pow_reduce_anonymous_namespace_log_inverse_lut_table_pow_0_5_64_array, i109 %pow_reduce_anonymous_namespace_log0_lut_table_array, i105 %pow_reduce_anonymous_namespace_log_lut_table_ap_fixed_4_4_16_array, i102 %pow_reduce_anonymous_namespace_log_lut_table_ap_fixed_7_6_64_array, i97 %pow_reduce_anonymous_namespace_log_lut_table_ap_fixed_12_6_64_array, i92 %pow_reduce_anonymous_namespace_log_lut_table_ap_fixed_17_6_64_array, i87 %pow_reduce_anonymous_namespace_log_lut_table_ap_fixed_22_6_64_array, i82 %pow_reduce_anonymous_namespace_log_lut_table_ap_fixed_27_6_64_array, i77 %pow_reduce_anonymous_namespace_log_lut_table_ap_fixed_32_6_64_array, i58 %pow_reduce_anonymous_namespace_table_exp_Z1_ap_ufixed_array, i26 %pow_reduce_anonymous_namespace_table_f_Z3_ap_ufixed_array, i42 %pow_reduce_anonymous_namespace_table_f_Z2_ap_ufixed_array" [/wrk/ci/prod/2024.1/hls_product/continuous/545/2024.1/src/shared/hls/clib/hlsmath/src/c/powdouble.cpp:7->/cm/shared/package/vivado/Vitis_HLS/2024.1/tps/lnx64/gcc-8.3.0/lib/gcc/x86_64-pc-linux-gnu/8.3.0/../../../../include/c++/8.3.0/cmath:418->flood_HLS_base.cpp:96]   --->   Operation 1056 'call' 'tmp' <Predicate = true> <Delay = 2.91> <CoreType = "Generic">   --->   Core 0 '' <Latency = 0> <II = 1> <Delay = 1.00> <Generic> <Opcode : >
ST_178 : Operation 1057 [11/74] (2.91ns)   --->   "%tmp_s = call i64 @pow_generic<double>, i64 %x_assign_1, i6 %pow_reduce_anonymous_namespace_log_inverse_lut_table_pow_0_5_64_array, i109 %pow_reduce_anonymous_namespace_log0_lut_table_array, i105 %pow_reduce_anonymous_namespace_log_lut_table_ap_fixed_4_4_16_array, i102 %pow_reduce_anonymous_namespace_log_lut_table_ap_fixed_7_6_64_array, i97 %pow_reduce_anonymous_namespace_log_lut_table_ap_fixed_12_6_64_array, i92 %pow_reduce_anonymous_namespace_log_lut_table_ap_fixed_17_6_64_array, i87 %pow_reduce_anonymous_namespace_log_lut_table_ap_fixed_22_6_64_array, i82 %pow_reduce_anonymous_namespace_log_lut_table_ap_fixed_27_6_64_array, i77 %pow_reduce_anonymous_namespace_log_lut_table_ap_fixed_32_6_64_array, i58 %pow_reduce_anonymous_namespace_table_exp_Z1_ap_ufixed_array, i26 %pow_reduce_anonymous_namespace_table_f_Z3_ap_ufixed_array, i42 %pow_reduce_anonymous_namespace_table_f_Z2_ap_ufixed_array" [/wrk/ci/prod/2024.1/hls_product/continuous/545/2024.1/src/shared/hls/clib/hlsmath/src/c/powdouble.cpp:7->/cm/shared/package/vivado/Vitis_HLS/2024.1/tps/lnx64/gcc-8.3.0/lib/gcc/x86_64-pc-linux-gnu/8.3.0/../../../../include/c++/8.3.0/cmath:418->flood_HLS_base.cpp:96]   --->   Operation 1057 'call' 'tmp_s' <Predicate = true> <Delay = 2.91> <CoreType = "Generic">   --->   Core 0 '' <Latency = 0> <II = 1> <Delay = 1.00> <Generic> <Opcode : >

State 179 <SV = 155> <Delay = 2.91>
ST_179 : Operation 1058 [10/74] (2.91ns)   --->   "%tmp = call i64 @pow_generic<double>, i64 %x_assign, i6 %pow_reduce_anonymous_namespace_log_inverse_lut_table_pow_0_5_64_array, i109 %pow_reduce_anonymous_namespace_log0_lut_table_array, i105 %pow_reduce_anonymous_namespace_log_lut_table_ap_fixed_4_4_16_array, i102 %pow_reduce_anonymous_namespace_log_lut_table_ap_fixed_7_6_64_array, i97 %pow_reduce_anonymous_namespace_log_lut_table_ap_fixed_12_6_64_array, i92 %pow_reduce_anonymous_namespace_log_lut_table_ap_fixed_17_6_64_array, i87 %pow_reduce_anonymous_namespace_log_lut_table_ap_fixed_22_6_64_array, i82 %pow_reduce_anonymous_namespace_log_lut_table_ap_fixed_27_6_64_array, i77 %pow_reduce_anonymous_namespace_log_lut_table_ap_fixed_32_6_64_array, i58 %pow_reduce_anonymous_namespace_table_exp_Z1_ap_ufixed_array, i26 %pow_reduce_anonymous_namespace_table_f_Z3_ap_ufixed_array, i42 %pow_reduce_anonymous_namespace_table_f_Z2_ap_ufixed_array" [/wrk/ci/prod/2024.1/hls_product/continuous/545/2024.1/src/shared/hls/clib/hlsmath/src/c/powdouble.cpp:7->/cm/shared/package/vivado/Vitis_HLS/2024.1/tps/lnx64/gcc-8.3.0/lib/gcc/x86_64-pc-linux-gnu/8.3.0/../../../../include/c++/8.3.0/cmath:418->flood_HLS_base.cpp:96]   --->   Operation 1058 'call' 'tmp' <Predicate = true> <Delay = 2.91> <CoreType = "Generic">   --->   Core 0 '' <Latency = 0> <II = 1> <Delay = 1.00> <Generic> <Opcode : >
ST_179 : Operation 1059 [10/74] (2.91ns)   --->   "%tmp_s = call i64 @pow_generic<double>, i64 %x_assign_1, i6 %pow_reduce_anonymous_namespace_log_inverse_lut_table_pow_0_5_64_array, i109 %pow_reduce_anonymous_namespace_log0_lut_table_array, i105 %pow_reduce_anonymous_namespace_log_lut_table_ap_fixed_4_4_16_array, i102 %pow_reduce_anonymous_namespace_log_lut_table_ap_fixed_7_6_64_array, i97 %pow_reduce_anonymous_namespace_log_lut_table_ap_fixed_12_6_64_array, i92 %pow_reduce_anonymous_namespace_log_lut_table_ap_fixed_17_6_64_array, i87 %pow_reduce_anonymous_namespace_log_lut_table_ap_fixed_22_6_64_array, i82 %pow_reduce_anonymous_namespace_log_lut_table_ap_fixed_27_6_64_array, i77 %pow_reduce_anonymous_namespace_log_lut_table_ap_fixed_32_6_64_array, i58 %pow_reduce_anonymous_namespace_table_exp_Z1_ap_ufixed_array, i26 %pow_reduce_anonymous_namespace_table_f_Z3_ap_ufixed_array, i42 %pow_reduce_anonymous_namespace_table_f_Z2_ap_ufixed_array" [/wrk/ci/prod/2024.1/hls_product/continuous/545/2024.1/src/shared/hls/clib/hlsmath/src/c/powdouble.cpp:7->/cm/shared/package/vivado/Vitis_HLS/2024.1/tps/lnx64/gcc-8.3.0/lib/gcc/x86_64-pc-linux-gnu/8.3.0/../../../../include/c++/8.3.0/cmath:418->flood_HLS_base.cpp:96]   --->   Operation 1059 'call' 'tmp_s' <Predicate = true> <Delay = 2.91> <CoreType = "Generic">   --->   Core 0 '' <Latency = 0> <II = 1> <Delay = 1.00> <Generic> <Opcode : >

State 180 <SV = 156> <Delay = 2.91>
ST_180 : Operation 1060 [9/74] (2.91ns)   --->   "%tmp = call i64 @pow_generic<double>, i64 %x_assign, i6 %pow_reduce_anonymous_namespace_log_inverse_lut_table_pow_0_5_64_array, i109 %pow_reduce_anonymous_namespace_log0_lut_table_array, i105 %pow_reduce_anonymous_namespace_log_lut_table_ap_fixed_4_4_16_array, i102 %pow_reduce_anonymous_namespace_log_lut_table_ap_fixed_7_6_64_array, i97 %pow_reduce_anonymous_namespace_log_lut_table_ap_fixed_12_6_64_array, i92 %pow_reduce_anonymous_namespace_log_lut_table_ap_fixed_17_6_64_array, i87 %pow_reduce_anonymous_namespace_log_lut_table_ap_fixed_22_6_64_array, i82 %pow_reduce_anonymous_namespace_log_lut_table_ap_fixed_27_6_64_array, i77 %pow_reduce_anonymous_namespace_log_lut_table_ap_fixed_32_6_64_array, i58 %pow_reduce_anonymous_namespace_table_exp_Z1_ap_ufixed_array, i26 %pow_reduce_anonymous_namespace_table_f_Z3_ap_ufixed_array, i42 %pow_reduce_anonymous_namespace_table_f_Z2_ap_ufixed_array" [/wrk/ci/prod/2024.1/hls_product/continuous/545/2024.1/src/shared/hls/clib/hlsmath/src/c/powdouble.cpp:7->/cm/shared/package/vivado/Vitis_HLS/2024.1/tps/lnx64/gcc-8.3.0/lib/gcc/x86_64-pc-linux-gnu/8.3.0/../../../../include/c++/8.3.0/cmath:418->flood_HLS_base.cpp:96]   --->   Operation 1060 'call' 'tmp' <Predicate = true> <Delay = 2.91> <CoreType = "Generic">   --->   Core 0 '' <Latency = 0> <II = 1> <Delay = 1.00> <Generic> <Opcode : >
ST_180 : Operation 1061 [9/74] (2.91ns)   --->   "%tmp_s = call i64 @pow_generic<double>, i64 %x_assign_1, i6 %pow_reduce_anonymous_namespace_log_inverse_lut_table_pow_0_5_64_array, i109 %pow_reduce_anonymous_namespace_log0_lut_table_array, i105 %pow_reduce_anonymous_namespace_log_lut_table_ap_fixed_4_4_16_array, i102 %pow_reduce_anonymous_namespace_log_lut_table_ap_fixed_7_6_64_array, i97 %pow_reduce_anonymous_namespace_log_lut_table_ap_fixed_12_6_64_array, i92 %pow_reduce_anonymous_namespace_log_lut_table_ap_fixed_17_6_64_array, i87 %pow_reduce_anonymous_namespace_log_lut_table_ap_fixed_22_6_64_array, i82 %pow_reduce_anonymous_namespace_log_lut_table_ap_fixed_27_6_64_array, i77 %pow_reduce_anonymous_namespace_log_lut_table_ap_fixed_32_6_64_array, i58 %pow_reduce_anonymous_namespace_table_exp_Z1_ap_ufixed_array, i26 %pow_reduce_anonymous_namespace_table_f_Z3_ap_ufixed_array, i42 %pow_reduce_anonymous_namespace_table_f_Z2_ap_ufixed_array" [/wrk/ci/prod/2024.1/hls_product/continuous/545/2024.1/src/shared/hls/clib/hlsmath/src/c/powdouble.cpp:7->/cm/shared/package/vivado/Vitis_HLS/2024.1/tps/lnx64/gcc-8.3.0/lib/gcc/x86_64-pc-linux-gnu/8.3.0/../../../../include/c++/8.3.0/cmath:418->flood_HLS_base.cpp:96]   --->   Operation 1061 'call' 'tmp_s' <Predicate = true> <Delay = 2.91> <CoreType = "Generic">   --->   Core 0 '' <Latency = 0> <II = 1> <Delay = 1.00> <Generic> <Opcode : >

State 181 <SV = 157> <Delay = 2.91>
ST_181 : Operation 1062 [8/74] (2.91ns)   --->   "%tmp = call i64 @pow_generic<double>, i64 %x_assign, i6 %pow_reduce_anonymous_namespace_log_inverse_lut_table_pow_0_5_64_array, i109 %pow_reduce_anonymous_namespace_log0_lut_table_array, i105 %pow_reduce_anonymous_namespace_log_lut_table_ap_fixed_4_4_16_array, i102 %pow_reduce_anonymous_namespace_log_lut_table_ap_fixed_7_6_64_array, i97 %pow_reduce_anonymous_namespace_log_lut_table_ap_fixed_12_6_64_array, i92 %pow_reduce_anonymous_namespace_log_lut_table_ap_fixed_17_6_64_array, i87 %pow_reduce_anonymous_namespace_log_lut_table_ap_fixed_22_6_64_array, i82 %pow_reduce_anonymous_namespace_log_lut_table_ap_fixed_27_6_64_array, i77 %pow_reduce_anonymous_namespace_log_lut_table_ap_fixed_32_6_64_array, i58 %pow_reduce_anonymous_namespace_table_exp_Z1_ap_ufixed_array, i26 %pow_reduce_anonymous_namespace_table_f_Z3_ap_ufixed_array, i42 %pow_reduce_anonymous_namespace_table_f_Z2_ap_ufixed_array" [/wrk/ci/prod/2024.1/hls_product/continuous/545/2024.1/src/shared/hls/clib/hlsmath/src/c/powdouble.cpp:7->/cm/shared/package/vivado/Vitis_HLS/2024.1/tps/lnx64/gcc-8.3.0/lib/gcc/x86_64-pc-linux-gnu/8.3.0/../../../../include/c++/8.3.0/cmath:418->flood_HLS_base.cpp:96]   --->   Operation 1062 'call' 'tmp' <Predicate = true> <Delay = 2.91> <CoreType = "Generic">   --->   Core 0 '' <Latency = 0> <II = 1> <Delay = 1.00> <Generic> <Opcode : >
ST_181 : Operation 1063 [8/74] (2.91ns)   --->   "%tmp_s = call i64 @pow_generic<double>, i64 %x_assign_1, i6 %pow_reduce_anonymous_namespace_log_inverse_lut_table_pow_0_5_64_array, i109 %pow_reduce_anonymous_namespace_log0_lut_table_array, i105 %pow_reduce_anonymous_namespace_log_lut_table_ap_fixed_4_4_16_array, i102 %pow_reduce_anonymous_namespace_log_lut_table_ap_fixed_7_6_64_array, i97 %pow_reduce_anonymous_namespace_log_lut_table_ap_fixed_12_6_64_array, i92 %pow_reduce_anonymous_namespace_log_lut_table_ap_fixed_17_6_64_array, i87 %pow_reduce_anonymous_namespace_log_lut_table_ap_fixed_22_6_64_array, i82 %pow_reduce_anonymous_namespace_log_lut_table_ap_fixed_27_6_64_array, i77 %pow_reduce_anonymous_namespace_log_lut_table_ap_fixed_32_6_64_array, i58 %pow_reduce_anonymous_namespace_table_exp_Z1_ap_ufixed_array, i26 %pow_reduce_anonymous_namespace_table_f_Z3_ap_ufixed_array, i42 %pow_reduce_anonymous_namespace_table_f_Z2_ap_ufixed_array" [/wrk/ci/prod/2024.1/hls_product/continuous/545/2024.1/src/shared/hls/clib/hlsmath/src/c/powdouble.cpp:7->/cm/shared/package/vivado/Vitis_HLS/2024.1/tps/lnx64/gcc-8.3.0/lib/gcc/x86_64-pc-linux-gnu/8.3.0/../../../../include/c++/8.3.0/cmath:418->flood_HLS_base.cpp:96]   --->   Operation 1063 'call' 'tmp_s' <Predicate = true> <Delay = 2.91> <CoreType = "Generic">   --->   Core 0 '' <Latency = 0> <II = 1> <Delay = 1.00> <Generic> <Opcode : >

State 182 <SV = 158> <Delay = 2.91>
ST_182 : Operation 1064 [7/74] (2.91ns)   --->   "%tmp = call i64 @pow_generic<double>, i64 %x_assign, i6 %pow_reduce_anonymous_namespace_log_inverse_lut_table_pow_0_5_64_array, i109 %pow_reduce_anonymous_namespace_log0_lut_table_array, i105 %pow_reduce_anonymous_namespace_log_lut_table_ap_fixed_4_4_16_array, i102 %pow_reduce_anonymous_namespace_log_lut_table_ap_fixed_7_6_64_array, i97 %pow_reduce_anonymous_namespace_log_lut_table_ap_fixed_12_6_64_array, i92 %pow_reduce_anonymous_namespace_log_lut_table_ap_fixed_17_6_64_array, i87 %pow_reduce_anonymous_namespace_log_lut_table_ap_fixed_22_6_64_array, i82 %pow_reduce_anonymous_namespace_log_lut_table_ap_fixed_27_6_64_array, i77 %pow_reduce_anonymous_namespace_log_lut_table_ap_fixed_32_6_64_array, i58 %pow_reduce_anonymous_namespace_table_exp_Z1_ap_ufixed_array, i26 %pow_reduce_anonymous_namespace_table_f_Z3_ap_ufixed_array, i42 %pow_reduce_anonymous_namespace_table_f_Z2_ap_ufixed_array" [/wrk/ci/prod/2024.1/hls_product/continuous/545/2024.1/src/shared/hls/clib/hlsmath/src/c/powdouble.cpp:7->/cm/shared/package/vivado/Vitis_HLS/2024.1/tps/lnx64/gcc-8.3.0/lib/gcc/x86_64-pc-linux-gnu/8.3.0/../../../../include/c++/8.3.0/cmath:418->flood_HLS_base.cpp:96]   --->   Operation 1064 'call' 'tmp' <Predicate = true> <Delay = 2.91> <CoreType = "Generic">   --->   Core 0 '' <Latency = 0> <II = 1> <Delay = 1.00> <Generic> <Opcode : >
ST_182 : Operation 1065 [7/74] (2.91ns)   --->   "%tmp_s = call i64 @pow_generic<double>, i64 %x_assign_1, i6 %pow_reduce_anonymous_namespace_log_inverse_lut_table_pow_0_5_64_array, i109 %pow_reduce_anonymous_namespace_log0_lut_table_array, i105 %pow_reduce_anonymous_namespace_log_lut_table_ap_fixed_4_4_16_array, i102 %pow_reduce_anonymous_namespace_log_lut_table_ap_fixed_7_6_64_array, i97 %pow_reduce_anonymous_namespace_log_lut_table_ap_fixed_12_6_64_array, i92 %pow_reduce_anonymous_namespace_log_lut_table_ap_fixed_17_6_64_array, i87 %pow_reduce_anonymous_namespace_log_lut_table_ap_fixed_22_6_64_array, i82 %pow_reduce_anonymous_namespace_log_lut_table_ap_fixed_27_6_64_array, i77 %pow_reduce_anonymous_namespace_log_lut_table_ap_fixed_32_6_64_array, i58 %pow_reduce_anonymous_namespace_table_exp_Z1_ap_ufixed_array, i26 %pow_reduce_anonymous_namespace_table_f_Z3_ap_ufixed_array, i42 %pow_reduce_anonymous_namespace_table_f_Z2_ap_ufixed_array" [/wrk/ci/prod/2024.1/hls_product/continuous/545/2024.1/src/shared/hls/clib/hlsmath/src/c/powdouble.cpp:7->/cm/shared/package/vivado/Vitis_HLS/2024.1/tps/lnx64/gcc-8.3.0/lib/gcc/x86_64-pc-linux-gnu/8.3.0/../../../../include/c++/8.3.0/cmath:418->flood_HLS_base.cpp:96]   --->   Operation 1065 'call' 'tmp_s' <Predicate = true> <Delay = 2.91> <CoreType = "Generic">   --->   Core 0 '' <Latency = 0> <II = 1> <Delay = 1.00> <Generic> <Opcode : >

State 183 <SV = 159> <Delay = 2.91>
ST_183 : Operation 1066 [6/74] (2.91ns)   --->   "%tmp = call i64 @pow_generic<double>, i64 %x_assign, i6 %pow_reduce_anonymous_namespace_log_inverse_lut_table_pow_0_5_64_array, i109 %pow_reduce_anonymous_namespace_log0_lut_table_array, i105 %pow_reduce_anonymous_namespace_log_lut_table_ap_fixed_4_4_16_array, i102 %pow_reduce_anonymous_namespace_log_lut_table_ap_fixed_7_6_64_array, i97 %pow_reduce_anonymous_namespace_log_lut_table_ap_fixed_12_6_64_array, i92 %pow_reduce_anonymous_namespace_log_lut_table_ap_fixed_17_6_64_array, i87 %pow_reduce_anonymous_namespace_log_lut_table_ap_fixed_22_6_64_array, i82 %pow_reduce_anonymous_namespace_log_lut_table_ap_fixed_27_6_64_array, i77 %pow_reduce_anonymous_namespace_log_lut_table_ap_fixed_32_6_64_array, i58 %pow_reduce_anonymous_namespace_table_exp_Z1_ap_ufixed_array, i26 %pow_reduce_anonymous_namespace_table_f_Z3_ap_ufixed_array, i42 %pow_reduce_anonymous_namespace_table_f_Z2_ap_ufixed_array" [/wrk/ci/prod/2024.1/hls_product/continuous/545/2024.1/src/shared/hls/clib/hlsmath/src/c/powdouble.cpp:7->/cm/shared/package/vivado/Vitis_HLS/2024.1/tps/lnx64/gcc-8.3.0/lib/gcc/x86_64-pc-linux-gnu/8.3.0/../../../../include/c++/8.3.0/cmath:418->flood_HLS_base.cpp:96]   --->   Operation 1066 'call' 'tmp' <Predicate = true> <Delay = 2.91> <CoreType = "Generic">   --->   Core 0 '' <Latency = 0> <II = 1> <Delay = 1.00> <Generic> <Opcode : >
ST_183 : Operation 1067 [6/74] (2.91ns)   --->   "%tmp_s = call i64 @pow_generic<double>, i64 %x_assign_1, i6 %pow_reduce_anonymous_namespace_log_inverse_lut_table_pow_0_5_64_array, i109 %pow_reduce_anonymous_namespace_log0_lut_table_array, i105 %pow_reduce_anonymous_namespace_log_lut_table_ap_fixed_4_4_16_array, i102 %pow_reduce_anonymous_namespace_log_lut_table_ap_fixed_7_6_64_array, i97 %pow_reduce_anonymous_namespace_log_lut_table_ap_fixed_12_6_64_array, i92 %pow_reduce_anonymous_namespace_log_lut_table_ap_fixed_17_6_64_array, i87 %pow_reduce_anonymous_namespace_log_lut_table_ap_fixed_22_6_64_array, i82 %pow_reduce_anonymous_namespace_log_lut_table_ap_fixed_27_6_64_array, i77 %pow_reduce_anonymous_namespace_log_lut_table_ap_fixed_32_6_64_array, i58 %pow_reduce_anonymous_namespace_table_exp_Z1_ap_ufixed_array, i26 %pow_reduce_anonymous_namespace_table_f_Z3_ap_ufixed_array, i42 %pow_reduce_anonymous_namespace_table_f_Z2_ap_ufixed_array" [/wrk/ci/prod/2024.1/hls_product/continuous/545/2024.1/src/shared/hls/clib/hlsmath/src/c/powdouble.cpp:7->/cm/shared/package/vivado/Vitis_HLS/2024.1/tps/lnx64/gcc-8.3.0/lib/gcc/x86_64-pc-linux-gnu/8.3.0/../../../../include/c++/8.3.0/cmath:418->flood_HLS_base.cpp:96]   --->   Operation 1067 'call' 'tmp_s' <Predicate = true> <Delay = 2.91> <CoreType = "Generic">   --->   Core 0 '' <Latency = 0> <II = 1> <Delay = 1.00> <Generic> <Opcode : >

State 184 <SV = 160> <Delay = 2.91>
ST_184 : Operation 1068 [5/74] (2.91ns)   --->   "%tmp = call i64 @pow_generic<double>, i64 %x_assign, i6 %pow_reduce_anonymous_namespace_log_inverse_lut_table_pow_0_5_64_array, i109 %pow_reduce_anonymous_namespace_log0_lut_table_array, i105 %pow_reduce_anonymous_namespace_log_lut_table_ap_fixed_4_4_16_array, i102 %pow_reduce_anonymous_namespace_log_lut_table_ap_fixed_7_6_64_array, i97 %pow_reduce_anonymous_namespace_log_lut_table_ap_fixed_12_6_64_array, i92 %pow_reduce_anonymous_namespace_log_lut_table_ap_fixed_17_6_64_array, i87 %pow_reduce_anonymous_namespace_log_lut_table_ap_fixed_22_6_64_array, i82 %pow_reduce_anonymous_namespace_log_lut_table_ap_fixed_27_6_64_array, i77 %pow_reduce_anonymous_namespace_log_lut_table_ap_fixed_32_6_64_array, i58 %pow_reduce_anonymous_namespace_table_exp_Z1_ap_ufixed_array, i26 %pow_reduce_anonymous_namespace_table_f_Z3_ap_ufixed_array, i42 %pow_reduce_anonymous_namespace_table_f_Z2_ap_ufixed_array" [/wrk/ci/prod/2024.1/hls_product/continuous/545/2024.1/src/shared/hls/clib/hlsmath/src/c/powdouble.cpp:7->/cm/shared/package/vivado/Vitis_HLS/2024.1/tps/lnx64/gcc-8.3.0/lib/gcc/x86_64-pc-linux-gnu/8.3.0/../../../../include/c++/8.3.0/cmath:418->flood_HLS_base.cpp:96]   --->   Operation 1068 'call' 'tmp' <Predicate = true> <Delay = 2.91> <CoreType = "Generic">   --->   Core 0 '' <Latency = 0> <II = 1> <Delay = 1.00> <Generic> <Opcode : >
ST_184 : Operation 1069 [5/74] (2.91ns)   --->   "%tmp_s = call i64 @pow_generic<double>, i64 %x_assign_1, i6 %pow_reduce_anonymous_namespace_log_inverse_lut_table_pow_0_5_64_array, i109 %pow_reduce_anonymous_namespace_log0_lut_table_array, i105 %pow_reduce_anonymous_namespace_log_lut_table_ap_fixed_4_4_16_array, i102 %pow_reduce_anonymous_namespace_log_lut_table_ap_fixed_7_6_64_array, i97 %pow_reduce_anonymous_namespace_log_lut_table_ap_fixed_12_6_64_array, i92 %pow_reduce_anonymous_namespace_log_lut_table_ap_fixed_17_6_64_array, i87 %pow_reduce_anonymous_namespace_log_lut_table_ap_fixed_22_6_64_array, i82 %pow_reduce_anonymous_namespace_log_lut_table_ap_fixed_27_6_64_array, i77 %pow_reduce_anonymous_namespace_log_lut_table_ap_fixed_32_6_64_array, i58 %pow_reduce_anonymous_namespace_table_exp_Z1_ap_ufixed_array, i26 %pow_reduce_anonymous_namespace_table_f_Z3_ap_ufixed_array, i42 %pow_reduce_anonymous_namespace_table_f_Z2_ap_ufixed_array" [/wrk/ci/prod/2024.1/hls_product/continuous/545/2024.1/src/shared/hls/clib/hlsmath/src/c/powdouble.cpp:7->/cm/shared/package/vivado/Vitis_HLS/2024.1/tps/lnx64/gcc-8.3.0/lib/gcc/x86_64-pc-linux-gnu/8.3.0/../../../../include/c++/8.3.0/cmath:418->flood_HLS_base.cpp:96]   --->   Operation 1069 'call' 'tmp_s' <Predicate = true> <Delay = 2.91> <CoreType = "Generic">   --->   Core 0 '' <Latency = 0> <II = 1> <Delay = 1.00> <Generic> <Opcode : >

State 185 <SV = 161> <Delay = 2.91>
ST_185 : Operation 1070 [4/74] (2.91ns)   --->   "%tmp = call i64 @pow_generic<double>, i64 %x_assign, i6 %pow_reduce_anonymous_namespace_log_inverse_lut_table_pow_0_5_64_array, i109 %pow_reduce_anonymous_namespace_log0_lut_table_array, i105 %pow_reduce_anonymous_namespace_log_lut_table_ap_fixed_4_4_16_array, i102 %pow_reduce_anonymous_namespace_log_lut_table_ap_fixed_7_6_64_array, i97 %pow_reduce_anonymous_namespace_log_lut_table_ap_fixed_12_6_64_array, i92 %pow_reduce_anonymous_namespace_log_lut_table_ap_fixed_17_6_64_array, i87 %pow_reduce_anonymous_namespace_log_lut_table_ap_fixed_22_6_64_array, i82 %pow_reduce_anonymous_namespace_log_lut_table_ap_fixed_27_6_64_array, i77 %pow_reduce_anonymous_namespace_log_lut_table_ap_fixed_32_6_64_array, i58 %pow_reduce_anonymous_namespace_table_exp_Z1_ap_ufixed_array, i26 %pow_reduce_anonymous_namespace_table_f_Z3_ap_ufixed_array, i42 %pow_reduce_anonymous_namespace_table_f_Z2_ap_ufixed_array" [/wrk/ci/prod/2024.1/hls_product/continuous/545/2024.1/src/shared/hls/clib/hlsmath/src/c/powdouble.cpp:7->/cm/shared/package/vivado/Vitis_HLS/2024.1/tps/lnx64/gcc-8.3.0/lib/gcc/x86_64-pc-linux-gnu/8.3.0/../../../../include/c++/8.3.0/cmath:418->flood_HLS_base.cpp:96]   --->   Operation 1070 'call' 'tmp' <Predicate = true> <Delay = 2.91> <CoreType = "Generic">   --->   Core 0 '' <Latency = 0> <II = 1> <Delay = 1.00> <Generic> <Opcode : >
ST_185 : Operation 1071 [4/74] (2.91ns)   --->   "%tmp_s = call i64 @pow_generic<double>, i64 %x_assign_1, i6 %pow_reduce_anonymous_namespace_log_inverse_lut_table_pow_0_5_64_array, i109 %pow_reduce_anonymous_namespace_log0_lut_table_array, i105 %pow_reduce_anonymous_namespace_log_lut_table_ap_fixed_4_4_16_array, i102 %pow_reduce_anonymous_namespace_log_lut_table_ap_fixed_7_6_64_array, i97 %pow_reduce_anonymous_namespace_log_lut_table_ap_fixed_12_6_64_array, i92 %pow_reduce_anonymous_namespace_log_lut_table_ap_fixed_17_6_64_array, i87 %pow_reduce_anonymous_namespace_log_lut_table_ap_fixed_22_6_64_array, i82 %pow_reduce_anonymous_namespace_log_lut_table_ap_fixed_27_6_64_array, i77 %pow_reduce_anonymous_namespace_log_lut_table_ap_fixed_32_6_64_array, i58 %pow_reduce_anonymous_namespace_table_exp_Z1_ap_ufixed_array, i26 %pow_reduce_anonymous_namespace_table_f_Z3_ap_ufixed_array, i42 %pow_reduce_anonymous_namespace_table_f_Z2_ap_ufixed_array" [/wrk/ci/prod/2024.1/hls_product/continuous/545/2024.1/src/shared/hls/clib/hlsmath/src/c/powdouble.cpp:7->/cm/shared/package/vivado/Vitis_HLS/2024.1/tps/lnx64/gcc-8.3.0/lib/gcc/x86_64-pc-linux-gnu/8.3.0/../../../../include/c++/8.3.0/cmath:418->flood_HLS_base.cpp:96]   --->   Operation 1071 'call' 'tmp_s' <Predicate = true> <Delay = 2.91> <CoreType = "Generic">   --->   Core 0 '' <Latency = 0> <II = 1> <Delay = 1.00> <Generic> <Opcode : >

State 186 <SV = 162> <Delay = 2.91>
ST_186 : Operation 1072 [3/74] (2.91ns)   --->   "%tmp = call i64 @pow_generic<double>, i64 %x_assign, i6 %pow_reduce_anonymous_namespace_log_inverse_lut_table_pow_0_5_64_array, i109 %pow_reduce_anonymous_namespace_log0_lut_table_array, i105 %pow_reduce_anonymous_namespace_log_lut_table_ap_fixed_4_4_16_array, i102 %pow_reduce_anonymous_namespace_log_lut_table_ap_fixed_7_6_64_array, i97 %pow_reduce_anonymous_namespace_log_lut_table_ap_fixed_12_6_64_array, i92 %pow_reduce_anonymous_namespace_log_lut_table_ap_fixed_17_6_64_array, i87 %pow_reduce_anonymous_namespace_log_lut_table_ap_fixed_22_6_64_array, i82 %pow_reduce_anonymous_namespace_log_lut_table_ap_fixed_27_6_64_array, i77 %pow_reduce_anonymous_namespace_log_lut_table_ap_fixed_32_6_64_array, i58 %pow_reduce_anonymous_namespace_table_exp_Z1_ap_ufixed_array, i26 %pow_reduce_anonymous_namespace_table_f_Z3_ap_ufixed_array, i42 %pow_reduce_anonymous_namespace_table_f_Z2_ap_ufixed_array" [/wrk/ci/prod/2024.1/hls_product/continuous/545/2024.1/src/shared/hls/clib/hlsmath/src/c/powdouble.cpp:7->/cm/shared/package/vivado/Vitis_HLS/2024.1/tps/lnx64/gcc-8.3.0/lib/gcc/x86_64-pc-linux-gnu/8.3.0/../../../../include/c++/8.3.0/cmath:418->flood_HLS_base.cpp:96]   --->   Operation 1072 'call' 'tmp' <Predicate = true> <Delay = 2.91> <CoreType = "Generic">   --->   Core 0 '' <Latency = 0> <II = 1> <Delay = 1.00> <Generic> <Opcode : >
ST_186 : Operation 1073 [3/74] (2.91ns)   --->   "%tmp_s = call i64 @pow_generic<double>, i64 %x_assign_1, i6 %pow_reduce_anonymous_namespace_log_inverse_lut_table_pow_0_5_64_array, i109 %pow_reduce_anonymous_namespace_log0_lut_table_array, i105 %pow_reduce_anonymous_namespace_log_lut_table_ap_fixed_4_4_16_array, i102 %pow_reduce_anonymous_namespace_log_lut_table_ap_fixed_7_6_64_array, i97 %pow_reduce_anonymous_namespace_log_lut_table_ap_fixed_12_6_64_array, i92 %pow_reduce_anonymous_namespace_log_lut_table_ap_fixed_17_6_64_array, i87 %pow_reduce_anonymous_namespace_log_lut_table_ap_fixed_22_6_64_array, i82 %pow_reduce_anonymous_namespace_log_lut_table_ap_fixed_27_6_64_array, i77 %pow_reduce_anonymous_namespace_log_lut_table_ap_fixed_32_6_64_array, i58 %pow_reduce_anonymous_namespace_table_exp_Z1_ap_ufixed_array, i26 %pow_reduce_anonymous_namespace_table_f_Z3_ap_ufixed_array, i42 %pow_reduce_anonymous_namespace_table_f_Z2_ap_ufixed_array" [/wrk/ci/prod/2024.1/hls_product/continuous/545/2024.1/src/shared/hls/clib/hlsmath/src/c/powdouble.cpp:7->/cm/shared/package/vivado/Vitis_HLS/2024.1/tps/lnx64/gcc-8.3.0/lib/gcc/x86_64-pc-linux-gnu/8.3.0/../../../../include/c++/8.3.0/cmath:418->flood_HLS_base.cpp:96]   --->   Operation 1073 'call' 'tmp_s' <Predicate = true> <Delay = 2.91> <CoreType = "Generic">   --->   Core 0 '' <Latency = 0> <II = 1> <Delay = 1.00> <Generic> <Opcode : >

State 187 <SV = 163> <Delay = 2.91>
ST_187 : Operation 1074 [2/74] (2.91ns)   --->   "%tmp = call i64 @pow_generic<double>, i64 %x_assign, i6 %pow_reduce_anonymous_namespace_log_inverse_lut_table_pow_0_5_64_array, i109 %pow_reduce_anonymous_namespace_log0_lut_table_array, i105 %pow_reduce_anonymous_namespace_log_lut_table_ap_fixed_4_4_16_array, i102 %pow_reduce_anonymous_namespace_log_lut_table_ap_fixed_7_6_64_array, i97 %pow_reduce_anonymous_namespace_log_lut_table_ap_fixed_12_6_64_array, i92 %pow_reduce_anonymous_namespace_log_lut_table_ap_fixed_17_6_64_array, i87 %pow_reduce_anonymous_namespace_log_lut_table_ap_fixed_22_6_64_array, i82 %pow_reduce_anonymous_namespace_log_lut_table_ap_fixed_27_6_64_array, i77 %pow_reduce_anonymous_namespace_log_lut_table_ap_fixed_32_6_64_array, i58 %pow_reduce_anonymous_namespace_table_exp_Z1_ap_ufixed_array, i26 %pow_reduce_anonymous_namespace_table_f_Z3_ap_ufixed_array, i42 %pow_reduce_anonymous_namespace_table_f_Z2_ap_ufixed_array" [/wrk/ci/prod/2024.1/hls_product/continuous/545/2024.1/src/shared/hls/clib/hlsmath/src/c/powdouble.cpp:7->/cm/shared/package/vivado/Vitis_HLS/2024.1/tps/lnx64/gcc-8.3.0/lib/gcc/x86_64-pc-linux-gnu/8.3.0/../../../../include/c++/8.3.0/cmath:418->flood_HLS_base.cpp:96]   --->   Operation 1074 'call' 'tmp' <Predicate = true> <Delay = 2.91> <CoreType = "Generic">   --->   Core 0 '' <Latency = 0> <II = 1> <Delay = 1.00> <Generic> <Opcode : >
ST_187 : Operation 1075 [2/74] (2.91ns)   --->   "%tmp_s = call i64 @pow_generic<double>, i64 %x_assign_1, i6 %pow_reduce_anonymous_namespace_log_inverse_lut_table_pow_0_5_64_array, i109 %pow_reduce_anonymous_namespace_log0_lut_table_array, i105 %pow_reduce_anonymous_namespace_log_lut_table_ap_fixed_4_4_16_array, i102 %pow_reduce_anonymous_namespace_log_lut_table_ap_fixed_7_6_64_array, i97 %pow_reduce_anonymous_namespace_log_lut_table_ap_fixed_12_6_64_array, i92 %pow_reduce_anonymous_namespace_log_lut_table_ap_fixed_17_6_64_array, i87 %pow_reduce_anonymous_namespace_log_lut_table_ap_fixed_22_6_64_array, i82 %pow_reduce_anonymous_namespace_log_lut_table_ap_fixed_27_6_64_array, i77 %pow_reduce_anonymous_namespace_log_lut_table_ap_fixed_32_6_64_array, i58 %pow_reduce_anonymous_namespace_table_exp_Z1_ap_ufixed_array, i26 %pow_reduce_anonymous_namespace_table_f_Z3_ap_ufixed_array, i42 %pow_reduce_anonymous_namespace_table_f_Z2_ap_ufixed_array" [/wrk/ci/prod/2024.1/hls_product/continuous/545/2024.1/src/shared/hls/clib/hlsmath/src/c/powdouble.cpp:7->/cm/shared/package/vivado/Vitis_HLS/2024.1/tps/lnx64/gcc-8.3.0/lib/gcc/x86_64-pc-linux-gnu/8.3.0/../../../../include/c++/8.3.0/cmath:418->flood_HLS_base.cpp:96]   --->   Operation 1075 'call' 'tmp_s' <Predicate = true> <Delay = 2.91> <CoreType = "Generic">   --->   Core 0 '' <Latency = 0> <II = 1> <Delay = 1.00> <Generic> <Opcode : >

State 188 <SV = 164> <Delay = 1.15>
ST_188 : Operation 1076 [1/74] (1.15ns)   --->   "%tmp = call i64 @pow_generic<double>, i64 %x_assign, i6 %pow_reduce_anonymous_namespace_log_inverse_lut_table_pow_0_5_64_array, i109 %pow_reduce_anonymous_namespace_log0_lut_table_array, i105 %pow_reduce_anonymous_namespace_log_lut_table_ap_fixed_4_4_16_array, i102 %pow_reduce_anonymous_namespace_log_lut_table_ap_fixed_7_6_64_array, i97 %pow_reduce_anonymous_namespace_log_lut_table_ap_fixed_12_6_64_array, i92 %pow_reduce_anonymous_namespace_log_lut_table_ap_fixed_17_6_64_array, i87 %pow_reduce_anonymous_namespace_log_lut_table_ap_fixed_22_6_64_array, i82 %pow_reduce_anonymous_namespace_log_lut_table_ap_fixed_27_6_64_array, i77 %pow_reduce_anonymous_namespace_log_lut_table_ap_fixed_32_6_64_array, i58 %pow_reduce_anonymous_namespace_table_exp_Z1_ap_ufixed_array, i26 %pow_reduce_anonymous_namespace_table_f_Z3_ap_ufixed_array, i42 %pow_reduce_anonymous_namespace_table_f_Z2_ap_ufixed_array" [/wrk/ci/prod/2024.1/hls_product/continuous/545/2024.1/src/shared/hls/clib/hlsmath/src/c/powdouble.cpp:7->/cm/shared/package/vivado/Vitis_HLS/2024.1/tps/lnx64/gcc-8.3.0/lib/gcc/x86_64-pc-linux-gnu/8.3.0/../../../../include/c++/8.3.0/cmath:418->flood_HLS_base.cpp:96]   --->   Operation 1076 'call' 'tmp' <Predicate = true> <Delay = 1.15> <CoreType = "Generic">   --->   Core 0 '' <Latency = 0> <II = 1> <Delay = 1.00> <Generic> <Opcode : >
ST_188 : Operation 1077 [1/74] (1.15ns)   --->   "%tmp_s = call i64 @pow_generic<double>, i64 %x_assign_1, i6 %pow_reduce_anonymous_namespace_log_inverse_lut_table_pow_0_5_64_array, i109 %pow_reduce_anonymous_namespace_log0_lut_table_array, i105 %pow_reduce_anonymous_namespace_log_lut_table_ap_fixed_4_4_16_array, i102 %pow_reduce_anonymous_namespace_log_lut_table_ap_fixed_7_6_64_array, i97 %pow_reduce_anonymous_namespace_log_lut_table_ap_fixed_12_6_64_array, i92 %pow_reduce_anonymous_namespace_log_lut_table_ap_fixed_17_6_64_array, i87 %pow_reduce_anonymous_namespace_log_lut_table_ap_fixed_22_6_64_array, i82 %pow_reduce_anonymous_namespace_log_lut_table_ap_fixed_27_6_64_array, i77 %pow_reduce_anonymous_namespace_log_lut_table_ap_fixed_32_6_64_array, i58 %pow_reduce_anonymous_namespace_table_exp_Z1_ap_ufixed_array, i26 %pow_reduce_anonymous_namespace_table_f_Z3_ap_ufixed_array, i42 %pow_reduce_anonymous_namespace_table_f_Z2_ap_ufixed_array" [/wrk/ci/prod/2024.1/hls_product/continuous/545/2024.1/src/shared/hls/clib/hlsmath/src/c/powdouble.cpp:7->/cm/shared/package/vivado/Vitis_HLS/2024.1/tps/lnx64/gcc-8.3.0/lib/gcc/x86_64-pc-linux-gnu/8.3.0/../../../../include/c++/8.3.0/cmath:418->flood_HLS_base.cpp:96]   --->   Operation 1077 'call' 'tmp_s' <Predicate = true> <Delay = 1.15> <CoreType = "Generic">   --->   Core 0 '' <Latency = 0> <II = 1> <Delay = 1.00> <Generic> <Opcode : >

State 189 <SV = 165> <Delay = 2.89>
ST_189 : Operation 1078 [5/5] (2.89ns)   --->   "%add5 = dadd i64 %tmp, i64 %tmp_s" [flood_HLS_base.cpp:96]   --->   Operation 1078 'dadd' 'add5' <Predicate = true> <Delay = 2.89> <CoreInst = "DAddSub_fulldsp">   --->   Core 37 'DAddSub_fulldsp' <Latency = 4> <II = 1> <Delay = 2.89> <FuncUnit> <Opcode : 'dadd' 'dsub'> <InPorts = 2> <OutPorts = 1>

State 190 <SV = 166> <Delay = 2.89>
ST_190 : Operation 1079 [4/5] (2.89ns)   --->   "%add5 = dadd i64 %tmp, i64 %tmp_s" [flood_HLS_base.cpp:96]   --->   Operation 1079 'dadd' 'add5' <Predicate = true> <Delay = 2.89> <CoreInst = "DAddSub_fulldsp">   --->   Core 37 'DAddSub_fulldsp' <Latency = 4> <II = 1> <Delay = 2.89> <FuncUnit> <Opcode : 'dadd' 'dsub'> <InPorts = 2> <OutPorts = 1>

State 191 <SV = 167> <Delay = 2.89>
ST_191 : Operation 1080 [3/5] (2.89ns)   --->   "%add5 = dadd i64 %tmp, i64 %tmp_s" [flood_HLS_base.cpp:96]   --->   Operation 1080 'dadd' 'add5' <Predicate = true> <Delay = 2.89> <CoreInst = "DAddSub_fulldsp">   --->   Core 37 'DAddSub_fulldsp' <Latency = 4> <II = 1> <Delay = 2.89> <FuncUnit> <Opcode : 'dadd' 'dsub'> <InPorts = 2> <OutPorts = 1>

State 192 <SV = 168> <Delay = 2.89>
ST_192 : Operation 1081 [2/5] (2.89ns)   --->   "%add5 = dadd i64 %tmp, i64 %tmp_s" [flood_HLS_base.cpp:96]   --->   Operation 1081 'dadd' 'add5' <Predicate = true> <Delay = 2.89> <CoreInst = "DAddSub_fulldsp">   --->   Core 37 'DAddSub_fulldsp' <Latency = 4> <II = 1> <Delay = 2.89> <FuncUnit> <Opcode : 'dadd' 'dsub'> <InPorts = 2> <OutPorts = 1>

State 193 <SV = 169> <Delay = 2.89>
ST_193 : Operation 1082 [1/5] (2.89ns)   --->   "%add5 = dadd i64 %tmp, i64 %tmp_s" [flood_HLS_base.cpp:96]   --->   Operation 1082 'dadd' 'add5' <Predicate = true> <Delay = 2.89> <CoreInst = "DAddSub_fulldsp">   --->   Core 37 'DAddSub_fulldsp' <Latency = 4> <II = 1> <Delay = 2.89> <FuncUnit> <Opcode : 'dadd' 'dsub'> <InPorts = 2> <OutPorts = 1>

State 194 <SV = 170> <Delay = 2.89>
ST_194 : Operation 1083 [21/21] (2.89ns)   --->   "%tmp_1 = dsqrt i64 @llvm.sqrt.f64, i64 %add5" [flood_HLS_base.cpp:96]   --->   Operation 1083 'dsqrt' 'tmp_1' <Predicate = true> <Delay = 2.89> <CoreInst = "DSqrt">   --->   Core 52 'DSqrt' <Latency = 20> <II = 1> <Delay = 2.89> <FuncUnit> <Opcode : 'dsqrt'> <InPorts = 1> <OutPorts = 1>

State 195 <SV = 171> <Delay = 2.89>
ST_195 : Operation 1084 [20/21] (2.89ns)   --->   "%tmp_1 = dsqrt i64 @llvm.sqrt.f64, i64 %add5" [flood_HLS_base.cpp:96]   --->   Operation 1084 'dsqrt' 'tmp_1' <Predicate = true> <Delay = 2.89> <CoreInst = "DSqrt">   --->   Core 52 'DSqrt' <Latency = 20> <II = 1> <Delay = 2.89> <FuncUnit> <Opcode : 'dsqrt'> <InPorts = 1> <OutPorts = 1>

State 196 <SV = 172> <Delay = 2.89>
ST_196 : Operation 1085 [19/21] (2.89ns)   --->   "%tmp_1 = dsqrt i64 @llvm.sqrt.f64, i64 %add5" [flood_HLS_base.cpp:96]   --->   Operation 1085 'dsqrt' 'tmp_1' <Predicate = true> <Delay = 2.89> <CoreInst = "DSqrt">   --->   Core 52 'DSqrt' <Latency = 20> <II = 1> <Delay = 2.89> <FuncUnit> <Opcode : 'dsqrt'> <InPorts = 1> <OutPorts = 1>

State 197 <SV = 173> <Delay = 2.89>
ST_197 : Operation 1086 [18/21] (2.89ns)   --->   "%tmp_1 = dsqrt i64 @llvm.sqrt.f64, i64 %add5" [flood_HLS_base.cpp:96]   --->   Operation 1086 'dsqrt' 'tmp_1' <Predicate = true> <Delay = 2.89> <CoreInst = "DSqrt">   --->   Core 52 'DSqrt' <Latency = 20> <II = 1> <Delay = 2.89> <FuncUnit> <Opcode : 'dsqrt'> <InPorts = 1> <OutPorts = 1>

State 198 <SV = 174> <Delay = 2.89>
ST_198 : Operation 1087 [17/21] (2.89ns)   --->   "%tmp_1 = dsqrt i64 @llvm.sqrt.f64, i64 %add5" [flood_HLS_base.cpp:96]   --->   Operation 1087 'dsqrt' 'tmp_1' <Predicate = true> <Delay = 2.89> <CoreInst = "DSqrt">   --->   Core 52 'DSqrt' <Latency = 20> <II = 1> <Delay = 2.89> <FuncUnit> <Opcode : 'dsqrt'> <InPorts = 1> <OutPorts = 1>

State 199 <SV = 175> <Delay = 2.89>
ST_199 : Operation 1088 [16/21] (2.89ns)   --->   "%tmp_1 = dsqrt i64 @llvm.sqrt.f64, i64 %add5" [flood_HLS_base.cpp:96]   --->   Operation 1088 'dsqrt' 'tmp_1' <Predicate = true> <Delay = 2.89> <CoreInst = "DSqrt">   --->   Core 52 'DSqrt' <Latency = 20> <II = 1> <Delay = 2.89> <FuncUnit> <Opcode : 'dsqrt'> <InPorts = 1> <OutPorts = 1>

State 200 <SV = 176> <Delay = 2.89>
ST_200 : Operation 1089 [15/21] (2.89ns)   --->   "%tmp_1 = dsqrt i64 @llvm.sqrt.f64, i64 %add5" [flood_HLS_base.cpp:96]   --->   Operation 1089 'dsqrt' 'tmp_1' <Predicate = true> <Delay = 2.89> <CoreInst = "DSqrt">   --->   Core 52 'DSqrt' <Latency = 20> <II = 1> <Delay = 2.89> <FuncUnit> <Opcode : 'dsqrt'> <InPorts = 1> <OutPorts = 1>

State 201 <SV = 177> <Delay = 2.89>
ST_201 : Operation 1090 [14/21] (2.89ns)   --->   "%tmp_1 = dsqrt i64 @llvm.sqrt.f64, i64 %add5" [flood_HLS_base.cpp:96]   --->   Operation 1090 'dsqrt' 'tmp_1' <Predicate = true> <Delay = 2.89> <CoreInst = "DSqrt">   --->   Core 52 'DSqrt' <Latency = 20> <II = 1> <Delay = 2.89> <FuncUnit> <Opcode : 'dsqrt'> <InPorts = 1> <OutPorts = 1>

State 202 <SV = 178> <Delay = 2.89>
ST_202 : Operation 1091 [13/21] (2.89ns)   --->   "%tmp_1 = dsqrt i64 @llvm.sqrt.f64, i64 %add5" [flood_HLS_base.cpp:96]   --->   Operation 1091 'dsqrt' 'tmp_1' <Predicate = true> <Delay = 2.89> <CoreInst = "DSqrt">   --->   Core 52 'DSqrt' <Latency = 20> <II = 1> <Delay = 2.89> <FuncUnit> <Opcode : 'dsqrt'> <InPorts = 1> <OutPorts = 1>

State 203 <SV = 179> <Delay = 2.89>
ST_203 : Operation 1092 [12/21] (2.89ns)   --->   "%tmp_1 = dsqrt i64 @llvm.sqrt.f64, i64 %add5" [flood_HLS_base.cpp:96]   --->   Operation 1092 'dsqrt' 'tmp_1' <Predicate = true> <Delay = 2.89> <CoreInst = "DSqrt">   --->   Core 52 'DSqrt' <Latency = 20> <II = 1> <Delay = 2.89> <FuncUnit> <Opcode : 'dsqrt'> <InPorts = 1> <OutPorts = 1>

State 204 <SV = 180> <Delay = 2.89>
ST_204 : Operation 1093 [11/21] (2.89ns)   --->   "%tmp_1 = dsqrt i64 @llvm.sqrt.f64, i64 %add5" [flood_HLS_base.cpp:96]   --->   Operation 1093 'dsqrt' 'tmp_1' <Predicate = true> <Delay = 2.89> <CoreInst = "DSqrt">   --->   Core 52 'DSqrt' <Latency = 20> <II = 1> <Delay = 2.89> <FuncUnit> <Opcode : 'dsqrt'> <InPorts = 1> <OutPorts = 1>

State 205 <SV = 181> <Delay = 2.89>
ST_205 : Operation 1094 [10/21] (2.89ns)   --->   "%tmp_1 = dsqrt i64 @llvm.sqrt.f64, i64 %add5" [flood_HLS_base.cpp:96]   --->   Operation 1094 'dsqrt' 'tmp_1' <Predicate = true> <Delay = 2.89> <CoreInst = "DSqrt">   --->   Core 52 'DSqrt' <Latency = 20> <II = 1> <Delay = 2.89> <FuncUnit> <Opcode : 'dsqrt'> <InPorts = 1> <OutPorts = 1>

State 206 <SV = 182> <Delay = 2.89>
ST_206 : Operation 1095 [9/21] (2.89ns)   --->   "%tmp_1 = dsqrt i64 @llvm.sqrt.f64, i64 %add5" [flood_HLS_base.cpp:96]   --->   Operation 1095 'dsqrt' 'tmp_1' <Predicate = true> <Delay = 2.89> <CoreInst = "DSqrt">   --->   Core 52 'DSqrt' <Latency = 20> <II = 1> <Delay = 2.89> <FuncUnit> <Opcode : 'dsqrt'> <InPorts = 1> <OutPorts = 1>

State 207 <SV = 183> <Delay = 2.89>
ST_207 : Operation 1096 [8/21] (2.89ns)   --->   "%tmp_1 = dsqrt i64 @llvm.sqrt.f64, i64 %add5" [flood_HLS_base.cpp:96]   --->   Operation 1096 'dsqrt' 'tmp_1' <Predicate = true> <Delay = 2.89> <CoreInst = "DSqrt">   --->   Core 52 'DSqrt' <Latency = 20> <II = 1> <Delay = 2.89> <FuncUnit> <Opcode : 'dsqrt'> <InPorts = 1> <OutPorts = 1>

State 208 <SV = 184> <Delay = 2.89>
ST_208 : Operation 1097 [7/21] (2.89ns)   --->   "%tmp_1 = dsqrt i64 @llvm.sqrt.f64, i64 %add5" [flood_HLS_base.cpp:96]   --->   Operation 1097 'dsqrt' 'tmp_1' <Predicate = true> <Delay = 2.89> <CoreInst = "DSqrt">   --->   Core 52 'DSqrt' <Latency = 20> <II = 1> <Delay = 2.89> <FuncUnit> <Opcode : 'dsqrt'> <InPorts = 1> <OutPorts = 1>

State 209 <SV = 185> <Delay = 2.89>
ST_209 : Operation 1098 [6/21] (2.89ns)   --->   "%tmp_1 = dsqrt i64 @llvm.sqrt.f64, i64 %add5" [flood_HLS_base.cpp:96]   --->   Operation 1098 'dsqrt' 'tmp_1' <Predicate = true> <Delay = 2.89> <CoreInst = "DSqrt">   --->   Core 52 'DSqrt' <Latency = 20> <II = 1> <Delay = 2.89> <FuncUnit> <Opcode : 'dsqrt'> <InPorts = 1> <OutPorts = 1>

State 210 <SV = 186> <Delay = 2.89>
ST_210 : Operation 1099 [5/21] (2.89ns)   --->   "%tmp_1 = dsqrt i64 @llvm.sqrt.f64, i64 %add5" [flood_HLS_base.cpp:96]   --->   Operation 1099 'dsqrt' 'tmp_1' <Predicate = true> <Delay = 2.89> <CoreInst = "DSqrt">   --->   Core 52 'DSqrt' <Latency = 20> <II = 1> <Delay = 2.89> <FuncUnit> <Opcode : 'dsqrt'> <InPorts = 1> <OutPorts = 1>

State 211 <SV = 187> <Delay = 2.89>
ST_211 : Operation 1100 [4/21] (2.89ns)   --->   "%tmp_1 = dsqrt i64 @llvm.sqrt.f64, i64 %add5" [flood_HLS_base.cpp:96]   --->   Operation 1100 'dsqrt' 'tmp_1' <Predicate = true> <Delay = 2.89> <CoreInst = "DSqrt">   --->   Core 52 'DSqrt' <Latency = 20> <II = 1> <Delay = 2.89> <FuncUnit> <Opcode : 'dsqrt'> <InPorts = 1> <OutPorts = 1>

State 212 <SV = 188> <Delay = 2.89>
ST_212 : Operation 1101 [3/21] (2.89ns)   --->   "%tmp_1 = dsqrt i64 @llvm.sqrt.f64, i64 %add5" [flood_HLS_base.cpp:96]   --->   Operation 1101 'dsqrt' 'tmp_1' <Predicate = true> <Delay = 2.89> <CoreInst = "DSqrt">   --->   Core 52 'DSqrt' <Latency = 20> <II = 1> <Delay = 2.89> <FuncUnit> <Opcode : 'dsqrt'> <InPorts = 1> <OutPorts = 1>

State 213 <SV = 189> <Delay = 2.89>
ST_213 : Operation 1102 [2/21] (2.89ns)   --->   "%tmp_1 = dsqrt i64 @llvm.sqrt.f64, i64 %add5" [flood_HLS_base.cpp:96]   --->   Operation 1102 'dsqrt' 'tmp_1' <Predicate = true> <Delay = 2.89> <CoreInst = "DSqrt">   --->   Core 52 'DSqrt' <Latency = 20> <II = 1> <Delay = 2.89> <FuncUnit> <Opcode : 'dsqrt'> <InPorts = 1> <OutPorts = 1>

State 214 <SV = 190> <Delay = 2.89>
ST_214 : Operation 1103 [1/21] (2.89ns)   --->   "%tmp_1 = dsqrt i64 @llvm.sqrt.f64, i64 %add5" [flood_HLS_base.cpp:96]   --->   Operation 1103 'dsqrt' 'tmp_1' <Predicate = true> <Delay = 2.89> <CoreInst = "DSqrt">   --->   Core 52 'DSqrt' <Latency = 20> <II = 1> <Delay = 2.89> <FuncUnit> <Opcode : 'dsqrt'> <InPorts = 1> <OutPorts = 1>

State 215 <SV = 191> <Delay = 1.82>
ST_215 : Operation 1104 [2/2] (1.82ns)   --->   "%distance = fptrunc i64 %tmp_1" [flood_HLS_base.cpp:96]   --->   Operation 1104 'fptrunc' 'distance' <Predicate = true> <Delay = 1.82> <CoreInst = "Double2Float">   --->   Core 67 'Double2Float' <Latency = 1> <II = 1> <Delay = 1.82> <FuncUnit> <Opcode : 'fptrunc'> <InPorts = 1> <OutPorts = 1>

State 216 <SV = 192> <Delay = 1.82>
ST_216 : Operation 1105 [1/2] (1.82ns)   --->   "%distance = fptrunc i64 %tmp_1" [flood_HLS_base.cpp:96]   --->   Operation 1105 'fptrunc' 'distance' <Predicate = true> <Delay = 1.82> <CoreInst = "Double2Float">   --->   Core 67 'Double2Float' <Latency = 1> <II = 1> <Delay = 1.82> <FuncUnit> <Opcode : 'fptrunc'> <InPorts = 1> <OutPorts = 1>

State 217 <SV = 193> <Delay = 1.64>
ST_217 : Operation 1106 [2/2] (1.64ns)   --->   "%tmp_25 = fcmp_olt  i32 %distance, i32 %bitcast_ln85_1" [flood_HLS_base.cpp:97]   --->   Operation 1106 'fcmp' 'tmp_25' <Predicate = true> <Delay = 1.64> <CoreInst = "FCompare">   --->   Core 19 'FCompare' <Latency = 1> <II = 1> <Delay = 1.64> <FuncUnit> <Opcode : 'fcmp'> <InPorts = 2> <OutPorts = 1>

State 218 <SV = 194> <Delay = 2.36>
ST_218 : Operation 1107 [1/1] (0.00ns)   --->   "%trunc_ln91 = trunc i416 %empty_81" [flood_HLS_base.cpp:91]   --->   Operation 1107 'trunc' 'trunc_ln91' <Predicate = true> <Delay = 0.00>
ST_218 : Operation 1108 [1/1] (0.00ns)   --->   "%specloopname_ln93 = specloopname void @_ssdm_op_SpecLoopName, void @empty_8" [flood_HLS_base.cpp:93]   --->   Operation 1108 'specloopname' 'specloopname_ln93' <Predicate = true> <Delay = 0.00>
ST_218 : Operation 1109 [1/1] (0.00ns)   --->   "%bitcast_ln97 = bitcast i32 %distance" [flood_HLS_base.cpp:97]   --->   Operation 1109 'bitcast' 'bitcast_ln97' <Predicate = true> <Delay = 0.00>
ST_218 : Operation 1110 [1/1] (0.00ns)   --->   "%tmp_23 = partselect i8 @_ssdm_op_PartSelect.i8.i32.i32.i32, i32 %bitcast_ln97, i32 23, i32 30" [flood_HLS_base.cpp:97]   --->   Operation 1110 'partselect' 'tmp_23' <Predicate = true> <Delay = 0.00>
ST_218 : Operation 1111 [1/1] (0.00ns)   --->   "%trunc_ln97 = trunc i32 %bitcast_ln97" [flood_HLS_base.cpp:97]   --->   Operation 1111 'trunc' 'trunc_ln97' <Predicate = true> <Delay = 0.00>
ST_218 : Operation 1112 [1/1] (0.70ns)   --->   "%icmp_ln97 = icmp_ne  i8 %tmp_23, i8 255" [flood_HLS_base.cpp:97]   --->   Operation 1112 'icmp' 'icmp_ln97' <Predicate = true> <Delay = 0.70> <CoreInst = "Cmp">   --->   Core 9 'Cmp' <Latency = 0> <II = 1> <Delay = 0.70> <FuncUnit> <Opcode : 'seteq' 'setne' 'setle' 'setge' 'setlt' 'setgt'> <InPorts = 2> <OutPorts = 1>
ST_218 : Operation 1113 [1/1] (0.82ns)   --->   "%icmp_ln97_1 = icmp_eq  i23 %trunc_ln97, i23 0" [flood_HLS_base.cpp:97]   --->   Operation 1113 'icmp' 'icmp_ln97_1' <Predicate = true> <Delay = 0.82> <CoreInst = "Cmp">   --->   Core 9 'Cmp' <Latency = 0> <II = 1> <Delay = 0.82> <FuncUnit> <Opcode : 'seteq' 'setne' 'setle' 'setge' 'setlt' 'setgt'> <InPorts = 2> <OutPorts = 1>
ST_218 : Operation 1114 [1/1] (0.00ns) (grouped into LUT with out node and_ln97_1)   --->   "%or_ln97 = or i1 %icmp_ln97_1, i1 %icmp_ln97" [flood_HLS_base.cpp:97]   --->   Operation 1114 'or' 'or_ln97' <Predicate = true> <Delay = 0.00> <CoreInst = "LogicGate">   --->   Core 74 'LogicGate' <Latency = 0> <II = 1> <Delay = 0.12> <FuncUnit> <Opcode : 'and' 'or' 'xor'> <InPorts = 2> <OutPorts = 1>
ST_218 : Operation 1115 [1/1] (0.00ns) (grouped into LUT with out node and_ln97_1)   --->   "%or_ln97_1 = or i1 %icmp_ln97_3, i1 %icmp_ln97_2" [flood_HLS_base.cpp:97]   --->   Operation 1115 'or' 'or_ln97_1' <Predicate = true> <Delay = 0.00> <CoreInst = "LogicGate">   --->   Core 74 'LogicGate' <Latency = 0> <II = 1> <Delay = 0.12> <FuncUnit> <Opcode : 'and' 'or' 'xor'> <InPorts = 2> <OutPorts = 1>
ST_218 : Operation 1116 [1/1] (0.00ns) (grouped into LUT with out node and_ln97_1)   --->   "%and_ln97 = and i1 %or_ln97, i1 %or_ln97_1" [flood_HLS_base.cpp:97]   --->   Operation 1116 'and' 'and_ln97' <Predicate = true> <Delay = 0.00> <CoreInst = "LogicGate">   --->   Core 74 'LogicGate' <Latency = 0> <II = 1> <Delay = 0.12> <FuncUnit> <Opcode : 'and' 'or' 'xor'> <InPorts = 2> <OutPorts = 1>
ST_218 : Operation 1117 [1/2] (1.64ns)   --->   "%tmp_25 = fcmp_olt  i32 %distance, i32 %bitcast_ln85_1" [flood_HLS_base.cpp:97]   --->   Operation 1117 'fcmp' 'tmp_25' <Predicate = true> <Delay = 1.64> <CoreInst = "FCompare">   --->   Core 19 'FCompare' <Latency = 1> <II = 1> <Delay = 1.64> <FuncUnit> <Opcode : 'fcmp'> <InPorts = 2> <OutPorts = 1>
ST_218 : Operation 1118 [1/1] (0.12ns) (out node of the LUT)   --->   "%and_ln97_1 = and i1 %and_ln97, i1 %tmp_25" [flood_HLS_base.cpp:97]   --->   Operation 1118 'and' 'and_ln97_1' <Predicate = true> <Delay = 0.12> <CoreInst = "LogicGate">   --->   Core 74 'LogicGate' <Latency = 0> <II = 1> <Delay = 0.12> <FuncUnit> <Opcode : 'and' 'or' 'xor'> <InPorts = 2> <OutPorts = 1>
ST_218 : Operation 1119 [1/1] (0.38ns)   --->   "%br_ln97 = br i1 %and_ln97_1, void %for.inc236, void %if.then" [flood_HLS_base.cpp:97]   --->   Operation 1119 'br' 'br_ln97' <Predicate = true> <Delay = 0.38>
ST_218 : Operation 1120 [12/12] (2.32ns)   --->   "%div2 = fdiv i32 %distance, i32 %bitcast_ln85_1" [flood_HLS_base.cpp:98]   --->   Operation 1120 'fdiv' 'div2' <Predicate = (and_ln97_1)> <Delay = 2.32> <CoreInst = "FDiv">   --->   Core 20 'FDiv' <Latency = 11> <II = 1> <Delay = 2.32> <FuncUnit> <Opcode : 'fdiv' 'frem'> <InPorts = 2> <OutPorts = 1>
ST_218 : Operation 1121 [12/12] (2.29ns)   --->   "%tmp_2 = fsqrt i32 @llvm.sqrt.f32, i32 %bitcast_ln98_1" [/cm/shared/package/vivado/Vitis_HLS/2024.1/tps/lnx64/gcc-8.3.0/lib/gcc/x86_64-pc-linux-gnu/8.3.0/../../../../include/c++/8.3.0/cmath:464->flood_HLS_base.cpp:98]   --->   Operation 1121 'fsqrt' 'tmp_2' <Predicate = (and_ln97_1)> <Delay = 2.29> <CoreInst = "FSqrt">   --->   Core 35 'FSqrt' <Latency = 11> <II = 1> <Delay = 2.29> <FuncUnit> <Opcode : 'fsqrt'> <InPorts = 1> <OutPorts = 1>
ST_218 : Operation 1122 [1/1] (0.00ns)   --->   "%xs_sign_1 = bitselect i1 @_ssdm_op_BitSelect.i1.i32.i32, i32 %data_1, i32 31" [/wrk/ci/prod/2024.1/hls_product/continuous/545/2024.1/src/shared/hls/clib/src/hls/utils/x_hls_utils.h:294->/wrk/ci/prod/2024.1/hls_product/continuous/545/2024.1/src/shared/hls/clib/hlsmath/include/FloatingPoint/hls_case_IEEE754.h:13->/wrk/ci/prod/2024.1/hls_product/continuous/545/2024.1/src/shared/hls/clib/hlsmath/include/FloatingPoint/hls_case_IEEE754.h:117->/wrk/ci/prod/2024.1/hls_product/continuous/545/2024.1/src/shared/hls/clib/hlsmath/src/lib_floatconversion.cpp:51->flood_HLS_base.cpp:101]   --->   Operation 1122 'bitselect' 'xs_sign_1' <Predicate = (and_ln97_1)> <Delay = 0.00>
ST_218 : Operation 1123 [1/1] (0.00ns)   --->   "%mantissa_1 = bitconcatenate i25 @_ssdm_op_BitConcatenate.i25.i1.i23.i1, i1 1, i23 %trunc_ln92_1, i1 0" [/wrk/ci/prod/2024.1/hls_product/continuous/545/2024.1/src/shared/hls/clib/hlsmath/include/FloatingPoint/hls_case_IEEE754.h:15->/wrk/ci/prod/2024.1/hls_product/continuous/545/2024.1/src/shared/hls/clib/hlsmath/include/FloatingPoint/hls_case_IEEE754.h:117->/wrk/ci/prod/2024.1/hls_product/continuous/545/2024.1/src/shared/hls/clib/hlsmath/src/lib_floatconversion.cpp:51->flood_HLS_base.cpp:101]   --->   Operation 1123 'bitconcatenate' 'mantissa_1' <Predicate = (and_ln97_1)> <Delay = 0.00>
ST_218 : Operation 1124 [1/1] (0.00ns)   --->   "%zext_ln15_1 = zext i25 %mantissa_1" [/wrk/ci/prod/2024.1/hls_product/continuous/545/2024.1/src/shared/hls/clib/hlsmath/include/FloatingPoint/hls_case_IEEE754.h:15->/wrk/ci/prod/2024.1/hls_product/continuous/545/2024.1/src/shared/hls/clib/hlsmath/include/FloatingPoint/hls_case_IEEE754.h:117->/wrk/ci/prod/2024.1/hls_product/continuous/545/2024.1/src/shared/hls/clib/hlsmath/src/lib_floatconversion.cpp:51->flood_HLS_base.cpp:101]   --->   Operation 1124 'zext' 'zext_ln15_1' <Predicate = (and_ln97_1)> <Delay = 0.00>
ST_218 : Operation 1125 [1/1] (0.00ns)   --->   "%zext_ln317_1 = zext i8 %xs_exp_1" [/wrk/ci/prod/2024.1/hls_product/continuous/545/2024.1/src/shared/hls/clib/src/hls/utils/x_hls_utils.h:317->/wrk/ci/prod/2024.1/hls_product/continuous/545/2024.1/src/shared/hls/clib/hlsmath/include/FloatingPoint/hls_case_IEEE754.h:18->/wrk/ci/prod/2024.1/hls_product/continuous/545/2024.1/src/shared/hls/clib/hlsmath/include/FloatingPoint/hls_case_IEEE754.h:117->/wrk/ci/prod/2024.1/hls_product/continuous/545/2024.1/src/shared/hls/clib/hlsmath/src/lib_floatconversion.cpp:51->flood_HLS_base.cpp:101]   --->   Operation 1125 'zext' 'zext_ln317_1' <Predicate = (and_ln97_1)> <Delay = 0.00>
ST_218 : Operation 1126 [1/1] (0.70ns)   --->   "%add_ln317_1 = add i9 %zext_ln317_1, i9 385" [/wrk/ci/prod/2024.1/hls_product/continuous/545/2024.1/src/shared/hls/clib/src/hls/utils/x_hls_utils.h:317->/wrk/ci/prod/2024.1/hls_product/continuous/545/2024.1/src/shared/hls/clib/hlsmath/include/FloatingPoint/hls_case_IEEE754.h:18->/wrk/ci/prod/2024.1/hls_product/continuous/545/2024.1/src/shared/hls/clib/hlsmath/include/FloatingPoint/hls_case_IEEE754.h:117->/wrk/ci/prod/2024.1/hls_product/continuous/545/2024.1/src/shared/hls/clib/hlsmath/src/lib_floatconversion.cpp:51->flood_HLS_base.cpp:101]   --->   Operation 1126 'add' 'add_ln317_1' <Predicate = (and_ln97_1)> <Delay = 0.70> <CoreInst = "Adder">   --->   Core 1 'Adder' <Latency = 0> <II = 1> <Delay = 0.70> <FuncUnit> <Opcode : 'add' 'sub'> <InPorts = 2> <OutPorts = 1>
ST_218 : Operation 1127 [1/1] (0.00ns)   --->   "%tmp_62 = bitselect i1 @_ssdm_op_BitSelect.i1.i9.i32, i9 %add_ln317_1, i32 8" [/wrk/ci/prod/2024.1/hls_product/continuous/545/2024.1/src/shared/hls/clib/hlsmath/include/FloatingPoint/hls_case_IEEE754.h:18->/wrk/ci/prod/2024.1/hls_product/continuous/545/2024.1/src/shared/hls/clib/hlsmath/include/FloatingPoint/hls_case_IEEE754.h:117->/wrk/ci/prod/2024.1/hls_product/continuous/545/2024.1/src/shared/hls/clib/hlsmath/src/lib_floatconversion.cpp:51->flood_HLS_base.cpp:101]   --->   Operation 1127 'bitselect' 'tmp_62' <Predicate = (and_ln97_1)> <Delay = 0.00>
ST_218 : Operation 1128 [1/1] (0.70ns)   --->   "%sub_ln18_1 = sub i8 127, i8 %xs_exp_1" [/wrk/ci/prod/2024.1/hls_product/continuous/545/2024.1/src/shared/hls/clib/hlsmath/include/FloatingPoint/hls_case_IEEE754.h:18->/wrk/ci/prod/2024.1/hls_product/continuous/545/2024.1/src/shared/hls/clib/hlsmath/include/FloatingPoint/hls_case_IEEE754.h:117->/wrk/ci/prod/2024.1/hls_product/continuous/545/2024.1/src/shared/hls/clib/hlsmath/src/lib_floatconversion.cpp:51->flood_HLS_base.cpp:101]   --->   Operation 1128 'sub' 'sub_ln18_1' <Predicate = (and_ln97_1)> <Delay = 0.70> <CoreInst = "Adder">   --->   Core 1 'Adder' <Latency = 0> <II = 1> <Delay = 0.70> <FuncUnit> <Opcode : 'add' 'sub'> <InPorts = 2> <OutPorts = 1>
ST_218 : Operation 1129 [1/1] (0.00ns)   --->   "%sext_ln18_2 = sext i8 %sub_ln18_1" [/wrk/ci/prod/2024.1/hls_product/continuous/545/2024.1/src/shared/hls/clib/hlsmath/include/FloatingPoint/hls_case_IEEE754.h:18->/wrk/ci/prod/2024.1/hls_product/continuous/545/2024.1/src/shared/hls/clib/hlsmath/include/FloatingPoint/hls_case_IEEE754.h:117->/wrk/ci/prod/2024.1/hls_product/continuous/545/2024.1/src/shared/hls/clib/hlsmath/src/lib_floatconversion.cpp:51->flood_HLS_base.cpp:101]   --->   Operation 1129 'sext' 'sext_ln18_2' <Predicate = (and_ln97_1)> <Delay = 0.00>
ST_218 : Operation 1130 [1/1] (0.30ns)   --->   "%select_ln18_2 = select i1 %tmp_62, i9 %sext_ln18_2, i9 %add_ln317_1" [/wrk/ci/prod/2024.1/hls_product/continuous/545/2024.1/src/shared/hls/clib/hlsmath/include/FloatingPoint/hls_case_IEEE754.h:18->/wrk/ci/prod/2024.1/hls_product/continuous/545/2024.1/src/shared/hls/clib/hlsmath/include/FloatingPoint/hls_case_IEEE754.h:117->/wrk/ci/prod/2024.1/hls_product/continuous/545/2024.1/src/shared/hls/clib/hlsmath/src/lib_floatconversion.cpp:51->flood_HLS_base.cpp:101]   --->   Operation 1130 'select' 'select_ln18_2' <Predicate = (and_ln97_1)> <Delay = 0.30> <CoreInst = "Sel">   --->   Core 73 'Sel' <Latency = 0> <II = 1> <Delay = 0.30> <FuncUnit> <Opcode : 'select'> <InPorts = 3> <OutPorts = 1>
ST_218 : Operation 1131 [1/1] (0.00ns)   --->   "%sext_ln18_3 = sext i9 %select_ln18_2" [/wrk/ci/prod/2024.1/hls_product/continuous/545/2024.1/src/shared/hls/clib/hlsmath/include/FloatingPoint/hls_case_IEEE754.h:18->/wrk/ci/prod/2024.1/hls_product/continuous/545/2024.1/src/shared/hls/clib/hlsmath/include/FloatingPoint/hls_case_IEEE754.h:117->/wrk/ci/prod/2024.1/hls_product/continuous/545/2024.1/src/shared/hls/clib/hlsmath/src/lib_floatconversion.cpp:51->flood_HLS_base.cpp:101]   --->   Operation 1131 'sext' 'sext_ln18_3' <Predicate = (and_ln97_1)> <Delay = 0.00>
ST_218 : Operation 1132 [1/1] (0.00ns)   --->   "%zext_ln18_1 = zext i32 %sext_ln18_3" [/wrk/ci/prod/2024.1/hls_product/continuous/545/2024.1/src/shared/hls/clib/hlsmath/include/FloatingPoint/hls_case_IEEE754.h:18->/wrk/ci/prod/2024.1/hls_product/continuous/545/2024.1/src/shared/hls/clib/hlsmath/include/FloatingPoint/hls_case_IEEE754.h:117->/wrk/ci/prod/2024.1/hls_product/continuous/545/2024.1/src/shared/hls/clib/hlsmath/src/lib_floatconversion.cpp:51->flood_HLS_base.cpp:101]   --->   Operation 1132 'zext' 'zext_ln18_1' <Predicate = (and_ln97_1)> <Delay = 0.00>
ST_218 : Operation 1133 [1/1] (1.05ns)   --->   "%lshr_ln18_1 = lshr i79 %zext_ln15_1, i79 %zext_ln18_1" [/wrk/ci/prod/2024.1/hls_product/continuous/545/2024.1/src/shared/hls/clib/hlsmath/include/FloatingPoint/hls_case_IEEE754.h:18->/wrk/ci/prod/2024.1/hls_product/continuous/545/2024.1/src/shared/hls/clib/hlsmath/include/FloatingPoint/hls_case_IEEE754.h:117->/wrk/ci/prod/2024.1/hls_product/continuous/545/2024.1/src/shared/hls/clib/hlsmath/src/lib_floatconversion.cpp:51->flood_HLS_base.cpp:101]   --->   Operation 1133 'lshr' 'lshr_ln18_1' <Predicate = (and_ln97_1)> <Delay = 1.05> <CoreInst = "Shifter">   --->   Core 75 'Shifter' <Latency = 0> <II = 1> <Delay = 1.05> <FuncUnit> <Opcode : 'shl' 'lshr' 'ashr'> <InPorts = 2> <OutPorts = 1>
ST_218 : Operation 1134 [1/1] (1.05ns)   --->   "%shl_ln18_1 = shl i79 %zext_ln15_1, i79 %zext_ln18_1" [/wrk/ci/prod/2024.1/hls_product/continuous/545/2024.1/src/shared/hls/clib/hlsmath/include/FloatingPoint/hls_case_IEEE754.h:18->/wrk/ci/prod/2024.1/hls_product/continuous/545/2024.1/src/shared/hls/clib/hlsmath/include/FloatingPoint/hls_case_IEEE754.h:117->/wrk/ci/prod/2024.1/hls_product/continuous/545/2024.1/src/shared/hls/clib/hlsmath/src/lib_floatconversion.cpp:51->flood_HLS_base.cpp:101]   --->   Operation 1134 'shl' 'shl_ln18_1' <Predicate = (and_ln97_1)> <Delay = 1.05> <CoreInst = "Shifter">   --->   Core 75 'Shifter' <Latency = 0> <II = 1> <Delay = 1.05> <FuncUnit> <Opcode : 'shl' 'lshr' 'ashr'> <InPorts = 2> <OutPorts = 1>
ST_218 : Operation 1135 [1/1] (0.00ns)   --->   "%tmp_61 = partselect i6 @_ssdm_op_PartSelect.i6.i79.i32.i32, i79 %lshr_ln18_1, i32 24, i32 29" [/wrk/ci/prod/2024.1/hls_product/continuous/545/2024.1/src/shared/hls/clib/hlsmath/include/FloatingPoint/hls_case_IEEE754.h:21->/wrk/ci/prod/2024.1/hls_product/continuous/545/2024.1/src/shared/hls/clib/hlsmath/include/FloatingPoint/hls_case_IEEE754.h:117->/wrk/ci/prod/2024.1/hls_product/continuous/545/2024.1/src/shared/hls/clib/hlsmath/src/lib_floatconversion.cpp:51->flood_HLS_base.cpp:101]   --->   Operation 1135 'partselect' 'tmp_61' <Predicate = (and_ln97_1)> <Delay = 0.00>
ST_218 : Operation 1136 [1/1] (0.00ns)   --->   "%tmp_63 = partselect i6 @_ssdm_op_PartSelect.i6.i79.i32.i32, i79 %shl_ln18_1, i32 24, i32 29" [/wrk/ci/prod/2024.1/hls_product/continuous/545/2024.1/src/shared/hls/clib/hlsmath/include/FloatingPoint/hls_case_IEEE754.h:21->/wrk/ci/prod/2024.1/hls_product/continuous/545/2024.1/src/shared/hls/clib/hlsmath/include/FloatingPoint/hls_case_IEEE754.h:117->/wrk/ci/prod/2024.1/hls_product/continuous/545/2024.1/src/shared/hls/clib/hlsmath/src/lib_floatconversion.cpp:51->flood_HLS_base.cpp:101]   --->   Operation 1136 'partselect' 'tmp_63' <Predicate = (and_ln97_1)> <Delay = 0.00>
ST_218 : Operation 1137 [1/1] (0.29ns)   --->   "%val_1 = select i1 %tmp_62, i6 %tmp_61, i6 %tmp_63" [/wrk/ci/prod/2024.1/hls_product/continuous/545/2024.1/src/shared/hls/clib/hlsmath/include/FloatingPoint/hls_case_IEEE754.h:18->/wrk/ci/prod/2024.1/hls_product/continuous/545/2024.1/src/shared/hls/clib/hlsmath/include/FloatingPoint/hls_case_IEEE754.h:117->/wrk/ci/prod/2024.1/hls_product/continuous/545/2024.1/src/shared/hls/clib/hlsmath/src/lib_floatconversion.cpp:51->flood_HLS_base.cpp:101]   --->   Operation 1137 'select' 'val_1' <Predicate = (and_ln97_1)> <Delay = 0.29> <CoreInst = "Sel">   --->   Core 73 'Sel' <Latency = 0> <II = 1> <Delay = 0.29> <FuncUnit> <Opcode : 'select'> <InPorts = 3> <OutPorts = 1>
ST_218 : Operation 1138 [1/1] (0.00ns)   --->   "%xs_sign_2 = bitselect i1 @_ssdm_op_BitSelect.i1.i32.i32, i32 %data_2, i32 31" [/wrk/ci/prod/2024.1/hls_product/continuous/545/2024.1/src/shared/hls/clib/src/hls/utils/x_hls_utils.h:294->/wrk/ci/prod/2024.1/hls_product/continuous/545/2024.1/src/shared/hls/clib/hlsmath/include/FloatingPoint/hls_case_IEEE754.h:13->/wrk/ci/prod/2024.1/hls_product/continuous/545/2024.1/src/shared/hls/clib/hlsmath/include/FloatingPoint/hls_case_IEEE754.h:117->/wrk/ci/prod/2024.1/hls_product/continuous/545/2024.1/src/shared/hls/clib/hlsmath/src/lib_floatconversion.cpp:51->flood_HLS_base.cpp:101]   --->   Operation 1138 'bitselect' 'xs_sign_2' <Predicate = (and_ln97_1)> <Delay = 0.00>
ST_218 : Operation 1139 [1/1] (0.00ns)   --->   "%mantissa_2 = bitconcatenate i25 @_ssdm_op_BitConcatenate.i25.i1.i23.i1, i1 1, i23 %trunc_ln93_1, i1 0" [/wrk/ci/prod/2024.1/hls_product/continuous/545/2024.1/src/shared/hls/clib/hlsmath/include/FloatingPoint/hls_case_IEEE754.h:15->/wrk/ci/prod/2024.1/hls_product/continuous/545/2024.1/src/shared/hls/clib/hlsmath/include/FloatingPoint/hls_case_IEEE754.h:117->/wrk/ci/prod/2024.1/hls_product/continuous/545/2024.1/src/shared/hls/clib/hlsmath/src/lib_floatconversion.cpp:51->flood_HLS_base.cpp:101]   --->   Operation 1139 'bitconcatenate' 'mantissa_2' <Predicate = (and_ln97_1)> <Delay = 0.00>
ST_218 : Operation 1140 [1/1] (0.00ns)   --->   "%zext_ln15_2 = zext i25 %mantissa_2" [/wrk/ci/prod/2024.1/hls_product/continuous/545/2024.1/src/shared/hls/clib/hlsmath/include/FloatingPoint/hls_case_IEEE754.h:15->/wrk/ci/prod/2024.1/hls_product/continuous/545/2024.1/src/shared/hls/clib/hlsmath/include/FloatingPoint/hls_case_IEEE754.h:117->/wrk/ci/prod/2024.1/hls_product/continuous/545/2024.1/src/shared/hls/clib/hlsmath/src/lib_floatconversion.cpp:51->flood_HLS_base.cpp:101]   --->   Operation 1140 'zext' 'zext_ln15_2' <Predicate = (and_ln97_1)> <Delay = 0.00>
ST_218 : Operation 1141 [1/1] (0.00ns)   --->   "%zext_ln317_2 = zext i8 %xs_exp_2" [/wrk/ci/prod/2024.1/hls_product/continuous/545/2024.1/src/shared/hls/clib/src/hls/utils/x_hls_utils.h:317->/wrk/ci/prod/2024.1/hls_product/continuous/545/2024.1/src/shared/hls/clib/hlsmath/include/FloatingPoint/hls_case_IEEE754.h:18->/wrk/ci/prod/2024.1/hls_product/continuous/545/2024.1/src/shared/hls/clib/hlsmath/include/FloatingPoint/hls_case_IEEE754.h:117->/wrk/ci/prod/2024.1/hls_product/continuous/545/2024.1/src/shared/hls/clib/hlsmath/src/lib_floatconversion.cpp:51->flood_HLS_base.cpp:101]   --->   Operation 1141 'zext' 'zext_ln317_2' <Predicate = (and_ln97_1)> <Delay = 0.00>
ST_218 : Operation 1142 [1/1] (0.70ns)   --->   "%add_ln317_2 = add i9 %zext_ln317_2, i9 385" [/wrk/ci/prod/2024.1/hls_product/continuous/545/2024.1/src/shared/hls/clib/src/hls/utils/x_hls_utils.h:317->/wrk/ci/prod/2024.1/hls_product/continuous/545/2024.1/src/shared/hls/clib/hlsmath/include/FloatingPoint/hls_case_IEEE754.h:18->/wrk/ci/prod/2024.1/hls_product/continuous/545/2024.1/src/shared/hls/clib/hlsmath/include/FloatingPoint/hls_case_IEEE754.h:117->/wrk/ci/prod/2024.1/hls_product/continuous/545/2024.1/src/shared/hls/clib/hlsmath/src/lib_floatconversion.cpp:51->flood_HLS_base.cpp:101]   --->   Operation 1142 'add' 'add_ln317_2' <Predicate = (and_ln97_1)> <Delay = 0.70> <CoreInst = "Adder">   --->   Core 1 'Adder' <Latency = 0> <II = 1> <Delay = 0.70> <FuncUnit> <Opcode : 'add' 'sub'> <InPorts = 2> <OutPorts = 1>
ST_218 : Operation 1143 [1/1] (0.00ns)   --->   "%tmp_65 = bitselect i1 @_ssdm_op_BitSelect.i1.i9.i32, i9 %add_ln317_2, i32 8" [/wrk/ci/prod/2024.1/hls_product/continuous/545/2024.1/src/shared/hls/clib/hlsmath/include/FloatingPoint/hls_case_IEEE754.h:18->/wrk/ci/prod/2024.1/hls_product/continuous/545/2024.1/src/shared/hls/clib/hlsmath/include/FloatingPoint/hls_case_IEEE754.h:117->/wrk/ci/prod/2024.1/hls_product/continuous/545/2024.1/src/shared/hls/clib/hlsmath/src/lib_floatconversion.cpp:51->flood_HLS_base.cpp:101]   --->   Operation 1143 'bitselect' 'tmp_65' <Predicate = (and_ln97_1)> <Delay = 0.00>
ST_218 : Operation 1144 [1/1] (0.70ns)   --->   "%sub_ln18_2 = sub i8 127, i8 %xs_exp_2" [/wrk/ci/prod/2024.1/hls_product/continuous/545/2024.1/src/shared/hls/clib/hlsmath/include/FloatingPoint/hls_case_IEEE754.h:18->/wrk/ci/prod/2024.1/hls_product/continuous/545/2024.1/src/shared/hls/clib/hlsmath/include/FloatingPoint/hls_case_IEEE754.h:117->/wrk/ci/prod/2024.1/hls_product/continuous/545/2024.1/src/shared/hls/clib/hlsmath/src/lib_floatconversion.cpp:51->flood_HLS_base.cpp:101]   --->   Operation 1144 'sub' 'sub_ln18_2' <Predicate = (and_ln97_1)> <Delay = 0.70> <CoreInst = "Adder">   --->   Core 1 'Adder' <Latency = 0> <II = 1> <Delay = 0.70> <FuncUnit> <Opcode : 'add' 'sub'> <InPorts = 2> <OutPorts = 1>
ST_218 : Operation 1145 [1/1] (0.00ns)   --->   "%sext_ln18_4 = sext i8 %sub_ln18_2" [/wrk/ci/prod/2024.1/hls_product/continuous/545/2024.1/src/shared/hls/clib/hlsmath/include/FloatingPoint/hls_case_IEEE754.h:18->/wrk/ci/prod/2024.1/hls_product/continuous/545/2024.1/src/shared/hls/clib/hlsmath/include/FloatingPoint/hls_case_IEEE754.h:117->/wrk/ci/prod/2024.1/hls_product/continuous/545/2024.1/src/shared/hls/clib/hlsmath/src/lib_floatconversion.cpp:51->flood_HLS_base.cpp:101]   --->   Operation 1145 'sext' 'sext_ln18_4' <Predicate = (and_ln97_1)> <Delay = 0.00>
ST_218 : Operation 1146 [1/1] (0.30ns)   --->   "%select_ln18_4 = select i1 %tmp_65, i9 %sext_ln18_4, i9 %add_ln317_2" [/wrk/ci/prod/2024.1/hls_product/continuous/545/2024.1/src/shared/hls/clib/hlsmath/include/FloatingPoint/hls_case_IEEE754.h:18->/wrk/ci/prod/2024.1/hls_product/continuous/545/2024.1/src/shared/hls/clib/hlsmath/include/FloatingPoint/hls_case_IEEE754.h:117->/wrk/ci/prod/2024.1/hls_product/continuous/545/2024.1/src/shared/hls/clib/hlsmath/src/lib_floatconversion.cpp:51->flood_HLS_base.cpp:101]   --->   Operation 1146 'select' 'select_ln18_4' <Predicate = (and_ln97_1)> <Delay = 0.30> <CoreInst = "Sel">   --->   Core 73 'Sel' <Latency = 0> <II = 1> <Delay = 0.30> <FuncUnit> <Opcode : 'select'> <InPorts = 3> <OutPorts = 1>
ST_218 : Operation 1147 [1/1] (0.00ns)   --->   "%sext_ln18_5 = sext i9 %select_ln18_4" [/wrk/ci/prod/2024.1/hls_product/continuous/545/2024.1/src/shared/hls/clib/hlsmath/include/FloatingPoint/hls_case_IEEE754.h:18->/wrk/ci/prod/2024.1/hls_product/continuous/545/2024.1/src/shared/hls/clib/hlsmath/include/FloatingPoint/hls_case_IEEE754.h:117->/wrk/ci/prod/2024.1/hls_product/continuous/545/2024.1/src/shared/hls/clib/hlsmath/src/lib_floatconversion.cpp:51->flood_HLS_base.cpp:101]   --->   Operation 1147 'sext' 'sext_ln18_5' <Predicate = (and_ln97_1)> <Delay = 0.00>
ST_218 : Operation 1148 [1/1] (0.00ns)   --->   "%zext_ln18_2 = zext i32 %sext_ln18_5" [/wrk/ci/prod/2024.1/hls_product/continuous/545/2024.1/src/shared/hls/clib/hlsmath/include/FloatingPoint/hls_case_IEEE754.h:18->/wrk/ci/prod/2024.1/hls_product/continuous/545/2024.1/src/shared/hls/clib/hlsmath/include/FloatingPoint/hls_case_IEEE754.h:117->/wrk/ci/prod/2024.1/hls_product/continuous/545/2024.1/src/shared/hls/clib/hlsmath/src/lib_floatconversion.cpp:51->flood_HLS_base.cpp:101]   --->   Operation 1148 'zext' 'zext_ln18_2' <Predicate = (and_ln97_1)> <Delay = 0.00>
ST_218 : Operation 1149 [1/1] (1.05ns)   --->   "%lshr_ln18_2 = lshr i79 %zext_ln15_2, i79 %zext_ln18_2" [/wrk/ci/prod/2024.1/hls_product/continuous/545/2024.1/src/shared/hls/clib/hlsmath/include/FloatingPoint/hls_case_IEEE754.h:18->/wrk/ci/prod/2024.1/hls_product/continuous/545/2024.1/src/shared/hls/clib/hlsmath/include/FloatingPoint/hls_case_IEEE754.h:117->/wrk/ci/prod/2024.1/hls_product/continuous/545/2024.1/src/shared/hls/clib/hlsmath/src/lib_floatconversion.cpp:51->flood_HLS_base.cpp:101]   --->   Operation 1149 'lshr' 'lshr_ln18_2' <Predicate = (and_ln97_1)> <Delay = 1.05> <CoreInst = "Shifter">   --->   Core 75 'Shifter' <Latency = 0> <II = 1> <Delay = 1.05> <FuncUnit> <Opcode : 'shl' 'lshr' 'ashr'> <InPorts = 2> <OutPorts = 1>
ST_218 : Operation 1150 [1/1] (1.05ns)   --->   "%shl_ln18_2 = shl i79 %zext_ln15_2, i79 %zext_ln18_2" [/wrk/ci/prod/2024.1/hls_product/continuous/545/2024.1/src/shared/hls/clib/hlsmath/include/FloatingPoint/hls_case_IEEE754.h:18->/wrk/ci/prod/2024.1/hls_product/continuous/545/2024.1/src/shared/hls/clib/hlsmath/include/FloatingPoint/hls_case_IEEE754.h:117->/wrk/ci/prod/2024.1/hls_product/continuous/545/2024.1/src/shared/hls/clib/hlsmath/src/lib_floatconversion.cpp:51->flood_HLS_base.cpp:101]   --->   Operation 1150 'shl' 'shl_ln18_2' <Predicate = (and_ln97_1)> <Delay = 1.05> <CoreInst = "Shifter">   --->   Core 75 'Shifter' <Latency = 0> <II = 1> <Delay = 1.05> <FuncUnit> <Opcode : 'shl' 'lshr' 'ashr'> <InPorts = 2> <OutPorts = 1>
ST_218 : Operation 1151 [1/1] (0.00ns)   --->   "%tmp_64 = partselect i12 @_ssdm_op_PartSelect.i12.i79.i32.i32, i79 %lshr_ln18_2, i32 24, i32 35" [/wrk/ci/prod/2024.1/hls_product/continuous/545/2024.1/src/shared/hls/clib/hlsmath/include/FloatingPoint/hls_case_IEEE754.h:21->/wrk/ci/prod/2024.1/hls_product/continuous/545/2024.1/src/shared/hls/clib/hlsmath/include/FloatingPoint/hls_case_IEEE754.h:117->/wrk/ci/prod/2024.1/hls_product/continuous/545/2024.1/src/shared/hls/clib/hlsmath/src/lib_floatconversion.cpp:51->flood_HLS_base.cpp:101]   --->   Operation 1151 'partselect' 'tmp_64' <Predicate = (and_ln97_1)> <Delay = 0.00>
ST_218 : Operation 1152 [1/1] (0.00ns)   --->   "%tmp_66 = partselect i12 @_ssdm_op_PartSelect.i12.i79.i32.i32, i79 %shl_ln18_2, i32 24, i32 35" [/wrk/ci/prod/2024.1/hls_product/continuous/545/2024.1/src/shared/hls/clib/hlsmath/include/FloatingPoint/hls_case_IEEE754.h:21->/wrk/ci/prod/2024.1/hls_product/continuous/545/2024.1/src/shared/hls/clib/hlsmath/include/FloatingPoint/hls_case_IEEE754.h:117->/wrk/ci/prod/2024.1/hls_product/continuous/545/2024.1/src/shared/hls/clib/hlsmath/src/lib_floatconversion.cpp:51->flood_HLS_base.cpp:101]   --->   Operation 1152 'partselect' 'tmp_66' <Predicate = (and_ln97_1)> <Delay = 0.00>
ST_218 : Operation 1153 [1/1] (0.29ns)   --->   "%val_2 = select i1 %tmp_65, i12 %tmp_64, i12 %tmp_66" [/wrk/ci/prod/2024.1/hls_product/continuous/545/2024.1/src/shared/hls/clib/hlsmath/include/FloatingPoint/hls_case_IEEE754.h:18->/wrk/ci/prod/2024.1/hls_product/continuous/545/2024.1/src/shared/hls/clib/hlsmath/include/FloatingPoint/hls_case_IEEE754.h:117->/wrk/ci/prod/2024.1/hls_product/continuous/545/2024.1/src/shared/hls/clib/hlsmath/src/lib_floatconversion.cpp:51->flood_HLS_base.cpp:101]   --->   Operation 1153 'select' 'val_2' <Predicate = (and_ln97_1)> <Delay = 0.29> <CoreInst = "Sel">   --->   Core 73 'Sel' <Latency = 0> <II = 1> <Delay = 0.29> <FuncUnit> <Opcode : 'select'> <InPorts = 3> <OutPorts = 1>

State 219 <SV = 195> <Delay = 2.32>
ST_219 : Operation 1154 [11/12] (2.32ns)   --->   "%div2 = fdiv i32 %distance, i32 %bitcast_ln85_1" [flood_HLS_base.cpp:98]   --->   Operation 1154 'fdiv' 'div2' <Predicate = true> <Delay = 2.32> <CoreInst = "FDiv">   --->   Core 20 'FDiv' <Latency = 11> <II = 1> <Delay = 2.32> <FuncUnit> <Opcode : 'fdiv' 'frem'> <InPorts = 2> <OutPorts = 1>
ST_219 : Operation 1155 [11/12] (2.29ns)   --->   "%tmp_2 = fsqrt i32 @llvm.sqrt.f32, i32 %bitcast_ln98_1" [/cm/shared/package/vivado/Vitis_HLS/2024.1/tps/lnx64/gcc-8.3.0/lib/gcc/x86_64-pc-linux-gnu/8.3.0/../../../../include/c++/8.3.0/cmath:464->flood_HLS_base.cpp:98]   --->   Operation 1155 'fsqrt' 'tmp_2' <Predicate = true> <Delay = 2.29> <CoreInst = "FSqrt">   --->   Core 35 'FSqrt' <Latency = 11> <II = 1> <Delay = 2.29> <FuncUnit> <Opcode : 'fsqrt'> <InPorts = 1> <OutPorts = 1>
ST_219 : Operation 1156 [1/1] (0.70ns)   --->   "%result_12 = sub i6 0, i6 %val_1" [/wrk/ci/prod/2024.1/hls_product/continuous/545/2024.1/src/shared/hls/clib/hlsmath/include/FloatingPoint/hls_case_IEEE754.h:59->/wrk/ci/prod/2024.1/hls_product/continuous/545/2024.1/src/shared/hls/clib/hlsmath/include/FloatingPoint/hls_case_IEEE754.h:117->/wrk/ci/prod/2024.1/hls_product/continuous/545/2024.1/src/shared/hls/clib/hlsmath/src/lib_floatconversion.cpp:51->flood_HLS_base.cpp:101]   --->   Operation 1156 'sub' 'result_12' <Predicate = (xs_sign_1)> <Delay = 0.70> <CoreInst = "Adder">   --->   Core 1 'Adder' <Latency = 0> <II = 1> <Delay = 0.70> <FuncUnit> <Opcode : 'add' 'sub'> <InPorts = 2> <OutPorts = 1>
ST_219 : Operation 1157 [1/1] (0.29ns)   --->   "%result_15 = select i1 %xs_sign_1, i6 %result_12, i6 %val_1" [/wrk/ci/prod/2024.1/hls_product/continuous/545/2024.1/src/shared/hls/clib/hlsmath/include/FloatingPoint/hls_case_IEEE754.h:59->/wrk/ci/prod/2024.1/hls_product/continuous/545/2024.1/src/shared/hls/clib/hlsmath/include/FloatingPoint/hls_case_IEEE754.h:117->/wrk/ci/prod/2024.1/hls_product/continuous/545/2024.1/src/shared/hls/clib/hlsmath/src/lib_floatconversion.cpp:51->flood_HLS_base.cpp:101]   --->   Operation 1157 'select' 'result_15' <Predicate = true> <Delay = 0.29> <CoreInst = "Sel">   --->   Core 73 'Sel' <Latency = 0> <II = 1> <Delay = 0.29> <FuncUnit> <Opcode : 'select'> <InPorts = 3> <OutPorts = 1>
ST_219 : Operation 1158 [1/1] (0.00ns)   --->   "%zext_ln101 = zext i6 %result_15" [flood_HLS_base.cpp:101]   --->   Operation 1158 'zext' 'zext_ln101' <Predicate = true> <Delay = 0.00>
ST_219 : Operation 1159 [3/3] (0.99ns) (grouped into DSP with root node add_ln101_1)   --->   "%mul_ln101 = mul i12 %zext_ln101, i12 50" [flood_HLS_base.cpp:101]   --->   Operation 1159 'mul' 'mul_ln101' <Predicate = true> <Delay = 0.99> <CoreInst = "DSP48">   --->   Core 124 'DSP48' <Latency = 3> <II = 1> <Delay = 0.53> <IPBlock> <Opcode : '' 'add' 'sub' 'mul' 'select'> <InPorts = 0> <OutPorts = 1> <Sync> <CReg>
ST_219 : Operation 1160 [1/1] (0.74ns)   --->   "%result_19 = sub i12 0, i12 %val_2" [/wrk/ci/prod/2024.1/hls_product/continuous/545/2024.1/src/shared/hls/clib/hlsmath/include/FloatingPoint/hls_case_IEEE754.h:59->/wrk/ci/prod/2024.1/hls_product/continuous/545/2024.1/src/shared/hls/clib/hlsmath/include/FloatingPoint/hls_case_IEEE754.h:117->/wrk/ci/prod/2024.1/hls_product/continuous/545/2024.1/src/shared/hls/clib/hlsmath/src/lib_floatconversion.cpp:51->flood_HLS_base.cpp:101]   --->   Operation 1160 'sub' 'result_19' <Predicate = (xs_sign_2)> <Delay = 0.74> <CoreInst = "Adder">   --->   Core 1 'Adder' <Latency = 0> <II = 1> <Delay = 0.74> <FuncUnit> <Opcode : 'add' 'sub'> <InPorts = 2> <OutPorts = 1>
ST_219 : Operation 1161 [1/1] (0.29ns)   --->   "%result_20 = select i1 %xs_sign_2, i12 %result_19, i12 %val_2" [/wrk/ci/prod/2024.1/hls_product/continuous/545/2024.1/src/shared/hls/clib/hlsmath/include/FloatingPoint/hls_case_IEEE754.h:59->/wrk/ci/prod/2024.1/hls_product/continuous/545/2024.1/src/shared/hls/clib/hlsmath/include/FloatingPoint/hls_case_IEEE754.h:117->/wrk/ci/prod/2024.1/hls_product/continuous/545/2024.1/src/shared/hls/clib/hlsmath/src/lib_floatconversion.cpp:51->flood_HLS_base.cpp:101]   --->   Operation 1161 'select' 'result_20' <Predicate = true> <Delay = 0.29> <CoreInst = "Sel">   --->   Core 73 'Sel' <Latency = 0> <II = 1> <Delay = 0.29> <FuncUnit> <Opcode : 'select'> <InPorts = 3> <OutPorts = 1>

State 220 <SV = 196> <Delay = 2.32>
ST_220 : Operation 1162 [10/12] (2.32ns)   --->   "%div2 = fdiv i32 %distance, i32 %bitcast_ln85_1" [flood_HLS_base.cpp:98]   --->   Operation 1162 'fdiv' 'div2' <Predicate = true> <Delay = 2.32> <CoreInst = "FDiv">   --->   Core 20 'FDiv' <Latency = 11> <II = 1> <Delay = 2.32> <FuncUnit> <Opcode : 'fdiv' 'frem'> <InPorts = 2> <OutPorts = 1>
ST_220 : Operation 1163 [10/12] (2.29ns)   --->   "%tmp_2 = fsqrt i32 @llvm.sqrt.f32, i32 %bitcast_ln98_1" [/cm/shared/package/vivado/Vitis_HLS/2024.1/tps/lnx64/gcc-8.3.0/lib/gcc/x86_64-pc-linux-gnu/8.3.0/../../../../include/c++/8.3.0/cmath:464->flood_HLS_base.cpp:98]   --->   Operation 1163 'fsqrt' 'tmp_2' <Predicate = true> <Delay = 2.29> <CoreInst = "FSqrt">   --->   Core 35 'FSqrt' <Latency = 11> <II = 1> <Delay = 2.29> <FuncUnit> <Opcode : 'fsqrt'> <InPorts = 1> <OutPorts = 1>
ST_220 : Operation 1164 [2/3] (0.99ns) (grouped into DSP with root node add_ln101_1)   --->   "%mul_ln101 = mul i12 %zext_ln101, i12 50" [flood_HLS_base.cpp:101]   --->   Operation 1164 'mul' 'mul_ln101' <Predicate = true> <Delay = 0.99> <CoreInst = "DSP48">   --->   Core 124 'DSP48' <Latency = 3> <II = 1> <Delay = 0.53> <IPBlock> <Opcode : '' 'add' 'sub' 'mul' 'select'> <InPorts = 0> <OutPorts = 1> <Sync> <CReg>

State 221 <SV = 197> <Delay = 2.32>
ST_221 : Operation 1165 [9/12] (2.32ns)   --->   "%div2 = fdiv i32 %distance, i32 %bitcast_ln85_1" [flood_HLS_base.cpp:98]   --->   Operation 1165 'fdiv' 'div2' <Predicate = true> <Delay = 2.32> <CoreInst = "FDiv">   --->   Core 20 'FDiv' <Latency = 11> <II = 1> <Delay = 2.32> <FuncUnit> <Opcode : 'fdiv' 'frem'> <InPorts = 2> <OutPorts = 1>
ST_221 : Operation 1166 [9/12] (2.29ns)   --->   "%tmp_2 = fsqrt i32 @llvm.sqrt.f32, i32 %bitcast_ln98_1" [/cm/shared/package/vivado/Vitis_HLS/2024.1/tps/lnx64/gcc-8.3.0/lib/gcc/x86_64-pc-linux-gnu/8.3.0/../../../../include/c++/8.3.0/cmath:464->flood_HLS_base.cpp:98]   --->   Operation 1166 'fsqrt' 'tmp_2' <Predicate = true> <Delay = 2.29> <CoreInst = "FSqrt">   --->   Core 35 'FSqrt' <Latency = 11> <II = 1> <Delay = 2.29> <FuncUnit> <Opcode : 'fsqrt'> <InPorts = 1> <OutPorts = 1>
ST_221 : Operation 1167 [1/3] (0.00ns) (grouped into DSP with root node add_ln101_1)   --->   "%mul_ln101 = mul i12 %zext_ln101, i12 50" [flood_HLS_base.cpp:101]   --->   Operation 1167 'mul' 'mul_ln101' <Predicate = true> <Delay = 0.00> <CoreInst = "DSP48">   --->   Core 124 'DSP48' <Latency = 3> <II = 1> <Delay = 0.53> <IPBlock> <Opcode : '' 'add' 'sub' 'mul' 'select'> <InPorts = 0> <OutPorts = 1> <Sync> <CReg>
ST_221 : Operation 1168 [2/2] (0.64ns) (root node of the DSP)   --->   "%add_ln101_1 = add i12 %mul_ln101, i12 %result_20" [flood_HLS_base.cpp:101]   --->   Operation 1168 'add' 'add_ln101_1' <Predicate = true> <Delay = 0.64> <CoreInst = "DSP48">   --->   Core 124 'DSP48' <Latency = 3> <II = 1> <Delay = 0.53> <IPBlock> <Opcode : '' 'add' 'sub' 'mul' 'select'> <InPorts = 0> <OutPorts = 1> <Sync> <CReg>

State 222 <SV = 198> <Delay = 2.32>
ST_222 : Operation 1169 [8/12] (2.32ns)   --->   "%div2 = fdiv i32 %distance, i32 %bitcast_ln85_1" [flood_HLS_base.cpp:98]   --->   Operation 1169 'fdiv' 'div2' <Predicate = true> <Delay = 2.32> <CoreInst = "FDiv">   --->   Core 20 'FDiv' <Latency = 11> <II = 1> <Delay = 2.32> <FuncUnit> <Opcode : 'fdiv' 'frem'> <InPorts = 2> <OutPorts = 1>
ST_222 : Operation 1170 [8/12] (2.29ns)   --->   "%tmp_2 = fsqrt i32 @llvm.sqrt.f32, i32 %bitcast_ln98_1" [/cm/shared/package/vivado/Vitis_HLS/2024.1/tps/lnx64/gcc-8.3.0/lib/gcc/x86_64-pc-linux-gnu/8.3.0/../../../../include/c++/8.3.0/cmath:464->flood_HLS_base.cpp:98]   --->   Operation 1170 'fsqrt' 'tmp_2' <Predicate = true> <Delay = 2.29> <CoreInst = "FSqrt">   --->   Core 35 'FSqrt' <Latency = 11> <II = 1> <Delay = 2.29> <FuncUnit> <Opcode : 'fsqrt'> <InPorts = 1> <OutPorts = 1>
ST_222 : Operation 1171 [1/2] (0.64ns) (root node of the DSP)   --->   "%add_ln101_1 = add i12 %mul_ln101, i12 %result_20" [flood_HLS_base.cpp:101]   --->   Operation 1171 'add' 'add_ln101_1' <Predicate = true> <Delay = 0.64> <CoreInst = "DSP48">   --->   Core 124 'DSP48' <Latency = 3> <II = 1> <Delay = 0.53> <IPBlock> <Opcode : '' 'add' 'sub' 'mul' 'select'> <InPorts = 0> <OutPorts = 1> <Sync> <CReg>

State 223 <SV = 199> <Delay = 2.32>
ST_223 : Operation 1172 [7/12] (2.32ns)   --->   "%div2 = fdiv i32 %distance, i32 %bitcast_ln85_1" [flood_HLS_base.cpp:98]   --->   Operation 1172 'fdiv' 'div2' <Predicate = true> <Delay = 2.32> <CoreInst = "FDiv">   --->   Core 20 'FDiv' <Latency = 11> <II = 1> <Delay = 2.32> <FuncUnit> <Opcode : 'fdiv' 'frem'> <InPorts = 2> <OutPorts = 1>
ST_223 : Operation 1173 [7/12] (2.29ns)   --->   "%tmp_2 = fsqrt i32 @llvm.sqrt.f32, i32 %bitcast_ln98_1" [/cm/shared/package/vivado/Vitis_HLS/2024.1/tps/lnx64/gcc-8.3.0/lib/gcc/x86_64-pc-linux-gnu/8.3.0/../../../../include/c++/8.3.0/cmath:464->flood_HLS_base.cpp:98]   --->   Operation 1173 'fsqrt' 'tmp_2' <Predicate = true> <Delay = 2.29> <CoreInst = "FSqrt">   --->   Core 35 'FSqrt' <Latency = 11> <II = 1> <Delay = 2.29> <FuncUnit> <Opcode : 'fsqrt'> <InPorts = 1> <OutPorts = 1>

State 224 <SV = 200> <Delay = 2.32>
ST_224 : Operation 1174 [6/12] (2.32ns)   --->   "%div2 = fdiv i32 %distance, i32 %bitcast_ln85_1" [flood_HLS_base.cpp:98]   --->   Operation 1174 'fdiv' 'div2' <Predicate = true> <Delay = 2.32> <CoreInst = "FDiv">   --->   Core 20 'FDiv' <Latency = 11> <II = 1> <Delay = 2.32> <FuncUnit> <Opcode : 'fdiv' 'frem'> <InPorts = 2> <OutPorts = 1>
ST_224 : Operation 1175 [6/12] (2.29ns)   --->   "%tmp_2 = fsqrt i32 @llvm.sqrt.f32, i32 %bitcast_ln98_1" [/cm/shared/package/vivado/Vitis_HLS/2024.1/tps/lnx64/gcc-8.3.0/lib/gcc/x86_64-pc-linux-gnu/8.3.0/../../../../include/c++/8.3.0/cmath:464->flood_HLS_base.cpp:98]   --->   Operation 1175 'fsqrt' 'tmp_2' <Predicate = true> <Delay = 2.29> <CoreInst = "FSqrt">   --->   Core 35 'FSqrt' <Latency = 11> <II = 1> <Delay = 2.29> <FuncUnit> <Opcode : 'fsqrt'> <InPorts = 1> <OutPorts = 1>

State 225 <SV = 201> <Delay = 2.32>
ST_225 : Operation 1176 [5/12] (2.32ns)   --->   "%div2 = fdiv i32 %distance, i32 %bitcast_ln85_1" [flood_HLS_base.cpp:98]   --->   Operation 1176 'fdiv' 'div2' <Predicate = true> <Delay = 2.32> <CoreInst = "FDiv">   --->   Core 20 'FDiv' <Latency = 11> <II = 1> <Delay = 2.32> <FuncUnit> <Opcode : 'fdiv' 'frem'> <InPorts = 2> <OutPorts = 1>
ST_225 : Operation 1177 [5/12] (2.29ns)   --->   "%tmp_2 = fsqrt i32 @llvm.sqrt.f32, i32 %bitcast_ln98_1" [/cm/shared/package/vivado/Vitis_HLS/2024.1/tps/lnx64/gcc-8.3.0/lib/gcc/x86_64-pc-linux-gnu/8.3.0/../../../../include/c++/8.3.0/cmath:464->flood_HLS_base.cpp:98]   --->   Operation 1177 'fsqrt' 'tmp_2' <Predicate = true> <Delay = 2.29> <CoreInst = "FSqrt">   --->   Core 35 'FSqrt' <Latency = 11> <II = 1> <Delay = 2.29> <FuncUnit> <Opcode : 'fsqrt'> <InPorts = 1> <OutPorts = 1>

State 226 <SV = 202> <Delay = 2.32>
ST_226 : Operation 1178 [4/12] (2.32ns)   --->   "%div2 = fdiv i32 %distance, i32 %bitcast_ln85_1" [flood_HLS_base.cpp:98]   --->   Operation 1178 'fdiv' 'div2' <Predicate = true> <Delay = 2.32> <CoreInst = "FDiv">   --->   Core 20 'FDiv' <Latency = 11> <II = 1> <Delay = 2.32> <FuncUnit> <Opcode : 'fdiv' 'frem'> <InPorts = 2> <OutPorts = 1>
ST_226 : Operation 1179 [4/12] (2.29ns)   --->   "%tmp_2 = fsqrt i32 @llvm.sqrt.f32, i32 %bitcast_ln98_1" [/cm/shared/package/vivado/Vitis_HLS/2024.1/tps/lnx64/gcc-8.3.0/lib/gcc/x86_64-pc-linux-gnu/8.3.0/../../../../include/c++/8.3.0/cmath:464->flood_HLS_base.cpp:98]   --->   Operation 1179 'fsqrt' 'tmp_2' <Predicate = true> <Delay = 2.29> <CoreInst = "FSqrt">   --->   Core 35 'FSqrt' <Latency = 11> <II = 1> <Delay = 2.29> <FuncUnit> <Opcode : 'fsqrt'> <InPorts = 1> <OutPorts = 1>

State 227 <SV = 203> <Delay = 2.32>
ST_227 : Operation 1180 [3/12] (2.32ns)   --->   "%div2 = fdiv i32 %distance, i32 %bitcast_ln85_1" [flood_HLS_base.cpp:98]   --->   Operation 1180 'fdiv' 'div2' <Predicate = true> <Delay = 2.32> <CoreInst = "FDiv">   --->   Core 20 'FDiv' <Latency = 11> <II = 1> <Delay = 2.32> <FuncUnit> <Opcode : 'fdiv' 'frem'> <InPorts = 2> <OutPorts = 1>
ST_227 : Operation 1181 [3/12] (2.29ns)   --->   "%tmp_2 = fsqrt i32 @llvm.sqrt.f32, i32 %bitcast_ln98_1" [/cm/shared/package/vivado/Vitis_HLS/2024.1/tps/lnx64/gcc-8.3.0/lib/gcc/x86_64-pc-linux-gnu/8.3.0/../../../../include/c++/8.3.0/cmath:464->flood_HLS_base.cpp:98]   --->   Operation 1181 'fsqrt' 'tmp_2' <Predicate = true> <Delay = 2.29> <CoreInst = "FSqrt">   --->   Core 35 'FSqrt' <Latency = 11> <II = 1> <Delay = 2.29> <FuncUnit> <Opcode : 'fsqrt'> <InPorts = 1> <OutPorts = 1>

State 228 <SV = 204> <Delay = 2.32>
ST_228 : Operation 1182 [2/12] (2.32ns)   --->   "%div2 = fdiv i32 %distance, i32 %bitcast_ln85_1" [flood_HLS_base.cpp:98]   --->   Operation 1182 'fdiv' 'div2' <Predicate = true> <Delay = 2.32> <CoreInst = "FDiv">   --->   Core 20 'FDiv' <Latency = 11> <II = 1> <Delay = 2.32> <FuncUnit> <Opcode : 'fdiv' 'frem'> <InPorts = 2> <OutPorts = 1>
ST_228 : Operation 1183 [2/12] (2.29ns)   --->   "%tmp_2 = fsqrt i32 @llvm.sqrt.f32, i32 %bitcast_ln98_1" [/cm/shared/package/vivado/Vitis_HLS/2024.1/tps/lnx64/gcc-8.3.0/lib/gcc/x86_64-pc-linux-gnu/8.3.0/../../../../include/c++/8.3.0/cmath:464->flood_HLS_base.cpp:98]   --->   Operation 1183 'fsqrt' 'tmp_2' <Predicate = true> <Delay = 2.29> <CoreInst = "FSqrt">   --->   Core 35 'FSqrt' <Latency = 11> <II = 1> <Delay = 2.29> <FuncUnit> <Opcode : 'fsqrt'> <InPorts = 1> <OutPorts = 1>

State 229 <SV = 205> <Delay = 2.32>
ST_229 : Operation 1184 [1/12] (2.32ns)   --->   "%div2 = fdiv i32 %distance, i32 %bitcast_ln85_1" [flood_HLS_base.cpp:98]   --->   Operation 1184 'fdiv' 'div2' <Predicate = true> <Delay = 2.32> <CoreInst = "FDiv">   --->   Core 20 'FDiv' <Latency = 11> <II = 1> <Delay = 2.32> <FuncUnit> <Opcode : 'fdiv' 'frem'> <InPorts = 2> <OutPorts = 1>
ST_229 : Operation 1185 [1/12] (2.29ns)   --->   "%tmp_2 = fsqrt i32 @llvm.sqrt.f32, i32 %bitcast_ln98_1" [/cm/shared/package/vivado/Vitis_HLS/2024.1/tps/lnx64/gcc-8.3.0/lib/gcc/x86_64-pc-linux-gnu/8.3.0/../../../../include/c++/8.3.0/cmath:464->flood_HLS_base.cpp:98]   --->   Operation 1185 'fsqrt' 'tmp_2' <Predicate = true> <Delay = 2.29> <CoreInst = "FSqrt">   --->   Core 35 'FSqrt' <Latency = 11> <II = 1> <Delay = 2.29> <FuncUnit> <Opcode : 'fsqrt'> <InPorts = 1> <OutPorts = 1>

State 230 <SV = 206> <Delay = 2.32>
ST_230 : Operation 1186 [4/4] (2.32ns)   --->   "%mul2 = fmul i32 %div2, i32 %tmp_2" [flood_HLS_base.cpp:98]   --->   Operation 1186 'fmul' 'mul2' <Predicate = true> <Delay = 2.32> <CoreInst = "FMul_maxdsp">   --->   Core 30 'FMul_maxdsp' <Latency = 3> <II = 1> <Delay = 2.32> <FuncUnit> <Opcode : 'fmul'> <InPorts = 2> <OutPorts = 1>

State 231 <SV = 207> <Delay = 2.32>
ST_231 : Operation 1187 [3/4] (2.32ns)   --->   "%mul2 = fmul i32 %div2, i32 %tmp_2" [flood_HLS_base.cpp:98]   --->   Operation 1187 'fmul' 'mul2' <Predicate = true> <Delay = 2.32> <CoreInst = "FMul_maxdsp">   --->   Core 30 'FMul_maxdsp' <Latency = 3> <II = 1> <Delay = 2.32> <FuncUnit> <Opcode : 'fmul'> <InPorts = 2> <OutPorts = 1>

State 232 <SV = 208> <Delay = 2.32>
ST_232 : Operation 1188 [2/4] (2.32ns)   --->   "%mul2 = fmul i32 %div2, i32 %tmp_2" [flood_HLS_base.cpp:98]   --->   Operation 1188 'fmul' 'mul2' <Predicate = true> <Delay = 2.32> <CoreInst = "FMul_maxdsp">   --->   Core 30 'FMul_maxdsp' <Latency = 3> <II = 1> <Delay = 2.32> <FuncUnit> <Opcode : 'fmul'> <InPorts = 2> <OutPorts = 1>

State 233 <SV = 209> <Delay = 2.32>
ST_233 : Operation 1189 [1/4] (2.32ns)   --->   "%mul2 = fmul i32 %div2, i32 %tmp_2" [flood_HLS_base.cpp:98]   --->   Operation 1189 'fmul' 'mul2' <Predicate = true> <Delay = 2.32> <CoreInst = "FMul_maxdsp">   --->   Core 30 'FMul_maxdsp' <Latency = 3> <II = 1> <Delay = 2.32> <FuncUnit> <Opcode : 'fmul'> <InPorts = 2> <OutPorts = 1>

State 234 <SV = 210> <Delay = 2.34>
ST_234 : Operation 1190 [7/7] (2.34ns)   --->   "%sub4 = fsub i32 %bitcast_ln98_1, i32 %mul2" [flood_HLS_base.cpp:98]   --->   Operation 1190 'fsub' 'sub4' <Predicate = true> <Delay = 2.34> <CoreInst = "FAddSub_fulldsp">   --->   Core 18 'FAddSub_fulldsp' <Latency = 6> <II = 1> <Delay = 2.34> <FuncUnit> <Opcode : 'fadd' 'fsub'> <InPorts = 2> <OutPorts = 1>

State 235 <SV = 211> <Delay = 2.34>
ST_235 : Operation 1191 [6/7] (2.34ns)   --->   "%sub4 = fsub i32 %bitcast_ln98_1, i32 %mul2" [flood_HLS_base.cpp:98]   --->   Operation 1191 'fsub' 'sub4' <Predicate = true> <Delay = 2.34> <CoreInst = "FAddSub_fulldsp">   --->   Core 18 'FAddSub_fulldsp' <Latency = 6> <II = 1> <Delay = 2.34> <FuncUnit> <Opcode : 'fadd' 'fsub'> <InPorts = 2> <OutPorts = 1>

State 236 <SV = 212> <Delay = 2.34>
ST_236 : Operation 1192 [5/7] (2.34ns)   --->   "%sub4 = fsub i32 %bitcast_ln98_1, i32 %mul2" [flood_HLS_base.cpp:98]   --->   Operation 1192 'fsub' 'sub4' <Predicate = true> <Delay = 2.34> <CoreInst = "FAddSub_fulldsp">   --->   Core 18 'FAddSub_fulldsp' <Latency = 6> <II = 1> <Delay = 2.34> <FuncUnit> <Opcode : 'fadd' 'fsub'> <InPorts = 2> <OutPorts = 1>

State 237 <SV = 213> <Delay = 2.34>
ST_237 : Operation 1193 [4/7] (2.34ns)   --->   "%sub4 = fsub i32 %bitcast_ln98_1, i32 %mul2" [flood_HLS_base.cpp:98]   --->   Operation 1193 'fsub' 'sub4' <Predicate = true> <Delay = 2.34> <CoreInst = "FAddSub_fulldsp">   --->   Core 18 'FAddSub_fulldsp' <Latency = 6> <II = 1> <Delay = 2.34> <FuncUnit> <Opcode : 'fadd' 'fsub'> <InPorts = 2> <OutPorts = 1>

State 238 <SV = 214> <Delay = 2.34>
ST_238 : Operation 1194 [3/7] (2.34ns)   --->   "%sub4 = fsub i32 %bitcast_ln98_1, i32 %mul2" [flood_HLS_base.cpp:98]   --->   Operation 1194 'fsub' 'sub4' <Predicate = true> <Delay = 2.34> <CoreInst = "FAddSub_fulldsp">   --->   Core 18 'FAddSub_fulldsp' <Latency = 6> <II = 1> <Delay = 2.34> <FuncUnit> <Opcode : 'fadd' 'fsub'> <InPorts = 2> <OutPorts = 1>

State 239 <SV = 215> <Delay = 2.34>
ST_239 : Operation 1195 [2/7] (2.34ns)   --->   "%sub4 = fsub i32 %bitcast_ln98_1, i32 %mul2" [flood_HLS_base.cpp:98]   --->   Operation 1195 'fsub' 'sub4' <Predicate = true> <Delay = 2.34> <CoreInst = "FAddSub_fulldsp">   --->   Core 18 'FAddSub_fulldsp' <Latency = 6> <II = 1> <Delay = 2.34> <FuncUnit> <Opcode : 'fadd' 'fsub'> <InPorts = 2> <OutPorts = 1>

State 240 <SV = 216> <Delay = 2.34>
ST_240 : Operation 1196 [1/7] (2.34ns)   --->   "%sub4 = fsub i32 %bitcast_ln98_1, i32 %mul2" [flood_HLS_base.cpp:98]   --->   Operation 1196 'fsub' 'sub4' <Predicate = true> <Delay = 2.34> <CoreInst = "FAddSub_fulldsp">   --->   Core 18 'FAddSub_fulldsp' <Latency = 6> <II = 1> <Delay = 2.34> <FuncUnit> <Opcode : 'fadd' 'fsub'> <InPorts = 2> <OutPorts = 1>

State 241 <SV = 217> <Delay = 1.64>
ST_241 : Operation 1197 [2/2] (1.64ns)   --->   "%tmp_27 = fcmp_olt  i32 %sub4, i32 0" [flood_HLS_base.cpp:98]   --->   Operation 1197 'fcmp' 'tmp_27' <Predicate = true> <Delay = 1.64> <CoreInst = "FCompare">   --->   Core 19 'FCompare' <Latency = 1> <II = 1> <Delay = 1.64> <FuncUnit> <Opcode : 'fcmp'> <InPorts = 2> <OutPorts = 1>

State 242 <SV = 218> <Delay = 1.87>
ST_242 : Operation 1198 [1/1] (0.00ns)   --->   "%bitcast_ln98_2 = bitcast i32 %sub4" [flood_HLS_base.cpp:98]   --->   Operation 1198 'bitcast' 'bitcast_ln98_2' <Predicate = true> <Delay = 0.00>
ST_242 : Operation 1199 [1/1] (0.00ns)   --->   "%tmp_26 = partselect i8 @_ssdm_op_PartSelect.i8.i32.i32.i32, i32 %bitcast_ln98_2, i32 23, i32 30" [flood_HLS_base.cpp:98]   --->   Operation 1199 'partselect' 'tmp_26' <Predicate = true> <Delay = 0.00>
ST_242 : Operation 1200 [1/1] (0.00ns)   --->   "%trunc_ln98 = trunc i32 %bitcast_ln98_2" [flood_HLS_base.cpp:98]   --->   Operation 1200 'trunc' 'trunc_ln98' <Predicate = true> <Delay = 0.00>
ST_242 : Operation 1201 [1/1] (0.70ns)   --->   "%icmp_ln98 = icmp_ne  i8 %tmp_26, i8 255" [flood_HLS_base.cpp:98]   --->   Operation 1201 'icmp' 'icmp_ln98' <Predicate = true> <Delay = 0.70> <CoreInst = "Cmp">   --->   Core 9 'Cmp' <Latency = 0> <II = 1> <Delay = 0.70> <FuncUnit> <Opcode : 'seteq' 'setne' 'setle' 'setge' 'setlt' 'setgt'> <InPorts = 2> <OutPorts = 1>
ST_242 : Operation 1202 [1/1] (0.82ns)   --->   "%icmp_ln98_1 = icmp_eq  i23 %trunc_ln98, i23 0" [flood_HLS_base.cpp:98]   --->   Operation 1202 'icmp' 'icmp_ln98_1' <Predicate = true> <Delay = 0.82> <CoreInst = "Cmp">   --->   Core 9 'Cmp' <Latency = 0> <II = 1> <Delay = 0.82> <FuncUnit> <Opcode : 'seteq' 'setne' 'setle' 'setge' 'setlt' 'setgt'> <InPorts = 2> <OutPorts = 1>
ST_242 : Operation 1203 [1/1] (0.00ns) (grouped into LUT with out node select_ln98)   --->   "%or_ln98 = or i1 %icmp_ln98_1, i1 %icmp_ln98" [flood_HLS_base.cpp:98]   --->   Operation 1203 'or' 'or_ln98' <Predicate = true> <Delay = 0.00> <CoreInst = "LogicGate">   --->   Core 74 'LogicGate' <Latency = 0> <II = 1> <Delay = 0.12> <FuncUnit> <Opcode : 'and' 'or' 'xor'> <InPorts = 2> <OutPorts = 1>
ST_242 : Operation 1204 [1/2] (1.64ns)   --->   "%tmp_27 = fcmp_olt  i32 %sub4, i32 0" [flood_HLS_base.cpp:98]   --->   Operation 1204 'fcmp' 'tmp_27' <Predicate = true> <Delay = 1.64> <CoreInst = "FCompare">   --->   Core 19 'FCompare' <Latency = 1> <II = 1> <Delay = 1.64> <FuncUnit> <Opcode : 'fcmp'> <InPorts = 2> <OutPorts = 1>
ST_242 : Operation 1205 [1/1] (0.00ns) (grouped into LUT with out node select_ln98)   --->   "%and_ln98 = and i1 %or_ln98, i1 %tmp_27" [flood_HLS_base.cpp:98]   --->   Operation 1205 'and' 'and_ln98' <Predicate = true> <Delay = 0.00> <CoreInst = "LogicGate">   --->   Core 74 'LogicGate' <Latency = 0> <II = 1> <Delay = 0.12> <FuncUnit> <Opcode : 'and' 'or' 'xor'> <InPorts = 2> <OutPorts = 1>
ST_242 : Operation 1206 [1/1] (0.22ns) (out node of the LUT)   --->   "%select_ln98 = select i1 %and_ln98, i32 0, i32 %sub4" [flood_HLS_base.cpp:98]   --->   Operation 1206 'select' 'select_ln98' <Predicate = true> <Delay = 0.22> <CoreInst = "Sel">   --->   Core 73 'Sel' <Latency = 0> <II = 1> <Delay = 0.22> <FuncUnit> <Opcode : 'select'> <InPorts = 3> <OutPorts = 1>

State 243 <SV = 219> <Delay = 2.32>
ST_243 : Operation 1207 [4/4] (2.32ns)   --->   "%rain = fmul i32 %bitcast_ln98, i32 %select_ln98" [flood_HLS_base.cpp:98]   --->   Operation 1207 'fmul' 'rain' <Predicate = true> <Delay = 2.32> <CoreInst = "FMul_maxdsp">   --->   Core 30 'FMul_maxdsp' <Latency = 3> <II = 1> <Delay = 2.32> <FuncUnit> <Opcode : 'fmul'> <InPorts = 2> <OutPorts = 1>

State 244 <SV = 220> <Delay = 2.32>
ST_244 : Operation 1208 [3/4] (2.32ns)   --->   "%rain = fmul i32 %bitcast_ln98, i32 %select_ln98" [flood_HLS_base.cpp:98]   --->   Operation 1208 'fmul' 'rain' <Predicate = true> <Delay = 2.32> <CoreInst = "FMul_maxdsp">   --->   Core 30 'FMul_maxdsp' <Latency = 3> <II = 1> <Delay = 2.32> <FuncUnit> <Opcode : 'fmul'> <InPorts = 2> <OutPorts = 1>

State 245 <SV = 221> <Delay = 2.32>
ST_245 : Operation 1209 [2/4] (2.32ns)   --->   "%rain = fmul i32 %bitcast_ln98, i32 %select_ln98" [flood_HLS_base.cpp:98]   --->   Operation 1209 'fmul' 'rain' <Predicate = true> <Delay = 2.32> <CoreInst = "FMul_maxdsp">   --->   Core 30 'FMul_maxdsp' <Latency = 3> <II = 1> <Delay = 2.32> <FuncUnit> <Opcode : 'fmul'> <InPorts = 2> <OutPorts = 1>

State 246 <SV = 222> <Delay = 2.32>
ST_246 : Operation 1210 [1/4] (2.32ns)   --->   "%rain = fmul i32 %bitcast_ln98, i32 %select_ln98" [flood_HLS_base.cpp:98]   --->   Operation 1210 'fmul' 'rain' <Predicate = true> <Delay = 2.32> <CoreInst = "FMul_maxdsp">   --->   Core 30 'FMul_maxdsp' <Latency = 3> <II = 1> <Delay = 2.32> <FuncUnit> <Opcode : 'fmul'> <InPorts = 2> <OutPorts = 1>

State 247 <SV = 223> <Delay = 2.32>
ST_247 : Operation 1211 [12/12] (2.32ns)   --->   "%div3 = fdiv i32 %rain, i32 1000" [flood_HLS_base.cpp:99]   --->   Operation 1211 'fdiv' 'div3' <Predicate = true> <Delay = 2.32> <CoreInst = "FDiv">   --->   Core 20 'FDiv' <Latency = 11> <II = 1> <Delay = 2.32> <FuncUnit> <Opcode : 'fdiv' 'frem'> <InPorts = 2> <OutPorts = 1>

State 248 <SV = 224> <Delay = 2.32>
ST_248 : Operation 1212 [11/12] (2.32ns)   --->   "%div3 = fdiv i32 %rain, i32 1000" [flood_HLS_base.cpp:99]   --->   Operation 1212 'fdiv' 'div3' <Predicate = true> <Delay = 2.32> <CoreInst = "FDiv">   --->   Core 20 'FDiv' <Latency = 11> <II = 1> <Delay = 2.32> <FuncUnit> <Opcode : 'fdiv' 'frem'> <InPorts = 2> <OutPorts = 1>

State 249 <SV = 225> <Delay = 2.32>
ST_249 : Operation 1213 [10/12] (2.32ns)   --->   "%div3 = fdiv i32 %rain, i32 1000" [flood_HLS_base.cpp:99]   --->   Operation 1213 'fdiv' 'div3' <Predicate = true> <Delay = 2.32> <CoreInst = "FDiv">   --->   Core 20 'FDiv' <Latency = 11> <II = 1> <Delay = 2.32> <FuncUnit> <Opcode : 'fdiv' 'frem'> <InPorts = 2> <OutPorts = 1>

State 250 <SV = 226> <Delay = 2.32>
ST_250 : Operation 1214 [9/12] (2.32ns)   --->   "%div3 = fdiv i32 %rain, i32 1000" [flood_HLS_base.cpp:99]   --->   Operation 1214 'fdiv' 'div3' <Predicate = true> <Delay = 2.32> <CoreInst = "FDiv">   --->   Core 20 'FDiv' <Latency = 11> <II = 1> <Delay = 2.32> <FuncUnit> <Opcode : 'fdiv' 'frem'> <InPorts = 2> <OutPorts = 1>

State 251 <SV = 227> <Delay = 2.32>
ST_251 : Operation 1215 [8/12] (2.32ns)   --->   "%div3 = fdiv i32 %rain, i32 1000" [flood_HLS_base.cpp:99]   --->   Operation 1215 'fdiv' 'div3' <Predicate = true> <Delay = 2.32> <CoreInst = "FDiv">   --->   Core 20 'FDiv' <Latency = 11> <II = 1> <Delay = 2.32> <FuncUnit> <Opcode : 'fdiv' 'frem'> <InPorts = 2> <OutPorts = 1>

State 252 <SV = 228> <Delay = 2.32>
ST_252 : Operation 1216 [7/12] (2.32ns)   --->   "%div3 = fdiv i32 %rain, i32 1000" [flood_HLS_base.cpp:99]   --->   Operation 1216 'fdiv' 'div3' <Predicate = true> <Delay = 2.32> <CoreInst = "FDiv">   --->   Core 20 'FDiv' <Latency = 11> <II = 1> <Delay = 2.32> <FuncUnit> <Opcode : 'fdiv' 'frem'> <InPorts = 2> <OutPorts = 1>

State 253 <SV = 229> <Delay = 2.32>
ST_253 : Operation 1217 [6/12] (2.32ns)   --->   "%div3 = fdiv i32 %rain, i32 1000" [flood_HLS_base.cpp:99]   --->   Operation 1217 'fdiv' 'div3' <Predicate = true> <Delay = 2.32> <CoreInst = "FDiv">   --->   Core 20 'FDiv' <Latency = 11> <II = 1> <Delay = 2.32> <FuncUnit> <Opcode : 'fdiv' 'frem'> <InPorts = 2> <OutPorts = 1>

State 254 <SV = 230> <Delay = 2.32>
ST_254 : Operation 1218 [5/12] (2.32ns)   --->   "%div3 = fdiv i32 %rain, i32 1000" [flood_HLS_base.cpp:99]   --->   Operation 1218 'fdiv' 'div3' <Predicate = true> <Delay = 2.32> <CoreInst = "FDiv">   --->   Core 20 'FDiv' <Latency = 11> <II = 1> <Delay = 2.32> <FuncUnit> <Opcode : 'fdiv' 'frem'> <InPorts = 2> <OutPorts = 1>

State 255 <SV = 231> <Delay = 2.32>
ST_255 : Operation 1219 [4/12] (2.32ns)   --->   "%div3 = fdiv i32 %rain, i32 1000" [flood_HLS_base.cpp:99]   --->   Operation 1219 'fdiv' 'div3' <Predicate = true> <Delay = 2.32> <CoreInst = "FDiv">   --->   Core 20 'FDiv' <Latency = 11> <II = 1> <Delay = 2.32> <FuncUnit> <Opcode : 'fdiv' 'frem'> <InPorts = 2> <OutPorts = 1>

State 256 <SV = 232> <Delay = 2.32>
ST_256 : Operation 1220 [3/12] (2.32ns)   --->   "%div3 = fdiv i32 %rain, i32 1000" [flood_HLS_base.cpp:99]   --->   Operation 1220 'fdiv' 'div3' <Predicate = true> <Delay = 2.32> <CoreInst = "FDiv">   --->   Core 20 'FDiv' <Latency = 11> <II = 1> <Delay = 2.32> <FuncUnit> <Opcode : 'fdiv' 'frem'> <InPorts = 2> <OutPorts = 1>

State 257 <SV = 233> <Delay = 2.32>
ST_257 : Operation 1221 [2/12] (2.32ns)   --->   "%div3 = fdiv i32 %rain, i32 1000" [flood_HLS_base.cpp:99]   --->   Operation 1221 'fdiv' 'div3' <Predicate = true> <Delay = 2.32> <CoreInst = "FDiv">   --->   Core 20 'FDiv' <Latency = 11> <II = 1> <Delay = 2.32> <FuncUnit> <Opcode : 'fdiv' 'frem'> <InPorts = 2> <OutPorts = 1>

State 258 <SV = 234> <Delay = 2.32>
ST_258 : Operation 1222 [1/12] (2.32ns)   --->   "%div3 = fdiv i32 %rain, i32 1000" [flood_HLS_base.cpp:99]   --->   Operation 1222 'fdiv' 'div3' <Predicate = true> <Delay = 2.32> <CoreInst = "FDiv">   --->   Core 20 'FDiv' <Latency = 11> <II = 1> <Delay = 2.32> <FuncUnit> <Opcode : 'fdiv' 'frem'> <InPorts = 2> <OutPorts = 1>

State 259 <SV = 235> <Delay = 2.32>
ST_259 : Operation 1223 [12/12] (2.32ns)   --->   "%meters_per_minute = fdiv i32 %div3, i32 60" [flood_HLS_base.cpp:99]   --->   Operation 1223 'fdiv' 'meters_per_minute' <Predicate = true> <Delay = 2.32> <CoreInst = "FDiv">   --->   Core 20 'FDiv' <Latency = 11> <II = 1> <Delay = 2.32> <FuncUnit> <Opcode : 'fdiv' 'frem'> <InPorts = 2> <OutPorts = 1>

State 260 <SV = 236> <Delay = 2.32>
ST_260 : Operation 1224 [11/12] (2.32ns)   --->   "%meters_per_minute = fdiv i32 %div3, i32 60" [flood_HLS_base.cpp:99]   --->   Operation 1224 'fdiv' 'meters_per_minute' <Predicate = true> <Delay = 2.32> <CoreInst = "FDiv">   --->   Core 20 'FDiv' <Latency = 11> <II = 1> <Delay = 2.32> <FuncUnit> <Opcode : 'fdiv' 'frem'> <InPorts = 2> <OutPorts = 1>

State 261 <SV = 237> <Delay = 2.32>
ST_261 : Operation 1225 [10/12] (2.32ns)   --->   "%meters_per_minute = fdiv i32 %div3, i32 60" [flood_HLS_base.cpp:99]   --->   Operation 1225 'fdiv' 'meters_per_minute' <Predicate = true> <Delay = 2.32> <CoreInst = "FDiv">   --->   Core 20 'FDiv' <Latency = 11> <II = 1> <Delay = 2.32> <FuncUnit> <Opcode : 'fdiv' 'frem'> <InPorts = 2> <OutPorts = 1>

State 262 <SV = 238> <Delay = 2.32>
ST_262 : Operation 1226 [9/12] (2.32ns)   --->   "%meters_per_minute = fdiv i32 %div3, i32 60" [flood_HLS_base.cpp:99]   --->   Operation 1226 'fdiv' 'meters_per_minute' <Predicate = true> <Delay = 2.32> <CoreInst = "FDiv">   --->   Core 20 'FDiv' <Latency = 11> <II = 1> <Delay = 2.32> <FuncUnit> <Opcode : 'fdiv' 'frem'> <InPorts = 2> <OutPorts = 1>

State 263 <SV = 239> <Delay = 2.32>
ST_263 : Operation 1227 [8/12] (2.32ns)   --->   "%meters_per_minute = fdiv i32 %div3, i32 60" [flood_HLS_base.cpp:99]   --->   Operation 1227 'fdiv' 'meters_per_minute' <Predicate = true> <Delay = 2.32> <CoreInst = "FDiv">   --->   Core 20 'FDiv' <Latency = 11> <II = 1> <Delay = 2.32> <FuncUnit> <Opcode : 'fdiv' 'frem'> <InPorts = 2> <OutPorts = 1>

State 264 <SV = 240> <Delay = 2.32>
ST_264 : Operation 1228 [7/12] (2.32ns)   --->   "%meters_per_minute = fdiv i32 %div3, i32 60" [flood_HLS_base.cpp:99]   --->   Operation 1228 'fdiv' 'meters_per_minute' <Predicate = true> <Delay = 2.32> <CoreInst = "FDiv">   --->   Core 20 'FDiv' <Latency = 11> <II = 1> <Delay = 2.32> <FuncUnit> <Opcode : 'fdiv' 'frem'> <InPorts = 2> <OutPorts = 1>

State 265 <SV = 241> <Delay = 2.32>
ST_265 : Operation 1229 [6/12] (2.32ns)   --->   "%meters_per_minute = fdiv i32 %div3, i32 60" [flood_HLS_base.cpp:99]   --->   Operation 1229 'fdiv' 'meters_per_minute' <Predicate = true> <Delay = 2.32> <CoreInst = "FDiv">   --->   Core 20 'FDiv' <Latency = 11> <II = 1> <Delay = 2.32> <FuncUnit> <Opcode : 'fdiv' 'frem'> <InPorts = 2> <OutPorts = 1>

State 266 <SV = 242> <Delay = 2.32>
ST_266 : Operation 1230 [5/12] (2.32ns)   --->   "%meters_per_minute = fdiv i32 %div3, i32 60" [flood_HLS_base.cpp:99]   --->   Operation 1230 'fdiv' 'meters_per_minute' <Predicate = true> <Delay = 2.32> <CoreInst = "FDiv">   --->   Core 20 'FDiv' <Latency = 11> <II = 1> <Delay = 2.32> <FuncUnit> <Opcode : 'fdiv' 'frem'> <InPorts = 2> <OutPorts = 1>

State 267 <SV = 243> <Delay = 2.32>
ST_267 : Operation 1231 [4/12] (2.32ns)   --->   "%meters_per_minute = fdiv i32 %div3, i32 60" [flood_HLS_base.cpp:99]   --->   Operation 1231 'fdiv' 'meters_per_minute' <Predicate = true> <Delay = 2.32> <CoreInst = "FDiv">   --->   Core 20 'FDiv' <Latency = 11> <II = 1> <Delay = 2.32> <FuncUnit> <Opcode : 'fdiv' 'frem'> <InPorts = 2> <OutPorts = 1>

State 268 <SV = 244> <Delay = 2.32>
ST_268 : Operation 1232 [3/12] (2.32ns)   --->   "%meters_per_minute = fdiv i32 %div3, i32 60" [flood_HLS_base.cpp:99]   --->   Operation 1232 'fdiv' 'meters_per_minute' <Predicate = true> <Delay = 2.32> <CoreInst = "FDiv">   --->   Core 20 'FDiv' <Latency = 11> <II = 1> <Delay = 2.32> <FuncUnit> <Opcode : 'fdiv' 'frem'> <InPorts = 2> <OutPorts = 1>

State 269 <SV = 245> <Delay = 2.32>
ST_269 : Operation 1233 [2/12] (2.32ns)   --->   "%meters_per_minute = fdiv i32 %div3, i32 60" [flood_HLS_base.cpp:99]   --->   Operation 1233 'fdiv' 'meters_per_minute' <Predicate = true> <Delay = 2.32> <CoreInst = "FDiv">   --->   Core 20 'FDiv' <Latency = 11> <II = 1> <Delay = 2.32> <FuncUnit> <Opcode : 'fdiv' 'frem'> <InPorts = 2> <OutPorts = 1>

State 270 <SV = 246> <Delay = 2.32>
ST_270 : Operation 1234 [1/12] (2.32ns)   --->   "%meters_per_minute = fdiv i32 %div3, i32 60" [flood_HLS_base.cpp:99]   --->   Operation 1234 'fdiv' 'meters_per_minute' <Predicate = true> <Delay = 2.32> <CoreInst = "FDiv">   --->   Core 20 'FDiv' <Latency = 11> <II = 1> <Delay = 2.32> <FuncUnit> <Opcode : 'fdiv' 'frem'> <InPorts = 2> <OutPorts = 1>

State 271 <SV = 247> <Delay = 2.32>
ST_271 : Operation 1235 [4/4] (2.32ns)   --->   "%dc = fmul i32 %meters_per_minute, i32 1e+06" [flood_HLS_base.cpp:101]   --->   Operation 1235 'fmul' 'dc' <Predicate = true> <Delay = 2.32> <CoreInst = "FMul_maxdsp">   --->   Core 30 'FMul_maxdsp' <Latency = 3> <II = 1> <Delay = 2.32> <FuncUnit> <Opcode : 'fmul'> <InPorts = 2> <OutPorts = 1>

State 272 <SV = 248> <Delay = 2.32>
ST_272 : Operation 1236 [3/4] (2.32ns)   --->   "%dc = fmul i32 %meters_per_minute, i32 1e+06" [flood_HLS_base.cpp:101]   --->   Operation 1236 'fmul' 'dc' <Predicate = true> <Delay = 2.32> <CoreInst = "FMul_maxdsp">   --->   Core 30 'FMul_maxdsp' <Latency = 3> <II = 1> <Delay = 2.32> <FuncUnit> <Opcode : 'fmul'> <InPorts = 2> <OutPorts = 1>

State 273 <SV = 249> <Delay = 2.32>
ST_273 : Operation 1237 [2/4] (2.32ns)   --->   "%dc = fmul i32 %meters_per_minute, i32 1e+06" [flood_HLS_base.cpp:101]   --->   Operation 1237 'fmul' 'dc' <Predicate = true> <Delay = 2.32> <CoreInst = "FMul_maxdsp">   --->   Core 30 'FMul_maxdsp' <Latency = 3> <II = 1> <Delay = 2.32> <FuncUnit> <Opcode : 'fmul'> <InPorts = 2> <OutPorts = 1>

State 274 <SV = 250> <Delay = 2.32>
ST_274 : Operation 1238 [1/4] (2.32ns)   --->   "%dc = fmul i32 %meters_per_minute, i32 1e+06" [flood_HLS_base.cpp:101]   --->   Operation 1238 'fmul' 'dc' <Predicate = true> <Delay = 2.32> <CoreInst = "FMul_maxdsp">   --->   Core 30 'FMul_maxdsp' <Latency = 3> <II = 1> <Delay = 2.32> <FuncUnit> <Opcode : 'fmul'> <InPorts = 2> <OutPorts = 1>

State 275 <SV = 251> <Delay = 2.28>
ST_275 : Operation 1239 [1/1] (0.00ns)   --->   "%data = bitcast i32 %dc" [/wrk/ci/prod/2024.1/hls_product/continuous/545/2024.1/src/shared/hls/clib/src/hls/utils/x_hls_utils.h:288->/wrk/ci/prod/2024.1/hls_product/continuous/545/2024.1/src/shared/hls/clib/hlsmath/include/FloatingPoint/hls_case_IEEE754.h:13->/wrk/ci/prod/2024.1/hls_product/continuous/545/2024.1/src/shared/hls/clib/hlsmath/include/FloatingPoint/hls_case_IEEE754.h:117->/wrk/ci/prod/2024.1/hls_product/continuous/545/2024.1/src/shared/hls/clib/hlsmath/src/lib_floatconversion.cpp:51->flood_HLS_base.cpp:101]   --->   Operation 1239 'bitcast' 'data' <Predicate = true> <Delay = 0.00>
ST_275 : Operation 1240 [1/1] (0.00ns)   --->   "%xs_sign = bitselect i1 @_ssdm_op_BitSelect.i1.i32.i32, i32 %data, i32 31" [/wrk/ci/prod/2024.1/hls_product/continuous/545/2024.1/src/shared/hls/clib/src/hls/utils/x_hls_utils.h:294->/wrk/ci/prod/2024.1/hls_product/continuous/545/2024.1/src/shared/hls/clib/hlsmath/include/FloatingPoint/hls_case_IEEE754.h:13->/wrk/ci/prod/2024.1/hls_product/continuous/545/2024.1/src/shared/hls/clib/hlsmath/include/FloatingPoint/hls_case_IEEE754.h:117->/wrk/ci/prod/2024.1/hls_product/continuous/545/2024.1/src/shared/hls/clib/hlsmath/src/lib_floatconversion.cpp:51->flood_HLS_base.cpp:101]   --->   Operation 1240 'bitselect' 'xs_sign' <Predicate = true> <Delay = 0.00>
ST_275 : Operation 1241 [1/1] (0.00ns)   --->   "%xs_exp = partselect i8 @_ssdm_op_PartSelect.i8.i32.i32.i32, i32 %data, i32 23, i32 30" [/wrk/ci/prod/2024.1/hls_product/continuous/545/2024.1/src/shared/hls/clib/src/hls/utils/x_hls_utils.h:295->/wrk/ci/prod/2024.1/hls_product/continuous/545/2024.1/src/shared/hls/clib/hlsmath/include/FloatingPoint/hls_case_IEEE754.h:13->/wrk/ci/prod/2024.1/hls_product/continuous/545/2024.1/src/shared/hls/clib/hlsmath/include/FloatingPoint/hls_case_IEEE754.h:117->/wrk/ci/prod/2024.1/hls_product/continuous/545/2024.1/src/shared/hls/clib/hlsmath/src/lib_floatconversion.cpp:51->flood_HLS_base.cpp:101]   --->   Operation 1241 'partselect' 'xs_exp' <Predicate = true> <Delay = 0.00>
ST_275 : Operation 1242 [1/1] (0.00ns)   --->   "%trunc_ln342 = trunc i32 %data" [/wrk/ci/prod/2024.1/hls_product/continuous/545/2024.1/src/shared/hls/clib/src/hls/utils/x_hls_utils.h:342->/wrk/ci/prod/2024.1/hls_product/continuous/545/2024.1/src/shared/hls/clib/hlsmath/include/FloatingPoint/hls_case_IEEE754.h:15->/wrk/ci/prod/2024.1/hls_product/continuous/545/2024.1/src/shared/hls/clib/hlsmath/include/FloatingPoint/hls_case_IEEE754.h:117->/wrk/ci/prod/2024.1/hls_product/continuous/545/2024.1/src/shared/hls/clib/hlsmath/src/lib_floatconversion.cpp:51->flood_HLS_base.cpp:101]   --->   Operation 1242 'trunc' 'trunc_ln342' <Predicate = true> <Delay = 0.00>
ST_275 : Operation 1243 [1/1] (0.00ns)   --->   "%mantissa = bitconcatenate i25 @_ssdm_op_BitConcatenate.i25.i1.i23.i1, i1 1, i23 %trunc_ln342, i1 0" [/wrk/ci/prod/2024.1/hls_product/continuous/545/2024.1/src/shared/hls/clib/hlsmath/include/FloatingPoint/hls_case_IEEE754.h:15->/wrk/ci/prod/2024.1/hls_product/continuous/545/2024.1/src/shared/hls/clib/hlsmath/include/FloatingPoint/hls_case_IEEE754.h:117->/wrk/ci/prod/2024.1/hls_product/continuous/545/2024.1/src/shared/hls/clib/hlsmath/src/lib_floatconversion.cpp:51->flood_HLS_base.cpp:101]   --->   Operation 1243 'bitconcatenate' 'mantissa' <Predicate = true> <Delay = 0.00>
ST_275 : Operation 1244 [1/1] (0.00ns)   --->   "%zext_ln15 = zext i25 %mantissa" [/wrk/ci/prod/2024.1/hls_product/continuous/545/2024.1/src/shared/hls/clib/hlsmath/include/FloatingPoint/hls_case_IEEE754.h:15->/wrk/ci/prod/2024.1/hls_product/continuous/545/2024.1/src/shared/hls/clib/hlsmath/include/FloatingPoint/hls_case_IEEE754.h:117->/wrk/ci/prod/2024.1/hls_product/continuous/545/2024.1/src/shared/hls/clib/hlsmath/src/lib_floatconversion.cpp:51->flood_HLS_base.cpp:101]   --->   Operation 1244 'zext' 'zext_ln15' <Predicate = true> <Delay = 0.00>
ST_275 : Operation 1245 [1/1] (0.00ns)   --->   "%zext_ln317 = zext i8 %xs_exp" [/wrk/ci/prod/2024.1/hls_product/continuous/545/2024.1/src/shared/hls/clib/src/hls/utils/x_hls_utils.h:317->/wrk/ci/prod/2024.1/hls_product/continuous/545/2024.1/src/shared/hls/clib/hlsmath/include/FloatingPoint/hls_case_IEEE754.h:18->/wrk/ci/prod/2024.1/hls_product/continuous/545/2024.1/src/shared/hls/clib/hlsmath/include/FloatingPoint/hls_case_IEEE754.h:117->/wrk/ci/prod/2024.1/hls_product/continuous/545/2024.1/src/shared/hls/clib/hlsmath/src/lib_floatconversion.cpp:51->flood_HLS_base.cpp:101]   --->   Operation 1245 'zext' 'zext_ln317' <Predicate = true> <Delay = 0.00>
ST_275 : Operation 1246 [1/1] (0.70ns)   --->   "%add_ln317 = add i9 %zext_ln317, i9 385" [/wrk/ci/prod/2024.1/hls_product/continuous/545/2024.1/src/shared/hls/clib/src/hls/utils/x_hls_utils.h:317->/wrk/ci/prod/2024.1/hls_product/continuous/545/2024.1/src/shared/hls/clib/hlsmath/include/FloatingPoint/hls_case_IEEE754.h:18->/wrk/ci/prod/2024.1/hls_product/continuous/545/2024.1/src/shared/hls/clib/hlsmath/include/FloatingPoint/hls_case_IEEE754.h:117->/wrk/ci/prod/2024.1/hls_product/continuous/545/2024.1/src/shared/hls/clib/hlsmath/src/lib_floatconversion.cpp:51->flood_HLS_base.cpp:101]   --->   Operation 1246 'add' 'add_ln317' <Predicate = true> <Delay = 0.70> <CoreInst = "Adder">   --->   Core 1 'Adder' <Latency = 0> <II = 1> <Delay = 0.70> <FuncUnit> <Opcode : 'add' 'sub'> <InPorts = 2> <OutPorts = 1>
ST_275 : Operation 1247 [1/1] (0.00ns)   --->   "%tmp_59 = bitselect i1 @_ssdm_op_BitSelect.i1.i9.i32, i9 %add_ln317, i32 8" [/wrk/ci/prod/2024.1/hls_product/continuous/545/2024.1/src/shared/hls/clib/hlsmath/include/FloatingPoint/hls_case_IEEE754.h:18->/wrk/ci/prod/2024.1/hls_product/continuous/545/2024.1/src/shared/hls/clib/hlsmath/include/FloatingPoint/hls_case_IEEE754.h:117->/wrk/ci/prod/2024.1/hls_product/continuous/545/2024.1/src/shared/hls/clib/hlsmath/src/lib_floatconversion.cpp:51->flood_HLS_base.cpp:101]   --->   Operation 1247 'bitselect' 'tmp_59' <Predicate = true> <Delay = 0.00>
ST_275 : Operation 1248 [1/1] (0.70ns)   --->   "%sub_ln18 = sub i8 127, i8 %xs_exp" [/wrk/ci/prod/2024.1/hls_product/continuous/545/2024.1/src/shared/hls/clib/hlsmath/include/FloatingPoint/hls_case_IEEE754.h:18->/wrk/ci/prod/2024.1/hls_product/continuous/545/2024.1/src/shared/hls/clib/hlsmath/include/FloatingPoint/hls_case_IEEE754.h:117->/wrk/ci/prod/2024.1/hls_product/continuous/545/2024.1/src/shared/hls/clib/hlsmath/src/lib_floatconversion.cpp:51->flood_HLS_base.cpp:101]   --->   Operation 1248 'sub' 'sub_ln18' <Predicate = true> <Delay = 0.70> <CoreInst = "Adder">   --->   Core 1 'Adder' <Latency = 0> <II = 1> <Delay = 0.70> <FuncUnit> <Opcode : 'add' 'sub'> <InPorts = 2> <OutPorts = 1>
ST_275 : Operation 1249 [1/1] (0.00ns)   --->   "%sext_ln18 = sext i8 %sub_ln18" [/wrk/ci/prod/2024.1/hls_product/continuous/545/2024.1/src/shared/hls/clib/hlsmath/include/FloatingPoint/hls_case_IEEE754.h:18->/wrk/ci/prod/2024.1/hls_product/continuous/545/2024.1/src/shared/hls/clib/hlsmath/include/FloatingPoint/hls_case_IEEE754.h:117->/wrk/ci/prod/2024.1/hls_product/continuous/545/2024.1/src/shared/hls/clib/hlsmath/src/lib_floatconversion.cpp:51->flood_HLS_base.cpp:101]   --->   Operation 1249 'sext' 'sext_ln18' <Predicate = true> <Delay = 0.00>
ST_275 : Operation 1250 [1/1] (0.30ns)   --->   "%select_ln18 = select i1 %tmp_59, i9 %sext_ln18, i9 %add_ln317" [/wrk/ci/prod/2024.1/hls_product/continuous/545/2024.1/src/shared/hls/clib/hlsmath/include/FloatingPoint/hls_case_IEEE754.h:18->/wrk/ci/prod/2024.1/hls_product/continuous/545/2024.1/src/shared/hls/clib/hlsmath/include/FloatingPoint/hls_case_IEEE754.h:117->/wrk/ci/prod/2024.1/hls_product/continuous/545/2024.1/src/shared/hls/clib/hlsmath/src/lib_floatconversion.cpp:51->flood_HLS_base.cpp:101]   --->   Operation 1250 'select' 'select_ln18' <Predicate = true> <Delay = 0.30> <CoreInst = "Sel">   --->   Core 73 'Sel' <Latency = 0> <II = 1> <Delay = 0.30> <FuncUnit> <Opcode : 'select'> <InPorts = 3> <OutPorts = 1>
ST_275 : Operation 1251 [1/1] (0.00ns)   --->   "%sext_ln18_1 = sext i9 %select_ln18" [/wrk/ci/prod/2024.1/hls_product/continuous/545/2024.1/src/shared/hls/clib/hlsmath/include/FloatingPoint/hls_case_IEEE754.h:18->/wrk/ci/prod/2024.1/hls_product/continuous/545/2024.1/src/shared/hls/clib/hlsmath/include/FloatingPoint/hls_case_IEEE754.h:117->/wrk/ci/prod/2024.1/hls_product/continuous/545/2024.1/src/shared/hls/clib/hlsmath/src/lib_floatconversion.cpp:51->flood_HLS_base.cpp:101]   --->   Operation 1251 'sext' 'sext_ln18_1' <Predicate = true> <Delay = 0.00>
ST_275 : Operation 1252 [1/1] (0.00ns)   --->   "%zext_ln18 = zext i32 %sext_ln18_1" [/wrk/ci/prod/2024.1/hls_product/continuous/545/2024.1/src/shared/hls/clib/hlsmath/include/FloatingPoint/hls_case_IEEE754.h:18->/wrk/ci/prod/2024.1/hls_product/continuous/545/2024.1/src/shared/hls/clib/hlsmath/include/FloatingPoint/hls_case_IEEE754.h:117->/wrk/ci/prod/2024.1/hls_product/continuous/545/2024.1/src/shared/hls/clib/hlsmath/src/lib_floatconversion.cpp:51->flood_HLS_base.cpp:101]   --->   Operation 1252 'zext' 'zext_ln18' <Predicate = true> <Delay = 0.00>
ST_275 : Operation 1253 [1/1] (1.05ns)   --->   "%lshr_ln18 = lshr i79 %zext_ln15, i79 %zext_ln18" [/wrk/ci/prod/2024.1/hls_product/continuous/545/2024.1/src/shared/hls/clib/hlsmath/include/FloatingPoint/hls_case_IEEE754.h:18->/wrk/ci/prod/2024.1/hls_product/continuous/545/2024.1/src/shared/hls/clib/hlsmath/include/FloatingPoint/hls_case_IEEE754.h:117->/wrk/ci/prod/2024.1/hls_product/continuous/545/2024.1/src/shared/hls/clib/hlsmath/src/lib_floatconversion.cpp:51->flood_HLS_base.cpp:101]   --->   Operation 1253 'lshr' 'lshr_ln18' <Predicate = true> <Delay = 1.05> <CoreInst = "Shifter">   --->   Core 75 'Shifter' <Latency = 0> <II = 1> <Delay = 1.05> <FuncUnit> <Opcode : 'shl' 'lshr' 'ashr'> <InPorts = 2> <OutPorts = 1>
ST_275 : Operation 1254 [1/1] (1.05ns)   --->   "%shl_ln18 = shl i79 %zext_ln15, i79 %zext_ln18" [/wrk/ci/prod/2024.1/hls_product/continuous/545/2024.1/src/shared/hls/clib/hlsmath/include/FloatingPoint/hls_case_IEEE754.h:18->/wrk/ci/prod/2024.1/hls_product/continuous/545/2024.1/src/shared/hls/clib/hlsmath/include/FloatingPoint/hls_case_IEEE754.h:117->/wrk/ci/prod/2024.1/hls_product/continuous/545/2024.1/src/shared/hls/clib/hlsmath/src/lib_floatconversion.cpp:51->flood_HLS_base.cpp:101]   --->   Operation 1254 'shl' 'shl_ln18' <Predicate = true> <Delay = 1.05> <CoreInst = "Shifter">   --->   Core 75 'Shifter' <Latency = 0> <II = 1> <Delay = 1.05> <FuncUnit> <Opcode : 'shl' 'lshr' 'ashr'> <InPorts = 2> <OutPorts = 1>
ST_275 : Operation 1255 [1/1] (0.00ns)   --->   "%tmp_58 = partselect i32 @_ssdm_op_PartSelect.i32.i79.i32.i32, i79 %lshr_ln18, i32 24, i32 55" [/wrk/ci/prod/2024.1/hls_product/continuous/545/2024.1/src/shared/hls/clib/hlsmath/include/FloatingPoint/hls_case_IEEE754.h:21->/wrk/ci/prod/2024.1/hls_product/continuous/545/2024.1/src/shared/hls/clib/hlsmath/include/FloatingPoint/hls_case_IEEE754.h:117->/wrk/ci/prod/2024.1/hls_product/continuous/545/2024.1/src/shared/hls/clib/hlsmath/src/lib_floatconversion.cpp:51->flood_HLS_base.cpp:101]   --->   Operation 1255 'partselect' 'tmp_58' <Predicate = true> <Delay = 0.00>
ST_275 : Operation 1256 [1/1] (0.00ns)   --->   "%tmp_60 = partselect i32 @_ssdm_op_PartSelect.i32.i79.i32.i32, i79 %shl_ln18, i32 24, i32 55" [/wrk/ci/prod/2024.1/hls_product/continuous/545/2024.1/src/shared/hls/clib/hlsmath/include/FloatingPoint/hls_case_IEEE754.h:21->/wrk/ci/prod/2024.1/hls_product/continuous/545/2024.1/src/shared/hls/clib/hlsmath/include/FloatingPoint/hls_case_IEEE754.h:117->/wrk/ci/prod/2024.1/hls_product/continuous/545/2024.1/src/shared/hls/clib/hlsmath/src/lib_floatconversion.cpp:51->flood_HLS_base.cpp:101]   --->   Operation 1256 'partselect' 'tmp_60' <Predicate = true> <Delay = 0.00>
ST_275 : Operation 1257 [1/1] (0.22ns)   --->   "%val = select i1 %tmp_59, i32 %tmp_58, i32 %tmp_60" [/wrk/ci/prod/2024.1/hls_product/continuous/545/2024.1/src/shared/hls/clib/hlsmath/include/FloatingPoint/hls_case_IEEE754.h:18->/wrk/ci/prod/2024.1/hls_product/continuous/545/2024.1/src/shared/hls/clib/hlsmath/include/FloatingPoint/hls_case_IEEE754.h:117->/wrk/ci/prod/2024.1/hls_product/continuous/545/2024.1/src/shared/hls/clib/hlsmath/src/lib_floatconversion.cpp:51->flood_HLS_base.cpp:101]   --->   Operation 1257 'select' 'val' <Predicate = true> <Delay = 0.22> <CoreInst = "Sel">   --->   Core 73 'Sel' <Latency = 0> <II = 1> <Delay = 0.22> <FuncUnit> <Opcode : 'select'> <InPorts = 3> <OutPorts = 1>
ST_275 : Operation 1258 [1/1] (0.00ns)   --->   "%zext_ln101_1 = zext i12 %add_ln101_1" [flood_HLS_base.cpp:101]   --->   Operation 1258 'zext' 'zext_ln101_1' <Predicate = true> <Delay = 0.00>
ST_275 : Operation 1259 [1/1] (0.00ns)   --->   "%water_level_addr_3 = getelementptr i32 %water_level, i64 0, i64 %zext_ln101_1" [flood_HLS_base.cpp:101]   --->   Operation 1259 'getelementptr' 'water_level_addr_3' <Predicate = true> <Delay = 0.00>
ST_275 : Operation 1260 [2/2] (1.64ns)   --->   "%water_level_load_2 = load i12 %water_level_addr_3" [flood_HLS_base.cpp:101]   --->   Operation 1260 'load' 'water_level_load_2' <Predicate = true> <Delay = 1.64> <CoreInst = "RAM">   --->   Core 82 'RAM' <Latency = 1> <II = 1> <Delay = 1.64> <Storage> <Opcode : 'load' 'store'> <Ports = 2> <Width = 32> <Depth = 2500> <RAM>

State 276 <SV = 252> <Delay = 2.52>
ST_276 : Operation 1261 [1/1] (0.88ns)   --->   "%result_6 = sub i32 0, i32 %val" [/wrk/ci/prod/2024.1/hls_product/continuous/545/2024.1/src/shared/hls/clib/hlsmath/include/FloatingPoint/hls_case_IEEE754.h:59->/wrk/ci/prod/2024.1/hls_product/continuous/545/2024.1/src/shared/hls/clib/hlsmath/include/FloatingPoint/hls_case_IEEE754.h:117->/wrk/ci/prod/2024.1/hls_product/continuous/545/2024.1/src/shared/hls/clib/hlsmath/src/lib_floatconversion.cpp:51->flood_HLS_base.cpp:101]   --->   Operation 1261 'sub' 'result_6' <Predicate = (xs_sign)> <Delay = 0.88> <CoreInst = "Adder">   --->   Core 1 'Adder' <Latency = 0> <II = 1> <Delay = 0.88> <FuncUnit> <Opcode : 'add' 'sub'> <InPorts = 2> <OutPorts = 1>
ST_276 : Operation 1262 [1/1] (0.22ns)   --->   "%result_9 = select i1 %xs_sign, i32 %result_6, i32 %val" [/wrk/ci/prod/2024.1/hls_product/continuous/545/2024.1/src/shared/hls/clib/hlsmath/include/FloatingPoint/hls_case_IEEE754.h:59->/wrk/ci/prod/2024.1/hls_product/continuous/545/2024.1/src/shared/hls/clib/hlsmath/include/FloatingPoint/hls_case_IEEE754.h:117->/wrk/ci/prod/2024.1/hls_product/continuous/545/2024.1/src/shared/hls/clib/hlsmath/src/lib_floatconversion.cpp:51->flood_HLS_base.cpp:101]   --->   Operation 1262 'select' 'result_9' <Predicate = true> <Delay = 0.22> <CoreInst = "Sel">   --->   Core 73 'Sel' <Latency = 0> <II = 1> <Delay = 0.22> <FuncUnit> <Opcode : 'select'> <InPorts = 3> <OutPorts = 1>
ST_276 : Operation 1263 [1/2] (1.64ns)   --->   "%water_level_load_2 = load i12 %water_level_addr_3" [flood_HLS_base.cpp:101]   --->   Operation 1263 'load' 'water_level_load_2' <Predicate = true> <Delay = 1.64> <CoreInst = "RAM">   --->   Core 82 'RAM' <Latency = 1> <II = 1> <Delay = 1.64> <Storage> <Opcode : 'load' 'store'> <Ports = 2> <Width = 32> <Depth = 2500> <RAM>
ST_276 : Operation 1264 [1/1] (0.88ns)   --->   "%add_ln101 = add i32 %water_level_load_2, i32 %result_9" [flood_HLS_base.cpp:101]   --->   Operation 1264 'add' 'add_ln101' <Predicate = true> <Delay = 0.88> <CoreInst = "Adder">   --->   Core 1 'Adder' <Latency = 0> <II = 1> <Delay = 0.88> <FuncUnit> <Opcode : 'add' 'sub'> <InPorts = 2> <OutPorts = 1>

State 277 <SV = 253> <Delay = 2.34>
ST_277 : Operation 1265 [1/1] (1.64ns)   --->   "%store_ln101 = store i32 %add_ln101, i12 %water_level_addr_3" [flood_HLS_base.cpp:101]   --->   Operation 1265 'store' 'store_ln101' <Predicate = (and_ln97_1)> <Delay = 1.64> <CoreInst = "RAM">   --->   Core 82 'RAM' <Latency = 1> <II = 1> <Delay = 1.64> <Storage> <Opcode : 'load' 'store'> <Ports = 2> <Width = 32> <Depth = 2500> <RAM>
ST_277 : Operation 1266 [1/1] (0.00ns)   --->   "%sext_ln102 = sext i32 %result_9" [flood_HLS_base.cpp:102]   --->   Operation 1266 'sext' 'sext_ln102' <Predicate = (and_ln97_1)> <Delay = 0.00>
ST_277 : Operation 1267 [1/1] (0.00ns)   --->   "%trunc_ln = partselect i64 @_ssdm_op_PartSelect.i64.i416.i32.i32, i416 %empty_81, i32 352, i32 415" [flood_HLS_base.cpp:102]   --->   Operation 1267 'partselect' 'trunc_ln' <Predicate = (and_ln97_1)> <Delay = 0.00>
ST_277 : Operation 1268 [1/1] (1.14ns)   --->   "%add_ln102 = add i64 %trunc_ln, i64 %sext_ln102" [flood_HLS_base.cpp:102]   --->   Operation 1268 'add' 'add_ln102' <Predicate = (and_ln97_1)> <Delay = 1.14> <CoreInst = "Adder">   --->   Core 1 'Adder' <Latency = 0> <II = 1> <Delay = 1.14> <FuncUnit> <Opcode : 'add' 'sub'> <InPorts = 2> <OutPorts = 1>
ST_277 : Operation 1269 [1/1] (0.00ns)   --->   "%or_ln1 = bitconcatenate i416 @_ssdm_op_BitConcatenate.i416.i64.i352, i64 %add_ln102, i352 %trunc_ln91" [flood_HLS_base.cpp:102]   --->   Operation 1269 'bitconcatenate' 'or_ln1' <Predicate = (and_ln97_1)> <Delay = 0.00>
ST_277 : Operation 1270 [1/1] (0.38ns)   --->   "%br_ln103 = br void %for.inc236" [flood_HLS_base.cpp:103]   --->   Operation 1270 'br' 'br_ln103' <Predicate = (and_ln97_1)> <Delay = 0.38>
ST_277 : Operation 1271 [7/7] (2.34ns)   --->   "%col_pos_5 = fadd i32 %col_pos_8, i32 1" [flood_HLS_base.cpp:93]   --->   Operation 1271 'fadd' 'col_pos_5' <Predicate = true> <Delay = 2.34> <CoreInst = "FAddSub_fulldsp">   --->   Core 18 'FAddSub_fulldsp' <Latency = 6> <II = 1> <Delay = 2.34> <FuncUnit> <Opcode : 'fadd' 'fsub'> <InPorts = 2> <OutPorts = 1>

State 278 <SV = 254> <Delay = 2.34>
ST_278 : Operation 1272 [1/1] (0.00ns)   --->   "%empty_82 = phi i416 %or_ln1, void %if.then, i416 %empty_81, void %for.body161" [flood_HLS_base.cpp:102]   --->   Operation 1272 'phi' 'empty_82' <Predicate = true> <Delay = 0.00>
ST_278 : Operation 1273 [6/7] (2.34ns)   --->   "%col_pos_5 = fadd i32 %col_pos_8, i32 1" [flood_HLS_base.cpp:93]   --->   Operation 1273 'fadd' 'col_pos_5' <Predicate = true> <Delay = 2.34> <CoreInst = "FAddSub_fulldsp">   --->   Core 18 'FAddSub_fulldsp' <Latency = 6> <II = 1> <Delay = 2.34> <FuncUnit> <Opcode : 'fadd' 'fsub'> <InPorts = 2> <OutPorts = 1>

State 279 <SV = 255> <Delay = 2.34>
ST_279 : Operation 1274 [5/7] (2.34ns)   --->   "%col_pos_5 = fadd i32 %col_pos_8, i32 1" [flood_HLS_base.cpp:93]   --->   Operation 1274 'fadd' 'col_pos_5' <Predicate = true> <Delay = 2.34> <CoreInst = "FAddSub_fulldsp">   --->   Core 18 'FAddSub_fulldsp' <Latency = 6> <II = 1> <Delay = 2.34> <FuncUnit> <Opcode : 'fadd' 'fsub'> <InPorts = 2> <OutPorts = 1>

State 280 <SV = 256> <Delay = 2.34>
ST_280 : Operation 1275 [4/7] (2.34ns)   --->   "%col_pos_5 = fadd i32 %col_pos_8, i32 1" [flood_HLS_base.cpp:93]   --->   Operation 1275 'fadd' 'col_pos_5' <Predicate = true> <Delay = 2.34> <CoreInst = "FAddSub_fulldsp">   --->   Core 18 'FAddSub_fulldsp' <Latency = 6> <II = 1> <Delay = 2.34> <FuncUnit> <Opcode : 'fadd' 'fsub'> <InPorts = 2> <OutPorts = 1>

State 281 <SV = 257> <Delay = 2.34>
ST_281 : Operation 1276 [3/7] (2.34ns)   --->   "%col_pos_5 = fadd i32 %col_pos_8, i32 1" [flood_HLS_base.cpp:93]   --->   Operation 1276 'fadd' 'col_pos_5' <Predicate = true> <Delay = 2.34> <CoreInst = "FAddSub_fulldsp">   --->   Core 18 'FAddSub_fulldsp' <Latency = 6> <II = 1> <Delay = 2.34> <FuncUnit> <Opcode : 'fadd' 'fsub'> <InPorts = 2> <OutPorts = 1>

State 282 <SV = 258> <Delay = 2.34>
ST_282 : Operation 1277 [2/7] (2.34ns)   --->   "%col_pos_5 = fadd i32 %col_pos_8, i32 1" [flood_HLS_base.cpp:93]   --->   Operation 1277 'fadd' 'col_pos_5' <Predicate = true> <Delay = 2.34> <CoreInst = "FAddSub_fulldsp">   --->   Core 18 'FAddSub_fulldsp' <Latency = 6> <II = 1> <Delay = 2.34> <FuncUnit> <Opcode : 'fadd' 'fsub'> <InPorts = 2> <OutPorts = 1>

State 283 <SV = 259> <Delay = 2.34>
ST_283 : Operation 1278 [1/7] (2.34ns)   --->   "%col_pos_5 = fadd i32 %col_pos_8, i32 1" [flood_HLS_base.cpp:93]   --->   Operation 1278 'fadd' 'col_pos_5' <Predicate = true> <Delay = 2.34> <CoreInst = "FAddSub_fulldsp">   --->   Core 18 'FAddSub_fulldsp' <Latency = 6> <II = 1> <Delay = 2.34> <FuncUnit> <Opcode : 'fadd' 'fsub'> <InPorts = 2> <OutPorts = 1>
ST_283 : Operation 1279 [1/1] (0.00ns)   --->   "%br_ln93 = br void %for.cond159" [flood_HLS_base.cpp:93]   --->   Operation 1279 'br' 'br_ln93' <Predicate = true> <Delay = 0.00>

State 284 <SV = 67> <Delay = 2.34>
ST_284 : Operation 1280 [6/7] (2.34ns)   --->   "%row_pos_6 = fadd i32 %row_pos_10, i32 1" [flood_HLS_base.cpp:92]   --->   Operation 1280 'fadd' 'row_pos_6' <Predicate = true> <Delay = 2.34> <CoreInst = "FAddSub_fulldsp">   --->   Core 18 'FAddSub_fulldsp' <Latency = 6> <II = 1> <Delay = 2.34> <FuncUnit> <Opcode : 'fadd' 'fsub'> <InPorts = 2> <OutPorts = 1>

State 285 <SV = 68> <Delay = 2.34>
ST_285 : Operation 1281 [5/7] (2.34ns)   --->   "%row_pos_6 = fadd i32 %row_pos_10, i32 1" [flood_HLS_base.cpp:92]   --->   Operation 1281 'fadd' 'row_pos_6' <Predicate = true> <Delay = 2.34> <CoreInst = "FAddSub_fulldsp">   --->   Core 18 'FAddSub_fulldsp' <Latency = 6> <II = 1> <Delay = 2.34> <FuncUnit> <Opcode : 'fadd' 'fsub'> <InPorts = 2> <OutPorts = 1>

State 286 <SV = 69> <Delay = 2.34>
ST_286 : Operation 1282 [4/7] (2.34ns)   --->   "%row_pos_6 = fadd i32 %row_pos_10, i32 1" [flood_HLS_base.cpp:92]   --->   Operation 1282 'fadd' 'row_pos_6' <Predicate = true> <Delay = 2.34> <CoreInst = "FAddSub_fulldsp">   --->   Core 18 'FAddSub_fulldsp' <Latency = 6> <II = 1> <Delay = 2.34> <FuncUnit> <Opcode : 'fadd' 'fsub'> <InPorts = 2> <OutPorts = 1>

State 287 <SV = 70> <Delay = 2.34>
ST_287 : Operation 1283 [3/7] (2.34ns)   --->   "%row_pos_6 = fadd i32 %row_pos_10, i32 1" [flood_HLS_base.cpp:92]   --->   Operation 1283 'fadd' 'row_pos_6' <Predicate = true> <Delay = 2.34> <CoreInst = "FAddSub_fulldsp">   --->   Core 18 'FAddSub_fulldsp' <Latency = 6> <II = 1> <Delay = 2.34> <FuncUnit> <Opcode : 'fadd' 'fsub'> <InPorts = 2> <OutPorts = 1>

State 288 <SV = 71> <Delay = 2.34>
ST_288 : Operation 1284 [2/7] (2.34ns)   --->   "%row_pos_6 = fadd i32 %row_pos_10, i32 1" [flood_HLS_base.cpp:92]   --->   Operation 1284 'fadd' 'row_pos_6' <Predicate = true> <Delay = 2.34> <CoreInst = "FAddSub_fulldsp">   --->   Core 18 'FAddSub_fulldsp' <Latency = 6> <II = 1> <Delay = 2.34> <FuncUnit> <Opcode : 'fadd' 'fsub'> <InPorts = 2> <OutPorts = 1>

State 289 <SV = 72> <Delay = 2.34>
ST_289 : Operation 1285 [1/7] (2.34ns)   --->   "%row_pos_6 = fadd i32 %row_pos_10, i32 1" [flood_HLS_base.cpp:92]   --->   Operation 1285 'fadd' 'row_pos_6' <Predicate = true> <Delay = 2.34> <CoreInst = "FAddSub_fulldsp">   --->   Core 18 'FAddSub_fulldsp' <Latency = 6> <II = 1> <Delay = 2.34> <FuncUnit> <Opcode : 'fadd' 'fsub'> <InPorts = 2> <OutPorts = 1>
ST_289 : Operation 1286 [1/1] (0.00ns)   --->   "%br_ln92 = br void %for.cond156" [flood_HLS_base.cpp:92]   --->   Operation 1286 'br' 'br_ln92' <Predicate = true> <Delay = 0.00>

State 290 <SV = 14> <Delay = 1.09>
ST_290 : Operation 1287 [1/1] (0.00ns)   --->   "%empty_83 = phi i416 %empty_84, void %for.inc419, i416 %empty_79, void %VITIS_LOOP_110_10.preheader" [flood_HLS_base.cpp:168]   --->   Operation 1287 'phi' 'empty_83' <Predicate = true> <Delay = 0.00>
ST_290 : Operation 1288 [1/1] (0.00ns)   --->   "%row_pos_3 = phi i6 %add_ln109, void %for.inc419, i6 0, void %VITIS_LOOP_110_10.preheader" [flood_HLS_base.cpp:109]   --->   Operation 1288 'phi' 'row_pos_3' <Predicate = true> <Delay = 0.00>
ST_290 : Operation 1289 [1/1] (0.00ns)   --->   "%phi_mul12 = phi i12 %add_ln109_1, void %for.inc419, i12 0, void %VITIS_LOOP_110_10.preheader" [flood_HLS_base.cpp:109]   --->   Operation 1289 'phi' 'phi_mul12' <Predicate = true> <Delay = 0.00>
ST_290 : Operation 1290 [1/1] (0.74ns)   --->   "%add_ln109_1 = add i12 %phi_mul12, i12 50" [flood_HLS_base.cpp:109]   --->   Operation 1290 'add' 'add_ln109_1' <Predicate = true> <Delay = 0.74> <CoreInst = "Adder">   --->   Core 1 'Adder' <Latency = 0> <II = 1> <Delay = 0.74> <FuncUnit> <Opcode : 'add' 'sub'> <InPorts = 2> <OutPorts = 1>
ST_290 : Operation 1291 [1/1] (0.70ns)   --->   "%icmp_ln109 = icmp_eq  i6 %row_pos_3, i6 50" [flood_HLS_base.cpp:109]   --->   Operation 1291 'icmp' 'icmp_ln109' <Predicate = true> <Delay = 0.70> <CoreInst = "Cmp">   --->   Core 9 'Cmp' <Latency = 0> <II = 1> <Delay = 0.70> <FuncUnit> <Opcode : 'seteq' 'setne' 'setle' 'setge' 'setlt' 'setgt'> <InPorts = 2> <OutPorts = 1>
ST_290 : Operation 1292 [1/1] (0.70ns)   --->   "%add_ln109 = add i6 %row_pos_3, i6 1" [flood_HLS_base.cpp:109]   --->   Operation 1292 'add' 'add_ln109' <Predicate = true> <Delay = 0.70> <CoreInst = "Adder">   --->   Core 1 'Adder' <Latency = 0> <II = 1> <Delay = 0.70> <FuncUnit> <Opcode : 'add' 'sub'> <InPorts = 2> <OutPorts = 1>
ST_290 : Operation 1293 [1/1] (0.00ns)   --->   "%br_ln109 = br i1 %icmp_ln109, void %VITIS_LOOP_110_10.split, void %PROPAGATION_COLS.preheader" [flood_HLS_base.cpp:109]   --->   Operation 1293 'br' 'br_ln109' <Predicate = true> <Delay = 0.00>
ST_290 : Operation 1294 [1/1] (0.00ns)   --->   "%speclooptripcount_ln52 = speclooptripcount void @_ssdm_op_SpecLoopTripCount, i64 50, i64 50, i64 50" [flood_HLS_base.cpp:52]   --->   Operation 1294 'speclooptripcount' 'speclooptripcount_ln52' <Predicate = (!icmp_ln109)> <Delay = 0.00>
ST_290 : Operation 1295 [1/1] (0.00ns)   --->   "%specloopname_ln109 = specloopname void @_ssdm_op_SpecLoopName, void @empty" [flood_HLS_base.cpp:109]   --->   Operation 1295 'specloopname' 'specloopname_ln109' <Predicate = (!icmp_ln109)> <Delay = 0.00>
ST_290 : Operation 1296 [1/1] (0.00ns)   --->   "%zext_ln110 = zext i6 %row_pos_3" [flood_HLS_base.cpp:110]   --->   Operation 1296 'zext' 'zext_ln110' <Predicate = (!icmp_ln109)> <Delay = 0.00>
ST_290 : Operation 1297 [1/1] (0.38ns)   --->   "%br_ln110 = br void %for.body250" [flood_HLS_base.cpp:110]   --->   Operation 1297 'br' 'br_ln110' <Predicate = (!icmp_ln109)> <Delay = 0.38>
ST_290 : Operation 1298 [1/1] (0.38ns)   --->   "%br_ln191 = br void %PROPAGATION_COLS" [flood_HLS_base.cpp:191]   --->   Operation 1298 'br' 'br_ln191' <Predicate = (icmp_ln109)> <Delay = 0.38>

State 291 <SV = 15> <Delay = 2.39>
ST_291 : Operation 1299 [1/1] (0.00ns)   --->   "%empty_84 = phi i416 %empty_83, void %VITIS_LOOP_110_10.split, i416 %empty_92, void %for.inc416" [flood_HLS_base.cpp:102]   --->   Operation 1299 'phi' 'empty_84' <Predicate = true> <Delay = 0.00>
ST_291 : Operation 1300 [1/1] (0.00ns)   --->   "%col_pos_3 = phi i6 0, void %VITIS_LOOP_110_10.split, i6 %add_ln110, void %for.inc416" [flood_HLS_base.cpp:110]   --->   Operation 1300 'phi' 'col_pos_3' <Predicate = true> <Delay = 0.00>
ST_291 : Operation 1301 [1/1] (0.70ns)   --->   "%icmp_ln110 = icmp_eq  i6 %col_pos_3, i6 50" [flood_HLS_base.cpp:110]   --->   Operation 1301 'icmp' 'icmp_ln110' <Predicate = true> <Delay = 0.70> <CoreInst = "Cmp">   --->   Core 9 'Cmp' <Latency = 0> <II = 1> <Delay = 0.70> <FuncUnit> <Opcode : 'seteq' 'setne' 'setle' 'setge' 'setlt' 'setgt'> <InPorts = 2> <OutPorts = 1>
ST_291 : Operation 1302 [1/1] (0.70ns)   --->   "%add_ln110 = add i6 %col_pos_3, i6 1" [flood_HLS_base.cpp:110]   --->   Operation 1302 'add' 'add_ln110' <Predicate = true> <Delay = 0.70> <CoreInst = "Adder">   --->   Core 1 'Adder' <Latency = 0> <II = 1> <Delay = 0.70> <FuncUnit> <Opcode : 'add' 'sub'> <InPorts = 2> <OutPorts = 1>
ST_291 : Operation 1303 [1/1] (0.00ns)   --->   "%br_ln110 = br i1 %icmp_ln110, void %for.body250.split, void %for.inc419" [flood_HLS_base.cpp:110]   --->   Operation 1303 'br' 'br_ln110' <Predicate = true> <Delay = 0.00>
ST_291 : Operation 1304 [1/1] (0.00ns)   --->   "%zext_ln117 = zext i6 %col_pos_3" [flood_HLS_base.cpp:117]   --->   Operation 1304 'zext' 'zext_ln117' <Predicate = (!icmp_ln110)> <Delay = 0.00>
ST_291 : Operation 1305 [1/1] (0.74ns)   --->   "%add_ln117 = add i12 %phi_mul12, i12 %zext_ln117" [flood_HLS_base.cpp:117]   --->   Operation 1305 'add' 'add_ln117' <Predicate = (!icmp_ln110)> <Delay = 0.74> <CoreInst = "Adder">   --->   Core 1 'Adder' <Latency = 0> <II = 1> <Delay = 0.74> <FuncUnit> <Opcode : 'add' 'sub'> <InPorts = 2> <OutPorts = 1>
ST_291 : Operation 1306 [1/1] (0.00ns)   --->   "%zext_ln117_1 = zext i12 %add_ln117" [flood_HLS_base.cpp:117]   --->   Operation 1306 'zext' 'zext_ln117_1' <Predicate = (!icmp_ln110)> <Delay = 0.00>
ST_291 : Operation 1307 [1/1] (0.00ns)   --->   "%p_ground_addr = getelementptr i32 %p_ground, i64 0, i64 %zext_ln117_1" [flood_HLS_base.cpp:117]   --->   Operation 1307 'getelementptr' 'p_ground_addr' <Predicate = (!icmp_ln110)> <Delay = 0.00>
ST_291 : Operation 1308 [1/1] (0.00ns)   --->   "%water_level_addr_2 = getelementptr i32 %water_level, i64 0, i64 %zext_ln117_1" [flood_HLS_base.cpp:111]   --->   Operation 1308 'getelementptr' 'water_level_addr_2' <Predicate = (!icmp_ln110)> <Delay = 0.00>
ST_291 : Operation 1309 [1/1] (0.00ns)   --->   "%spillage_flag_addr_2 = getelementptr i32 %spillage_flag, i64 0, i64 %zext_ln117_1" [flood_HLS_base.cpp:152]   --->   Operation 1309 'getelementptr' 'spillage_flag_addr_2' <Predicate = (!icmp_ln110)> <Delay = 0.00>
ST_291 : Operation 1310 [1/1] (0.00ns)   --->   "%spillage_level_addr_2 = getelementptr i32 %spillage_level, i64 0, i64 %zext_ln117_1" [flood_HLS_base.cpp:153]   --->   Operation 1310 'getelementptr' 'spillage_level_addr_2' <Predicate = (!icmp_ln110)> <Delay = 0.00>
ST_291 : Operation 1311 [2/2] (1.64ns)   --->   "%water_level_load_1 = load i12 %water_level_addr_2" [flood_HLS_base.cpp:111]   --->   Operation 1311 'load' 'water_level_load_1' <Predicate = (!icmp_ln110)> <Delay = 1.64> <CoreInst = "RAM">   --->   Core 82 'RAM' <Latency = 1> <II = 1> <Delay = 1.64> <Storage> <Opcode : 'load' 'store'> <Ports = 2> <Width = 32> <Depth = 2500> <RAM>
ST_291 : Operation 1312 [1/1] (0.00ns)   --->   "%br_ln109 = br void %VITIS_LOOP_110_10" [flood_HLS_base.cpp:109]   --->   Operation 1312 'br' 'br_ln109' <Predicate = (icmp_ln110)> <Delay = 0.00>

State 292 <SV = 16> <Delay = 2.91>
ST_292 : Operation 1313 [1/1] (0.00ns)   --->   "%speclooptripcount_ln52 = speclooptripcount void @_ssdm_op_SpecLoopTripCount, i64 50, i64 50, i64 50" [flood_HLS_base.cpp:52]   --->   Operation 1313 'speclooptripcount' 'speclooptripcount_ln52' <Predicate = true> <Delay = 0.00>
ST_292 : Operation 1314 [1/1] (0.00ns)   --->   "%specloopname_ln110 = specloopname void @_ssdm_op_SpecLoopName, void @empty_3" [flood_HLS_base.cpp:110]   --->   Operation 1314 'specloopname' 'specloopname_ln110' <Predicate = true> <Delay = 0.00>
ST_292 : Operation 1315 [1/2] (1.64ns)   --->   "%water_level_load_1 = load i12 %water_level_addr_2" [flood_HLS_base.cpp:111]   --->   Operation 1315 'load' 'water_level_load_1' <Predicate = true> <Delay = 1.64> <CoreInst = "RAM">   --->   Core 82 'RAM' <Latency = 1> <II = 1> <Delay = 1.64> <Storage> <Opcode : 'load' 'store'> <Ports = 2> <Width = 32> <Depth = 2500> <RAM>
ST_292 : Operation 1316 [1/1] (0.88ns)   --->   "%icmp_ln111 = icmp_sgt  i32 %water_level_load_1, i32 0" [flood_HLS_base.cpp:111]   --->   Operation 1316 'icmp' 'icmp_ln111' <Predicate = true> <Delay = 0.88> <CoreInst = "Cmp">   --->   Core 9 'Cmp' <Latency = 0> <II = 1> <Delay = 0.88> <FuncUnit> <Opcode : 'seteq' 'setne' 'setle' 'setge' 'setlt' 'setgt'> <InPorts = 2> <OutPorts = 1>
ST_292 : Operation 1317 [1/1] (0.38ns)   --->   "%br_ln111 = br i1 %icmp_ln111, void %for.inc416, void %VITIS_LOOP_121_11" [flood_HLS_base.cpp:111]   --->   Operation 1317 'br' 'br_ln111' <Predicate = true> <Delay = 0.38>

State 293 <SV = 17> <Delay = 2.66>
ST_293 : Operation 1318 [4/4] (2.66ns)   --->   "%conv3 = sitofp i32 %water_level_load_1" [flood_HLS_base.cpp:117]   --->   Operation 1318 'sitofp' 'conv3' <Predicate = true> <Delay = 2.66> <CoreInst = "Int2Float">   --->   Core 62 'Int2Float' <Latency = 3> <II = 1> <Delay = 2.66> <FuncUnit> <Opcode : 'uitofp' 'sitofp'> <InPorts = 1> <OutPorts = 1>

State 294 <SV = 18> <Delay = 2.66>
ST_294 : Operation 1319 [3/4] (2.66ns)   --->   "%conv3 = sitofp i32 %water_level_load_1" [flood_HLS_base.cpp:117]   --->   Operation 1319 'sitofp' 'conv3' <Predicate = true> <Delay = 2.66> <CoreInst = "Int2Float">   --->   Core 62 'Int2Float' <Latency = 3> <II = 1> <Delay = 2.66> <FuncUnit> <Opcode : 'uitofp' 'sitofp'> <InPorts = 1> <OutPorts = 1>

State 295 <SV = 19> <Delay = 2.66>
ST_295 : Operation 1320 [2/4] (2.66ns)   --->   "%conv3 = sitofp i32 %water_level_load_1" [flood_HLS_base.cpp:117]   --->   Operation 1320 'sitofp' 'conv3' <Predicate = true> <Delay = 2.66> <CoreInst = "Int2Float">   --->   Core 62 'Int2Float' <Latency = 3> <II = 1> <Delay = 2.66> <FuncUnit> <Opcode : 'uitofp' 'sitofp'> <InPorts = 1> <OutPorts = 1>

State 296 <SV = 20> <Delay = 2.66>
ST_296 : Operation 1321 [1/4] (2.66ns)   --->   "%conv3 = sitofp i32 %water_level_load_1" [flood_HLS_base.cpp:117]   --->   Operation 1321 'sitofp' 'conv3' <Predicate = true> <Delay = 2.66> <CoreInst = "Int2Float">   --->   Core 62 'Int2Float' <Latency = 3> <II = 1> <Delay = 2.66> <FuncUnit> <Opcode : 'uitofp' 'sitofp'> <InPorts = 1> <OutPorts = 1>

State 297 <SV = 21> <Delay = 2.32>
ST_297 : Operation 1322 [12/12] (2.32ns)   --->   "%div9 = fdiv i32 %conv3, i32 1e+06" [flood_HLS_base.cpp:117]   --->   Operation 1322 'fdiv' 'div9' <Predicate = true> <Delay = 2.32> <CoreInst = "FDiv">   --->   Core 20 'FDiv' <Latency = 11> <II = 1> <Delay = 2.32> <FuncUnit> <Opcode : 'fdiv' 'frem'> <InPorts = 2> <OutPorts = 1>

State 298 <SV = 22> <Delay = 2.32>
ST_298 : Operation 1323 [11/12] (2.32ns)   --->   "%div9 = fdiv i32 %conv3, i32 1e+06" [flood_HLS_base.cpp:117]   --->   Operation 1323 'fdiv' 'div9' <Predicate = true> <Delay = 2.32> <CoreInst = "FDiv">   --->   Core 20 'FDiv' <Latency = 11> <II = 1> <Delay = 2.32> <FuncUnit> <Opcode : 'fdiv' 'frem'> <InPorts = 2> <OutPorts = 1>

State 299 <SV = 23> <Delay = 2.32>
ST_299 : Operation 1324 [10/12] (2.32ns)   --->   "%div9 = fdiv i32 %conv3, i32 1e+06" [flood_HLS_base.cpp:117]   --->   Operation 1324 'fdiv' 'div9' <Predicate = true> <Delay = 2.32> <CoreInst = "FDiv">   --->   Core 20 'FDiv' <Latency = 11> <II = 1> <Delay = 2.32> <FuncUnit> <Opcode : 'fdiv' 'frem'> <InPorts = 2> <OutPorts = 1>

State 300 <SV = 24> <Delay = 2.32>
ST_300 : Operation 1325 [9/12] (2.32ns)   --->   "%div9 = fdiv i32 %conv3, i32 1e+06" [flood_HLS_base.cpp:117]   --->   Operation 1325 'fdiv' 'div9' <Predicate = true> <Delay = 2.32> <CoreInst = "FDiv">   --->   Core 20 'FDiv' <Latency = 11> <II = 1> <Delay = 2.32> <FuncUnit> <Opcode : 'fdiv' 'frem'> <InPorts = 2> <OutPorts = 1>

State 301 <SV = 25> <Delay = 2.32>
ST_301 : Operation 1326 [8/12] (2.32ns)   --->   "%div9 = fdiv i32 %conv3, i32 1e+06" [flood_HLS_base.cpp:117]   --->   Operation 1326 'fdiv' 'div9' <Predicate = true> <Delay = 2.32> <CoreInst = "FDiv">   --->   Core 20 'FDiv' <Latency = 11> <II = 1> <Delay = 2.32> <FuncUnit> <Opcode : 'fdiv' 'frem'> <InPorts = 2> <OutPorts = 1>

State 302 <SV = 26> <Delay = 2.32>
ST_302 : Operation 1327 [7/12] (2.32ns)   --->   "%div9 = fdiv i32 %conv3, i32 1e+06" [flood_HLS_base.cpp:117]   --->   Operation 1327 'fdiv' 'div9' <Predicate = true> <Delay = 2.32> <CoreInst = "FDiv">   --->   Core 20 'FDiv' <Latency = 11> <II = 1> <Delay = 2.32> <FuncUnit> <Opcode : 'fdiv' 'frem'> <InPorts = 2> <OutPorts = 1>

State 303 <SV = 27> <Delay = 2.32>
ST_303 : Operation 1328 [6/12] (2.32ns)   --->   "%div9 = fdiv i32 %conv3, i32 1e+06" [flood_HLS_base.cpp:117]   --->   Operation 1328 'fdiv' 'div9' <Predicate = true> <Delay = 2.32> <CoreInst = "FDiv">   --->   Core 20 'FDiv' <Latency = 11> <II = 1> <Delay = 2.32> <FuncUnit> <Opcode : 'fdiv' 'frem'> <InPorts = 2> <OutPorts = 1>

State 304 <SV = 28> <Delay = 2.32>
ST_304 : Operation 1329 [5/12] (2.32ns)   --->   "%div9 = fdiv i32 %conv3, i32 1e+06" [flood_HLS_base.cpp:117]   --->   Operation 1329 'fdiv' 'div9' <Predicate = true> <Delay = 2.32> <CoreInst = "FDiv">   --->   Core 20 'FDiv' <Latency = 11> <II = 1> <Delay = 2.32> <FuncUnit> <Opcode : 'fdiv' 'frem'> <InPorts = 2> <OutPorts = 1>

State 305 <SV = 29> <Delay = 2.32>
ST_305 : Operation 1330 [4/12] (2.32ns)   --->   "%div9 = fdiv i32 %conv3, i32 1e+06" [flood_HLS_base.cpp:117]   --->   Operation 1330 'fdiv' 'div9' <Predicate = true> <Delay = 2.32> <CoreInst = "FDiv">   --->   Core 20 'FDiv' <Latency = 11> <II = 1> <Delay = 2.32> <FuncUnit> <Opcode : 'fdiv' 'frem'> <InPorts = 2> <OutPorts = 1>

State 306 <SV = 30> <Delay = 2.32>
ST_306 : Operation 1331 [3/12] (2.32ns)   --->   "%div9 = fdiv i32 %conv3, i32 1e+06" [flood_HLS_base.cpp:117]   --->   Operation 1331 'fdiv' 'div9' <Predicate = true> <Delay = 2.32> <CoreInst = "FDiv">   --->   Core 20 'FDiv' <Latency = 11> <II = 1> <Delay = 2.32> <FuncUnit> <Opcode : 'fdiv' 'frem'> <InPorts = 2> <OutPorts = 1>

State 307 <SV = 31> <Delay = 2.32>
ST_307 : Operation 1332 [2/2] (1.64ns)   --->   "%p_ground_load = load i12 %p_ground_addr" [flood_HLS_base.cpp:117]   --->   Operation 1332 'load' 'p_ground_load' <Predicate = true> <Delay = 1.64> <CoreInst = "RAM">   --->   Core 82 'RAM' <Latency = 1> <II = 1> <Delay = 1.64> <Storage> <Opcode : 'load' 'store'> <Ports = 2> <Width = 32> <Depth = 2500> <RAM>
ST_307 : Operation 1333 [2/12] (2.32ns)   --->   "%div9 = fdiv i32 %conv3, i32 1e+06" [flood_HLS_base.cpp:117]   --->   Operation 1333 'fdiv' 'div9' <Predicate = true> <Delay = 2.32> <CoreInst = "FDiv">   --->   Core 20 'FDiv' <Latency = 11> <II = 1> <Delay = 2.32> <FuncUnit> <Opcode : 'fdiv' 'frem'> <InPorts = 2> <OutPorts = 1>

State 308 <SV = 32> <Delay = 2.32>
ST_308 : Operation 1334 [1/2] (1.64ns)   --->   "%p_ground_load = load i12 %p_ground_addr" [flood_HLS_base.cpp:117]   --->   Operation 1334 'load' 'p_ground_load' <Predicate = true> <Delay = 1.64> <CoreInst = "RAM">   --->   Core 82 'RAM' <Latency = 1> <II = 1> <Delay = 1.64> <Storage> <Opcode : 'load' 'store'> <Ports = 2> <Width = 32> <Depth = 2500> <RAM>
ST_308 : Operation 1335 [1/12] (2.32ns)   --->   "%div9 = fdiv i32 %conv3, i32 1e+06" [flood_HLS_base.cpp:117]   --->   Operation 1335 'fdiv' 'div9' <Predicate = true> <Delay = 2.32> <CoreInst = "FDiv">   --->   Core 20 'FDiv' <Latency = 11> <II = 1> <Delay = 2.32> <FuncUnit> <Opcode : 'fdiv' 'frem'> <InPorts = 2> <OutPorts = 1>

State 309 <SV = 33> <Delay = 2.34>
ST_309 : Operation 1336 [1/1] (0.00ns)   --->   "%neighbor_height_2 = bitcast i32 %p_ground_load" [flood_HLS_base.cpp:117]   --->   Operation 1336 'bitcast' 'neighbor_height_2' <Predicate = true> <Delay = 0.00>
ST_309 : Operation 1337 [7/7] (2.34ns)   --->   "%current_height = fadd i32 %neighbor_height_2, i32 %div9" [flood_HLS_base.cpp:117]   --->   Operation 1337 'fadd' 'current_height' <Predicate = true> <Delay = 2.34> <CoreInst = "FAddSub_fulldsp">   --->   Core 18 'FAddSub_fulldsp' <Latency = 6> <II = 1> <Delay = 2.34> <FuncUnit> <Opcode : 'fadd' 'fsub'> <InPorts = 2> <OutPorts = 1>

State 310 <SV = 34> <Delay = 2.34>
ST_310 : Operation 1338 [6/7] (2.34ns)   --->   "%current_height = fadd i32 %neighbor_height_2, i32 %div9" [flood_HLS_base.cpp:117]   --->   Operation 1338 'fadd' 'current_height' <Predicate = true> <Delay = 2.34> <CoreInst = "FAddSub_fulldsp">   --->   Core 18 'FAddSub_fulldsp' <Latency = 6> <II = 1> <Delay = 2.34> <FuncUnit> <Opcode : 'fadd' 'fsub'> <InPorts = 2> <OutPorts = 1>

State 311 <SV = 35> <Delay = 2.34>
ST_311 : Operation 1339 [5/7] (2.34ns)   --->   "%current_height = fadd i32 %neighbor_height_2, i32 %div9" [flood_HLS_base.cpp:117]   --->   Operation 1339 'fadd' 'current_height' <Predicate = true> <Delay = 2.34> <CoreInst = "FAddSub_fulldsp">   --->   Core 18 'FAddSub_fulldsp' <Latency = 6> <II = 1> <Delay = 2.34> <FuncUnit> <Opcode : 'fadd' 'fsub'> <InPorts = 2> <OutPorts = 1>

State 312 <SV = 36> <Delay = 2.34>
ST_312 : Operation 1340 [4/7] (2.34ns)   --->   "%current_height = fadd i32 %neighbor_height_2, i32 %div9" [flood_HLS_base.cpp:117]   --->   Operation 1340 'fadd' 'current_height' <Predicate = true> <Delay = 2.34> <CoreInst = "FAddSub_fulldsp">   --->   Core 18 'FAddSub_fulldsp' <Latency = 6> <II = 1> <Delay = 2.34> <FuncUnit> <Opcode : 'fadd' 'fsub'> <InPorts = 2> <OutPorts = 1>

State 313 <SV = 37> <Delay = 2.34>
ST_313 : Operation 1341 [3/7] (2.34ns)   --->   "%current_height = fadd i32 %neighbor_height_2, i32 %div9" [flood_HLS_base.cpp:117]   --->   Operation 1341 'fadd' 'current_height' <Predicate = true> <Delay = 2.34> <CoreInst = "FAddSub_fulldsp">   --->   Core 18 'FAddSub_fulldsp' <Latency = 6> <II = 1> <Delay = 2.34> <FuncUnit> <Opcode : 'fadd' 'fsub'> <InPorts = 2> <OutPorts = 1>

State 314 <SV = 38> <Delay = 2.34>
ST_314 : Operation 1342 [2/7] (2.34ns)   --->   "%current_height = fadd i32 %neighbor_height_2, i32 %div9" [flood_HLS_base.cpp:117]   --->   Operation 1342 'fadd' 'current_height' <Predicate = true> <Delay = 2.34> <CoreInst = "FAddSub_fulldsp">   --->   Core 18 'FAddSub_fulldsp' <Latency = 6> <II = 1> <Delay = 2.34> <FuncUnit> <Opcode : 'fadd' 'fsub'> <InPorts = 2> <OutPorts = 1>

State 315 <SV = 39> <Delay = 2.34>
ST_315 : Operation 1343 [1/7] (2.34ns)   --->   "%current_height = fadd i32 %neighbor_height_2, i32 %div9" [flood_HLS_base.cpp:117]   --->   Operation 1343 'fadd' 'current_height' <Predicate = true> <Delay = 2.34> <CoreInst = "FAddSub_fulldsp">   --->   Core 18 'FAddSub_fulldsp' <Latency = 6> <II = 1> <Delay = 2.34> <FuncUnit> <Opcode : 'fadd' 'fsub'> <InPorts = 2> <OutPorts = 1>

State 316 <SV = 40> <Delay = 0.82>
ST_316 : Operation 1344 [1/1] (0.00ns)   --->   "%zext_ln121 = zext i6 %col_pos_3" [flood_HLS_base.cpp:121]   --->   Operation 1344 'zext' 'zext_ln121' <Predicate = true> <Delay = 0.00>
ST_316 : Operation 1345 [1/1] (0.00ns)   --->   "%bitcast_ln139 = bitcast i32 %current_height" [flood_HLS_base.cpp:139]   --->   Operation 1345 'bitcast' 'bitcast_ln139' <Predicate = true> <Delay = 0.00>
ST_316 : Operation 1346 [1/1] (0.00ns)   --->   "%trunc_ln139 = trunc i32 %bitcast_ln139" [flood_HLS_base.cpp:139]   --->   Operation 1346 'trunc' 'trunc_ln139' <Predicate = true> <Delay = 0.00>
ST_316 : Operation 1347 [1/1] (0.82ns)   --->   "%icmp_ln139_1 = icmp_eq  i23 %trunc_ln139, i23 0" [flood_HLS_base.cpp:139]   --->   Operation 1347 'icmp' 'icmp_ln139_1' <Predicate = true> <Delay = 0.82> <CoreInst = "Cmp">   --->   Core 9 'Cmp' <Latency = 0> <II = 1> <Delay = 0.82> <FuncUnit> <Opcode : 'seteq' 'setne' 'setle' 'setge' 'setlt' 'setgt'> <InPorts = 2> <OutPorts = 1>
ST_316 : Operation 1348 [1/1] (0.38ns)   --->   "%br_ln121 = br void %for.body270" [flood_HLS_base.cpp:121]   --->   Operation 1348 'br' 'br_ln121' <Predicate = true> <Delay = 0.38>

State 317 <SV = 41> <Delay = 1.64>
ST_317 : Operation 1349 [1/1] (0.00ns)   --->   "%cell_pos = phi i3 0, void %VITIS_LOOP_121_11, i3 %add_ln121, void %for.body270.split_ifconv" [flood_HLS_base.cpp:121]   --->   Operation 1349 'phi' 'cell_pos' <Predicate = true> <Delay = 0.00>
ST_317 : Operation 1350 [1/1] (0.00ns)   --->   "%my_spillage_level_2 = phi i32 0, void %VITIS_LOOP_121_11, i32 %my_spillage_level_1, void %for.body270.split_ifconv"   --->   Operation 1350 'phi' 'my_spillage_level_2' <Predicate = true> <Delay = 0.00>
ST_317 : Operation 1351 [1/1] (0.00ns)   --->   "%sum_diff = phi i32 0, void %VITIS_LOOP_121_11, i32 %sum_diff_1, void %for.body270.split_ifconv"   --->   Operation 1351 'phi' 'sum_diff' <Predicate = true> <Delay = 0.00>
ST_317 : Operation 1352 [1/1] (0.57ns)   --->   "%icmp_ln121 = icmp_eq  i3 %cell_pos, i3 4" [flood_HLS_base.cpp:121]   --->   Operation 1352 'icmp' 'icmp_ln121' <Predicate = true> <Delay = 0.57> <CoreInst = "Cmp">   --->   Core 9 'Cmp' <Latency = 0> <II = 1> <Delay = 0.57> <FuncUnit> <Opcode : 'seteq' 'setne' 'setle' 'setge' 'setlt' 'setgt'> <InPorts = 2> <OutPorts = 1>
ST_317 : Operation 1353 [1/1] (0.57ns)   --->   "%add_ln121 = add i3 %cell_pos, i3 1" [flood_HLS_base.cpp:121]   --->   Operation 1353 'add' 'add_ln121' <Predicate = true> <Delay = 0.57> <CoreInst = "Adder">   --->   Core 1 'Adder' <Latency = 0> <II = 1> <Delay = 0.57> <FuncUnit> <Opcode : 'add' 'sub'> <InPorts = 2> <OutPorts = 1>
ST_317 : Operation 1354 [1/1] (0.00ns)   --->   "%br_ln121 = br i1 %icmp_ln121, void %for.body270.split_ifconv, void %for.end316" [flood_HLS_base.cpp:121]   --->   Operation 1354 'br' 'br_ln121' <Predicate = true> <Delay = 0.00>
ST_317 : Operation 1355 [1/1] (0.00ns)   --->   "%zext_ln121_1 = zext i3 %cell_pos" [flood_HLS_base.cpp:121]   --->   Operation 1355 'zext' 'zext_ln121_1' <Predicate = (!icmp_ln121)> <Delay = 0.00>
ST_317 : Operation 1356 [1/1] (0.00ns)   --->   "%displacements_0_addr = getelementptr i2 %displacements_0, i64 0, i64 %zext_ln121_1" [flood_HLS_base.cpp:122]   --->   Operation 1356 'getelementptr' 'displacements_0_addr' <Predicate = (!icmp_ln121)> <Delay = 0.00>
ST_317 : Operation 1357 [2/2] (0.63ns)   --->   "%displacements_0_load = load i2 %displacements_0_addr" [flood_HLS_base.cpp:122]   --->   Operation 1357 'load' 'displacements_0_load' <Predicate = (!icmp_ln121)> <Delay = 0.63> <CoreInst = "ROM">   --->   Core 100 'ROM' <Latency = 1> <II = 1> <Delay = 0.63> <Storage> <Opcode : 'load'> <Ports = 0> <Width = 2> <Depth = 4> <ROM>
ST_317 : Operation 1358 [1/1] (0.00ns)   --->   "%displacements_1_addr = getelementptr i2 %displacements_1, i64 0, i64 %zext_ln121_1" [flood_HLS_base.cpp:123]   --->   Operation 1358 'getelementptr' 'displacements_1_addr' <Predicate = (!icmp_ln121)> <Delay = 0.00>
ST_317 : Operation 1359 [2/2] (0.63ns)   --->   "%displacements_1_load = load i2 %displacements_1_addr" [flood_HLS_base.cpp:123]   --->   Operation 1359 'load' 'displacements_1_load' <Predicate = (!icmp_ln121)> <Delay = 0.63> <CoreInst = "ROM">   --->   Core 100 'ROM' <Latency = 1> <II = 1> <Delay = 0.63> <Storage> <Opcode : 'load'> <Ports = 0> <Width = 2> <Depth = 4> <ROM>
ST_317 : Operation 1360 [2/2] (1.64ns)   --->   "%tmp_37 = fcmp_olt  i32 %div9, i32 %my_spillage_level_2" [flood_HLS_base.cpp:145]   --->   Operation 1360 'fcmp' 'tmp_37' <Predicate = (icmp_ln121)> <Delay = 1.64> <CoreInst = "FCompare">   --->   Core 19 'FCompare' <Latency = 1> <II = 1> <Delay = 1.64> <FuncUnit> <Opcode : 'fcmp'> <InPorts = 2> <OutPorts = 1>
ST_317 : Operation 1361 [2/2] (1.64ns)   --->   "%tmp_39 = fcmp_ogt  i32 %sum_diff, i32 0" [flood_HLS_base.cpp:148]   --->   Operation 1361 'fcmp' 'tmp_39' <Predicate = (icmp_ln121)> <Delay = 1.64> <CoreInst = "FCompare">   --->   Core 19 'FCompare' <Latency = 1> <II = 1> <Delay = 1.64> <FuncUnit> <Opcode : 'fcmp'> <InPorts = 2> <OutPorts = 1>

State 318 <SV = 42> <Delay = 2.34>
ST_318 : Operation 1362 [1/2] (0.63ns)   --->   "%displacements_0_load = load i2 %displacements_0_addr" [flood_HLS_base.cpp:122]   --->   Operation 1362 'load' 'displacements_0_load' <Predicate = true> <Delay = 0.63> <CoreInst = "ROM">   --->   Core 100 'ROM' <Latency = 1> <II = 1> <Delay = 0.63> <Storage> <Opcode : 'load'> <Ports = 0> <Width = 2> <Depth = 4> <ROM>
ST_318 : Operation 1363 [1/1] (0.00ns)   --->   "%sext_ln122 = sext i2 %displacements_0_load" [flood_HLS_base.cpp:122]   --->   Operation 1363 'sext' 'sext_ln122' <Predicate = true> <Delay = 0.00>
ST_318 : Operation 1364 [1/1] (0.70ns)   --->   "%new_row = add i7 %sext_ln122, i7 %zext_ln110" [flood_HLS_base.cpp:122]   --->   Operation 1364 'add' 'new_row' <Predicate = true> <Delay = 0.70> <CoreInst = "Adder">   --->   Core 1 'Adder' <Latency = 0> <II = 1> <Delay = 0.70> <FuncUnit> <Opcode : 'add' 'sub'> <InPorts = 2> <OutPorts = 1>
ST_318 : Operation 1365 [1/2] (0.63ns)   --->   "%displacements_1_load = load i2 %displacements_1_addr" [flood_HLS_base.cpp:123]   --->   Operation 1365 'load' 'displacements_1_load' <Predicate = true> <Delay = 0.63> <CoreInst = "ROM">   --->   Core 100 'ROM' <Latency = 1> <II = 1> <Delay = 0.63> <Storage> <Opcode : 'load'> <Ports = 0> <Width = 2> <Depth = 4> <ROM>
ST_318 : Operation 1366 [1/1] (0.70ns)   --->   "%icmp_ln128 = icmp_ugt  i7 %new_row, i7 49" [flood_HLS_base.cpp:128]   --->   Operation 1366 'icmp' 'icmp_ln128' <Predicate = true> <Delay = 0.70> <CoreInst = "Cmp">   --->   Core 9 'Cmp' <Latency = 0> <II = 1> <Delay = 0.70> <FuncUnit> <Opcode : 'seteq' 'setne' 'setle' 'setge' 'setlt' 'setgt'> <InPorts = 2> <OutPorts = 1>
ST_318 : Operation 1367 [1/1] (0.00ns)   --->   "%trunc_ln134 = trunc i7 %new_row" [flood_HLS_base.cpp:134]   --->   Operation 1367 'trunc' 'trunc_ln134' <Predicate = true> <Delay = 0.00>
ST_318 : Operation 1368 [1/1] (0.00ns)   --->   "%zext_ln134 = zext i6 %trunc_ln134" [flood_HLS_base.cpp:134]   --->   Operation 1368 'zext' 'zext_ln134' <Predicate = true> <Delay = 0.00>
ST_318 : Operation 1369 [3/3] (0.99ns) (grouped into DSP with root node add_ln134)   --->   "%mul_ln134 = mul i12 %zext_ln134, i12 50" [flood_HLS_base.cpp:134]   --->   Operation 1369 'mul' 'mul_ln134' <Predicate = true> <Delay = 0.99> <CoreInst = "DSP48">   --->   Core 124 'DSP48' <Latency = 3> <II = 1> <Delay = 0.53> <IPBlock> <Opcode : '' 'add' 'sub' 'mul' 'select'> <InPorts = 0> <OutPorts = 1> <Sync> <CReg>

State 319 <SV = 43> <Delay = 0.99>
ST_319 : Operation 1370 [2/3] (0.99ns) (grouped into DSP with root node add_ln134)   --->   "%mul_ln134 = mul i12 %zext_ln134, i12 50" [flood_HLS_base.cpp:134]   --->   Operation 1370 'mul' 'mul_ln134' <Predicate = true> <Delay = 0.99> <CoreInst = "DSP48">   --->   Core 124 'DSP48' <Latency = 3> <II = 1> <Delay = 0.53> <IPBlock> <Opcode : '' 'add' 'sub' 'mul' 'select'> <InPorts = 0> <OutPorts = 1> <Sync> <CReg>

State 320 <SV = 44> <Delay = 1.41>
ST_320 : Operation 1371 [1/1] (0.00ns)   --->   "%sext_ln123 = sext i2 %displacements_1_load" [flood_HLS_base.cpp:123]   --->   Operation 1371 'sext' 'sext_ln123' <Predicate = true> <Delay = 0.00>
ST_320 : Operation 1372 [1/1] (0.70ns)   --->   "%new_col = add i7 %sext_ln123, i7 %zext_ln121" [flood_HLS_base.cpp:123]   --->   Operation 1372 'add' 'new_col' <Predicate = true> <Delay = 0.70> <CoreInst = "Adder">   --->   Core 1 'Adder' <Latency = 0> <II = 1> <Delay = 0.70> <FuncUnit> <Opcode : 'add' 'sub'> <InPorts = 2> <OutPorts = 1>
ST_320 : Operation 1373 [1/1] (0.70ns)   --->   "%icmp_ln128_1 = icmp_ugt  i7 %new_col, i7 49" [flood_HLS_base.cpp:128]   --->   Operation 1373 'icmp' 'icmp_ln128_1' <Predicate = true> <Delay = 0.70> <CoreInst = "Cmp">   --->   Core 9 'Cmp' <Latency = 0> <II = 1> <Delay = 0.70> <FuncUnit> <Opcode : 'seteq' 'setne' 'setle' 'setge' 'setlt' 'setgt'> <InPorts = 2> <OutPorts = 1>
ST_320 : Operation 1374 [1/3] (0.00ns) (grouped into DSP with root node add_ln134)   --->   "%mul_ln134 = mul i12 %zext_ln134, i12 50" [flood_HLS_base.cpp:134]   --->   Operation 1374 'mul' 'mul_ln134' <Predicate = true> <Delay = 0.00> <CoreInst = "DSP48">   --->   Core 124 'DSP48' <Latency = 3> <II = 1> <Delay = 0.53> <IPBlock> <Opcode : '' 'add' 'sub' 'mul' 'select'> <InPorts = 0> <OutPorts = 1> <Sync> <CReg>
ST_320 : Operation 1375 [1/1] (0.00ns)   --->   "%sext_ln134 = sext i7 %new_col" [flood_HLS_base.cpp:134]   --->   Operation 1375 'sext' 'sext_ln134' <Predicate = true> <Delay = 0.00>
ST_320 : Operation 1376 [2/2] (0.64ns) (root node of the DSP)   --->   "%add_ln134 = add i12 %mul_ln134, i12 %sext_ln134" [flood_HLS_base.cpp:134]   --->   Operation 1376 'add' 'add_ln134' <Predicate = true> <Delay = 0.64> <CoreInst = "DSP48">   --->   Core 124 'DSP48' <Latency = 3> <II = 1> <Delay = 0.53> <IPBlock> <Opcode : '' 'add' 'sub' 'mul' 'select'> <InPorts = 0> <OutPorts = 1> <Sync> <CReg>

State 321 <SV = 45> <Delay = 2.29>
ST_321 : Operation 1377 [1/2] (0.64ns) (root node of the DSP)   --->   "%add_ln134 = add i12 %mul_ln134, i12 %sext_ln134" [flood_HLS_base.cpp:134]   --->   Operation 1377 'add' 'add_ln134' <Predicate = true> <Delay = 0.64> <CoreInst = "DSP48">   --->   Core 124 'DSP48' <Latency = 3> <II = 1> <Delay = 0.53> <IPBlock> <Opcode : '' 'add' 'sub' 'mul' 'select'> <InPorts = 0> <OutPorts = 1> <Sync> <CReg>
ST_321 : Operation 1378 [1/1] (0.00ns)   --->   "%zext_ln134_1 = zext i12 %add_ln134" [flood_HLS_base.cpp:134]   --->   Operation 1378 'zext' 'zext_ln134_1' <Predicate = true> <Delay = 0.00>
ST_321 : Operation 1379 [1/1] (0.00ns)   --->   "%p_ground_addr_1 = getelementptr i32 %p_ground, i64 0, i64 %zext_ln134_1" [flood_HLS_base.cpp:134]   --->   Operation 1379 'getelementptr' 'p_ground_addr_1' <Predicate = true> <Delay = 0.00>
ST_321 : Operation 1380 [1/1] (0.00ns)   --->   "%water_level_addr_5 = getelementptr i32 %water_level, i64 0, i64 %zext_ln134_1" [flood_HLS_base.cpp:134]   --->   Operation 1380 'getelementptr' 'water_level_addr_5' <Predicate = true> <Delay = 0.00>
ST_321 : Operation 1381 [2/2] (1.64ns)   --->   "%p_ground_load_1 = load i12 %p_ground_addr_1" [flood_HLS_base.cpp:134]   --->   Operation 1381 'load' 'p_ground_load_1' <Predicate = true> <Delay = 1.64> <CoreInst = "RAM">   --->   Core 82 'RAM' <Latency = 1> <II = 1> <Delay = 1.64> <Storage> <Opcode : 'load' 'store'> <Ports = 2> <Width = 32> <Depth = 2500> <RAM>
ST_321 : Operation 1382 [2/2] (1.64ns)   --->   "%water_level_load_4 = load i12 %water_level_addr_5" [flood_HLS_base.cpp:134]   --->   Operation 1382 'load' 'water_level_load_4' <Predicate = true> <Delay = 1.64> <CoreInst = "RAM">   --->   Core 82 'RAM' <Latency = 1> <II = 1> <Delay = 1.64> <Storage> <Opcode : 'load' 'store'> <Ports = 2> <Width = 32> <Depth = 2500> <RAM>

State 322 <SV = 46> <Delay = 1.64>
ST_322 : Operation 1383 [1/2] (1.64ns)   --->   "%p_ground_load_1 = load i12 %p_ground_addr_1" [flood_HLS_base.cpp:134]   --->   Operation 1383 'load' 'p_ground_load_1' <Predicate = true> <Delay = 1.64> <CoreInst = "RAM">   --->   Core 82 'RAM' <Latency = 1> <II = 1> <Delay = 1.64> <Storage> <Opcode : 'load' 'store'> <Ports = 2> <Width = 32> <Depth = 2500> <RAM>
ST_322 : Operation 1384 [1/2] (1.64ns)   --->   "%water_level_load_4 = load i12 %water_level_addr_5" [flood_HLS_base.cpp:134]   --->   Operation 1384 'load' 'water_level_load_4' <Predicate = true> <Delay = 1.64> <CoreInst = "RAM">   --->   Core 82 'RAM' <Latency = 1> <II = 1> <Delay = 1.64> <Storage> <Opcode : 'load' 'store'> <Ports = 2> <Width = 32> <Depth = 2500> <RAM>

State 323 <SV = 47> <Delay = 2.66>
ST_323 : Operation 1385 [4/4] (2.66ns)   --->   "%conv6 = sitofp i32 %water_level_load_4" [flood_HLS_base.cpp:134]   --->   Operation 1385 'sitofp' 'conv6' <Predicate = true> <Delay = 2.66> <CoreInst = "Int2Float">   --->   Core 62 'Int2Float' <Latency = 3> <II = 1> <Delay = 2.66> <FuncUnit> <Opcode : 'uitofp' 'sitofp'> <InPorts = 1> <OutPorts = 1>

State 324 <SV = 48> <Delay = 2.66>
ST_324 : Operation 1386 [3/4] (2.66ns)   --->   "%conv6 = sitofp i32 %water_level_load_4" [flood_HLS_base.cpp:134]   --->   Operation 1386 'sitofp' 'conv6' <Predicate = true> <Delay = 2.66> <CoreInst = "Int2Float">   --->   Core 62 'Int2Float' <Latency = 3> <II = 1> <Delay = 2.66> <FuncUnit> <Opcode : 'uitofp' 'sitofp'> <InPorts = 1> <OutPorts = 1>

State 325 <SV = 49> <Delay = 2.66>
ST_325 : Operation 1387 [2/4] (2.66ns)   --->   "%conv6 = sitofp i32 %water_level_load_4" [flood_HLS_base.cpp:134]   --->   Operation 1387 'sitofp' 'conv6' <Predicate = true> <Delay = 2.66> <CoreInst = "Int2Float">   --->   Core 62 'Int2Float' <Latency = 3> <II = 1> <Delay = 2.66> <FuncUnit> <Opcode : 'uitofp' 'sitofp'> <InPorts = 1> <OutPorts = 1>

State 326 <SV = 50> <Delay = 2.66>
ST_326 : Operation 1388 [1/4] (2.66ns)   --->   "%conv6 = sitofp i32 %water_level_load_4" [flood_HLS_base.cpp:134]   --->   Operation 1388 'sitofp' 'conv6' <Predicate = true> <Delay = 2.66> <CoreInst = "Int2Float">   --->   Core 62 'Int2Float' <Latency = 3> <II = 1> <Delay = 2.66> <FuncUnit> <Opcode : 'uitofp' 'sitofp'> <InPorts = 1> <OutPorts = 1>

State 327 <SV = 51> <Delay = 2.32>
ST_327 : Operation 1389 [12/12] (2.32ns)   --->   "%div4 = fdiv i32 %conv6, i32 1e+06" [flood_HLS_base.cpp:134]   --->   Operation 1389 'fdiv' 'div4' <Predicate = true> <Delay = 2.32> <CoreInst = "FDiv">   --->   Core 20 'FDiv' <Latency = 11> <II = 1> <Delay = 2.32> <FuncUnit> <Opcode : 'fdiv' 'frem'> <InPorts = 2> <OutPorts = 1>

State 328 <SV = 52> <Delay = 2.32>
ST_328 : Operation 1390 [11/12] (2.32ns)   --->   "%div4 = fdiv i32 %conv6, i32 1e+06" [flood_HLS_base.cpp:134]   --->   Operation 1390 'fdiv' 'div4' <Predicate = true> <Delay = 2.32> <CoreInst = "FDiv">   --->   Core 20 'FDiv' <Latency = 11> <II = 1> <Delay = 2.32> <FuncUnit> <Opcode : 'fdiv' 'frem'> <InPorts = 2> <OutPorts = 1>

State 329 <SV = 53> <Delay = 2.32>
ST_329 : Operation 1391 [10/12] (2.32ns)   --->   "%div4 = fdiv i32 %conv6, i32 1e+06" [flood_HLS_base.cpp:134]   --->   Operation 1391 'fdiv' 'div4' <Predicate = true> <Delay = 2.32> <CoreInst = "FDiv">   --->   Core 20 'FDiv' <Latency = 11> <II = 1> <Delay = 2.32> <FuncUnit> <Opcode : 'fdiv' 'frem'> <InPorts = 2> <OutPorts = 1>

State 330 <SV = 54> <Delay = 2.32>
ST_330 : Operation 1392 [9/12] (2.32ns)   --->   "%div4 = fdiv i32 %conv6, i32 1e+06" [flood_HLS_base.cpp:134]   --->   Operation 1392 'fdiv' 'div4' <Predicate = true> <Delay = 2.32> <CoreInst = "FDiv">   --->   Core 20 'FDiv' <Latency = 11> <II = 1> <Delay = 2.32> <FuncUnit> <Opcode : 'fdiv' 'frem'> <InPorts = 2> <OutPorts = 1>

State 331 <SV = 55> <Delay = 2.32>
ST_331 : Operation 1393 [8/12] (2.32ns)   --->   "%div4 = fdiv i32 %conv6, i32 1e+06" [flood_HLS_base.cpp:134]   --->   Operation 1393 'fdiv' 'div4' <Predicate = true> <Delay = 2.32> <CoreInst = "FDiv">   --->   Core 20 'FDiv' <Latency = 11> <II = 1> <Delay = 2.32> <FuncUnit> <Opcode : 'fdiv' 'frem'> <InPorts = 2> <OutPorts = 1>

State 332 <SV = 56> <Delay = 2.32>
ST_332 : Operation 1394 [7/12] (2.32ns)   --->   "%div4 = fdiv i32 %conv6, i32 1e+06" [flood_HLS_base.cpp:134]   --->   Operation 1394 'fdiv' 'div4' <Predicate = true> <Delay = 2.32> <CoreInst = "FDiv">   --->   Core 20 'FDiv' <Latency = 11> <II = 1> <Delay = 2.32> <FuncUnit> <Opcode : 'fdiv' 'frem'> <InPorts = 2> <OutPorts = 1>

State 333 <SV = 57> <Delay = 2.32>
ST_333 : Operation 1395 [6/12] (2.32ns)   --->   "%div4 = fdiv i32 %conv6, i32 1e+06" [flood_HLS_base.cpp:134]   --->   Operation 1395 'fdiv' 'div4' <Predicate = true> <Delay = 2.32> <CoreInst = "FDiv">   --->   Core 20 'FDiv' <Latency = 11> <II = 1> <Delay = 2.32> <FuncUnit> <Opcode : 'fdiv' 'frem'> <InPorts = 2> <OutPorts = 1>

State 334 <SV = 58> <Delay = 2.32>
ST_334 : Operation 1396 [5/12] (2.32ns)   --->   "%div4 = fdiv i32 %conv6, i32 1e+06" [flood_HLS_base.cpp:134]   --->   Operation 1396 'fdiv' 'div4' <Predicate = true> <Delay = 2.32> <CoreInst = "FDiv">   --->   Core 20 'FDiv' <Latency = 11> <II = 1> <Delay = 2.32> <FuncUnit> <Opcode : 'fdiv' 'frem'> <InPorts = 2> <OutPorts = 1>
ST_334 : Operation 1397 [1/1] (0.00ns)   --->   "%tmp_40 = partselect i8 @_ssdm_op_PartSelect.i8.i32.i32.i32, i32 %bitcast_ln139, i32 23, i32 30" [flood_HLS_base.cpp:139]   --->   Operation 1397 'partselect' 'tmp_40' <Predicate = true> <Delay = 0.00>
ST_334 : Operation 1398 [1/1] (0.70ns)   --->   "%icmp_ln139 = icmp_ne  i8 %tmp_40, i8 255" [flood_HLS_base.cpp:139]   --->   Operation 1398 'icmp' 'icmp_ln139' <Predicate = true> <Delay = 0.70> <CoreInst = "Cmp">   --->   Core 9 'Cmp' <Latency = 0> <II = 1> <Delay = 0.70> <FuncUnit> <Opcode : 'seteq' 'setne' 'setle' 'setge' 'setlt' 'setgt'> <InPorts = 2> <OutPorts = 1>

State 335 <SV = 59> <Delay = 2.32>
ST_335 : Operation 1399 [4/12] (2.32ns)   --->   "%div4 = fdiv i32 %conv6, i32 1e+06" [flood_HLS_base.cpp:134]   --->   Operation 1399 'fdiv' 'div4' <Predicate = true> <Delay = 2.32> <CoreInst = "FDiv">   --->   Core 20 'FDiv' <Latency = 11> <II = 1> <Delay = 2.32> <FuncUnit> <Opcode : 'fdiv' 'frem'> <InPorts = 2> <OutPorts = 1>

State 336 <SV = 60> <Delay = 2.32>
ST_336 : Operation 1400 [3/12] (2.32ns)   --->   "%div4 = fdiv i32 %conv6, i32 1e+06" [flood_HLS_base.cpp:134]   --->   Operation 1400 'fdiv' 'div4' <Predicate = true> <Delay = 2.32> <CoreInst = "FDiv">   --->   Core 20 'FDiv' <Latency = 11> <II = 1> <Delay = 2.32> <FuncUnit> <Opcode : 'fdiv' 'frem'> <InPorts = 2> <OutPorts = 1>

State 337 <SV = 61> <Delay = 2.32>
ST_337 : Operation 1401 [2/12] (2.32ns)   --->   "%div4 = fdiv i32 %conv6, i32 1e+06" [flood_HLS_base.cpp:134]   --->   Operation 1401 'fdiv' 'div4' <Predicate = true> <Delay = 2.32> <CoreInst = "FDiv">   --->   Core 20 'FDiv' <Latency = 11> <II = 1> <Delay = 2.32> <FuncUnit> <Opcode : 'fdiv' 'frem'> <InPorts = 2> <OutPorts = 1>

State 338 <SV = 62> <Delay = 2.32>
ST_338 : Operation 1402 [1/12] (2.32ns)   --->   "%div4 = fdiv i32 %conv6, i32 1e+06" [flood_HLS_base.cpp:134]   --->   Operation 1402 'fdiv' 'div4' <Predicate = true> <Delay = 2.32> <CoreInst = "FDiv">   --->   Core 20 'FDiv' <Latency = 11> <II = 1> <Delay = 2.32> <FuncUnit> <Opcode : 'fdiv' 'frem'> <InPorts = 2> <OutPorts = 1>

State 339 <SV = 63> <Delay = 2.34>
ST_339 : Operation 1403 [1/1] (0.00ns)   --->   "%bitcast_ln134 = bitcast i32 %p_ground_load_1" [flood_HLS_base.cpp:134]   --->   Operation 1403 'bitcast' 'bitcast_ln134' <Predicate = true> <Delay = 0.00>
ST_339 : Operation 1404 [7/7] (2.34ns)   --->   "%neighbor_height = fadd i32 %bitcast_ln134, i32 %div4" [flood_HLS_base.cpp:134]   --->   Operation 1404 'fadd' 'neighbor_height' <Predicate = true> <Delay = 2.34> <CoreInst = "FAddSub_fulldsp">   --->   Core 18 'FAddSub_fulldsp' <Latency = 6> <II = 1> <Delay = 2.34> <FuncUnit> <Opcode : 'fadd' 'fsub'> <InPorts = 2> <OutPorts = 1>

State 340 <SV = 64> <Delay = 2.34>
ST_340 : Operation 1405 [6/7] (2.34ns)   --->   "%neighbor_height = fadd i32 %bitcast_ln134, i32 %div4" [flood_HLS_base.cpp:134]   --->   Operation 1405 'fadd' 'neighbor_height' <Predicate = true> <Delay = 2.34> <CoreInst = "FAddSub_fulldsp">   --->   Core 18 'FAddSub_fulldsp' <Latency = 6> <II = 1> <Delay = 2.34> <FuncUnit> <Opcode : 'fadd' 'fsub'> <InPorts = 2> <OutPorts = 1>

State 341 <SV = 65> <Delay = 2.34>
ST_341 : Operation 1406 [5/7] (2.34ns)   --->   "%neighbor_height = fadd i32 %bitcast_ln134, i32 %div4" [flood_HLS_base.cpp:134]   --->   Operation 1406 'fadd' 'neighbor_height' <Predicate = true> <Delay = 2.34> <CoreInst = "FAddSub_fulldsp">   --->   Core 18 'FAddSub_fulldsp' <Latency = 6> <II = 1> <Delay = 2.34> <FuncUnit> <Opcode : 'fadd' 'fsub'> <InPorts = 2> <OutPorts = 1>

State 342 <SV = 66> <Delay = 2.34>
ST_342 : Operation 1407 [4/7] (2.34ns)   --->   "%neighbor_height = fadd i32 %bitcast_ln134, i32 %div4" [flood_HLS_base.cpp:134]   --->   Operation 1407 'fadd' 'neighbor_height' <Predicate = true> <Delay = 2.34> <CoreInst = "FAddSub_fulldsp">   --->   Core 18 'FAddSub_fulldsp' <Latency = 6> <II = 1> <Delay = 2.34> <FuncUnit> <Opcode : 'fadd' 'fsub'> <InPorts = 2> <OutPorts = 1>

State 343 <SV = 67> <Delay = 2.34>
ST_343 : Operation 1408 [3/7] (2.34ns)   --->   "%neighbor_height = fadd i32 %bitcast_ln134, i32 %div4" [flood_HLS_base.cpp:134]   --->   Operation 1408 'fadd' 'neighbor_height' <Predicate = true> <Delay = 2.34> <CoreInst = "FAddSub_fulldsp">   --->   Core 18 'FAddSub_fulldsp' <Latency = 6> <II = 1> <Delay = 2.34> <FuncUnit> <Opcode : 'fadd' 'fsub'> <InPorts = 2> <OutPorts = 1>

State 344 <SV = 68> <Delay = 2.34>
ST_344 : Operation 1409 [2/7] (2.34ns)   --->   "%neighbor_height = fadd i32 %bitcast_ln134, i32 %div4" [flood_HLS_base.cpp:134]   --->   Operation 1409 'fadd' 'neighbor_height' <Predicate = true> <Delay = 2.34> <CoreInst = "FAddSub_fulldsp">   --->   Core 18 'FAddSub_fulldsp' <Latency = 6> <II = 1> <Delay = 2.34> <FuncUnit> <Opcode : 'fadd' 'fsub'> <InPorts = 2> <OutPorts = 1>

State 345 <SV = 69> <Delay = 2.56>
ST_345 : Operation 1410 [1/1] (0.00ns) (grouped into LUT with out node neighbor_height_1)   --->   "%or_ln128 = or i1 %icmp_ln128_1, i1 %icmp_ln128" [flood_HLS_base.cpp:128]   --->   Operation 1410 'or' 'or_ln128' <Predicate = true> <Delay = 0.00> <CoreInst = "LogicGate">   --->   Core 74 'LogicGate' <Latency = 0> <II = 1> <Delay = 0.12> <FuncUnit> <Opcode : 'and' 'or' 'xor'> <InPorts = 2> <OutPorts = 1>
ST_345 : Operation 1411 [1/7] (2.34ns)   --->   "%neighbor_height = fadd i32 %bitcast_ln134, i32 %div4" [flood_HLS_base.cpp:134]   --->   Operation 1411 'fadd' 'neighbor_height' <Predicate = true> <Delay = 2.34> <CoreInst = "FAddSub_fulldsp">   --->   Core 18 'FAddSub_fulldsp' <Latency = 6> <II = 1> <Delay = 2.34> <FuncUnit> <Opcode : 'fadd' 'fsub'> <InPorts = 2> <OutPorts = 1>
ST_345 : Operation 1412 [1/1] (0.22ns) (out node of the LUT)   --->   "%neighbor_height_1 = select i1 %or_ln128, i32 %neighbor_height_2, i32 %neighbor_height" [flood_HLS_base.cpp:128]   --->   Operation 1412 'select' 'neighbor_height_1' <Predicate = true> <Delay = 0.22> <CoreInst = "Sel">   --->   Core 73 'Sel' <Latency = 0> <II = 1> <Delay = 0.22> <FuncUnit> <Opcode : 'select'> <InPorts = 3> <OutPorts = 1>

State 346 <SV = 70> <Delay = 2.34>
ST_346 : Operation 1413 [1/1] (0.00ns)   --->   "%bitcast_ln139_1 = bitcast i32 %neighbor_height_1" [flood_HLS_base.cpp:139]   --->   Operation 1413 'bitcast' 'bitcast_ln139_1' <Predicate = true> <Delay = 0.00>
ST_346 : Operation 1414 [1/1] (0.00ns)   --->   "%tmp_41 = partselect i8 @_ssdm_op_PartSelect.i8.i32.i32.i32, i32 %bitcast_ln139_1, i32 23, i32 30" [flood_HLS_base.cpp:139]   --->   Operation 1414 'partselect' 'tmp_41' <Predicate = true> <Delay = 0.00>
ST_346 : Operation 1415 [1/1] (0.00ns)   --->   "%trunc_ln139_1 = trunc i32 %bitcast_ln139_1" [flood_HLS_base.cpp:139]   --->   Operation 1415 'trunc' 'trunc_ln139_1' <Predicate = true> <Delay = 0.00>
ST_346 : Operation 1416 [1/1] (0.70ns)   --->   "%icmp_ln139_2 = icmp_ne  i8 %tmp_41, i8 255" [flood_HLS_base.cpp:139]   --->   Operation 1416 'icmp' 'icmp_ln139_2' <Predicate = true> <Delay = 0.70> <CoreInst = "Cmp">   --->   Core 9 'Cmp' <Latency = 0> <II = 1> <Delay = 0.70> <FuncUnit> <Opcode : 'seteq' 'setne' 'setle' 'setge' 'setlt' 'setgt'> <InPorts = 2> <OutPorts = 1>
ST_346 : Operation 1417 [1/1] (0.82ns)   --->   "%icmp_ln139_3 = icmp_eq  i23 %trunc_ln139_1, i23 0" [flood_HLS_base.cpp:139]   --->   Operation 1417 'icmp' 'icmp_ln139_3' <Predicate = true> <Delay = 0.82> <CoreInst = "Cmp">   --->   Core 9 'Cmp' <Latency = 0> <II = 1> <Delay = 0.82> <FuncUnit> <Opcode : 'seteq' 'setne' 'setle' 'setge' 'setlt' 'setgt'> <InPorts = 2> <OutPorts = 1>
ST_346 : Operation 1418 [2/2] (1.64ns)   --->   "%tmp_42 = fcmp_oge  i32 %current_height, i32 %neighbor_height_1" [flood_HLS_base.cpp:139]   --->   Operation 1418 'fcmp' 'tmp_42' <Predicate = true> <Delay = 1.64> <CoreInst = "FCompare">   --->   Core 19 'FCompare' <Latency = 1> <II = 1> <Delay = 1.64> <FuncUnit> <Opcode : 'fcmp'> <InPorts = 2> <OutPorts = 1>
ST_346 : Operation 1419 [7/7] (2.34ns)   --->   "%height_diff = fsub i32 %current_height, i32 %neighbor_height_1" [flood_HLS_base.cpp:140]   --->   Operation 1419 'fsub' 'height_diff' <Predicate = true> <Delay = 2.34> <CoreInst = "FAddSub_fulldsp">   --->   Core 18 'FAddSub_fulldsp' <Latency = 6> <II = 1> <Delay = 2.34> <FuncUnit> <Opcode : 'fadd' 'fsub'> <InPorts = 2> <OutPorts = 1>

State 347 <SV = 71> <Delay = 2.34>
ST_347 : Operation 1420 [1/1] (0.00ns) (grouped into LUT with out node and_ln139_1)   --->   "%or_ln139 = or i1 %icmp_ln139_1, i1 %icmp_ln139" [flood_HLS_base.cpp:139]   --->   Operation 1420 'or' 'or_ln139' <Predicate = true> <Delay = 0.00> <CoreInst = "LogicGate">   --->   Core 74 'LogicGate' <Latency = 0> <II = 1> <Delay = 0.12> <FuncUnit> <Opcode : 'and' 'or' 'xor'> <InPorts = 2> <OutPorts = 1>
ST_347 : Operation 1421 [1/1] (0.00ns) (grouped into LUT with out node and_ln139_1)   --->   "%or_ln139_1 = or i1 %icmp_ln139_3, i1 %icmp_ln139_2" [flood_HLS_base.cpp:139]   --->   Operation 1421 'or' 'or_ln139_1' <Predicate = true> <Delay = 0.00> <CoreInst = "LogicGate">   --->   Core 74 'LogicGate' <Latency = 0> <II = 1> <Delay = 0.12> <FuncUnit> <Opcode : 'and' 'or' 'xor'> <InPorts = 2> <OutPorts = 1>
ST_347 : Operation 1422 [1/1] (0.00ns) (grouped into LUT with out node and_ln139_1)   --->   "%and_ln139 = and i1 %or_ln139, i1 %or_ln139_1" [flood_HLS_base.cpp:139]   --->   Operation 1422 'and' 'and_ln139' <Predicate = true> <Delay = 0.00> <CoreInst = "LogicGate">   --->   Core 74 'LogicGate' <Latency = 0> <II = 1> <Delay = 0.12> <FuncUnit> <Opcode : 'and' 'or' 'xor'> <InPorts = 2> <OutPorts = 1>
ST_347 : Operation 1423 [1/2] (1.64ns)   --->   "%tmp_42 = fcmp_oge  i32 %current_height, i32 %neighbor_height_1" [flood_HLS_base.cpp:139]   --->   Operation 1423 'fcmp' 'tmp_42' <Predicate = true> <Delay = 1.64> <CoreInst = "FCompare">   --->   Core 19 'FCompare' <Latency = 1> <II = 1> <Delay = 1.64> <FuncUnit> <Opcode : 'fcmp'> <InPorts = 2> <OutPorts = 1>
ST_347 : Operation 1424 [1/1] (0.12ns) (out node of the LUT)   --->   "%and_ln139_1 = and i1 %and_ln139, i1 %tmp_42" [flood_HLS_base.cpp:139]   --->   Operation 1424 'and' 'and_ln139_1' <Predicate = true> <Delay = 0.12> <CoreInst = "LogicGate">   --->   Core 74 'LogicGate' <Latency = 0> <II = 1> <Delay = 0.12> <FuncUnit> <Opcode : 'and' 'or' 'xor'> <InPorts = 2> <OutPorts = 1>
ST_347 : Operation 1425 [6/7] (2.34ns)   --->   "%height_diff = fsub i32 %current_height, i32 %neighbor_height_1" [flood_HLS_base.cpp:140]   --->   Operation 1425 'fsub' 'height_diff' <Predicate = true> <Delay = 2.34> <CoreInst = "FAddSub_fulldsp">   --->   Core 18 'FAddSub_fulldsp' <Latency = 6> <II = 1> <Delay = 2.34> <FuncUnit> <Opcode : 'fadd' 'fsub'> <InPorts = 2> <OutPorts = 1>

State 348 <SV = 72> <Delay = 2.34>
ST_348 : Operation 1426 [5/7] (2.34ns)   --->   "%height_diff = fsub i32 %current_height, i32 %neighbor_height_1" [flood_HLS_base.cpp:140]   --->   Operation 1426 'fsub' 'height_diff' <Predicate = true> <Delay = 2.34> <CoreInst = "FAddSub_fulldsp">   --->   Core 18 'FAddSub_fulldsp' <Latency = 6> <II = 1> <Delay = 2.34> <FuncUnit> <Opcode : 'fadd' 'fsub'> <InPorts = 2> <OutPorts = 1>

State 349 <SV = 73> <Delay = 2.34>
ST_349 : Operation 1427 [4/7] (2.34ns)   --->   "%height_diff = fsub i32 %current_height, i32 %neighbor_height_1" [flood_HLS_base.cpp:140]   --->   Operation 1427 'fsub' 'height_diff' <Predicate = true> <Delay = 2.34> <CoreInst = "FAddSub_fulldsp">   --->   Core 18 'FAddSub_fulldsp' <Latency = 6> <II = 1> <Delay = 2.34> <FuncUnit> <Opcode : 'fadd' 'fsub'> <InPorts = 2> <OutPorts = 1>

State 350 <SV = 74> <Delay = 2.34>
ST_350 : Operation 1428 [3/7] (2.34ns)   --->   "%height_diff = fsub i32 %current_height, i32 %neighbor_height_1" [flood_HLS_base.cpp:140]   --->   Operation 1428 'fsub' 'height_diff' <Predicate = true> <Delay = 2.34> <CoreInst = "FAddSub_fulldsp">   --->   Core 18 'FAddSub_fulldsp' <Latency = 6> <II = 1> <Delay = 2.34> <FuncUnit> <Opcode : 'fadd' 'fsub'> <InPorts = 2> <OutPorts = 1>

State 351 <SV = 75> <Delay = 2.34>
ST_351 : Operation 1429 [2/7] (2.34ns)   --->   "%height_diff = fsub i32 %current_height, i32 %neighbor_height_1" [flood_HLS_base.cpp:140]   --->   Operation 1429 'fsub' 'height_diff' <Predicate = true> <Delay = 2.34> <CoreInst = "FAddSub_fulldsp">   --->   Core 18 'FAddSub_fulldsp' <Latency = 6> <II = 1> <Delay = 2.34> <FuncUnit> <Opcode : 'fadd' 'fsub'> <InPorts = 2> <OutPorts = 1>

State 352 <SV = 76> <Delay = 2.34>
ST_352 : Operation 1430 [1/7] (2.34ns)   --->   "%height_diff = fsub i32 %current_height, i32 %neighbor_height_1" [flood_HLS_base.cpp:140]   --->   Operation 1430 'fsub' 'height_diff' <Predicate = true> <Delay = 2.34> <CoreInst = "FAddSub_fulldsp">   --->   Core 18 'FAddSub_fulldsp' <Latency = 6> <II = 1> <Delay = 2.34> <FuncUnit> <Opcode : 'fadd' 'fsub'> <InPorts = 2> <OutPorts = 1>

State 353 <SV = 77> <Delay = 2.34>
ST_353 : Operation 1431 [7/7] (2.34ns)   --->   "%sum_diff_2 = fadd i32 %sum_diff, i32 %height_diff" [flood_HLS_base.cpp:141]   --->   Operation 1431 'fadd' 'sum_diff_2' <Predicate = (and_ln139_1)> <Delay = 2.34> <CoreInst = "FAddSub_fulldsp">   --->   Core 18 'FAddSub_fulldsp' <Latency = 6> <II = 1> <Delay = 2.34> <FuncUnit> <Opcode : 'fadd' 'fsub'> <InPorts = 2> <OutPorts = 1>
ST_353 : Operation 1432 [2/2] (1.64ns)   --->   "%tmp_46 = fcmp_ogt  i32 %my_spillage_level_2, i32 %height_diff" [flood_HLS_base.cpp:142]   --->   Operation 1432 'fcmp' 'tmp_46' <Predicate = (and_ln139_1)> <Delay = 1.64> <CoreInst = "FCompare">   --->   Core 19 'FCompare' <Latency = 1> <II = 1> <Delay = 1.64> <FuncUnit> <Opcode : 'fcmp'> <InPorts = 2> <OutPorts = 1>

State 354 <SV = 78> <Delay = 2.34>
ST_354 : Operation 1433 [6/7] (2.34ns)   --->   "%sum_diff_2 = fadd i32 %sum_diff, i32 %height_diff" [flood_HLS_base.cpp:141]   --->   Operation 1433 'fadd' 'sum_diff_2' <Predicate = (and_ln139_1)> <Delay = 2.34> <CoreInst = "FAddSub_fulldsp">   --->   Core 18 'FAddSub_fulldsp' <Latency = 6> <II = 1> <Delay = 2.34> <FuncUnit> <Opcode : 'fadd' 'fsub'> <InPorts = 2> <OutPorts = 1>
ST_354 : Operation 1434 [1/1] (0.00ns)   --->   "%bitcast_ln142 = bitcast i32 %my_spillage_level_2" [flood_HLS_base.cpp:142]   --->   Operation 1434 'bitcast' 'bitcast_ln142' <Predicate = (and_ln139_1)> <Delay = 0.00>
ST_354 : Operation 1435 [1/1] (0.00ns)   --->   "%tmp_43 = partselect i8 @_ssdm_op_PartSelect.i8.i32.i32.i32, i32 %bitcast_ln142, i32 23, i32 30" [flood_HLS_base.cpp:142]   --->   Operation 1435 'partselect' 'tmp_43' <Predicate = (and_ln139_1)> <Delay = 0.00>
ST_354 : Operation 1436 [1/1] (0.00ns)   --->   "%trunc_ln142 = trunc i32 %bitcast_ln142" [flood_HLS_base.cpp:142]   --->   Operation 1436 'trunc' 'trunc_ln142' <Predicate = (and_ln139_1)> <Delay = 0.00>
ST_354 : Operation 1437 [1/1] (0.00ns)   --->   "%bitcast_ln142_1 = bitcast i32 %height_diff" [flood_HLS_base.cpp:142]   --->   Operation 1437 'bitcast' 'bitcast_ln142_1' <Predicate = (and_ln139_1)> <Delay = 0.00>
ST_354 : Operation 1438 [1/1] (0.00ns)   --->   "%tmp_44 = partselect i8 @_ssdm_op_PartSelect.i8.i32.i32.i32, i32 %bitcast_ln142_1, i32 23, i32 30" [flood_HLS_base.cpp:142]   --->   Operation 1438 'partselect' 'tmp_44' <Predicate = (and_ln139_1)> <Delay = 0.00>
ST_354 : Operation 1439 [1/1] (0.00ns)   --->   "%trunc_ln142_1 = trunc i32 %bitcast_ln142_1" [flood_HLS_base.cpp:142]   --->   Operation 1439 'trunc' 'trunc_ln142_1' <Predicate = (and_ln139_1)> <Delay = 0.00>
ST_354 : Operation 1440 [1/1] (0.70ns)   --->   "%icmp_ln142 = icmp_ne  i8 %tmp_43, i8 255" [flood_HLS_base.cpp:142]   --->   Operation 1440 'icmp' 'icmp_ln142' <Predicate = (and_ln139_1)> <Delay = 0.70> <CoreInst = "Cmp">   --->   Core 9 'Cmp' <Latency = 0> <II = 1> <Delay = 0.70> <FuncUnit> <Opcode : 'seteq' 'setne' 'setle' 'setge' 'setlt' 'setgt'> <InPorts = 2> <OutPorts = 1>
ST_354 : Operation 1441 [1/1] (0.82ns)   --->   "%icmp_ln142_1 = icmp_eq  i23 %trunc_ln142, i23 0" [flood_HLS_base.cpp:142]   --->   Operation 1441 'icmp' 'icmp_ln142_1' <Predicate = (and_ln139_1)> <Delay = 0.82> <CoreInst = "Cmp">   --->   Core 9 'Cmp' <Latency = 0> <II = 1> <Delay = 0.82> <FuncUnit> <Opcode : 'seteq' 'setne' 'setle' 'setge' 'setlt' 'setgt'> <InPorts = 2> <OutPorts = 1>
ST_354 : Operation 1442 [1/1] (0.00ns) (grouped into LUT with out node and_ln142_1)   --->   "%or_ln142 = or i1 %icmp_ln142_1, i1 %icmp_ln142" [flood_HLS_base.cpp:142]   --->   Operation 1442 'or' 'or_ln142' <Predicate = (and_ln139_1)> <Delay = 0.00> <CoreInst = "LogicGate">   --->   Core 74 'LogicGate' <Latency = 0> <II = 1> <Delay = 0.12> <FuncUnit> <Opcode : 'and' 'or' 'xor'> <InPorts = 2> <OutPorts = 1>
ST_354 : Operation 1443 [1/1] (0.70ns)   --->   "%icmp_ln142_2 = icmp_ne  i8 %tmp_44, i8 255" [flood_HLS_base.cpp:142]   --->   Operation 1443 'icmp' 'icmp_ln142_2' <Predicate = (and_ln139_1)> <Delay = 0.70> <CoreInst = "Cmp">   --->   Core 9 'Cmp' <Latency = 0> <II = 1> <Delay = 0.70> <FuncUnit> <Opcode : 'seteq' 'setne' 'setle' 'setge' 'setlt' 'setgt'> <InPorts = 2> <OutPorts = 1>
ST_354 : Operation 1444 [1/1] (0.82ns)   --->   "%icmp_ln142_3 = icmp_eq  i23 %trunc_ln142_1, i23 0" [flood_HLS_base.cpp:142]   --->   Operation 1444 'icmp' 'icmp_ln142_3' <Predicate = (and_ln139_1)> <Delay = 0.82> <CoreInst = "Cmp">   --->   Core 9 'Cmp' <Latency = 0> <II = 1> <Delay = 0.82> <FuncUnit> <Opcode : 'seteq' 'setne' 'setle' 'setge' 'setlt' 'setgt'> <InPorts = 2> <OutPorts = 1>
ST_354 : Operation 1445 [1/1] (0.00ns) (grouped into LUT with out node and_ln142_1)   --->   "%or_ln142_1 = or i1 %icmp_ln142_3, i1 %icmp_ln142_2" [flood_HLS_base.cpp:142]   --->   Operation 1445 'or' 'or_ln142_1' <Predicate = (and_ln139_1)> <Delay = 0.00> <CoreInst = "LogicGate">   --->   Core 74 'LogicGate' <Latency = 0> <II = 1> <Delay = 0.12> <FuncUnit> <Opcode : 'and' 'or' 'xor'> <InPorts = 2> <OutPorts = 1>
ST_354 : Operation 1446 [1/1] (0.00ns) (grouped into LUT with out node and_ln142_1)   --->   "%and_ln142 = and i1 %or_ln142, i1 %or_ln142_1" [flood_HLS_base.cpp:142]   --->   Operation 1446 'and' 'and_ln142' <Predicate = (and_ln139_1)> <Delay = 0.00> <CoreInst = "LogicGate">   --->   Core 74 'LogicGate' <Latency = 0> <II = 1> <Delay = 0.12> <FuncUnit> <Opcode : 'and' 'or' 'xor'> <InPorts = 2> <OutPorts = 1>
ST_354 : Operation 1447 [1/2] (1.64ns)   --->   "%tmp_46 = fcmp_ogt  i32 %my_spillage_level_2, i32 %height_diff" [flood_HLS_base.cpp:142]   --->   Operation 1447 'fcmp' 'tmp_46' <Predicate = (and_ln139_1)> <Delay = 1.64> <CoreInst = "FCompare">   --->   Core 19 'FCompare' <Latency = 1> <II = 1> <Delay = 1.64> <FuncUnit> <Opcode : 'fcmp'> <InPorts = 2> <OutPorts = 1>
ST_354 : Operation 1448 [1/1] (0.12ns) (out node of the LUT)   --->   "%and_ln142_1 = and i1 %and_ln142, i1 %tmp_46" [flood_HLS_base.cpp:142]   --->   Operation 1448 'and' 'and_ln142_1' <Predicate = (and_ln139_1)> <Delay = 0.12> <CoreInst = "LogicGate">   --->   Core 74 'LogicGate' <Latency = 0> <II = 1> <Delay = 0.12> <FuncUnit> <Opcode : 'and' 'or' 'xor'> <InPorts = 2> <OutPorts = 1>
ST_354 : Operation 1449 [1/1] (0.00ns) (grouped into LUT with out node my_spillage_level_1)   --->   "%my_spillage_level_3 = select i1 %and_ln142_1, i32 %my_spillage_level_2, i32 %height_diff" [flood_HLS_base.cpp:142]   --->   Operation 1449 'select' 'my_spillage_level_3' <Predicate = (and_ln139_1)> <Delay = 0.00> <CoreInst = "Sel">   --->   Core 73 'Sel' <Latency = 0> <II = 1> <Delay = 0.22> <FuncUnit> <Opcode : 'select'> <InPorts = 3> <OutPorts = 1>
ST_354 : Operation 1450 [1/1] (0.22ns) (out node of the LUT)   --->   "%my_spillage_level_1 = select i1 %and_ln139_1, i32 %my_spillage_level_3, i32 %my_spillage_level_2" [flood_HLS_base.cpp:139]   --->   Operation 1450 'select' 'my_spillage_level_1' <Predicate = true> <Delay = 0.22> <CoreInst = "Sel">   --->   Core 73 'Sel' <Latency = 0> <II = 1> <Delay = 0.22> <FuncUnit> <Opcode : 'select'> <InPorts = 3> <OutPorts = 1>

State 355 <SV = 79> <Delay = 2.34>
ST_355 : Operation 1451 [5/7] (2.34ns)   --->   "%sum_diff_2 = fadd i32 %sum_diff, i32 %height_diff" [flood_HLS_base.cpp:141]   --->   Operation 1451 'fadd' 'sum_diff_2' <Predicate = (and_ln139_1)> <Delay = 2.34> <CoreInst = "FAddSub_fulldsp">   --->   Core 18 'FAddSub_fulldsp' <Latency = 6> <II = 1> <Delay = 2.34> <FuncUnit> <Opcode : 'fadd' 'fsub'> <InPorts = 2> <OutPorts = 1>

State 356 <SV = 80> <Delay = 2.34>
ST_356 : Operation 1452 [4/7] (2.34ns)   --->   "%sum_diff_2 = fadd i32 %sum_diff, i32 %height_diff" [flood_HLS_base.cpp:141]   --->   Operation 1452 'fadd' 'sum_diff_2' <Predicate = (and_ln139_1)> <Delay = 2.34> <CoreInst = "FAddSub_fulldsp">   --->   Core 18 'FAddSub_fulldsp' <Latency = 6> <II = 1> <Delay = 2.34> <FuncUnit> <Opcode : 'fadd' 'fsub'> <InPorts = 2> <OutPorts = 1>

State 357 <SV = 81> <Delay = 2.34>
ST_357 : Operation 1453 [3/7] (2.34ns)   --->   "%sum_diff_2 = fadd i32 %sum_diff, i32 %height_diff" [flood_HLS_base.cpp:141]   --->   Operation 1453 'fadd' 'sum_diff_2' <Predicate = (and_ln139_1)> <Delay = 2.34> <CoreInst = "FAddSub_fulldsp">   --->   Core 18 'FAddSub_fulldsp' <Latency = 6> <II = 1> <Delay = 2.34> <FuncUnit> <Opcode : 'fadd' 'fsub'> <InPorts = 2> <OutPorts = 1>

State 358 <SV = 82> <Delay = 2.34>
ST_358 : Operation 1454 [2/7] (2.34ns)   --->   "%sum_diff_2 = fadd i32 %sum_diff, i32 %height_diff" [flood_HLS_base.cpp:141]   --->   Operation 1454 'fadd' 'sum_diff_2' <Predicate = (and_ln139_1)> <Delay = 2.34> <CoreInst = "FAddSub_fulldsp">   --->   Core 18 'FAddSub_fulldsp' <Latency = 6> <II = 1> <Delay = 2.34> <FuncUnit> <Opcode : 'fadd' 'fsub'> <InPorts = 2> <OutPorts = 1>

State 359 <SV = 83> <Delay = 2.56>
ST_359 : Operation 1455 [1/1] (0.00ns)   --->   "%speclooptripcount_ln112 = speclooptripcount void @_ssdm_op_SpecLoopTripCount, i64 4, i64 4, i64 4" [flood_HLS_base.cpp:112]   --->   Operation 1455 'speclooptripcount' 'speclooptripcount_ln112' <Predicate = true> <Delay = 0.00>
ST_359 : Operation 1456 [1/1] (0.00ns)   --->   "%specloopname_ln121 = specloopname void @_ssdm_op_SpecLoopName, void @empty_5" [flood_HLS_base.cpp:121]   --->   Operation 1456 'specloopname' 'specloopname_ln121' <Predicate = true> <Delay = 0.00>
ST_359 : Operation 1457 [1/7] (2.34ns)   --->   "%sum_diff_2 = fadd i32 %sum_diff, i32 %height_diff" [flood_HLS_base.cpp:141]   --->   Operation 1457 'fadd' 'sum_diff_2' <Predicate = (and_ln139_1)> <Delay = 2.34> <CoreInst = "FAddSub_fulldsp">   --->   Core 18 'FAddSub_fulldsp' <Latency = 6> <II = 1> <Delay = 2.34> <FuncUnit> <Opcode : 'fadd' 'fsub'> <InPorts = 2> <OutPorts = 1>
ST_359 : Operation 1458 [1/1] (0.22ns)   --->   "%sum_diff_1 = select i1 %and_ln139_1, i32 %sum_diff_2, i32 %sum_diff" [flood_HLS_base.cpp:139]   --->   Operation 1458 'select' 'sum_diff_1' <Predicate = true> <Delay = 0.22> <CoreInst = "Sel">   --->   Core 73 'Sel' <Latency = 0> <II = 1> <Delay = 0.22> <FuncUnit> <Opcode : 'select'> <InPorts = 3> <OutPorts = 1>
ST_359 : Operation 1459 [1/1] (0.00ns)   --->   "%br_ln121 = br void %for.body270" [flood_HLS_base.cpp:121]   --->   Operation 1459 'br' 'br_ln121' <Predicate = true> <Delay = 0.00>

State 360 <SV = 42> <Delay = 2.15>
ST_360 : Operation 1460 [1/1] (0.00ns)   --->   "%bitcast_ln145 = bitcast i32 %div9" [flood_HLS_base.cpp:145]   --->   Operation 1460 'bitcast' 'bitcast_ln145' <Predicate = true> <Delay = 0.00>
ST_360 : Operation 1461 [1/1] (0.00ns)   --->   "%tmp_35 = partselect i8 @_ssdm_op_PartSelect.i8.i32.i32.i32, i32 %bitcast_ln145, i32 23, i32 30" [flood_HLS_base.cpp:145]   --->   Operation 1461 'partselect' 'tmp_35' <Predicate = true> <Delay = 0.00>
ST_360 : Operation 1462 [1/1] (0.00ns)   --->   "%trunc_ln145 = trunc i32 %bitcast_ln145" [flood_HLS_base.cpp:145]   --->   Operation 1462 'trunc' 'trunc_ln145' <Predicate = true> <Delay = 0.00>
ST_360 : Operation 1463 [1/1] (0.00ns)   --->   "%bitcast_ln145_1 = bitcast i32 %my_spillage_level_2" [flood_HLS_base.cpp:145]   --->   Operation 1463 'bitcast' 'bitcast_ln145_1' <Predicate = true> <Delay = 0.00>
ST_360 : Operation 1464 [1/1] (0.00ns)   --->   "%tmp_36 = partselect i8 @_ssdm_op_PartSelect.i8.i32.i32.i32, i32 %bitcast_ln145_1, i32 23, i32 30" [flood_HLS_base.cpp:145]   --->   Operation 1464 'partselect' 'tmp_36' <Predicate = true> <Delay = 0.00>
ST_360 : Operation 1465 [1/1] (0.00ns)   --->   "%trunc_ln145_1 = trunc i32 %bitcast_ln145_1" [flood_HLS_base.cpp:145]   --->   Operation 1465 'trunc' 'trunc_ln145_1' <Predicate = true> <Delay = 0.00>
ST_360 : Operation 1466 [1/1] (0.70ns)   --->   "%icmp_ln145 = icmp_ne  i8 %tmp_35, i8 255" [flood_HLS_base.cpp:145]   --->   Operation 1466 'icmp' 'icmp_ln145' <Predicate = true> <Delay = 0.70> <CoreInst = "Cmp">   --->   Core 9 'Cmp' <Latency = 0> <II = 1> <Delay = 0.70> <FuncUnit> <Opcode : 'seteq' 'setne' 'setle' 'setge' 'setlt' 'setgt'> <InPorts = 2> <OutPorts = 1>
ST_360 : Operation 1467 [1/1] (0.82ns)   --->   "%icmp_ln145_1 = icmp_eq  i23 %trunc_ln145, i23 0" [flood_HLS_base.cpp:145]   --->   Operation 1467 'icmp' 'icmp_ln145_1' <Predicate = true> <Delay = 0.82> <CoreInst = "Cmp">   --->   Core 9 'Cmp' <Latency = 0> <II = 1> <Delay = 0.82> <FuncUnit> <Opcode : 'seteq' 'setne' 'setle' 'setge' 'setlt' 'setgt'> <InPorts = 2> <OutPorts = 1>
ST_360 : Operation 1468 [1/1] (0.00ns) (grouped into LUT with out node and_ln145_1)   --->   "%or_ln145 = or i1 %icmp_ln145_1, i1 %icmp_ln145" [flood_HLS_base.cpp:145]   --->   Operation 1468 'or' 'or_ln145' <Predicate = true> <Delay = 0.00> <CoreInst = "LogicGate">   --->   Core 74 'LogicGate' <Latency = 0> <II = 1> <Delay = 0.12> <FuncUnit> <Opcode : 'and' 'or' 'xor'> <InPorts = 2> <OutPorts = 1>
ST_360 : Operation 1469 [1/1] (0.70ns)   --->   "%icmp_ln145_2 = icmp_ne  i8 %tmp_36, i8 255" [flood_HLS_base.cpp:145]   --->   Operation 1469 'icmp' 'icmp_ln145_2' <Predicate = true> <Delay = 0.70> <CoreInst = "Cmp">   --->   Core 9 'Cmp' <Latency = 0> <II = 1> <Delay = 0.70> <FuncUnit> <Opcode : 'seteq' 'setne' 'setle' 'setge' 'setlt' 'setgt'> <InPorts = 2> <OutPorts = 1>
ST_360 : Operation 1470 [1/1] (0.82ns)   --->   "%icmp_ln145_3 = icmp_eq  i23 %trunc_ln145_1, i23 0" [flood_HLS_base.cpp:145]   --->   Operation 1470 'icmp' 'icmp_ln145_3' <Predicate = true> <Delay = 0.82> <CoreInst = "Cmp">   --->   Core 9 'Cmp' <Latency = 0> <II = 1> <Delay = 0.82> <FuncUnit> <Opcode : 'seteq' 'setne' 'setle' 'setge' 'setlt' 'setgt'> <InPorts = 2> <OutPorts = 1>
ST_360 : Operation 1471 [1/1] (0.00ns) (grouped into LUT with out node and_ln145_1)   --->   "%or_ln145_1 = or i1 %icmp_ln145_3, i1 %icmp_ln145_2" [flood_HLS_base.cpp:145]   --->   Operation 1471 'or' 'or_ln145_1' <Predicate = true> <Delay = 0.00> <CoreInst = "LogicGate">   --->   Core 74 'LogicGate' <Latency = 0> <II = 1> <Delay = 0.12> <FuncUnit> <Opcode : 'and' 'or' 'xor'> <InPorts = 2> <OutPorts = 1>
ST_360 : Operation 1472 [1/1] (0.00ns) (grouped into LUT with out node and_ln145_1)   --->   "%and_ln145 = and i1 %or_ln145, i1 %or_ln145_1" [flood_HLS_base.cpp:145]   --->   Operation 1472 'and' 'and_ln145' <Predicate = true> <Delay = 0.00> <CoreInst = "LogicGate">   --->   Core 74 'LogicGate' <Latency = 0> <II = 1> <Delay = 0.12> <FuncUnit> <Opcode : 'and' 'or' 'xor'> <InPorts = 2> <OutPorts = 1>
ST_360 : Operation 1473 [1/2] (1.64ns)   --->   "%tmp_37 = fcmp_olt  i32 %div9, i32 %my_spillage_level_2" [flood_HLS_base.cpp:145]   --->   Operation 1473 'fcmp' 'tmp_37' <Predicate = true> <Delay = 1.64> <CoreInst = "FCompare">   --->   Core 19 'FCompare' <Latency = 1> <II = 1> <Delay = 1.64> <FuncUnit> <Opcode : 'fcmp'> <InPorts = 2> <OutPorts = 1>
ST_360 : Operation 1474 [1/1] (0.12ns) (out node of the LUT)   --->   "%and_ln145_1 = and i1 %and_ln145, i1 %tmp_37" [flood_HLS_base.cpp:145]   --->   Operation 1474 'and' 'and_ln145_1' <Predicate = true> <Delay = 0.12> <CoreInst = "LogicGate">   --->   Core 74 'LogicGate' <Latency = 0> <II = 1> <Delay = 0.12> <FuncUnit> <Opcode : 'and' 'or' 'xor'> <InPorts = 2> <OutPorts = 1>
ST_360 : Operation 1475 [1/1] (0.22ns) (out node of the LUT)   --->   "%my_spillage_level = select i1 %and_ln145_1, i32 %div9, i32 %my_spillage_level_2" [flood_HLS_base.cpp:145]   --->   Operation 1475 'select' 'my_spillage_level' <Predicate = true> <Delay = 0.22> <CoreInst = "Sel">   --->   Core 73 'Sel' <Latency = 0> <II = 1> <Delay = 0.22> <FuncUnit> <Opcode : 'select'> <InPorts = 3> <OutPorts = 1>
ST_360 : Operation 1476 [1/1] (0.00ns)   --->   "%bitcast_ln148 = bitcast i32 %sum_diff" [flood_HLS_base.cpp:148]   --->   Operation 1476 'bitcast' 'bitcast_ln148' <Predicate = true> <Delay = 0.00>
ST_360 : Operation 1477 [1/1] (0.00ns)   --->   "%tmp_38 = partselect i8 @_ssdm_op_PartSelect.i8.i32.i32.i32, i32 %bitcast_ln148, i32 23, i32 30" [flood_HLS_base.cpp:148]   --->   Operation 1477 'partselect' 'tmp_38' <Predicate = true> <Delay = 0.00>
ST_360 : Operation 1478 [1/1] (0.00ns)   --->   "%trunc_ln148 = trunc i32 %bitcast_ln148" [flood_HLS_base.cpp:148]   --->   Operation 1478 'trunc' 'trunc_ln148' <Predicate = true> <Delay = 0.00>
ST_360 : Operation 1479 [1/1] (0.70ns)   --->   "%icmp_ln148 = icmp_ne  i8 %tmp_38, i8 255" [flood_HLS_base.cpp:148]   --->   Operation 1479 'icmp' 'icmp_ln148' <Predicate = true> <Delay = 0.70> <CoreInst = "Cmp">   --->   Core 9 'Cmp' <Latency = 0> <II = 1> <Delay = 0.70> <FuncUnit> <Opcode : 'seteq' 'setne' 'setle' 'setge' 'setlt' 'setgt'> <InPorts = 2> <OutPorts = 1>
ST_360 : Operation 1480 [1/1] (0.82ns)   --->   "%icmp_ln148_1 = icmp_eq  i23 %trunc_ln148, i23 0" [flood_HLS_base.cpp:148]   --->   Operation 1480 'icmp' 'icmp_ln148_1' <Predicate = true> <Delay = 0.82> <CoreInst = "Cmp">   --->   Core 9 'Cmp' <Latency = 0> <II = 1> <Delay = 0.82> <FuncUnit> <Opcode : 'seteq' 'setne' 'setle' 'setge' 'setlt' 'setgt'> <InPorts = 2> <OutPorts = 1>
ST_360 : Operation 1481 [1/1] (0.00ns) (grouped into LUT with out node and_ln148)   --->   "%or_ln148 = or i1 %icmp_ln148_1, i1 %icmp_ln148" [flood_HLS_base.cpp:148]   --->   Operation 1481 'or' 'or_ln148' <Predicate = true> <Delay = 0.00> <CoreInst = "LogicGate">   --->   Core 74 'LogicGate' <Latency = 0> <II = 1> <Delay = 0.12> <FuncUnit> <Opcode : 'and' 'or' 'xor'> <InPorts = 2> <OutPorts = 1>
ST_360 : Operation 1482 [1/2] (1.64ns)   --->   "%tmp_39 = fcmp_ogt  i32 %sum_diff, i32 0" [flood_HLS_base.cpp:148]   --->   Operation 1482 'fcmp' 'tmp_39' <Predicate = true> <Delay = 1.64> <CoreInst = "FCompare">   --->   Core 19 'FCompare' <Latency = 1> <II = 1> <Delay = 1.64> <FuncUnit> <Opcode : 'fcmp'> <InPorts = 2> <OutPorts = 1>
ST_360 : Operation 1483 [1/1] (0.12ns) (out node of the LUT)   --->   "%and_ln148 = and i1 %or_ln148, i1 %tmp_39" [flood_HLS_base.cpp:148]   --->   Operation 1483 'and' 'and_ln148' <Predicate = true> <Delay = 0.12> <CoreInst = "LogicGate">   --->   Core 74 'LogicGate' <Latency = 0> <II = 1> <Delay = 0.12> <FuncUnit> <Opcode : 'and' 'or' 'xor'> <InPorts = 2> <OutPorts = 1>
ST_360 : Operation 1484 [1/1] (0.38ns)   --->   "%br_ln148 = br i1 %and_ln148, void %for.inc416, void %if.then336" [flood_HLS_base.cpp:148]   --->   Operation 1484 'br' 'br_ln148' <Predicate = true> <Delay = 0.38>

State 361 <SV = 43> <Delay = 2.32>
ST_361 : Operation 1485 [12/12] (2.32ns)   --->   "%proportion = fdiv i32 %my_spillage_level, i32 %sum_diff" [flood_HLS_base.cpp:149]   --->   Operation 1485 'fdiv' 'proportion' <Predicate = true> <Delay = 2.32> <CoreInst = "FDiv">   --->   Core 20 'FDiv' <Latency = 11> <II = 1> <Delay = 2.32> <FuncUnit> <Opcode : 'fdiv' 'frem'> <InPorts = 2> <OutPorts = 1>

State 362 <SV = 44> <Delay = 2.32>
ST_362 : Operation 1486 [11/12] (2.32ns)   --->   "%proportion = fdiv i32 %my_spillage_level, i32 %sum_diff" [flood_HLS_base.cpp:149]   --->   Operation 1486 'fdiv' 'proportion' <Predicate = true> <Delay = 2.32> <CoreInst = "FDiv">   --->   Core 20 'FDiv' <Latency = 11> <II = 1> <Delay = 2.32> <FuncUnit> <Opcode : 'fdiv' 'frem'> <InPorts = 2> <OutPorts = 1>

State 363 <SV = 45> <Delay = 2.32>
ST_363 : Operation 1487 [10/12] (2.32ns)   --->   "%proportion = fdiv i32 %my_spillage_level, i32 %sum_diff" [flood_HLS_base.cpp:149]   --->   Operation 1487 'fdiv' 'proportion' <Predicate = true> <Delay = 2.32> <CoreInst = "FDiv">   --->   Core 20 'FDiv' <Latency = 11> <II = 1> <Delay = 2.32> <FuncUnit> <Opcode : 'fdiv' 'frem'> <InPorts = 2> <OutPorts = 1>

State 364 <SV = 46> <Delay = 2.32>
ST_364 : Operation 1488 [9/12] (2.32ns)   --->   "%proportion = fdiv i32 %my_spillage_level, i32 %sum_diff" [flood_HLS_base.cpp:149]   --->   Operation 1488 'fdiv' 'proportion' <Predicate = true> <Delay = 2.32> <CoreInst = "FDiv">   --->   Core 20 'FDiv' <Latency = 11> <II = 1> <Delay = 2.32> <FuncUnit> <Opcode : 'fdiv' 'frem'> <InPorts = 2> <OutPorts = 1>

State 365 <SV = 47> <Delay = 2.32>
ST_365 : Operation 1489 [8/12] (2.32ns)   --->   "%proportion = fdiv i32 %my_spillage_level, i32 %sum_diff" [flood_HLS_base.cpp:149]   --->   Operation 1489 'fdiv' 'proportion' <Predicate = true> <Delay = 2.32> <CoreInst = "FDiv">   --->   Core 20 'FDiv' <Latency = 11> <II = 1> <Delay = 2.32> <FuncUnit> <Opcode : 'fdiv' 'frem'> <InPorts = 2> <OutPorts = 1>

State 366 <SV = 48> <Delay = 2.32>
ST_366 : Operation 1490 [7/12] (2.32ns)   --->   "%proportion = fdiv i32 %my_spillage_level, i32 %sum_diff" [flood_HLS_base.cpp:149]   --->   Operation 1490 'fdiv' 'proportion' <Predicate = true> <Delay = 2.32> <CoreInst = "FDiv">   --->   Core 20 'FDiv' <Latency = 11> <II = 1> <Delay = 2.32> <FuncUnit> <Opcode : 'fdiv' 'frem'> <InPorts = 2> <OutPorts = 1>

State 367 <SV = 49> <Delay = 2.32>
ST_367 : Operation 1491 [6/12] (2.32ns)   --->   "%proportion = fdiv i32 %my_spillage_level, i32 %sum_diff" [flood_HLS_base.cpp:149]   --->   Operation 1491 'fdiv' 'proportion' <Predicate = true> <Delay = 2.32> <CoreInst = "FDiv">   --->   Core 20 'FDiv' <Latency = 11> <II = 1> <Delay = 2.32> <FuncUnit> <Opcode : 'fdiv' 'frem'> <InPorts = 2> <OutPorts = 1>

State 368 <SV = 50> <Delay = 2.32>
ST_368 : Operation 1492 [5/12] (2.32ns)   --->   "%proportion = fdiv i32 %my_spillage_level, i32 %sum_diff" [flood_HLS_base.cpp:149]   --->   Operation 1492 'fdiv' 'proportion' <Predicate = true> <Delay = 2.32> <CoreInst = "FDiv">   --->   Core 20 'FDiv' <Latency = 11> <II = 1> <Delay = 2.32> <FuncUnit> <Opcode : 'fdiv' 'frem'> <InPorts = 2> <OutPorts = 1>

State 369 <SV = 51> <Delay = 2.32>
ST_369 : Operation 1493 [4/12] (2.32ns)   --->   "%proportion = fdiv i32 %my_spillage_level, i32 %sum_diff" [flood_HLS_base.cpp:149]   --->   Operation 1493 'fdiv' 'proportion' <Predicate = true> <Delay = 2.32> <CoreInst = "FDiv">   --->   Core 20 'FDiv' <Latency = 11> <II = 1> <Delay = 2.32> <FuncUnit> <Opcode : 'fdiv' 'frem'> <InPorts = 2> <OutPorts = 1>

State 370 <SV = 52> <Delay = 2.32>
ST_370 : Operation 1494 [3/12] (2.32ns)   --->   "%proportion = fdiv i32 %my_spillage_level, i32 %sum_diff" [flood_HLS_base.cpp:149]   --->   Operation 1494 'fdiv' 'proportion' <Predicate = true> <Delay = 2.32> <CoreInst = "FDiv">   --->   Core 20 'FDiv' <Latency = 11> <II = 1> <Delay = 2.32> <FuncUnit> <Opcode : 'fdiv' 'frem'> <InPorts = 2> <OutPorts = 1>

State 371 <SV = 53> <Delay = 2.32>
ST_371 : Operation 1495 [2/12] (2.32ns)   --->   "%proportion = fdiv i32 %my_spillage_level, i32 %sum_diff" [flood_HLS_base.cpp:149]   --->   Operation 1495 'fdiv' 'proportion' <Predicate = true> <Delay = 2.32> <CoreInst = "FDiv">   --->   Core 20 'FDiv' <Latency = 11> <II = 1> <Delay = 2.32> <FuncUnit> <Opcode : 'fdiv' 'frem'> <InPorts = 2> <OutPorts = 1>

State 372 <SV = 54> <Delay = 2.32>
ST_372 : Operation 1496 [1/12] (2.32ns)   --->   "%proportion = fdiv i32 %my_spillage_level, i32 %sum_diff" [flood_HLS_base.cpp:149]   --->   Operation 1496 'fdiv' 'proportion' <Predicate = true> <Delay = 2.32> <CoreInst = "FDiv">   --->   Core 20 'FDiv' <Latency = 11> <II = 1> <Delay = 2.32> <FuncUnit> <Opcode : 'fdiv' 'frem'> <InPorts = 2> <OutPorts = 1>

State 373 <SV = 55> <Delay = 1.54>
ST_373 : Operation 1497 [2/2] (1.54ns)   --->   "%conv5 = fpext i32 %proportion" [flood_HLS_base.cpp:151]   --->   Operation 1497 'fpext' 'conv5' <Predicate = true> <Delay = 1.54> <CoreInst = "Float2Double">   --->   Core 64 'Float2Double' <Latency = 1> <II = 1> <Delay = 1.54> <FuncUnit> <Opcode : 'fpext'> <InPorts = 1> <OutPorts = 1>

State 374 <SV = 56> <Delay = 1.54>
ST_374 : Operation 1498 [1/2] (1.54ns)   --->   "%conv5 = fpext i32 %proportion" [flood_HLS_base.cpp:151]   --->   Operation 1498 'fpext' 'conv5' <Predicate = true> <Delay = 1.54> <CoreInst = "Float2Double">   --->   Core 64 'Float2Double' <Latency = 1> <II = 1> <Delay = 1.54> <FuncUnit> <Opcode : 'fpext'> <InPorts = 1> <OutPorts = 1>

State 375 <SV = 57> <Delay = 2.01>
ST_375 : Operation 1499 [1/1] (0.00ns)   --->   "%bitcast_ln151 = bitcast i64 %conv5" [flood_HLS_base.cpp:151]   --->   Operation 1499 'bitcast' 'bitcast_ln151' <Predicate = true> <Delay = 0.00>
ST_375 : Operation 1500 [1/1] (0.00ns)   --->   "%tmp_47 = partselect i11 @_ssdm_op_PartSelect.i11.i64.i32.i32, i64 %bitcast_ln151, i32 52, i32 62" [flood_HLS_base.cpp:151]   --->   Operation 1500 'partselect' 'tmp_47' <Predicate = true> <Delay = 0.00>
ST_375 : Operation 1501 [1/1] (0.00ns)   --->   "%trunc_ln151 = trunc i64 %bitcast_ln151" [flood_HLS_base.cpp:151]   --->   Operation 1501 'trunc' 'trunc_ln151' <Predicate = true> <Delay = 0.00>
ST_375 : Operation 1502 [1/1] (0.73ns)   --->   "%icmp_ln151 = icmp_ne  i11 %tmp_47, i11 2047" [flood_HLS_base.cpp:151]   --->   Operation 1502 'icmp' 'icmp_ln151' <Predicate = true> <Delay = 0.73> <CoreInst = "Cmp">   --->   Core 9 'Cmp' <Latency = 0> <II = 1> <Delay = 0.73> <FuncUnit> <Opcode : 'seteq' 'setne' 'setle' 'setge' 'setlt' 'setgt'> <InPorts = 2> <OutPorts = 1>
ST_375 : Operation 1503 [1/1] (0.98ns)   --->   "%icmp_ln151_1 = icmp_eq  i52 %trunc_ln151, i52 0" [flood_HLS_base.cpp:151]   --->   Operation 1503 'icmp' 'icmp_ln151_1' <Predicate = true> <Delay = 0.98> <CoreInst = "Cmp">   --->   Core 9 'Cmp' <Latency = 0> <II = 1> <Delay = 0.98> <FuncUnit> <Opcode : 'seteq' 'setne' 'setle' 'setge' 'setlt' 'setgt'> <InPorts = 2> <OutPorts = 1>
ST_375 : Operation 1504 [2/2] (2.01ns)   --->   "%tmp_49 = fcmp_ogt  i64 %conv5, i64 1e-08" [flood_HLS_base.cpp:151]   --->   Operation 1504 'dcmp' 'tmp_49' <Predicate = true> <Delay = 2.01> <CoreInst = "DCompare">   --->   Core 38 'DCompare' <Latency = 1> <II = 1> <Delay = 2.01> <FuncUnit> <Opcode : 'dcmp'> <InPorts = 2> <OutPorts = 1>

State 376 <SV = 58> <Delay = 2.52>
ST_376 : Operation 1505 [1/1] (0.00ns) (grouped into LUT with out node and_ln151)   --->   "%or_ln151 = or i1 %icmp_ln151_1, i1 %icmp_ln151" [flood_HLS_base.cpp:151]   --->   Operation 1505 'or' 'or_ln151' <Predicate = true> <Delay = 0.00> <CoreInst = "LogicGate">   --->   Core 74 'LogicGate' <Latency = 0> <II = 1> <Delay = 0.12> <FuncUnit> <Opcode : 'and' 'or' 'xor'> <InPorts = 2> <OutPorts = 1>
ST_376 : Operation 1506 [1/2] (2.01ns)   --->   "%tmp_49 = fcmp_ogt  i64 %conv5, i64 1e-08" [flood_HLS_base.cpp:151]   --->   Operation 1506 'dcmp' 'tmp_49' <Predicate = true> <Delay = 2.01> <CoreInst = "DCompare">   --->   Core 38 'DCompare' <Latency = 1> <II = 1> <Delay = 2.01> <FuncUnit> <Opcode : 'dcmp'> <InPorts = 2> <OutPorts = 1>
ST_376 : Operation 1507 [1/1] (0.12ns) (out node of the LUT)   --->   "%and_ln151 = and i1 %or_ln151, i1 %tmp_49" [flood_HLS_base.cpp:151]   --->   Operation 1507 'and' 'and_ln151' <Predicate = true> <Delay = 0.12> <CoreInst = "LogicGate">   --->   Core 74 'LogicGate' <Latency = 0> <II = 1> <Delay = 0.12> <FuncUnit> <Opcode : 'and' 'or' 'xor'> <InPorts = 2> <OutPorts = 1>
ST_376 : Operation 1508 [1/1] (0.38ns)   --->   "%br_ln151 = br i1 %and_ln151, void %for.inc416, void %VITIS_LOOP_156_12" [flood_HLS_base.cpp:151]   --->   Operation 1508 'br' 'br_ln151' <Predicate = true> <Delay = 0.38>
ST_376 : Operation 1509 [1/1] (0.00ns)   --->   "%tmp_50 = partselect i8 @_ssdm_op_PartSelect.i8.i32.i32.i32, i32 %bitcast_ln139, i32 23, i32 30" [flood_HLS_base.cpp:139]   --->   Operation 1509 'partselect' 'tmp_50' <Predicate = (and_ln151)> <Delay = 0.00>
ST_376 : Operation 1510 [1/1] (0.00ns)   --->   "%tmp_51 = partselect i8 @_ssdm_op_PartSelect.i8.i32.i32.i32, i32 %p_ground_load, i32 23, i32 30" [flood_HLS_base.cpp:117]   --->   Operation 1510 'partselect' 'tmp_51' <Predicate = (and_ln151)> <Delay = 0.00>
ST_376 : Operation 1511 [1/1] (0.00ns)   --->   "%empty_85 = trunc i32 %p_ground_load" [flood_HLS_base.cpp:117]   --->   Operation 1511 'trunc' 'empty_85' <Predicate = (and_ln151)> <Delay = 0.00>
ST_376 : Operation 1512 [1/1] (0.70ns)   --->   "%notlhs159 = icmp_ne  i8 %tmp_50, i8 255" [flood_HLS_base.cpp:139]   --->   Operation 1512 'icmp' 'notlhs159' <Predicate = (and_ln151)> <Delay = 0.70> <CoreInst = "Cmp">   --->   Core 9 'Cmp' <Latency = 0> <II = 1> <Delay = 0.70> <FuncUnit> <Opcode : 'seteq' 'setne' 'setle' 'setge' 'setlt' 'setgt'> <InPorts = 2> <OutPorts = 1>
ST_376 : Operation 1513 [1/1] (0.12ns)   --->   "%empty_86 = or i1 %icmp_ln139_1, i1 %notlhs159" [flood_HLS_base.cpp:139]   --->   Operation 1513 'or' 'empty_86' <Predicate = (and_ln151)> <Delay = 0.12> <CoreInst = "LogicGate">   --->   Core 74 'LogicGate' <Latency = 0> <II = 1> <Delay = 0.12> <FuncUnit> <Opcode : 'and' 'or' 'xor'> <InPorts = 2> <OutPorts = 1>
ST_376 : Operation 1514 [1/1] (0.70ns)   --->   "%notlhs161 = icmp_ne  i8 %tmp_51, i8 255" [flood_HLS_base.cpp:117]   --->   Operation 1514 'icmp' 'notlhs161' <Predicate = (and_ln151)> <Delay = 0.70> <CoreInst = "Cmp">   --->   Core 9 'Cmp' <Latency = 0> <II = 1> <Delay = 0.70> <FuncUnit> <Opcode : 'seteq' 'setne' 'setle' 'setge' 'setlt' 'setgt'> <InPorts = 2> <OutPorts = 1>
ST_376 : Operation 1515 [1/1] (0.82ns)   --->   "%notrhs162 = icmp_eq  i23 %empty_85, i23 0" [flood_HLS_base.cpp:117]   --->   Operation 1515 'icmp' 'notrhs162' <Predicate = (and_ln151)> <Delay = 0.82> <CoreInst = "Cmp">   --->   Core 9 'Cmp' <Latency = 0> <II = 1> <Delay = 0.82> <FuncUnit> <Opcode : 'seteq' 'setne' 'setle' 'setge' 'setlt' 'setgt'> <InPorts = 2> <OutPorts = 1>
ST_376 : Operation 1516 [2/2] (1.64ns)   --->   "%tmp_52 = fcmp_oge  i32 %current_height, i32 %neighbor_height_2" [flood_HLS_base.cpp:117]   --->   Operation 1516 'fcmp' 'tmp_52' <Predicate = (and_ln151)> <Delay = 1.64> <CoreInst = "FCompare">   --->   Core 19 'FCompare' <Latency = 1> <II = 1> <Delay = 1.64> <FuncUnit> <Opcode : 'fcmp'> <InPorts = 2> <OutPorts = 1>
ST_376 : Operation 1517 [7/7] (2.34ns)   --->   "%sub5 = fsub i32 %current_height, i32 %neighbor_height_2" [flood_HLS_base.cpp:117]   --->   Operation 1517 'fsub' 'sub5' <Predicate = (and_ln151)> <Delay = 2.34> <CoreInst = "FAddSub_fulldsp">   --->   Core 18 'FAddSub_fulldsp' <Latency = 6> <II = 1> <Delay = 2.34> <FuncUnit> <Opcode : 'fadd' 'fsub'> <InPorts = 2> <OutPorts = 1>

State 377 <SV = 59> <Delay = 2.34>
ST_377 : Operation 1518 [1/1] (1.64ns)   --->   "%store_ln152 = store i32 1, i12 %spillage_flag_addr_2" [flood_HLS_base.cpp:152]   --->   Operation 1518 'store' 'store_ln152' <Predicate = true> <Delay = 1.64> <CoreInst = "RAM">   --->   Core 82 'RAM' <Latency = 1> <II = 1> <Delay = 1.64> <Storage> <Opcode : 'load' 'store'> <Ports = 2> <Width = 32> <Depth = 2500> <RAM>
ST_377 : Operation 1519 [1/1] (1.64ns)   --->   "%store_ln153 = store i32 %my_spillage_level, i12 %spillage_level_addr_2" [flood_HLS_base.cpp:153]   --->   Operation 1519 'store' 'store_ln153' <Predicate = true> <Delay = 1.64> <CoreInst = "RAM">   --->   Core 82 'RAM' <Latency = 1> <II = 1> <Delay = 1.64> <Storage> <Opcode : 'load' 'store'> <Ports = 2> <Width = 32> <Depth = 2500> <RAM>
ST_377 : Operation 1520 [1/1] (0.00ns) (grouped into LUT with out node empty_89)   --->   "%empty_87 = or i1 %notrhs162, i1 %notlhs161" [flood_HLS_base.cpp:117]   --->   Operation 1520 'or' 'empty_87' <Predicate = true> <Delay = 0.00> <CoreInst = "LogicGate">   --->   Core 74 'LogicGate' <Latency = 0> <II = 1> <Delay = 0.12> <FuncUnit> <Opcode : 'and' 'or' 'xor'> <InPorts = 2> <OutPorts = 1>
ST_377 : Operation 1521 [1/1] (0.00ns) (grouped into LUT with out node empty_89)   --->   "%empty_88 = and i1 %empty_86, i1 %empty_87" [flood_HLS_base.cpp:139]   --->   Operation 1521 'and' 'empty_88' <Predicate = true> <Delay = 0.00> <CoreInst = "LogicGate">   --->   Core 74 'LogicGate' <Latency = 0> <II = 1> <Delay = 0.12> <FuncUnit> <Opcode : 'and' 'or' 'xor'> <InPorts = 2> <OutPorts = 1>
ST_377 : Operation 1522 [1/2] (1.64ns)   --->   "%tmp_52 = fcmp_oge  i32 %current_height, i32 %neighbor_height_2" [flood_HLS_base.cpp:117]   --->   Operation 1522 'fcmp' 'tmp_52' <Predicate = true> <Delay = 1.64> <CoreInst = "FCompare">   --->   Core 19 'FCompare' <Latency = 1> <II = 1> <Delay = 1.64> <FuncUnit> <Opcode : 'fcmp'> <InPorts = 2> <OutPorts = 1>
ST_377 : Operation 1523 [1/1] (0.12ns) (out node of the LUT)   --->   "%empty_89 = and i1 %empty_88, i1 %tmp_52" [flood_HLS_base.cpp:139]   --->   Operation 1523 'and' 'empty_89' <Predicate = true> <Delay = 0.12> <CoreInst = "LogicGate">   --->   Core 74 'LogicGate' <Latency = 0> <II = 1> <Delay = 0.12> <FuncUnit> <Opcode : 'and' 'or' 'xor'> <InPorts = 2> <OutPorts = 1>
ST_377 : Operation 1524 [6/7] (2.34ns)   --->   "%sub5 = fsub i32 %current_height, i32 %neighbor_height_2" [flood_HLS_base.cpp:117]   --->   Operation 1524 'fsub' 'sub5' <Predicate = true> <Delay = 2.34> <CoreInst = "FAddSub_fulldsp">   --->   Core 18 'FAddSub_fulldsp' <Latency = 6> <II = 1> <Delay = 2.34> <FuncUnit> <Opcode : 'fadd' 'fsub'> <InPorts = 2> <OutPorts = 1>

State 378 <SV = 60> <Delay = 2.34>
ST_378 : Operation 1525 [5/7] (2.34ns)   --->   "%sub5 = fsub i32 %current_height, i32 %neighbor_height_2" [flood_HLS_base.cpp:117]   --->   Operation 1525 'fsub' 'sub5' <Predicate = true> <Delay = 2.34> <CoreInst = "FAddSub_fulldsp">   --->   Core 18 'FAddSub_fulldsp' <Latency = 6> <II = 1> <Delay = 2.34> <FuncUnit> <Opcode : 'fadd' 'fsub'> <InPorts = 2> <OutPorts = 1>

State 379 <SV = 61> <Delay = 2.34>
ST_379 : Operation 1526 [4/7] (2.34ns)   --->   "%sub5 = fsub i32 %current_height, i32 %neighbor_height_2" [flood_HLS_base.cpp:117]   --->   Operation 1526 'fsub' 'sub5' <Predicate = true> <Delay = 2.34> <CoreInst = "FAddSub_fulldsp">   --->   Core 18 'FAddSub_fulldsp' <Latency = 6> <II = 1> <Delay = 2.34> <FuncUnit> <Opcode : 'fadd' 'fsub'> <InPorts = 2> <OutPorts = 1>

State 380 <SV = 62> <Delay = 2.34>
ST_380 : Operation 1527 [3/7] (2.34ns)   --->   "%sub5 = fsub i32 %current_height, i32 %neighbor_height_2" [flood_HLS_base.cpp:117]   --->   Operation 1527 'fsub' 'sub5' <Predicate = true> <Delay = 2.34> <CoreInst = "FAddSub_fulldsp">   --->   Core 18 'FAddSub_fulldsp' <Latency = 6> <II = 1> <Delay = 2.34> <FuncUnit> <Opcode : 'fadd' 'fsub'> <InPorts = 2> <OutPorts = 1>

State 381 <SV = 63> <Delay = 2.34>
ST_381 : Operation 1528 [2/7] (2.34ns)   --->   "%sub5 = fsub i32 %current_height, i32 %neighbor_height_2" [flood_HLS_base.cpp:117]   --->   Operation 1528 'fsub' 'sub5' <Predicate = true> <Delay = 2.34> <CoreInst = "FAddSub_fulldsp">   --->   Core 18 'FAddSub_fulldsp' <Latency = 6> <II = 1> <Delay = 2.34> <FuncUnit> <Opcode : 'fadd' 'fsub'> <InPorts = 2> <OutPorts = 1>

State 382 <SV = 64> <Delay = 2.34>
ST_382 : Operation 1529 [1/7] (2.34ns)   --->   "%sub5 = fsub i32 %current_height, i32 %neighbor_height_2" [flood_HLS_base.cpp:117]   --->   Operation 1529 'fsub' 'sub5' <Predicate = true> <Delay = 2.34> <CoreInst = "FAddSub_fulldsp">   --->   Core 18 'FAddSub_fulldsp' <Latency = 6> <II = 1> <Delay = 2.34> <FuncUnit> <Opcode : 'fadd' 'fsub'> <InPorts = 2> <OutPorts = 1>

State 383 <SV = 65> <Delay = 2.32>
ST_383 : Operation 1530 [4/4] (2.32ns)   --->   "%mul6 = fmul i32 %proportion, i32 %sub5" [flood_HLS_base.cpp:149]   --->   Operation 1530 'fmul' 'mul6' <Predicate = true> <Delay = 2.32> <CoreInst = "FMul_maxdsp">   --->   Core 30 'FMul_maxdsp' <Latency = 3> <II = 1> <Delay = 2.32> <FuncUnit> <Opcode : 'fmul'> <InPorts = 2> <OutPorts = 1>

State 384 <SV = 66> <Delay = 2.32>
ST_384 : Operation 1531 [3/4] (2.32ns)   --->   "%mul6 = fmul i32 %proportion, i32 %sub5" [flood_HLS_base.cpp:149]   --->   Operation 1531 'fmul' 'mul6' <Predicate = true> <Delay = 2.32> <CoreInst = "FMul_maxdsp">   --->   Core 30 'FMul_maxdsp' <Latency = 3> <II = 1> <Delay = 2.32> <FuncUnit> <Opcode : 'fmul'> <InPorts = 2> <OutPorts = 1>

State 385 <SV = 67> <Delay = 2.32>
ST_385 : Operation 1532 [2/4] (2.32ns)   --->   "%mul6 = fmul i32 %proportion, i32 %sub5" [flood_HLS_base.cpp:149]   --->   Operation 1532 'fmul' 'mul6' <Predicate = true> <Delay = 2.32> <CoreInst = "FMul_maxdsp">   --->   Core 30 'FMul_maxdsp' <Latency = 3> <II = 1> <Delay = 2.32> <FuncUnit> <Opcode : 'fmul'> <InPorts = 2> <OutPorts = 1>

State 386 <SV = 68> <Delay = 2.32>
ST_386 : Operation 1533 [1/4] (2.32ns)   --->   "%mul6 = fmul i32 %proportion, i32 %sub5" [flood_HLS_base.cpp:149]   --->   Operation 1533 'fmul' 'mul6' <Predicate = true> <Delay = 2.32> <CoreInst = "FMul_maxdsp">   --->   Core 30 'FMul_maxdsp' <Latency = 3> <II = 1> <Delay = 2.32> <FuncUnit> <Opcode : 'fmul'> <InPorts = 2> <OutPorts = 1>

State 387 <SV = 69> <Delay = 2.32>
ST_387 : Operation 1534 [4/4] (2.32ns)   --->   "%div5 = fmul i32 %mul6, i32 0.5" [flood_HLS_base.cpp:149]   --->   Operation 1534 'fmul' 'div5' <Predicate = true> <Delay = 2.32> <CoreInst = "FMul_maxdsp">   --->   Core 30 'FMul_maxdsp' <Latency = 3> <II = 1> <Delay = 2.32> <FuncUnit> <Opcode : 'fmul'> <InPorts = 2> <OutPorts = 1>

State 388 <SV = 70> <Delay = 2.32>
ST_388 : Operation 1535 [3/4] (2.32ns)   --->   "%div5 = fmul i32 %mul6, i32 0.5" [flood_HLS_base.cpp:149]   --->   Operation 1535 'fmul' 'div5' <Predicate = true> <Delay = 2.32> <CoreInst = "FMul_maxdsp">   --->   Core 30 'FMul_maxdsp' <Latency = 3> <II = 1> <Delay = 2.32> <FuncUnit> <Opcode : 'fmul'> <InPorts = 2> <OutPorts = 1>

State 389 <SV = 71> <Delay = 2.32>
ST_389 : Operation 1536 [2/4] (2.32ns)   --->   "%div5 = fmul i32 %mul6, i32 0.5" [flood_HLS_base.cpp:149]   --->   Operation 1536 'fmul' 'div5' <Predicate = true> <Delay = 2.32> <CoreInst = "FMul_maxdsp">   --->   Core 30 'FMul_maxdsp' <Latency = 3> <II = 1> <Delay = 2.32> <FuncUnit> <Opcode : 'fmul'> <InPorts = 2> <OutPorts = 1>

State 390 <SV = 72> <Delay = 2.32>
ST_390 : Operation 1537 [1/4] (2.32ns)   --->   "%div5 = fmul i32 %mul6, i32 0.5" [flood_HLS_base.cpp:149]   --->   Operation 1537 'fmul' 'div5' <Predicate = true> <Delay = 2.32> <CoreInst = "FMul_maxdsp">   --->   Core 30 'FMul_maxdsp' <Latency = 3> <II = 1> <Delay = 2.32> <FuncUnit> <Opcode : 'fmul'> <InPorts = 2> <OutPorts = 1>

State 391 <SV = 73> <Delay = 2.32>
ST_391 : Operation 1538 [4/4] (2.32ns)   --->   "%dc_5 = fmul i32 %div5, i32 1e+06" [flood_HLS_base.cpp:149]   --->   Operation 1538 'fmul' 'dc_5' <Predicate = true> <Delay = 2.32> <CoreInst = "FMul_maxdsp">   --->   Core 30 'FMul_maxdsp' <Latency = 3> <II = 1> <Delay = 2.32> <FuncUnit> <Opcode : 'fmul'> <InPorts = 2> <OutPorts = 1>

State 392 <SV = 74> <Delay = 2.32>
ST_392 : Operation 1539 [3/4] (2.32ns)   --->   "%dc_5 = fmul i32 %div5, i32 1e+06" [flood_HLS_base.cpp:149]   --->   Operation 1539 'fmul' 'dc_5' <Predicate = true> <Delay = 2.32> <CoreInst = "FMul_maxdsp">   --->   Core 30 'FMul_maxdsp' <Latency = 3> <II = 1> <Delay = 2.32> <FuncUnit> <Opcode : 'fmul'> <InPorts = 2> <OutPorts = 1>

State 393 <SV = 75> <Delay = 2.32>
ST_393 : Operation 1540 [2/4] (2.32ns)   --->   "%dc_5 = fmul i32 %div5, i32 1e+06" [flood_HLS_base.cpp:149]   --->   Operation 1540 'fmul' 'dc_5' <Predicate = true> <Delay = 2.32> <CoreInst = "FMul_maxdsp">   --->   Core 30 'FMul_maxdsp' <Latency = 3> <II = 1> <Delay = 2.32> <FuncUnit> <Opcode : 'fmul'> <InPorts = 2> <OutPorts = 1>

State 394 <SV = 76> <Delay = 2.32>
ST_394 : Operation 1541 [1/4] (2.32ns)   --->   "%dc_5 = fmul i32 %div5, i32 1e+06" [flood_HLS_base.cpp:149]   --->   Operation 1541 'fmul' 'dc_5' <Predicate = true> <Delay = 2.32> <CoreInst = "FMul_maxdsp">   --->   Core 30 'FMul_maxdsp' <Latency = 3> <II = 1> <Delay = 2.32> <FuncUnit> <Opcode : 'fmul'> <InPorts = 2> <OutPorts = 1>
ST_394 : Operation 1542 [1/1] (0.00ns)   --->   "%data_5 = bitcast i32 %dc_5" [/wrk/ci/prod/2024.1/hls_product/continuous/545/2024.1/src/shared/hls/clib/src/hls/utils/x_hls_utils.h:288->/wrk/ci/prod/2024.1/hls_product/continuous/545/2024.1/src/shared/hls/clib/hlsmath/include/FloatingPoint/hls_case_IEEE754.h:13->/wrk/ci/prod/2024.1/hls_product/continuous/545/2024.1/src/shared/hls/clib/hlsmath/include/FloatingPoint/hls_case_IEEE754.h:117->/wrk/ci/prod/2024.1/hls_product/continuous/545/2024.1/src/shared/hls/clib/hlsmath/src/lib_floatconversion.cpp:51->flood_HLS_base.cpp:169]   --->   Operation 1542 'bitcast' 'data_5' <Predicate = true> <Delay = 0.00>
ST_394 : Operation 1543 [1/1] (0.38ns)   --->   "%br_ln156 = br void %for.body351" [flood_HLS_base.cpp:156]   --->   Operation 1543 'br' 'br_ln156' <Predicate = true> <Delay = 0.38>

State 395 <SV = 77> <Delay = 0.95>
ST_395 : Operation 1544 [1/1] (0.00ns)   --->   "%empty_90 = phi i416 %empty_84, void %VITIS_LOOP_156_12, i416 %empty_91, void %for.inc410" [flood_HLS_base.cpp:102]   --->   Operation 1544 'phi' 'empty_90' <Predicate = true> <Delay = 0.00>
ST_395 : Operation 1545 [1/1] (0.00ns)   --->   "%cell_pos_3 = phi i3 0, void %VITIS_LOOP_156_12, i3 %add_ln156, void %for.inc410" [flood_HLS_base.cpp:156]   --->   Operation 1545 'phi' 'cell_pos_3' <Predicate = true> <Delay = 0.00>
ST_395 : Operation 1546 [1/1] (0.57ns)   --->   "%icmp_ln156 = icmp_eq  i3 %cell_pos_3, i3 4" [flood_HLS_base.cpp:156]   --->   Operation 1546 'icmp' 'icmp_ln156' <Predicate = true> <Delay = 0.57> <CoreInst = "Cmp">   --->   Core 9 'Cmp' <Latency = 0> <II = 1> <Delay = 0.57> <FuncUnit> <Opcode : 'seteq' 'setne' 'setle' 'setge' 'setlt' 'setgt'> <InPorts = 2> <OutPorts = 1>
ST_395 : Operation 1547 [1/1] (0.57ns)   --->   "%add_ln156 = add i3 %cell_pos_3, i3 1" [flood_HLS_base.cpp:156]   --->   Operation 1547 'add' 'add_ln156' <Predicate = true> <Delay = 0.57> <CoreInst = "Adder">   --->   Core 1 'Adder' <Latency = 0> <II = 1> <Delay = 0.57> <FuncUnit> <Opcode : 'add' 'sub'> <InPorts = 2> <OutPorts = 1>
ST_395 : Operation 1548 [1/1] (0.00ns)   --->   "%br_ln156 = br i1 %icmp_ln156, void %for.body351.split, void %for.inc416.loopexit" [flood_HLS_base.cpp:156]   --->   Operation 1548 'br' 'br_ln156' <Predicate = true> <Delay = 0.00>
ST_395 : Operation 1549 [1/1] (0.00ns)   --->   "%zext_ln156 = zext i3 %cell_pos_3" [flood_HLS_base.cpp:156]   --->   Operation 1549 'zext' 'zext_ln156' <Predicate = (!icmp_ln156)> <Delay = 0.00>
ST_395 : Operation 1550 [1/1] (0.00ns)   --->   "%displacements_0_addr_1 = getelementptr i2 %displacements_0, i64 0, i64 %zext_ln156" [flood_HLS_base.cpp:157]   --->   Operation 1550 'getelementptr' 'displacements_0_addr_1' <Predicate = (!icmp_ln156)> <Delay = 0.00>
ST_395 : Operation 1551 [2/2] (0.63ns)   --->   "%displacements_0_load_1 = load i2 %displacements_0_addr_1" [flood_HLS_base.cpp:157]   --->   Operation 1551 'load' 'displacements_0_load_1' <Predicate = (!icmp_ln156)> <Delay = 0.63> <CoreInst = "ROM">   --->   Core 100 'ROM' <Latency = 1> <II = 1> <Delay = 0.63> <Storage> <Opcode : 'load'> <Ports = 0> <Width = 2> <Depth = 4> <ROM>
ST_395 : Operation 1552 [1/1] (0.00ns)   --->   "%displacements_1_addr_1 = getelementptr i2 %displacements_1, i64 0, i64 %zext_ln156" [flood_HLS_base.cpp:158]   --->   Operation 1552 'getelementptr' 'displacements_1_addr_1' <Predicate = (!icmp_ln156)> <Delay = 0.00>
ST_395 : Operation 1553 [2/2] (0.63ns)   --->   "%displacements_1_load_1 = load i2 %displacements_1_addr_1" [flood_HLS_base.cpp:158]   --->   Operation 1553 'load' 'displacements_1_load_1' <Predicate = (!icmp_ln156)> <Delay = 0.63> <CoreInst = "ROM">   --->   Core 100 'ROM' <Latency = 1> <II = 1> <Delay = 0.63> <Storage> <Opcode : 'load'> <Ports = 0> <Width = 2> <Depth = 4> <ROM>
ST_395 : Operation 1554 [1/1] (0.38ns)   --->   "%br_ln0 = br void %for.inc416"   --->   Operation 1554 'br' 'br_ln0' <Predicate = (icmp_ln156)> <Delay = 0.38>

State 396 <SV = 78> <Delay = 2.56>
ST_396 : Operation 1555 [1/1] (0.00ns)   --->   "%zext_ln73 = zext i3 %cell_pos_3" [flood_HLS_base.cpp:73]   --->   Operation 1555 'zext' 'zext_ln73' <Predicate = true> <Delay = 0.00>
ST_396 : Operation 1556 [1/1] (0.00ns)   --->   "%speclooptripcount_ln73 = speclooptripcount void @_ssdm_op_SpecLoopTripCount, i64 4, i64 4, i64 4" [flood_HLS_base.cpp:73]   --->   Operation 1556 'speclooptripcount' 'speclooptripcount_ln73' <Predicate = true> <Delay = 0.00>
ST_396 : Operation 1557 [1/1] (0.00ns)   --->   "%specloopname_ln156 = specloopname void @_ssdm_op_SpecLoopName, void @empty_14" [flood_HLS_base.cpp:156]   --->   Operation 1557 'specloopname' 'specloopname_ln156' <Predicate = true> <Delay = 0.00>
ST_396 : Operation 1558 [1/2] (0.63ns)   --->   "%displacements_0_load_1 = load i2 %displacements_0_addr_1" [flood_HLS_base.cpp:157]   --->   Operation 1558 'load' 'displacements_0_load_1' <Predicate = true> <Delay = 0.63> <CoreInst = "ROM">   --->   Core 100 'ROM' <Latency = 1> <II = 1> <Delay = 0.63> <Storage> <Opcode : 'load'> <Ports = 0> <Width = 2> <Depth = 4> <ROM>
ST_396 : Operation 1559 [1/1] (0.00ns)   --->   "%sext_ln157 = sext i2 %displacements_0_load_1" [flood_HLS_base.cpp:157]   --->   Operation 1559 'sext' 'sext_ln157' <Predicate = true> <Delay = 0.00>
ST_396 : Operation 1560 [1/1] (0.70ns)   --->   "%new_row_1 = add i7 %sext_ln157, i7 %zext_ln110" [flood_HLS_base.cpp:157]   --->   Operation 1560 'add' 'new_row_1' <Predicate = true> <Delay = 0.70> <CoreInst = "Adder">   --->   Core 1 'Adder' <Latency = 0> <II = 1> <Delay = 0.70> <FuncUnit> <Opcode : 'add' 'sub'> <InPorts = 2> <OutPorts = 1>
ST_396 : Operation 1561 [1/2] (0.63ns)   --->   "%displacements_1_load_1 = load i2 %displacements_1_addr_1" [flood_HLS_base.cpp:158]   --->   Operation 1561 'load' 'displacements_1_load_1' <Predicate = true> <Delay = 0.63> <CoreInst = "ROM">   --->   Core 100 'ROM' <Latency = 1> <II = 1> <Delay = 0.63> <Storage> <Opcode : 'load'> <Ports = 0> <Width = 2> <Depth = 4> <ROM>
ST_396 : Operation 1562 [1/1] (0.00ns)   --->   "%sext_ln158 = sext i2 %displacements_1_load_1" [flood_HLS_base.cpp:158]   --->   Operation 1562 'sext' 'sext_ln158' <Predicate = true> <Delay = 0.00>
ST_396 : Operation 1563 [1/1] (0.70ns)   --->   "%new_col_1 = add i7 %sext_ln158, i7 %zext_ln121" [flood_HLS_base.cpp:158]   --->   Operation 1563 'add' 'new_col_1' <Predicate = true> <Delay = 0.70> <CoreInst = "Adder">   --->   Core 1 'Adder' <Latency = 0> <II = 1> <Delay = 0.70> <FuncUnit> <Opcode : 'add' 'sub'> <InPorts = 2> <OutPorts = 1>
ST_396 : Operation 1564 [1/1] (0.70ns)   --->   "%icmp_ln163 = icmp_ugt  i7 %new_row_1, i7 49" [flood_HLS_base.cpp:163]   --->   Operation 1564 'icmp' 'icmp_ln163' <Predicate = true> <Delay = 0.70> <CoreInst = "Cmp">   --->   Core 9 'Cmp' <Latency = 0> <II = 1> <Delay = 0.70> <FuncUnit> <Opcode : 'seteq' 'setne' 'setle' 'setge' 'setlt' 'setgt'> <InPorts = 2> <OutPorts = 1>
ST_396 : Operation 1565 [1/1] (0.70ns)   --->   "%icmp_ln163_1 = icmp_ugt  i7 %new_col_1, i7 49" [flood_HLS_base.cpp:163]   --->   Operation 1565 'icmp' 'icmp_ln163_1' <Predicate = true> <Delay = 0.70> <CoreInst = "Cmp">   --->   Core 9 'Cmp' <Latency = 0> <II = 1> <Delay = 0.70> <FuncUnit> <Opcode : 'seteq' 'setne' 'setle' 'setge' 'setlt' 'setgt'> <InPorts = 2> <OutPorts = 1>
ST_396 : Operation 1566 [1/1] (0.12ns)   --->   "%or_ln163 = or i1 %icmp_ln163_1, i1 %icmp_ln163" [flood_HLS_base.cpp:163]   --->   Operation 1566 'or' 'or_ln163' <Predicate = true> <Delay = 0.12> <CoreInst = "LogicGate">   --->   Core 74 'LogicGate' <Latency = 0> <II = 1> <Delay = 0.12> <FuncUnit> <Opcode : 'and' 'or' 'xor'> <InPorts = 2> <OutPorts = 1>
ST_396 : Operation 1567 [1/1] (0.00ns)   --->   "%br_ln163 = br i1 %or_ln163, void %if.else384, void %if.then368" [flood_HLS_base.cpp:163]   --->   Operation 1567 'br' 'br_ln163' <Predicate = true> <Delay = 0.00>
ST_396 : Operation 1568 [1/1] (0.00ns)   --->   "%trunc_ln173 = trunc i7 %new_row_1" [flood_HLS_base.cpp:173]   --->   Operation 1568 'trunc' 'trunc_ln173' <Predicate = (!or_ln163)> <Delay = 0.00>
ST_396 : Operation 1569 [1/1] (0.00ns)   --->   "%zext_ln173 = zext i6 %trunc_ln173" [flood_HLS_base.cpp:173]   --->   Operation 1569 'zext' 'zext_ln173' <Predicate = (!or_ln163)> <Delay = 0.00>
ST_396 : Operation 1570 [3/3] (0.99ns) (grouped into DSP with root node add_ln173)   --->   "%mul_ln173 = mul i12 %zext_ln173, i12 50" [flood_HLS_base.cpp:173]   --->   Operation 1570 'mul' 'mul_ln173' <Predicate = (!or_ln163)> <Delay = 0.99> <CoreInst = "DSP48">   --->   Core 124 'DSP48' <Latency = 3> <II = 1> <Delay = 0.53> <IPBlock> <Opcode : '' 'add' 'sub' 'mul' 'select'> <InPorts = 0> <OutPorts = 1> <Sync> <CReg>
ST_396 : Operation 1571 [1/1] (0.00ns)   --->   "%trunc_ln173_1 = trunc i7 %new_col_1" [flood_HLS_base.cpp:173]   --->   Operation 1571 'trunc' 'trunc_ln173_1' <Predicate = (!or_ln163)> <Delay = 0.00>
ST_396 : Operation 1572 [1/1] (0.38ns)   --->   "%br_ln167 = br i1 %empty_89, void %for.inc410, void %if.then375" [flood_HLS_base.cpp:167]   --->   Operation 1572 'br' 'br_ln167' <Predicate = (or_ln163)> <Delay = 0.38>

State 397 <SV = 79> <Delay = 0.99>
ST_397 : Operation 1573 [2/3] (0.99ns) (grouped into DSP with root node add_ln173)   --->   "%mul_ln173 = mul i12 %zext_ln173, i12 50" [flood_HLS_base.cpp:173]   --->   Operation 1573 'mul' 'mul_ln173' <Predicate = true> <Delay = 0.99> <CoreInst = "DSP48">   --->   Core 124 'DSP48' <Latency = 3> <II = 1> <Delay = 0.53> <IPBlock> <Opcode : '' 'add' 'sub' 'mul' 'select'> <InPorts = 0> <OutPorts = 1> <Sync> <CReg>

State 398 <SV = 80> <Delay = 0.64>
ST_398 : Operation 1574 [1/3] (0.00ns) (grouped into DSP with root node add_ln173)   --->   "%mul_ln173 = mul i12 %zext_ln173, i12 50" [flood_HLS_base.cpp:173]   --->   Operation 1574 'mul' 'mul_ln173' <Predicate = true> <Delay = 0.00> <CoreInst = "DSP48">   --->   Core 124 'DSP48' <Latency = 3> <II = 1> <Delay = 0.53> <IPBlock> <Opcode : '' 'add' 'sub' 'mul' 'select'> <InPorts = 0> <OutPorts = 1> <Sync> <CReg>
ST_398 : Operation 1575 [1/1] (0.00ns)   --->   "%zext_ln173_1 = zext i6 %trunc_ln173_1" [flood_HLS_base.cpp:173]   --->   Operation 1575 'zext' 'zext_ln173_1' <Predicate = true> <Delay = 0.00>
ST_398 : Operation 1576 [2/2] (0.64ns) (root node of the DSP)   --->   "%add_ln173 = add i12 %mul_ln173, i12 %zext_ln173_1" [flood_HLS_base.cpp:173]   --->   Operation 1576 'add' 'add_ln173' <Predicate = true> <Delay = 0.64> <CoreInst = "DSP48">   --->   Core 124 'DSP48' <Latency = 3> <II = 1> <Delay = 0.53> <IPBlock> <Opcode : '' 'add' 'sub' 'mul' 'select'> <InPorts = 0> <OutPorts = 1> <Sync> <CReg>

State 399 <SV = 81> <Delay = 2.29>
ST_399 : Operation 1577 [1/2] (0.64ns) (root node of the DSP)   --->   "%add_ln173 = add i12 %mul_ln173, i12 %zext_ln173_1" [flood_HLS_base.cpp:173]   --->   Operation 1577 'add' 'add_ln173' <Predicate = true> <Delay = 0.64> <CoreInst = "DSP48">   --->   Core 124 'DSP48' <Latency = 3> <II = 1> <Delay = 0.53> <IPBlock> <Opcode : '' 'add' 'sub' 'mul' 'select'> <InPorts = 0> <OutPorts = 1> <Sync> <CReg>
ST_399 : Operation 1578 [1/1] (0.00ns)   --->   "%zext_ln173_2 = zext i12 %add_ln173" [flood_HLS_base.cpp:173]   --->   Operation 1578 'zext' 'zext_ln173_2' <Predicate = true> <Delay = 0.00>
ST_399 : Operation 1579 [1/1] (0.00ns)   --->   "%p_ground_addr_2 = getelementptr i32 %p_ground, i64 0, i64 %zext_ln173_2" [flood_HLS_base.cpp:173]   --->   Operation 1579 'getelementptr' 'p_ground_addr_2' <Predicate = true> <Delay = 0.00>
ST_399 : Operation 1580 [1/1] (0.00ns)   --->   "%water_level_addr_6 = getelementptr i32 %water_level, i64 0, i64 %zext_ln173_2" [flood_HLS_base.cpp:174]   --->   Operation 1580 'getelementptr' 'water_level_addr_6' <Predicate = true> <Delay = 0.00>
ST_399 : Operation 1581 [1/1] (0.00ns)   --->   "%tmp_76 = bitconcatenate i14 @_ssdm_op_BitConcatenate.i14.i12.i2, i12 %add_ln173, i2 0" [flood_HLS_base.cpp:177]   --->   Operation 1581 'bitconcatenate' 'tmp_76' <Predicate = true> <Delay = 0.00>
ST_399 : Operation 1582 [1/1] (0.76ns)   --->   "%add_ln177 = add i14 %tmp_76, i14 %zext_ln73" [flood_HLS_base.cpp:177]   --->   Operation 1582 'add' 'add_ln177' <Predicate = true> <Delay = 0.76> <CoreInst = "Adder">   --->   Core 1 'Adder' <Latency = 0> <II = 1> <Delay = 0.76> <FuncUnit> <Opcode : 'add' 'sub'> <InPorts = 2> <OutPorts = 1>
ST_399 : Operation 1583 [1/1] (0.00ns)   --->   "%zext_ln177 = zext i14 %add_ln177" [flood_HLS_base.cpp:177]   --->   Operation 1583 'zext' 'zext_ln177' <Predicate = true> <Delay = 0.00>
ST_399 : Operation 1584 [1/1] (0.00ns)   --->   "%spillage_from_neigh_addr_3 = getelementptr i32 %spillage_from_neigh, i64 0, i64 %zext_ln177" [flood_HLS_base.cpp:177]   --->   Operation 1584 'getelementptr' 'spillage_from_neigh_addr_3' <Predicate = true> <Delay = 0.00>
ST_399 : Operation 1585 [2/2] (1.64ns)   --->   "%p_ground_load_2 = load i12 %p_ground_addr_2" [flood_HLS_base.cpp:173]   --->   Operation 1585 'load' 'p_ground_load_2' <Predicate = true> <Delay = 1.64> <CoreInst = "RAM">   --->   Core 82 'RAM' <Latency = 1> <II = 1> <Delay = 1.64> <Storage> <Opcode : 'load' 'store'> <Ports = 2> <Width = 32> <Depth = 2500> <RAM>
ST_399 : Operation 1586 [2/2] (1.64ns)   --->   "%water_level_load_5 = load i12 %water_level_addr_6" [flood_HLS_base.cpp:174]   --->   Operation 1586 'load' 'water_level_load_5' <Predicate = true> <Delay = 1.64> <CoreInst = "RAM">   --->   Core 82 'RAM' <Latency = 1> <II = 1> <Delay = 1.64> <Storage> <Opcode : 'load' 'store'> <Ports = 2> <Width = 32> <Depth = 2500> <RAM>

State 400 <SV = 82> <Delay = 1.64>
ST_400 : Operation 1587 [1/2] (1.64ns)   --->   "%p_ground_load_2 = load i12 %p_ground_addr_2" [flood_HLS_base.cpp:173]   --->   Operation 1587 'load' 'p_ground_load_2' <Predicate = true> <Delay = 1.64> <CoreInst = "RAM">   --->   Core 82 'RAM' <Latency = 1> <II = 1> <Delay = 1.64> <Storage> <Opcode : 'load' 'store'> <Ports = 2> <Width = 32> <Depth = 2500> <RAM>
ST_400 : Operation 1588 [1/2] (1.64ns)   --->   "%water_level_load_5 = load i12 %water_level_addr_6" [flood_HLS_base.cpp:174]   --->   Operation 1588 'load' 'water_level_load_5' <Predicate = true> <Delay = 1.64> <CoreInst = "RAM">   --->   Core 82 'RAM' <Latency = 1> <II = 1> <Delay = 1.64> <Storage> <Opcode : 'load' 'store'> <Ports = 2> <Width = 32> <Depth = 2500> <RAM>

State 401 <SV = 83> <Delay = 2.66>
ST_401 : Operation 1589 [4/4] (2.66ns)   --->   "%conv7 = sitofp i32 %water_level_load_5" [flood_HLS_base.cpp:174]   --->   Operation 1589 'sitofp' 'conv7' <Predicate = true> <Delay = 2.66> <CoreInst = "Int2Float">   --->   Core 62 'Int2Float' <Latency = 3> <II = 1> <Delay = 2.66> <FuncUnit> <Opcode : 'uitofp' 'sitofp'> <InPorts = 1> <OutPorts = 1>

State 402 <SV = 84> <Delay = 2.66>
ST_402 : Operation 1590 [3/4] (2.66ns)   --->   "%conv7 = sitofp i32 %water_level_load_5" [flood_HLS_base.cpp:174]   --->   Operation 1590 'sitofp' 'conv7' <Predicate = true> <Delay = 2.66> <CoreInst = "Int2Float">   --->   Core 62 'Int2Float' <Latency = 3> <II = 1> <Delay = 2.66> <FuncUnit> <Opcode : 'uitofp' 'sitofp'> <InPorts = 1> <OutPorts = 1>

State 403 <SV = 85> <Delay = 2.66>
ST_403 : Operation 1591 [2/4] (2.66ns)   --->   "%conv7 = sitofp i32 %water_level_load_5" [flood_HLS_base.cpp:174]   --->   Operation 1591 'sitofp' 'conv7' <Predicate = true> <Delay = 2.66> <CoreInst = "Int2Float">   --->   Core 62 'Int2Float' <Latency = 3> <II = 1> <Delay = 2.66> <FuncUnit> <Opcode : 'uitofp' 'sitofp'> <InPorts = 1> <OutPorts = 1>

State 404 <SV = 86> <Delay = 2.66>
ST_404 : Operation 1592 [1/4] (2.66ns)   --->   "%conv7 = sitofp i32 %water_level_load_5" [flood_HLS_base.cpp:174]   --->   Operation 1592 'sitofp' 'conv7' <Predicate = true> <Delay = 2.66> <CoreInst = "Int2Float">   --->   Core 62 'Int2Float' <Latency = 3> <II = 1> <Delay = 2.66> <FuncUnit> <Opcode : 'uitofp' 'sitofp'> <InPorts = 1> <OutPorts = 1>

State 405 <SV = 87> <Delay = 2.32>
ST_405 : Operation 1593 [12/12] (2.32ns)   --->   "%div8 = fdiv i32 %conv7, i32 1e+06" [flood_HLS_base.cpp:174]   --->   Operation 1593 'fdiv' 'div8' <Predicate = true> <Delay = 2.32> <CoreInst = "FDiv">   --->   Core 20 'FDiv' <Latency = 11> <II = 1> <Delay = 2.32> <FuncUnit> <Opcode : 'fdiv' 'frem'> <InPorts = 2> <OutPorts = 1>

State 406 <SV = 88> <Delay = 2.32>
ST_406 : Operation 1594 [11/12] (2.32ns)   --->   "%div8 = fdiv i32 %conv7, i32 1e+06" [flood_HLS_base.cpp:174]   --->   Operation 1594 'fdiv' 'div8' <Predicate = true> <Delay = 2.32> <CoreInst = "FDiv">   --->   Core 20 'FDiv' <Latency = 11> <II = 1> <Delay = 2.32> <FuncUnit> <Opcode : 'fdiv' 'frem'> <InPorts = 2> <OutPorts = 1>

State 407 <SV = 89> <Delay = 2.32>
ST_407 : Operation 1595 [10/12] (2.32ns)   --->   "%div8 = fdiv i32 %conv7, i32 1e+06" [flood_HLS_base.cpp:174]   --->   Operation 1595 'fdiv' 'div8' <Predicate = true> <Delay = 2.32> <CoreInst = "FDiv">   --->   Core 20 'FDiv' <Latency = 11> <II = 1> <Delay = 2.32> <FuncUnit> <Opcode : 'fdiv' 'frem'> <InPorts = 2> <OutPorts = 1>

State 408 <SV = 90> <Delay = 2.32>
ST_408 : Operation 1596 [9/12] (2.32ns)   --->   "%div8 = fdiv i32 %conv7, i32 1e+06" [flood_HLS_base.cpp:174]   --->   Operation 1596 'fdiv' 'div8' <Predicate = true> <Delay = 2.32> <CoreInst = "FDiv">   --->   Core 20 'FDiv' <Latency = 11> <II = 1> <Delay = 2.32> <FuncUnit> <Opcode : 'fdiv' 'frem'> <InPorts = 2> <OutPorts = 1>

State 409 <SV = 91> <Delay = 2.32>
ST_409 : Operation 1597 [8/12] (2.32ns)   --->   "%div8 = fdiv i32 %conv7, i32 1e+06" [flood_HLS_base.cpp:174]   --->   Operation 1597 'fdiv' 'div8' <Predicate = true> <Delay = 2.32> <CoreInst = "FDiv">   --->   Core 20 'FDiv' <Latency = 11> <II = 1> <Delay = 2.32> <FuncUnit> <Opcode : 'fdiv' 'frem'> <InPorts = 2> <OutPorts = 1>

State 410 <SV = 92> <Delay = 2.32>
ST_410 : Operation 1598 [7/12] (2.32ns)   --->   "%div8 = fdiv i32 %conv7, i32 1e+06" [flood_HLS_base.cpp:174]   --->   Operation 1598 'fdiv' 'div8' <Predicate = true> <Delay = 2.32> <CoreInst = "FDiv">   --->   Core 20 'FDiv' <Latency = 11> <II = 1> <Delay = 2.32> <FuncUnit> <Opcode : 'fdiv' 'frem'> <InPorts = 2> <OutPorts = 1>

State 411 <SV = 93> <Delay = 2.32>
ST_411 : Operation 1599 [6/12] (2.32ns)   --->   "%div8 = fdiv i32 %conv7, i32 1e+06" [flood_HLS_base.cpp:174]   --->   Operation 1599 'fdiv' 'div8' <Predicate = true> <Delay = 2.32> <CoreInst = "FDiv">   --->   Core 20 'FDiv' <Latency = 11> <II = 1> <Delay = 2.32> <FuncUnit> <Opcode : 'fdiv' 'frem'> <InPorts = 2> <OutPorts = 1>

State 412 <SV = 94> <Delay = 2.32>
ST_412 : Operation 1600 [5/12] (2.32ns)   --->   "%div8 = fdiv i32 %conv7, i32 1e+06" [flood_HLS_base.cpp:174]   --->   Operation 1600 'fdiv' 'div8' <Predicate = true> <Delay = 2.32> <CoreInst = "FDiv">   --->   Core 20 'FDiv' <Latency = 11> <II = 1> <Delay = 2.32> <FuncUnit> <Opcode : 'fdiv' 'frem'> <InPorts = 2> <OutPorts = 1>

State 413 <SV = 95> <Delay = 2.32>
ST_413 : Operation 1601 [4/12] (2.32ns)   --->   "%div8 = fdiv i32 %conv7, i32 1e+06" [flood_HLS_base.cpp:174]   --->   Operation 1601 'fdiv' 'div8' <Predicate = true> <Delay = 2.32> <CoreInst = "FDiv">   --->   Core 20 'FDiv' <Latency = 11> <II = 1> <Delay = 2.32> <FuncUnit> <Opcode : 'fdiv' 'frem'> <InPorts = 2> <OutPorts = 1>

State 414 <SV = 96> <Delay = 2.32>
ST_414 : Operation 1602 [3/12] (2.32ns)   --->   "%div8 = fdiv i32 %conv7, i32 1e+06" [flood_HLS_base.cpp:174]   --->   Operation 1602 'fdiv' 'div8' <Predicate = true> <Delay = 2.32> <CoreInst = "FDiv">   --->   Core 20 'FDiv' <Latency = 11> <II = 1> <Delay = 2.32> <FuncUnit> <Opcode : 'fdiv' 'frem'> <InPorts = 2> <OutPorts = 1>

State 415 <SV = 97> <Delay = 2.32>
ST_415 : Operation 1603 [2/12] (2.32ns)   --->   "%div8 = fdiv i32 %conv7, i32 1e+06" [flood_HLS_base.cpp:174]   --->   Operation 1603 'fdiv' 'div8' <Predicate = true> <Delay = 2.32> <CoreInst = "FDiv">   --->   Core 20 'FDiv' <Latency = 11> <II = 1> <Delay = 2.32> <FuncUnit> <Opcode : 'fdiv' 'frem'> <InPorts = 2> <OutPorts = 1>

State 416 <SV = 98> <Delay = 2.32>
ST_416 : Operation 1604 [1/12] (2.32ns)   --->   "%div8 = fdiv i32 %conv7, i32 1e+06" [flood_HLS_base.cpp:174]   --->   Operation 1604 'fdiv' 'div8' <Predicate = true> <Delay = 2.32> <CoreInst = "FDiv">   --->   Core 20 'FDiv' <Latency = 11> <II = 1> <Delay = 2.32> <FuncUnit> <Opcode : 'fdiv' 'frem'> <InPorts = 2> <OutPorts = 1>

State 417 <SV = 99> <Delay = 2.34>
ST_417 : Operation 1605 [1/1] (0.00ns)   --->   "%bitcast_ln173 = bitcast i32 %p_ground_load_2" [flood_HLS_base.cpp:173]   --->   Operation 1605 'bitcast' 'bitcast_ln173' <Predicate = true> <Delay = 0.00>
ST_417 : Operation 1606 [7/7] (2.34ns)   --->   "%neighbor_height_3 = fadd i32 %bitcast_ln173, i32 %div8" [flood_HLS_base.cpp:173]   --->   Operation 1606 'fadd' 'neighbor_height_3' <Predicate = true> <Delay = 2.34> <CoreInst = "FAddSub_fulldsp">   --->   Core 18 'FAddSub_fulldsp' <Latency = 6> <II = 1> <Delay = 2.34> <FuncUnit> <Opcode : 'fadd' 'fsub'> <InPorts = 2> <OutPorts = 1>

State 418 <SV = 100> <Delay = 2.34>
ST_418 : Operation 1607 [6/7] (2.34ns)   --->   "%neighbor_height_3 = fadd i32 %bitcast_ln173, i32 %div8" [flood_HLS_base.cpp:173]   --->   Operation 1607 'fadd' 'neighbor_height_3' <Predicate = true> <Delay = 2.34> <CoreInst = "FAddSub_fulldsp">   --->   Core 18 'FAddSub_fulldsp' <Latency = 6> <II = 1> <Delay = 2.34> <FuncUnit> <Opcode : 'fadd' 'fsub'> <InPorts = 2> <OutPorts = 1>

State 419 <SV = 101> <Delay = 2.34>
ST_419 : Operation 1608 [5/7] (2.34ns)   --->   "%neighbor_height_3 = fadd i32 %bitcast_ln173, i32 %div8" [flood_HLS_base.cpp:173]   --->   Operation 1608 'fadd' 'neighbor_height_3' <Predicate = true> <Delay = 2.34> <CoreInst = "FAddSub_fulldsp">   --->   Core 18 'FAddSub_fulldsp' <Latency = 6> <II = 1> <Delay = 2.34> <FuncUnit> <Opcode : 'fadd' 'fsub'> <InPorts = 2> <OutPorts = 1>

State 420 <SV = 102> <Delay = 2.34>
ST_420 : Operation 1609 [4/7] (2.34ns)   --->   "%neighbor_height_3 = fadd i32 %bitcast_ln173, i32 %div8" [flood_HLS_base.cpp:173]   --->   Operation 1609 'fadd' 'neighbor_height_3' <Predicate = true> <Delay = 2.34> <CoreInst = "FAddSub_fulldsp">   --->   Core 18 'FAddSub_fulldsp' <Latency = 6> <II = 1> <Delay = 2.34> <FuncUnit> <Opcode : 'fadd' 'fsub'> <InPorts = 2> <OutPorts = 1>

State 421 <SV = 103> <Delay = 2.34>
ST_421 : Operation 1610 [3/7] (2.34ns)   --->   "%neighbor_height_3 = fadd i32 %bitcast_ln173, i32 %div8" [flood_HLS_base.cpp:173]   --->   Operation 1610 'fadd' 'neighbor_height_3' <Predicate = true> <Delay = 2.34> <CoreInst = "FAddSub_fulldsp">   --->   Core 18 'FAddSub_fulldsp' <Latency = 6> <II = 1> <Delay = 2.34> <FuncUnit> <Opcode : 'fadd' 'fsub'> <InPorts = 2> <OutPorts = 1>

State 422 <SV = 104> <Delay = 2.34>
ST_422 : Operation 1611 [2/7] (2.34ns)   --->   "%neighbor_height_3 = fadd i32 %bitcast_ln173, i32 %div8" [flood_HLS_base.cpp:173]   --->   Operation 1611 'fadd' 'neighbor_height_3' <Predicate = true> <Delay = 2.34> <CoreInst = "FAddSub_fulldsp">   --->   Core 18 'FAddSub_fulldsp' <Latency = 6> <II = 1> <Delay = 2.34> <FuncUnit> <Opcode : 'fadd' 'fsub'> <InPorts = 2> <OutPorts = 1>

State 423 <SV = 105> <Delay = 2.34>
ST_423 : Operation 1612 [1/7] (2.34ns)   --->   "%neighbor_height_3 = fadd i32 %bitcast_ln173, i32 %div8" [flood_HLS_base.cpp:173]   --->   Operation 1612 'fadd' 'neighbor_height_3' <Predicate = true> <Delay = 2.34> <CoreInst = "FAddSub_fulldsp">   --->   Core 18 'FAddSub_fulldsp' <Latency = 6> <II = 1> <Delay = 2.34> <FuncUnit> <Opcode : 'fadd' 'fsub'> <InPorts = 2> <OutPorts = 1>

State 424 <SV = 106> <Delay = 1.64>
ST_424 : Operation 1613 [2/2] (1.64ns)   --->   "%tmp_54 = fcmp_oge  i32 %current_height, i32 %neighbor_height_3" [flood_HLS_base.cpp:175]   --->   Operation 1613 'fcmp' 'tmp_54' <Predicate = true> <Delay = 1.64> <CoreInst = "FCompare">   --->   Core 19 'FCompare' <Latency = 1> <II = 1> <Delay = 1.64> <FuncUnit> <Opcode : 'fcmp'> <InPorts = 2> <OutPorts = 1>

State 425 <SV = 107> <Delay = 2.34>
ST_425 : Operation 1614 [1/1] (0.00ns)   --->   "%bitcast_ln175 = bitcast i32 %neighbor_height_3" [flood_HLS_base.cpp:175]   --->   Operation 1614 'bitcast' 'bitcast_ln175' <Predicate = true> <Delay = 0.00>
ST_425 : Operation 1615 [1/1] (0.00ns)   --->   "%tmp_53 = partselect i8 @_ssdm_op_PartSelect.i8.i32.i32.i32, i32 %bitcast_ln175, i32 23, i32 30" [flood_HLS_base.cpp:175]   --->   Operation 1615 'partselect' 'tmp_53' <Predicate = true> <Delay = 0.00>
ST_425 : Operation 1616 [1/1] (0.00ns)   --->   "%trunc_ln175 = trunc i32 %bitcast_ln175" [flood_HLS_base.cpp:175]   --->   Operation 1616 'trunc' 'trunc_ln175' <Predicate = true> <Delay = 0.00>
ST_425 : Operation 1617 [1/1] (0.70ns)   --->   "%icmp_ln175 = icmp_ne  i8 %tmp_53, i8 255" [flood_HLS_base.cpp:175]   --->   Operation 1617 'icmp' 'icmp_ln175' <Predicate = true> <Delay = 0.70> <CoreInst = "Cmp">   --->   Core 9 'Cmp' <Latency = 0> <II = 1> <Delay = 0.70> <FuncUnit> <Opcode : 'seteq' 'setne' 'setle' 'setge' 'setlt' 'setgt'> <InPorts = 2> <OutPorts = 1>
ST_425 : Operation 1618 [1/1] (0.82ns)   --->   "%icmp_ln175_1 = icmp_eq  i23 %trunc_ln175, i23 0" [flood_HLS_base.cpp:175]   --->   Operation 1618 'icmp' 'icmp_ln175_1' <Predicate = true> <Delay = 0.82> <CoreInst = "Cmp">   --->   Core 9 'Cmp' <Latency = 0> <II = 1> <Delay = 0.82> <FuncUnit> <Opcode : 'seteq' 'setne' 'setle' 'setge' 'setlt' 'setgt'> <InPorts = 2> <OutPorts = 1>
ST_425 : Operation 1619 [1/1] (0.00ns) (grouped into LUT with out node and_ln175_1)   --->   "%or_ln175 = or i1 %icmp_ln175_1, i1 %icmp_ln175" [flood_HLS_base.cpp:175]   --->   Operation 1619 'or' 'or_ln175' <Predicate = true> <Delay = 0.00> <CoreInst = "LogicGate">   --->   Core 74 'LogicGate' <Latency = 0> <II = 1> <Delay = 0.12> <FuncUnit> <Opcode : 'and' 'or' 'xor'> <InPorts = 2> <OutPorts = 1>
ST_425 : Operation 1620 [1/1] (0.00ns) (grouped into LUT with out node and_ln175_1)   --->   "%and_ln175 = and i1 %empty_86, i1 %or_ln175" [flood_HLS_base.cpp:175]   --->   Operation 1620 'and' 'and_ln175' <Predicate = true> <Delay = 0.00> <CoreInst = "LogicGate">   --->   Core 74 'LogicGate' <Latency = 0> <II = 1> <Delay = 0.12> <FuncUnit> <Opcode : 'and' 'or' 'xor'> <InPorts = 2> <OutPorts = 1>
ST_425 : Operation 1621 [1/2] (1.64ns)   --->   "%tmp_54 = fcmp_oge  i32 %current_height, i32 %neighbor_height_3" [flood_HLS_base.cpp:175]   --->   Operation 1621 'fcmp' 'tmp_54' <Predicate = true> <Delay = 1.64> <CoreInst = "FCompare">   --->   Core 19 'FCompare' <Latency = 1> <II = 1> <Delay = 1.64> <FuncUnit> <Opcode : 'fcmp'> <InPorts = 2> <OutPorts = 1>
ST_425 : Operation 1622 [1/1] (0.12ns) (out node of the LUT)   --->   "%and_ln175_1 = and i1 %and_ln175, i1 %tmp_54" [flood_HLS_base.cpp:175]   --->   Operation 1622 'and' 'and_ln175_1' <Predicate = true> <Delay = 0.12> <CoreInst = "LogicGate">   --->   Core 74 'LogicGate' <Latency = 0> <II = 1> <Delay = 0.12> <FuncUnit> <Opcode : 'and' 'or' 'xor'> <InPorts = 2> <OutPorts = 1>
ST_425 : Operation 1623 [1/1] (0.00ns)   --->   "%br_ln175 = br i1 %and_ln175_1, void %if.end408, void %if.then398" [flood_HLS_base.cpp:175]   --->   Operation 1623 'br' 'br_ln175' <Predicate = true> <Delay = 0.00>
ST_425 : Operation 1624 [7/7] (2.34ns)   --->   "%sub7 = fsub i32 %current_height, i32 %neighbor_height_3" [flood_HLS_base.cpp:177]   --->   Operation 1624 'fsub' 'sub7' <Predicate = (and_ln175_1)> <Delay = 2.34> <CoreInst = "FAddSub_fulldsp">   --->   Core 18 'FAddSub_fulldsp' <Latency = 6> <II = 1> <Delay = 2.34> <FuncUnit> <Opcode : 'fadd' 'fsub'> <InPorts = 2> <OutPorts = 1>

State 426 <SV = 108> <Delay = 2.34>
ST_426 : Operation 1625 [6/7] (2.34ns)   --->   "%sub7 = fsub i32 %current_height, i32 %neighbor_height_3" [flood_HLS_base.cpp:177]   --->   Operation 1625 'fsub' 'sub7' <Predicate = true> <Delay = 2.34> <CoreInst = "FAddSub_fulldsp">   --->   Core 18 'FAddSub_fulldsp' <Latency = 6> <II = 1> <Delay = 2.34> <FuncUnit> <Opcode : 'fadd' 'fsub'> <InPorts = 2> <OutPorts = 1>

State 427 <SV = 109> <Delay = 2.34>
ST_427 : Operation 1626 [5/7] (2.34ns)   --->   "%sub7 = fsub i32 %current_height, i32 %neighbor_height_3" [flood_HLS_base.cpp:177]   --->   Operation 1626 'fsub' 'sub7' <Predicate = true> <Delay = 2.34> <CoreInst = "FAddSub_fulldsp">   --->   Core 18 'FAddSub_fulldsp' <Latency = 6> <II = 1> <Delay = 2.34> <FuncUnit> <Opcode : 'fadd' 'fsub'> <InPorts = 2> <OutPorts = 1>

State 428 <SV = 110> <Delay = 2.34>
ST_428 : Operation 1627 [4/7] (2.34ns)   --->   "%sub7 = fsub i32 %current_height, i32 %neighbor_height_3" [flood_HLS_base.cpp:177]   --->   Operation 1627 'fsub' 'sub7' <Predicate = true> <Delay = 2.34> <CoreInst = "FAddSub_fulldsp">   --->   Core 18 'FAddSub_fulldsp' <Latency = 6> <II = 1> <Delay = 2.34> <FuncUnit> <Opcode : 'fadd' 'fsub'> <InPorts = 2> <OutPorts = 1>

State 429 <SV = 111> <Delay = 2.34>
ST_429 : Operation 1628 [3/7] (2.34ns)   --->   "%sub7 = fsub i32 %current_height, i32 %neighbor_height_3" [flood_HLS_base.cpp:177]   --->   Operation 1628 'fsub' 'sub7' <Predicate = true> <Delay = 2.34> <CoreInst = "FAddSub_fulldsp">   --->   Core 18 'FAddSub_fulldsp' <Latency = 6> <II = 1> <Delay = 2.34> <FuncUnit> <Opcode : 'fadd' 'fsub'> <InPorts = 2> <OutPorts = 1>

State 430 <SV = 112> <Delay = 2.34>
ST_430 : Operation 1629 [2/7] (2.34ns)   --->   "%sub7 = fsub i32 %current_height, i32 %neighbor_height_3" [flood_HLS_base.cpp:177]   --->   Operation 1629 'fsub' 'sub7' <Predicate = true> <Delay = 2.34> <CoreInst = "FAddSub_fulldsp">   --->   Core 18 'FAddSub_fulldsp' <Latency = 6> <II = 1> <Delay = 2.34> <FuncUnit> <Opcode : 'fadd' 'fsub'> <InPorts = 2> <OutPorts = 1>

State 431 <SV = 113> <Delay = 2.34>
ST_431 : Operation 1630 [1/7] (2.34ns)   --->   "%sub7 = fsub i32 %current_height, i32 %neighbor_height_3" [flood_HLS_base.cpp:177]   --->   Operation 1630 'fsub' 'sub7' <Predicate = true> <Delay = 2.34> <CoreInst = "FAddSub_fulldsp">   --->   Core 18 'FAddSub_fulldsp' <Latency = 6> <II = 1> <Delay = 2.34> <FuncUnit> <Opcode : 'fadd' 'fsub'> <InPorts = 2> <OutPorts = 1>

State 432 <SV = 114> <Delay = 2.32>
ST_432 : Operation 1631 [4/4] (2.32ns)   --->   "%mul9 = fmul i32 %proportion, i32 %sub7" [flood_HLS_base.cpp:177]   --->   Operation 1631 'fmul' 'mul9' <Predicate = true> <Delay = 2.32> <CoreInst = "FMul_maxdsp">   --->   Core 30 'FMul_maxdsp' <Latency = 3> <II = 1> <Delay = 2.32> <FuncUnit> <Opcode : 'fmul'> <InPorts = 2> <OutPorts = 1>

State 433 <SV = 115> <Delay = 2.32>
ST_433 : Operation 1632 [3/4] (2.32ns)   --->   "%mul9 = fmul i32 %proportion, i32 %sub7" [flood_HLS_base.cpp:177]   --->   Operation 1632 'fmul' 'mul9' <Predicate = true> <Delay = 2.32> <CoreInst = "FMul_maxdsp">   --->   Core 30 'FMul_maxdsp' <Latency = 3> <II = 1> <Delay = 2.32> <FuncUnit> <Opcode : 'fmul'> <InPorts = 2> <OutPorts = 1>

State 434 <SV = 116> <Delay = 2.32>
ST_434 : Operation 1633 [2/4] (2.32ns)   --->   "%mul9 = fmul i32 %proportion, i32 %sub7" [flood_HLS_base.cpp:177]   --->   Operation 1633 'fmul' 'mul9' <Predicate = true> <Delay = 2.32> <CoreInst = "FMul_maxdsp">   --->   Core 30 'FMul_maxdsp' <Latency = 3> <II = 1> <Delay = 2.32> <FuncUnit> <Opcode : 'fmul'> <InPorts = 2> <OutPorts = 1>

State 435 <SV = 117> <Delay = 2.32>
ST_435 : Operation 1634 [1/4] (2.32ns)   --->   "%mul9 = fmul i32 %proportion, i32 %sub7" [flood_HLS_base.cpp:177]   --->   Operation 1634 'fmul' 'mul9' <Predicate = true> <Delay = 2.32> <CoreInst = "FMul_maxdsp">   --->   Core 30 'FMul_maxdsp' <Latency = 3> <II = 1> <Delay = 2.32> <FuncUnit> <Opcode : 'fmul'> <InPorts = 2> <OutPorts = 1>

State 436 <SV = 118> <Delay = 1.24>
ST_436 : Operation 1635 [1/1] (1.24ns)   --->   "%store_ln177 = store i32 %mul9, i14 %spillage_from_neigh_addr_3" [flood_HLS_base.cpp:177]   --->   Operation 1635 'store' 'store_ln177' <Predicate = (and_ln175_1)> <Delay = 1.24> <CoreInst = "RAM">   --->   Core 82 'RAM' <Latency = 1> <II = 1> <Delay = 1.24> <Storage> <Opcode : 'load' 'store'> <Ports = 2> <Width = 32> <Depth = 10000> <RAM>
ST_436 : Operation 1636 [1/1] (0.00ns)   --->   "%br_ln179 = br void %if.end408" [flood_HLS_base.cpp:179]   --->   Operation 1636 'br' 'br_ln179' <Predicate = (and_ln175_1)> <Delay = 0.00>
ST_436 : Operation 1637 [1/1] (0.38ns)   --->   "%br_ln0 = br void %for.inc410"   --->   Operation 1637 'br' 'br_ln0' <Predicate = true> <Delay = 0.38>

State 437 <SV = 117> <Delay = 2.28>
ST_437 : Operation 1638 [1/1] (0.00ns)   --->   "%xs_exp_5 = partselect i8 @_ssdm_op_PartSelect.i8.i32.i32.i32, i32 %data_5, i32 23, i32 30" [/wrk/ci/prod/2024.1/hls_product/continuous/545/2024.1/src/shared/hls/clib/src/hls/utils/x_hls_utils.h:295->/wrk/ci/prod/2024.1/hls_product/continuous/545/2024.1/src/shared/hls/clib/hlsmath/include/FloatingPoint/hls_case_IEEE754.h:13->/wrk/ci/prod/2024.1/hls_product/continuous/545/2024.1/src/shared/hls/clib/hlsmath/include/FloatingPoint/hls_case_IEEE754.h:117->/wrk/ci/prod/2024.1/hls_product/continuous/545/2024.1/src/shared/hls/clib/hlsmath/src/lib_floatconversion.cpp:51->flood_HLS_base.cpp:169]   --->   Operation 1638 'partselect' 'xs_exp_5' <Predicate = true> <Delay = 0.00>
ST_437 : Operation 1639 [1/1] (0.00ns)   --->   "%trunc_ln342_3 = trunc i32 %data_5" [/wrk/ci/prod/2024.1/hls_product/continuous/545/2024.1/src/shared/hls/clib/src/hls/utils/x_hls_utils.h:342->/wrk/ci/prod/2024.1/hls_product/continuous/545/2024.1/src/shared/hls/clib/hlsmath/include/FloatingPoint/hls_case_IEEE754.h:15->/wrk/ci/prod/2024.1/hls_product/continuous/545/2024.1/src/shared/hls/clib/hlsmath/include/FloatingPoint/hls_case_IEEE754.h:117->/wrk/ci/prod/2024.1/hls_product/continuous/545/2024.1/src/shared/hls/clib/hlsmath/src/lib_floatconversion.cpp:51->flood_HLS_base.cpp:169]   --->   Operation 1639 'trunc' 'trunc_ln342_3' <Predicate = true> <Delay = 0.00>
ST_437 : Operation 1640 [1/1] (0.00ns)   --->   "%mantissa_5 = bitconcatenate i25 @_ssdm_op_BitConcatenate.i25.i1.i23.i1, i1 1, i23 %trunc_ln342_3, i1 0" [/wrk/ci/prod/2024.1/hls_product/continuous/545/2024.1/src/shared/hls/clib/hlsmath/include/FloatingPoint/hls_case_IEEE754.h:15->/wrk/ci/prod/2024.1/hls_product/continuous/545/2024.1/src/shared/hls/clib/hlsmath/include/FloatingPoint/hls_case_IEEE754.h:117->/wrk/ci/prod/2024.1/hls_product/continuous/545/2024.1/src/shared/hls/clib/hlsmath/src/lib_floatconversion.cpp:51->flood_HLS_base.cpp:169]   --->   Operation 1640 'bitconcatenate' 'mantissa_5' <Predicate = true> <Delay = 0.00>
ST_437 : Operation 1641 [1/1] (0.00ns)   --->   "%zext_ln15_5 = zext i25 %mantissa_5" [/wrk/ci/prod/2024.1/hls_product/continuous/545/2024.1/src/shared/hls/clib/hlsmath/include/FloatingPoint/hls_case_IEEE754.h:15->/wrk/ci/prod/2024.1/hls_product/continuous/545/2024.1/src/shared/hls/clib/hlsmath/include/FloatingPoint/hls_case_IEEE754.h:117->/wrk/ci/prod/2024.1/hls_product/continuous/545/2024.1/src/shared/hls/clib/hlsmath/src/lib_floatconversion.cpp:51->flood_HLS_base.cpp:169]   --->   Operation 1641 'zext' 'zext_ln15_5' <Predicate = true> <Delay = 0.00>
ST_437 : Operation 1642 [1/1] (0.00ns)   --->   "%zext_ln317_5 = zext i8 %xs_exp_5" [/wrk/ci/prod/2024.1/hls_product/continuous/545/2024.1/src/shared/hls/clib/src/hls/utils/x_hls_utils.h:317->/wrk/ci/prod/2024.1/hls_product/continuous/545/2024.1/src/shared/hls/clib/hlsmath/include/FloatingPoint/hls_case_IEEE754.h:18->/wrk/ci/prod/2024.1/hls_product/continuous/545/2024.1/src/shared/hls/clib/hlsmath/include/FloatingPoint/hls_case_IEEE754.h:117->/wrk/ci/prod/2024.1/hls_product/continuous/545/2024.1/src/shared/hls/clib/hlsmath/src/lib_floatconversion.cpp:51->flood_HLS_base.cpp:169]   --->   Operation 1642 'zext' 'zext_ln317_5' <Predicate = true> <Delay = 0.00>
ST_437 : Operation 1643 [1/1] (0.70ns)   --->   "%add_ln317_5 = add i9 %zext_ln317_5, i9 385" [/wrk/ci/prod/2024.1/hls_product/continuous/545/2024.1/src/shared/hls/clib/src/hls/utils/x_hls_utils.h:317->/wrk/ci/prod/2024.1/hls_product/continuous/545/2024.1/src/shared/hls/clib/hlsmath/include/FloatingPoint/hls_case_IEEE754.h:18->/wrk/ci/prod/2024.1/hls_product/continuous/545/2024.1/src/shared/hls/clib/hlsmath/include/FloatingPoint/hls_case_IEEE754.h:117->/wrk/ci/prod/2024.1/hls_product/continuous/545/2024.1/src/shared/hls/clib/hlsmath/src/lib_floatconversion.cpp:51->flood_HLS_base.cpp:169]   --->   Operation 1643 'add' 'add_ln317_5' <Predicate = true> <Delay = 0.70> <CoreInst = "Adder">   --->   Core 1 'Adder' <Latency = 0> <II = 1> <Delay = 0.70> <FuncUnit> <Opcode : 'add' 'sub'> <InPorts = 2> <OutPorts = 1>
ST_437 : Operation 1644 [1/1] (0.00ns)   --->   "%tmp_78 = bitselect i1 @_ssdm_op_BitSelect.i1.i9.i32, i9 %add_ln317_5, i32 8" [/wrk/ci/prod/2024.1/hls_product/continuous/545/2024.1/src/shared/hls/clib/hlsmath/include/FloatingPoint/hls_case_IEEE754.h:18->/wrk/ci/prod/2024.1/hls_product/continuous/545/2024.1/src/shared/hls/clib/hlsmath/include/FloatingPoint/hls_case_IEEE754.h:117->/wrk/ci/prod/2024.1/hls_product/continuous/545/2024.1/src/shared/hls/clib/hlsmath/src/lib_floatconversion.cpp:51->flood_HLS_base.cpp:169]   --->   Operation 1644 'bitselect' 'tmp_78' <Predicate = true> <Delay = 0.00>
ST_437 : Operation 1645 [1/1] (0.70ns)   --->   "%sub_ln18_5 = sub i8 127, i8 %xs_exp_5" [/wrk/ci/prod/2024.1/hls_product/continuous/545/2024.1/src/shared/hls/clib/hlsmath/include/FloatingPoint/hls_case_IEEE754.h:18->/wrk/ci/prod/2024.1/hls_product/continuous/545/2024.1/src/shared/hls/clib/hlsmath/include/FloatingPoint/hls_case_IEEE754.h:117->/wrk/ci/prod/2024.1/hls_product/continuous/545/2024.1/src/shared/hls/clib/hlsmath/src/lib_floatconversion.cpp:51->flood_HLS_base.cpp:169]   --->   Operation 1645 'sub' 'sub_ln18_5' <Predicate = true> <Delay = 0.70> <CoreInst = "Adder">   --->   Core 1 'Adder' <Latency = 0> <II = 1> <Delay = 0.70> <FuncUnit> <Opcode : 'add' 'sub'> <InPorts = 2> <OutPorts = 1>
ST_437 : Operation 1646 [1/1] (0.00ns)   --->   "%sext_ln18_10 = sext i8 %sub_ln18_5" [/wrk/ci/prod/2024.1/hls_product/continuous/545/2024.1/src/shared/hls/clib/hlsmath/include/FloatingPoint/hls_case_IEEE754.h:18->/wrk/ci/prod/2024.1/hls_product/continuous/545/2024.1/src/shared/hls/clib/hlsmath/include/FloatingPoint/hls_case_IEEE754.h:117->/wrk/ci/prod/2024.1/hls_product/continuous/545/2024.1/src/shared/hls/clib/hlsmath/src/lib_floatconversion.cpp:51->flood_HLS_base.cpp:169]   --->   Operation 1646 'sext' 'sext_ln18_10' <Predicate = true> <Delay = 0.00>
ST_437 : Operation 1647 [1/1] (0.30ns)   --->   "%select_ln18_10 = select i1 %tmp_78, i9 %sext_ln18_10, i9 %add_ln317_5" [/wrk/ci/prod/2024.1/hls_product/continuous/545/2024.1/src/shared/hls/clib/hlsmath/include/FloatingPoint/hls_case_IEEE754.h:18->/wrk/ci/prod/2024.1/hls_product/continuous/545/2024.1/src/shared/hls/clib/hlsmath/include/FloatingPoint/hls_case_IEEE754.h:117->/wrk/ci/prod/2024.1/hls_product/continuous/545/2024.1/src/shared/hls/clib/hlsmath/src/lib_floatconversion.cpp:51->flood_HLS_base.cpp:169]   --->   Operation 1647 'select' 'select_ln18_10' <Predicate = true> <Delay = 0.30> <CoreInst = "Sel">   --->   Core 73 'Sel' <Latency = 0> <II = 1> <Delay = 0.30> <FuncUnit> <Opcode : 'select'> <InPorts = 3> <OutPorts = 1>
ST_437 : Operation 1648 [1/1] (0.00ns)   --->   "%sext_ln18_11 = sext i9 %select_ln18_10" [/wrk/ci/prod/2024.1/hls_product/continuous/545/2024.1/src/shared/hls/clib/hlsmath/include/FloatingPoint/hls_case_IEEE754.h:18->/wrk/ci/prod/2024.1/hls_product/continuous/545/2024.1/src/shared/hls/clib/hlsmath/include/FloatingPoint/hls_case_IEEE754.h:117->/wrk/ci/prod/2024.1/hls_product/continuous/545/2024.1/src/shared/hls/clib/hlsmath/src/lib_floatconversion.cpp:51->flood_HLS_base.cpp:169]   --->   Operation 1648 'sext' 'sext_ln18_11' <Predicate = true> <Delay = 0.00>
ST_437 : Operation 1649 [1/1] (0.00ns)   --->   "%zext_ln18_5 = zext i32 %sext_ln18_11" [/wrk/ci/prod/2024.1/hls_product/continuous/545/2024.1/src/shared/hls/clib/hlsmath/include/FloatingPoint/hls_case_IEEE754.h:18->/wrk/ci/prod/2024.1/hls_product/continuous/545/2024.1/src/shared/hls/clib/hlsmath/include/FloatingPoint/hls_case_IEEE754.h:117->/wrk/ci/prod/2024.1/hls_product/continuous/545/2024.1/src/shared/hls/clib/hlsmath/src/lib_floatconversion.cpp:51->flood_HLS_base.cpp:169]   --->   Operation 1649 'zext' 'zext_ln18_5' <Predicate = true> <Delay = 0.00>
ST_437 : Operation 1650 [1/1] (1.05ns)   --->   "%lshr_ln18_5 = lshr i79 %zext_ln15_5, i79 %zext_ln18_5" [/wrk/ci/prod/2024.1/hls_product/continuous/545/2024.1/src/shared/hls/clib/hlsmath/include/FloatingPoint/hls_case_IEEE754.h:18->/wrk/ci/prod/2024.1/hls_product/continuous/545/2024.1/src/shared/hls/clib/hlsmath/include/FloatingPoint/hls_case_IEEE754.h:117->/wrk/ci/prod/2024.1/hls_product/continuous/545/2024.1/src/shared/hls/clib/hlsmath/src/lib_floatconversion.cpp:51->flood_HLS_base.cpp:169]   --->   Operation 1650 'lshr' 'lshr_ln18_5' <Predicate = true> <Delay = 1.05> <CoreInst = "Shifter">   --->   Core 75 'Shifter' <Latency = 0> <II = 1> <Delay = 1.05> <FuncUnit> <Opcode : 'shl' 'lshr' 'ashr'> <InPorts = 2> <OutPorts = 1>
ST_437 : Operation 1651 [1/1] (1.05ns)   --->   "%shl_ln18_5 = shl i79 %zext_ln15_5, i79 %zext_ln18_5" [/wrk/ci/prod/2024.1/hls_product/continuous/545/2024.1/src/shared/hls/clib/hlsmath/include/FloatingPoint/hls_case_IEEE754.h:18->/wrk/ci/prod/2024.1/hls_product/continuous/545/2024.1/src/shared/hls/clib/hlsmath/include/FloatingPoint/hls_case_IEEE754.h:117->/wrk/ci/prod/2024.1/hls_product/continuous/545/2024.1/src/shared/hls/clib/hlsmath/src/lib_floatconversion.cpp:51->flood_HLS_base.cpp:169]   --->   Operation 1651 'shl' 'shl_ln18_5' <Predicate = true> <Delay = 1.05> <CoreInst = "Shifter">   --->   Core 75 'Shifter' <Latency = 0> <II = 1> <Delay = 1.05> <FuncUnit> <Opcode : 'shl' 'lshr' 'ashr'> <InPorts = 2> <OutPorts = 1>
ST_437 : Operation 1652 [1/1] (0.00ns)   --->   "%tmp_77 = partselect i32 @_ssdm_op_PartSelect.i32.i79.i32.i32, i79 %lshr_ln18_5, i32 24, i32 55" [/wrk/ci/prod/2024.1/hls_product/continuous/545/2024.1/src/shared/hls/clib/hlsmath/include/FloatingPoint/hls_case_IEEE754.h:21->/wrk/ci/prod/2024.1/hls_product/continuous/545/2024.1/src/shared/hls/clib/hlsmath/include/FloatingPoint/hls_case_IEEE754.h:117->/wrk/ci/prod/2024.1/hls_product/continuous/545/2024.1/src/shared/hls/clib/hlsmath/src/lib_floatconversion.cpp:51->flood_HLS_base.cpp:169]   --->   Operation 1652 'partselect' 'tmp_77' <Predicate = true> <Delay = 0.00>
ST_437 : Operation 1653 [1/1] (0.00ns)   --->   "%tmp_79 = partselect i32 @_ssdm_op_PartSelect.i32.i79.i32.i32, i79 %shl_ln18_5, i32 24, i32 55" [/wrk/ci/prod/2024.1/hls_product/continuous/545/2024.1/src/shared/hls/clib/hlsmath/include/FloatingPoint/hls_case_IEEE754.h:21->/wrk/ci/prod/2024.1/hls_product/continuous/545/2024.1/src/shared/hls/clib/hlsmath/include/FloatingPoint/hls_case_IEEE754.h:117->/wrk/ci/prod/2024.1/hls_product/continuous/545/2024.1/src/shared/hls/clib/hlsmath/src/lib_floatconversion.cpp:51->flood_HLS_base.cpp:169]   --->   Operation 1653 'partselect' 'tmp_79' <Predicate = true> <Delay = 0.00>
ST_437 : Operation 1654 [1/1] (0.22ns)   --->   "%val_3 = select i1 %tmp_78, i32 %tmp_77, i32 %tmp_79" [/wrk/ci/prod/2024.1/hls_product/continuous/545/2024.1/src/shared/hls/clib/hlsmath/include/FloatingPoint/hls_case_IEEE754.h:18->/wrk/ci/prod/2024.1/hls_product/continuous/545/2024.1/src/shared/hls/clib/hlsmath/include/FloatingPoint/hls_case_IEEE754.h:117->/wrk/ci/prod/2024.1/hls_product/continuous/545/2024.1/src/shared/hls/clib/hlsmath/src/lib_floatconversion.cpp:51->flood_HLS_base.cpp:169]   --->   Operation 1654 'select' 'val_3' <Predicate = true> <Delay = 0.22> <CoreInst = "Sel">   --->   Core 73 'Sel' <Latency = 0> <II = 1> <Delay = 0.22> <FuncUnit> <Opcode : 'select'> <InPorts = 3> <OutPorts = 1>

State 438 <SV = 118> <Delay = 2.02>
ST_438 : Operation 1655 [1/1] (0.00ns) (grouped into LUT with out node add_ln168)   --->   "%xs_sign_5 = bitselect i1 @_ssdm_op_BitSelect.i1.i32.i32, i32 %data_5, i32 31" [/wrk/ci/prod/2024.1/hls_product/continuous/545/2024.1/src/shared/hls/clib/src/hls/utils/x_hls_utils.h:294->/wrk/ci/prod/2024.1/hls_product/continuous/545/2024.1/src/shared/hls/clib/hlsmath/include/FloatingPoint/hls_case_IEEE754.h:13->/wrk/ci/prod/2024.1/hls_product/continuous/545/2024.1/src/shared/hls/clib/hlsmath/include/FloatingPoint/hls_case_IEEE754.h:117->/wrk/ci/prod/2024.1/hls_product/continuous/545/2024.1/src/shared/hls/clib/hlsmath/src/lib_floatconversion.cpp:51->flood_HLS_base.cpp:169]   --->   Operation 1655 'bitselect' 'xs_sign_5' <Predicate = true> <Delay = 0.00>
ST_438 : Operation 1656 [1/1] (0.88ns)   --->   "%result_26 = sub i32 0, i32 %val_3" [/wrk/ci/prod/2024.1/hls_product/continuous/545/2024.1/src/shared/hls/clib/hlsmath/include/FloatingPoint/hls_case_IEEE754.h:59->/wrk/ci/prod/2024.1/hls_product/continuous/545/2024.1/src/shared/hls/clib/hlsmath/include/FloatingPoint/hls_case_IEEE754.h:117->/wrk/ci/prod/2024.1/hls_product/continuous/545/2024.1/src/shared/hls/clib/hlsmath/src/lib_floatconversion.cpp:51->flood_HLS_base.cpp:169]   --->   Operation 1656 'sub' 'result_26' <Predicate = true> <Delay = 0.88> <CoreInst = "Adder">   --->   Core 1 'Adder' <Latency = 0> <II = 1> <Delay = 0.88> <FuncUnit> <Opcode : 'add' 'sub'> <InPorts = 2> <OutPorts = 1>
ST_438 : Operation 1657 [1/1] (0.00ns) (grouped into LUT with out node add_ln168)   --->   "%result_27 = select i1 %xs_sign_5, i32 %result_26, i32 %val_3" [/wrk/ci/prod/2024.1/hls_product/continuous/545/2024.1/src/shared/hls/clib/hlsmath/include/FloatingPoint/hls_case_IEEE754.h:59->/wrk/ci/prod/2024.1/hls_product/continuous/545/2024.1/src/shared/hls/clib/hlsmath/include/FloatingPoint/hls_case_IEEE754.h:117->/wrk/ci/prod/2024.1/hls_product/continuous/545/2024.1/src/shared/hls/clib/hlsmath/src/lib_floatconversion.cpp:51->flood_HLS_base.cpp:169]   --->   Operation 1657 'select' 'result_27' <Predicate = true> <Delay = 0.00> <CoreInst = "Sel">   --->   Core 73 'Sel' <Latency = 0> <II = 1> <Delay = 0.22> <FuncUnit> <Opcode : 'select'> <InPorts = 3> <OutPorts = 1>
ST_438 : Operation 1658 [1/1] (0.00ns) (grouped into LUT with out node add_ln168)   --->   "%sext_ln169 = sext i32 %result_27" [flood_HLS_base.cpp:169]   --->   Operation 1658 'sext' 'sext_ln169' <Predicate = true> <Delay = 0.00>
ST_438 : Operation 1659 [1/1] (0.00ns) (grouped into LUT with out node add_ln168)   --->   "%trunc_ln6 = partselect i64 @_ssdm_op_PartSelect.i64.i416.i32.i32, i416 %empty_90, i32 288, i32 351" [flood_HLS_base.cpp:168]   --->   Operation 1659 'partselect' 'trunc_ln6' <Predicate = true> <Delay = 0.00>
ST_438 : Operation 1660 [1/1] (1.14ns) (out node of the LUT)   --->   "%add_ln168 = add i64 %trunc_ln6, i64 %sext_ln169" [flood_HLS_base.cpp:168]   --->   Operation 1660 'add' 'add_ln168' <Predicate = true> <Delay = 1.14> <CoreInst = "Adder">   --->   Core 1 'Adder' <Latency = 0> <II = 1> <Delay = 1.14> <FuncUnit> <Opcode : 'add' 'sub'> <InPorts = 2> <OutPorts = 1>
ST_438 : Operation 1661 [1/1] (0.00ns)   --->   "%tmp_80 = partselect i64 @_ssdm_op_PartSelect.i64.i416.i32.i32, i416 %empty_90, i32 352, i32 415" [flood_HLS_base.cpp:168]   --->   Operation 1661 'partselect' 'tmp_80' <Predicate = true> <Delay = 0.00>
ST_438 : Operation 1662 [1/1] (0.00ns)   --->   "%trunc_ln168 = trunc i416 %empty_90" [flood_HLS_base.cpp:168]   --->   Operation 1662 'trunc' 'trunc_ln168' <Predicate = true> <Delay = 0.00>
ST_438 : Operation 1663 [1/1] (0.00ns)   --->   "%or_ln3 = bitconcatenate i416 @_ssdm_op_BitConcatenate.i416.i64.i64.i288, i64 %tmp_80, i64 %add_ln168, i288 %trunc_ln168" [flood_HLS_base.cpp:168]   --->   Operation 1663 'bitconcatenate' 'or_ln3' <Predicate = true> <Delay = 0.00>
ST_438 : Operation 1664 [1/1] (0.38ns)   --->   "%br_ln170 = br void %for.inc410" [flood_HLS_base.cpp:170]   --->   Operation 1664 'br' 'br_ln170' <Predicate = true> <Delay = 0.38>

State 439 <SV = 119> <Delay = 0.00>
ST_439 : Operation 1665 [1/1] (0.00ns)   --->   "%empty_91 = phi i416 %empty_90, void %if.end408, i416 %or_ln3, void %if.then375, i416 %empty_90, void %if.then368" [flood_HLS_base.cpp:102]   --->   Operation 1665 'phi' 'empty_91' <Predicate = true> <Delay = 0.00>
ST_439 : Operation 1666 [1/1] (0.00ns)   --->   "%br_ln156 = br void %for.body351" [flood_HLS_base.cpp:156]   --->   Operation 1666 'br' 'br_ln156' <Predicate = true> <Delay = 0.00>

State 440 <SV = 78> <Delay = 0.00>
ST_440 : Operation 1667 [1/1] (0.00ns)   --->   "%empty_92 = phi i416 %empty_84, void %for.body250.split, i416 %empty_84, void %for.end316, i416 %empty_84, void %if.then336, i416 %empty_90, void %for.inc416.loopexit" [flood_HLS_base.cpp:102]   --->   Operation 1667 'phi' 'empty_92' <Predicate = true> <Delay = 0.00>
ST_440 : Operation 1668 [1/1] (0.00ns)   --->   "%br_ln110 = br void %for.body250" [flood_HLS_base.cpp:110]   --->   Operation 1668 'br' 'br_ln110' <Predicate = true> <Delay = 0.00>

State 441 <SV = 15> <Delay = 1.09>
ST_441 : Operation 1669 [1/1] (0.00ns)   --->   "%empty_93 = phi i416 %empty_94, void %for.inc483, i416 %empty_83, void %PROPAGATION_COLS.preheader" [flood_HLS_base.cpp:211]   --->   Operation 1669 'phi' 'empty_93' <Predicate = true> <Delay = 0.00>
ST_441 : Operation 1670 [1/1] (0.00ns)   --->   "%row_pos_5 = phi i6 %add_ln191, void %for.inc483, i6 0, void %PROPAGATION_COLS.preheader" [flood_HLS_base.cpp:191]   --->   Operation 1670 'phi' 'row_pos_5' <Predicate = true> <Delay = 0.00>
ST_441 : Operation 1671 [1/1] (0.00ns)   --->   "%max_spillage_iter_2 = phi i64 %max_spillage_iter_4, void %for.inc483, i64 0, void %PROPAGATION_COLS.preheader"   --->   Operation 1671 'phi' 'max_spillage_iter_2' <Predicate = true> <Delay = 0.00>
ST_441 : Operation 1672 [1/1] (0.00ns)   --->   "%phi_mul14 = phi i12 %add_ln191_1, void %for.inc483, i12 0, void %PROPAGATION_COLS.preheader" [flood_HLS_base.cpp:191]   --->   Operation 1672 'phi' 'phi_mul14' <Predicate = true> <Delay = 0.00>
ST_441 : Operation 1673 [1/1] (0.74ns)   --->   "%add_ln191_1 = add i12 %phi_mul14, i12 50" [flood_HLS_base.cpp:191]   --->   Operation 1673 'add' 'add_ln191_1' <Predicate = true> <Delay = 0.74> <CoreInst = "Adder">   --->   Core 1 'Adder' <Latency = 0> <II = 1> <Delay = 0.74> <FuncUnit> <Opcode : 'add' 'sub'> <InPorts = 2> <OutPorts = 1>
ST_441 : Operation 1674 [1/1] (0.70ns)   --->   "%icmp_ln191 = icmp_eq  i6 %row_pos_5, i6 50" [flood_HLS_base.cpp:191]   --->   Operation 1674 'icmp' 'icmp_ln191' <Predicate = true> <Delay = 0.70> <CoreInst = "Cmp">   --->   Core 9 'Cmp' <Latency = 0> <II = 1> <Delay = 0.70> <FuncUnit> <Opcode : 'seteq' 'setne' 'setle' 'setge' 'setlt' 'setgt'> <InPorts = 2> <OutPorts = 1>
ST_441 : Operation 1675 [1/1] (0.70ns)   --->   "%add_ln191 = add i6 %row_pos_5, i6 1" [flood_HLS_base.cpp:191]   --->   Operation 1675 'add' 'add_ln191' <Predicate = true> <Delay = 0.70> <CoreInst = "Adder">   --->   Core 1 'Adder' <Latency = 0> <II = 1> <Delay = 0.70> <FuncUnit> <Opcode : 'add' 'sub'> <InPorts = 2> <OutPorts = 1>
ST_441 : Operation 1676 [1/1] (0.00ns)   --->   "%br_ln191 = br i1 %icmp_ln191, void %PROPAGATION_COLS.split, void %VITIS_LOOP_235_14.preheader" [flood_HLS_base.cpp:191]   --->   Operation 1676 'br' 'br_ln191' <Predicate = true> <Delay = 0.00>
ST_441 : Operation 1677 [1/1] (0.00ns)   --->   "%speclooptripcount_ln52 = speclooptripcount void @_ssdm_op_SpecLoopTripCount, i64 50, i64 50, i64 50" [flood_HLS_base.cpp:52]   --->   Operation 1677 'speclooptripcount' 'speclooptripcount_ln52' <Predicate = (!icmp_ln191)> <Delay = 0.00>
ST_441 : Operation 1678 [1/1] (0.00ns)   --->   "%specloopname_ln191 = specloopname void @_ssdm_op_SpecLoopName, void @empty_19" [flood_HLS_base.cpp:191]   --->   Operation 1678 'specloopname' 'specloopname_ln191' <Predicate = (!icmp_ln191)> <Delay = 0.00>
ST_441 : Operation 1679 [1/1] (0.38ns)   --->   "%br_ln193 = br void %for.body427" [flood_HLS_base.cpp:193]   --->   Operation 1679 'br' 'br_ln193' <Predicate = (!icmp_ln191)> <Delay = 0.38>
ST_441 : Operation 1680 [1/1] (0.38ns)   --->   "%br_ln234 = br void %VITIS_LOOP_235_14" [flood_HLS_base.cpp:234]   --->   Operation 1680 'br' 'br_ln234' <Predicate = (icmp_ln191)> <Delay = 0.38>

State 442 <SV = 16> <Delay = 2.39>
ST_442 : Operation 1681 [1/1] (0.00ns)   --->   "%empty_94 = phi i416 %empty_93, void %PROPAGATION_COLS.split, i416 %empty_95, void %for.inc480" [flood_HLS_base.cpp:168]   --->   Operation 1681 'phi' 'empty_94' <Predicate = true> <Delay = 0.00>
ST_442 : Operation 1682 [1/1] (0.00ns)   --->   "%col_pos_6 = phi i6 0, void %PROPAGATION_COLS.split, i6 %add_ln193, void %for.inc480" [flood_HLS_base.cpp:193]   --->   Operation 1682 'phi' 'col_pos_6' <Predicate = true> <Delay = 0.00>
ST_442 : Operation 1683 [1/1] (0.00ns)   --->   "%max_spillage_iter_4 = phi i64 %max_spillage_iter_2, void %PROPAGATION_COLS.split, i64 %max_spillage_iter_3, void %for.inc480"   --->   Operation 1683 'phi' 'max_spillage_iter_4' <Predicate = true> <Delay = 0.00>
ST_442 : Operation 1684 [1/1] (0.70ns)   --->   "%icmp_ln193 = icmp_eq  i6 %col_pos_6, i6 50" [flood_HLS_base.cpp:193]   --->   Operation 1684 'icmp' 'icmp_ln193' <Predicate = true> <Delay = 0.70> <CoreInst = "Cmp">   --->   Core 9 'Cmp' <Latency = 0> <II = 1> <Delay = 0.70> <FuncUnit> <Opcode : 'seteq' 'setne' 'setle' 'setge' 'setlt' 'setgt'> <InPorts = 2> <OutPorts = 1>
ST_442 : Operation 1685 [1/1] (0.70ns)   --->   "%add_ln193 = add i6 %col_pos_6, i6 1" [flood_HLS_base.cpp:193]   --->   Operation 1685 'add' 'add_ln193' <Predicate = true> <Delay = 0.70> <CoreInst = "Adder">   --->   Core 1 'Adder' <Latency = 0> <II = 1> <Delay = 0.70> <FuncUnit> <Opcode : 'add' 'sub'> <InPorts = 2> <OutPorts = 1>
ST_442 : Operation 1686 [1/1] (0.00ns)   --->   "%br_ln193 = br i1 %icmp_ln193, void %for.body427.split_ifconv, void %for.inc483" [flood_HLS_base.cpp:193]   --->   Operation 1686 'br' 'br_ln193' <Predicate = true> <Delay = 0.00>
ST_442 : Operation 1687 [1/1] (0.00ns)   --->   "%zext_ln196 = zext i6 %col_pos_6" [flood_HLS_base.cpp:196]   --->   Operation 1687 'zext' 'zext_ln196' <Predicate = (!icmp_ln193)> <Delay = 0.00>
ST_442 : Operation 1688 [1/1] (0.74ns)   --->   "%add_ln196 = add i12 %phi_mul14, i12 %zext_ln196" [flood_HLS_base.cpp:196]   --->   Operation 1688 'add' 'add_ln196' <Predicate = (!icmp_ln193)> <Delay = 0.74> <CoreInst = "Adder">   --->   Core 1 'Adder' <Latency = 0> <II = 1> <Delay = 0.74> <FuncUnit> <Opcode : 'add' 'sub'> <InPorts = 2> <OutPorts = 1>
ST_442 : Operation 1689 [1/1] (0.00ns)   --->   "%zext_ln196_1 = zext i12 %add_ln196" [flood_HLS_base.cpp:196]   --->   Operation 1689 'zext' 'zext_ln196_1' <Predicate = (!icmp_ln193)> <Delay = 0.00>
ST_442 : Operation 1690 [1/1] (0.00ns)   --->   "%water_level_addr_4 = getelementptr i32 %water_level, i64 0, i64 %zext_ln196_1" [flood_HLS_base.cpp:196]   --->   Operation 1690 'getelementptr' 'water_level_addr_4' <Predicate = (!icmp_ln193)> <Delay = 0.00>
ST_442 : Operation 1691 [1/1] (0.00ns)   --->   "%spillage_flag_addr_1 = getelementptr i32 %spillage_flag, i64 0, i64 %zext_ln196_1" [flood_HLS_base.cpp:199]   --->   Operation 1691 'getelementptr' 'spillage_flag_addr_1' <Predicate = (!icmp_ln193)> <Delay = 0.00>
ST_442 : Operation 1692 [1/1] (0.00ns)   --->   "%spillage_level_addr_1 = getelementptr i32 %spillage_level, i64 0, i64 %zext_ln196_1" [flood_HLS_base.cpp:202]   --->   Operation 1692 'getelementptr' 'spillage_level_addr_1' <Predicate = (!icmp_ln193)> <Delay = 0.00>
ST_442 : Operation 1693 [2/2] (1.64ns)   --->   "%spillage_flag_load = load i12 %spillage_flag_addr_1" [flood_HLS_base.cpp:199]   --->   Operation 1693 'load' 'spillage_flag_load' <Predicate = (!icmp_ln193)> <Delay = 1.64> <CoreInst = "RAM">   --->   Core 82 'RAM' <Latency = 1> <II = 1> <Delay = 1.64> <Storage> <Opcode : 'load' 'store'> <Ports = 2> <Width = 32> <Depth = 2500> <RAM>
ST_442 : Operation 1694 [2/2] (1.64ns)   --->   "%spillage_level_load = load i12 %spillage_level_addr_1" [flood_HLS_base.cpp:202]   --->   Operation 1694 'load' 'spillage_level_load' <Predicate = (!icmp_ln193)> <Delay = 1.64> <CoreInst = "RAM">   --->   Core 82 'RAM' <Latency = 1> <II = 1> <Delay = 1.64> <Storage> <Opcode : 'load' 'store'> <Ports = 2> <Width = 32> <Depth = 2500> <RAM>
ST_442 : Operation 1695 [1/1] (0.00ns)   --->   "%br_ln191 = br void %PROPAGATION_COLS" [flood_HLS_base.cpp:191]   --->   Operation 1695 'br' 'br_ln191' <Predicate = (icmp_ln193)> <Delay = 0.00>

State 443 <SV = 17> <Delay = 1.64>
ST_443 : Operation 1696 [1/2] (1.64ns)   --->   "%spillage_flag_load = load i12 %spillage_flag_addr_1" [flood_HLS_base.cpp:199]   --->   Operation 1696 'load' 'spillage_flag_load' <Predicate = true> <Delay = 1.64> <CoreInst = "RAM">   --->   Core 82 'RAM' <Latency = 1> <II = 1> <Delay = 1.64> <Storage> <Opcode : 'load' 'store'> <Ports = 2> <Width = 32> <Depth = 2500> <RAM>
ST_443 : Operation 1697 [1/2] (1.64ns)   --->   "%spillage_level_load = load i12 %spillage_level_addr_1" [flood_HLS_base.cpp:202]   --->   Operation 1697 'load' 'spillage_level_load' <Predicate = true> <Delay = 1.64> <CoreInst = "RAM">   --->   Core 82 'RAM' <Latency = 1> <II = 1> <Delay = 1.64> <Storage> <Opcode : 'load' 'store'> <Ports = 2> <Width = 32> <Depth = 2500> <RAM>

State 444 <SV = 18> <Delay = 2.32>
ST_444 : Operation 1698 [1/1] (0.00ns)   --->   "%bitcast_ln199 = bitcast i32 %spillage_flag_load" [flood_HLS_base.cpp:199]   --->   Operation 1698 'bitcast' 'bitcast_ln199' <Predicate = true> <Delay = 0.00>
ST_444 : Operation 1699 [1/1] (0.00ns)   --->   "%tmp_28 = partselect i8 @_ssdm_op_PartSelect.i8.i32.i32.i32, i32 %bitcast_ln199, i32 23, i32 30" [flood_HLS_base.cpp:199]   --->   Operation 1699 'partselect' 'tmp_28' <Predicate = true> <Delay = 0.00>
ST_444 : Operation 1700 [1/1] (0.00ns)   --->   "%trunc_ln199 = trunc i32 %bitcast_ln199" [flood_HLS_base.cpp:199]   --->   Operation 1700 'trunc' 'trunc_ln199' <Predicate = true> <Delay = 0.00>
ST_444 : Operation 1701 [1/1] (0.70ns)   --->   "%icmp_ln199 = icmp_ne  i8 %tmp_28, i8 255" [flood_HLS_base.cpp:199]   --->   Operation 1701 'icmp' 'icmp_ln199' <Predicate = true> <Delay = 0.70> <CoreInst = "Cmp">   --->   Core 9 'Cmp' <Latency = 0> <II = 1> <Delay = 0.70> <FuncUnit> <Opcode : 'seteq' 'setne' 'setle' 'setge' 'setlt' 'setgt'> <InPorts = 2> <OutPorts = 1>
ST_444 : Operation 1702 [1/1] (0.82ns)   --->   "%icmp_ln199_1 = icmp_eq  i23 %trunc_ln199, i23 0" [flood_HLS_base.cpp:199]   --->   Operation 1702 'icmp' 'icmp_ln199_1' <Predicate = true> <Delay = 0.82> <CoreInst = "Cmp">   --->   Core 9 'Cmp' <Latency = 0> <II = 1> <Delay = 0.82> <FuncUnit> <Opcode : 'seteq' 'setne' 'setle' 'setge' 'setlt' 'setgt'> <InPorts = 2> <OutPorts = 1>
ST_444 : Operation 1703 [2/2] (1.64ns)   --->   "%tmp_29 = fcmp_oeq  i32 %spillage_flag_load, i32 1" [flood_HLS_base.cpp:199]   --->   Operation 1703 'fcmp' 'tmp_29' <Predicate = true> <Delay = 1.64> <CoreInst = "FCompare">   --->   Core 19 'FCompare' <Latency = 1> <II = 1> <Delay = 1.64> <FuncUnit> <Opcode : 'fcmp'> <InPorts = 2> <OutPorts = 1>
ST_444 : Operation 1704 [4/4] (2.32ns)   --->   "%spill = fmul i32 %spillage_level_load, i32 0.5" [flood_HLS_base.cpp:202]   --->   Operation 1704 'fmul' 'spill' <Predicate = true> <Delay = 2.32> <CoreInst = "FMul_maxdsp">   --->   Core 30 'FMul_maxdsp' <Latency = 3> <II = 1> <Delay = 2.32> <FuncUnit> <Opcode : 'fmul'> <InPorts = 2> <OutPorts = 1>

State 445 <SV = 19> <Delay = 2.32>
ST_445 : Operation 1705 [1/1] (0.00ns) (grouped into LUT with out node and_ln199)   --->   "%or_ln199 = or i1 %icmp_ln199_1, i1 %icmp_ln199" [flood_HLS_base.cpp:199]   --->   Operation 1705 'or' 'or_ln199' <Predicate = true> <Delay = 0.00> <CoreInst = "LogicGate">   --->   Core 74 'LogicGate' <Latency = 0> <II = 1> <Delay = 0.12> <FuncUnit> <Opcode : 'and' 'or' 'xor'> <InPorts = 2> <OutPorts = 1>
ST_445 : Operation 1706 [1/2] (1.64ns)   --->   "%tmp_29 = fcmp_oeq  i32 %spillage_flag_load, i32 1" [flood_HLS_base.cpp:199]   --->   Operation 1706 'fcmp' 'tmp_29' <Predicate = true> <Delay = 1.64> <CoreInst = "FCompare">   --->   Core 19 'FCompare' <Latency = 1> <II = 1> <Delay = 1.64> <FuncUnit> <Opcode : 'fcmp'> <InPorts = 2> <OutPorts = 1>
ST_445 : Operation 1707 [1/1] (0.12ns) (out node of the LUT)   --->   "%and_ln199 = and i1 %or_ln199, i1 %tmp_29" [flood_HLS_base.cpp:199]   --->   Operation 1707 'and' 'and_ln199' <Predicate = true> <Delay = 0.12> <CoreInst = "LogicGate">   --->   Core 74 'LogicGate' <Latency = 0> <II = 1> <Delay = 0.12> <FuncUnit> <Opcode : 'and' 'or' 'xor'> <InPorts = 2> <OutPorts = 1>
ST_445 : Operation 1708 [3/4] (2.32ns)   --->   "%spill = fmul i32 %spillage_level_load, i32 0.5" [flood_HLS_base.cpp:202]   --->   Operation 1708 'fmul' 'spill' <Predicate = true> <Delay = 2.32> <CoreInst = "FMul_maxdsp">   --->   Core 30 'FMul_maxdsp' <Latency = 3> <II = 1> <Delay = 2.32> <FuncUnit> <Opcode : 'fmul'> <InPorts = 2> <OutPorts = 1>

State 446 <SV = 20> <Delay = 2.32>
ST_446 : Operation 1709 [2/4] (2.32ns)   --->   "%spill = fmul i32 %spillage_level_load, i32 0.5" [flood_HLS_base.cpp:202]   --->   Operation 1709 'fmul' 'spill' <Predicate = true> <Delay = 2.32> <CoreInst = "FMul_maxdsp">   --->   Core 30 'FMul_maxdsp' <Latency = 3> <II = 1> <Delay = 2.32> <FuncUnit> <Opcode : 'fmul'> <InPorts = 2> <OutPorts = 1>

State 447 <SV = 21> <Delay = 2.32>
ST_447 : Operation 1710 [1/4] (2.32ns)   --->   "%spill = fmul i32 %spillage_level_load, i32 0.5" [flood_HLS_base.cpp:202]   --->   Operation 1710 'fmul' 'spill' <Predicate = true> <Delay = 2.32> <CoreInst = "FMul_maxdsp">   --->   Core 30 'FMul_maxdsp' <Latency = 3> <II = 1> <Delay = 2.32> <FuncUnit> <Opcode : 'fmul'> <InPorts = 2> <OutPorts = 1>

State 448 <SV = 22> <Delay = 2.32>
ST_448 : Operation 1711 [4/4] (2.32ns)   --->   "%dc_3 = fmul i32 %spill, i32 1e+06" [flood_HLS_base.cpp:203]   --->   Operation 1711 'fmul' 'dc_3' <Predicate = (and_ln199)> <Delay = 2.32> <CoreInst = "FMul_maxdsp">   --->   Core 30 'FMul_maxdsp' <Latency = 3> <II = 1> <Delay = 2.32> <FuncUnit> <Opcode : 'fmul'> <InPorts = 2> <OutPorts = 1>
ST_448 : Operation 1712 [2/2] (1.54ns)   --->   "%max_spillage_iter_5 = fpext i32 %spill" [flood_HLS_base.cpp:207]   --->   Operation 1712 'fpext' 'max_spillage_iter_5' <Predicate = true> <Delay = 1.54> <CoreInst = "Float2Double">   --->   Core 64 'Float2Double' <Latency = 1> <II = 1> <Delay = 1.54> <FuncUnit> <Opcode : 'fpext'> <InPorts = 1> <OutPorts = 1>

State 449 <SV = 23> <Delay = 2.32>
ST_449 : Operation 1713 [3/4] (2.32ns)   --->   "%dc_3 = fmul i32 %spill, i32 1e+06" [flood_HLS_base.cpp:203]   --->   Operation 1713 'fmul' 'dc_3' <Predicate = (and_ln199)> <Delay = 2.32> <CoreInst = "FMul_maxdsp">   --->   Core 30 'FMul_maxdsp' <Latency = 3> <II = 1> <Delay = 2.32> <FuncUnit> <Opcode : 'fmul'> <InPorts = 2> <OutPorts = 1>
ST_449 : Operation 1714 [1/2] (1.54ns)   --->   "%max_spillage_iter_5 = fpext i32 %spill" [flood_HLS_base.cpp:207]   --->   Operation 1714 'fpext' 'max_spillage_iter_5' <Predicate = true> <Delay = 1.54> <CoreInst = "Float2Double">   --->   Core 64 'Float2Double' <Latency = 1> <II = 1> <Delay = 1.54> <FuncUnit> <Opcode : 'fpext'> <InPorts = 1> <OutPorts = 1>

State 450 <SV = 24> <Delay = 2.32>
ST_450 : Operation 1715 [2/4] (2.32ns)   --->   "%dc_3 = fmul i32 %spill, i32 1e+06" [flood_HLS_base.cpp:203]   --->   Operation 1715 'fmul' 'dc_3' <Predicate = (and_ln199)> <Delay = 2.32> <CoreInst = "FMul_maxdsp">   --->   Core 30 'FMul_maxdsp' <Latency = 3> <II = 1> <Delay = 2.32> <FuncUnit> <Opcode : 'fmul'> <InPorts = 2> <OutPorts = 1>
ST_450 : Operation 1716 [2/2] (2.01ns)   --->   "%tmp_32 = fcmp_ogt  i64 %max_spillage_iter_5, i64 %max_spillage_iter_4" [flood_HLS_base.cpp:207]   --->   Operation 1716 'dcmp' 'tmp_32' <Predicate = (and_ln199)> <Delay = 2.01> <CoreInst = "DCompare">   --->   Core 38 'DCompare' <Latency = 1> <II = 1> <Delay = 2.01> <FuncUnit> <Opcode : 'dcmp'> <InPorts = 2> <OutPorts = 1>
ST_450 : Operation 1717 [1/1] (0.00ns)   --->   "%trunc_ln5 = partselect i64 @_ssdm_op_PartSelect.i64.i416.i32.i32, i416 %empty_94, i32 64, i32 127" [flood_HLS_base.cpp:211]   --->   Operation 1717 'partselect' 'trunc_ln5' <Predicate = true> <Delay = 0.00>
ST_450 : Operation 1718 [1/1] (0.00ns)   --->   "%bitcast_ln211 = bitcast i64 %trunc_ln5" [flood_HLS_base.cpp:211]   --->   Operation 1718 'bitcast' 'bitcast_ln211' <Predicate = true> <Delay = 0.00>
ST_450 : Operation 1719 [2/2] (2.01ns)   --->   "%tmp_34 = fcmp_ogt  i64 %max_spillage_iter_5, i64 %bitcast_ln211" [flood_HLS_base.cpp:211]   --->   Operation 1719 'dcmp' 'tmp_34' <Predicate = true> <Delay = 2.01> <CoreInst = "DCompare">   --->   Core 38 'DCompare' <Latency = 1> <II = 1> <Delay = 2.01> <FuncUnit> <Opcode : 'dcmp'> <InPorts = 2> <OutPorts = 1>

State 451 <SV = 25> <Delay = 2.83>
ST_451 : Operation 1720 [1/4] (2.32ns)   --->   "%dc_3 = fmul i32 %spill, i32 1e+06" [flood_HLS_base.cpp:203]   --->   Operation 1720 'fmul' 'dc_3' <Predicate = (and_ln199)> <Delay = 2.32> <CoreInst = "FMul_maxdsp">   --->   Core 30 'FMul_maxdsp' <Latency = 3> <II = 1> <Delay = 2.32> <FuncUnit> <Opcode : 'fmul'> <InPorts = 2> <OutPorts = 1>
ST_451 : Operation 1721 [1/1] (0.00ns)   --->   "%bitcast_ln207 = bitcast i64 %max_spillage_iter_5" [flood_HLS_base.cpp:207]   --->   Operation 1721 'bitcast' 'bitcast_ln207' <Predicate = true> <Delay = 0.00>
ST_451 : Operation 1722 [1/1] (0.00ns)   --->   "%tmp_30 = partselect i11 @_ssdm_op_PartSelect.i11.i64.i32.i32, i64 %bitcast_ln207, i32 52, i32 62" [flood_HLS_base.cpp:207]   --->   Operation 1722 'partselect' 'tmp_30' <Predicate = true> <Delay = 0.00>
ST_451 : Operation 1723 [1/1] (0.00ns)   --->   "%trunc_ln207 = trunc i64 %bitcast_ln207" [flood_HLS_base.cpp:207]   --->   Operation 1723 'trunc' 'trunc_ln207' <Predicate = true> <Delay = 0.00>
ST_451 : Operation 1724 [1/1] (0.00ns)   --->   "%bitcast_ln207_1 = bitcast i64 %max_spillage_iter_4" [flood_HLS_base.cpp:207]   --->   Operation 1724 'bitcast' 'bitcast_ln207_1' <Predicate = (and_ln199)> <Delay = 0.00>
ST_451 : Operation 1725 [1/1] (0.00ns)   --->   "%tmp_31 = partselect i11 @_ssdm_op_PartSelect.i11.i64.i32.i32, i64 %bitcast_ln207_1, i32 52, i32 62" [flood_HLS_base.cpp:207]   --->   Operation 1725 'partselect' 'tmp_31' <Predicate = (and_ln199)> <Delay = 0.00>
ST_451 : Operation 1726 [1/1] (0.00ns)   --->   "%trunc_ln207_1 = trunc i64 %bitcast_ln207_1" [flood_HLS_base.cpp:207]   --->   Operation 1726 'trunc' 'trunc_ln207_1' <Predicate = (and_ln199)> <Delay = 0.00>
ST_451 : Operation 1727 [1/1] (0.73ns)   --->   "%icmp_ln207 = icmp_ne  i11 %tmp_30, i11 2047" [flood_HLS_base.cpp:207]   --->   Operation 1727 'icmp' 'icmp_ln207' <Predicate = true> <Delay = 0.73> <CoreInst = "Cmp">   --->   Core 9 'Cmp' <Latency = 0> <II = 1> <Delay = 0.73> <FuncUnit> <Opcode : 'seteq' 'setne' 'setle' 'setge' 'setlt' 'setgt'> <InPorts = 2> <OutPorts = 1>
ST_451 : Operation 1728 [1/1] (0.98ns)   --->   "%icmp_ln207_1 = icmp_eq  i52 %trunc_ln207, i52 0" [flood_HLS_base.cpp:207]   --->   Operation 1728 'icmp' 'icmp_ln207_1' <Predicate = true> <Delay = 0.98> <CoreInst = "Cmp">   --->   Core 9 'Cmp' <Latency = 0> <II = 1> <Delay = 0.98> <FuncUnit> <Opcode : 'seteq' 'setne' 'setle' 'setge' 'setlt' 'setgt'> <InPorts = 2> <OutPorts = 1>
ST_451 : Operation 1729 [1/1] (0.12ns)   --->   "%or_ln207 = or i1 %icmp_ln207_1, i1 %icmp_ln207" [flood_HLS_base.cpp:207]   --->   Operation 1729 'or' 'or_ln207' <Predicate = true> <Delay = 0.12> <CoreInst = "LogicGate">   --->   Core 74 'LogicGate' <Latency = 0> <II = 1> <Delay = 0.12> <FuncUnit> <Opcode : 'and' 'or' 'xor'> <InPorts = 2> <OutPorts = 1>
ST_451 : Operation 1730 [1/1] (0.73ns)   --->   "%icmp_ln207_2 = icmp_ne  i11 %tmp_31, i11 2047" [flood_HLS_base.cpp:207]   --->   Operation 1730 'icmp' 'icmp_ln207_2' <Predicate = (and_ln199)> <Delay = 0.73> <CoreInst = "Cmp">   --->   Core 9 'Cmp' <Latency = 0> <II = 1> <Delay = 0.73> <FuncUnit> <Opcode : 'seteq' 'setne' 'setle' 'setge' 'setlt' 'setgt'> <InPorts = 2> <OutPorts = 1>
ST_451 : Operation 1731 [1/1] (0.98ns)   --->   "%icmp_ln207_3 = icmp_eq  i52 %trunc_ln207_1, i52 0" [flood_HLS_base.cpp:207]   --->   Operation 1731 'icmp' 'icmp_ln207_3' <Predicate = (and_ln199)> <Delay = 0.98> <CoreInst = "Cmp">   --->   Core 9 'Cmp' <Latency = 0> <II = 1> <Delay = 0.98> <FuncUnit> <Opcode : 'seteq' 'setne' 'setle' 'setge' 'setlt' 'setgt'> <InPorts = 2> <OutPorts = 1>
ST_451 : Operation 1732 [1/1] (0.00ns) (grouped into LUT with out node max_spillage_iter_8)   --->   "%or_ln207_1 = or i1 %icmp_ln207_3, i1 %icmp_ln207_2" [flood_HLS_base.cpp:207]   --->   Operation 1732 'or' 'or_ln207_1' <Predicate = (and_ln199)> <Delay = 0.00> <CoreInst = "LogicGate">   --->   Core 74 'LogicGate' <Latency = 0> <II = 1> <Delay = 0.12> <FuncUnit> <Opcode : 'and' 'or' 'xor'> <InPorts = 2> <OutPorts = 1>
ST_451 : Operation 1733 [1/1] (0.00ns) (grouped into LUT with out node max_spillage_iter_8)   --->   "%and_ln207 = and i1 %or_ln207, i1 %or_ln207_1" [flood_HLS_base.cpp:207]   --->   Operation 1733 'and' 'and_ln207' <Predicate = (and_ln199)> <Delay = 0.00> <CoreInst = "LogicGate">   --->   Core 74 'LogicGate' <Latency = 0> <II = 1> <Delay = 0.12> <FuncUnit> <Opcode : 'and' 'or' 'xor'> <InPorts = 2> <OutPorts = 1>
ST_451 : Operation 1734 [1/2] (2.01ns)   --->   "%tmp_32 = fcmp_ogt  i64 %max_spillage_iter_5, i64 %max_spillage_iter_4" [flood_HLS_base.cpp:207]   --->   Operation 1734 'dcmp' 'tmp_32' <Predicate = (and_ln199)> <Delay = 2.01> <CoreInst = "DCompare">   --->   Core 38 'DCompare' <Latency = 1> <II = 1> <Delay = 2.01> <FuncUnit> <Opcode : 'dcmp'> <InPorts = 2> <OutPorts = 1>
ST_451 : Operation 1735 [1/1] (0.00ns) (grouped into LUT with out node max_spillage_iter_8)   --->   "%and_ln207_1 = and i1 %and_ln207, i1 %tmp_32" [flood_HLS_base.cpp:207]   --->   Operation 1735 'and' 'and_ln207_1' <Predicate = (and_ln199)> <Delay = 0.00> <CoreInst = "LogicGate">   --->   Core 74 'LogicGate' <Latency = 0> <II = 1> <Delay = 0.12> <FuncUnit> <Opcode : 'and' 'or' 'xor'> <InPorts = 2> <OutPorts = 1>
ST_451 : Operation 1736 [1/1] (0.41ns) (out node of the LUT)   --->   "%max_spillage_iter_8 = select i1 %and_ln207_1, i64 %max_spillage_iter_5, i64 %max_spillage_iter_4" [flood_HLS_base.cpp:207]   --->   Operation 1736 'select' 'max_spillage_iter_8' <Predicate = (and_ln199)> <Delay = 0.41> <CoreInst = "Sel">   --->   Core 73 'Sel' <Latency = 0> <II = 1> <Delay = 0.41> <FuncUnit> <Opcode : 'select'> <InPorts = 3> <OutPorts = 1>
ST_451 : Operation 1737 [1/1] (0.00ns)   --->   "%tmp_33 = partselect i11 @_ssdm_op_PartSelect.i11.i416.i32.i32, i416 %empty_94, i32 116, i32 126" [flood_HLS_base.cpp:211]   --->   Operation 1737 'partselect' 'tmp_33' <Predicate = true> <Delay = 0.00>
ST_451 : Operation 1738 [1/1] (0.00ns)   --->   "%trunc_ln211_2 = partselect i52 @_ssdm_op_PartSelect.i52.i416.i32.i32, i416 %empty_94, i32 64, i32 115" [flood_HLS_base.cpp:211]   --->   Operation 1738 'partselect' 'trunc_ln211_2' <Predicate = true> <Delay = 0.00>
ST_451 : Operation 1739 [1/1] (0.73ns)   --->   "%icmp_ln211 = icmp_ne  i11 %tmp_33, i11 2047" [flood_HLS_base.cpp:211]   --->   Operation 1739 'icmp' 'icmp_ln211' <Predicate = true> <Delay = 0.73> <CoreInst = "Cmp">   --->   Core 9 'Cmp' <Latency = 0> <II = 1> <Delay = 0.73> <FuncUnit> <Opcode : 'seteq' 'setne' 'setle' 'setge' 'setlt' 'setgt'> <InPorts = 2> <OutPorts = 1>
ST_451 : Operation 1740 [1/1] (0.98ns)   --->   "%icmp_ln211_1 = icmp_eq  i52 %trunc_ln211_2, i52 0" [flood_HLS_base.cpp:211]   --->   Operation 1740 'icmp' 'icmp_ln211_1' <Predicate = true> <Delay = 0.98> <CoreInst = "Cmp">   --->   Core 9 'Cmp' <Latency = 0> <II = 1> <Delay = 0.98> <FuncUnit> <Opcode : 'seteq' 'setne' 'setle' 'setge' 'setlt' 'setgt'> <InPorts = 2> <OutPorts = 1>
ST_451 : Operation 1741 [1/1] (0.00ns) (grouped into LUT with out node and_ln211_2)   --->   "%or_ln211 = or i1 %icmp_ln211_1, i1 %icmp_ln211" [flood_HLS_base.cpp:211]   --->   Operation 1741 'or' 'or_ln211' <Predicate = true> <Delay = 0.00> <CoreInst = "LogicGate">   --->   Core 74 'LogicGate' <Latency = 0> <II = 1> <Delay = 0.12> <FuncUnit> <Opcode : 'and' 'or' 'xor'> <InPorts = 2> <OutPorts = 1>
ST_451 : Operation 1742 [1/1] (0.00ns) (grouped into LUT with out node and_ln211_2)   --->   "%and_ln211 = and i1 %or_ln207, i1 %or_ln211" [flood_HLS_base.cpp:211]   --->   Operation 1742 'and' 'and_ln211' <Predicate = true> <Delay = 0.00> <CoreInst = "LogicGate">   --->   Core 74 'LogicGate' <Latency = 0> <II = 1> <Delay = 0.12> <FuncUnit> <Opcode : 'and' 'or' 'xor'> <InPorts = 2> <OutPorts = 1>
ST_451 : Operation 1743 [1/2] (2.01ns)   --->   "%tmp_34 = fcmp_ogt  i64 %max_spillage_iter_5, i64 %bitcast_ln211" [flood_HLS_base.cpp:211]   --->   Operation 1743 'dcmp' 'tmp_34' <Predicate = true> <Delay = 2.01> <CoreInst = "DCompare">   --->   Core 38 'DCompare' <Latency = 1> <II = 1> <Delay = 2.01> <FuncUnit> <Opcode : 'dcmp'> <InPorts = 2> <OutPorts = 1>
ST_451 : Operation 1744 [1/1] (0.00ns) (grouped into LUT with out node and_ln211_2)   --->   "%and_ln211_1 = and i1 %and_ln211, i1 %tmp_34" [flood_HLS_base.cpp:211]   --->   Operation 1744 'and' 'and_ln211_1' <Predicate = true> <Delay = 0.00> <CoreInst = "LogicGate">   --->   Core 74 'LogicGate' <Latency = 0> <II = 1> <Delay = 0.12> <FuncUnit> <Opcode : 'and' 'or' 'xor'> <InPorts = 2> <OutPorts = 1>
ST_451 : Operation 1745 [1/1] (0.00ns) (grouped into LUT with out node empty_95)   --->   "%tmp_71 = partselect i256 @_ssdm_op_PartSelect.i256.i416.i32.i32, i416 %empty_94, i32 160, i32 415" [flood_HLS_base.cpp:212]   --->   Operation 1745 'partselect' 'tmp_71' <Predicate = true> <Delay = 0.00>
ST_451 : Operation 1746 [1/1] (0.00ns) (grouped into LUT with out node empty_95)   --->   "%trunc_ln213 = trunc i416 %empty_94" [flood_HLS_base.cpp:213]   --->   Operation 1746 'trunc' 'trunc_ln213' <Predicate = true> <Delay = 0.00>
ST_451 : Operation 1747 [1/1] (0.00ns) (grouped into LUT with out node empty_95)   --->   "%or_ln2 = bitconcatenate i416 @_ssdm_op_BitConcatenate.i416.i256.i1.i31.i64.i64, i256 %tmp_71, i1 0, i31 %p_load117, i64 %bitcast_ln207, i64 %trunc_ln213" [flood_HLS_base.cpp:213]   --->   Operation 1747 'bitconcatenate' 'or_ln2' <Predicate = true> <Delay = 0.00>
ST_451 : Operation 1748 [1/1] (0.12ns) (out node of the LUT)   --->   "%and_ln211_2 = and i1 %and_ln199, i1 %and_ln211_1" [flood_HLS_base.cpp:211]   --->   Operation 1748 'and' 'and_ln211_2' <Predicate = true> <Delay = 0.12> <CoreInst = "LogicGate">   --->   Core 74 'LogicGate' <Latency = 0> <II = 1> <Delay = 0.12> <FuncUnit> <Opcode : 'and' 'or' 'xor'> <InPorts = 2> <OutPorts = 1>
ST_451 : Operation 1749 [1/1] (0.48ns) (out node of the LUT)   --->   "%empty_95 = select i1 %and_ln211_2, i416 %or_ln2, i416 %empty_94" [flood_HLS_base.cpp:211]   --->   Operation 1749 'select' 'empty_95' <Predicate = true> <Delay = 0.48> <CoreInst = "Sel">   --->   Core 73 'Sel' <Latency = 0> <II = 1> <Delay = 0.48> <FuncUnit> <Opcode : 'select'> <InPorts = 3> <OutPorts = 1>
ST_451 : Operation 1750 [1/1] (0.41ns) (out node of the LUT)   --->   "%max_spillage_iter_3 = select i1 %and_ln199, i64 %max_spillage_iter_8, i64 %max_spillage_iter_4" [flood_HLS_base.cpp:199]   --->   Operation 1750 'select' 'max_spillage_iter_3' <Predicate = true> <Delay = 0.41> <CoreInst = "Sel">   --->   Core 73 'Sel' <Latency = 0> <II = 1> <Delay = 0.41> <FuncUnit> <Opcode : 'select'> <InPorts = 3> <OutPorts = 1>

State 452 <SV = 26> <Delay = 2.28>
ST_452 : Operation 1751 [2/2] (1.64ns)   --->   "%wl = load i12 %water_level_addr_4" [flood_HLS_base.cpp:196]   --->   Operation 1751 'load' 'wl' <Predicate = true> <Delay = 1.64> <CoreInst = "RAM">   --->   Core 82 'RAM' <Latency = 1> <II = 1> <Delay = 1.64> <Storage> <Opcode : 'load' 'store'> <Ports = 2> <Width = 32> <Depth = 2500> <RAM>
ST_452 : Operation 1752 [1/1] (0.00ns)   --->   "%data_3 = bitcast i32 %dc_3" [/wrk/ci/prod/2024.1/hls_product/continuous/545/2024.1/src/shared/hls/clib/src/hls/utils/x_hls_utils.h:288->/wrk/ci/prod/2024.1/hls_product/continuous/545/2024.1/src/shared/hls/clib/hlsmath/include/FloatingPoint/hls_case_IEEE754.h:13->/wrk/ci/prod/2024.1/hls_product/continuous/545/2024.1/src/shared/hls/clib/hlsmath/include/FloatingPoint/hls_case_IEEE754.h:117->/wrk/ci/prod/2024.1/hls_product/continuous/545/2024.1/src/shared/hls/clib/hlsmath/src/lib_floatconversion.cpp:51->flood_HLS_base.cpp:203]   --->   Operation 1752 'bitcast' 'data_3' <Predicate = (and_ln199)> <Delay = 0.00>
ST_452 : Operation 1753 [1/1] (0.00ns)   --->   "%xs_exp_3 = partselect i8 @_ssdm_op_PartSelect.i8.i32.i32.i32, i32 %data_3, i32 23, i32 30" [/wrk/ci/prod/2024.1/hls_product/continuous/545/2024.1/src/shared/hls/clib/src/hls/utils/x_hls_utils.h:295->/wrk/ci/prod/2024.1/hls_product/continuous/545/2024.1/src/shared/hls/clib/hlsmath/include/FloatingPoint/hls_case_IEEE754.h:13->/wrk/ci/prod/2024.1/hls_product/continuous/545/2024.1/src/shared/hls/clib/hlsmath/include/FloatingPoint/hls_case_IEEE754.h:117->/wrk/ci/prod/2024.1/hls_product/continuous/545/2024.1/src/shared/hls/clib/hlsmath/src/lib_floatconversion.cpp:51->flood_HLS_base.cpp:203]   --->   Operation 1753 'partselect' 'xs_exp_3' <Predicate = (and_ln199)> <Delay = 0.00>
ST_452 : Operation 1754 [1/1] (0.00ns)   --->   "%trunc_ln342_1 = trunc i32 %data_3" [/wrk/ci/prod/2024.1/hls_product/continuous/545/2024.1/src/shared/hls/clib/src/hls/utils/x_hls_utils.h:342->/wrk/ci/prod/2024.1/hls_product/continuous/545/2024.1/src/shared/hls/clib/hlsmath/include/FloatingPoint/hls_case_IEEE754.h:15->/wrk/ci/prod/2024.1/hls_product/continuous/545/2024.1/src/shared/hls/clib/hlsmath/include/FloatingPoint/hls_case_IEEE754.h:117->/wrk/ci/prod/2024.1/hls_product/continuous/545/2024.1/src/shared/hls/clib/hlsmath/src/lib_floatconversion.cpp:51->flood_HLS_base.cpp:203]   --->   Operation 1754 'trunc' 'trunc_ln342_1' <Predicate = (and_ln199)> <Delay = 0.00>
ST_452 : Operation 1755 [1/1] (0.00ns)   --->   "%mantissa_3 = bitconcatenate i25 @_ssdm_op_BitConcatenate.i25.i1.i23.i1, i1 1, i23 %trunc_ln342_1, i1 0" [/wrk/ci/prod/2024.1/hls_product/continuous/545/2024.1/src/shared/hls/clib/hlsmath/include/FloatingPoint/hls_case_IEEE754.h:15->/wrk/ci/prod/2024.1/hls_product/continuous/545/2024.1/src/shared/hls/clib/hlsmath/include/FloatingPoint/hls_case_IEEE754.h:117->/wrk/ci/prod/2024.1/hls_product/continuous/545/2024.1/src/shared/hls/clib/hlsmath/src/lib_floatconversion.cpp:51->flood_HLS_base.cpp:203]   --->   Operation 1755 'bitconcatenate' 'mantissa_3' <Predicate = (and_ln199)> <Delay = 0.00>
ST_452 : Operation 1756 [1/1] (0.00ns)   --->   "%zext_ln15_3 = zext i25 %mantissa_3" [/wrk/ci/prod/2024.1/hls_product/continuous/545/2024.1/src/shared/hls/clib/hlsmath/include/FloatingPoint/hls_case_IEEE754.h:15->/wrk/ci/prod/2024.1/hls_product/continuous/545/2024.1/src/shared/hls/clib/hlsmath/include/FloatingPoint/hls_case_IEEE754.h:117->/wrk/ci/prod/2024.1/hls_product/continuous/545/2024.1/src/shared/hls/clib/hlsmath/src/lib_floatconversion.cpp:51->flood_HLS_base.cpp:203]   --->   Operation 1756 'zext' 'zext_ln15_3' <Predicate = (and_ln199)> <Delay = 0.00>
ST_452 : Operation 1757 [1/1] (0.00ns)   --->   "%zext_ln317_3 = zext i8 %xs_exp_3" [/wrk/ci/prod/2024.1/hls_product/continuous/545/2024.1/src/shared/hls/clib/src/hls/utils/x_hls_utils.h:317->/wrk/ci/prod/2024.1/hls_product/continuous/545/2024.1/src/shared/hls/clib/hlsmath/include/FloatingPoint/hls_case_IEEE754.h:18->/wrk/ci/prod/2024.1/hls_product/continuous/545/2024.1/src/shared/hls/clib/hlsmath/include/FloatingPoint/hls_case_IEEE754.h:117->/wrk/ci/prod/2024.1/hls_product/continuous/545/2024.1/src/shared/hls/clib/hlsmath/src/lib_floatconversion.cpp:51->flood_HLS_base.cpp:203]   --->   Operation 1757 'zext' 'zext_ln317_3' <Predicate = (and_ln199)> <Delay = 0.00>
ST_452 : Operation 1758 [1/1] (0.70ns)   --->   "%add_ln317_3 = add i9 %zext_ln317_3, i9 385" [/wrk/ci/prod/2024.1/hls_product/continuous/545/2024.1/src/shared/hls/clib/src/hls/utils/x_hls_utils.h:317->/wrk/ci/prod/2024.1/hls_product/continuous/545/2024.1/src/shared/hls/clib/hlsmath/include/FloatingPoint/hls_case_IEEE754.h:18->/wrk/ci/prod/2024.1/hls_product/continuous/545/2024.1/src/shared/hls/clib/hlsmath/include/FloatingPoint/hls_case_IEEE754.h:117->/wrk/ci/prod/2024.1/hls_product/continuous/545/2024.1/src/shared/hls/clib/hlsmath/src/lib_floatconversion.cpp:51->flood_HLS_base.cpp:203]   --->   Operation 1758 'add' 'add_ln317_3' <Predicate = (and_ln199)> <Delay = 0.70> <CoreInst = "Adder">   --->   Core 1 'Adder' <Latency = 0> <II = 1> <Delay = 0.70> <FuncUnit> <Opcode : 'add' 'sub'> <InPorts = 2> <OutPorts = 1>
ST_452 : Operation 1759 [1/1] (0.00ns)   --->   "%tmp_69 = bitselect i1 @_ssdm_op_BitSelect.i1.i9.i32, i9 %add_ln317_3, i32 8" [/wrk/ci/prod/2024.1/hls_product/continuous/545/2024.1/src/shared/hls/clib/hlsmath/include/FloatingPoint/hls_case_IEEE754.h:18->/wrk/ci/prod/2024.1/hls_product/continuous/545/2024.1/src/shared/hls/clib/hlsmath/include/FloatingPoint/hls_case_IEEE754.h:117->/wrk/ci/prod/2024.1/hls_product/continuous/545/2024.1/src/shared/hls/clib/hlsmath/src/lib_floatconversion.cpp:51->flood_HLS_base.cpp:203]   --->   Operation 1759 'bitselect' 'tmp_69' <Predicate = (and_ln199)> <Delay = 0.00>
ST_452 : Operation 1760 [1/1] (0.70ns)   --->   "%sub_ln18_3 = sub i8 127, i8 %xs_exp_3" [/wrk/ci/prod/2024.1/hls_product/continuous/545/2024.1/src/shared/hls/clib/hlsmath/include/FloatingPoint/hls_case_IEEE754.h:18->/wrk/ci/prod/2024.1/hls_product/continuous/545/2024.1/src/shared/hls/clib/hlsmath/include/FloatingPoint/hls_case_IEEE754.h:117->/wrk/ci/prod/2024.1/hls_product/continuous/545/2024.1/src/shared/hls/clib/hlsmath/src/lib_floatconversion.cpp:51->flood_HLS_base.cpp:203]   --->   Operation 1760 'sub' 'sub_ln18_3' <Predicate = (and_ln199)> <Delay = 0.70> <CoreInst = "Adder">   --->   Core 1 'Adder' <Latency = 0> <II = 1> <Delay = 0.70> <FuncUnit> <Opcode : 'add' 'sub'> <InPorts = 2> <OutPorts = 1>
ST_452 : Operation 1761 [1/1] (0.00ns)   --->   "%sext_ln18_6 = sext i8 %sub_ln18_3" [/wrk/ci/prod/2024.1/hls_product/continuous/545/2024.1/src/shared/hls/clib/hlsmath/include/FloatingPoint/hls_case_IEEE754.h:18->/wrk/ci/prod/2024.1/hls_product/continuous/545/2024.1/src/shared/hls/clib/hlsmath/include/FloatingPoint/hls_case_IEEE754.h:117->/wrk/ci/prod/2024.1/hls_product/continuous/545/2024.1/src/shared/hls/clib/hlsmath/src/lib_floatconversion.cpp:51->flood_HLS_base.cpp:203]   --->   Operation 1761 'sext' 'sext_ln18_6' <Predicate = (and_ln199)> <Delay = 0.00>
ST_452 : Operation 1762 [1/1] (0.30ns)   --->   "%select_ln18_6 = select i1 %tmp_69, i9 %sext_ln18_6, i9 %add_ln317_3" [/wrk/ci/prod/2024.1/hls_product/continuous/545/2024.1/src/shared/hls/clib/hlsmath/include/FloatingPoint/hls_case_IEEE754.h:18->/wrk/ci/prod/2024.1/hls_product/continuous/545/2024.1/src/shared/hls/clib/hlsmath/include/FloatingPoint/hls_case_IEEE754.h:117->/wrk/ci/prod/2024.1/hls_product/continuous/545/2024.1/src/shared/hls/clib/hlsmath/src/lib_floatconversion.cpp:51->flood_HLS_base.cpp:203]   --->   Operation 1762 'select' 'select_ln18_6' <Predicate = (and_ln199)> <Delay = 0.30> <CoreInst = "Sel">   --->   Core 73 'Sel' <Latency = 0> <II = 1> <Delay = 0.30> <FuncUnit> <Opcode : 'select'> <InPorts = 3> <OutPorts = 1>
ST_452 : Operation 1763 [1/1] (0.00ns)   --->   "%sext_ln18_7 = sext i9 %select_ln18_6" [/wrk/ci/prod/2024.1/hls_product/continuous/545/2024.1/src/shared/hls/clib/hlsmath/include/FloatingPoint/hls_case_IEEE754.h:18->/wrk/ci/prod/2024.1/hls_product/continuous/545/2024.1/src/shared/hls/clib/hlsmath/include/FloatingPoint/hls_case_IEEE754.h:117->/wrk/ci/prod/2024.1/hls_product/continuous/545/2024.1/src/shared/hls/clib/hlsmath/src/lib_floatconversion.cpp:51->flood_HLS_base.cpp:203]   --->   Operation 1763 'sext' 'sext_ln18_7' <Predicate = (and_ln199)> <Delay = 0.00>
ST_452 : Operation 1764 [1/1] (0.00ns)   --->   "%zext_ln18_3 = zext i32 %sext_ln18_7" [/wrk/ci/prod/2024.1/hls_product/continuous/545/2024.1/src/shared/hls/clib/hlsmath/include/FloatingPoint/hls_case_IEEE754.h:18->/wrk/ci/prod/2024.1/hls_product/continuous/545/2024.1/src/shared/hls/clib/hlsmath/include/FloatingPoint/hls_case_IEEE754.h:117->/wrk/ci/prod/2024.1/hls_product/continuous/545/2024.1/src/shared/hls/clib/hlsmath/src/lib_floatconversion.cpp:51->flood_HLS_base.cpp:203]   --->   Operation 1764 'zext' 'zext_ln18_3' <Predicate = (and_ln199)> <Delay = 0.00>
ST_452 : Operation 1765 [1/1] (1.05ns)   --->   "%lshr_ln18_3 = lshr i79 %zext_ln15_3, i79 %zext_ln18_3" [/wrk/ci/prod/2024.1/hls_product/continuous/545/2024.1/src/shared/hls/clib/hlsmath/include/FloatingPoint/hls_case_IEEE754.h:18->/wrk/ci/prod/2024.1/hls_product/continuous/545/2024.1/src/shared/hls/clib/hlsmath/include/FloatingPoint/hls_case_IEEE754.h:117->/wrk/ci/prod/2024.1/hls_product/continuous/545/2024.1/src/shared/hls/clib/hlsmath/src/lib_floatconversion.cpp:51->flood_HLS_base.cpp:203]   --->   Operation 1765 'lshr' 'lshr_ln18_3' <Predicate = (and_ln199)> <Delay = 1.05> <CoreInst = "Shifter">   --->   Core 75 'Shifter' <Latency = 0> <II = 1> <Delay = 1.05> <FuncUnit> <Opcode : 'shl' 'lshr' 'ashr'> <InPorts = 2> <OutPorts = 1>
ST_452 : Operation 1766 [1/1] (1.05ns)   --->   "%shl_ln18_3 = shl i79 %zext_ln15_3, i79 %zext_ln18_3" [/wrk/ci/prod/2024.1/hls_product/continuous/545/2024.1/src/shared/hls/clib/hlsmath/include/FloatingPoint/hls_case_IEEE754.h:18->/wrk/ci/prod/2024.1/hls_product/continuous/545/2024.1/src/shared/hls/clib/hlsmath/include/FloatingPoint/hls_case_IEEE754.h:117->/wrk/ci/prod/2024.1/hls_product/continuous/545/2024.1/src/shared/hls/clib/hlsmath/src/lib_floatconversion.cpp:51->flood_HLS_base.cpp:203]   --->   Operation 1766 'shl' 'shl_ln18_3' <Predicate = (and_ln199)> <Delay = 1.05> <CoreInst = "Shifter">   --->   Core 75 'Shifter' <Latency = 0> <II = 1> <Delay = 1.05> <FuncUnit> <Opcode : 'shl' 'lshr' 'ashr'> <InPorts = 2> <OutPorts = 1>
ST_452 : Operation 1767 [1/1] (0.00ns)   --->   "%tmp_68 = partselect i32 @_ssdm_op_PartSelect.i32.i79.i32.i32, i79 %lshr_ln18_3, i32 24, i32 55" [/wrk/ci/prod/2024.1/hls_product/continuous/545/2024.1/src/shared/hls/clib/hlsmath/include/FloatingPoint/hls_case_IEEE754.h:21->/wrk/ci/prod/2024.1/hls_product/continuous/545/2024.1/src/shared/hls/clib/hlsmath/include/FloatingPoint/hls_case_IEEE754.h:117->/wrk/ci/prod/2024.1/hls_product/continuous/545/2024.1/src/shared/hls/clib/hlsmath/src/lib_floatconversion.cpp:51->flood_HLS_base.cpp:203]   --->   Operation 1767 'partselect' 'tmp_68' <Predicate = (and_ln199)> <Delay = 0.00>
ST_452 : Operation 1768 [1/1] (0.00ns)   --->   "%tmp_70 = partselect i32 @_ssdm_op_PartSelect.i32.i79.i32.i32, i79 %shl_ln18_3, i32 24, i32 55" [/wrk/ci/prod/2024.1/hls_product/continuous/545/2024.1/src/shared/hls/clib/hlsmath/include/FloatingPoint/hls_case_IEEE754.h:21->/wrk/ci/prod/2024.1/hls_product/continuous/545/2024.1/src/shared/hls/clib/hlsmath/include/FloatingPoint/hls_case_IEEE754.h:117->/wrk/ci/prod/2024.1/hls_product/continuous/545/2024.1/src/shared/hls/clib/hlsmath/src/lib_floatconversion.cpp:51->flood_HLS_base.cpp:203]   --->   Operation 1768 'partselect' 'tmp_70' <Predicate = (and_ln199)> <Delay = 0.00>
ST_452 : Operation 1769 [1/1] (0.22ns)   --->   "%val_4 = select i1 %tmp_69, i32 %tmp_68, i32 %tmp_70" [/wrk/ci/prod/2024.1/hls_product/continuous/545/2024.1/src/shared/hls/clib/hlsmath/include/FloatingPoint/hls_case_IEEE754.h:18->/wrk/ci/prod/2024.1/hls_product/continuous/545/2024.1/src/shared/hls/clib/hlsmath/include/FloatingPoint/hls_case_IEEE754.h:117->/wrk/ci/prod/2024.1/hls_product/continuous/545/2024.1/src/shared/hls/clib/hlsmath/src/lib_floatconversion.cpp:51->flood_HLS_base.cpp:203]   --->   Operation 1769 'select' 'val_4' <Predicate = (and_ln199)> <Delay = 0.22> <CoreInst = "Sel">   --->   Core 73 'Sel' <Latency = 0> <II = 1> <Delay = 0.22> <FuncUnit> <Opcode : 'select'> <InPorts = 3> <OutPorts = 1>

State 453 <SV = 27> <Delay = 2.75>
ST_453 : Operation 1770 [1/1] (0.00ns)   --->   "%tmp_67 = bitconcatenate i14 @_ssdm_op_BitConcatenate.i14.i12.i2, i12 %add_ln196, i2 0" [flood_HLS_base.cpp:222]   --->   Operation 1770 'bitconcatenate' 'tmp_67' <Predicate = true> <Delay = 0.00>
ST_453 : Operation 1771 [1/1] (0.00ns)   --->   "%speclooptripcount_ln52 = speclooptripcount void @_ssdm_op_SpecLoopTripCount, i64 50, i64 50, i64 50" [flood_HLS_base.cpp:52]   --->   Operation 1771 'speclooptripcount' 'speclooptripcount_ln52' <Predicate = true> <Delay = 0.00>
ST_453 : Operation 1772 [1/1] (0.00ns)   --->   "%specloopname_ln193 = specloopname void @_ssdm_op_SpecLoopName, void @empty_10" [flood_HLS_base.cpp:193]   --->   Operation 1772 'specloopname' 'specloopname_ln193' <Predicate = true> <Delay = 0.00>
ST_453 : Operation 1773 [1/2] (1.64ns)   --->   "%wl = load i12 %water_level_addr_4" [flood_HLS_base.cpp:196]   --->   Operation 1773 'load' 'wl' <Predicate = true> <Delay = 1.64> <CoreInst = "RAM">   --->   Core 82 'RAM' <Latency = 1> <II = 1> <Delay = 1.64> <Storage> <Opcode : 'load' 'store'> <Ports = 2> <Width = 32> <Depth = 2500> <RAM>
ST_453 : Operation 1774 [1/1] (0.00ns) (grouped into LUT with out node wl_1)   --->   "%xs_sign_3 = bitselect i1 @_ssdm_op_BitSelect.i1.i32.i32, i32 %data_3, i32 31" [/wrk/ci/prod/2024.1/hls_product/continuous/545/2024.1/src/shared/hls/clib/src/hls/utils/x_hls_utils.h:294->/wrk/ci/prod/2024.1/hls_product/continuous/545/2024.1/src/shared/hls/clib/hlsmath/include/FloatingPoint/hls_case_IEEE754.h:13->/wrk/ci/prod/2024.1/hls_product/continuous/545/2024.1/src/shared/hls/clib/hlsmath/include/FloatingPoint/hls_case_IEEE754.h:117->/wrk/ci/prod/2024.1/hls_product/continuous/545/2024.1/src/shared/hls/clib/hlsmath/src/lib_floatconversion.cpp:51->flood_HLS_base.cpp:203]   --->   Operation 1774 'bitselect' 'xs_sign_3' <Predicate = (and_ln199)> <Delay = 0.00>
ST_453 : Operation 1775 [1/1] (0.88ns)   --->   "%result_22 = sub i32 0, i32 %val_4" [/wrk/ci/prod/2024.1/hls_product/continuous/545/2024.1/src/shared/hls/clib/hlsmath/include/FloatingPoint/hls_case_IEEE754.h:59->/wrk/ci/prod/2024.1/hls_product/continuous/545/2024.1/src/shared/hls/clib/hlsmath/include/FloatingPoint/hls_case_IEEE754.h:117->/wrk/ci/prod/2024.1/hls_product/continuous/545/2024.1/src/shared/hls/clib/hlsmath/src/lib_floatconversion.cpp:51->flood_HLS_base.cpp:203]   --->   Operation 1775 'sub' 'result_22' <Predicate = (and_ln199)> <Delay = 0.88> <CoreInst = "Adder">   --->   Core 1 'Adder' <Latency = 0> <II = 1> <Delay = 0.88> <FuncUnit> <Opcode : 'add' 'sub'> <InPorts = 2> <OutPorts = 1>
ST_453 : Operation 1776 [1/1] (0.00ns) (grouped into LUT with out node wl_1)   --->   "%result_28 = select i1 %xs_sign_3, i32 %result_22, i32 %val_4" [/wrk/ci/prod/2024.1/hls_product/continuous/545/2024.1/src/shared/hls/clib/hlsmath/include/FloatingPoint/hls_case_IEEE754.h:59->/wrk/ci/prod/2024.1/hls_product/continuous/545/2024.1/src/shared/hls/clib/hlsmath/include/FloatingPoint/hls_case_IEEE754.h:117->/wrk/ci/prod/2024.1/hls_product/continuous/545/2024.1/src/shared/hls/clib/hlsmath/src/lib_floatconversion.cpp:51->flood_HLS_base.cpp:203]   --->   Operation 1776 'select' 'result_28' <Predicate = (and_ln199)> <Delay = 0.00> <CoreInst = "Sel">   --->   Core 73 'Sel' <Latency = 0> <II = 1> <Delay = 0.22> <FuncUnit> <Opcode : 'select'> <InPorts = 3> <OutPorts = 1>
ST_453 : Operation 1777 [1/1] (0.88ns) (out node of the LUT)   --->   "%wl_1 = sub i32 %wl, i32 %result_28" [flood_HLS_base.cpp:204]   --->   Operation 1777 'sub' 'wl_1' <Predicate = (and_ln199)> <Delay = 0.88> <CoreInst = "Adder">   --->   Core 1 'Adder' <Latency = 0> <II = 1> <Delay = 0.88> <FuncUnit> <Opcode : 'add' 'sub'> <InPorts = 2> <OutPorts = 1>
ST_453 : Operation 1778 [1/1] (0.22ns)   --->   "%wl_2 = select i1 %and_ln199, i32 %wl_1, i32 %wl" [flood_HLS_base.cpp:199]   --->   Operation 1778 'select' 'wl_2' <Predicate = true> <Delay = 0.22> <CoreInst = "Sel">   --->   Core 73 'Sel' <Latency = 0> <II = 1> <Delay = 0.22> <FuncUnit> <Opcode : 'select'> <InPorts = 3> <OutPorts = 1>
ST_453 : Operation 1779 [1/1] (0.38ns)   --->   "%br_ln221 = br void %for.inc472" [flood_HLS_base.cpp:221]   --->   Operation 1779 'br' 'br_ln221' <Predicate = true> <Delay = 0.38>

State 454 <SV = 28> <Delay = 2.52>
ST_454 : Operation 1780 [1/1] (0.00ns)   --->   "%cell_pos_2 = phi i3 0, void %for.body427.split_ifconv, i3 %add_ln221, void %for.inc472.split" [flood_HLS_base.cpp:221]   --->   Operation 1780 'phi' 'cell_pos_2' <Predicate = true> <Delay = 0.00>
ST_454 : Operation 1781 [1/1] (0.00ns)   --->   "%spill_acc = phi i32 0, void %for.body427.split_ifconv, i32 %spill_acc_1, void %for.inc472.split"   --->   Operation 1781 'phi' 'spill_acc' <Predicate = true> <Delay = 0.00>
ST_454 : Operation 1782 [1/1] (0.57ns)   --->   "%icmp_ln221 = icmp_eq  i3 %cell_pos_2, i3 4" [flood_HLS_base.cpp:221]   --->   Operation 1782 'icmp' 'icmp_ln221' <Predicate = true> <Delay = 0.57> <CoreInst = "Cmp">   --->   Core 9 'Cmp' <Latency = 0> <II = 1> <Delay = 0.57> <FuncUnit> <Opcode : 'seteq' 'setne' 'setle' 'setge' 'setlt' 'setgt'> <InPorts = 2> <OutPorts = 1>
ST_454 : Operation 1783 [1/1] (0.57ns)   --->   "%add_ln221 = add i3 %cell_pos_2, i3 1" [flood_HLS_base.cpp:221]   --->   Operation 1783 'add' 'add_ln221' <Predicate = true> <Delay = 0.57> <CoreInst = "Adder">   --->   Core 1 'Adder' <Latency = 0> <II = 1> <Delay = 0.57> <FuncUnit> <Opcode : 'add' 'sub'> <InPorts = 2> <OutPorts = 1>
ST_454 : Operation 1784 [1/1] (0.00ns)   --->   "%br_ln221 = br i1 %icmp_ln221, void %for.inc472.split, void %for.inc480" [flood_HLS_base.cpp:221]   --->   Operation 1784 'br' 'br_ln221' <Predicate = true> <Delay = 0.00>
ST_454 : Operation 1785 [1/1] (0.00ns)   --->   "%zext_ln222 = zext i3 %cell_pos_2" [flood_HLS_base.cpp:222]   --->   Operation 1785 'zext' 'zext_ln222' <Predicate = (!icmp_ln221)> <Delay = 0.00>
ST_454 : Operation 1786 [1/1] (0.76ns)   --->   "%add_ln222 = add i14 %tmp_67, i14 %zext_ln222" [flood_HLS_base.cpp:222]   --->   Operation 1786 'add' 'add_ln222' <Predicate = (!icmp_ln221)> <Delay = 0.76> <CoreInst = "Adder">   --->   Core 1 'Adder' <Latency = 0> <II = 1> <Delay = 0.76> <FuncUnit> <Opcode : 'add' 'sub'> <InPorts = 2> <OutPorts = 1>
ST_454 : Operation 1787 [1/1] (0.00ns)   --->   "%zext_ln222_1 = zext i14 %add_ln222" [flood_HLS_base.cpp:222]   --->   Operation 1787 'zext' 'zext_ln222_1' <Predicate = (!icmp_ln221)> <Delay = 0.00>
ST_454 : Operation 1788 [1/1] (0.00ns)   --->   "%spillage_from_neigh_addr_2 = getelementptr i32 %spillage_from_neigh, i64 0, i64 %zext_ln222_1" [flood_HLS_base.cpp:222]   --->   Operation 1788 'getelementptr' 'spillage_from_neigh_addr_2' <Predicate = (!icmp_ln221)> <Delay = 0.00>
ST_454 : Operation 1789 [2/2] (1.24ns)   --->   "%spillage_from_neigh_load = load i14 %spillage_from_neigh_addr_2" [flood_HLS_base.cpp:222]   --->   Operation 1789 'load' 'spillage_from_neigh_load' <Predicate = (!icmp_ln221)> <Delay = 1.24> <CoreInst = "RAM">   --->   Core 82 'RAM' <Latency = 1> <II = 1> <Delay = 1.24> <Storage> <Opcode : 'load' 'store'> <Ports = 2> <Width = 32> <Depth = 10000> <RAM>
ST_454 : Operation 1790 [1/1] (0.88ns)   --->   "%wl_3 = add i32 %spill_acc, i32 %wl_2" [flood_HLS_base.cpp:226]   --->   Operation 1790 'add' 'wl_3' <Predicate = (icmp_ln221)> <Delay = 0.88> <CoreInst = "Adder">   --->   Core 1 'Adder' <Latency = 0> <II = 1> <Delay = 0.88> <FuncUnit> <Opcode : 'add' 'sub'> <InPorts = 2> <OutPorts = 1>
ST_454 : Operation 1791 [1/1] (1.64ns)   --->   "%store_ln229 = store i32 %wl_3, i12 %water_level_addr_4" [flood_HLS_base.cpp:229]   --->   Operation 1791 'store' 'store_ln229' <Predicate = (icmp_ln221)> <Delay = 1.64> <CoreInst = "RAM">   --->   Core 82 'RAM' <Latency = 1> <II = 1> <Delay = 1.64> <Storage> <Opcode : 'load' 'store'> <Ports = 2> <Width = 32> <Depth = 2500> <RAM>
ST_454 : Operation 1792 [1/1] (0.00ns)   --->   "%br_ln193 = br void %for.body427" [flood_HLS_base.cpp:193]   --->   Operation 1792 'br' 'br_ln193' <Predicate = (icmp_ln221)> <Delay = 0.00>

State 455 <SV = 29> <Delay = 1.24>
ST_455 : Operation 1793 [1/2] (1.24ns)   --->   "%spillage_from_neigh_load = load i14 %spillage_from_neigh_addr_2" [flood_HLS_base.cpp:222]   --->   Operation 1793 'load' 'spillage_from_neigh_load' <Predicate = true> <Delay = 1.24> <CoreInst = "RAM">   --->   Core 82 'RAM' <Latency = 1> <II = 1> <Delay = 1.24> <Storage> <Opcode : 'load' 'store'> <Ports = 2> <Width = 32> <Depth = 10000> <RAM>

State 456 <SV = 30> <Delay = 2.32>
ST_456 : Operation 1794 [4/4] (2.32ns)   --->   "%div7 = fmul i32 %spillage_from_neigh_load, i32 0.5" [flood_HLS_base.cpp:222]   --->   Operation 1794 'fmul' 'div7' <Predicate = true> <Delay = 2.32> <CoreInst = "FMul_maxdsp">   --->   Core 30 'FMul_maxdsp' <Latency = 3> <II = 1> <Delay = 2.32> <FuncUnit> <Opcode : 'fmul'> <InPorts = 2> <OutPorts = 1>

State 457 <SV = 31> <Delay = 2.32>
ST_457 : Operation 1795 [3/4] (2.32ns)   --->   "%div7 = fmul i32 %spillage_from_neigh_load, i32 0.5" [flood_HLS_base.cpp:222]   --->   Operation 1795 'fmul' 'div7' <Predicate = true> <Delay = 2.32> <CoreInst = "FMul_maxdsp">   --->   Core 30 'FMul_maxdsp' <Latency = 3> <II = 1> <Delay = 2.32> <FuncUnit> <Opcode : 'fmul'> <InPorts = 2> <OutPorts = 1>

State 458 <SV = 32> <Delay = 2.32>
ST_458 : Operation 1796 [2/4] (2.32ns)   --->   "%div7 = fmul i32 %spillage_from_neigh_load, i32 0.5" [flood_HLS_base.cpp:222]   --->   Operation 1796 'fmul' 'div7' <Predicate = true> <Delay = 2.32> <CoreInst = "FMul_maxdsp">   --->   Core 30 'FMul_maxdsp' <Latency = 3> <II = 1> <Delay = 2.32> <FuncUnit> <Opcode : 'fmul'> <InPorts = 2> <OutPorts = 1>

State 459 <SV = 33> <Delay = 2.32>
ST_459 : Operation 1797 [1/4] (2.32ns)   --->   "%div7 = fmul i32 %spillage_from_neigh_load, i32 0.5" [flood_HLS_base.cpp:222]   --->   Operation 1797 'fmul' 'div7' <Predicate = true> <Delay = 2.32> <CoreInst = "FMul_maxdsp">   --->   Core 30 'FMul_maxdsp' <Latency = 3> <II = 1> <Delay = 2.32> <FuncUnit> <Opcode : 'fmul'> <InPorts = 2> <OutPorts = 1>

State 460 <SV = 34> <Delay = 2.32>
ST_460 : Operation 1798 [4/4] (2.32ns)   --->   "%dc_4 = fmul i32 %div7, i32 1e+06" [flood_HLS_base.cpp:222]   --->   Operation 1798 'fmul' 'dc_4' <Predicate = true> <Delay = 2.32> <CoreInst = "FMul_maxdsp">   --->   Core 30 'FMul_maxdsp' <Latency = 3> <II = 1> <Delay = 2.32> <FuncUnit> <Opcode : 'fmul'> <InPorts = 2> <OutPorts = 1>

State 461 <SV = 35> <Delay = 2.32>
ST_461 : Operation 1799 [3/4] (2.32ns)   --->   "%dc_4 = fmul i32 %div7, i32 1e+06" [flood_HLS_base.cpp:222]   --->   Operation 1799 'fmul' 'dc_4' <Predicate = true> <Delay = 2.32> <CoreInst = "FMul_maxdsp">   --->   Core 30 'FMul_maxdsp' <Latency = 3> <II = 1> <Delay = 2.32> <FuncUnit> <Opcode : 'fmul'> <InPorts = 2> <OutPorts = 1>

State 462 <SV = 36> <Delay = 2.32>
ST_462 : Operation 1800 [2/4] (2.32ns)   --->   "%dc_4 = fmul i32 %div7, i32 1e+06" [flood_HLS_base.cpp:222]   --->   Operation 1800 'fmul' 'dc_4' <Predicate = true> <Delay = 2.32> <CoreInst = "FMul_maxdsp">   --->   Core 30 'FMul_maxdsp' <Latency = 3> <II = 1> <Delay = 2.32> <FuncUnit> <Opcode : 'fmul'> <InPorts = 2> <OutPorts = 1>

State 463 <SV = 37> <Delay = 2.32>
ST_463 : Operation 1801 [1/4] (2.32ns)   --->   "%dc_4 = fmul i32 %div7, i32 1e+06" [flood_HLS_base.cpp:222]   --->   Operation 1801 'fmul' 'dc_4' <Predicate = true> <Delay = 2.32> <CoreInst = "FMul_maxdsp">   --->   Core 30 'FMul_maxdsp' <Latency = 3> <II = 1> <Delay = 2.32> <FuncUnit> <Opcode : 'fmul'> <InPorts = 2> <OutPorts = 1>

State 464 <SV = 38> <Delay = 2.28>
ST_464 : Operation 1802 [1/1] (0.00ns)   --->   "%data_4 = bitcast i32 %dc_4" [/wrk/ci/prod/2024.1/hls_product/continuous/545/2024.1/src/shared/hls/clib/src/hls/utils/x_hls_utils.h:288->/wrk/ci/prod/2024.1/hls_product/continuous/545/2024.1/src/shared/hls/clib/hlsmath/include/FloatingPoint/hls_case_IEEE754.h:13->/wrk/ci/prod/2024.1/hls_product/continuous/545/2024.1/src/shared/hls/clib/hlsmath/include/FloatingPoint/hls_case_IEEE754.h:117->/wrk/ci/prod/2024.1/hls_product/continuous/545/2024.1/src/shared/hls/clib/hlsmath/src/lib_floatconversion.cpp:51->flood_HLS_base.cpp:222]   --->   Operation 1802 'bitcast' 'data_4' <Predicate = true> <Delay = 0.00>
ST_464 : Operation 1803 [1/1] (0.00ns)   --->   "%xs_exp_4 = partselect i8 @_ssdm_op_PartSelect.i8.i32.i32.i32, i32 %data_4, i32 23, i32 30" [/wrk/ci/prod/2024.1/hls_product/continuous/545/2024.1/src/shared/hls/clib/src/hls/utils/x_hls_utils.h:295->/wrk/ci/prod/2024.1/hls_product/continuous/545/2024.1/src/shared/hls/clib/hlsmath/include/FloatingPoint/hls_case_IEEE754.h:13->/wrk/ci/prod/2024.1/hls_product/continuous/545/2024.1/src/shared/hls/clib/hlsmath/include/FloatingPoint/hls_case_IEEE754.h:117->/wrk/ci/prod/2024.1/hls_product/continuous/545/2024.1/src/shared/hls/clib/hlsmath/src/lib_floatconversion.cpp:51->flood_HLS_base.cpp:222]   --->   Operation 1803 'partselect' 'xs_exp_4' <Predicate = true> <Delay = 0.00>
ST_464 : Operation 1804 [1/1] (0.00ns)   --->   "%trunc_ln342_2 = trunc i32 %data_4" [/wrk/ci/prod/2024.1/hls_product/continuous/545/2024.1/src/shared/hls/clib/src/hls/utils/x_hls_utils.h:342->/wrk/ci/prod/2024.1/hls_product/continuous/545/2024.1/src/shared/hls/clib/hlsmath/include/FloatingPoint/hls_case_IEEE754.h:15->/wrk/ci/prod/2024.1/hls_product/continuous/545/2024.1/src/shared/hls/clib/hlsmath/include/FloatingPoint/hls_case_IEEE754.h:117->/wrk/ci/prod/2024.1/hls_product/continuous/545/2024.1/src/shared/hls/clib/hlsmath/src/lib_floatconversion.cpp:51->flood_HLS_base.cpp:222]   --->   Operation 1804 'trunc' 'trunc_ln342_2' <Predicate = true> <Delay = 0.00>
ST_464 : Operation 1805 [1/1] (0.00ns)   --->   "%mantissa_4 = bitconcatenate i25 @_ssdm_op_BitConcatenate.i25.i1.i23.i1, i1 1, i23 %trunc_ln342_2, i1 0" [/wrk/ci/prod/2024.1/hls_product/continuous/545/2024.1/src/shared/hls/clib/hlsmath/include/FloatingPoint/hls_case_IEEE754.h:15->/wrk/ci/prod/2024.1/hls_product/continuous/545/2024.1/src/shared/hls/clib/hlsmath/include/FloatingPoint/hls_case_IEEE754.h:117->/wrk/ci/prod/2024.1/hls_product/continuous/545/2024.1/src/shared/hls/clib/hlsmath/src/lib_floatconversion.cpp:51->flood_HLS_base.cpp:222]   --->   Operation 1805 'bitconcatenate' 'mantissa_4' <Predicate = true> <Delay = 0.00>
ST_464 : Operation 1806 [1/1] (0.00ns)   --->   "%zext_ln15_4 = zext i25 %mantissa_4" [/wrk/ci/prod/2024.1/hls_product/continuous/545/2024.1/src/shared/hls/clib/hlsmath/include/FloatingPoint/hls_case_IEEE754.h:15->/wrk/ci/prod/2024.1/hls_product/continuous/545/2024.1/src/shared/hls/clib/hlsmath/include/FloatingPoint/hls_case_IEEE754.h:117->/wrk/ci/prod/2024.1/hls_product/continuous/545/2024.1/src/shared/hls/clib/hlsmath/src/lib_floatconversion.cpp:51->flood_HLS_base.cpp:222]   --->   Operation 1806 'zext' 'zext_ln15_4' <Predicate = true> <Delay = 0.00>
ST_464 : Operation 1807 [1/1] (0.00ns)   --->   "%zext_ln317_4 = zext i8 %xs_exp_4" [/wrk/ci/prod/2024.1/hls_product/continuous/545/2024.1/src/shared/hls/clib/src/hls/utils/x_hls_utils.h:317->/wrk/ci/prod/2024.1/hls_product/continuous/545/2024.1/src/shared/hls/clib/hlsmath/include/FloatingPoint/hls_case_IEEE754.h:18->/wrk/ci/prod/2024.1/hls_product/continuous/545/2024.1/src/shared/hls/clib/hlsmath/include/FloatingPoint/hls_case_IEEE754.h:117->/wrk/ci/prod/2024.1/hls_product/continuous/545/2024.1/src/shared/hls/clib/hlsmath/src/lib_floatconversion.cpp:51->flood_HLS_base.cpp:222]   --->   Operation 1807 'zext' 'zext_ln317_4' <Predicate = true> <Delay = 0.00>
ST_464 : Operation 1808 [1/1] (0.70ns)   --->   "%add_ln317_4 = add i9 %zext_ln317_4, i9 385" [/wrk/ci/prod/2024.1/hls_product/continuous/545/2024.1/src/shared/hls/clib/src/hls/utils/x_hls_utils.h:317->/wrk/ci/prod/2024.1/hls_product/continuous/545/2024.1/src/shared/hls/clib/hlsmath/include/FloatingPoint/hls_case_IEEE754.h:18->/wrk/ci/prod/2024.1/hls_product/continuous/545/2024.1/src/shared/hls/clib/hlsmath/include/FloatingPoint/hls_case_IEEE754.h:117->/wrk/ci/prod/2024.1/hls_product/continuous/545/2024.1/src/shared/hls/clib/hlsmath/src/lib_floatconversion.cpp:51->flood_HLS_base.cpp:222]   --->   Operation 1808 'add' 'add_ln317_4' <Predicate = true> <Delay = 0.70> <CoreInst = "Adder">   --->   Core 1 'Adder' <Latency = 0> <II = 1> <Delay = 0.70> <FuncUnit> <Opcode : 'add' 'sub'> <InPorts = 2> <OutPorts = 1>
ST_464 : Operation 1809 [1/1] (0.00ns)   --->   "%tmp_74 = bitselect i1 @_ssdm_op_BitSelect.i1.i9.i32, i9 %add_ln317_4, i32 8" [/wrk/ci/prod/2024.1/hls_product/continuous/545/2024.1/src/shared/hls/clib/hlsmath/include/FloatingPoint/hls_case_IEEE754.h:18->/wrk/ci/prod/2024.1/hls_product/continuous/545/2024.1/src/shared/hls/clib/hlsmath/include/FloatingPoint/hls_case_IEEE754.h:117->/wrk/ci/prod/2024.1/hls_product/continuous/545/2024.1/src/shared/hls/clib/hlsmath/src/lib_floatconversion.cpp:51->flood_HLS_base.cpp:222]   --->   Operation 1809 'bitselect' 'tmp_74' <Predicate = true> <Delay = 0.00>
ST_464 : Operation 1810 [1/1] (0.70ns)   --->   "%sub_ln18_4 = sub i8 127, i8 %xs_exp_4" [/wrk/ci/prod/2024.1/hls_product/continuous/545/2024.1/src/shared/hls/clib/hlsmath/include/FloatingPoint/hls_case_IEEE754.h:18->/wrk/ci/prod/2024.1/hls_product/continuous/545/2024.1/src/shared/hls/clib/hlsmath/include/FloatingPoint/hls_case_IEEE754.h:117->/wrk/ci/prod/2024.1/hls_product/continuous/545/2024.1/src/shared/hls/clib/hlsmath/src/lib_floatconversion.cpp:51->flood_HLS_base.cpp:222]   --->   Operation 1810 'sub' 'sub_ln18_4' <Predicate = true> <Delay = 0.70> <CoreInst = "Adder">   --->   Core 1 'Adder' <Latency = 0> <II = 1> <Delay = 0.70> <FuncUnit> <Opcode : 'add' 'sub'> <InPorts = 2> <OutPorts = 1>
ST_464 : Operation 1811 [1/1] (0.00ns)   --->   "%sext_ln18_8 = sext i8 %sub_ln18_4" [/wrk/ci/prod/2024.1/hls_product/continuous/545/2024.1/src/shared/hls/clib/hlsmath/include/FloatingPoint/hls_case_IEEE754.h:18->/wrk/ci/prod/2024.1/hls_product/continuous/545/2024.1/src/shared/hls/clib/hlsmath/include/FloatingPoint/hls_case_IEEE754.h:117->/wrk/ci/prod/2024.1/hls_product/continuous/545/2024.1/src/shared/hls/clib/hlsmath/src/lib_floatconversion.cpp:51->flood_HLS_base.cpp:222]   --->   Operation 1811 'sext' 'sext_ln18_8' <Predicate = true> <Delay = 0.00>
ST_464 : Operation 1812 [1/1] (0.30ns)   --->   "%select_ln18_8 = select i1 %tmp_74, i9 %sext_ln18_8, i9 %add_ln317_4" [/wrk/ci/prod/2024.1/hls_product/continuous/545/2024.1/src/shared/hls/clib/hlsmath/include/FloatingPoint/hls_case_IEEE754.h:18->/wrk/ci/prod/2024.1/hls_product/continuous/545/2024.1/src/shared/hls/clib/hlsmath/include/FloatingPoint/hls_case_IEEE754.h:117->/wrk/ci/prod/2024.1/hls_product/continuous/545/2024.1/src/shared/hls/clib/hlsmath/src/lib_floatconversion.cpp:51->flood_HLS_base.cpp:222]   --->   Operation 1812 'select' 'select_ln18_8' <Predicate = true> <Delay = 0.30> <CoreInst = "Sel">   --->   Core 73 'Sel' <Latency = 0> <II = 1> <Delay = 0.30> <FuncUnit> <Opcode : 'select'> <InPorts = 3> <OutPorts = 1>
ST_464 : Operation 1813 [1/1] (0.00ns)   --->   "%sext_ln18_9 = sext i9 %select_ln18_8" [/wrk/ci/prod/2024.1/hls_product/continuous/545/2024.1/src/shared/hls/clib/hlsmath/include/FloatingPoint/hls_case_IEEE754.h:18->/wrk/ci/prod/2024.1/hls_product/continuous/545/2024.1/src/shared/hls/clib/hlsmath/include/FloatingPoint/hls_case_IEEE754.h:117->/wrk/ci/prod/2024.1/hls_product/continuous/545/2024.1/src/shared/hls/clib/hlsmath/src/lib_floatconversion.cpp:51->flood_HLS_base.cpp:222]   --->   Operation 1813 'sext' 'sext_ln18_9' <Predicate = true> <Delay = 0.00>
ST_464 : Operation 1814 [1/1] (0.00ns)   --->   "%zext_ln18_4 = zext i32 %sext_ln18_9" [/wrk/ci/prod/2024.1/hls_product/continuous/545/2024.1/src/shared/hls/clib/hlsmath/include/FloatingPoint/hls_case_IEEE754.h:18->/wrk/ci/prod/2024.1/hls_product/continuous/545/2024.1/src/shared/hls/clib/hlsmath/include/FloatingPoint/hls_case_IEEE754.h:117->/wrk/ci/prod/2024.1/hls_product/continuous/545/2024.1/src/shared/hls/clib/hlsmath/src/lib_floatconversion.cpp:51->flood_HLS_base.cpp:222]   --->   Operation 1814 'zext' 'zext_ln18_4' <Predicate = true> <Delay = 0.00>
ST_464 : Operation 1815 [1/1] (1.05ns)   --->   "%lshr_ln18_4 = lshr i79 %zext_ln15_4, i79 %zext_ln18_4" [/wrk/ci/prod/2024.1/hls_product/continuous/545/2024.1/src/shared/hls/clib/hlsmath/include/FloatingPoint/hls_case_IEEE754.h:18->/wrk/ci/prod/2024.1/hls_product/continuous/545/2024.1/src/shared/hls/clib/hlsmath/include/FloatingPoint/hls_case_IEEE754.h:117->/wrk/ci/prod/2024.1/hls_product/continuous/545/2024.1/src/shared/hls/clib/hlsmath/src/lib_floatconversion.cpp:51->flood_HLS_base.cpp:222]   --->   Operation 1815 'lshr' 'lshr_ln18_4' <Predicate = true> <Delay = 1.05> <CoreInst = "Shifter">   --->   Core 75 'Shifter' <Latency = 0> <II = 1> <Delay = 1.05> <FuncUnit> <Opcode : 'shl' 'lshr' 'ashr'> <InPorts = 2> <OutPorts = 1>
ST_464 : Operation 1816 [1/1] (1.05ns)   --->   "%shl_ln18_4 = shl i79 %zext_ln15_4, i79 %zext_ln18_4" [/wrk/ci/prod/2024.1/hls_product/continuous/545/2024.1/src/shared/hls/clib/hlsmath/include/FloatingPoint/hls_case_IEEE754.h:18->/wrk/ci/prod/2024.1/hls_product/continuous/545/2024.1/src/shared/hls/clib/hlsmath/include/FloatingPoint/hls_case_IEEE754.h:117->/wrk/ci/prod/2024.1/hls_product/continuous/545/2024.1/src/shared/hls/clib/hlsmath/src/lib_floatconversion.cpp:51->flood_HLS_base.cpp:222]   --->   Operation 1816 'shl' 'shl_ln18_4' <Predicate = true> <Delay = 1.05> <CoreInst = "Shifter">   --->   Core 75 'Shifter' <Latency = 0> <II = 1> <Delay = 1.05> <FuncUnit> <Opcode : 'shl' 'lshr' 'ashr'> <InPorts = 2> <OutPorts = 1>
ST_464 : Operation 1817 [1/1] (0.00ns)   --->   "%tmp_73 = partselect i32 @_ssdm_op_PartSelect.i32.i79.i32.i32, i79 %lshr_ln18_4, i32 24, i32 55" [/wrk/ci/prod/2024.1/hls_product/continuous/545/2024.1/src/shared/hls/clib/hlsmath/include/FloatingPoint/hls_case_IEEE754.h:21->/wrk/ci/prod/2024.1/hls_product/continuous/545/2024.1/src/shared/hls/clib/hlsmath/include/FloatingPoint/hls_case_IEEE754.h:117->/wrk/ci/prod/2024.1/hls_product/continuous/545/2024.1/src/shared/hls/clib/hlsmath/src/lib_floatconversion.cpp:51->flood_HLS_base.cpp:222]   --->   Operation 1817 'partselect' 'tmp_73' <Predicate = true> <Delay = 0.00>
ST_464 : Operation 1818 [1/1] (0.00ns)   --->   "%tmp_75 = partselect i32 @_ssdm_op_PartSelect.i32.i79.i32.i32, i79 %shl_ln18_4, i32 24, i32 55" [/wrk/ci/prod/2024.1/hls_product/continuous/545/2024.1/src/shared/hls/clib/hlsmath/include/FloatingPoint/hls_case_IEEE754.h:21->/wrk/ci/prod/2024.1/hls_product/continuous/545/2024.1/src/shared/hls/clib/hlsmath/include/FloatingPoint/hls_case_IEEE754.h:117->/wrk/ci/prod/2024.1/hls_product/continuous/545/2024.1/src/shared/hls/clib/hlsmath/src/lib_floatconversion.cpp:51->flood_HLS_base.cpp:222]   --->   Operation 1818 'partselect' 'tmp_75' <Predicate = true> <Delay = 0.00>
ST_464 : Operation 1819 [1/1] (0.22ns)   --->   "%val_5 = select i1 %tmp_74, i32 %tmp_73, i32 %tmp_75" [/wrk/ci/prod/2024.1/hls_product/continuous/545/2024.1/src/shared/hls/clib/hlsmath/include/FloatingPoint/hls_case_IEEE754.h:18->/wrk/ci/prod/2024.1/hls_product/continuous/545/2024.1/src/shared/hls/clib/hlsmath/include/FloatingPoint/hls_case_IEEE754.h:117->/wrk/ci/prod/2024.1/hls_product/continuous/545/2024.1/src/shared/hls/clib/hlsmath/src/lib_floatconversion.cpp:51->flood_HLS_base.cpp:222]   --->   Operation 1819 'select' 'val_5' <Predicate = true> <Delay = 0.22> <CoreInst = "Sel">   --->   Core 73 'Sel' <Latency = 0> <II = 1> <Delay = 0.22> <FuncUnit> <Opcode : 'select'> <InPorts = 3> <OutPorts = 1>

State 465 <SV = 39> <Delay = 1.76>
ST_465 : Operation 1820 [1/1] (0.00ns)   --->   "%speclooptripcount_ln73 = speclooptripcount void @_ssdm_op_SpecLoopTripCount, i64 4, i64 4, i64 4" [flood_HLS_base.cpp:73]   --->   Operation 1820 'speclooptripcount' 'speclooptripcount_ln73' <Predicate = true> <Delay = 0.00>
ST_465 : Operation 1821 [1/1] (0.00ns)   --->   "%specloopname_ln221 = specloopname void @_ssdm_op_SpecLoopName, void @empty_17" [flood_HLS_base.cpp:221]   --->   Operation 1821 'specloopname' 'specloopname_ln221' <Predicate = true> <Delay = 0.00>
ST_465 : Operation 1822 [1/1] (0.00ns) (grouped into LUT with out node spill_acc_1)   --->   "%xs_sign_4 = bitselect i1 @_ssdm_op_BitSelect.i1.i32.i32, i32 %data_4, i32 31" [/wrk/ci/prod/2024.1/hls_product/continuous/545/2024.1/src/shared/hls/clib/src/hls/utils/x_hls_utils.h:294->/wrk/ci/prod/2024.1/hls_product/continuous/545/2024.1/src/shared/hls/clib/hlsmath/include/FloatingPoint/hls_case_IEEE754.h:13->/wrk/ci/prod/2024.1/hls_product/continuous/545/2024.1/src/shared/hls/clib/hlsmath/include/FloatingPoint/hls_case_IEEE754.h:117->/wrk/ci/prod/2024.1/hls_product/continuous/545/2024.1/src/shared/hls/clib/hlsmath/src/lib_floatconversion.cpp:51->flood_HLS_base.cpp:222]   --->   Operation 1822 'bitselect' 'xs_sign_4' <Predicate = true> <Delay = 0.00>
ST_465 : Operation 1823 [1/1] (0.88ns)   --->   "%result_23 = sub i32 0, i32 %val_5" [/wrk/ci/prod/2024.1/hls_product/continuous/545/2024.1/src/shared/hls/clib/hlsmath/include/FloatingPoint/hls_case_IEEE754.h:59->/wrk/ci/prod/2024.1/hls_product/continuous/545/2024.1/src/shared/hls/clib/hlsmath/include/FloatingPoint/hls_case_IEEE754.h:117->/wrk/ci/prod/2024.1/hls_product/continuous/545/2024.1/src/shared/hls/clib/hlsmath/src/lib_floatconversion.cpp:51->flood_HLS_base.cpp:222]   --->   Operation 1823 'sub' 'result_23' <Predicate = true> <Delay = 0.88> <CoreInst = "Adder">   --->   Core 1 'Adder' <Latency = 0> <II = 1> <Delay = 0.88> <FuncUnit> <Opcode : 'add' 'sub'> <InPorts = 2> <OutPorts = 1>
ST_465 : Operation 1824 [1/1] (0.00ns) (grouped into LUT with out node spill_acc_1)   --->   "%result_24 = select i1 %xs_sign_4, i32 %result_23, i32 %val_5" [/wrk/ci/prod/2024.1/hls_product/continuous/545/2024.1/src/shared/hls/clib/hlsmath/include/FloatingPoint/hls_case_IEEE754.h:59->/wrk/ci/prod/2024.1/hls_product/continuous/545/2024.1/src/shared/hls/clib/hlsmath/include/FloatingPoint/hls_case_IEEE754.h:117->/wrk/ci/prod/2024.1/hls_product/continuous/545/2024.1/src/shared/hls/clib/hlsmath/src/lib_floatconversion.cpp:51->flood_HLS_base.cpp:222]   --->   Operation 1824 'select' 'result_24' <Predicate = true> <Delay = 0.00> <CoreInst = "Sel">   --->   Core 73 'Sel' <Latency = 0> <II = 1> <Delay = 0.22> <FuncUnit> <Opcode : 'select'> <InPorts = 3> <OutPorts = 1>
ST_465 : Operation 1825 [1/1] (0.88ns) (out node of the LUT)   --->   "%spill_acc_1 = add i32 %result_24, i32 %spill_acc" [flood_HLS_base.cpp:222]   --->   Operation 1825 'add' 'spill_acc_1' <Predicate = true> <Delay = 0.88> <CoreInst = "Adder">   --->   Core 1 'Adder' <Latency = 0> <II = 1> <Delay = 0.88> <FuncUnit> <Opcode : 'add' 'sub'> <InPorts = 2> <OutPorts = 1>
ST_465 : Operation 1826 [1/1] (0.00ns)   --->   "%br_ln221 = br void %for.inc472" [flood_HLS_base.cpp:221]   --->   Operation 1826 'br' 'br_ln221' <Predicate = true> <Delay = 0.00>

State 466 <SV = 16> <Delay = 1.09>
ST_466 : Operation 1827 [1/1] (0.00ns)   --->   "%row_pos_7 = phi i6 %add_ln234, void %for.inc516, i6 0, void %VITIS_LOOP_235_14.preheader" [flood_HLS_base.cpp:234]   --->   Operation 1827 'phi' 'row_pos_7' <Predicate = true> <Delay = 0.00>
ST_466 : Operation 1828 [1/1] (0.00ns)   --->   "%phi_mul16 = phi i12 %add_ln234_1, void %for.inc516, i12 0, void %VITIS_LOOP_235_14.preheader" [flood_HLS_base.cpp:234]   --->   Operation 1828 'phi' 'phi_mul16' <Predicate = true> <Delay = 0.00>
ST_466 : Operation 1829 [1/1] (0.74ns)   --->   "%add_ln234_1 = add i12 %phi_mul16, i12 50" [flood_HLS_base.cpp:234]   --->   Operation 1829 'add' 'add_ln234_1' <Predicate = true> <Delay = 0.74> <CoreInst = "Adder">   --->   Core 1 'Adder' <Latency = 0> <II = 1> <Delay = 0.74> <FuncUnit> <Opcode : 'add' 'sub'> <InPorts = 2> <OutPorts = 1>
ST_466 : Operation 1830 [1/1] (0.70ns)   --->   "%icmp_ln234 = icmp_eq  i6 %row_pos_7, i6 50" [flood_HLS_base.cpp:234]   --->   Operation 1830 'icmp' 'icmp_ln234' <Predicate = true> <Delay = 0.70> <CoreInst = "Cmp">   --->   Core 9 'Cmp' <Latency = 0> <II = 1> <Delay = 0.70> <FuncUnit> <Opcode : 'seteq' 'setne' 'setle' 'setge' 'setlt' 'setgt'> <InPorts = 2> <OutPorts = 1>
ST_466 : Operation 1831 [1/1] (0.70ns)   --->   "%add_ln234 = add i6 %row_pos_7, i6 1" [flood_HLS_base.cpp:234]   --->   Operation 1831 'add' 'add_ln234' <Predicate = true> <Delay = 0.70> <CoreInst = "Adder">   --->   Core 1 'Adder' <Latency = 0> <II = 1> <Delay = 0.70> <FuncUnit> <Opcode : 'add' 'sub'> <InPorts = 2> <OutPorts = 1>
ST_466 : Operation 1832 [1/1] (0.00ns)   --->   "%br_ln234 = br i1 %icmp_ln234, void %VITIS_LOOP_235_14.split, void %for.inc519" [flood_HLS_base.cpp:234]   --->   Operation 1832 'br' 'br_ln234' <Predicate = true> <Delay = 0.00>
ST_466 : Operation 1833 [1/1] (0.00ns)   --->   "%speclooptripcount_ln52 = speclooptripcount void @_ssdm_op_SpecLoopTripCount, i64 50, i64 50, i64 50" [flood_HLS_base.cpp:52]   --->   Operation 1833 'speclooptripcount' 'speclooptripcount_ln52' <Predicate = (!icmp_ln234)> <Delay = 0.00>
ST_466 : Operation 1834 [1/1] (0.00ns)   --->   "%specloopname_ln234 = specloopname void @_ssdm_op_SpecLoopName, void @empty_22" [flood_HLS_base.cpp:234]   --->   Operation 1834 'specloopname' 'specloopname_ln234' <Predicate = (!icmp_ln234)> <Delay = 0.00>
ST_466 : Operation 1835 [1/1] (0.38ns)   --->   "%br_ln235 = br void %VITIS_LOOP_236_15" [flood_HLS_base.cpp:235]   --->   Operation 1835 'br' 'br_ln235' <Predicate = (!icmp_ln234)> <Delay = 0.38>
ST_466 : Operation 1836 [1/1] (0.38ns)   --->   "%store_ln211 = store i416 %empty_93, i416 %empty_78" [flood_HLS_base.cpp:211]   --->   Operation 1836 'store' 'store_ln211' <Predicate = (icmp_ln234)> <Delay = 0.38>
ST_466 : Operation 1837 [1/1] (0.38ns)   --->   "%store_ln70 = store i31 %add_ln70, i31 %empty" [flood_HLS_base.cpp:70]   --->   Operation 1837 'store' 'store_ln70' <Predicate = (icmp_ln234)> <Delay = 0.38>
ST_466 : Operation 1838 [1/1] (0.38ns)   --->   "%store_ln27 = store i64 %max_spillage_iter_2, i64 %max_spillage_iter_1" [flood_HLS_base.cpp:27]   --->   Operation 1838 'store' 'store_ln27' <Predicate = (icmp_ln234)> <Delay = 0.38>
ST_466 : Operation 1839 [1/1] (0.00ns)   --->   "%br_ln70 = br void %for.cond29" [flood_HLS_base.cpp:70]   --->   Operation 1839 'br' 'br_ln70' <Predicate = (icmp_ln234)> <Delay = 0.00>

State 467 <SV = 17> <Delay = 1.09>
ST_467 : Operation 1840 [1/1] (0.00ns)   --->   "%col_pos_7 = phi i6 0, void %VITIS_LOOP_235_14.split, i6 %add_ln235, void %for.inc513" [flood_HLS_base.cpp:235]   --->   Operation 1840 'phi' 'col_pos_7' <Predicate = true> <Delay = 0.00>
ST_467 : Operation 1841 [1/1] (0.70ns)   --->   "%icmp_ln235 = icmp_eq  i6 %col_pos_7, i6 50" [flood_HLS_base.cpp:235]   --->   Operation 1841 'icmp' 'icmp_ln235' <Predicate = true> <Delay = 0.70> <CoreInst = "Cmp">   --->   Core 9 'Cmp' <Latency = 0> <II = 1> <Delay = 0.70> <FuncUnit> <Opcode : 'seteq' 'setne' 'setle' 'setge' 'setlt' 'setgt'> <InPorts = 2> <OutPorts = 1>
ST_467 : Operation 1842 [1/1] (0.70ns)   --->   "%add_ln235 = add i6 %col_pos_7, i6 1" [flood_HLS_base.cpp:235]   --->   Operation 1842 'add' 'add_ln235' <Predicate = true> <Delay = 0.70> <CoreInst = "Adder">   --->   Core 1 'Adder' <Latency = 0> <II = 1> <Delay = 0.70> <FuncUnit> <Opcode : 'add' 'sub'> <InPorts = 2> <OutPorts = 1>
ST_467 : Operation 1843 [1/1] (0.00ns)   --->   "%br_ln235 = br i1 %icmp_ln235, void %VITIS_LOOP_236_15.split, void %for.inc516" [flood_HLS_base.cpp:235]   --->   Operation 1843 'br' 'br_ln235' <Predicate = true> <Delay = 0.00>
ST_467 : Operation 1844 [1/1] (0.00ns)   --->   "%zext_ln241 = zext i6 %col_pos_7" [flood_HLS_base.cpp:241]   --->   Operation 1844 'zext' 'zext_ln241' <Predicate = (!icmp_ln235)> <Delay = 0.00>
ST_467 : Operation 1845 [1/1] (0.74ns)   --->   "%add_ln241 = add i12 %phi_mul16, i12 %zext_ln241" [flood_HLS_base.cpp:241]   --->   Operation 1845 'add' 'add_ln241' <Predicate = (!icmp_ln235)> <Delay = 0.74> <CoreInst = "Adder">   --->   Core 1 'Adder' <Latency = 0> <II = 1> <Delay = 0.74> <FuncUnit> <Opcode : 'add' 'sub'> <InPorts = 2> <OutPorts = 1>
ST_467 : Operation 1846 [1/1] (0.00ns)   --->   "%zext_ln241_1 = zext i12 %add_ln241" [flood_HLS_base.cpp:241]   --->   Operation 1846 'zext' 'zext_ln241_1' <Predicate = (!icmp_ln235)> <Delay = 0.00>
ST_467 : Operation 1847 [1/1] (0.00ns)   --->   "%spillage_flag_addr_3 = getelementptr i32 %spillage_flag, i64 0, i64 %zext_ln241_1" [flood_HLS_base.cpp:241]   --->   Operation 1847 'getelementptr' 'spillage_flag_addr_3' <Predicate = (!icmp_ln235)> <Delay = 0.00>
ST_467 : Operation 1848 [1/1] (0.00ns)   --->   "%spillage_level_addr_3 = getelementptr i32 %spillage_level, i64 0, i64 %zext_ln241_1" [flood_HLS_base.cpp:242]   --->   Operation 1848 'getelementptr' 'spillage_level_addr_3' <Predicate = (!icmp_ln235)> <Delay = 0.00>
ST_467 : Operation 1849 [1/1] (0.00ns)   --->   "%tmp_72 = bitconcatenate i14 @_ssdm_op_BitConcatenate.i14.i12.i2, i12 %add_ln241, i2 0" [flood_HLS_base.cpp:239]   --->   Operation 1849 'bitconcatenate' 'tmp_72' <Predicate = (!icmp_ln235)> <Delay = 0.00>
ST_467 : Operation 1850 [1/1] (0.00ns)   --->   "%speclooptripcount_ln52 = speclooptripcount void @_ssdm_op_SpecLoopTripCount, i64 50, i64 50, i64 50" [flood_HLS_base.cpp:52]   --->   Operation 1850 'speclooptripcount' 'speclooptripcount_ln52' <Predicate = (!icmp_ln235)> <Delay = 0.00>
ST_467 : Operation 1851 [1/1] (0.00ns)   --->   "%specloopname_ln235 = specloopname void @_ssdm_op_SpecLoopName, void @empty_21" [flood_HLS_base.cpp:235]   --->   Operation 1851 'specloopname' 'specloopname_ln235' <Predicate = (!icmp_ln235)> <Delay = 0.00>
ST_467 : Operation 1852 [1/1] (0.38ns)   --->   "%br_ln236 = br void %for.inc502" [flood_HLS_base.cpp:236]   --->   Operation 1852 'br' 'br_ln236' <Predicate = (!icmp_ln235)> <Delay = 0.38>
ST_467 : Operation 1853 [1/1] (0.00ns)   --->   "%br_ln234 = br void %VITIS_LOOP_235_14" [flood_HLS_base.cpp:234]   --->   Operation 1853 'br' 'br_ln234' <Predicate = (icmp_ln235)> <Delay = 0.00>

State 468 <SV = 18> <Delay = 2.21>
ST_468 : Operation 1854 [1/1] (0.00ns)   --->   "%cell_pos_1 = phi i3 0, void %VITIS_LOOP_236_15.split, i3 %add_ln236, void %for.inc502.split" [flood_HLS_base.cpp:236]   --->   Operation 1854 'phi' 'cell_pos_1' <Predicate = true> <Delay = 0.00>
ST_468 : Operation 1855 [1/1] (0.57ns)   --->   "%icmp_ln236 = icmp_eq  i3 %cell_pos_1, i3 4" [flood_HLS_base.cpp:236]   --->   Operation 1855 'icmp' 'icmp_ln236' <Predicate = true> <Delay = 0.57> <CoreInst = "Cmp">   --->   Core 9 'Cmp' <Latency = 0> <II = 1> <Delay = 0.57> <FuncUnit> <Opcode : 'seteq' 'setne' 'setle' 'setge' 'setlt' 'setgt'> <InPorts = 2> <OutPorts = 1>
ST_468 : Operation 1856 [1/1] (0.57ns)   --->   "%add_ln236 = add i3 %cell_pos_1, i3 1" [flood_HLS_base.cpp:236]   --->   Operation 1856 'add' 'add_ln236' <Predicate = true> <Delay = 0.57> <CoreInst = "Adder">   --->   Core 1 'Adder' <Latency = 0> <II = 1> <Delay = 0.57> <FuncUnit> <Opcode : 'add' 'sub'> <InPorts = 2> <OutPorts = 1>
ST_468 : Operation 1857 [1/1] (0.00ns)   --->   "%br_ln236 = br i1 %icmp_ln236, void %for.inc502.split, void %for.inc513" [flood_HLS_base.cpp:236]   --->   Operation 1857 'br' 'br_ln236' <Predicate = true> <Delay = 0.00>
ST_468 : Operation 1858 [1/1] (0.00ns)   --->   "%zext_ln239 = zext i3 %cell_pos_1" [flood_HLS_base.cpp:239]   --->   Operation 1858 'zext' 'zext_ln239' <Predicate = (!icmp_ln236)> <Delay = 0.00>
ST_468 : Operation 1859 [1/1] (0.76ns)   --->   "%add_ln239 = add i14 %tmp_72, i14 %zext_ln239" [flood_HLS_base.cpp:239]   --->   Operation 1859 'add' 'add_ln239' <Predicate = (!icmp_ln236)> <Delay = 0.76> <CoreInst = "Adder">   --->   Core 1 'Adder' <Latency = 0> <II = 1> <Delay = 0.76> <FuncUnit> <Opcode : 'add' 'sub'> <InPorts = 2> <OutPorts = 1>
ST_468 : Operation 1860 [1/1] (0.00ns)   --->   "%zext_ln239_1 = zext i14 %add_ln239" [flood_HLS_base.cpp:239]   --->   Operation 1860 'zext' 'zext_ln239_1' <Predicate = (!icmp_ln236)> <Delay = 0.00>
ST_468 : Operation 1861 [1/1] (0.00ns)   --->   "%spillage_from_neigh_addr_1 = getelementptr i32 %spillage_from_neigh, i64 0, i64 %zext_ln239_1" [flood_HLS_base.cpp:239]   --->   Operation 1861 'getelementptr' 'spillage_from_neigh_addr_1' <Predicate = (!icmp_ln236)> <Delay = 0.00>
ST_468 : Operation 1862 [1/1] (0.00ns)   --->   "%speclooptripcount_ln73 = speclooptripcount void @_ssdm_op_SpecLoopTripCount, i64 4, i64 4, i64 4" [flood_HLS_base.cpp:73]   --->   Operation 1862 'speclooptripcount' 'speclooptripcount_ln73' <Predicate = (!icmp_ln236)> <Delay = 0.00>
ST_468 : Operation 1863 [1/1] (0.00ns)   --->   "%specloopname_ln236 = specloopname void @_ssdm_op_SpecLoopName, void @empty_20" [flood_HLS_base.cpp:236]   --->   Operation 1863 'specloopname' 'specloopname_ln236' <Predicate = (!icmp_ln236)> <Delay = 0.00>
ST_468 : Operation 1864 [1/1] (1.24ns)   --->   "%store_ln239 = store i32 0, i14 %spillage_from_neigh_addr_1" [flood_HLS_base.cpp:239]   --->   Operation 1864 'store' 'store_ln239' <Predicate = (!icmp_ln236)> <Delay = 1.24> <CoreInst = "RAM">   --->   Core 82 'RAM' <Latency = 1> <II = 1> <Delay = 1.24> <Storage> <Opcode : 'load' 'store'> <Ports = 2> <Width = 32> <Depth = 10000> <RAM>
ST_468 : Operation 1865 [1/1] (0.00ns)   --->   "%br_ln236 = br void %for.inc502" [flood_HLS_base.cpp:236]   --->   Operation 1865 'br' 'br_ln236' <Predicate = (!icmp_ln236)> <Delay = 0.00>
ST_468 : Operation 1866 [1/1] (1.64ns)   --->   "%store_ln241 = store i32 0, i12 %spillage_flag_addr_3" [flood_HLS_base.cpp:241]   --->   Operation 1866 'store' 'store_ln241' <Predicate = (icmp_ln236)> <Delay = 1.64> <CoreInst = "RAM">   --->   Core 82 'RAM' <Latency = 1> <II = 1> <Delay = 1.64> <Storage> <Opcode : 'load' 'store'> <Ports = 2> <Width = 32> <Depth = 2500> <RAM>
ST_468 : Operation 1867 [1/1] (1.64ns)   --->   "%store_ln242 = store i32 0, i12 %spillage_level_addr_3" [flood_HLS_base.cpp:242]   --->   Operation 1867 'store' 'store_ln242' <Predicate = (icmp_ln236)> <Delay = 1.64> <CoreInst = "RAM">   --->   Core 82 'RAM' <Latency = 1> <II = 1> <Delay = 1.64> <Storage> <Opcode : 'load' 'store'> <Ports = 2> <Width = 32> <Depth = 2500> <RAM>
ST_468 : Operation 1868 [1/1] (0.00ns)   --->   "%br_ln235 = br void %VITIS_LOOP_236_15" [flood_HLS_base.cpp:235]   --->   Operation 1868 'br' 'br_ln235' <Predicate = (icmp_ln236)> <Delay = 0.00>

State 469 <SV = 12> <Delay = 1.09>
ST_469 : Operation 1869 [1/1] (0.00ns)   --->   "%phi_mul18_load = load i12 %phi_mul18" [flood_HLS_base.cpp:251]   --->   Operation 1869 'load' 'phi_mul18_load' <Predicate = true> <Delay = 0.00>
ST_469 : Operation 1870 [1/1] (0.00ns)   --->   "%row_pos_4 = load i6 %row_pos_1" [flood_HLS_base.cpp:249]   --->   Operation 1870 'load' 'row_pos_4' <Predicate = true> <Delay = 0.00>
ST_469 : Operation 1871 [1/1] (0.74ns)   --->   "%add_ln249_1 = add i12 %phi_mul18_load, i12 50" [flood_HLS_base.cpp:249]   --->   Operation 1871 'add' 'add_ln249_1' <Predicate = true> <Delay = 0.74> <CoreInst = "Adder">   --->   Core 1 'Adder' <Latency = 0> <II = 1> <Delay = 0.74> <FuncUnit> <Opcode : 'add' 'sub'> <InPorts = 2> <OutPorts = 1>
ST_469 : Operation 1872 [1/1] (0.70ns)   --->   "%icmp_ln249 = icmp_eq  i6 %row_pos_4, i6 50" [flood_HLS_base.cpp:249]   --->   Operation 1872 'icmp' 'icmp_ln249' <Predicate = true> <Delay = 0.70> <CoreInst = "Cmp">   --->   Core 9 'Cmp' <Latency = 0> <II = 1> <Delay = 0.70> <FuncUnit> <Opcode : 'seteq' 'setne' 'setle' 'setge' 'setlt' 'setgt'> <InPorts = 2> <OutPorts = 1>
ST_469 : Operation 1873 [1/1] (0.70ns)   --->   "%add_ln249 = add i6 %row_pos_4, i6 1" [flood_HLS_base.cpp:249]   --->   Operation 1873 'add' 'add_ln249' <Predicate = true> <Delay = 0.70> <CoreInst = "Adder">   --->   Core 1 'Adder' <Latency = 0> <II = 1> <Delay = 0.70> <FuncUnit> <Opcode : 'add' 'sub'> <InPorts = 2> <OutPorts = 1>
ST_469 : Operation 1874 [1/1] (0.00ns)   --->   "%br_ln249 = br i1 %icmp_ln249, void %VITIS_LOOP_250_17.split, void %for.end557" [flood_HLS_base.cpp:249]   --->   Operation 1874 'br' 'br_ln249' <Predicate = true> <Delay = 0.00>
ST_469 : Operation 1875 [1/1] (0.00ns)   --->   "%speclooptripcount_ln52 = speclooptripcount void @_ssdm_op_SpecLoopTripCount, i64 50, i64 50, i64 50" [flood_HLS_base.cpp:52]   --->   Operation 1875 'speclooptripcount' 'speclooptripcount_ln52' <Predicate = (!icmp_ln249)> <Delay = 0.00>
ST_469 : Operation 1876 [1/1] (0.00ns)   --->   "%specloopname_ln249 = specloopname void @_ssdm_op_SpecLoopName, void @empty_18" [flood_HLS_base.cpp:249]   --->   Operation 1876 'specloopname' 'specloopname_ln249' <Predicate = (!icmp_ln249)> <Delay = 0.00>
ST_469 : Operation 1877 [1/1] (0.38ns)   --->   "%br_ln250 = br void %for.body528" [flood_HLS_base.cpp:250]   --->   Operation 1877 'br' 'br_ln250' <Predicate = (!icmp_ln249)> <Delay = 0.38>
ST_469 : Operation 1878 [1/1] (0.00ns)   --->   "%p_load119 = load i32 %empty_96" [flood_HLS_base.cpp:251]   --->   Operation 1878 'load' 'p_load119' <Predicate = (icmp_ln249)> <Delay = 0.00>
ST_469 : Operation 1879 [1/1] (0.00ns)   --->   "%add551_lcssa26_load = load i64 %add551_lcssa26" [flood_HLS_base.cpp:253]   --->   Operation 1879 'load' 'add551_lcssa26_load' <Predicate = (icmp_ln249)> <Delay = 0.00>
ST_469 : Operation 1880 [1/1] (0.00ns)   --->   "%bitcast_ln251 = bitcast i32 %p_load119" [flood_HLS_base.cpp:251]   --->   Operation 1880 'bitcast' 'bitcast_ln251' <Predicate = (icmp_ln249)> <Delay = 0.00>
ST_469 : Operation 1881 [1/1] (0.00ns)   --->   "%or_ln253_1 = bitconcatenate i416 @_ssdm_op_BitConcatenate.i416.i128.i64.i160.i32.i1.i31, i128 %tmp_48, i64 %add551_lcssa26_load, i160 %tmp_55, i32 %bitcast_ln251, i1 0, i31 %p_load117" [flood_HLS_base.cpp:253]   --->   Operation 1881 'bitconcatenate' 'or_ln253_1' <Predicate = (icmp_ln249)> <Delay = 0.00>
ST_469 : Operation 1882 [1/1] (0.00ns)   --->   "%write_ln253 = write void @_ssdm_op_Write.ap_auto.i416P0A, i416 %r, i416 %or_ln253_1" [flood_HLS_base.cpp:253]   --->   Operation 1882 'write' 'write_ln253' <Predicate = (icmp_ln249)> <Delay = 0.00>
ST_469 : Operation 1883 [1/1] (0.00ns)   --->   "%ret_ln264 = ret" [flood_HLS_base.cpp:264]   --->   Operation 1883 'ret' 'ret_ln264' <Predicate = (icmp_ln249)> <Delay = 0.00>

State 470 <SV = 13> <Delay = 2.39>
ST_470 : Operation 1884 [1/1] (0.00ns)   --->   "%col_pos_1 = phi i6 0, void %VITIS_LOOP_250_17.split, i6 %add_ln250, void %for.body528.split" [flood_HLS_base.cpp:250]   --->   Operation 1884 'phi' 'col_pos_1' <Predicate = true> <Delay = 0.00>
ST_470 : Operation 1885 [1/1] (0.70ns)   --->   "%icmp_ln250 = icmp_eq  i6 %col_pos_1, i6 50" [flood_HLS_base.cpp:250]   --->   Operation 1885 'icmp' 'icmp_ln250' <Predicate = true> <Delay = 0.70> <CoreInst = "Cmp">   --->   Core 9 'Cmp' <Latency = 0> <II = 1> <Delay = 0.70> <FuncUnit> <Opcode : 'seteq' 'setne' 'setle' 'setge' 'setlt' 'setgt'> <InPorts = 2> <OutPorts = 1>
ST_470 : Operation 1886 [1/1] (0.70ns)   --->   "%add_ln250 = add i6 %col_pos_1, i6 1" [flood_HLS_base.cpp:250]   --->   Operation 1886 'add' 'add_ln250' <Predicate = true> <Delay = 0.70> <CoreInst = "Adder">   --->   Core 1 'Adder' <Latency = 0> <II = 1> <Delay = 0.70> <FuncUnit> <Opcode : 'add' 'sub'> <InPorts = 2> <OutPorts = 1>
ST_470 : Operation 1887 [1/1] (0.00ns)   --->   "%br_ln250 = br i1 %icmp_ln250, void %for.body528.split, void %for.inc555" [flood_HLS_base.cpp:250]   --->   Operation 1887 'br' 'br_ln250' <Predicate = true> <Delay = 0.00>
ST_470 : Operation 1888 [1/1] (0.00ns)   --->   "%zext_ln251 = zext i6 %col_pos_1" [flood_HLS_base.cpp:251]   --->   Operation 1888 'zext' 'zext_ln251' <Predicate = (!icmp_ln250)> <Delay = 0.00>
ST_470 : Operation 1889 [1/1] (0.74ns)   --->   "%add_ln251 = add i12 %phi_mul18_load, i12 %zext_ln251" [flood_HLS_base.cpp:251]   --->   Operation 1889 'add' 'add_ln251' <Predicate = (!icmp_ln250)> <Delay = 0.74> <CoreInst = "Adder">   --->   Core 1 'Adder' <Latency = 0> <II = 1> <Delay = 0.74> <FuncUnit> <Opcode : 'add' 'sub'> <InPorts = 2> <OutPorts = 1>
ST_470 : Operation 1890 [1/1] (0.00ns)   --->   "%zext_ln251_1 = zext i12 %add_ln251" [flood_HLS_base.cpp:251]   --->   Operation 1890 'zext' 'zext_ln251_1' <Predicate = (!icmp_ln250)> <Delay = 0.00>
ST_470 : Operation 1891 [1/1] (0.00ns)   --->   "%water_level_addr_1 = getelementptr i32 %water_level, i64 0, i64 %zext_ln251_1" [flood_HLS_base.cpp:251]   --->   Operation 1891 'getelementptr' 'water_level_addr_1' <Predicate = (!icmp_ln250)> <Delay = 0.00>
ST_470 : Operation 1892 [2/2] (1.64ns)   --->   "%water_level_load = load i12 %water_level_addr_1" [flood_HLS_base.cpp:251]   --->   Operation 1892 'load' 'water_level_load' <Predicate = (!icmp_ln250)> <Delay = 1.64> <CoreInst = "RAM">   --->   Core 82 'RAM' <Latency = 1> <II = 1> <Delay = 1.64> <Storage> <Opcode : 'load' 'store'> <Ports = 2> <Width = 32> <Depth = 2500> <RAM>
ST_470 : Operation 1893 [1/1] (0.38ns)   --->   "%store_ln52 = store i6 %add_ln249, i6 %row_pos_1" [flood_HLS_base.cpp:52]   --->   Operation 1893 'store' 'store_ln52' <Predicate = (icmp_ln250)> <Delay = 0.38>
ST_470 : Operation 1894 [1/1] (0.38ns)   --->   "%store_ln249 = store i12 %add_ln249_1, i12 %phi_mul18" [flood_HLS_base.cpp:249]   --->   Operation 1894 'store' 'store_ln249' <Predicate = (icmp_ln250)> <Delay = 0.38>
ST_470 : Operation 1895 [1/1] (0.00ns)   --->   "%br_ln249 = br void %VITIS_LOOP_250_17" [flood_HLS_base.cpp:249]   --->   Operation 1895 'br' 'br_ln249' <Predicate = (icmp_ln250)> <Delay = 0.00>

State 471 <SV = 14> <Delay = 1.64>
ST_471 : Operation 1896 [1/2] (1.64ns)   --->   "%water_level_load = load i12 %water_level_addr_1" [flood_HLS_base.cpp:251]   --->   Operation 1896 'load' 'water_level_load' <Predicate = true> <Delay = 1.64> <CoreInst = "RAM">   --->   Core 82 'RAM' <Latency = 1> <II = 1> <Delay = 1.64> <Storage> <Opcode : 'load' 'store'> <Ports = 2> <Width = 32> <Depth = 2500> <RAM>

State 472 <SV = 15> <Delay = 2.66>
ST_472 : Operation 1897 [1/1] (0.00ns)   --->   "%add551_lcssa26_load_1 = load i64 %add551_lcssa26" [flood_HLS_base.cpp:253]   --->   Operation 1897 'load' 'add551_lcssa26_load_1' <Predicate = true> <Delay = 0.00>
ST_472 : Operation 1898 [4/4] (2.66ns)   --->   "%conv1 = sitofp i32 %water_level_load" [flood_HLS_base.cpp:251]   --->   Operation 1898 'sitofp' 'conv1' <Predicate = true> <Delay = 2.66> <CoreInst = "Int2Float">   --->   Core 62 'Int2Float' <Latency = 3> <II = 1> <Delay = 2.66> <FuncUnit> <Opcode : 'uitofp' 'sitofp'> <InPorts = 1> <OutPorts = 1>
ST_472 : Operation 1899 [1/1] (0.00ns)   --->   "%sext_ln253 = sext i32 %water_level_load" [flood_HLS_base.cpp:253]   --->   Operation 1899 'sext' 'sext_ln253' <Predicate = true> <Delay = 0.00>
ST_472 : Operation 1900 [1/1] (1.14ns)   --->   "%add_ln253 = add i64 %sext_ln253, i64 %add551_lcssa26_load_1" [flood_HLS_base.cpp:253]   --->   Operation 1900 'add' 'add_ln253' <Predicate = true> <Delay = 1.14> <CoreInst = "Adder">   --->   Core 1 'Adder' <Latency = 0> <II = 1> <Delay = 1.14> <FuncUnit> <Opcode : 'add' 'sub'> <InPorts = 2> <OutPorts = 1>
ST_472 : Operation 1901 [1/1] (0.38ns)   --->   "%store_ln253 = store i64 %add_ln253, i64 %add551_lcssa26" [flood_HLS_base.cpp:253]   --->   Operation 1901 'store' 'store_ln253' <Predicate = true> <Delay = 0.38>

State 473 <SV = 16> <Delay = 2.66>
ST_473 : Operation 1902 [3/4] (2.66ns)   --->   "%conv1 = sitofp i32 %water_level_load" [flood_HLS_base.cpp:251]   --->   Operation 1902 'sitofp' 'conv1' <Predicate = true> <Delay = 2.66> <CoreInst = "Int2Float">   --->   Core 62 'Int2Float' <Latency = 3> <II = 1> <Delay = 2.66> <FuncUnit> <Opcode : 'uitofp' 'sitofp'> <InPorts = 1> <OutPorts = 1>

State 474 <SV = 17> <Delay = 2.66>
ST_474 : Operation 1903 [2/4] (2.66ns)   --->   "%conv1 = sitofp i32 %water_level_load" [flood_HLS_base.cpp:251]   --->   Operation 1903 'sitofp' 'conv1' <Predicate = true> <Delay = 2.66> <CoreInst = "Int2Float">   --->   Core 62 'Int2Float' <Latency = 3> <II = 1> <Delay = 2.66> <FuncUnit> <Opcode : 'uitofp' 'sitofp'> <InPorts = 1> <OutPorts = 1>

State 475 <SV = 18> <Delay = 2.66>
ST_475 : Operation 1904 [1/4] (2.66ns)   --->   "%conv1 = sitofp i32 %water_level_load" [flood_HLS_base.cpp:251]   --->   Operation 1904 'sitofp' 'conv1' <Predicate = true> <Delay = 2.66> <CoreInst = "Int2Float">   --->   Core 62 'Int2Float' <Latency = 3> <II = 1> <Delay = 2.66> <FuncUnit> <Opcode : 'uitofp' 'sitofp'> <InPorts = 1> <OutPorts = 1>

State 476 <SV = 19> <Delay = 2.32>
ST_476 : Operation 1905 [12/12] (2.32ns)   --->   "%div6 = fdiv i32 %conv1, i32 1e+06" [flood_HLS_base.cpp:251]   --->   Operation 1905 'fdiv' 'div6' <Predicate = true> <Delay = 2.32> <CoreInst = "FDiv">   --->   Core 20 'FDiv' <Latency = 11> <II = 1> <Delay = 2.32> <FuncUnit> <Opcode : 'fdiv' 'frem'> <InPorts = 2> <OutPorts = 1>

State 477 <SV = 20> <Delay = 2.32>
ST_477 : Operation 1906 [11/12] (2.32ns)   --->   "%div6 = fdiv i32 %conv1, i32 1e+06" [flood_HLS_base.cpp:251]   --->   Operation 1906 'fdiv' 'div6' <Predicate = true> <Delay = 2.32> <CoreInst = "FDiv">   --->   Core 20 'FDiv' <Latency = 11> <II = 1> <Delay = 2.32> <FuncUnit> <Opcode : 'fdiv' 'frem'> <InPorts = 2> <OutPorts = 1>

State 478 <SV = 21> <Delay = 2.32>
ST_478 : Operation 1907 [10/12] (2.32ns)   --->   "%div6 = fdiv i32 %conv1, i32 1e+06" [flood_HLS_base.cpp:251]   --->   Operation 1907 'fdiv' 'div6' <Predicate = true> <Delay = 2.32> <CoreInst = "FDiv">   --->   Core 20 'FDiv' <Latency = 11> <II = 1> <Delay = 2.32> <FuncUnit> <Opcode : 'fdiv' 'frem'> <InPorts = 2> <OutPorts = 1>

State 479 <SV = 22> <Delay = 2.32>
ST_479 : Operation 1908 [9/12] (2.32ns)   --->   "%div6 = fdiv i32 %conv1, i32 1e+06" [flood_HLS_base.cpp:251]   --->   Operation 1908 'fdiv' 'div6' <Predicate = true> <Delay = 2.32> <CoreInst = "FDiv">   --->   Core 20 'FDiv' <Latency = 11> <II = 1> <Delay = 2.32> <FuncUnit> <Opcode : 'fdiv' 'frem'> <InPorts = 2> <OutPorts = 1>

State 480 <SV = 23> <Delay = 2.32>
ST_480 : Operation 1909 [8/12] (2.32ns)   --->   "%div6 = fdiv i32 %conv1, i32 1e+06" [flood_HLS_base.cpp:251]   --->   Operation 1909 'fdiv' 'div6' <Predicate = true> <Delay = 2.32> <CoreInst = "FDiv">   --->   Core 20 'FDiv' <Latency = 11> <II = 1> <Delay = 2.32> <FuncUnit> <Opcode : 'fdiv' 'frem'> <InPorts = 2> <OutPorts = 1>

State 481 <SV = 24> <Delay = 2.32>
ST_481 : Operation 1910 [7/12] (2.32ns)   --->   "%div6 = fdiv i32 %conv1, i32 1e+06" [flood_HLS_base.cpp:251]   --->   Operation 1910 'fdiv' 'div6' <Predicate = true> <Delay = 2.32> <CoreInst = "FDiv">   --->   Core 20 'FDiv' <Latency = 11> <II = 1> <Delay = 2.32> <FuncUnit> <Opcode : 'fdiv' 'frem'> <InPorts = 2> <OutPorts = 1>

State 482 <SV = 25> <Delay = 2.32>
ST_482 : Operation 1911 [6/12] (2.32ns)   --->   "%div6 = fdiv i32 %conv1, i32 1e+06" [flood_HLS_base.cpp:251]   --->   Operation 1911 'fdiv' 'div6' <Predicate = true> <Delay = 2.32> <CoreInst = "FDiv">   --->   Core 20 'FDiv' <Latency = 11> <II = 1> <Delay = 2.32> <FuncUnit> <Opcode : 'fdiv' 'frem'> <InPorts = 2> <OutPorts = 1>

State 483 <SV = 26> <Delay = 2.32>
ST_483 : Operation 1912 [5/12] (2.32ns)   --->   "%div6 = fdiv i32 %conv1, i32 1e+06" [flood_HLS_base.cpp:251]   --->   Operation 1912 'fdiv' 'div6' <Predicate = true> <Delay = 2.32> <CoreInst = "FDiv">   --->   Core 20 'FDiv' <Latency = 11> <II = 1> <Delay = 2.32> <FuncUnit> <Opcode : 'fdiv' 'frem'> <InPorts = 2> <OutPorts = 1>

State 484 <SV = 27> <Delay = 2.32>
ST_484 : Operation 1913 [4/12] (2.32ns)   --->   "%div6 = fdiv i32 %conv1, i32 1e+06" [flood_HLS_base.cpp:251]   --->   Operation 1913 'fdiv' 'div6' <Predicate = true> <Delay = 2.32> <CoreInst = "FDiv">   --->   Core 20 'FDiv' <Latency = 11> <II = 1> <Delay = 2.32> <FuncUnit> <Opcode : 'fdiv' 'frem'> <InPorts = 2> <OutPorts = 1>

State 485 <SV = 28> <Delay = 2.32>
ST_485 : Operation 1914 [3/12] (2.32ns)   --->   "%div6 = fdiv i32 %conv1, i32 1e+06" [flood_HLS_base.cpp:251]   --->   Operation 1914 'fdiv' 'div6' <Predicate = true> <Delay = 2.32> <CoreInst = "FDiv">   --->   Core 20 'FDiv' <Latency = 11> <II = 1> <Delay = 2.32> <FuncUnit> <Opcode : 'fdiv' 'frem'> <InPorts = 2> <OutPorts = 1>

State 486 <SV = 29> <Delay = 2.32>
ST_486 : Operation 1915 [2/12] (2.32ns)   --->   "%div6 = fdiv i32 %conv1, i32 1e+06" [flood_HLS_base.cpp:251]   --->   Operation 1915 'fdiv' 'div6' <Predicate = true> <Delay = 2.32> <CoreInst = "FDiv">   --->   Core 20 'FDiv' <Latency = 11> <II = 1> <Delay = 2.32> <FuncUnit> <Opcode : 'fdiv' 'frem'> <InPorts = 2> <OutPorts = 1>

State 487 <SV = 30> <Delay = 2.32>
ST_487 : Operation 1916 [1/12] (2.32ns)   --->   "%div6 = fdiv i32 %conv1, i32 1e+06" [flood_HLS_base.cpp:251]   --->   Operation 1916 'fdiv' 'div6' <Predicate = true> <Delay = 2.32> <CoreInst = "FDiv">   --->   Core 20 'FDiv' <Latency = 11> <II = 1> <Delay = 2.32> <FuncUnit> <Opcode : 'fdiv' 'frem'> <InPorts = 2> <OutPorts = 1>

State 488 <SV = 31> <Delay = 1.64>
ST_488 : Operation 1917 [1/1] (0.00ns)   --->   "%p_load120 = load i32 %empty_96" [flood_HLS_base.cpp:251]   --->   Operation 1917 'load' 'p_load120' <Predicate = true> <Delay = 0.00>
ST_488 : Operation 1918 [2/2] (1.64ns)   --->   "%tmp_17 = fcmp_ogt  i32 %div6, i32 %p_load120" [flood_HLS_base.cpp:251]   --->   Operation 1918 'fcmp' 'tmp_17' <Predicate = true> <Delay = 1.64> <CoreInst = "FCompare">   --->   Core 19 'FCompare' <Latency = 1> <II = 1> <Delay = 1.64> <FuncUnit> <Opcode : 'fcmp'> <InPorts = 2> <OutPorts = 1>

State 489 <SV = 32> <Delay = 2.38>
ST_489 : Operation 1919 [1/1] (0.00ns)   --->   "%speclooptripcount_ln52 = speclooptripcount void @_ssdm_op_SpecLoopTripCount, i64 50, i64 50, i64 50" [flood_HLS_base.cpp:52]   --->   Operation 1919 'speclooptripcount' 'speclooptripcount_ln52' <Predicate = true> <Delay = 0.00>
ST_489 : Operation 1920 [1/1] (0.00ns)   --->   "%specloopname_ln250 = specloopname void @_ssdm_op_SpecLoopName, void @empty_11" [flood_HLS_base.cpp:250]   --->   Operation 1920 'specloopname' 'specloopname_ln250' <Predicate = true> <Delay = 0.00>
ST_489 : Operation 1921 [1/1] (0.00ns)   --->   "%bitcast_ln251_1 = bitcast i32 %div6" [flood_HLS_base.cpp:251]   --->   Operation 1921 'bitcast' 'bitcast_ln251_1' <Predicate = true> <Delay = 0.00>
ST_489 : Operation 1922 [1/1] (0.00ns)   --->   "%tmp_15 = partselect i8 @_ssdm_op_PartSelect.i8.i32.i32.i32, i32 %bitcast_ln251_1, i32 23, i32 30" [flood_HLS_base.cpp:251]   --->   Operation 1922 'partselect' 'tmp_15' <Predicate = true> <Delay = 0.00>
ST_489 : Operation 1923 [1/1] (0.00ns)   --->   "%trunc_ln251 = trunc i32 %bitcast_ln251_1" [flood_HLS_base.cpp:251]   --->   Operation 1923 'trunc' 'trunc_ln251' <Predicate = true> <Delay = 0.00>
ST_489 : Operation 1924 [1/1] (0.00ns)   --->   "%bitcast_ln251_2 = bitcast i32 %p_load120" [flood_HLS_base.cpp:251]   --->   Operation 1924 'bitcast' 'bitcast_ln251_2' <Predicate = true> <Delay = 0.00>
ST_489 : Operation 1925 [1/1] (0.00ns)   --->   "%tmp_16 = partselect i8 @_ssdm_op_PartSelect.i8.i32.i32.i32, i32 %bitcast_ln251_2, i32 23, i32 30" [flood_HLS_base.cpp:251]   --->   Operation 1925 'partselect' 'tmp_16' <Predicate = true> <Delay = 0.00>
ST_489 : Operation 1926 [1/1] (0.00ns)   --->   "%trunc_ln251_1 = trunc i32 %bitcast_ln251_2" [flood_HLS_base.cpp:251]   --->   Operation 1926 'trunc' 'trunc_ln251_1' <Predicate = true> <Delay = 0.00>
ST_489 : Operation 1927 [1/1] (0.70ns)   --->   "%icmp_ln251 = icmp_ne  i8 %tmp_15, i8 255" [flood_HLS_base.cpp:251]   --->   Operation 1927 'icmp' 'icmp_ln251' <Predicate = true> <Delay = 0.70> <CoreInst = "Cmp">   --->   Core 9 'Cmp' <Latency = 0> <II = 1> <Delay = 0.70> <FuncUnit> <Opcode : 'seteq' 'setne' 'setle' 'setge' 'setlt' 'setgt'> <InPorts = 2> <OutPorts = 1>
ST_489 : Operation 1928 [1/1] (0.82ns)   --->   "%icmp_ln251_1 = icmp_eq  i23 %trunc_ln251, i23 0" [flood_HLS_base.cpp:251]   --->   Operation 1928 'icmp' 'icmp_ln251_1' <Predicate = true> <Delay = 0.82> <CoreInst = "Cmp">   --->   Core 9 'Cmp' <Latency = 0> <II = 1> <Delay = 0.82> <FuncUnit> <Opcode : 'seteq' 'setne' 'setle' 'setge' 'setlt' 'setgt'> <InPorts = 2> <OutPorts = 1>
ST_489 : Operation 1929 [1/1] (0.00ns) (grouped into LUT with out node and_ln251_1)   --->   "%or_ln251 = or i1 %icmp_ln251_1, i1 %icmp_ln251" [flood_HLS_base.cpp:251]   --->   Operation 1929 'or' 'or_ln251' <Predicate = true> <Delay = 0.00> <CoreInst = "LogicGate">   --->   Core 74 'LogicGate' <Latency = 0> <II = 1> <Delay = 0.12> <FuncUnit> <Opcode : 'and' 'or' 'xor'> <InPorts = 2> <OutPorts = 1>
ST_489 : Operation 1930 [1/1] (0.70ns)   --->   "%icmp_ln251_2 = icmp_ne  i8 %tmp_16, i8 255" [flood_HLS_base.cpp:251]   --->   Operation 1930 'icmp' 'icmp_ln251_2' <Predicate = true> <Delay = 0.70> <CoreInst = "Cmp">   --->   Core 9 'Cmp' <Latency = 0> <II = 1> <Delay = 0.70> <FuncUnit> <Opcode : 'seteq' 'setne' 'setle' 'setge' 'setlt' 'setgt'> <InPorts = 2> <OutPorts = 1>
ST_489 : Operation 1931 [1/1] (0.82ns)   --->   "%icmp_ln251_3 = icmp_eq  i23 %trunc_ln251_1, i23 0" [flood_HLS_base.cpp:251]   --->   Operation 1931 'icmp' 'icmp_ln251_3' <Predicate = true> <Delay = 0.82> <CoreInst = "Cmp">   --->   Core 9 'Cmp' <Latency = 0> <II = 1> <Delay = 0.82> <FuncUnit> <Opcode : 'seteq' 'setne' 'setle' 'setge' 'setlt' 'setgt'> <InPorts = 2> <OutPorts = 1>
ST_489 : Operation 1932 [1/1] (0.00ns) (grouped into LUT with out node and_ln251_1)   --->   "%or_ln251_1 = or i1 %icmp_ln251_3, i1 %icmp_ln251_2" [flood_HLS_base.cpp:251]   --->   Operation 1932 'or' 'or_ln251_1' <Predicate = true> <Delay = 0.00> <CoreInst = "LogicGate">   --->   Core 74 'LogicGate' <Latency = 0> <II = 1> <Delay = 0.12> <FuncUnit> <Opcode : 'and' 'or' 'xor'> <InPorts = 2> <OutPorts = 1>
ST_489 : Operation 1933 [1/1] (0.00ns) (grouped into LUT with out node and_ln251_1)   --->   "%and_ln251 = and i1 %or_ln251, i1 %or_ln251_1" [flood_HLS_base.cpp:251]   --->   Operation 1933 'and' 'and_ln251' <Predicate = true> <Delay = 0.00> <CoreInst = "LogicGate">   --->   Core 74 'LogicGate' <Latency = 0> <II = 1> <Delay = 0.12> <FuncUnit> <Opcode : 'and' 'or' 'xor'> <InPorts = 2> <OutPorts = 1>
ST_489 : Operation 1934 [1/2] (1.64ns)   --->   "%tmp_17 = fcmp_ogt  i32 %div6, i32 %p_load120" [flood_HLS_base.cpp:251]   --->   Operation 1934 'fcmp' 'tmp_17' <Predicate = true> <Delay = 1.64> <CoreInst = "FCompare">   --->   Core 19 'FCompare' <Latency = 1> <II = 1> <Delay = 1.64> <FuncUnit> <Opcode : 'fcmp'> <InPorts = 2> <OutPorts = 1>
ST_489 : Operation 1935 [1/1] (0.12ns) (out node of the LUT)   --->   "%and_ln251_1 = and i1 %and_ln251, i1 %tmp_17" [flood_HLS_base.cpp:251]   --->   Operation 1935 'and' 'and_ln251_1' <Predicate = true> <Delay = 0.12> <CoreInst = "LogicGate">   --->   Core 74 'LogicGate' <Latency = 0> <II = 1> <Delay = 0.12> <FuncUnit> <Opcode : 'and' 'or' 'xor'> <InPorts = 2> <OutPorts = 1>
ST_489 : Operation 1936 [1/1] (0.22ns) (out node of the LUT)   --->   "%select_ln251 = select i1 %and_ln251_1, i32 %div6, i32 %p_load120" [flood_HLS_base.cpp:251]   --->   Operation 1936 'select' 'select_ln251' <Predicate = true> <Delay = 0.22> <CoreInst = "Sel">   --->   Core 73 'Sel' <Latency = 0> <II = 1> <Delay = 0.22> <FuncUnit> <Opcode : 'select'> <InPorts = 3> <OutPorts = 1>
ST_489 : Operation 1937 [1/1] (0.38ns)   --->   "%store_ln251 = store i32 %select_ln251, i32 %empty_96" [flood_HLS_base.cpp:251]   --->   Operation 1937 'store' 'store_ln251' <Predicate = true> <Delay = 0.38>
ST_489 : Operation 1938 [1/1] (0.00ns)   --->   "%br_ln250 = br void %for.body528" [flood_HLS_base.cpp:250]   --->   Operation 1938 'br' 'br_ln250' <Predicate = true> <Delay = 0.00>


============================================================
+ Verbose Summary: Timing violations
============================================================
Target clock period: 4.000ns, clock uncertainty: 1.080ns.

 <State 1>: 0.387ns
The critical path consists of the following:
	'alloca' operation 6 bit ('row_pos', flood_HLS_base.cpp:52) [22]  (0.000 ns)
	'store' operation 0 bit ('store_ln52', flood_HLS_base.cpp:52) of constant 0 on local variable 'row_pos', flood_HLS_base.cpp:52 [41]  (0.387 ns)

 <State 2>: 2.342ns
The critical path consists of the following:
	'fadd' operation 32 bit ('add', flood_HLS_base.cpp:27) [99]  (2.342 ns)

 <State 3>: 2.390ns
The critical path consists of the following:
	'phi' operation 6 bit ('col_pos', flood_HLS_base.cpp:54) with incoming values : ('add_ln54', flood_HLS_base.cpp:54) [56]  (0.000 ns)
	'add' operation 12 bit ('add_ln58', flood_HLS_base.cpp:58) [62]  (0.745 ns)
	'getelementptr' operation 12 bit ('water_level_addr', flood_HLS_base.cpp:58) [64]  (0.000 ns)
	'store' operation 0 bit ('store_ln58', flood_HLS_base.cpp:58) of constant 0 on array 'water_level', flood_HLS_base.cpp:34 [70]  (1.645 ns)

 <State 4>: 2.013ns
The critical path consists of the following:
	'phi' operation 3 bit ('depth_pos', flood_HLS_base.cpp:63) with incoming values : ('add_ln63', flood_HLS_base.cpp:63) [75]  (0.000 ns)
	'add' operation 14 bit ('add_ln64', flood_HLS_base.cpp:64) [81]  (0.765 ns)
	'getelementptr' operation 14 bit ('spillage_from_neigh_addr', flood_HLS_base.cpp:64) [83]  (0.000 ns)
	'store' operation 0 bit ('store_ln64', flood_HLS_base.cpp:64) of constant 0 on array 'spillage_from_neigh', flood_HLS_base.cpp:37 [86]  (1.248 ns)

 <State 5>: 2.342ns
The critical path consists of the following:
	'fadd' operation 32 bit ('add', flood_HLS_base.cpp:27) [99]  (2.342 ns)

 <State 6>: 2.342ns
The critical path consists of the following:
	'fadd' operation 32 bit ('add', flood_HLS_base.cpp:27) [99]  (2.342 ns)

 <State 7>: 2.342ns
The critical path consists of the following:
	'fadd' operation 32 bit ('add', flood_HLS_base.cpp:27) [99]  (2.342 ns)

 <State 8>: 2.342ns
The critical path consists of the following:
	'fadd' operation 32 bit ('add', flood_HLS_base.cpp:27) [99]  (2.342 ns)

 <State 9>: 2.342ns
The critical path consists of the following:
	'fadd' operation 32 bit ('add', flood_HLS_base.cpp:27) [99]  (2.342 ns)

 <State 10>: 2.342ns
The critical path consists of the following:
	'fadd' operation 32 bit ('add', flood_HLS_base.cpp:27) [99]  (2.342 ns)

 <State 11>: 1.540ns
The critical path consists of the following:
	'fpext' operation 64 bit ('max_spillage_iter', flood_HLS_base.cpp:27) [100]  (1.540 ns)

 <State 12>: 2.647ns
The critical path consists of the following:
	'fpext' operation 64 bit ('conv', flood_HLS_base.cpp:27) [105]  (1.540 ns)
	'icmp' operation 1 bit ('icmp_ln70_4', flood_HLS_base.cpp:70) [110]  (0.985 ns)
	'or' operation 1 bit ('or_ln70_1', flood_HLS_base.cpp:70) [111]  (0.122 ns)

 <State 13>: 2.011ns
The critical path consists of the following:
	'load' operation 64 bit ('max_spillage_iter', flood_HLS_base.cpp:70) on local variable 'max_spillage_iter', flood_HLS_base.cpp:27 [117]  (0.000 ns)
	'dcmp' operation 1 bit ('tmp_9', flood_HLS_base.cpp:70) [129]  (2.011 ns)

 <State 14>: 2.520ns
The critical path consists of the following:
	'dcmp' operation 1 bit ('tmp_9', flood_HLS_base.cpp:70) [129]  (2.011 ns)
	'and' operation 1 bit ('and_ln70_2', flood_HLS_base.cpp:70) [130]  (0.000 ns)
	'and' operation 1 bit ('and_ln70_1', flood_HLS_base.cpp:70) [131]  (0.122 ns)
	'store' operation 0 bit ('store_ln253', flood_HLS_base.cpp:253) of variable 'trunc_ln1', flood_HLS_base.cpp:253 on local variable 'add551_lcssa26' [889]  (0.387 ns)

 <State 15>: 0.959ns
The critical path consists of the following:
	'phi' operation 3 bit ('cloud', flood_HLS_base.cpp:76) with incoming values : ('add_ln76', flood_HLS_base.cpp:76) [138]  (0.000 ns)
	'getelementptr' operation 3 bit ('p_clouds_addr', flood_HLS_base.cpp:78) [146]  (0.000 ns)
	'load' operation 224 bit ('p_clouds_load', flood_HLS_base.cpp:78) on array 'p_clouds' [147]  (0.746 ns)
	blocking operation 0.213 ns on control path)

 <State 16>: 0.746ns
The critical path consists of the following:
	'load' operation 224 bit ('p_clouds_load', flood_HLS_base.cpp:78) on array 'p_clouds' [147]  (0.746 ns)

 <State 17>: 2.327ns
The critical path consists of the following:
	'fdiv' operation 32 bit ('div', flood_HLS_base.cpp:78) [150]  (2.327 ns)

 <State 18>: 2.327ns
The critical path consists of the following:
	'fdiv' operation 32 bit ('div', flood_HLS_base.cpp:78) [150]  (2.327 ns)

 <State 19>: 2.327ns
The critical path consists of the following:
	'fdiv' operation 32 bit ('div', flood_HLS_base.cpp:78) [150]  (2.327 ns)

 <State 20>: 2.327ns
The critical path consists of the following:
	'fdiv' operation 32 bit ('div', flood_HLS_base.cpp:78) [150]  (2.327 ns)

 <State 21>: 2.327ns
The critical path consists of the following:
	'fdiv' operation 32 bit ('div', flood_HLS_base.cpp:78) [150]  (2.327 ns)

 <State 22>: 2.327ns
The critical path consists of the following:
	'fdiv' operation 32 bit ('div', flood_HLS_base.cpp:78) [150]  (2.327 ns)

 <State 23>: 2.327ns
The critical path consists of the following:
	'fdiv' operation 32 bit ('div', flood_HLS_base.cpp:78) [150]  (2.327 ns)

 <State 24>: 2.327ns
The critical path consists of the following:
	'fdiv' operation 32 bit ('div', flood_HLS_base.cpp:78) [150]  (2.327 ns)

 <State 25>: 2.327ns
The critical path consists of the following:
	'fdiv' operation 32 bit ('div', flood_HLS_base.cpp:78) [150]  (2.327 ns)

 <State 26>: 2.327ns
The critical path consists of the following:
	'fdiv' operation 32 bit ('div', flood_HLS_base.cpp:78) [150]  (2.327 ns)

 <State 27>: 2.327ns
The critical path consists of the following:
	'fdiv' operation 32 bit ('div', flood_HLS_base.cpp:78) [150]  (2.327 ns)

 <State 28>: 2.327ns
The critical path consists of the following:
	'fdiv' operation 32 bit ('div', flood_HLS_base.cpp:78) [150]  (2.327 ns)

 <State 29>: 2.342ns
The critical path consists of the following:
	'fadd' operation 32 bit ('add1', flood_HLS_base.cpp:78) [153]  (2.342 ns)

 <State 30>: 2.342ns
The critical path consists of the following:
	'fadd' operation 32 bit ('add1', flood_HLS_base.cpp:78) [153]  (2.342 ns)

 <State 31>: 2.342ns
The critical path consists of the following:
	'fadd' operation 32 bit ('add1', flood_HLS_base.cpp:78) [153]  (2.342 ns)

 <State 32>: 2.342ns
The critical path consists of the following:
	'fadd' operation 32 bit ('add1', flood_HLS_base.cpp:78) [153]  (2.342 ns)

 <State 33>: 2.342ns
The critical path consists of the following:
	'fadd' operation 32 bit ('add1', flood_HLS_base.cpp:78) [153]  (2.342 ns)

 <State 34>: 2.342ns
The critical path consists of the following:
	'fadd' operation 32 bit ('add1', flood_HLS_base.cpp:78) [153]  (2.342 ns)

 <State 35>: 2.342ns
The critical path consists of the following:
	'fadd' operation 32 bit ('add1', flood_HLS_base.cpp:78) [153]  (2.342 ns)

 <State 36>: 0.746ns
The critical path consists of the following:
	'store' operation 0 bit ('store_ln79', flood_HLS_base.cpp:79) of variable 'or_ln', flood_HLS_base.cpp:79 on array 'p_clouds' [164]  (0.746 ns)

 <State 37>: 0.959ns
The critical path consists of the following:
	'phi' operation 3 bit ('cloud', flood_HLS_base.cpp:83) with incoming values : ('add_ln83', flood_HLS_base.cpp:83) [172]  (0.000 ns)
	'getelementptr' operation 3 bit ('p_clouds_addr_1', flood_HLS_base.cpp:85) [180]  (0.000 ns)
	'load' operation 224 bit ('p_clouds_load_1', flood_HLS_base.cpp:85) on array 'p_clouds' [181]  (0.746 ns)
	blocking operation 0.213 ns on control path)

 <State 38>: 1.573ns
The critical path consists of the following:
	'load' operation 224 bit ('p_clouds_load_1', flood_HLS_base.cpp:85) on array 'p_clouds' [181]  (0.746 ns)
	'icmp' operation 1 bit ('icmp_ln97_3', flood_HLS_base.cpp:97) [248]  (0.827 ns)

 <State 39>: 2.342ns
The critical path consists of the following:
	'fadd' operation 32 bit ('add3', flood_HLS_base.cpp:86) [198]  (2.342 ns)

 <State 40>: 2.342ns
The critical path consists of the following:
	'fsub' operation 32 bit ('sub', flood_HLS_base.cpp:85) [186]  (2.342 ns)

 <State 41>: 2.342ns
The critical path consists of the following:
	'fsub' operation 32 bit ('sub', flood_HLS_base.cpp:85) [186]  (2.342 ns)

 <State 42>: 2.342ns
The critical path consists of the following:
	'fsub' operation 32 bit ('sub', flood_HLS_base.cpp:85) [186]  (2.342 ns)

 <State 43>: 2.342ns
The critical path consists of the following:
	'fsub' operation 32 bit ('sub', flood_HLS_base.cpp:85) [186]  (2.342 ns)

 <State 44>: 2.342ns
The critical path consists of the following:
	'fsub' operation 32 bit ('sub', flood_HLS_base.cpp:85) [186]  (2.342 ns)

 <State 45>: 2.342ns
The critical path consists of the following:
	'fsub' operation 32 bit ('sub', flood_HLS_base.cpp:85) [186]  (2.342 ns)

 <State 46>: 2.342ns
The critical path consists of the following:
	'fsub' operation 32 bit ('sub', flood_HLS_base.cpp:85) [186]  (2.342 ns)

 <State 47>: 2.322ns
The critical path consists of the following:
	'fmul' operation 32 bit ('sub_op', flood_HLS_base.cpp:85) [195]  (2.322 ns)

 <State 48>: 2.322ns
The critical path consists of the following:
	'fmul' operation 32 bit ('sub_op', flood_HLS_base.cpp:85) [195]  (2.322 ns)

 <State 49>: 2.549ns
The critical path consists of the following:
	'fmul' operation 32 bit ('add87_op', flood_HLS_base.cpp:86) [207]  (2.322 ns)
	'select' operation 32 bit ('select_ln86', flood_HLS_base.cpp:86) [208]  (0.227 ns)

 <State 50>: 2.549ns
The critical path consists of the following:
	'fmul' operation 32 bit ('sub_op', flood_HLS_base.cpp:85) [195]  (2.322 ns)
	'select' operation 32 bit ('select_ln85', flood_HLS_base.cpp:85) [196]  (0.227 ns)

 <State 51>: 2.327ns
The critical path consists of the following:
	'fdiv' operation 32 bit ('row_start', flood_HLS_base.cpp:85) [197]  (2.327 ns)

 <State 52>: 2.327ns
The critical path consists of the following:
	'fdiv' operation 32 bit ('row_start', flood_HLS_base.cpp:85) [197]  (2.327 ns)

 <State 53>: 2.327ns
The critical path consists of the following:
	'fdiv' operation 32 bit ('row_start', flood_HLS_base.cpp:85) [197]  (2.327 ns)

 <State 54>: 2.327ns
The critical path consists of the following:
	'fdiv' operation 32 bit ('row_start', flood_HLS_base.cpp:85) [197]  (2.327 ns)

 <State 55>: 2.327ns
The critical path consists of the following:
	'fdiv' operation 32 bit ('row_start', flood_HLS_base.cpp:85) [197]  (2.327 ns)

 <State 56>: 2.327ns
The critical path consists of the following:
	'fdiv' operation 32 bit ('row_start', flood_HLS_base.cpp:85) [197]  (2.327 ns)

 <State 57>: 2.327ns
The critical path consists of the following:
	'fdiv' operation 32 bit ('row_start', flood_HLS_base.cpp:85) [197]  (2.327 ns)

 <State 58>: 2.327ns
The critical path consists of the following:
	'fdiv' operation 32 bit ('row_start', flood_HLS_base.cpp:85) [197]  (2.327 ns)

 <State 59>: 2.327ns
The critical path consists of the following:
	'fdiv' operation 32 bit ('row_start', flood_HLS_base.cpp:85) [197]  (2.327 ns)

 <State 60>: 2.327ns
The critical path consists of the following:
	'fdiv' operation 32 bit ('row_start', flood_HLS_base.cpp:85) [197]  (2.327 ns)

 <State 61>: 2.327ns
The critical path consists of the following:
	'fdiv' operation 32 bit ('row_start', flood_HLS_base.cpp:85) [197]  (2.327 ns)

 <State 62>: 2.327ns
The critical path consists of the following:
	'fdiv' operation 32 bit ('row_start', flood_HLS_base.cpp:85) [197]  (2.327 ns)

 <State 63>: 1.649ns
The critical path consists of the following:
	'phi' operation 32 bit ('row_pos') with incoming values : ('row_start', flood_HLS_base.cpp:85) ('row_pos', flood_HLS_base.cpp:92) [252]  (0.000 ns)
	'fcmp' operation 1 bit ('tmp_19', flood_HLS_base.cpp:92) [260]  (1.649 ns)

 <State 64>: 2.322ns
The critical path consists of the following:
	'fmul' operation 32 bit ('mul', flood_HLS_base.cpp:85) [265]  (2.322 ns)

 <State 65>: 2.322ns
The critical path consists of the following:
	'fmul' operation 32 bit ('mul', flood_HLS_base.cpp:85) [265]  (2.322 ns)

 <State 66>: 2.322ns
The critical path consists of the following:
	'fmul' operation 32 bit ('mul', flood_HLS_base.cpp:85) [265]  (2.322 ns)

 <State 67>: 2.322ns
The critical path consists of the following:
	'fmul' operation 32 bit ('mul', flood_HLS_base.cpp:85) [265]  (2.322 ns)

 <State 68>: 2.327ns
The critical path consists of the following:
	'fdiv' operation 32 bit ('y_pos', flood_HLS_base.cpp:85) [266]  (2.327 ns)

 <State 69>: 2.327ns
The critical path consists of the following:
	'fdiv' operation 32 bit ('y_pos', flood_HLS_base.cpp:85) [266]  (2.327 ns)

 <State 70>: 2.327ns
The critical path consists of the following:
	'fdiv' operation 32 bit ('y_pos', flood_HLS_base.cpp:85) [266]  (2.327 ns)

 <State 71>: 2.327ns
The critical path consists of the following:
	'fdiv' operation 32 bit ('y_pos', flood_HLS_base.cpp:85) [266]  (2.327 ns)

 <State 72>: 2.327ns
The critical path consists of the following:
	'fdiv' operation 32 bit ('y_pos', flood_HLS_base.cpp:85) [266]  (2.327 ns)

 <State 73>: 2.327ns
The critical path consists of the following:
	'fdiv' operation 32 bit ('y_pos', flood_HLS_base.cpp:85) [266]  (2.327 ns)

 <State 74>: 2.327ns
The critical path consists of the following:
	'fdiv' operation 32 bit ('y_pos', flood_HLS_base.cpp:85) [266]  (2.327 ns)

 <State 75>: 2.327ns
The critical path consists of the following:
	'fdiv' operation 32 bit ('y_pos', flood_HLS_base.cpp:85) [266]  (2.327 ns)

 <State 76>: 2.327ns
The critical path consists of the following:
	'fdiv' operation 32 bit ('y_pos', flood_HLS_base.cpp:85) [266]  (2.327 ns)

 <State 77>: 2.327ns
The critical path consists of the following:
	'fdiv' operation 32 bit ('y_pos', flood_HLS_base.cpp:85) [266]  (2.327 ns)

 <State 78>: 2.327ns
The critical path consists of the following:
	'fdiv' operation 32 bit ('y_pos', flood_HLS_base.cpp:85) [266]  (2.327 ns)

 <State 79>: 2.327ns
The critical path consists of the following:
	'fdiv' operation 32 bit ('y_pos', flood_HLS_base.cpp:85) [266]  (2.327 ns)

 <State 80>: 2.342ns
The critical path consists of the following:
	'fsub' operation 32 bit ('__x', flood_HLS_base.cpp:85) [267]  (2.342 ns)

 <State 81>: 2.342ns
The critical path consists of the following:
	'fsub' operation 32 bit ('__x', flood_HLS_base.cpp:85) [267]  (2.342 ns)

 <State 82>: 2.342ns
The critical path consists of the following:
	'fsub' operation 32 bit ('__x', flood_HLS_base.cpp:85) [267]  (2.342 ns)

 <State 83>: 2.342ns
The critical path consists of the following:
	'fsub' operation 32 bit ('__x', flood_HLS_base.cpp:85) [267]  (2.342 ns)

 <State 84>: 2.342ns
The critical path consists of the following:
	'fsub' operation 32 bit ('__x', flood_HLS_base.cpp:85) [267]  (2.342 ns)

 <State 85>: 2.342ns
The critical path consists of the following:
	'fsub' operation 32 bit ('__x', flood_HLS_base.cpp:85) [267]  (2.342 ns)

 <State 86>: 2.342ns
The critical path consists of the following:
	'fsub' operation 32 bit ('__x', flood_HLS_base.cpp:85) [267]  (2.342 ns)

 <State 87>: 1.540ns
The critical path consists of the following:
	'fpext' operation 64 bit ('x', flood_HLS_base.cpp:85) [268]  (1.540 ns)

 <State 88>: 1.540ns
The critical path consists of the following:
	'fpext' operation 64 bit ('x', flood_HLS_base.cpp:85) [268]  (1.540 ns)

 <State 89>: 1.649ns
The critical path consists of the following:
	'phi' operation 32 bit ('col_pos') with incoming values : ('col_start', flood_HLS_base.cpp:87) ('col_pos', flood_HLS_base.cpp:93) [275]  (0.000 ns)
	'fcmp' operation 1 bit ('tmp_22', flood_HLS_base.cpp:93) [283]  (1.649 ns)

 <State 90>: 2.342ns
The critical path consists of the following:
	'fadd' operation 32 bit ('row_pos', flood_HLS_base.cpp:92) [404]  (2.342 ns)

 <State 91>: 2.322ns
The critical path consists of the following:
	'fmul' operation 32 bit ('mul1', flood_HLS_base.cpp:94) [289]  (2.322 ns)

 <State 92>: 2.322ns
The critical path consists of the following:
	'fmul' operation 32 bit ('mul1', flood_HLS_base.cpp:94) [289]  (2.322 ns)

 <State 93>: 2.322ns
The critical path consists of the following:
	'fmul' operation 32 bit ('mul1', flood_HLS_base.cpp:94) [289]  (2.322 ns)

 <State 94>: 2.327ns
The critical path consists of the following:
	'fdiv' operation 32 bit ('x_pos', flood_HLS_base.cpp:94) [290]  (2.327 ns)

 <State 95>: 2.327ns
The critical path consists of the following:
	'fdiv' operation 32 bit ('x_pos', flood_HLS_base.cpp:94) [290]  (2.327 ns)

 <State 96>: 2.327ns
The critical path consists of the following:
	'fdiv' operation 32 bit ('x_pos', flood_HLS_base.cpp:94) [290]  (2.327 ns)

 <State 97>: 2.327ns
The critical path consists of the following:
	'fdiv' operation 32 bit ('x_pos', flood_HLS_base.cpp:94) [290]  (2.327 ns)

 <State 98>: 2.327ns
The critical path consists of the following:
	'fdiv' operation 32 bit ('x_pos', flood_HLS_base.cpp:94) [290]  (2.327 ns)

 <State 99>: 2.327ns
The critical path consists of the following:
	'fdiv' operation 32 bit ('x_pos', flood_HLS_base.cpp:94) [290]  (2.327 ns)

 <State 100>: 2.327ns
The critical path consists of the following:
	'fdiv' operation 32 bit ('x_pos', flood_HLS_base.cpp:94) [290]  (2.327 ns)

 <State 101>: 2.327ns
The critical path consists of the following:
	'fdiv' operation 32 bit ('x_pos', flood_HLS_base.cpp:94) [290]  (2.327 ns)

 <State 102>: 2.327ns
The critical path consists of the following:
	'fdiv' operation 32 bit ('x_pos', flood_HLS_base.cpp:94) [290]  (2.327 ns)

 <State 103>: 2.327ns
The critical path consists of the following:
	'fdiv' operation 32 bit ('x_pos', flood_HLS_base.cpp:94) [290]  (2.327 ns)

 <State 104>: 2.327ns
The critical path consists of the following:
	'fdiv' operation 32 bit ('x_pos', flood_HLS_base.cpp:94) [290]  (2.327 ns)

 <State 105>: 2.327ns
The critical path consists of the following:
	'fdiv' operation 32 bit ('x_pos', flood_HLS_base.cpp:94) [290]  (2.327 ns)

 <State 106>: 2.342ns
The critical path consists of the following:
	'fsub' operation 32 bit ('__x', flood_HLS_base.cpp:96) [291]  (2.342 ns)

 <State 107>: 2.342ns
The critical path consists of the following:
	'fsub' operation 32 bit ('__x', flood_HLS_base.cpp:96) [291]  (2.342 ns)

 <State 108>: 2.342ns
The critical path consists of the following:
	'fsub' operation 32 bit ('__x', flood_HLS_base.cpp:96) [291]  (2.342 ns)

 <State 109>: 2.342ns
The critical path consists of the following:
	'fsub' operation 32 bit ('__x', flood_HLS_base.cpp:96) [291]  (2.342 ns)

 <State 110>: 2.342ns
The critical path consists of the following:
	'fsub' operation 32 bit ('__x', flood_HLS_base.cpp:96) [291]  (2.342 ns)

 <State 111>: 2.342ns
The critical path consists of the following:
	'fsub' operation 32 bit ('__x', flood_HLS_base.cpp:96) [291]  (2.342 ns)

 <State 112>: 2.342ns
The critical path consists of the following:
	'fsub' operation 32 bit ('__x', flood_HLS_base.cpp:96) [291]  (2.342 ns)

 <State 113>: 1.540ns
The critical path consists of the following:
	'fpext' operation 64 bit ('x', /cm/shared/package/vivado/Vitis_HLS/2024.1/tps/lnx64/gcc-8.3.0/lib/gcc/x86_64-pc-linux-gnu/8.3.0/../../../../include/c++/8.3.0/cmath:418->flood_HLS_base.cpp:96) [292]  (1.540 ns)

 <State 114>: 1.540ns
The critical path consists of the following:
	'fpext' operation 64 bit ('x', /cm/shared/package/vivado/Vitis_HLS/2024.1/tps/lnx64/gcc-8.3.0/lib/gcc/x86_64-pc-linux-gnu/8.3.0/../../../../include/c++/8.3.0/cmath:418->flood_HLS_base.cpp:96) [292]  (1.540 ns)

 <State 115>: 1.724ns
The critical path consists of the following:
	'call' operation 64 bit ('tmp', /wrk/ci/prod/2024.1/hls_product/continuous/545/2024.1/src/shared/hls/clib/hlsmath/src/c/powdouble.cpp:7->/cm/shared/package/vivado/Vitis_HLS/2024.1/tps/lnx64/gcc-8.3.0/lib/gcc/x86_64-pc-linux-gnu/8.3.0/../../../../include/c++/8.3.0/cmath:418->flood_HLS_base.cpp:96) to 'pow_generic<double>' [293]  (1.724 ns)

 <State 116>: 2.916ns
The critical path consists of the following:
	'call' operation 64 bit ('tmp', /wrk/ci/prod/2024.1/hls_product/continuous/545/2024.1/src/shared/hls/clib/hlsmath/src/c/powdouble.cpp:7->/cm/shared/package/vivado/Vitis_HLS/2024.1/tps/lnx64/gcc-8.3.0/lib/gcc/x86_64-pc-linux-gnu/8.3.0/../../../../include/c++/8.3.0/cmath:418->flood_HLS_base.cpp:96) to 'pow_generic<double>' [293]  (2.916 ns)

 <State 117>: 2.916ns
The critical path consists of the following:
	'call' operation 64 bit ('tmp', /wrk/ci/prod/2024.1/hls_product/continuous/545/2024.1/src/shared/hls/clib/hlsmath/src/c/powdouble.cpp:7->/cm/shared/package/vivado/Vitis_HLS/2024.1/tps/lnx64/gcc-8.3.0/lib/gcc/x86_64-pc-linux-gnu/8.3.0/../../../../include/c++/8.3.0/cmath:418->flood_HLS_base.cpp:96) to 'pow_generic<double>' [293]  (2.916 ns)

 <State 118>: 2.916ns
The critical path consists of the following:
	'call' operation 64 bit ('tmp', /wrk/ci/prod/2024.1/hls_product/continuous/545/2024.1/src/shared/hls/clib/hlsmath/src/c/powdouble.cpp:7->/cm/shared/package/vivado/Vitis_HLS/2024.1/tps/lnx64/gcc-8.3.0/lib/gcc/x86_64-pc-linux-gnu/8.3.0/../../../../include/c++/8.3.0/cmath:418->flood_HLS_base.cpp:96) to 'pow_generic<double>' [293]  (2.916 ns)

 <State 119>: 2.916ns
The critical path consists of the following:
	'call' operation 64 bit ('tmp', /wrk/ci/prod/2024.1/hls_product/continuous/545/2024.1/src/shared/hls/clib/hlsmath/src/c/powdouble.cpp:7->/cm/shared/package/vivado/Vitis_HLS/2024.1/tps/lnx64/gcc-8.3.0/lib/gcc/x86_64-pc-linux-gnu/8.3.0/../../../../include/c++/8.3.0/cmath:418->flood_HLS_base.cpp:96) to 'pow_generic<double>' [293]  (2.916 ns)

 <State 120>: 2.916ns
The critical path consists of the following:
	'call' operation 64 bit ('tmp', /wrk/ci/prod/2024.1/hls_product/continuous/545/2024.1/src/shared/hls/clib/hlsmath/src/c/powdouble.cpp:7->/cm/shared/package/vivado/Vitis_HLS/2024.1/tps/lnx64/gcc-8.3.0/lib/gcc/x86_64-pc-linux-gnu/8.3.0/../../../../include/c++/8.3.0/cmath:418->flood_HLS_base.cpp:96) to 'pow_generic<double>' [293]  (2.916 ns)

 <State 121>: 2.916ns
The critical path consists of the following:
	'call' operation 64 bit ('tmp', /wrk/ci/prod/2024.1/hls_product/continuous/545/2024.1/src/shared/hls/clib/hlsmath/src/c/powdouble.cpp:7->/cm/shared/package/vivado/Vitis_HLS/2024.1/tps/lnx64/gcc-8.3.0/lib/gcc/x86_64-pc-linux-gnu/8.3.0/../../../../include/c++/8.3.0/cmath:418->flood_HLS_base.cpp:96) to 'pow_generic<double>' [293]  (2.916 ns)

 <State 122>: 2.916ns
The critical path consists of the following:
	'call' operation 64 bit ('tmp', /wrk/ci/prod/2024.1/hls_product/continuous/545/2024.1/src/shared/hls/clib/hlsmath/src/c/powdouble.cpp:7->/cm/shared/package/vivado/Vitis_HLS/2024.1/tps/lnx64/gcc-8.3.0/lib/gcc/x86_64-pc-linux-gnu/8.3.0/../../../../include/c++/8.3.0/cmath:418->flood_HLS_base.cpp:96) to 'pow_generic<double>' [293]  (2.916 ns)

 <State 123>: 2.916ns
The critical path consists of the following:
	'call' operation 64 bit ('tmp', /wrk/ci/prod/2024.1/hls_product/continuous/545/2024.1/src/shared/hls/clib/hlsmath/src/c/powdouble.cpp:7->/cm/shared/package/vivado/Vitis_HLS/2024.1/tps/lnx64/gcc-8.3.0/lib/gcc/x86_64-pc-linux-gnu/8.3.0/../../../../include/c++/8.3.0/cmath:418->flood_HLS_base.cpp:96) to 'pow_generic<double>' [293]  (2.916 ns)

 <State 124>: 2.916ns
The critical path consists of the following:
	'call' operation 64 bit ('tmp', /wrk/ci/prod/2024.1/hls_product/continuous/545/2024.1/src/shared/hls/clib/hlsmath/src/c/powdouble.cpp:7->/cm/shared/package/vivado/Vitis_HLS/2024.1/tps/lnx64/gcc-8.3.0/lib/gcc/x86_64-pc-linux-gnu/8.3.0/../../../../include/c++/8.3.0/cmath:418->flood_HLS_base.cpp:96) to 'pow_generic<double>' [293]  (2.916 ns)

 <State 125>: 2.916ns
The critical path consists of the following:
	'call' operation 64 bit ('tmp', /wrk/ci/prod/2024.1/hls_product/continuous/545/2024.1/src/shared/hls/clib/hlsmath/src/c/powdouble.cpp:7->/cm/shared/package/vivado/Vitis_HLS/2024.1/tps/lnx64/gcc-8.3.0/lib/gcc/x86_64-pc-linux-gnu/8.3.0/../../../../include/c++/8.3.0/cmath:418->flood_HLS_base.cpp:96) to 'pow_generic<double>' [293]  (2.916 ns)

 <State 126>: 2.916ns
The critical path consists of the following:
	'call' operation 64 bit ('tmp', /wrk/ci/prod/2024.1/hls_product/continuous/545/2024.1/src/shared/hls/clib/hlsmath/src/c/powdouble.cpp:7->/cm/shared/package/vivado/Vitis_HLS/2024.1/tps/lnx64/gcc-8.3.0/lib/gcc/x86_64-pc-linux-gnu/8.3.0/../../../../include/c++/8.3.0/cmath:418->flood_HLS_base.cpp:96) to 'pow_generic<double>' [293]  (2.916 ns)

 <State 127>: 2.916ns
The critical path consists of the following:
	'call' operation 64 bit ('tmp', /wrk/ci/prod/2024.1/hls_product/continuous/545/2024.1/src/shared/hls/clib/hlsmath/src/c/powdouble.cpp:7->/cm/shared/package/vivado/Vitis_HLS/2024.1/tps/lnx64/gcc-8.3.0/lib/gcc/x86_64-pc-linux-gnu/8.3.0/../../../../include/c++/8.3.0/cmath:418->flood_HLS_base.cpp:96) to 'pow_generic<double>' [293]  (2.916 ns)

 <State 128>: 2.916ns
The critical path consists of the following:
	'call' operation 64 bit ('tmp', /wrk/ci/prod/2024.1/hls_product/continuous/545/2024.1/src/shared/hls/clib/hlsmath/src/c/powdouble.cpp:7->/cm/shared/package/vivado/Vitis_HLS/2024.1/tps/lnx64/gcc-8.3.0/lib/gcc/x86_64-pc-linux-gnu/8.3.0/../../../../include/c++/8.3.0/cmath:418->flood_HLS_base.cpp:96) to 'pow_generic<double>' [293]  (2.916 ns)

 <State 129>: 2.916ns
The critical path consists of the following:
	'call' operation 64 bit ('tmp', /wrk/ci/prod/2024.1/hls_product/continuous/545/2024.1/src/shared/hls/clib/hlsmath/src/c/powdouble.cpp:7->/cm/shared/package/vivado/Vitis_HLS/2024.1/tps/lnx64/gcc-8.3.0/lib/gcc/x86_64-pc-linux-gnu/8.3.0/../../../../include/c++/8.3.0/cmath:418->flood_HLS_base.cpp:96) to 'pow_generic<double>' [293]  (2.916 ns)

 <State 130>: 2.916ns
The critical path consists of the following:
	'call' operation 64 bit ('tmp', /wrk/ci/prod/2024.1/hls_product/continuous/545/2024.1/src/shared/hls/clib/hlsmath/src/c/powdouble.cpp:7->/cm/shared/package/vivado/Vitis_HLS/2024.1/tps/lnx64/gcc-8.3.0/lib/gcc/x86_64-pc-linux-gnu/8.3.0/../../../../include/c++/8.3.0/cmath:418->flood_HLS_base.cpp:96) to 'pow_generic<double>' [293]  (2.916 ns)

 <State 131>: 2.916ns
The critical path consists of the following:
	'call' operation 64 bit ('tmp', /wrk/ci/prod/2024.1/hls_product/continuous/545/2024.1/src/shared/hls/clib/hlsmath/src/c/powdouble.cpp:7->/cm/shared/package/vivado/Vitis_HLS/2024.1/tps/lnx64/gcc-8.3.0/lib/gcc/x86_64-pc-linux-gnu/8.3.0/../../../../include/c++/8.3.0/cmath:418->flood_HLS_base.cpp:96) to 'pow_generic<double>' [293]  (2.916 ns)

 <State 132>: 2.916ns
The critical path consists of the following:
	'call' operation 64 bit ('tmp', /wrk/ci/prod/2024.1/hls_product/continuous/545/2024.1/src/shared/hls/clib/hlsmath/src/c/powdouble.cpp:7->/cm/shared/package/vivado/Vitis_HLS/2024.1/tps/lnx64/gcc-8.3.0/lib/gcc/x86_64-pc-linux-gnu/8.3.0/../../../../include/c++/8.3.0/cmath:418->flood_HLS_base.cpp:96) to 'pow_generic<double>' [293]  (2.916 ns)

 <State 133>: 2.916ns
The critical path consists of the following:
	'call' operation 64 bit ('tmp', /wrk/ci/prod/2024.1/hls_product/continuous/545/2024.1/src/shared/hls/clib/hlsmath/src/c/powdouble.cpp:7->/cm/shared/package/vivado/Vitis_HLS/2024.1/tps/lnx64/gcc-8.3.0/lib/gcc/x86_64-pc-linux-gnu/8.3.0/../../../../include/c++/8.3.0/cmath:418->flood_HLS_base.cpp:96) to 'pow_generic<double>' [293]  (2.916 ns)

 <State 134>: 2.916ns
The critical path consists of the following:
	'call' operation 64 bit ('tmp', /wrk/ci/prod/2024.1/hls_product/continuous/545/2024.1/src/shared/hls/clib/hlsmath/src/c/powdouble.cpp:7->/cm/shared/package/vivado/Vitis_HLS/2024.1/tps/lnx64/gcc-8.3.0/lib/gcc/x86_64-pc-linux-gnu/8.3.0/../../../../include/c++/8.3.0/cmath:418->flood_HLS_base.cpp:96) to 'pow_generic<double>' [293]  (2.916 ns)

 <State 135>: 2.916ns
The critical path consists of the following:
	'call' operation 64 bit ('tmp', /wrk/ci/prod/2024.1/hls_product/continuous/545/2024.1/src/shared/hls/clib/hlsmath/src/c/powdouble.cpp:7->/cm/shared/package/vivado/Vitis_HLS/2024.1/tps/lnx64/gcc-8.3.0/lib/gcc/x86_64-pc-linux-gnu/8.3.0/../../../../include/c++/8.3.0/cmath:418->flood_HLS_base.cpp:96) to 'pow_generic<double>' [293]  (2.916 ns)

 <State 136>: 2.916ns
The critical path consists of the following:
	'call' operation 64 bit ('tmp', /wrk/ci/prod/2024.1/hls_product/continuous/545/2024.1/src/shared/hls/clib/hlsmath/src/c/powdouble.cpp:7->/cm/shared/package/vivado/Vitis_HLS/2024.1/tps/lnx64/gcc-8.3.0/lib/gcc/x86_64-pc-linux-gnu/8.3.0/../../../../include/c++/8.3.0/cmath:418->flood_HLS_base.cpp:96) to 'pow_generic<double>' [293]  (2.916 ns)

 <State 137>: 2.916ns
The critical path consists of the following:
	'call' operation 64 bit ('tmp', /wrk/ci/prod/2024.1/hls_product/continuous/545/2024.1/src/shared/hls/clib/hlsmath/src/c/powdouble.cpp:7->/cm/shared/package/vivado/Vitis_HLS/2024.1/tps/lnx64/gcc-8.3.0/lib/gcc/x86_64-pc-linux-gnu/8.3.0/../../../../include/c++/8.3.0/cmath:418->flood_HLS_base.cpp:96) to 'pow_generic<double>' [293]  (2.916 ns)

 <State 138>: 2.916ns
The critical path consists of the following:
	'call' operation 64 bit ('tmp', /wrk/ci/prod/2024.1/hls_product/continuous/545/2024.1/src/shared/hls/clib/hlsmath/src/c/powdouble.cpp:7->/cm/shared/package/vivado/Vitis_HLS/2024.1/tps/lnx64/gcc-8.3.0/lib/gcc/x86_64-pc-linux-gnu/8.3.0/../../../../include/c++/8.3.0/cmath:418->flood_HLS_base.cpp:96) to 'pow_generic<double>' [293]  (2.916 ns)

 <State 139>: 2.916ns
The critical path consists of the following:
	'call' operation 64 bit ('tmp', /wrk/ci/prod/2024.1/hls_product/continuous/545/2024.1/src/shared/hls/clib/hlsmath/src/c/powdouble.cpp:7->/cm/shared/package/vivado/Vitis_HLS/2024.1/tps/lnx64/gcc-8.3.0/lib/gcc/x86_64-pc-linux-gnu/8.3.0/../../../../include/c++/8.3.0/cmath:418->flood_HLS_base.cpp:96) to 'pow_generic<double>' [293]  (2.916 ns)

 <State 140>: 2.916ns
The critical path consists of the following:
	'call' operation 64 bit ('tmp', /wrk/ci/prod/2024.1/hls_product/continuous/545/2024.1/src/shared/hls/clib/hlsmath/src/c/powdouble.cpp:7->/cm/shared/package/vivado/Vitis_HLS/2024.1/tps/lnx64/gcc-8.3.0/lib/gcc/x86_64-pc-linux-gnu/8.3.0/../../../../include/c++/8.3.0/cmath:418->flood_HLS_base.cpp:96) to 'pow_generic<double>' [293]  (2.916 ns)

 <State 141>: 2.916ns
The critical path consists of the following:
	'call' operation 64 bit ('tmp', /wrk/ci/prod/2024.1/hls_product/continuous/545/2024.1/src/shared/hls/clib/hlsmath/src/c/powdouble.cpp:7->/cm/shared/package/vivado/Vitis_HLS/2024.1/tps/lnx64/gcc-8.3.0/lib/gcc/x86_64-pc-linux-gnu/8.3.0/../../../../include/c++/8.3.0/cmath:418->flood_HLS_base.cpp:96) to 'pow_generic<double>' [293]  (2.916 ns)

 <State 142>: 2.916ns
The critical path consists of the following:
	'call' operation 64 bit ('tmp', /wrk/ci/prod/2024.1/hls_product/continuous/545/2024.1/src/shared/hls/clib/hlsmath/src/c/powdouble.cpp:7->/cm/shared/package/vivado/Vitis_HLS/2024.1/tps/lnx64/gcc-8.3.0/lib/gcc/x86_64-pc-linux-gnu/8.3.0/../../../../include/c++/8.3.0/cmath:418->flood_HLS_base.cpp:96) to 'pow_generic<double>' [293]  (2.916 ns)

 <State 143>: 2.916ns
The critical path consists of the following:
	'call' operation 64 bit ('tmp', /wrk/ci/prod/2024.1/hls_product/continuous/545/2024.1/src/shared/hls/clib/hlsmath/src/c/powdouble.cpp:7->/cm/shared/package/vivado/Vitis_HLS/2024.1/tps/lnx64/gcc-8.3.0/lib/gcc/x86_64-pc-linux-gnu/8.3.0/../../../../include/c++/8.3.0/cmath:418->flood_HLS_base.cpp:96) to 'pow_generic<double>' [293]  (2.916 ns)

 <State 144>: 2.916ns
The critical path consists of the following:
	'call' operation 64 bit ('tmp', /wrk/ci/prod/2024.1/hls_product/continuous/545/2024.1/src/shared/hls/clib/hlsmath/src/c/powdouble.cpp:7->/cm/shared/package/vivado/Vitis_HLS/2024.1/tps/lnx64/gcc-8.3.0/lib/gcc/x86_64-pc-linux-gnu/8.3.0/../../../../include/c++/8.3.0/cmath:418->flood_HLS_base.cpp:96) to 'pow_generic<double>' [293]  (2.916 ns)

 <State 145>: 2.916ns
The critical path consists of the following:
	'call' operation 64 bit ('tmp', /wrk/ci/prod/2024.1/hls_product/continuous/545/2024.1/src/shared/hls/clib/hlsmath/src/c/powdouble.cpp:7->/cm/shared/package/vivado/Vitis_HLS/2024.1/tps/lnx64/gcc-8.3.0/lib/gcc/x86_64-pc-linux-gnu/8.3.0/../../../../include/c++/8.3.0/cmath:418->flood_HLS_base.cpp:96) to 'pow_generic<double>' [293]  (2.916 ns)

 <State 146>: 2.916ns
The critical path consists of the following:
	'call' operation 64 bit ('tmp', /wrk/ci/prod/2024.1/hls_product/continuous/545/2024.1/src/shared/hls/clib/hlsmath/src/c/powdouble.cpp:7->/cm/shared/package/vivado/Vitis_HLS/2024.1/tps/lnx64/gcc-8.3.0/lib/gcc/x86_64-pc-linux-gnu/8.3.0/../../../../include/c++/8.3.0/cmath:418->flood_HLS_base.cpp:96) to 'pow_generic<double>' [293]  (2.916 ns)

 <State 147>: 2.916ns
The critical path consists of the following:
	'call' operation 64 bit ('tmp', /wrk/ci/prod/2024.1/hls_product/continuous/545/2024.1/src/shared/hls/clib/hlsmath/src/c/powdouble.cpp:7->/cm/shared/package/vivado/Vitis_HLS/2024.1/tps/lnx64/gcc-8.3.0/lib/gcc/x86_64-pc-linux-gnu/8.3.0/../../../../include/c++/8.3.0/cmath:418->flood_HLS_base.cpp:96) to 'pow_generic<double>' [293]  (2.916 ns)

 <State 148>: 2.916ns
The critical path consists of the following:
	'call' operation 64 bit ('tmp', /wrk/ci/prod/2024.1/hls_product/continuous/545/2024.1/src/shared/hls/clib/hlsmath/src/c/powdouble.cpp:7->/cm/shared/package/vivado/Vitis_HLS/2024.1/tps/lnx64/gcc-8.3.0/lib/gcc/x86_64-pc-linux-gnu/8.3.0/../../../../include/c++/8.3.0/cmath:418->flood_HLS_base.cpp:96) to 'pow_generic<double>' [293]  (2.916 ns)

 <State 149>: 2.916ns
The critical path consists of the following:
	'call' operation 64 bit ('tmp', /wrk/ci/prod/2024.1/hls_product/continuous/545/2024.1/src/shared/hls/clib/hlsmath/src/c/powdouble.cpp:7->/cm/shared/package/vivado/Vitis_HLS/2024.1/tps/lnx64/gcc-8.3.0/lib/gcc/x86_64-pc-linux-gnu/8.3.0/../../../../include/c++/8.3.0/cmath:418->flood_HLS_base.cpp:96) to 'pow_generic<double>' [293]  (2.916 ns)

 <State 150>: 2.916ns
The critical path consists of the following:
	'call' operation 64 bit ('tmp', /wrk/ci/prod/2024.1/hls_product/continuous/545/2024.1/src/shared/hls/clib/hlsmath/src/c/powdouble.cpp:7->/cm/shared/package/vivado/Vitis_HLS/2024.1/tps/lnx64/gcc-8.3.0/lib/gcc/x86_64-pc-linux-gnu/8.3.0/../../../../include/c++/8.3.0/cmath:418->flood_HLS_base.cpp:96) to 'pow_generic<double>' [293]  (2.916 ns)

 <State 151>: 2.916ns
The critical path consists of the following:
	'call' operation 64 bit ('tmp', /wrk/ci/prod/2024.1/hls_product/continuous/545/2024.1/src/shared/hls/clib/hlsmath/src/c/powdouble.cpp:7->/cm/shared/package/vivado/Vitis_HLS/2024.1/tps/lnx64/gcc-8.3.0/lib/gcc/x86_64-pc-linux-gnu/8.3.0/../../../../include/c++/8.3.0/cmath:418->flood_HLS_base.cpp:96) to 'pow_generic<double>' [293]  (2.916 ns)

 <State 152>: 2.916ns
The critical path consists of the following:
	'call' operation 64 bit ('tmp', /wrk/ci/prod/2024.1/hls_product/continuous/545/2024.1/src/shared/hls/clib/hlsmath/src/c/powdouble.cpp:7->/cm/shared/package/vivado/Vitis_HLS/2024.1/tps/lnx64/gcc-8.3.0/lib/gcc/x86_64-pc-linux-gnu/8.3.0/../../../../include/c++/8.3.0/cmath:418->flood_HLS_base.cpp:96) to 'pow_generic<double>' [293]  (2.916 ns)

 <State 153>: 2.916ns
The critical path consists of the following:
	'call' operation 64 bit ('tmp', /wrk/ci/prod/2024.1/hls_product/continuous/545/2024.1/src/shared/hls/clib/hlsmath/src/c/powdouble.cpp:7->/cm/shared/package/vivado/Vitis_HLS/2024.1/tps/lnx64/gcc-8.3.0/lib/gcc/x86_64-pc-linux-gnu/8.3.0/../../../../include/c++/8.3.0/cmath:418->flood_HLS_base.cpp:96) to 'pow_generic<double>' [293]  (2.916 ns)

 <State 154>: 2.916ns
The critical path consists of the following:
	'call' operation 64 bit ('tmp', /wrk/ci/prod/2024.1/hls_product/continuous/545/2024.1/src/shared/hls/clib/hlsmath/src/c/powdouble.cpp:7->/cm/shared/package/vivado/Vitis_HLS/2024.1/tps/lnx64/gcc-8.3.0/lib/gcc/x86_64-pc-linux-gnu/8.3.0/../../../../include/c++/8.3.0/cmath:418->flood_HLS_base.cpp:96) to 'pow_generic<double>' [293]  (2.916 ns)

 <State 155>: 2.916ns
The critical path consists of the following:
	'call' operation 64 bit ('tmp', /wrk/ci/prod/2024.1/hls_product/continuous/545/2024.1/src/shared/hls/clib/hlsmath/src/c/powdouble.cpp:7->/cm/shared/package/vivado/Vitis_HLS/2024.1/tps/lnx64/gcc-8.3.0/lib/gcc/x86_64-pc-linux-gnu/8.3.0/../../../../include/c++/8.3.0/cmath:418->flood_HLS_base.cpp:96) to 'pow_generic<double>' [293]  (2.916 ns)

 <State 156>: 2.916ns
The critical path consists of the following:
	'call' operation 64 bit ('tmp', /wrk/ci/prod/2024.1/hls_product/continuous/545/2024.1/src/shared/hls/clib/hlsmath/src/c/powdouble.cpp:7->/cm/shared/package/vivado/Vitis_HLS/2024.1/tps/lnx64/gcc-8.3.0/lib/gcc/x86_64-pc-linux-gnu/8.3.0/../../../../include/c++/8.3.0/cmath:418->flood_HLS_base.cpp:96) to 'pow_generic<double>' [293]  (2.916 ns)

 <State 157>: 2.916ns
The critical path consists of the following:
	'call' operation 64 bit ('tmp', /wrk/ci/prod/2024.1/hls_product/continuous/545/2024.1/src/shared/hls/clib/hlsmath/src/c/powdouble.cpp:7->/cm/shared/package/vivado/Vitis_HLS/2024.1/tps/lnx64/gcc-8.3.0/lib/gcc/x86_64-pc-linux-gnu/8.3.0/../../../../include/c++/8.3.0/cmath:418->flood_HLS_base.cpp:96) to 'pow_generic<double>' [293]  (2.916 ns)

 <State 158>: 2.916ns
The critical path consists of the following:
	'call' operation 64 bit ('tmp', /wrk/ci/prod/2024.1/hls_product/continuous/545/2024.1/src/shared/hls/clib/hlsmath/src/c/powdouble.cpp:7->/cm/shared/package/vivado/Vitis_HLS/2024.1/tps/lnx64/gcc-8.3.0/lib/gcc/x86_64-pc-linux-gnu/8.3.0/../../../../include/c++/8.3.0/cmath:418->flood_HLS_base.cpp:96) to 'pow_generic<double>' [293]  (2.916 ns)

 <State 159>: 2.916ns
The critical path consists of the following:
	'call' operation 64 bit ('tmp', /wrk/ci/prod/2024.1/hls_product/continuous/545/2024.1/src/shared/hls/clib/hlsmath/src/c/powdouble.cpp:7->/cm/shared/package/vivado/Vitis_HLS/2024.1/tps/lnx64/gcc-8.3.0/lib/gcc/x86_64-pc-linux-gnu/8.3.0/../../../../include/c++/8.3.0/cmath:418->flood_HLS_base.cpp:96) to 'pow_generic<double>' [293]  (2.916 ns)

 <State 160>: 2.916ns
The critical path consists of the following:
	'call' operation 64 bit ('tmp', /wrk/ci/prod/2024.1/hls_product/continuous/545/2024.1/src/shared/hls/clib/hlsmath/src/c/powdouble.cpp:7->/cm/shared/package/vivado/Vitis_HLS/2024.1/tps/lnx64/gcc-8.3.0/lib/gcc/x86_64-pc-linux-gnu/8.3.0/../../../../include/c++/8.3.0/cmath:418->flood_HLS_base.cpp:96) to 'pow_generic<double>' [293]  (2.916 ns)

 <State 161>: 2.916ns
The critical path consists of the following:
	'call' operation 64 bit ('tmp', /wrk/ci/prod/2024.1/hls_product/continuous/545/2024.1/src/shared/hls/clib/hlsmath/src/c/powdouble.cpp:7->/cm/shared/package/vivado/Vitis_HLS/2024.1/tps/lnx64/gcc-8.3.0/lib/gcc/x86_64-pc-linux-gnu/8.3.0/../../../../include/c++/8.3.0/cmath:418->flood_HLS_base.cpp:96) to 'pow_generic<double>' [293]  (2.916 ns)

 <State 162>: 2.916ns
The critical path consists of the following:
	'call' operation 64 bit ('tmp', /wrk/ci/prod/2024.1/hls_product/continuous/545/2024.1/src/shared/hls/clib/hlsmath/src/c/powdouble.cpp:7->/cm/shared/package/vivado/Vitis_HLS/2024.1/tps/lnx64/gcc-8.3.0/lib/gcc/x86_64-pc-linux-gnu/8.3.0/../../../../include/c++/8.3.0/cmath:418->flood_HLS_base.cpp:96) to 'pow_generic<double>' [293]  (2.916 ns)

 <State 163>: 2.916ns
The critical path consists of the following:
	'call' operation 64 bit ('tmp', /wrk/ci/prod/2024.1/hls_product/continuous/545/2024.1/src/shared/hls/clib/hlsmath/src/c/powdouble.cpp:7->/cm/shared/package/vivado/Vitis_HLS/2024.1/tps/lnx64/gcc-8.3.0/lib/gcc/x86_64-pc-linux-gnu/8.3.0/../../../../include/c++/8.3.0/cmath:418->flood_HLS_base.cpp:96) to 'pow_generic<double>' [293]  (2.916 ns)

 <State 164>: 2.916ns
The critical path consists of the following:
	'call' operation 64 bit ('tmp', /wrk/ci/prod/2024.1/hls_product/continuous/545/2024.1/src/shared/hls/clib/hlsmath/src/c/powdouble.cpp:7->/cm/shared/package/vivado/Vitis_HLS/2024.1/tps/lnx64/gcc-8.3.0/lib/gcc/x86_64-pc-linux-gnu/8.3.0/../../../../include/c++/8.3.0/cmath:418->flood_HLS_base.cpp:96) to 'pow_generic<double>' [293]  (2.916 ns)

 <State 165>: 2.916ns
The critical path consists of the following:
	'call' operation 64 bit ('tmp', /wrk/ci/prod/2024.1/hls_product/continuous/545/2024.1/src/shared/hls/clib/hlsmath/src/c/powdouble.cpp:7->/cm/shared/package/vivado/Vitis_HLS/2024.1/tps/lnx64/gcc-8.3.0/lib/gcc/x86_64-pc-linux-gnu/8.3.0/../../../../include/c++/8.3.0/cmath:418->flood_HLS_base.cpp:96) to 'pow_generic<double>' [293]  (2.916 ns)

 <State 166>: 2.916ns
The critical path consists of the following:
	'call' operation 64 bit ('tmp', /wrk/ci/prod/2024.1/hls_product/continuous/545/2024.1/src/shared/hls/clib/hlsmath/src/c/powdouble.cpp:7->/cm/shared/package/vivado/Vitis_HLS/2024.1/tps/lnx64/gcc-8.3.0/lib/gcc/x86_64-pc-linux-gnu/8.3.0/../../../../include/c++/8.3.0/cmath:418->flood_HLS_base.cpp:96) to 'pow_generic<double>' [293]  (2.916 ns)

 <State 167>: 2.916ns
The critical path consists of the following:
	'call' operation 64 bit ('tmp', /wrk/ci/prod/2024.1/hls_product/continuous/545/2024.1/src/shared/hls/clib/hlsmath/src/c/powdouble.cpp:7->/cm/shared/package/vivado/Vitis_HLS/2024.1/tps/lnx64/gcc-8.3.0/lib/gcc/x86_64-pc-linux-gnu/8.3.0/../../../../include/c++/8.3.0/cmath:418->flood_HLS_base.cpp:96) to 'pow_generic<double>' [293]  (2.916 ns)

 <State 168>: 2.916ns
The critical path consists of the following:
	'call' operation 64 bit ('tmp', /wrk/ci/prod/2024.1/hls_product/continuous/545/2024.1/src/shared/hls/clib/hlsmath/src/c/powdouble.cpp:7->/cm/shared/package/vivado/Vitis_HLS/2024.1/tps/lnx64/gcc-8.3.0/lib/gcc/x86_64-pc-linux-gnu/8.3.0/../../../../include/c++/8.3.0/cmath:418->flood_HLS_base.cpp:96) to 'pow_generic<double>' [293]  (2.916 ns)

 <State 169>: 2.916ns
The critical path consists of the following:
	'call' operation 64 bit ('tmp', /wrk/ci/prod/2024.1/hls_product/continuous/545/2024.1/src/shared/hls/clib/hlsmath/src/c/powdouble.cpp:7->/cm/shared/package/vivado/Vitis_HLS/2024.1/tps/lnx64/gcc-8.3.0/lib/gcc/x86_64-pc-linux-gnu/8.3.0/../../../../include/c++/8.3.0/cmath:418->flood_HLS_base.cpp:96) to 'pow_generic<double>' [293]  (2.916 ns)

 <State 170>: 2.916ns
The critical path consists of the following:
	'call' operation 64 bit ('tmp', /wrk/ci/prod/2024.1/hls_product/continuous/545/2024.1/src/shared/hls/clib/hlsmath/src/c/powdouble.cpp:7->/cm/shared/package/vivado/Vitis_HLS/2024.1/tps/lnx64/gcc-8.3.0/lib/gcc/x86_64-pc-linux-gnu/8.3.0/../../../../include/c++/8.3.0/cmath:418->flood_HLS_base.cpp:96) to 'pow_generic<double>' [293]  (2.916 ns)

 <State 171>: 2.916ns
The critical path consists of the following:
	'call' operation 64 bit ('tmp', /wrk/ci/prod/2024.1/hls_product/continuous/545/2024.1/src/shared/hls/clib/hlsmath/src/c/powdouble.cpp:7->/cm/shared/package/vivado/Vitis_HLS/2024.1/tps/lnx64/gcc-8.3.0/lib/gcc/x86_64-pc-linux-gnu/8.3.0/../../../../include/c++/8.3.0/cmath:418->flood_HLS_base.cpp:96) to 'pow_generic<double>' [293]  (2.916 ns)

 <State 172>: 2.916ns
The critical path consists of the following:
	'call' operation 64 bit ('tmp', /wrk/ci/prod/2024.1/hls_product/continuous/545/2024.1/src/shared/hls/clib/hlsmath/src/c/powdouble.cpp:7->/cm/shared/package/vivado/Vitis_HLS/2024.1/tps/lnx64/gcc-8.3.0/lib/gcc/x86_64-pc-linux-gnu/8.3.0/../../../../include/c++/8.3.0/cmath:418->flood_HLS_base.cpp:96) to 'pow_generic<double>' [293]  (2.916 ns)

 <State 173>: 2.916ns
The critical path consists of the following:
	'call' operation 64 bit ('tmp', /wrk/ci/prod/2024.1/hls_product/continuous/545/2024.1/src/shared/hls/clib/hlsmath/src/c/powdouble.cpp:7->/cm/shared/package/vivado/Vitis_HLS/2024.1/tps/lnx64/gcc-8.3.0/lib/gcc/x86_64-pc-linux-gnu/8.3.0/../../../../include/c++/8.3.0/cmath:418->flood_HLS_base.cpp:96) to 'pow_generic<double>' [293]  (2.916 ns)

 <State 174>: 2.916ns
The critical path consists of the following:
	'call' operation 64 bit ('tmp', /wrk/ci/prod/2024.1/hls_product/continuous/545/2024.1/src/shared/hls/clib/hlsmath/src/c/powdouble.cpp:7->/cm/shared/package/vivado/Vitis_HLS/2024.1/tps/lnx64/gcc-8.3.0/lib/gcc/x86_64-pc-linux-gnu/8.3.0/../../../../include/c++/8.3.0/cmath:418->flood_HLS_base.cpp:96) to 'pow_generic<double>' [293]  (2.916 ns)

 <State 175>: 2.916ns
The critical path consists of the following:
	'call' operation 64 bit ('tmp', /wrk/ci/prod/2024.1/hls_product/continuous/545/2024.1/src/shared/hls/clib/hlsmath/src/c/powdouble.cpp:7->/cm/shared/package/vivado/Vitis_HLS/2024.1/tps/lnx64/gcc-8.3.0/lib/gcc/x86_64-pc-linux-gnu/8.3.0/../../../../include/c++/8.3.0/cmath:418->flood_HLS_base.cpp:96) to 'pow_generic<double>' [293]  (2.916 ns)

 <State 176>: 2.916ns
The critical path consists of the following:
	'call' operation 64 bit ('tmp', /wrk/ci/prod/2024.1/hls_product/continuous/545/2024.1/src/shared/hls/clib/hlsmath/src/c/powdouble.cpp:7->/cm/shared/package/vivado/Vitis_HLS/2024.1/tps/lnx64/gcc-8.3.0/lib/gcc/x86_64-pc-linux-gnu/8.3.0/../../../../include/c++/8.3.0/cmath:418->flood_HLS_base.cpp:96) to 'pow_generic<double>' [293]  (2.916 ns)

 <State 177>: 2.916ns
The critical path consists of the following:
	'call' operation 64 bit ('tmp', /wrk/ci/prod/2024.1/hls_product/continuous/545/2024.1/src/shared/hls/clib/hlsmath/src/c/powdouble.cpp:7->/cm/shared/package/vivado/Vitis_HLS/2024.1/tps/lnx64/gcc-8.3.0/lib/gcc/x86_64-pc-linux-gnu/8.3.0/../../../../include/c++/8.3.0/cmath:418->flood_HLS_base.cpp:96) to 'pow_generic<double>' [293]  (2.916 ns)

 <State 178>: 2.916ns
The critical path consists of the following:
	'call' operation 64 bit ('tmp', /wrk/ci/prod/2024.1/hls_product/continuous/545/2024.1/src/shared/hls/clib/hlsmath/src/c/powdouble.cpp:7->/cm/shared/package/vivado/Vitis_HLS/2024.1/tps/lnx64/gcc-8.3.0/lib/gcc/x86_64-pc-linux-gnu/8.3.0/../../../../include/c++/8.3.0/cmath:418->flood_HLS_base.cpp:96) to 'pow_generic<double>' [293]  (2.916 ns)

 <State 179>: 2.916ns
The critical path consists of the following:
	'call' operation 64 bit ('tmp', /wrk/ci/prod/2024.1/hls_product/continuous/545/2024.1/src/shared/hls/clib/hlsmath/src/c/powdouble.cpp:7->/cm/shared/package/vivado/Vitis_HLS/2024.1/tps/lnx64/gcc-8.3.0/lib/gcc/x86_64-pc-linux-gnu/8.3.0/../../../../include/c++/8.3.0/cmath:418->flood_HLS_base.cpp:96) to 'pow_generic<double>' [293]  (2.916 ns)

 <State 180>: 2.916ns
The critical path consists of the following:
	'call' operation 64 bit ('tmp', /wrk/ci/prod/2024.1/hls_product/continuous/545/2024.1/src/shared/hls/clib/hlsmath/src/c/powdouble.cpp:7->/cm/shared/package/vivado/Vitis_HLS/2024.1/tps/lnx64/gcc-8.3.0/lib/gcc/x86_64-pc-linux-gnu/8.3.0/../../../../include/c++/8.3.0/cmath:418->flood_HLS_base.cpp:96) to 'pow_generic<double>' [293]  (2.916 ns)

 <State 181>: 2.916ns
The critical path consists of the following:
	'call' operation 64 bit ('tmp', /wrk/ci/prod/2024.1/hls_product/continuous/545/2024.1/src/shared/hls/clib/hlsmath/src/c/powdouble.cpp:7->/cm/shared/package/vivado/Vitis_HLS/2024.1/tps/lnx64/gcc-8.3.0/lib/gcc/x86_64-pc-linux-gnu/8.3.0/../../../../include/c++/8.3.0/cmath:418->flood_HLS_base.cpp:96) to 'pow_generic<double>' [293]  (2.916 ns)

 <State 182>: 2.916ns
The critical path consists of the following:
	'call' operation 64 bit ('tmp', /wrk/ci/prod/2024.1/hls_product/continuous/545/2024.1/src/shared/hls/clib/hlsmath/src/c/powdouble.cpp:7->/cm/shared/package/vivado/Vitis_HLS/2024.1/tps/lnx64/gcc-8.3.0/lib/gcc/x86_64-pc-linux-gnu/8.3.0/../../../../include/c++/8.3.0/cmath:418->flood_HLS_base.cpp:96) to 'pow_generic<double>' [293]  (2.916 ns)

 <State 183>: 2.916ns
The critical path consists of the following:
	'call' operation 64 bit ('tmp', /wrk/ci/prod/2024.1/hls_product/continuous/545/2024.1/src/shared/hls/clib/hlsmath/src/c/powdouble.cpp:7->/cm/shared/package/vivado/Vitis_HLS/2024.1/tps/lnx64/gcc-8.3.0/lib/gcc/x86_64-pc-linux-gnu/8.3.0/../../../../include/c++/8.3.0/cmath:418->flood_HLS_base.cpp:96) to 'pow_generic<double>' [293]  (2.916 ns)

 <State 184>: 2.916ns
The critical path consists of the following:
	'call' operation 64 bit ('tmp', /wrk/ci/prod/2024.1/hls_product/continuous/545/2024.1/src/shared/hls/clib/hlsmath/src/c/powdouble.cpp:7->/cm/shared/package/vivado/Vitis_HLS/2024.1/tps/lnx64/gcc-8.3.0/lib/gcc/x86_64-pc-linux-gnu/8.3.0/../../../../include/c++/8.3.0/cmath:418->flood_HLS_base.cpp:96) to 'pow_generic<double>' [293]  (2.916 ns)

 <State 185>: 2.916ns
The critical path consists of the following:
	'call' operation 64 bit ('tmp', /wrk/ci/prod/2024.1/hls_product/continuous/545/2024.1/src/shared/hls/clib/hlsmath/src/c/powdouble.cpp:7->/cm/shared/package/vivado/Vitis_HLS/2024.1/tps/lnx64/gcc-8.3.0/lib/gcc/x86_64-pc-linux-gnu/8.3.0/../../../../include/c++/8.3.0/cmath:418->flood_HLS_base.cpp:96) to 'pow_generic<double>' [293]  (2.916 ns)

 <State 186>: 2.916ns
The critical path consists of the following:
	'call' operation 64 bit ('tmp', /wrk/ci/prod/2024.1/hls_product/continuous/545/2024.1/src/shared/hls/clib/hlsmath/src/c/powdouble.cpp:7->/cm/shared/package/vivado/Vitis_HLS/2024.1/tps/lnx64/gcc-8.3.0/lib/gcc/x86_64-pc-linux-gnu/8.3.0/../../../../include/c++/8.3.0/cmath:418->flood_HLS_base.cpp:96) to 'pow_generic<double>' [293]  (2.916 ns)

 <State 187>: 2.916ns
The critical path consists of the following:
	'call' operation 64 bit ('tmp', /wrk/ci/prod/2024.1/hls_product/continuous/545/2024.1/src/shared/hls/clib/hlsmath/src/c/powdouble.cpp:7->/cm/shared/package/vivado/Vitis_HLS/2024.1/tps/lnx64/gcc-8.3.0/lib/gcc/x86_64-pc-linux-gnu/8.3.0/../../../../include/c++/8.3.0/cmath:418->flood_HLS_base.cpp:96) to 'pow_generic<double>' [293]  (2.916 ns)

 <State 188>: 1.155ns
The critical path consists of the following:
	'call' operation 64 bit ('tmp', /wrk/ci/prod/2024.1/hls_product/continuous/545/2024.1/src/shared/hls/clib/hlsmath/src/c/powdouble.cpp:7->/cm/shared/package/vivado/Vitis_HLS/2024.1/tps/lnx64/gcc-8.3.0/lib/gcc/x86_64-pc-linux-gnu/8.3.0/../../../../include/c++/8.3.0/cmath:418->flood_HLS_base.cpp:96) to 'pow_generic<double>' [293]  (1.155 ns)

 <State 189>: 2.896ns
The critical path consists of the following:
	'dadd' operation 64 bit ('add5', flood_HLS_base.cpp:96) [295]  (2.896 ns)

 <State 190>: 2.896ns
The critical path consists of the following:
	'dadd' operation 64 bit ('add5', flood_HLS_base.cpp:96) [295]  (2.896 ns)

 <State 191>: 2.896ns
The critical path consists of the following:
	'dadd' operation 64 bit ('add5', flood_HLS_base.cpp:96) [295]  (2.896 ns)

 <State 192>: 2.896ns
The critical path consists of the following:
	'dadd' operation 64 bit ('add5', flood_HLS_base.cpp:96) [295]  (2.896 ns)

 <State 193>: 2.896ns
The critical path consists of the following:
	'dadd' operation 64 bit ('add5', flood_HLS_base.cpp:96) [295]  (2.896 ns)

 <State 194>: 2.899ns
The critical path consists of the following:
	'dsqrt' operation 64 bit ('tmp_1', flood_HLS_base.cpp:96) [296]  (2.899 ns)

 <State 195>: 2.899ns
The critical path consists of the following:
	'dsqrt' operation 64 bit ('tmp_1', flood_HLS_base.cpp:96) [296]  (2.899 ns)

 <State 196>: 2.899ns
The critical path consists of the following:
	'dsqrt' operation 64 bit ('tmp_1', flood_HLS_base.cpp:96) [296]  (2.899 ns)

 <State 197>: 2.899ns
The critical path consists of the following:
	'dsqrt' operation 64 bit ('tmp_1', flood_HLS_base.cpp:96) [296]  (2.899 ns)

 <State 198>: 2.899ns
The critical path consists of the following:
	'dsqrt' operation 64 bit ('tmp_1', flood_HLS_base.cpp:96) [296]  (2.899 ns)

 <State 199>: 2.899ns
The critical path consists of the following:
	'dsqrt' operation 64 bit ('tmp_1', flood_HLS_base.cpp:96) [296]  (2.899 ns)

 <State 200>: 2.899ns
The critical path consists of the following:
	'dsqrt' operation 64 bit ('tmp_1', flood_HLS_base.cpp:96) [296]  (2.899 ns)

 <State 201>: 2.899ns
The critical path consists of the following:
	'dsqrt' operation 64 bit ('tmp_1', flood_HLS_base.cpp:96) [296]  (2.899 ns)

 <State 202>: 2.899ns
The critical path consists of the following:
	'dsqrt' operation 64 bit ('tmp_1', flood_HLS_base.cpp:96) [296]  (2.899 ns)

 <State 203>: 2.899ns
The critical path consists of the following:
	'dsqrt' operation 64 bit ('tmp_1', flood_HLS_base.cpp:96) [296]  (2.899 ns)

 <State 204>: 2.899ns
The critical path consists of the following:
	'dsqrt' operation 64 bit ('tmp_1', flood_HLS_base.cpp:96) [296]  (2.899 ns)

 <State 205>: 2.899ns
The critical path consists of the following:
	'dsqrt' operation 64 bit ('tmp_1', flood_HLS_base.cpp:96) [296]  (2.899 ns)

 <State 206>: 2.899ns
The critical path consists of the following:
	'dsqrt' operation 64 bit ('tmp_1', flood_HLS_base.cpp:96) [296]  (2.899 ns)

 <State 207>: 2.899ns
The critical path consists of the following:
	'dsqrt' operation 64 bit ('tmp_1', flood_HLS_base.cpp:96) [296]  (2.899 ns)

 <State 208>: 2.899ns
The critical path consists of the following:
	'dsqrt' operation 64 bit ('tmp_1', flood_HLS_base.cpp:96) [296]  (2.899 ns)

 <State 209>: 2.899ns
The critical path consists of the following:
	'dsqrt' operation 64 bit ('tmp_1', flood_HLS_base.cpp:96) [296]  (2.899 ns)

 <State 210>: 2.899ns
The critical path consists of the following:
	'dsqrt' operation 64 bit ('tmp_1', flood_HLS_base.cpp:96) [296]  (2.899 ns)

 <State 211>: 2.899ns
The critical path consists of the following:
	'dsqrt' operation 64 bit ('tmp_1', flood_HLS_base.cpp:96) [296]  (2.899 ns)

 <State 212>: 2.899ns
The critical path consists of the following:
	'dsqrt' operation 64 bit ('tmp_1', flood_HLS_base.cpp:96) [296]  (2.899 ns)

 <State 213>: 2.899ns
The critical path consists of the following:
	'dsqrt' operation 64 bit ('tmp_1', flood_HLS_base.cpp:96) [296]  (2.899 ns)

 <State 214>: 2.899ns
The critical path consists of the following:
	'dsqrt' operation 64 bit ('tmp_1', flood_HLS_base.cpp:96) [296]  (2.899 ns)

 <State 215>: 1.825ns
The critical path consists of the following:
	'fptrunc' operation 32 bit ('distance', flood_HLS_base.cpp:96) [297]  (1.825 ns)

 <State 216>: 1.825ns
The critical path consists of the following:
	'fptrunc' operation 32 bit ('distance', flood_HLS_base.cpp:96) [297]  (1.825 ns)

 <State 217>: 1.649ns
The critical path consists of the following:
	'fcmp' operation 1 bit ('tmp_25', flood_HLS_base.cpp:97) [308]  (1.649 ns)

 <State 218>: 2.360ns
The critical path consists of the following:
	'add' operation 9 bit ('add_ln317_2', /wrk/ci/prod/2024.1/hls_product/continuous/545/2024.1/src/shared/hls/clib/src/hls/utils/x_hls_utils.h:317->/wrk/ci/prod/2024.1/hls_product/continuous/545/2024.1/src/shared/hls/clib/hlsmath/include/FloatingPoint/hls_case_IEEE754.h:18->/wrk/ci/prod/2024.1/hls_product/continuous/545/2024.1/src/shared/hls/clib/hlsmath/include/FloatingPoint/hls_case_IEEE754.h:117->/wrk/ci/prod/2024.1/hls_product/continuous/545/2024.1/src/shared/hls/clib/hlsmath/src/lib_floatconversion.cpp:51->flood_HLS_base.cpp:101) [374]  (0.705 ns)
	'select' operation 9 bit ('select_ln18_4', /wrk/ci/prod/2024.1/hls_product/continuous/545/2024.1/src/shared/hls/clib/hlsmath/include/FloatingPoint/hls_case_IEEE754.h:18->/wrk/ci/prod/2024.1/hls_product/continuous/545/2024.1/src/shared/hls/clib/hlsmath/include/FloatingPoint/hls_case_IEEE754.h:117->/wrk/ci/prod/2024.1/hls_product/continuous/545/2024.1/src/shared/hls/clib/hlsmath/src/lib_floatconversion.cpp:51->flood_HLS_base.cpp:101) [378]  (0.303 ns)
	'lshr' operation 79 bit ('lshr_ln18_2', /wrk/ci/prod/2024.1/hls_product/continuous/545/2024.1/src/shared/hls/clib/hlsmath/include/FloatingPoint/hls_case_IEEE754.h:18->/wrk/ci/prod/2024.1/hls_product/continuous/545/2024.1/src/shared/hls/clib/hlsmath/include/FloatingPoint/hls_case_IEEE754.h:117->/wrk/ci/prod/2024.1/hls_product/continuous/545/2024.1/src/shared/hls/clib/hlsmath/src/lib_floatconversion.cpp:51->flood_HLS_base.cpp:101) [381]  (1.053 ns)
	'select' operation 12 bit ('val', /wrk/ci/prod/2024.1/hls_product/continuous/545/2024.1/src/shared/hls/clib/hlsmath/include/FloatingPoint/hls_case_IEEE754.h:18->/wrk/ci/prod/2024.1/hls_product/continuous/545/2024.1/src/shared/hls/clib/hlsmath/include/FloatingPoint/hls_case_IEEE754.h:117->/wrk/ci/prod/2024.1/hls_product/continuous/545/2024.1/src/shared/hls/clib/hlsmath/src/lib_floatconversion.cpp:51->flood_HLS_base.cpp:101) [385]  (0.299 ns)

 <State 219>: 2.327ns
The critical path consists of the following:
	'fdiv' operation 32 bit ('div2', flood_HLS_base.cpp:98) [312]  (2.327 ns)

 <State 220>: 2.327ns
The critical path consists of the following:
	'fdiv' operation 32 bit ('div2', flood_HLS_base.cpp:98) [312]  (2.327 ns)

 <State 221>: 2.327ns
The critical path consists of the following:
	'fdiv' operation 32 bit ('div2', flood_HLS_base.cpp:98) [312]  (2.327 ns)

 <State 222>: 2.327ns
The critical path consists of the following:
	'fdiv' operation 32 bit ('div2', flood_HLS_base.cpp:98) [312]  (2.327 ns)

 <State 223>: 2.327ns
The critical path consists of the following:
	'fdiv' operation 32 bit ('div2', flood_HLS_base.cpp:98) [312]  (2.327 ns)

 <State 224>: 2.327ns
The critical path consists of the following:
	'fdiv' operation 32 bit ('div2', flood_HLS_base.cpp:98) [312]  (2.327 ns)

 <State 225>: 2.327ns
The critical path consists of the following:
	'fdiv' operation 32 bit ('div2', flood_HLS_base.cpp:98) [312]  (2.327 ns)

 <State 226>: 2.327ns
The critical path consists of the following:
	'fdiv' operation 32 bit ('div2', flood_HLS_base.cpp:98) [312]  (2.327 ns)

 <State 227>: 2.327ns
The critical path consists of the following:
	'fdiv' operation 32 bit ('div2', flood_HLS_base.cpp:98) [312]  (2.327 ns)

 <State 228>: 2.327ns
The critical path consists of the following:
	'fdiv' operation 32 bit ('div2', flood_HLS_base.cpp:98) [312]  (2.327 ns)

 <State 229>: 2.327ns
The critical path consists of the following:
	'fdiv' operation 32 bit ('div2', flood_HLS_base.cpp:98) [312]  (2.327 ns)

 <State 230>: 2.322ns
The critical path consists of the following:
	'fmul' operation 32 bit ('mul2', flood_HLS_base.cpp:98) [314]  (2.322 ns)

 <State 231>: 2.322ns
The critical path consists of the following:
	'fmul' operation 32 bit ('mul2', flood_HLS_base.cpp:98) [314]  (2.322 ns)

 <State 232>: 2.322ns
The critical path consists of the following:
	'fmul' operation 32 bit ('mul2', flood_HLS_base.cpp:98) [314]  (2.322 ns)

 <State 233>: 2.322ns
The critical path consists of the following:
	'fmul' operation 32 bit ('mul2', flood_HLS_base.cpp:98) [314]  (2.322 ns)

 <State 234>: 2.342ns
The critical path consists of the following:
	'fsub' operation 32 bit ('sub4', flood_HLS_base.cpp:98) [315]  (2.342 ns)

 <State 235>: 2.342ns
The critical path consists of the following:
	'fsub' operation 32 bit ('sub4', flood_HLS_base.cpp:98) [315]  (2.342 ns)

 <State 236>: 2.342ns
The critical path consists of the following:
	'fsub' operation 32 bit ('sub4', flood_HLS_base.cpp:98) [315]  (2.342 ns)

 <State 237>: 2.342ns
The critical path consists of the following:
	'fsub' operation 32 bit ('sub4', flood_HLS_base.cpp:98) [315]  (2.342 ns)

 <State 238>: 2.342ns
The critical path consists of the following:
	'fsub' operation 32 bit ('sub4', flood_HLS_base.cpp:98) [315]  (2.342 ns)

 <State 239>: 2.342ns
The critical path consists of the following:
	'fsub' operation 32 bit ('sub4', flood_HLS_base.cpp:98) [315]  (2.342 ns)

 <State 240>: 2.342ns
The critical path consists of the following:
	'fsub' operation 32 bit ('sub4', flood_HLS_base.cpp:98) [315]  (2.342 ns)

 <State 241>: 1.649ns
The critical path consists of the following:
	'fcmp' operation 1 bit ('tmp_27', flood_HLS_base.cpp:98) [322]  (1.649 ns)

 <State 242>: 1.876ns
The critical path consists of the following:
	'fcmp' operation 1 bit ('tmp_27', flood_HLS_base.cpp:98) [322]  (1.649 ns)
	'and' operation 1 bit ('and_ln98', flood_HLS_base.cpp:98) [323]  (0.000 ns)
	'select' operation 32 bit ('select_ln98', flood_HLS_base.cpp:98) [324]  (0.227 ns)

 <State 243>: 2.322ns
The critical path consists of the following:
	'fmul' operation 32 bit ('rain', flood_HLS_base.cpp:98) [325]  (2.322 ns)

 <State 244>: 2.322ns
The critical path consists of the following:
	'fmul' operation 32 bit ('rain', flood_HLS_base.cpp:98) [325]  (2.322 ns)

 <State 245>: 2.322ns
The critical path consists of the following:
	'fmul' operation 32 bit ('rain', flood_HLS_base.cpp:98) [325]  (2.322 ns)

 <State 246>: 2.322ns
The critical path consists of the following:
	'fmul' operation 32 bit ('rain', flood_HLS_base.cpp:98) [325]  (2.322 ns)

 <State 247>: 2.327ns
The critical path consists of the following:
	'fdiv' operation 32 bit ('div3', flood_HLS_base.cpp:99) [326]  (2.327 ns)

 <State 248>: 2.327ns
The critical path consists of the following:
	'fdiv' operation 32 bit ('div3', flood_HLS_base.cpp:99) [326]  (2.327 ns)

 <State 249>: 2.327ns
The critical path consists of the following:
	'fdiv' operation 32 bit ('div3', flood_HLS_base.cpp:99) [326]  (2.327 ns)

 <State 250>: 2.327ns
The critical path consists of the following:
	'fdiv' operation 32 bit ('div3', flood_HLS_base.cpp:99) [326]  (2.327 ns)

 <State 251>: 2.327ns
The critical path consists of the following:
	'fdiv' operation 32 bit ('div3', flood_HLS_base.cpp:99) [326]  (2.327 ns)

 <State 252>: 2.327ns
The critical path consists of the following:
	'fdiv' operation 32 bit ('div3', flood_HLS_base.cpp:99) [326]  (2.327 ns)

 <State 253>: 2.327ns
The critical path consists of the following:
	'fdiv' operation 32 bit ('div3', flood_HLS_base.cpp:99) [326]  (2.327 ns)

 <State 254>: 2.327ns
The critical path consists of the following:
	'fdiv' operation 32 bit ('div3', flood_HLS_base.cpp:99) [326]  (2.327 ns)

 <State 255>: 2.327ns
The critical path consists of the following:
	'fdiv' operation 32 bit ('div3', flood_HLS_base.cpp:99) [326]  (2.327 ns)

 <State 256>: 2.327ns
The critical path consists of the following:
	'fdiv' operation 32 bit ('div3', flood_HLS_base.cpp:99) [326]  (2.327 ns)

 <State 257>: 2.327ns
The critical path consists of the following:
	'fdiv' operation 32 bit ('div3', flood_HLS_base.cpp:99) [326]  (2.327 ns)

 <State 258>: 2.327ns
The critical path consists of the following:
	'fdiv' operation 32 bit ('div3', flood_HLS_base.cpp:99) [326]  (2.327 ns)

 <State 259>: 2.327ns
The critical path consists of the following:
	'fdiv' operation 32 bit ('meters_per_minute', flood_HLS_base.cpp:99) [327]  (2.327 ns)

 <State 260>: 2.327ns
The critical path consists of the following:
	'fdiv' operation 32 bit ('meters_per_minute', flood_HLS_base.cpp:99) [327]  (2.327 ns)

 <State 261>: 2.327ns
The critical path consists of the following:
	'fdiv' operation 32 bit ('meters_per_minute', flood_HLS_base.cpp:99) [327]  (2.327 ns)

 <State 262>: 2.327ns
The critical path consists of the following:
	'fdiv' operation 32 bit ('meters_per_minute', flood_HLS_base.cpp:99) [327]  (2.327 ns)

 <State 263>: 2.327ns
The critical path consists of the following:
	'fdiv' operation 32 bit ('meters_per_minute', flood_HLS_base.cpp:99) [327]  (2.327 ns)

 <State 264>: 2.327ns
The critical path consists of the following:
	'fdiv' operation 32 bit ('meters_per_minute', flood_HLS_base.cpp:99) [327]  (2.327 ns)

 <State 265>: 2.327ns
The critical path consists of the following:
	'fdiv' operation 32 bit ('meters_per_minute', flood_HLS_base.cpp:99) [327]  (2.327 ns)

 <State 266>: 2.327ns
The critical path consists of the following:
	'fdiv' operation 32 bit ('meters_per_minute', flood_HLS_base.cpp:99) [327]  (2.327 ns)

 <State 267>: 2.327ns
The critical path consists of the following:
	'fdiv' operation 32 bit ('meters_per_minute', flood_HLS_base.cpp:99) [327]  (2.327 ns)

 <State 268>: 2.327ns
The critical path consists of the following:
	'fdiv' operation 32 bit ('meters_per_minute', flood_HLS_base.cpp:99) [327]  (2.327 ns)

 <State 269>: 2.327ns
The critical path consists of the following:
	'fdiv' operation 32 bit ('meters_per_minute', flood_HLS_base.cpp:99) [327]  (2.327 ns)

 <State 270>: 2.327ns
The critical path consists of the following:
	'fdiv' operation 32 bit ('meters_per_minute', flood_HLS_base.cpp:99) [327]  (2.327 ns)

 <State 271>: 2.322ns
The critical path consists of the following:
	'fmul' operation 32 bit ('x', flood_HLS_base.cpp:101) [328]  (2.322 ns)

 <State 272>: 2.322ns
The critical path consists of the following:
	'fmul' operation 32 bit ('x', flood_HLS_base.cpp:101) [328]  (2.322 ns)

 <State 273>: 2.322ns
The critical path consists of the following:
	'fmul' operation 32 bit ('x', flood_HLS_base.cpp:101) [328]  (2.322 ns)

 <State 274>: 2.322ns
The critical path consists of the following:
	'fmul' operation 32 bit ('x', flood_HLS_base.cpp:101) [328]  (2.322 ns)

 <State 275>: 2.288ns
The critical path consists of the following:
	'add' operation 9 bit ('add_ln317', /wrk/ci/prod/2024.1/hls_product/continuous/545/2024.1/src/shared/hls/clib/src/hls/utils/x_hls_utils.h:317->/wrk/ci/prod/2024.1/hls_product/continuous/545/2024.1/src/shared/hls/clib/hlsmath/include/FloatingPoint/hls_case_IEEE754.h:18->/wrk/ci/prod/2024.1/hls_product/continuous/545/2024.1/src/shared/hls/clib/hlsmath/include/FloatingPoint/hls_case_IEEE754.h:117->/wrk/ci/prod/2024.1/hls_product/continuous/545/2024.1/src/shared/hls/clib/hlsmath/src/lib_floatconversion.cpp:51->flood_HLS_base.cpp:101) [336]  (0.705 ns)
	'select' operation 9 bit ('select_ln18', /wrk/ci/prod/2024.1/hls_product/continuous/545/2024.1/src/shared/hls/clib/hlsmath/include/FloatingPoint/hls_case_IEEE754.h:18->/wrk/ci/prod/2024.1/hls_product/continuous/545/2024.1/src/shared/hls/clib/hlsmath/include/FloatingPoint/hls_case_IEEE754.h:117->/wrk/ci/prod/2024.1/hls_product/continuous/545/2024.1/src/shared/hls/clib/hlsmath/src/lib_floatconversion.cpp:51->flood_HLS_base.cpp:101) [340]  (0.303 ns)
	'lshr' operation 79 bit ('lshr_ln18', /wrk/ci/prod/2024.1/hls_product/continuous/545/2024.1/src/shared/hls/clib/hlsmath/include/FloatingPoint/hls_case_IEEE754.h:18->/wrk/ci/prod/2024.1/hls_product/continuous/545/2024.1/src/shared/hls/clib/hlsmath/include/FloatingPoint/hls_case_IEEE754.h:117->/wrk/ci/prod/2024.1/hls_product/continuous/545/2024.1/src/shared/hls/clib/hlsmath/src/lib_floatconversion.cpp:51->flood_HLS_base.cpp:101) [343]  (1.053 ns)
	'select' operation 32 bit ('val', /wrk/ci/prod/2024.1/hls_product/continuous/545/2024.1/src/shared/hls/clib/hlsmath/include/FloatingPoint/hls_case_IEEE754.h:18->/wrk/ci/prod/2024.1/hls_product/continuous/545/2024.1/src/shared/hls/clib/hlsmath/include/FloatingPoint/hls_case_IEEE754.h:117->/wrk/ci/prod/2024.1/hls_product/continuous/545/2024.1/src/shared/hls/clib/hlsmath/src/lib_floatconversion.cpp:51->flood_HLS_base.cpp:101) [347]  (0.227 ns)

 <State 276>: 2.525ns
The critical path consists of the following:
	'load' operation 32 bit ('water_level_load_2', flood_HLS_base.cpp:101) on array 'water_level', flood_HLS_base.cpp:34 [391]  (1.645 ns)
	'add' operation 32 bit ('add_ln101', flood_HLS_base.cpp:101) [392]  (0.880 ns)

 <State 277>: 2.342ns
The critical path consists of the following:
	'fadd' operation 32 bit ('col_pos', flood_HLS_base.cpp:93) [401]  (2.342 ns)

 <State 278>: 2.342ns
The critical path consists of the following:
	'fadd' operation 32 bit ('col_pos', flood_HLS_base.cpp:93) [401]  (2.342 ns)

 <State 279>: 2.342ns
The critical path consists of the following:
	'fadd' operation 32 bit ('col_pos', flood_HLS_base.cpp:93) [401]  (2.342 ns)

 <State 280>: 2.342ns
The critical path consists of the following:
	'fadd' operation 32 bit ('col_pos', flood_HLS_base.cpp:93) [401]  (2.342 ns)

 <State 281>: 2.342ns
The critical path consists of the following:
	'fadd' operation 32 bit ('col_pos', flood_HLS_base.cpp:93) [401]  (2.342 ns)

 <State 282>: 2.342ns
The critical path consists of the following:
	'fadd' operation 32 bit ('col_pos', flood_HLS_base.cpp:93) [401]  (2.342 ns)

 <State 283>: 2.342ns
The critical path consists of the following:
	'fadd' operation 32 bit ('col_pos', flood_HLS_base.cpp:93) [401]  (2.342 ns)

 <State 284>: 2.342ns
The critical path consists of the following:
	'fadd' operation 32 bit ('row_pos', flood_HLS_base.cpp:92) [404]  (2.342 ns)

 <State 285>: 2.342ns
The critical path consists of the following:
	'fadd' operation 32 bit ('row_pos', flood_HLS_base.cpp:92) [404]  (2.342 ns)

 <State 286>: 2.342ns
The critical path consists of the following:
	'fadd' operation 32 bit ('row_pos', flood_HLS_base.cpp:92) [404]  (2.342 ns)

 <State 287>: 2.342ns
The critical path consists of the following:
	'fadd' operation 32 bit ('row_pos', flood_HLS_base.cpp:92) [404]  (2.342 ns)

 <State 288>: 2.342ns
The critical path consists of the following:
	'fadd' operation 32 bit ('row_pos', flood_HLS_base.cpp:92) [404]  (2.342 ns)

 <State 289>: 2.342ns
The critical path consists of the following:
	'fadd' operation 32 bit ('row_pos', flood_HLS_base.cpp:92) [404]  (2.342 ns)

 <State 290>: 1.093ns
The critical path consists of the following:
	'phi' operation 12 bit ('phi_mul12', flood_HLS_base.cpp:109) with incoming values : ('add_ln109_1', flood_HLS_base.cpp:109) [413]  (0.000 ns)
	'add' operation 12 bit ('add_ln109_1', flood_HLS_base.cpp:109) [414]  (0.745 ns)
	blocking operation 0.3485 ns on control path)

 <State 291>: 2.390ns
The critical path consists of the following:
	'phi' operation 6 bit ('col_pos', flood_HLS_base.cpp:110) with incoming values : ('add_ln110', flood_HLS_base.cpp:110) [425]  (0.000 ns)
	'add' operation 12 bit ('add_ln117', flood_HLS_base.cpp:117) [431]  (0.745 ns)
	'getelementptr' operation 12 bit ('water_level_addr_2', flood_HLS_base.cpp:111) [434]  (0.000 ns)
	'load' operation 32 bit ('water_level_load_1', flood_HLS_base.cpp:111) on array 'water_level', flood_HLS_base.cpp:34 [439]  (1.645 ns)

 <State 292>: 2.912ns
The critical path consists of the following:
	'load' operation 32 bit ('water_level_load_1', flood_HLS_base.cpp:111) on array 'water_level', flood_HLS_base.cpp:34 [439]  (1.645 ns)
	'icmp' operation 1 bit ('icmp_ln111', flood_HLS_base.cpp:111) [440]  (0.880 ns)
	multiplexor before 'phi' operation 416 bit ('empty_92', flood_HLS_base.cpp:102) with incoming values : ('p_load', flood_HLS_base.cpp:253) ('or_ln1', flood_HLS_base.cpp:102) ('or_ln3', flood_HLS_base.cpp:168) [677]  (0.387 ns)

 <State 293>: 2.662ns
The critical path consists of the following:
	'sitofp' operation 32 bit ('conv3', flood_HLS_base.cpp:117) [445]  (2.662 ns)

 <State 294>: 2.662ns
The critical path consists of the following:
	'sitofp' operation 32 bit ('conv3', flood_HLS_base.cpp:117) [445]  (2.662 ns)

 <State 295>: 2.662ns
The critical path consists of the following:
	'sitofp' operation 32 bit ('conv3', flood_HLS_base.cpp:117) [445]  (2.662 ns)

 <State 296>: 2.662ns
The critical path consists of the following:
	'sitofp' operation 32 bit ('conv3', flood_HLS_base.cpp:117) [445]  (2.662 ns)

 <State 297>: 2.327ns
The critical path consists of the following:
	'fdiv' operation 32 bit ('div9', flood_HLS_base.cpp:117) [446]  (2.327 ns)

 <State 298>: 2.327ns
The critical path consists of the following:
	'fdiv' operation 32 bit ('div9', flood_HLS_base.cpp:117) [446]  (2.327 ns)

 <State 299>: 2.327ns
The critical path consists of the following:
	'fdiv' operation 32 bit ('div9', flood_HLS_base.cpp:117) [446]  (2.327 ns)

 <State 300>: 2.327ns
The critical path consists of the following:
	'fdiv' operation 32 bit ('div9', flood_HLS_base.cpp:117) [446]  (2.327 ns)

 <State 301>: 2.327ns
The critical path consists of the following:
	'fdiv' operation 32 bit ('div9', flood_HLS_base.cpp:117) [446]  (2.327 ns)

 <State 302>: 2.327ns
The critical path consists of the following:
	'fdiv' operation 32 bit ('div9', flood_HLS_base.cpp:117) [446]  (2.327 ns)

 <State 303>: 2.327ns
The critical path consists of the following:
	'fdiv' operation 32 bit ('div9', flood_HLS_base.cpp:117) [446]  (2.327 ns)

 <State 304>: 2.327ns
The critical path consists of the following:
	'fdiv' operation 32 bit ('div9', flood_HLS_base.cpp:117) [446]  (2.327 ns)

 <State 305>: 2.327ns
The critical path consists of the following:
	'fdiv' operation 32 bit ('div9', flood_HLS_base.cpp:117) [446]  (2.327 ns)

 <State 306>: 2.327ns
The critical path consists of the following:
	'fdiv' operation 32 bit ('div9', flood_HLS_base.cpp:117) [446]  (2.327 ns)

 <State 307>: 2.327ns
The critical path consists of the following:
	'fdiv' operation 32 bit ('div9', flood_HLS_base.cpp:117) [446]  (2.327 ns)

 <State 308>: 2.327ns
The critical path consists of the following:
	'fdiv' operation 32 bit ('div9', flood_HLS_base.cpp:117) [446]  (2.327 ns)

 <State 309>: 2.342ns
The critical path consists of the following:
	'fadd' operation 32 bit ('current_height', flood_HLS_base.cpp:117) [447]  (2.342 ns)

 <State 310>: 2.342ns
The critical path consists of the following:
	'fadd' operation 32 bit ('current_height', flood_HLS_base.cpp:117) [447]  (2.342 ns)

 <State 311>: 2.342ns
The critical path consists of the following:
	'fadd' operation 32 bit ('current_height', flood_HLS_base.cpp:117) [447]  (2.342 ns)

 <State 312>: 2.342ns
The critical path consists of the following:
	'fadd' operation 32 bit ('current_height', flood_HLS_base.cpp:117) [447]  (2.342 ns)

 <State 313>: 2.342ns
The critical path consists of the following:
	'fadd' operation 32 bit ('current_height', flood_HLS_base.cpp:117) [447]  (2.342 ns)

 <State 314>: 2.342ns
The critical path consists of the following:
	'fadd' operation 32 bit ('current_height', flood_HLS_base.cpp:117) [447]  (2.342 ns)

 <State 315>: 2.342ns
The critical path consists of the following:
	'fadd' operation 32 bit ('current_height', flood_HLS_base.cpp:117) [447]  (2.342 ns)

 <State 316>: 0.827ns
The critical path consists of the following:
	'icmp' operation 1 bit ('icmp_ln139_1', flood_HLS_base.cpp:139) [451]  (0.827 ns)

 <State 317>: 1.649ns
The critical path consists of the following:
	'phi' operation 32 bit ('my_spillage_level') with incoming values : ('my_spillage_level', flood_HLS_base.cpp:139) [455]  (0.000 ns)
	'fcmp' operation 1 bit ('tmp_37', flood_HLS_base.cpp:145) [537]  (1.649 ns)

 <State 318>: 2.341ns
The critical path consists of the following:
	'load' operation 2 bit ('displacements_0_load', flood_HLS_base.cpp:122) on array 'displacements_0' [465]  (0.639 ns)
	'add' operation 7 bit ('new_row', flood_HLS_base.cpp:122) [467]  (0.706 ns)
	'mul' operation 12 bit of DSP[479] ('mul_ln134', flood_HLS_base.cpp:134) [477]  (0.996 ns)

 <State 319>: 0.996ns
The critical path consists of the following:
	'mul' operation 12 bit of DSP[479] ('mul_ln134', flood_HLS_base.cpp:134) [477]  (0.996 ns)

 <State 320>: 1.412ns
The critical path consists of the following:
	'add' operation 7 bit ('new_col', flood_HLS_base.cpp:123) [471]  (0.706 ns)
	'icmp' operation 1 bit ('icmp_ln128_1', flood_HLS_base.cpp:128) [473]  (0.706 ns)

 <State 321>: 2.290ns
The critical path consists of the following:
	'add' operation 12 bit of DSP[479] ('add_ln134', flood_HLS_base.cpp:134) [479]  (0.645 ns)
	'getelementptr' operation 12 bit ('p_ground_addr_1', flood_HLS_base.cpp:134) [481]  (0.000 ns)
	'load' operation 32 bit ('p_ground_load_1', flood_HLS_base.cpp:134) on array 'p_ground' [483]  (1.645 ns)

 <State 322>: 1.645ns
The critical path consists of the following:
	'load' operation 32 bit ('p_ground_load_1', flood_HLS_base.cpp:134) on array 'p_ground' [483]  (1.645 ns)

 <State 323>: 2.662ns
The critical path consists of the following:
	'sitofp' operation 32 bit ('conv6', flood_HLS_base.cpp:134) [486]  (2.662 ns)

 <State 324>: 2.662ns
The critical path consists of the following:
	'sitofp' operation 32 bit ('conv6', flood_HLS_base.cpp:134) [486]  (2.662 ns)

 <State 325>: 2.662ns
The critical path consists of the following:
	'sitofp' operation 32 bit ('conv6', flood_HLS_base.cpp:134) [486]  (2.662 ns)

 <State 326>: 2.662ns
The critical path consists of the following:
	'sitofp' operation 32 bit ('conv6', flood_HLS_base.cpp:134) [486]  (2.662 ns)

 <State 327>: 2.327ns
The critical path consists of the following:
	'fdiv' operation 32 bit ('div4', flood_HLS_base.cpp:134) [487]  (2.327 ns)

 <State 328>: 2.327ns
The critical path consists of the following:
	'fdiv' operation 32 bit ('div4', flood_HLS_base.cpp:134) [487]  (2.327 ns)

 <State 329>: 2.327ns
The critical path consists of the following:
	'fdiv' operation 32 bit ('div4', flood_HLS_base.cpp:134) [487]  (2.327 ns)

 <State 330>: 2.327ns
The critical path consists of the following:
	'fdiv' operation 32 bit ('div4', flood_HLS_base.cpp:134) [487]  (2.327 ns)

 <State 331>: 2.327ns
The critical path consists of the following:
	'fdiv' operation 32 bit ('div4', flood_HLS_base.cpp:134) [487]  (2.327 ns)

 <State 332>: 2.327ns
The critical path consists of the following:
	'fdiv' operation 32 bit ('div4', flood_HLS_base.cpp:134) [487]  (2.327 ns)

 <State 333>: 2.327ns
The critical path consists of the following:
	'fdiv' operation 32 bit ('div4', flood_HLS_base.cpp:134) [487]  (2.327 ns)

 <State 334>: 2.327ns
The critical path consists of the following:
	'fdiv' operation 32 bit ('div4', flood_HLS_base.cpp:134) [487]  (2.327 ns)

 <State 335>: 2.327ns
The critical path consists of the following:
	'fdiv' operation 32 bit ('div4', flood_HLS_base.cpp:134) [487]  (2.327 ns)

 <State 336>: 2.327ns
The critical path consists of the following:
	'fdiv' operation 32 bit ('div4', flood_HLS_base.cpp:134) [487]  (2.327 ns)

 <State 337>: 2.327ns
The critical path consists of the following:
	'fdiv' operation 32 bit ('div4', flood_HLS_base.cpp:134) [487]  (2.327 ns)

 <State 338>: 2.327ns
The critical path consists of the following:
	'fdiv' operation 32 bit ('div4', flood_HLS_base.cpp:134) [487]  (2.327 ns)

 <State 339>: 2.342ns
The critical path consists of the following:
	'fadd' operation 32 bit ('neighbor_height', flood_HLS_base.cpp:134) [488]  (2.342 ns)

 <State 340>: 2.342ns
The critical path consists of the following:
	'fadd' operation 32 bit ('neighbor_height', flood_HLS_base.cpp:134) [488]  (2.342 ns)

 <State 341>: 2.342ns
The critical path consists of the following:
	'fadd' operation 32 bit ('neighbor_height', flood_HLS_base.cpp:134) [488]  (2.342 ns)

 <State 342>: 2.342ns
The critical path consists of the following:
	'fadd' operation 32 bit ('neighbor_height', flood_HLS_base.cpp:134) [488]  (2.342 ns)

 <State 343>: 2.342ns
The critical path consists of the following:
	'fadd' operation 32 bit ('neighbor_height', flood_HLS_base.cpp:134) [488]  (2.342 ns)

 <State 344>: 2.342ns
The critical path consists of the following:
	'fadd' operation 32 bit ('neighbor_height', flood_HLS_base.cpp:134) [488]  (2.342 ns)

 <State 345>: 2.569ns
The critical path consists of the following:
	'fadd' operation 32 bit ('neighbor_height', flood_HLS_base.cpp:134) [488]  (2.342 ns)
	'select' operation 32 bit ('neighbor_height', flood_HLS_base.cpp:128) [489]  (0.227 ns)

 <State 346>: 2.342ns
The critical path consists of the following:
	'fsub' operation 32 bit ('height_diff', flood_HLS_base.cpp:140) [502]  (2.342 ns)

 <State 347>: 2.342ns
The critical path consists of the following:
	'fsub' operation 32 bit ('height_diff', flood_HLS_base.cpp:140) [502]  (2.342 ns)

 <State 348>: 2.342ns
The critical path consists of the following:
	'fsub' operation 32 bit ('height_diff', flood_HLS_base.cpp:140) [502]  (2.342 ns)

 <State 349>: 2.342ns
The critical path consists of the following:
	'fsub' operation 32 bit ('height_diff', flood_HLS_base.cpp:140) [502]  (2.342 ns)

 <State 350>: 2.342ns
The critical path consists of the following:
	'fsub' operation 32 bit ('height_diff', flood_HLS_base.cpp:140) [502]  (2.342 ns)

 <State 351>: 2.342ns
The critical path consists of the following:
	'fsub' operation 32 bit ('height_diff', flood_HLS_base.cpp:140) [502]  (2.342 ns)

 <State 352>: 2.342ns
The critical path consists of the following:
	'fsub' operation 32 bit ('height_diff', flood_HLS_base.cpp:140) [502]  (2.342 ns)

 <State 353>: 2.342ns
The critical path consists of the following:
	'fadd' operation 32 bit ('sum_diff', flood_HLS_base.cpp:141) [503]  (2.342 ns)

 <State 354>: 2.342ns
The critical path consists of the following:
	'fadd' operation 32 bit ('sum_diff', flood_HLS_base.cpp:141) [503]  (2.342 ns)

 <State 355>: 2.342ns
The critical path consists of the following:
	'fadd' operation 32 bit ('sum_diff', flood_HLS_base.cpp:141) [503]  (2.342 ns)

 <State 356>: 2.342ns
The critical path consists of the following:
	'fadd' operation 32 bit ('sum_diff', flood_HLS_base.cpp:141) [503]  (2.342 ns)

 <State 357>: 2.342ns
The critical path consists of the following:
	'fadd' operation 32 bit ('sum_diff', flood_HLS_base.cpp:141) [503]  (2.342 ns)

 <State 358>: 2.342ns
The critical path consists of the following:
	'fadd' operation 32 bit ('sum_diff', flood_HLS_base.cpp:141) [503]  (2.342 ns)

 <State 359>: 2.569ns
The critical path consists of the following:
	'fadd' operation 32 bit ('sum_diff', flood_HLS_base.cpp:141) [503]  (2.342 ns)
	'select' operation 32 bit ('sum_diff', flood_HLS_base.cpp:139) [520]  (0.227 ns)

 <State 360>: 2.158ns
The critical path consists of the following:
	'fcmp' operation 1 bit ('tmp_39', flood_HLS_base.cpp:148) [546]  (1.649 ns)
	'and' operation 1 bit ('and_ln148', flood_HLS_base.cpp:148) [547]  (0.122 ns)
	multiplexor before 'phi' operation 416 bit ('empty_92', flood_HLS_base.cpp:102) with incoming values : ('p_load', flood_HLS_base.cpp:253) ('or_ln1', flood_HLS_base.cpp:102) ('or_ln3', flood_HLS_base.cpp:168) [677]  (0.387 ns)

 <State 361>: 2.327ns
The critical path consists of the following:
	'fdiv' operation 32 bit ('proportion', flood_HLS_base.cpp:149) [550]  (2.327 ns)

 <State 362>: 2.327ns
The critical path consists of the following:
	'fdiv' operation 32 bit ('proportion', flood_HLS_base.cpp:149) [550]  (2.327 ns)

 <State 363>: 2.327ns
The critical path consists of the following:
	'fdiv' operation 32 bit ('proportion', flood_HLS_base.cpp:149) [550]  (2.327 ns)

 <State 364>: 2.327ns
The critical path consists of the following:
	'fdiv' operation 32 bit ('proportion', flood_HLS_base.cpp:149) [550]  (2.327 ns)

 <State 365>: 2.327ns
The critical path consists of the following:
	'fdiv' operation 32 bit ('proportion', flood_HLS_base.cpp:149) [550]  (2.327 ns)

 <State 366>: 2.327ns
The critical path consists of the following:
	'fdiv' operation 32 bit ('proportion', flood_HLS_base.cpp:149) [550]  (2.327 ns)

 <State 367>: 2.327ns
The critical path consists of the following:
	'fdiv' operation 32 bit ('proportion', flood_HLS_base.cpp:149) [550]  (2.327 ns)

 <State 368>: 2.327ns
The critical path consists of the following:
	'fdiv' operation 32 bit ('proportion', flood_HLS_base.cpp:149) [550]  (2.327 ns)

 <State 369>: 2.327ns
The critical path consists of the following:
	'fdiv' operation 32 bit ('proportion', flood_HLS_base.cpp:149) [550]  (2.327 ns)

 <State 370>: 2.327ns
The critical path consists of the following:
	'fdiv' operation 32 bit ('proportion', flood_HLS_base.cpp:149) [550]  (2.327 ns)

 <State 371>: 2.327ns
The critical path consists of the following:
	'fdiv' operation 32 bit ('proportion', flood_HLS_base.cpp:149) [550]  (2.327 ns)

 <State 372>: 2.327ns
The critical path consists of the following:
	'fdiv' operation 32 bit ('proportion', flood_HLS_base.cpp:149) [550]  (2.327 ns)

 <State 373>: 1.540ns
The critical path consists of the following:
	'fpext' operation 64 bit ('conv5', flood_HLS_base.cpp:151) [551]  (1.540 ns)

 <State 374>: 1.540ns
The critical path consists of the following:
	'fpext' operation 64 bit ('conv5', flood_HLS_base.cpp:151) [551]  (1.540 ns)

 <State 375>: 2.011ns
The critical path consists of the following:
	'dcmp' operation 1 bit ('tmp_49', flood_HLS_base.cpp:151) [558]  (2.011 ns)

 <State 376>: 2.520ns
The critical path consists of the following:
	'dcmp' operation 1 bit ('tmp_49', flood_HLS_base.cpp:151) [558]  (2.011 ns)
	'and' operation 1 bit ('and_ln151', flood_HLS_base.cpp:151) [559]  (0.122 ns)
	multiplexor before 'phi' operation 416 bit ('empty_92', flood_HLS_base.cpp:102) with incoming values : ('p_load', flood_HLS_base.cpp:253) ('or_ln1', flood_HLS_base.cpp:102) ('or_ln3', flood_HLS_base.cpp:168) [677]  (0.387 ns)

 <State 377>: 2.342ns
The critical path consists of the following:
	'fsub' operation 32 bit ('sub5', flood_HLS_base.cpp:117) [575]  (2.342 ns)

 <State 378>: 2.342ns
The critical path consists of the following:
	'fsub' operation 32 bit ('sub5', flood_HLS_base.cpp:117) [575]  (2.342 ns)

 <State 379>: 2.342ns
The critical path consists of the following:
	'fsub' operation 32 bit ('sub5', flood_HLS_base.cpp:117) [575]  (2.342 ns)

 <State 380>: 2.342ns
The critical path consists of the following:
	'fsub' operation 32 bit ('sub5', flood_HLS_base.cpp:117) [575]  (2.342 ns)

 <State 381>: 2.342ns
The critical path consists of the following:
	'fsub' operation 32 bit ('sub5', flood_HLS_base.cpp:117) [575]  (2.342 ns)

 <State 382>: 2.342ns
The critical path consists of the following:
	'fsub' operation 32 bit ('sub5', flood_HLS_base.cpp:117) [575]  (2.342 ns)

 <State 383>: 2.322ns
The critical path consists of the following:
	'fmul' operation 32 bit ('mul6', flood_HLS_base.cpp:149) [576]  (2.322 ns)

 <State 384>: 2.322ns
The critical path consists of the following:
	'fmul' operation 32 bit ('mul6', flood_HLS_base.cpp:149) [576]  (2.322 ns)

 <State 385>: 2.322ns
The critical path consists of the following:
	'fmul' operation 32 bit ('mul6', flood_HLS_base.cpp:149) [576]  (2.322 ns)

 <State 386>: 2.322ns
The critical path consists of the following:
	'fmul' operation 32 bit ('mul6', flood_HLS_base.cpp:149) [576]  (2.322 ns)

 <State 387>: 2.322ns
The critical path consists of the following:
	'fmul' operation 32 bit ('div5', flood_HLS_base.cpp:149) [577]  (2.322 ns)

 <State 388>: 2.322ns
The critical path consists of the following:
	'fmul' operation 32 bit ('div5', flood_HLS_base.cpp:149) [577]  (2.322 ns)

 <State 389>: 2.322ns
The critical path consists of the following:
	'fmul' operation 32 bit ('div5', flood_HLS_base.cpp:149) [577]  (2.322 ns)

 <State 390>: 2.322ns
The critical path consists of the following:
	'fmul' operation 32 bit ('div5', flood_HLS_base.cpp:149) [577]  (2.322 ns)

 <State 391>: 2.322ns
The critical path consists of the following:
	'fmul' operation 32 bit ('x', flood_HLS_base.cpp:149) [578]  (2.322 ns)

 <State 392>: 2.322ns
The critical path consists of the following:
	'fmul' operation 32 bit ('x', flood_HLS_base.cpp:149) [578]  (2.322 ns)

 <State 393>: 2.322ns
The critical path consists of the following:
	'fmul' operation 32 bit ('x', flood_HLS_base.cpp:149) [578]  (2.322 ns)

 <State 394>: 2.322ns
The critical path consists of the following:
	'fmul' operation 32 bit ('x', flood_HLS_base.cpp:149) [578]  (2.322 ns)

 <State 395>: 0.959ns
The critical path consists of the following:
	'phi' operation 3 bit ('cell_pos', flood_HLS_base.cpp:156) with incoming values : ('add_ln156', flood_HLS_base.cpp:156) [583]  (0.000 ns)
	'getelementptr' operation 2 bit ('displacements_0_addr_1', flood_HLS_base.cpp:157) [592]  (0.000 ns)
	'load' operation 2 bit ('displacements_0_load_1', flood_HLS_base.cpp:157) on array 'displacements_0' [593]  (0.639 ns)
	blocking operation 0.32 ns on control path)

 <State 396>: 2.560ns
The critical path consists of the following:
	'load' operation 2 bit ('displacements_0_load_1', flood_HLS_base.cpp:157) on array 'displacements_0' [593]  (0.639 ns)
	'add' operation 7 bit ('new_row', flood_HLS_base.cpp:157) [595]  (0.706 ns)
	'mul' operation 12 bit of DSP[610] ('mul_ln173', flood_HLS_base.cpp:173) [607]  (0.996 ns)
	blocking operation 0.21875 ns on control path)

 <State 397>: 0.996ns
The critical path consists of the following:
	'mul' operation 12 bit of DSP[610] ('mul_ln173', flood_HLS_base.cpp:173) [607]  (0.996 ns)

 <State 398>: 0.645ns
The critical path consists of the following:
	'mul' operation 12 bit of DSP[610] ('mul_ln173', flood_HLS_base.cpp:173) [607]  (0.000 ns)
	'add' operation 12 bit of DSP[610] ('add_ln173', flood_HLS_base.cpp:173) [610]  (0.645 ns)

 <State 399>: 2.290ns
The critical path consists of the following:
	'add' operation 12 bit of DSP[610] ('add_ln173', flood_HLS_base.cpp:173) [610]  (0.645 ns)
	'getelementptr' operation 12 bit ('p_ground_addr_2', flood_HLS_base.cpp:173) [612]  (0.000 ns)
	'load' operation 32 bit ('p_ground_load_2', flood_HLS_base.cpp:173) on array 'p_ground' [618]  (1.645 ns)

 <State 400>: 1.645ns
The critical path consists of the following:
	'load' operation 32 bit ('p_ground_load_2', flood_HLS_base.cpp:173) on array 'p_ground' [618]  (1.645 ns)

 <State 401>: 2.662ns
The critical path consists of the following:
	'sitofp' operation 32 bit ('conv7', flood_HLS_base.cpp:174) [621]  (2.662 ns)

 <State 402>: 2.662ns
The critical path consists of the following:
	'sitofp' operation 32 bit ('conv7', flood_HLS_base.cpp:174) [621]  (2.662 ns)

 <State 403>: 2.662ns
The critical path consists of the following:
	'sitofp' operation 32 bit ('conv7', flood_HLS_base.cpp:174) [621]  (2.662 ns)

 <State 404>: 2.662ns
The critical path consists of the following:
	'sitofp' operation 32 bit ('conv7', flood_HLS_base.cpp:174) [621]  (2.662 ns)

 <State 405>: 2.327ns
The critical path consists of the following:
	'fdiv' operation 32 bit ('div8', flood_HLS_base.cpp:174) [622]  (2.327 ns)

 <State 406>: 2.327ns
The critical path consists of the following:
	'fdiv' operation 32 bit ('div8', flood_HLS_base.cpp:174) [622]  (2.327 ns)

 <State 407>: 2.327ns
The critical path consists of the following:
	'fdiv' operation 32 bit ('div8', flood_HLS_base.cpp:174) [622]  (2.327 ns)

 <State 408>: 2.327ns
The critical path consists of the following:
	'fdiv' operation 32 bit ('div8', flood_HLS_base.cpp:174) [622]  (2.327 ns)

 <State 409>: 2.327ns
The critical path consists of the following:
	'fdiv' operation 32 bit ('div8', flood_HLS_base.cpp:174) [622]  (2.327 ns)

 <State 410>: 2.327ns
The critical path consists of the following:
	'fdiv' operation 32 bit ('div8', flood_HLS_base.cpp:174) [622]  (2.327 ns)

 <State 411>: 2.327ns
The critical path consists of the following:
	'fdiv' operation 32 bit ('div8', flood_HLS_base.cpp:174) [622]  (2.327 ns)

 <State 412>: 2.327ns
The critical path consists of the following:
	'fdiv' operation 32 bit ('div8', flood_HLS_base.cpp:174) [622]  (2.327 ns)

 <State 413>: 2.327ns
The critical path consists of the following:
	'fdiv' operation 32 bit ('div8', flood_HLS_base.cpp:174) [622]  (2.327 ns)

 <State 414>: 2.327ns
The critical path consists of the following:
	'fdiv' operation 32 bit ('div8', flood_HLS_base.cpp:174) [622]  (2.327 ns)

 <State 415>: 2.327ns
The critical path consists of the following:
	'fdiv' operation 32 bit ('div8', flood_HLS_base.cpp:174) [622]  (2.327 ns)

 <State 416>: 2.327ns
The critical path consists of the following:
	'fdiv' operation 32 bit ('div8', flood_HLS_base.cpp:174) [622]  (2.327 ns)

 <State 417>: 2.342ns
The critical path consists of the following:
	'fadd' operation 32 bit ('neighbor_height', flood_HLS_base.cpp:173) [623]  (2.342 ns)

 <State 418>: 2.342ns
The critical path consists of the following:
	'fadd' operation 32 bit ('neighbor_height', flood_HLS_base.cpp:173) [623]  (2.342 ns)

 <State 419>: 2.342ns
The critical path consists of the following:
	'fadd' operation 32 bit ('neighbor_height', flood_HLS_base.cpp:173) [623]  (2.342 ns)

 <State 420>: 2.342ns
The critical path consists of the following:
	'fadd' operation 32 bit ('neighbor_height', flood_HLS_base.cpp:173) [623]  (2.342 ns)

 <State 421>: 2.342ns
The critical path consists of the following:
	'fadd' operation 32 bit ('neighbor_height', flood_HLS_base.cpp:173) [623]  (2.342 ns)

 <State 422>: 2.342ns
The critical path consists of the following:
	'fadd' operation 32 bit ('neighbor_height', flood_HLS_base.cpp:173) [623]  (2.342 ns)

 <State 423>: 2.342ns
The critical path consists of the following:
	'fadd' operation 32 bit ('neighbor_height', flood_HLS_base.cpp:173) [623]  (2.342 ns)

 <State 424>: 1.649ns
The critical path consists of the following:
	'fcmp' operation 1 bit ('tmp_54', flood_HLS_base.cpp:175) [631]  (1.649 ns)

 <State 425>: 2.342ns
The critical path consists of the following:
	'fsub' operation 32 bit ('sub7', flood_HLS_base.cpp:177) [635]  (2.342 ns)

 <State 426>: 2.342ns
The critical path consists of the following:
	'fsub' operation 32 bit ('sub7', flood_HLS_base.cpp:177) [635]  (2.342 ns)

 <State 427>: 2.342ns
The critical path consists of the following:
	'fsub' operation 32 bit ('sub7', flood_HLS_base.cpp:177) [635]  (2.342 ns)

 <State 428>: 2.342ns
The critical path consists of the following:
	'fsub' operation 32 bit ('sub7', flood_HLS_base.cpp:177) [635]  (2.342 ns)

 <State 429>: 2.342ns
The critical path consists of the following:
	'fsub' operation 32 bit ('sub7', flood_HLS_base.cpp:177) [635]  (2.342 ns)

 <State 430>: 2.342ns
The critical path consists of the following:
	'fsub' operation 32 bit ('sub7', flood_HLS_base.cpp:177) [635]  (2.342 ns)

 <State 431>: 2.342ns
The critical path consists of the following:
	'fsub' operation 32 bit ('sub7', flood_HLS_base.cpp:177) [635]  (2.342 ns)

 <State 432>: 2.322ns
The critical path consists of the following:
	'fmul' operation 32 bit ('mul9', flood_HLS_base.cpp:177) [636]  (2.322 ns)

 <State 433>: 2.322ns
The critical path consists of the following:
	'fmul' operation 32 bit ('mul9', flood_HLS_base.cpp:177) [636]  (2.322 ns)

 <State 434>: 2.322ns
The critical path consists of the following:
	'fmul' operation 32 bit ('mul9', flood_HLS_base.cpp:177) [636]  (2.322 ns)

 <State 435>: 2.322ns
The critical path consists of the following:
	'fmul' operation 32 bit ('mul9', flood_HLS_base.cpp:177) [636]  (2.322 ns)

 <State 436>: 1.248ns
The critical path consists of the following:
	'store' operation 0 bit ('store_ln177', flood_HLS_base.cpp:177) of variable 'mul9', flood_HLS_base.cpp:177 on array 'spillage_from_neigh', flood_HLS_base.cpp:37 [637]  (1.248 ns)

 <State 437>: 2.288ns
The critical path consists of the following:
	'add' operation 9 bit ('add_ln317_5', /wrk/ci/prod/2024.1/hls_product/continuous/545/2024.1/src/shared/hls/clib/src/hls/utils/x_hls_utils.h:317->/wrk/ci/prod/2024.1/hls_product/continuous/545/2024.1/src/shared/hls/clib/hlsmath/include/FloatingPoint/hls_case_IEEE754.h:18->/wrk/ci/prod/2024.1/hls_product/continuous/545/2024.1/src/shared/hls/clib/hlsmath/include/FloatingPoint/hls_case_IEEE754.h:117->/wrk/ci/prod/2024.1/hls_product/continuous/545/2024.1/src/shared/hls/clib/hlsmath/src/lib_floatconversion.cpp:51->flood_HLS_base.cpp:169) [650]  (0.705 ns)
	'select' operation 9 bit ('select_ln18_10', /wrk/ci/prod/2024.1/hls_product/continuous/545/2024.1/src/shared/hls/clib/hlsmath/include/FloatingPoint/hls_case_IEEE754.h:18->/wrk/ci/prod/2024.1/hls_product/continuous/545/2024.1/src/shared/hls/clib/hlsmath/include/FloatingPoint/hls_case_IEEE754.h:117->/wrk/ci/prod/2024.1/hls_product/continuous/545/2024.1/src/shared/hls/clib/hlsmath/src/lib_floatconversion.cpp:51->flood_HLS_base.cpp:169) [654]  (0.303 ns)
	'lshr' operation 79 bit ('lshr_ln18_5', /wrk/ci/prod/2024.1/hls_product/continuous/545/2024.1/src/shared/hls/clib/hlsmath/include/FloatingPoint/hls_case_IEEE754.h:18->/wrk/ci/prod/2024.1/hls_product/continuous/545/2024.1/src/shared/hls/clib/hlsmath/include/FloatingPoint/hls_case_IEEE754.h:117->/wrk/ci/prod/2024.1/hls_product/continuous/545/2024.1/src/shared/hls/clib/hlsmath/src/lib_floatconversion.cpp:51->flood_HLS_base.cpp:169) [657]  (1.053 ns)
	'select' operation 32 bit ('val', /wrk/ci/prod/2024.1/hls_product/continuous/545/2024.1/src/shared/hls/clib/hlsmath/include/FloatingPoint/hls_case_IEEE754.h:18->/wrk/ci/prod/2024.1/hls_product/continuous/545/2024.1/src/shared/hls/clib/hlsmath/include/FloatingPoint/hls_case_IEEE754.h:117->/wrk/ci/prod/2024.1/hls_product/continuous/545/2024.1/src/shared/hls/clib/hlsmath/src/lib_floatconversion.cpp:51->flood_HLS_base.cpp:169) [661]  (0.227 ns)

 <State 438>: 2.027ns
The critical path consists of the following:
	'sub' operation 32 bit ('result', /wrk/ci/prod/2024.1/hls_product/continuous/545/2024.1/src/shared/hls/clib/hlsmath/include/FloatingPoint/hls_case_IEEE754.h:59->/wrk/ci/prod/2024.1/hls_product/continuous/545/2024.1/src/shared/hls/clib/hlsmath/include/FloatingPoint/hls_case_IEEE754.h:117->/wrk/ci/prod/2024.1/hls_product/continuous/545/2024.1/src/shared/hls/clib/hlsmath/src/lib_floatconversion.cpp:51->flood_HLS_base.cpp:169) [662]  (0.880 ns)
	'select' operation 32 bit ('result', /wrk/ci/prod/2024.1/hls_product/continuous/545/2024.1/src/shared/hls/clib/hlsmath/include/FloatingPoint/hls_case_IEEE754.h:59->/wrk/ci/prod/2024.1/hls_product/continuous/545/2024.1/src/shared/hls/clib/hlsmath/include/FloatingPoint/hls_case_IEEE754.h:117->/wrk/ci/prod/2024.1/hls_product/continuous/545/2024.1/src/shared/hls/clib/hlsmath/src/lib_floatconversion.cpp:51->flood_HLS_base.cpp:169) [663]  (0.000 ns)
	'add' operation 64 bit ('add_ln168', flood_HLS_base.cpp:168) [666]  (1.147 ns)

 <State 439>: 0.000ns
The critical path consists of the following:

 <State 440>: 0.000ns
The critical path consists of the following:

 <State 441>: 1.093ns
The critical path consists of the following:
	'phi' operation 12 bit ('phi_mul14', flood_HLS_base.cpp:191) with incoming values : ('add_ln191_1', flood_HLS_base.cpp:191) [687]  (0.000 ns)
	'add' operation 12 bit ('add_ln191_1', flood_HLS_base.cpp:191) [688]  (0.745 ns)
	blocking operation 0.3485 ns on control path)

 <State 442>: 2.390ns
The critical path consists of the following:
	'phi' operation 6 bit ('col_pos', flood_HLS_base.cpp:193) with incoming values : ('add_ln193', flood_HLS_base.cpp:193) [698]  (0.000 ns)
	'add' operation 12 bit ('add_ln196', flood_HLS_base.cpp:196) [705]  (0.745 ns)
	'getelementptr' operation 12 bit ('spillage_flag_addr_1', flood_HLS_base.cpp:199) [708]  (0.000 ns)
	'load' operation 32 bit ('spillage_flag_load', flood_HLS_base.cpp:199) on array 'spillage_flag', flood_HLS_base.cpp:35 [714]  (1.645 ns)

 <State 443>: 1.645ns
The critical path consists of the following:
	'load' operation 32 bit ('spillage_flag_load', flood_HLS_base.cpp:199) on array 'spillage_flag', flood_HLS_base.cpp:35 [714]  (1.645 ns)

 <State 444>: 2.322ns
The critical path consists of the following:
	'fmul' operation 32 bit ('spill', flood_HLS_base.cpp:202) [724]  (2.322 ns)

 <State 445>: 2.322ns
The critical path consists of the following:
	'fmul' operation 32 bit ('spill', flood_HLS_base.cpp:202) [724]  (2.322 ns)

 <State 446>: 2.322ns
The critical path consists of the following:
	'fmul' operation 32 bit ('spill', flood_HLS_base.cpp:202) [724]  (2.322 ns)

 <State 447>: 2.322ns
The critical path consists of the following:
	'fmul' operation 32 bit ('spill', flood_HLS_base.cpp:202) [724]  (2.322 ns)

 <State 448>: 2.322ns
The critical path consists of the following:
	'fmul' operation 32 bit ('x', flood_HLS_base.cpp:203) [725]  (2.322 ns)

 <State 449>: 2.322ns
The critical path consists of the following:
	'fmul' operation 32 bit ('x', flood_HLS_base.cpp:203) [725]  (2.322 ns)

 <State 450>: 2.322ns
The critical path consists of the following:
	'fmul' operation 32 bit ('x', flood_HLS_base.cpp:203) [725]  (2.322 ns)

 <State 451>: 2.833ns
The critical path consists of the following:
	'dcmp' operation 1 bit ('tmp_32', flood_HLS_base.cpp:207) [762]  (2.011 ns)
	'and' operation 1 bit ('and_ln207_1', flood_HLS_base.cpp:207) [763]  (0.000 ns)
	'select' operation 64 bit ('max_spillage_iter', flood_HLS_base.cpp:207) [764]  (0.411 ns)
	'select' operation 64 bit ('max_spillage_iter', flood_HLS_base.cpp:199) [780]  (0.411 ns)

 <State 452>: 2.288ns
The critical path consists of the following:
	'add' operation 9 bit ('add_ln317_3', /wrk/ci/prod/2024.1/hls_product/continuous/545/2024.1/src/shared/hls/clib/src/hls/utils/x_hls_utils.h:317->/wrk/ci/prod/2024.1/hls_product/continuous/545/2024.1/src/shared/hls/clib/hlsmath/include/FloatingPoint/hls_case_IEEE754.h:18->/wrk/ci/prod/2024.1/hls_product/continuous/545/2024.1/src/shared/hls/clib/hlsmath/include/FloatingPoint/hls_case_IEEE754.h:117->/wrk/ci/prod/2024.1/hls_product/continuous/545/2024.1/src/shared/hls/clib/hlsmath/src/lib_floatconversion.cpp:51->flood_HLS_base.cpp:203) [733]  (0.705 ns)
	'select' operation 9 bit ('select_ln18_6', /wrk/ci/prod/2024.1/hls_product/continuous/545/2024.1/src/shared/hls/clib/hlsmath/include/FloatingPoint/hls_case_IEEE754.h:18->/wrk/ci/prod/2024.1/hls_product/continuous/545/2024.1/src/shared/hls/clib/hlsmath/include/FloatingPoint/hls_case_IEEE754.h:117->/wrk/ci/prod/2024.1/hls_product/continuous/545/2024.1/src/shared/hls/clib/hlsmath/src/lib_floatconversion.cpp:51->flood_HLS_base.cpp:203) [737]  (0.303 ns)
	'lshr' operation 79 bit ('lshr_ln18_3', /wrk/ci/prod/2024.1/hls_product/continuous/545/2024.1/src/shared/hls/clib/hlsmath/include/FloatingPoint/hls_case_IEEE754.h:18->/wrk/ci/prod/2024.1/hls_product/continuous/545/2024.1/src/shared/hls/clib/hlsmath/include/FloatingPoint/hls_case_IEEE754.h:117->/wrk/ci/prod/2024.1/hls_product/continuous/545/2024.1/src/shared/hls/clib/hlsmath/src/lib_floatconversion.cpp:51->flood_HLS_base.cpp:203) [740]  (1.053 ns)
	'select' operation 32 bit ('val', /wrk/ci/prod/2024.1/hls_product/continuous/545/2024.1/src/shared/hls/clib/hlsmath/include/FloatingPoint/hls_case_IEEE754.h:18->/wrk/ci/prod/2024.1/hls_product/continuous/545/2024.1/src/shared/hls/clib/hlsmath/include/FloatingPoint/hls_case_IEEE754.h:117->/wrk/ci/prod/2024.1/hls_product/continuous/545/2024.1/src/shared/hls/clib/hlsmath/src/lib_floatconversion.cpp:51->flood_HLS_base.cpp:203) [744]  (0.227 ns)

 <State 453>: 2.752ns
The critical path consists of the following:
	'load' operation 32 bit ('wl', flood_HLS_base.cpp:196) on array 'water_level', flood_HLS_base.cpp:34 [713]  (1.645 ns)
	'sub' operation 32 bit ('wl', flood_HLS_base.cpp:204) [747]  (0.880 ns)
	'select' operation 32 bit ('wl', flood_HLS_base.cpp:199) [781]  (0.227 ns)

 <State 454>: 2.525ns
The critical path consists of the following:
	'phi' operation 32 bit ('spill_acc') with incoming values : ('spill_acc', flood_HLS_base.cpp:222) [785]  (0.000 ns)
	'add' operation 32 bit ('wl', flood_HLS_base.cpp:226) [823]  (0.880 ns)
	'store' operation 0 bit ('store_ln229', flood_HLS_base.cpp:229) of variable 'wl', flood_HLS_base.cpp:226 on array 'water_level', flood_HLS_base.cpp:34 [824]  (1.645 ns)

 <State 455>: 1.248ns
The critical path consists of the following:
	'load' operation 32 bit ('spillage_from_neigh_load', flood_HLS_base.cpp:222) on array 'spillage_from_neigh', flood_HLS_base.cpp:37 [796]  (1.248 ns)

 <State 456>: 2.322ns
The critical path consists of the following:
	'fmul' operation 32 bit ('div7', flood_HLS_base.cpp:222) [797]  (2.322 ns)

 <State 457>: 2.322ns
The critical path consists of the following:
	'fmul' operation 32 bit ('div7', flood_HLS_base.cpp:222) [797]  (2.322 ns)

 <State 458>: 2.322ns
The critical path consists of the following:
	'fmul' operation 32 bit ('div7', flood_HLS_base.cpp:222) [797]  (2.322 ns)

 <State 459>: 2.322ns
The critical path consists of the following:
	'fmul' operation 32 bit ('div7', flood_HLS_base.cpp:222) [797]  (2.322 ns)

 <State 460>: 2.322ns
The critical path consists of the following:
	'fmul' operation 32 bit ('x', flood_HLS_base.cpp:222) [798]  (2.322 ns)

 <State 461>: 2.322ns
The critical path consists of the following:
	'fmul' operation 32 bit ('x', flood_HLS_base.cpp:222) [798]  (2.322 ns)

 <State 462>: 2.322ns
The critical path consists of the following:
	'fmul' operation 32 bit ('x', flood_HLS_base.cpp:222) [798]  (2.322 ns)

 <State 463>: 2.322ns
The critical path consists of the following:
	'fmul' operation 32 bit ('x', flood_HLS_base.cpp:222) [798]  (2.322 ns)

 <State 464>: 2.288ns
The critical path consists of the following:
	'add' operation 9 bit ('add_ln317_4', /wrk/ci/prod/2024.1/hls_product/continuous/545/2024.1/src/shared/hls/clib/src/hls/utils/x_hls_utils.h:317->/wrk/ci/prod/2024.1/hls_product/continuous/545/2024.1/src/shared/hls/clib/hlsmath/include/FloatingPoint/hls_case_IEEE754.h:18->/wrk/ci/prod/2024.1/hls_product/continuous/545/2024.1/src/shared/hls/clib/hlsmath/include/FloatingPoint/hls_case_IEEE754.h:117->/wrk/ci/prod/2024.1/hls_product/continuous/545/2024.1/src/shared/hls/clib/hlsmath/src/lib_floatconversion.cpp:51->flood_HLS_base.cpp:222) [806]  (0.705 ns)
	'select' operation 9 bit ('select_ln18_8', /wrk/ci/prod/2024.1/hls_product/continuous/545/2024.1/src/shared/hls/clib/hlsmath/include/FloatingPoint/hls_case_IEEE754.h:18->/wrk/ci/prod/2024.1/hls_product/continuous/545/2024.1/src/shared/hls/clib/hlsmath/include/FloatingPoint/hls_case_IEEE754.h:117->/wrk/ci/prod/2024.1/hls_product/continuous/545/2024.1/src/shared/hls/clib/hlsmath/src/lib_floatconversion.cpp:51->flood_HLS_base.cpp:222) [810]  (0.303 ns)
	'lshr' operation 79 bit ('lshr_ln18_4', /wrk/ci/prod/2024.1/hls_product/continuous/545/2024.1/src/shared/hls/clib/hlsmath/include/FloatingPoint/hls_case_IEEE754.h:18->/wrk/ci/prod/2024.1/hls_product/continuous/545/2024.1/src/shared/hls/clib/hlsmath/include/FloatingPoint/hls_case_IEEE754.h:117->/wrk/ci/prod/2024.1/hls_product/continuous/545/2024.1/src/shared/hls/clib/hlsmath/src/lib_floatconversion.cpp:51->flood_HLS_base.cpp:222) [813]  (1.053 ns)
	'select' operation 32 bit ('val', /wrk/ci/prod/2024.1/hls_product/continuous/545/2024.1/src/shared/hls/clib/hlsmath/include/FloatingPoint/hls_case_IEEE754.h:18->/wrk/ci/prod/2024.1/hls_product/continuous/545/2024.1/src/shared/hls/clib/hlsmath/include/FloatingPoint/hls_case_IEEE754.h:117->/wrk/ci/prod/2024.1/hls_product/continuous/545/2024.1/src/shared/hls/clib/hlsmath/src/lib_floatconversion.cpp:51->flood_HLS_base.cpp:222) [817]  (0.227 ns)

 <State 465>: 1.760ns
The critical path consists of the following:
	'sub' operation 32 bit ('result', /wrk/ci/prod/2024.1/hls_product/continuous/545/2024.1/src/shared/hls/clib/hlsmath/include/FloatingPoint/hls_case_IEEE754.h:59->/wrk/ci/prod/2024.1/hls_product/continuous/545/2024.1/src/shared/hls/clib/hlsmath/include/FloatingPoint/hls_case_IEEE754.h:117->/wrk/ci/prod/2024.1/hls_product/continuous/545/2024.1/src/shared/hls/clib/hlsmath/src/lib_floatconversion.cpp:51->flood_HLS_base.cpp:222) [818]  (0.880 ns)
	'select' operation 32 bit ('result', /wrk/ci/prod/2024.1/hls_product/continuous/545/2024.1/src/shared/hls/clib/hlsmath/include/FloatingPoint/hls_case_IEEE754.h:59->/wrk/ci/prod/2024.1/hls_product/continuous/545/2024.1/src/shared/hls/clib/hlsmath/include/FloatingPoint/hls_case_IEEE754.h:117->/wrk/ci/prod/2024.1/hls_product/continuous/545/2024.1/src/shared/hls/clib/hlsmath/src/lib_floatconversion.cpp:51->flood_HLS_base.cpp:222) [819]  (0.000 ns)
	'add' operation 32 bit ('spill_acc', flood_HLS_base.cpp:222) [820]  (0.880 ns)

 <State 466>: 1.093ns
The critical path consists of the following:
	'phi' operation 12 bit ('phi_mul16', flood_HLS_base.cpp:234) with incoming values : ('add_ln234_1', flood_HLS_base.cpp:234) [832]  (0.000 ns)
	'add' operation 12 bit ('add_ln234_1', flood_HLS_base.cpp:234) [833]  (0.745 ns)
	blocking operation 0.3485 ns on control path)

 <State 467>: 1.093ns
The critical path consists of the following:
	'phi' operation 6 bit ('col_pos', flood_HLS_base.cpp:235) with incoming values : ('add_ln235', flood_HLS_base.cpp:235) [842]  (0.000 ns)
	'add' operation 12 bit ('add_ln241', flood_HLS_base.cpp:241) [848]  (0.745 ns)
	blocking operation 0.3485 ns on control path)

 <State 468>: 2.217ns
The critical path consists of the following:
	'phi' operation 3 bit ('cell_pos', flood_HLS_base.cpp:236) with incoming values : ('add_ln236', flood_HLS_base.cpp:236) [857]  (0.000 ns)
	'add' operation 14 bit ('add_ln239', flood_HLS_base.cpp:239) [863]  (0.765 ns)
	'getelementptr' operation 14 bit ('spillage_from_neigh_addr_1', flood_HLS_base.cpp:239) [865]  (0.000 ns)
	'store' operation 0 bit ('store_ln239', flood_HLS_base.cpp:239) of constant 0 on array 'spillage_from_neigh', flood_HLS_base.cpp:37 [868]  (1.248 ns)
	blocking operation 0.204 ns on control path)

 <State 469>: 1.093ns
The critical path consists of the following:
	'load' operation 12 bit ('phi_mul18_load', flood_HLS_base.cpp:251) on local variable 'phi_mul18' [895]  (0.000 ns)
	'add' operation 12 bit ('add_ln249_1', flood_HLS_base.cpp:249) [897]  (0.745 ns)
	blocking operation 0.3485 ns on control path)

 <State 470>: 2.390ns
The critical path consists of the following:
	'phi' operation 6 bit ('col_pos', flood_HLS_base.cpp:250) with incoming values : ('add_ln250', flood_HLS_base.cpp:250) [906]  (0.000 ns)
	'add' operation 12 bit ('add_ln251', flood_HLS_base.cpp:251) [914]  (0.745 ns)
	'getelementptr' operation 12 bit ('water_level_addr_1', flood_HLS_base.cpp:251) [916]  (0.000 ns)
	'load' operation 32 bit ('water_level_load', flood_HLS_base.cpp:251) on array 'water_level', flood_HLS_base.cpp:34 [919]  (1.645 ns)

 <State 471>: 1.645ns
The critical path consists of the following:
	'load' operation 32 bit ('water_level_load', flood_HLS_base.cpp:251) on array 'water_level', flood_HLS_base.cpp:34 [919]  (1.645 ns)

 <State 472>: 2.662ns
The critical path consists of the following:
	'sitofp' operation 32 bit ('conv1', flood_HLS_base.cpp:251) [920]  (2.662 ns)

 <State 473>: 2.662ns
The critical path consists of the following:
	'sitofp' operation 32 bit ('conv1', flood_HLS_base.cpp:251) [920]  (2.662 ns)

 <State 474>: 2.662ns
The critical path consists of the following:
	'sitofp' operation 32 bit ('conv1', flood_HLS_base.cpp:251) [920]  (2.662 ns)

 <State 475>: 2.662ns
The critical path consists of the following:
	'sitofp' operation 32 bit ('conv1', flood_HLS_base.cpp:251) [920]  (2.662 ns)

 <State 476>: 2.327ns
The critical path consists of the following:
	'fdiv' operation 32 bit ('div6', flood_HLS_base.cpp:251) [921]  (2.327 ns)

 <State 477>: 2.327ns
The critical path consists of the following:
	'fdiv' operation 32 bit ('div6', flood_HLS_base.cpp:251) [921]  (2.327 ns)

 <State 478>: 2.327ns
The critical path consists of the following:
	'fdiv' operation 32 bit ('div6', flood_HLS_base.cpp:251) [921]  (2.327 ns)

 <State 479>: 2.327ns
The critical path consists of the following:
	'fdiv' operation 32 bit ('div6', flood_HLS_base.cpp:251) [921]  (2.327 ns)

 <State 480>: 2.327ns
The critical path consists of the following:
	'fdiv' operation 32 bit ('div6', flood_HLS_base.cpp:251) [921]  (2.327 ns)

 <State 481>: 2.327ns
The critical path consists of the following:
	'fdiv' operation 32 bit ('div6', flood_HLS_base.cpp:251) [921]  (2.327 ns)

 <State 482>: 2.327ns
The critical path consists of the following:
	'fdiv' operation 32 bit ('div6', flood_HLS_base.cpp:251) [921]  (2.327 ns)

 <State 483>: 2.327ns
The critical path consists of the following:
	'fdiv' operation 32 bit ('div6', flood_HLS_base.cpp:251) [921]  (2.327 ns)

 <State 484>: 2.327ns
The critical path consists of the following:
	'fdiv' operation 32 bit ('div6', flood_HLS_base.cpp:251) [921]  (2.327 ns)

 <State 485>: 2.327ns
The critical path consists of the following:
	'fdiv' operation 32 bit ('div6', flood_HLS_base.cpp:251) [921]  (2.327 ns)

 <State 486>: 2.327ns
The critical path consists of the following:
	'fdiv' operation 32 bit ('div6', flood_HLS_base.cpp:251) [921]  (2.327 ns)

 <State 487>: 2.327ns
The critical path consists of the following:
	'fdiv' operation 32 bit ('div6', flood_HLS_base.cpp:251) [921]  (2.327 ns)

 <State 488>: 1.649ns
The critical path consists of the following:
	'load' operation 32 bit ('p_load120', flood_HLS_base.cpp:251) on local variable 'empty_96' [911]  (0.000 ns)
	'fcmp' operation 1 bit ('tmp_17', flood_HLS_base.cpp:251) [935]  (1.649 ns)

 <State 489>: 2.385ns
The critical path consists of the following:
	'fcmp' operation 1 bit ('tmp_17', flood_HLS_base.cpp:251) [935]  (1.649 ns)
	'and' operation 1 bit ('and_ln251_1', flood_HLS_base.cpp:251) [936]  (0.122 ns)
	'select' operation 32 bit ('select_ln251', flood_HLS_base.cpp:251) [937]  (0.227 ns)
	'store' operation 0 bit ('store_ln251', flood_HLS_base.cpp:251) of variable 'select_ln251', flood_HLS_base.cpp:251 on local variable 'empty_96' [941]  (0.387 ns)


============================================================
+ Verbose Summary: Binding
============================================================
N/A
* FSMD analyzer results:
  - Output states:
 - Input state : 
  - Chain level:
	State 1
	State 2
	State 3
	State 4
	State 5
	State 6
	State 7
	State 8
	State 9
	State 10
	State 11
	State 12
	State 13
	State 14
	State 15
	State 16
	State 17
	State 18
	State 19
	State 20
	State 21
	State 22
	State 23
	State 24
	State 25
	State 26
	State 27
	State 28
	State 29
	State 30
	State 31
	State 32
	State 33
	State 34
	State 35
	State 36
	State 37
	State 38
	State 39
	State 40
	State 41
	State 42
	State 43
	State 44
	State 45
	State 46
	State 47
	State 48
	State 49
	State 50
	State 51
	State 52
	State 53
	State 54
	State 55
	State 56
	State 57
	State 58
	State 59
	State 60
	State 61
	State 62
	State 63
	State 64
	State 65
	State 66
	State 67
	State 68
	State 69
	State 70
	State 71
	State 72
	State 73
	State 74
	State 75
	State 76
	State 77
	State 78
	State 79
	State 80
	State 81
	State 82
	State 83
	State 84
	State 85
	State 86
	State 87
	State 88
	State 89
	State 90
	State 91
	State 92
	State 93
	State 94
	State 95
	State 96
	State 97
	State 98
	State 99
	State 100
	State 101
	State 102
	State 103
	State 104
	State 105
	State 106
	State 107
	State 108
	State 109
	State 110
	State 111
	State 112
	State 113
	State 114
	State 115
	State 116
	State 117
	State 118
	State 119
	State 120
	State 121
	State 122
	State 123
	State 124
	State 125
	State 126
	State 127
	State 128
	State 129
	State 130
	State 131
	State 132
	State 133
	State 134
	State 135
	State 136
	State 137
	State 138
	State 139
	State 140
	State 141
	State 142
	State 143
	State 144
	State 145
	State 146
	State 147
	State 148
	State 149
	State 150
	State 151
	State 152
	State 153
	State 154
	State 155
	State 156
	State 157
	State 158
	State 159
	State 160
	State 161
	State 162
	State 163
	State 164
	State 165
	State 166
	State 167
	State 168
	State 169
	State 170
	State 171
	State 172
	State 173
	State 174
	State 175
	State 176
	State 177
	State 178
	State 179
	State 180
	State 181
	State 182
	State 183
	State 184
	State 185
	State 186
	State 187
	State 188
	State 189
	State 190
	State 191
	State 192
	State 193
	State 194
	State 195
	State 196
	State 197
	State 198
	State 199
	State 200
	State 201
	State 202
	State 203
	State 204
	State 205
	State 206
	State 207
	State 208
	State 209
	State 210
	State 211
	State 212
	State 213
	State 214
	State 215
	State 216
	State 217
	State 218
	State 219
	State 220
	State 221
	State 222
	State 223
	State 224
	State 225
	State 226
	State 227
	State 228
	State 229
	State 230
	State 231
	State 232
	State 233
	State 234
	State 235
	State 236
	State 237
	State 238
	State 239
	State 240
	State 241
	State 242
	State 243
	State 244
	State 245
	State 246
	State 247
	State 248
	State 249
	State 250
	State 251
	State 252
	State 253
	State 254
	State 255
	State 256
	State 257
	State 258
	State 259
	State 260
	State 261
	State 262
	State 263
	State 264
	State 265
	State 266
	State 267
	State 268
	State 269
	State 270
	State 271
	State 272
	State 273
	State 274
	State 275
	State 276
	State 277
	State 278
	State 279
	State 280
	State 281
	State 282
	State 283
	State 284
	State 285
	State 286
	State 287
	State 288
	State 289
	State 290
	State 291
	State 292
	State 293
	State 294
	State 295
	State 296
	State 297
	State 298
	State 299
	State 300
	State 301
	State 302
	State 303
	State 304
	State 305
	State 306
	State 307
	State 308
	State 309
	State 310
	State 311
	State 312
	State 313
	State 314
	State 315
	State 316
	State 317
	State 318
	State 319
	State 320
	State 321
	State 322
	State 323
	State 324
	State 325
	State 326
	State 327
	State 328
	State 329
	State 330
	State 331
	State 332
	State 333
	State 334
	State 335
	State 336
	State 337
	State 338
	State 339
	State 340
	State 341
	State 342
	State 343
	State 344
	State 345
	State 346
	State 347
	State 348
	State 349
	State 350
	State 351
	State 352
	State 353
	State 354
	State 355
	State 356
	State 357
	State 358
	State 359
	State 360
	State 361
	State 362
	State 363
	State 364
	State 365
	State 366
	State 367
	State 368
	State 369
	State 370
	State 371
	State 372
	State 373
	State 374
	State 375
	State 376
	State 377
	State 378
	State 379
	State 380
	State 381
	State 382
	State 383
	State 384
	State 385
	State 386
	State 387
	State 388
	State 389
	State 390
	State 391
	State 392
	State 393
	State 394
	State 395
	State 396
	State 397
	State 398
	State 399
	State 400
	State 401
	State 402
	State 403
	State 404
	State 405
	State 406
	State 407
	State 408
	State 409
	State 410
	State 411
	State 412
	State 413
	State 414
	State 415
	State 416
	State 417
	State 418
	State 419
	State 420
	State 421
	State 422
	State 423
	State 424
	State 425
	State 426
	State 427
	State 428
	State 429
	State 430
	State 431
	State 432
	State 433
	State 434
	State 435
	State 436
	State 437
	State 438
	State 439
	State 440
	State 441
	State 442
	State 443
	State 444
	State 445
	State 446
	State 447
	State 448
	State 449
	State 450
	State 451
	State 452
	State 453
	State 454
	State 455
	State 456
	State 457
	State 458
	State 459
	State 460
	State 461
	State 462
	State 463
	State 464
	State 465
	State 466
	State 467
	State 468
	State 469
	State 470
	State 471
	State 472
	State 473
	State 474
	State 475
	State 476
	State 477
	State 478
	State 479
	State 480
	State 481
	State 482
	State 483
	State 484
	State 485
	State 486
	State 487
	State 488
	State 489


============================================================
+ Verbose Summary: Datapath Resource usage 
============================================================
N/A
