

================================================================
== Vitis HLS Report for 'do_compute_Pipeline_VITIS_LOOP_109_9_VITIS_LOOP_110_10'
================================================================
* Date:           Sun May 17 18:42:49 2026

* Version:        2024.1 (Build 5069499 on May 21 2024)
* Project:        .small_mountains_base_enabled
* Solution:       solution_FLOOD_HLS_base (Vivado IP Flow Target)
* Product family: virtexuplusHBM
* Target device:  xcu50-fsvh2104-2-e


================================================================
== Performance Estimates
================================================================
+ Timing: 
    * Summary: 
    +--------+---------+----------+------------+
    |  Clock |  Target | Estimated| Uncertainty|
    +--------+---------+----------+------------+
    |ap_clk  |  4.00 ns|  2.861 ns|     1.08 ns|
    +--------+---------+----------+------------+

+ Latency: 
    * Summary: 
    +---------+---------+-----------+-----------+-------+-------+-----------------------------------------------+
    |  Latency (cycles) |   Latency (absolute)  |    Interval   |                    Pipeline                   |
    |   min   |   max   |    min    |    max    |  min  |  max  |                      Type                     |
    +---------+---------+-----------+-----------+-------+-------+-----------------------------------------------+
    |    14510|    14510|  58.040 us|  58.040 us|  14403|  14403|  loop auto-rewind stp(delay=0 clock cycles(s))|
    +---------+---------+-----------+-----------+-------+-------+-----------------------------------------------+

    + Detail: 
        * Instance: 
        +-----------------------------------+------------------------+---------+---------+----------+----------+-----+-----+---------+
        |                                   |                        |  Latency (cycles) |  Latency (absolute) |  Interval | Pipeline|
        |              Instance             |         Module         |   min   |   max   |    min   |    max   | min | max |   Type  |
        +-----------------------------------+------------------------+---------+---------+----------+----------+-----+-----+---------+
        |grp_p_hls_fptosi_float_i32_fu_498  |p_hls_fptosi_float_i32  |        1|        1|  4.000 ns|  4.000 ns|    1|    1|      yes|
        |grp_p_hls_fptosi_float_i32_fu_503  |p_hls_fptosi_float_i32  |        1|        1|  4.000 ns|  4.000 ns|    1|    1|      yes|
        +-----------------------------------+------------------------+---------+---------+----------+----------+-----+-----+---------+

        * Loop: 
        +--------------------------------------+---------+---------+----------+-----------+-----------+------+----------+
        |                                      |  Latency (cycles) | Iteration|  Initiation Interval  | Trip |          |
        |               Loop Name              |   min   |   max   |  Latency |  achieved |   target  | Count| Pipelined|
        +--------------------------------------+---------+---------+----------+-----------+-----------+------+----------+
        |- VITIS_LOOP_109_9_VITIS_LOOP_110_10  |    14508|    14508|       111|          3|          1|  4800|       yes|
        +--------------------------------------+---------+---------+----------+-----------+-----------+------+----------+



================================================================
== Utilization Estimates
================================================================
* Summary: 
+---------------------+---------+------+---------+--------+-----+
|         Name        | BRAM_18K|  DSP |    FF   |   LUT  | URAM|
+---------------------+---------+------+---------+--------+-----+
|DSP                  |        -|     -|        -|       -|    -|
|Expression           |        -|     -|        0|    2444|    -|
|FIFO                 |        -|     -|        -|       -|    -|
|Instance             |        -|     6|     1112|     903|    -|
|Memory               |        -|     -|        -|       -|    -|
|Multiplexer          |        -|     -|        0|    1321|    -|
|Register             |        -|     -|    36347|    1664|    -|
+---------------------+---------+------+---------+--------+-----+
|Total                |        0|     6|    37459|    6332|    0|
+---------------------+---------+------+---------+--------+-----+
|Available SLR        |     1344|  2976|   871680|  435840|  320|
+---------------------+---------+------+---------+--------+-----+
|Utilization SLR (%)  |        0|    ~0|        4|       1|    0|
+---------------------+---------+------+---------+--------+-----+
|Available            |     2688|  5952|  1743360|  871680|  640|
+---------------------+---------+------+---------+--------+-----+
|Utilization (%)      |        0|    ~0|        2|      ~0|    0|
+---------------------+---------+------+---------+--------+-----+

+ Detail: 
    * Instance: 
    +-----------------------------------------+------------------------------------+---------+----+-----+-----+-----+
    |                 Instance                |               Module               | BRAM_18K| DSP|  FF | LUT | URAM|
    +-----------------------------------------+------------------------------------+---------+----+-----+-----+-----+
    |faddfsub_32ns_32ns_32_7_full_dsp_1_U108  |faddfsub_32ns_32ns_32_7_full_dsp_1  |        0|   2|  318|  198|    0|
    |faddfsub_32ns_32ns_32_7_full_dsp_1_U109  |faddfsub_32ns_32ns_32_7_full_dsp_1  |        0|   2|  318|  198|    0|
    |faddfsub_32ns_32ns_32_7_full_dsp_1_U110  |faddfsub_32ns_32ns_32_7_full_dsp_1  |        0|   2|  318|  198|    0|
    |fcmp_32ns_32ns_1_2_no_dsp_1_U122         |fcmp_32ns_32ns_1_2_no_dsp_1         |        0|   0|    0|    0|    0|
    |fcmp_32ns_32ns_1_2_no_dsp_1_U123         |fcmp_32ns_32ns_1_2_no_dsp_1         |        0|   0|    0|    0|    0|
    |mul_6ns_6ns_11_1_1_U126                  |mul_6ns_6ns_11_1_1                  |        0|   0|    0|   23|    0|
    |mul_6ns_6ns_11_1_1_U130                  |mul_6ns_6ns_11_1_1                  |        0|   0|    0|   23|    0|
    |mul_7ns_6ns_11_1_1_U129                  |mul_7ns_6ns_11_1_1                  |        0|   0|    0|   33|    0|
    |mul_7ns_9ns_15_1_1_U127                  |mul_7ns_9ns_15_1_1                  |        0|   0|    0|   49|    0|
    |mul_7ns_9ns_15_1_1_U133                  |mul_7ns_9ns_15_1_1                  |        0|   0|    0|   49|    0|
    |sitofp_32ns_32_4_no_dsp_1_U117           |sitofp_32ns_32_4_no_dsp_1           |        0|   0|    0|    0|    0|
    |sparsemux_7_2_32_1_1_U131                |sparsemux_7_2_32_1_1                |        0|   0|    0|    9|    0|
    |sparsemux_7_2_32_1_1_U132                |sparsemux_7_2_32_1_1                |        0|   0|    0|    9|    0|
    |sparsemux_7_2_32_1_1_U134                |sparsemux_7_2_32_1_1                |        0|   0|    0|    9|    0|
    |sparsemux_7_2_32_1_1_x_U135              |sparsemux_7_2_32_1_1_x              |        0|   0|    0|    9|    0|
    |sparsemux_7_2_32_1_1_x_U136              |sparsemux_7_2_32_1_1_x              |        0|   0|    0|    9|    0|
    |urem_7ns_3ns_2_11_1_U128                 |urem_7ns_3ns_2_11_1                 |        0|   0|  158|   87|    0|
    +-----------------------------------------+------------------------------------+---------+----+-----+-----+-----+
    |Total                                    |                                    |        0|   6| 1112|  903|    0|
    +-----------------------------------------+------------------------------------+---------+----+-----+-----+-----+

    * DSP: 
    N/A

    * Memory: 
    N/A

    * FIFO: 
    N/A

    * Expression: 
    +-------------------------------------------+----------+----+---+----+------------+------------+
    |               Variable Name               | Operation| DSP| FF| LUT| Bitwidth P0| Bitwidth P1|
    +-------------------------------------------+----------+----+---+----+------------+------------+
    |add_ln109_1_fu_643_p2                      |         +|   0|  0|  20|          13|           1|
    |add_ln109_fu_655_p2                        |         +|   0|  0|  13|           6|           1|
    |add_ln110_fu_719_p2                        |         +|   0|  0|  14|           7|           1|
    |add_ln111_fu_743_p2                        |         +|   0|  0|  18|          11|          11|
    |add_ln117_1_fu_1013_p2                     |         +|   0|  0|  20|          13|          13|
    |add_ln117_fu_1084_p2                       |         +|   0|  0|  20|          13|          13|
    |add_ln134_1_fu_830_p2                      |         +|   0|  0|  18|          11|          11|
    |add_ln134_2_fu_1097_p2                     |         +|   0|  0|  20|          13|          13|
    |add_ln134_3_fu_1109_p2                     |         +|   0|  0|  20|          13|          13|
    |add_ln134_4_fu_943_p2                      |         +|   0|  0|  18|          11|          11|
    |add_ln134_5_fu_1149_p2                     |         +|   0|  0|  20|          13|          13|
    |add_ln134_6_fu_931_p2                      |         +|   0|  0|  18|          11|          11|
    |add_ln134_7_fu_1127_p2                     |         +|   0|  0|  20|          13|          13|
    |add_ln134_8_fu_1042_p2                     |         +|   0|  0|  20|          13|          13|
    |add_ln134_9_fu_1075_p2                     |         +|   0|  0|  20|          13|          13|
    |add_ln134_fu_819_p2                        |         +|   0|  0|  18|          11|          11|
    |add_ln168_1_fu_2237_p2                     |         +|   0|  0|  71|          64|          64|
    |add_ln168_2_fu_2282_p2                     |         +|   0|  0|  71|          64|          64|
    |add_ln168_3_fu_2336_p2                     |         +|   0|  0|  71|          64|          64|
    |add_ln168_fu_2193_p2                       |         +|   0|  0|  71|          64|          64|
    |new_col_1_fu_835_p2                        |         +|   0|  0|  15|           8|           2|
    |new_col_2_fu_874_p2                        |         +|   0|  0|  14|           7|           1|
    |new_row_1_fu_774_p2                        |         +|   0|  0|  13|           6|           1|
    |new_row_fu_758_p2                          |         +|   0|  0|  14|           7|           2|
    |and_ln139_1_fu_1250_p2                     |       and|   0|  0|   2|           1|           1|
    |and_ln139_2_fu_1302_p2                     |       and|   0|  0|   2|           1|           1|
    |and_ln139_3_fu_1307_p2                     |       and|   0|  0|   2|           1|           1|
    |and_ln139_4_fu_1411_p2                     |       and|   0|  0|   2|           1|           1|
    |and_ln139_5_fu_1416_p2                     |       and|   0|  0|   2|           1|           1|
    |and_ln139_6_fu_1359_p2                     |       and|   0|  0|   2|           1|           1|
    |and_ln139_7_fu_1364_p2                     |       and|   0|  0|   2|           1|           1|
    |and_ln139_fu_1244_p2                       |       and|   0|  0|   2|           1|           1|
    |and_ln142_1_fu_1547_p2                     |       and|   0|  0|   2|           1|           1|
    |and_ln142_2_fu_1553_p2                     |       and|   0|  0|   2|           1|           1|
    |and_ln142_3_fu_1641_p2                     |       and|   0|  0|   2|           1|           1|
    |and_ln142_4_fu_1647_p2                     |       and|   0|  0|   2|           1|           1|
    |and_ln142_5_fu_1742_p2                     |       and|   0|  0|   2|           1|           1|
    |and_ln142_6_fu_1748_p2                     |       and|   0|  0|   2|           1|           1|
    |and_ln142_fu_1457_p2                       |       and|   0|  0|   2|           1|           1|
    |and_ln145_1_fu_1842_p2                     |       and|   0|  0|   2|           1|           1|
    |and_ln145_fu_1836_p2                       |       and|   0|  0|   2|           1|           1|
    |and_ln148_fu_1907_p2                       |       and|   0|  0|   2|           1|           1|
    |and_ln151_fu_1946_p2                       |       and|   0|  0|   2|           1|           1|
    |and_ln175_1_fu_2016_p2                     |       and|   0|  0|   2|           1|           1|
    |and_ln175_2_fu_2057_p2                     |       and|   0|  0|   2|           1|           1|
    |and_ln175_3_fu_2062_p2                     |       and|   0|  0|   2|           1|           1|
    |and_ln175_4_fu_2103_p2                     |       and|   0|  0|   2|           1|           1|
    |and_ln175_5_fu_2108_p2                     |       and|   0|  0|   2|           1|           1|
    |and_ln175_6_fu_2149_p2                     |       and|   0|  0|   2|           1|           1|
    |and_ln175_7_fu_2154_p2                     |       and|   0|  0|   2|           1|           1|
    |and_ln175_fu_2011_p2                       |       and|   0|  0|   2|           1|           1|
    |ap_predicate_op770_call_state108_state107  |       and|   0|  0|   2|           1|           1|
    |ap_predicate_op771_call_state108_state107  |       and|   0|  0|   2|           1|           1|
    |ap_predicate_op784_call_state109_state108  |       and|   0|  0|   2|           1|           1|
    |ap_predicate_op785_call_state109_state108  |       and|   0|  0|   2|           1|           1|
    |ap_predicate_pred1595_state109             |       and|   0|  0|   2|           1|           1|
    |ap_predicate_pred1602_state109             |       and|   0|  0|   2|           1|           1|
    |ap_predicate_pred1607_state109             |       and|   0|  0|   2|           1|           1|
    |ap_predicate_pred1621_state110             |       and|   0|  0|   2|           1|           1|
    |ap_predicate_pred1633_state110             |       and|   0|  0|   2|           1|           1|
    |ap_predicate_pred1640_state110             |       and|   0|  0|   2|           1|           1|
    |ap_predicate_pred1687_state110             |       and|   0|  0|   2|           1|           1|
    |ap_predicate_pred1708_state110             |       and|   0|  0|   2|           1|           1|
    |ap_predicate_pred1889_state111             |       and|   0|  0|   2|           1|           1|
    |ap_predicate_pred1894_state111             |       and|   0|  0|   2|           1|           1|
    |ap_predicate_pred1899_state111             |       and|   0|  0|   2|           1|           1|
    |ap_predicate_pred2016_state101             |       and|   0|  0|   2|           1|           1|
    |ap_predicate_pred2028_state101             |       and|   0|  0|   2|           1|           1|
    |ap_predicate_pred2045_state103             |       and|   0|  0|   2|           1|           1|
    |ap_predicate_pred2057_state103             |       and|   0|  0|   2|           1|           1|
    |ap_predicate_pred3179_state91              |       and|   0|  0|   2|           1|           1|
    |ap_predicate_pred3188_state91              |       and|   0|  0|   2|           1|           1|
    |empty_79_fu_2164_p2                        |       and|   0|  0|   2|           1|           1|
    |empty_80_fu_2169_p2                        |       and|   0|  0|   2|           1|           1|
    |empty_72_fu_1019_p2                        |      icmp|   0|  0|  14|           7|           6|
    |empty_73_fu_1048_p2                        |      icmp|   0|  0|  13|           6|           4|
    |icmp_ln109_fu_637_p2                       |      icmp|   0|  0|  20|          13|          13|
    |icmp_ln110_fu_661_p2                       |      icmp|   0|  0|  14|           7|           7|
    |icmp_ln111_fu_810_p2                       |      icmp|   0|  0|  39|          32|           1|
    |icmp_ln128_1_fu_1293_p2                    |      icmp|   0|  0|  14|           7|           7|
    |icmp_ln128_fu_1350_p2                      |      icmp|   0|  0|  15|           8|           7|
    |icmp_ln139_1_fu_1228_p2                    |      icmp|   0|  0|  30|          23|           1|
    |icmp_ln139_2_fu_1193_p2                    |      icmp|   0|  0|  15|           8|           2|
    |icmp_ln139_3_fu_1199_p2                    |      icmp|   0|  0|  30|          23|           1|
    |icmp_ln139_4_fu_1281_p2                    |      icmp|   0|  0|  15|           8|           2|
    |icmp_ln139_5_fu_1287_p2                    |      icmp|   0|  0|  30|          23|           1|
    |icmp_ln139_6_fu_1395_p2                    |      icmp|   0|  0|  15|           8|           2|
    |icmp_ln139_7_fu_1401_p2                    |      icmp|   0|  0|  30|          23|           1|
    |icmp_ln139_8_fu_1338_p2                    |      icmp|   0|  0|  15|           8|           2|
    |icmp_ln139_9_fu_1344_p2                    |      icmp|   0|  0|  30|          23|           1|
    |icmp_ln139_fu_1222_p2                      |      icmp|   0|  0|  15|           8|           2|
    |icmp_ln142_10_fu_1706_p2                   |      icmp|   0|  0|  15|           8|           2|
    |icmp_ln142_11_fu_1712_p2                   |      icmp|   0|  0|  30|          23|           1|
    |icmp_ln142_12_fu_1724_p2                   |      icmp|   0|  0|  15|           8|           2|
    |icmp_ln142_13_fu_1730_p2                   |      icmp|   0|  0|  30|          23|           1|
    |icmp_ln142_1_fu_1445_p2                    |      icmp|   0|  0|  30|          23|           1|
    |icmp_ln142_2_fu_1511_p2                    |      icmp|   0|  0|  15|           8|           2|
    |icmp_ln142_3_fu_1517_p2                    |      icmp|   0|  0|  30|          23|           1|
    |icmp_ln142_4_fu_1529_p2                    |      icmp|   0|  0|  15|           8|           2|
    |icmp_ln142_5_fu_1535_p2                    |      icmp|   0|  0|  30|          23|           1|
    |icmp_ln142_6_fu_1605_p2                    |      icmp|   0|  0|  15|           8|           2|
    |icmp_ln142_7_fu_1611_p2                    |      icmp|   0|  0|  30|          23|           1|
    |icmp_ln142_8_fu_1623_p2                    |      icmp|   0|  0|  15|           8|           2|
    |icmp_ln142_9_fu_1629_p2                    |      icmp|   0|  0|  30|          23|           1|
    |icmp_ln142_fu_1439_p2                      |      icmp|   0|  0|  15|           8|           2|
    |icmp_ln145_1_fu_1806_p2                    |      icmp|   0|  0|  30|          23|           1|
    |icmp_ln145_2_fu_1818_p2                    |      icmp|   0|  0|  15|           8|           2|
    |icmp_ln145_3_fu_1824_p2                    |      icmp|   0|  0|  30|          23|           1|
    |icmp_ln145_fu_1800_p2                      |      icmp|   0|  0|  15|           8|           2|
    |icmp_ln148_1_fu_1895_p2                    |      icmp|   0|  0|  30|          23|           1|
    |icmp_ln148_fu_1889_p2                      |      icmp|   0|  0|  15|           8|           2|
    |icmp_ln151_1_fu_1936_p2                    |      icmp|   0|  0|  59|          52|           1|
    |icmp_ln151_fu_1930_p2                      |      icmp|   0|  0|  18|          11|           2|
    |icmp_ln175_1_fu_1999_p2                    |      icmp|   0|  0|  30|          23|           1|
    |icmp_ln175_2_fu_2039_p2                    |      icmp|   0|  0|  15|           8|           2|
    |icmp_ln175_3_fu_2045_p2                    |      icmp|   0|  0|  30|          23|           1|
    |icmp_ln175_4_fu_2085_p2                    |      icmp|   0|  0|  15|           8|           2|
    |icmp_ln175_5_fu_2091_p2                    |      icmp|   0|  0|  30|          23|           1|
    |icmp_ln175_6_fu_2131_p2                    |      icmp|   0|  0|  15|           8|           2|
    |icmp_ln175_7_fu_2137_p2                    |      icmp|   0|  0|  30|          23|           1|
    |icmp_ln175_fu_1993_p2                      |      icmp|   0|  0|  15|           8|           2|
    |notlhs178_fu_1964_p2                       |      icmp|   0|  0|  15|           8|           2|
    |notrhs179_fu_1970_p2                       |      icmp|   0|  0|  30|          23|           1|
    |empty_78_fu_2160_p2                        |        or|   0|  0|   2|           1|           1|
    |or_ln139_1_fu_1240_p2                      |        or|   0|  0|   2|           1|           1|
    |or_ln139_2_fu_1298_p2                      |        or|   0|  0|   2|           1|           1|
    |or_ln139_3_fu_1407_p2                      |        or|   0|  0|   2|           1|           1|
    |or_ln139_4_fu_1355_p2                      |        or|   0|  0|   2|           1|           1|
    |or_ln139_fu_1234_p2                        |        or|   0|  0|   2|           1|           1|
    |or_ln142_1_fu_1523_p2                      |        or|   0|  0|   2|           1|           1|
    |or_ln142_2_fu_1541_p2                      |        or|   0|  0|   2|           1|           1|
    |or_ln142_3_fu_1617_p2                      |        or|   0|  0|   2|           1|           1|
    |or_ln142_4_fu_1635_p2                      |        or|   0|  0|   2|           1|           1|
    |or_ln142_5_fu_1718_p2                      |        or|   0|  0|   2|           1|           1|
    |or_ln142_6_fu_1736_p2                      |        or|   0|  0|   2|           1|           1|
    |or_ln142_fu_1451_p2                        |        or|   0|  0|   2|           1|           1|
    |or_ln145_1_fu_1830_p2                      |        or|   0|  0|   2|           1|           1|
    |or_ln145_fu_1812_p2                        |        or|   0|  0|   2|           1|           1|
    |or_ln148_fu_1901_p2                        |        or|   0|  0|   2|           1|           1|
    |or_ln151_fu_1942_p2                        |        or|   0|  0|   2|           1|           1|
    |or_ln175_1_fu_2051_p2                      |        or|   0|  0|   2|           1|           1|
    |or_ln175_2_fu_2097_p2                      |        or|   0|  0|   2|           1|           1|
    |or_ln175_3_fu_2143_p2                      |        or|   0|  0|   2|           1|           1|
    |or_ln175_fu_2005_p2                        |        or|   0|  0|   2|           1|           1|
    |my_spillage_level_1_fu_1470_p3             |    select|   0|  0|  32|           1|          32|
    |my_spillage_level_2_fu_1559_p3             |    select|   0|  0|  32|           1|          32|
    |my_spillage_level_3_fu_1565_p3             |    select|   0|  0|  32|           1|          32|
    |my_spillage_level_4_fu_1653_p3             |    select|   0|  0|  32|           1|          32|
    |my_spillage_level_5_fu_1659_p3             |    select|   0|  0|  32|           1|          32|
    |my_spillage_level_6_fu_1754_p3             |    select|   0|  0|  32|           1|          32|
    |my_spillage_level_7_fu_1760_p3             |    select|   0|  0|  32|           1|          32|
    |my_spillage_level_8_fu_1848_p3             |    select|   0|  0|  32|           1|          32|
    |my_spillage_level_fu_1463_p3               |    select|   0|  0|  32|           1|           1|
    |neighbor_height_1_fu_1168_p3               |    select|   0|  0|  32|           1|          32|
    |neighbor_height_3_fu_1256_p3               |    select|   0|  0|  32|           1|          32|
    |neighbor_height_5_fu_1370_p3               |    select|   0|  0|  32|           1|          32|
    |neighbor_height_7_fu_1313_p3               |    select|   0|  0|  32|           1|          32|
    |select_ln109_fu_675_p3                     |    select|   0|  0|   6|           1|           6|
    |select_ln52_fu_667_p3                      |    select|   0|  0|   7|           1|           1|
    |sum_diff_1_fu_1665_p3                      |    select|   0|  0|  32|           1|          32|
    |sum_diff_3_fu_1854_p3                      |    select|   0|  0|  32|           1|          32|
    |sum_diff_5_fu_1860_p3                      |    select|   0|  0|  32|           1|          32|
    |sum_diff_7_fu_1866_p3                      |    select|   0|  0|  32|           1|          32|
    |ap_enable_pp0                              |       xor|   0|  0|   2|           1|           2|
    +-------------------------------------------+----------+----+---+----+------------+------------+
    |Total                                      |          |   0|  0|2444|        1323|        1125|
    +-------------------------------------------+----------+----+---+----+------------+------------+

    * Multiplexer: 
    +----------------------------------------+----+-----------+-----+-----------+
    |                  Name                  | LUT| Input Size| Bits| Total Bits|
    +----------------------------------------+----+-----------+-----+-----------+
    |ap_NS_fsm                               |  20|          4|    1|          4|
    |ap_done_int                             |   9|          2|    1|          2|
    |ap_enable_reg_pp0_iter0                 |   9|          2|    1|          2|
    |ap_enable_reg_pp0_iter36                |   9|          2|    1|          2|
    |ap_loop_exit_ready_pp0_iter10_reg       |   9|          2|    1|          2|
    |ap_loop_exit_ready_pp0_iter11_reg       |   9|          2|    1|          2|
    |ap_loop_exit_ready_pp0_iter12_reg       |   9|          2|    1|          2|
    |ap_loop_exit_ready_pp0_iter13_reg       |   9|          2|    1|          2|
    |ap_loop_exit_ready_pp0_iter14_reg       |   9|          2|    1|          2|
    |ap_loop_exit_ready_pp0_iter15_reg       |   9|          2|    1|          2|
    |ap_loop_exit_ready_pp0_iter16_reg       |   9|          2|    1|          2|
    |ap_loop_exit_ready_pp0_iter17_reg       |   9|          2|    1|          2|
    |ap_loop_exit_ready_pp0_iter18_reg       |   9|          2|    1|          2|
    |ap_loop_exit_ready_pp0_iter19_reg       |   9|          2|    1|          2|
    |ap_loop_exit_ready_pp0_iter1_reg        |   9|          2|    1|          2|
    |ap_loop_exit_ready_pp0_iter20_reg       |   9|          2|    1|          2|
    |ap_loop_exit_ready_pp0_iter21_reg       |   9|          2|    1|          2|
    |ap_loop_exit_ready_pp0_iter22_reg       |   9|          2|    1|          2|
    |ap_loop_exit_ready_pp0_iter23_reg       |   9|          2|    1|          2|
    |ap_loop_exit_ready_pp0_iter24_reg       |   9|          2|    1|          2|
    |ap_loop_exit_ready_pp0_iter25_reg       |   9|          2|    1|          2|
    |ap_loop_exit_ready_pp0_iter26_reg       |   9|          2|    1|          2|
    |ap_loop_exit_ready_pp0_iter27_reg       |   9|          2|    1|          2|
    |ap_loop_exit_ready_pp0_iter28_reg       |   9|          2|    1|          2|
    |ap_loop_exit_ready_pp0_iter29_reg       |   9|          2|    1|          2|
    |ap_loop_exit_ready_pp0_iter2_reg        |   9|          2|    1|          2|
    |ap_loop_exit_ready_pp0_iter30_reg       |   9|          2|    1|          2|
    |ap_loop_exit_ready_pp0_iter31_reg       |   9|          2|    1|          2|
    |ap_loop_exit_ready_pp0_iter32_reg       |   9|          2|    1|          2|
    |ap_loop_exit_ready_pp0_iter33_reg       |   9|          2|    1|          2|
    |ap_loop_exit_ready_pp0_iter34_reg       |   9|          2|    1|          2|
    |ap_loop_exit_ready_pp0_iter35_reg       |   9|          2|    1|          2|
    |ap_loop_exit_ready_pp0_iter36_reg       |   9|          2|    1|          2|
    |ap_loop_exit_ready_pp0_iter3_reg        |   9|          2|    1|          2|
    |ap_loop_exit_ready_pp0_iter4_reg        |   9|          2|    1|          2|
    |ap_loop_exit_ready_pp0_iter5_reg        |   9|          2|    1|          2|
    |ap_loop_exit_ready_pp0_iter6_reg        |   9|          2|    1|          2|
    |ap_loop_exit_ready_pp0_iter7_reg        |   9|          2|    1|          2|
    |ap_loop_exit_ready_pp0_iter8_reg        |   9|          2|    1|          2|
    |ap_loop_exit_ready_pp0_iter9_reg        |   9|          2|    1|          2|
    |ap_phi_mux_empty_74_phi_fu_488_p6       |   9|          2|  416|        832|
    |ap_phi_mux_empty_75_phi_fu_474_p6       |  14|          3|  416|       1248|
    |ap_phi_reg_pp0_iter36_empty_74_reg_485  |   9|          2|  416|        832|
    |ap_phi_reg_pp0_iter36_empty_76_reg_460  |  14|          3|  416|       1248|
    |ap_sig_allocacmp_indvar_flatten9_load   |   9|          2|   13|         26|
    |ap_sig_allocacmp_new_col_load           |   9|          2|    7|         14|
    |ap_sig_allocacmp_new_row_2_load         |   9|          2|    6|         12|
    |empty_71_fu_174                         |  14|          3|  416|       1248|
    |empty_75_reg_471                        |  14|          3|  416|       1248|
    |grp_fu_508_p0                           |  20|          4|   32|        128|
    |grp_fu_508_p1                           |  20|          4|   32|        128|
    |grp_fu_512_opcode                       |  14|          3|    2|          6|
    |grp_fu_512_p0                           |  20|          4|   32|        128|
    |grp_fu_512_p1                           |  20|          4|   32|        128|
    |grp_fu_516_opcode                       |  14|          3|    2|          6|
    |grp_fu_516_p0                           |  14|          3|   32|         96|
    |grp_fu_516_p1                           |  20|          4|   32|        128|
    |grp_fu_520_opcode                       |  14|          3|    2|          6|
    |grp_fu_520_p0                           |  20|          4|   32|        128|
    |grp_fu_520_p1                           |  20|          4|   32|        128|
    |grp_fu_524_opcode                       |  14|          3|    2|          6|
    |grp_fu_524_p0                           |  20|          4|   32|        128|
    |grp_fu_524_p1                           |  20|          4|   32|        128|
    |grp_fu_529_opcode                       |  14|          3|    2|          6|
    |grp_fu_529_p0                           |  20|          4|   32|        128|
    |grp_fu_529_p1                           |  20|          4|   32|        128|
    |grp_fu_533_p0                           |  14|          3|   32|         96|
    |grp_fu_533_p1                           |  20|          4|   32|        128|
    |grp_fu_537_p0                           |  14|          3|   32|         96|
    |grp_fu_537_p1                           |  14|          3|   32|         96|
    |grp_fu_541_p0                           |  14|          3|   32|         96|
    |grp_fu_541_p1                           |  14|          3|   32|         96|
    |grp_fu_547_p0                           |  20|          4|   32|        128|
    |grp_fu_552_p0                           |  20|          4|   32|        128|
    |grp_fu_552_p1                           |  14|          3|   32|         96|
    |grp_fu_557_p0                           |  20|          4|   32|        128|
    |grp_fu_560_p0                           |  14|          3|   32|         96|
    |grp_fu_566_p0                           |  14|          3|   32|         96|
    |grp_fu_566_p1                           |  20|          4|   32|        128|
    |grp_fu_570_opcode                       |  14|          3|    5|         15|
    |grp_fu_570_p0                           |  20|          4|   32|        128|
    |grp_fu_570_p1                           |  20|          4|   32|        128|
    |grp_fu_574_opcode                       |  14|          3|    5|         15|
    |grp_fu_574_p0                           |  20|          4|   32|        128|
    |grp_fu_574_p1                           |  14|          3|   32|         96|
    |grp_fu_579_opcode                       |  14|          3|    5|         15|
    |grp_fu_579_p0                           |  14|          3|   32|         96|
    |grp_fu_579_p1                           |  20|          4|   32|        128|
    |grp_fu_583_p1                           |  20|          4|   32|        128|
    |indvar_flatten9_fu_170                  |   9|          2|   13|         26|
    |new_col_fu_162                          |   9|          2|    7|         14|
    |new_row_2_fu_166                        |   9|          2|    6|         12|
    |p_ground_address0_local                 |  20|          4|   13|         52|
    |p_ground_address1_local                 |  14|          3|   13|         39|
    |water_level_1_address0_local            |  20|          4|   11|         44|
    |water_level_1_address1_local            |  14|          3|   11|         33|
    |water_level_2_address0_local            |  20|          4|   11|         44|
    |water_level_2_address1_local            |  14|          3|   11|         33|
    |water_level_address0_local              |  20|          4|   11|         44|
    |water_level_address1_local              |  14|          3|   11|         33|
    +----------------------------------------+----+-----------+-----+-----------+
    |Total                                   |1321|        279| 3729|      10983|
    +----------------------------------------+----+-----------+-----+-----------+

    * Register: 
    +------------------------------------------------+-----+----+-----+-----------+
    |                      Name                      |  FF | LUT| Bits| Const Bits|
    +------------------------------------------------+-----+----+-----+-----------+
    |add_ln117_1_reg_2648                            |    9|   0|   13|          4|
    |add_ln117_1_reg_2648_pp0_iter9_reg              |    9|   0|   13|          4|
    |add_ln134_1_reg_2510                            |   11|   0|   11|          0|
    |add_ln134_3_reg_2684                            |   13|   0|   13|          0|
    |add_ln134_4_reg_2593                            |   11|   0|   11|          0|
    |add_ln168_2_reg_3173                            |   64|   0|   64|          0|
    |and_ln139_1_reg_2868                            |    1|   0|    1|          0|
    |and_ln139_3_reg_2903                            |    1|   0|    1|          0|
    |and_ln139_5_reg_2960                            |    1|   0|    1|          0|
    |and_ln139_7_reg_2938                            |    1|   0|    1|          0|
    |and_ln148_reg_3060                              |    1|   0|    1|          0|
    |and_ln151_reg_3088                              |    1|   0|    1|          0|
    |and_ln175_1_reg_3102                            |    1|   0|    1|          0|
    |and_ln175_3_reg_3106                            |    1|   0|    1|          0|
    |and_ln175_5_reg_3110                            |    1|   0|    1|          0|
    |and_ln175_7_reg_3114                            |    1|   0|    1|          0|
    |ap_CS_fsm                                       |    3|   0|    3|          0|
    |ap_done_reg                                     |    1|   0|    1|          0|
    |ap_enable_reg_pp0_iter0_reg                     |    1|   0|    1|          0|
    |ap_enable_reg_pp0_iter1                         |    1|   0|    1|          0|
    |ap_enable_reg_pp0_iter10                        |    1|   0|    1|          0|
    |ap_enable_reg_pp0_iter11                        |    1|   0|    1|          0|
    |ap_enable_reg_pp0_iter12                        |    1|   0|    1|          0|
    |ap_enable_reg_pp0_iter13                        |    1|   0|    1|          0|
    |ap_enable_reg_pp0_iter14                        |    1|   0|    1|          0|
    |ap_enable_reg_pp0_iter15                        |    1|   0|    1|          0|
    |ap_enable_reg_pp0_iter16                        |    1|   0|    1|          0|
    |ap_enable_reg_pp0_iter17                        |    1|   0|    1|          0|
    |ap_enable_reg_pp0_iter18                        |    1|   0|    1|          0|
    |ap_enable_reg_pp0_iter19                        |    1|   0|    1|          0|
    |ap_enable_reg_pp0_iter2                         |    1|   0|    1|          0|
    |ap_enable_reg_pp0_iter20                        |    1|   0|    1|          0|
    |ap_enable_reg_pp0_iter21                        |    1|   0|    1|          0|
    |ap_enable_reg_pp0_iter22                        |    1|   0|    1|          0|
    |ap_enable_reg_pp0_iter23                        |    1|   0|    1|          0|
    |ap_enable_reg_pp0_iter24                        |    1|   0|    1|          0|
    |ap_enable_reg_pp0_iter25                        |    1|   0|    1|          0|
    |ap_enable_reg_pp0_iter26                        |    1|   0|    1|          0|
    |ap_enable_reg_pp0_iter27                        |    1|   0|    1|          0|
    |ap_enable_reg_pp0_iter28                        |    1|   0|    1|          0|
    |ap_enable_reg_pp0_iter29                        |    1|   0|    1|          0|
    |ap_enable_reg_pp0_iter3                         |    1|   0|    1|          0|
    |ap_enable_reg_pp0_iter30                        |    1|   0|    1|          0|
    |ap_enable_reg_pp0_iter31                        |    1|   0|    1|          0|
    |ap_enable_reg_pp0_iter32                        |    1|   0|    1|          0|
    |ap_enable_reg_pp0_iter33                        |    1|   0|    1|          0|
    |ap_enable_reg_pp0_iter34                        |    1|   0|    1|          0|
    |ap_enable_reg_pp0_iter35                        |    1|   0|    1|          0|
    |ap_enable_reg_pp0_iter36                        |    1|   0|    1|          0|
    |ap_enable_reg_pp0_iter4                         |    1|   0|    1|          0|
    |ap_enable_reg_pp0_iter5                         |    1|   0|    1|          0|
    |ap_enable_reg_pp0_iter6                         |    1|   0|    1|          0|
    |ap_enable_reg_pp0_iter7                         |    1|   0|    1|          0|
    |ap_enable_reg_pp0_iter8                         |    1|   0|    1|          0|
    |ap_enable_reg_pp0_iter9                         |    1|   0|    1|          0|
    |ap_loop_exit_ready_pp0_iter10_reg               |    1|   0|    1|          0|
    |ap_loop_exit_ready_pp0_iter11_reg               |    1|   0|    1|          0|
    |ap_loop_exit_ready_pp0_iter12_reg               |    1|   0|    1|          0|
    |ap_loop_exit_ready_pp0_iter13_reg               |    1|   0|    1|          0|
    |ap_loop_exit_ready_pp0_iter14_reg               |    1|   0|    1|          0|
    |ap_loop_exit_ready_pp0_iter15_reg               |    1|   0|    1|          0|
    |ap_loop_exit_ready_pp0_iter16_reg               |    1|   0|    1|          0|
    |ap_loop_exit_ready_pp0_iter17_reg               |    1|   0|    1|          0|
    |ap_loop_exit_ready_pp0_iter18_reg               |    1|   0|    1|          0|
    |ap_loop_exit_ready_pp0_iter19_reg               |    1|   0|    1|          0|
    |ap_loop_exit_ready_pp0_iter1_reg                |    1|   0|    1|          0|
    |ap_loop_exit_ready_pp0_iter20_reg               |    1|   0|    1|          0|
    |ap_loop_exit_ready_pp0_iter21_reg               |    1|   0|    1|          0|
    |ap_loop_exit_ready_pp0_iter22_reg               |    1|   0|    1|          0|
    |ap_loop_exit_ready_pp0_iter23_reg               |    1|   0|    1|          0|
    |ap_loop_exit_ready_pp0_iter24_reg               |    1|   0|    1|          0|
    |ap_loop_exit_ready_pp0_iter25_reg               |    1|   0|    1|          0|
    |ap_loop_exit_ready_pp0_iter26_reg               |    1|   0|    1|          0|
    |ap_loop_exit_ready_pp0_iter27_reg               |    1|   0|    1|          0|
    |ap_loop_exit_ready_pp0_iter28_reg               |    1|   0|    1|          0|
    |ap_loop_exit_ready_pp0_iter29_reg               |    1|   0|    1|          0|
    |ap_loop_exit_ready_pp0_iter2_reg                |    1|   0|    1|          0|
    |ap_loop_exit_ready_pp0_iter30_reg               |    1|   0|    1|          0|
    |ap_loop_exit_ready_pp0_iter31_reg               |    1|   0|    1|          0|
    |ap_loop_exit_ready_pp0_iter32_reg               |    1|   0|    1|          0|
    |ap_loop_exit_ready_pp0_iter33_reg               |    1|   0|    1|          0|
    |ap_loop_exit_ready_pp0_iter34_reg               |    1|   0|    1|          0|
    |ap_loop_exit_ready_pp0_iter35_reg               |    1|   0|    1|          0|
    |ap_loop_exit_ready_pp0_iter36_reg               |    1|   0|    1|          0|
    |ap_loop_exit_ready_pp0_iter3_reg                |    1|   0|    1|          0|
    |ap_loop_exit_ready_pp0_iter4_reg                |    1|   0|    1|          0|
    |ap_loop_exit_ready_pp0_iter5_reg                |    1|   0|    1|          0|
    |ap_loop_exit_ready_pp0_iter6_reg                |    1|   0|    1|          0|
    |ap_loop_exit_ready_pp0_iter7_reg                |    1|   0|    1|          0|
    |ap_loop_exit_ready_pp0_iter8_reg                |    1|   0|    1|          0|
    |ap_loop_exit_ready_pp0_iter9_reg                |    1|   0|    1|          0|
    |ap_phi_reg_pp0_iter10_empty_74_reg_485          |  416|   0|  416|          0|
    |ap_phi_reg_pp0_iter10_empty_76_reg_460          |  416|   0|  416|          0|
    |ap_phi_reg_pp0_iter11_empty_74_reg_485          |  416|   0|  416|          0|
    |ap_phi_reg_pp0_iter11_empty_76_reg_460          |  416|   0|  416|          0|
    |ap_phi_reg_pp0_iter12_empty_74_reg_485          |  416|   0|  416|          0|
    |ap_phi_reg_pp0_iter12_empty_76_reg_460          |  416|   0|  416|          0|
    |ap_phi_reg_pp0_iter13_empty_74_reg_485          |  416|   0|  416|          0|
    |ap_phi_reg_pp0_iter13_empty_76_reg_460          |  416|   0|  416|          0|
    |ap_phi_reg_pp0_iter14_empty_74_reg_485          |  416|   0|  416|          0|
    |ap_phi_reg_pp0_iter14_empty_76_reg_460          |  416|   0|  416|          0|
    |ap_phi_reg_pp0_iter15_empty_74_reg_485          |  416|   0|  416|          0|
    |ap_phi_reg_pp0_iter15_empty_76_reg_460          |  416|   0|  416|          0|
    |ap_phi_reg_pp0_iter16_empty_74_reg_485          |  416|   0|  416|          0|
    |ap_phi_reg_pp0_iter16_empty_76_reg_460          |  416|   0|  416|          0|
    |ap_phi_reg_pp0_iter17_empty_74_reg_485          |  416|   0|  416|          0|
    |ap_phi_reg_pp0_iter17_empty_76_reg_460          |  416|   0|  416|          0|
    |ap_phi_reg_pp0_iter18_empty_74_reg_485          |  416|   0|  416|          0|
    |ap_phi_reg_pp0_iter18_empty_76_reg_460          |  416|   0|  416|          0|
    |ap_phi_reg_pp0_iter19_empty_74_reg_485          |  416|   0|  416|          0|
    |ap_phi_reg_pp0_iter19_empty_76_reg_460          |  416|   0|  416|          0|
    |ap_phi_reg_pp0_iter1_empty_74_reg_485           |  416|   0|  416|          0|
    |ap_phi_reg_pp0_iter1_empty_76_reg_460           |  416|   0|  416|          0|
    |ap_phi_reg_pp0_iter20_empty_74_reg_485          |  416|   0|  416|          0|
    |ap_phi_reg_pp0_iter20_empty_76_reg_460          |  416|   0|  416|          0|
    |ap_phi_reg_pp0_iter21_empty_74_reg_485          |  416|   0|  416|          0|
    |ap_phi_reg_pp0_iter21_empty_76_reg_460          |  416|   0|  416|          0|
    |ap_phi_reg_pp0_iter22_empty_74_reg_485          |  416|   0|  416|          0|
    |ap_phi_reg_pp0_iter22_empty_76_reg_460          |  416|   0|  416|          0|
    |ap_phi_reg_pp0_iter23_empty_74_reg_485          |  416|   0|  416|          0|
    |ap_phi_reg_pp0_iter23_empty_76_reg_460          |  416|   0|  416|          0|
    |ap_phi_reg_pp0_iter24_empty_74_reg_485          |  416|   0|  416|          0|
    |ap_phi_reg_pp0_iter24_empty_76_reg_460          |  416|   0|  416|          0|
    |ap_phi_reg_pp0_iter25_empty_74_reg_485          |  416|   0|  416|          0|
    |ap_phi_reg_pp0_iter25_empty_76_reg_460          |  416|   0|  416|          0|
    |ap_phi_reg_pp0_iter26_empty_74_reg_485          |  416|   0|  416|          0|
    |ap_phi_reg_pp0_iter26_empty_76_reg_460          |  416|   0|  416|          0|
    |ap_phi_reg_pp0_iter27_empty_74_reg_485          |  416|   0|  416|          0|
    |ap_phi_reg_pp0_iter27_empty_76_reg_460          |  416|   0|  416|          0|
    |ap_phi_reg_pp0_iter28_empty_74_reg_485          |  416|   0|  416|          0|
    |ap_phi_reg_pp0_iter28_empty_76_reg_460          |  416|   0|  416|          0|
    |ap_phi_reg_pp0_iter29_empty_74_reg_485          |  416|   0|  416|          0|
    |ap_phi_reg_pp0_iter29_empty_76_reg_460          |  416|   0|  416|          0|
    |ap_phi_reg_pp0_iter2_empty_74_reg_485           |  416|   0|  416|          0|
    |ap_phi_reg_pp0_iter2_empty_76_reg_460           |  416|   0|  416|          0|
    |ap_phi_reg_pp0_iter30_empty_74_reg_485          |  416|   0|  416|          0|
    |ap_phi_reg_pp0_iter30_empty_76_reg_460          |  416|   0|  416|          0|
    |ap_phi_reg_pp0_iter31_empty_74_reg_485          |  416|   0|  416|          0|
    |ap_phi_reg_pp0_iter31_empty_76_reg_460          |  416|   0|  416|          0|
    |ap_phi_reg_pp0_iter32_empty_74_reg_485          |  416|   0|  416|          0|
    |ap_phi_reg_pp0_iter32_empty_76_reg_460          |  416|   0|  416|          0|
    |ap_phi_reg_pp0_iter33_empty_74_reg_485          |  416|   0|  416|          0|
    |ap_phi_reg_pp0_iter33_empty_76_reg_460          |  416|   0|  416|          0|
    |ap_phi_reg_pp0_iter34_empty_74_reg_485          |  416|   0|  416|          0|
    |ap_phi_reg_pp0_iter34_empty_76_reg_460          |  416|   0|  416|          0|
    |ap_phi_reg_pp0_iter35_empty_74_reg_485          |  416|   0|  416|          0|
    |ap_phi_reg_pp0_iter35_empty_76_reg_460          |  416|   0|  416|          0|
    |ap_phi_reg_pp0_iter36_empty_74_reg_485          |  416|   0|  416|          0|
    |ap_phi_reg_pp0_iter36_empty_76_reg_460          |  416|   0|  416|          0|
    |ap_phi_reg_pp0_iter3_empty_74_reg_485           |  416|   0|  416|          0|
    |ap_phi_reg_pp0_iter3_empty_76_reg_460           |  416|   0|  416|          0|
    |ap_phi_reg_pp0_iter4_empty_74_reg_485           |  416|   0|  416|          0|
    |ap_phi_reg_pp0_iter4_empty_76_reg_460           |  416|   0|  416|          0|
    |ap_phi_reg_pp0_iter5_empty_74_reg_485           |  416|   0|  416|          0|
    |ap_phi_reg_pp0_iter5_empty_76_reg_460           |  416|   0|  416|          0|
    |ap_phi_reg_pp0_iter6_empty_74_reg_485           |  416|   0|  416|          0|
    |ap_phi_reg_pp0_iter6_empty_76_reg_460           |  416|   0|  416|          0|
    |ap_phi_reg_pp0_iter7_empty_74_reg_485           |  416|   0|  416|          0|
    |ap_phi_reg_pp0_iter7_empty_76_reg_460           |  416|   0|  416|          0|
    |ap_phi_reg_pp0_iter8_empty_74_reg_485           |  416|   0|  416|          0|
    |ap_phi_reg_pp0_iter8_empty_76_reg_460           |  416|   0|  416|          0|
    |ap_phi_reg_pp0_iter9_empty_74_reg_485           |  416|   0|  416|          0|
    |ap_phi_reg_pp0_iter9_empty_76_reg_460           |  416|   0|  416|          0|
    |ap_predicate_pred1595_state109                  |    1|   0|    1|          0|
    |ap_predicate_pred1602_state109                  |    1|   0|    1|          0|
    |ap_predicate_pred1607_state109                  |    1|   0|    1|          0|
    |ap_predicate_pred1621_state110                  |    1|   0|    1|          0|
    |ap_predicate_pred1633_state110                  |    1|   0|    1|          0|
    |ap_predicate_pred1640_state110                  |    1|   0|    1|          0|
    |ap_predicate_pred1687_state110                  |    1|   0|    1|          0|
    |ap_predicate_pred1708_state110                  |    1|   0|    1|          0|
    |ap_predicate_pred1889_state111                  |    1|   0|    1|          0|
    |ap_predicate_pred1894_state111                  |    1|   0|    1|          0|
    |ap_predicate_pred1899_state111                  |    1|   0|    1|          0|
    |ap_predicate_pred2016_state101                  |    1|   0|    1|          0|
    |ap_predicate_pred2028_state101                  |    1|   0|    1|          0|
    |ap_predicate_pred2045_state103                  |    1|   0|    1|          0|
    |ap_predicate_pred2057_state103                  |    1|   0|    1|          0|
    |ap_predicate_pred3179_state91                   |    1|   0|    1|          0|
    |ap_predicate_pred3188_state91                   |    1|   0|    1|          0|
    |conv300_1_reg_2633                              |   32|   0|   32|          0|
    |conv300_2_reg_2643                              |   32|   0|   32|          0|
    |conv300_3_reg_2638                              |   32|   0|   32|          0|
    |conv3_reg_2603                                  |   32|   0|   32|          0|
    |conv4_reg_2623                                  |   32|   0|   32|          0|
    |conv6_reg_3072                                  |   64|   0|   64|          0|
    |current_height_reg_2810                         |   32|   0|   32|          0|
    |div301_1_reg_2760                               |   32|   0|   32|          0|
    |div301_2_reg_2800                               |   32|   0|   32|          0|
    |div301_3_reg_2785                               |   32|   0|   32|          0|
    |div4_reg_2735                                   |   32|   0|   32|          0|
    |div7_reg_3157                                   |   32|   0|   32|          0|
    |div9_reg_2701                                   |   32|   0|   32|          0|
    |empty_71_fu_174                                 |  416|   0|  416|          0|
    |empty_72_reg_2654                               |    1|   0|    1|          0|
    |empty_73_reg_2659                               |    1|   0|    1|          0|
    |empty_75_reg_471                                |  416|   0|  416|          0|
    |empty_80_reg_3118                               |    1|   0|    1|          0|
    |grp_p_hls_fptosi_float_i32_fu_498_ap_start_reg  |    1|   0|    1|          0|
    |grp_p_hls_fptosi_float_i32_fu_503_ap_start_reg  |    1|   0|    1|          0|
    |height_diff_1_reg_2974                          |   32|   0|   32|          0|
    |height_diff_2_reg_3006                          |   32|   0|   32|          0|
    |height_diff_3_reg_2990                          |   32|   0|   32|          0|
    |height_diff_reg_2966                            |   32|   0|   32|          0|
    |icmp_ln109_reg_2401                             |    1|   0|    1|          0|
    |icmp_ln111_reg_2501                             |    1|   0|    1|          0|
    |icmp_ln128_1_reg_2890                           |    1|   0|    1|          0|
    |icmp_ln128_reg_2925                             |    1|   0|    1|          0|
    |icmp_ln139_2_reg_2838                           |    1|   0|    1|          0|
    |icmp_ln139_3_reg_2843                           |    1|   0|    1|          0|
    |icmp_ln139_4_reg_2880                           |    1|   0|    1|          0|
    |icmp_ln139_5_reg_2885                           |    1|   0|    1|          0|
    |icmp_ln139_6_reg_2950                           |    1|   0|    1|          0|
    |icmp_ln139_7_reg_2955                           |    1|   0|    1|          0|
    |icmp_ln139_8_reg_2915                           |    1|   0|    1|          0|
    |icmp_ln139_9_reg_2920                           |    1|   0|    1|          0|
    |icmp_ln151_1_reg_3083                           |    1|   0|    1|          0|
    |icmp_ln151_reg_3078                             |    1|   0|    1|          0|
    |indvar_flatten9_fu_170                          |   13|   0|   13|          0|
    |mul401_3_reg_3152                               |   32|   0|   32|          0|
    |mul7_reg_3147                                   |   32|   0|   32|          0|
    |mul_ln111_reg_2421                              |   11|   0|   11|          0|
    |mul_ln134_1_reg_2476                            |   11|   0|   11|          0|
    |my_spillage_level_1_reg_2982                    |   32|   0|   32|          0|
    |my_spillage_level_3_reg_2998                    |   32|   0|   32|          0|
    |my_spillage_level_5_reg_3014                    |   32|   0|   32|          0|
    |my_spillage_level_7_reg_3028                    |   32|   0|   32|          0|
    |my_spillage_level_8_reg_3035                    |   32|   0|   32|          0|
    |neighbor_height_2_reg_2848                      |   32|   0|   32|          0|
    |neighbor_height_4_reg_2930                      |   32|   0|   32|          0|
    |neighbor_height_6_reg_2895                      |   32|   0|   32|          0|
    |neighbor_height_8_reg_2724                      |   32|   0|   32|          0|
    |neighbor_height_reg_2824                        |   32|   0|   32|          0|
    |new_col_1_reg_2525                              |    8|   0|    8|          0|
    |new_col_2_reg_2557                              |    7|   0|    7|          0|
    |new_col_fu_162                                  |    7|   0|    7|          0|
    |new_row_1_reg_2481                              |    6|   0|    6|          0|
    |new_row_2_fu_166                                |    6|   0|    6|          0|
    |new_row_reg_2469                                |    7|   0|    7|          0|
    |notlhs178_reg_3092                              |    1|   0|    1|          0|
    |notrhs179_reg_3097                              |    1|   0|    1|          0|
    |or_ln139_reg_2856                               |    1|   0|    1|          0|
    |p_ground_load_1_reg_2719                        |   32|   0|   32|          0|
    |p_ground_load_2_reg_2740                        |   32|   0|   32|          0|
    |p_ground_load_3_reg_2790                        |   32|   0|   32|          0|
    |p_ground_load_4_reg_2765                        |   32|   0|   32|          0|
    |p_ground_load_reg_2694                          |   32|   0|   32|          0|
    |proportion_reg_3064                             |   32|   0|   32|          0|
    |reg_597                                         |   32|   0|   32|          0|
    |reg_604                                         |   32|   0|   32|          0|
    |reg_610                                         |   32|   0|   32|          0|
    |select_ln109_reg_2413                           |    6|   0|    6|          0|
    |select_ln52_reg_2405                            |    7|   0|    7|          0|
    |spillage_flag_addr_reg_2669                     |   13|   0|   13|          0|
    |spillage_from_neigh_1_addr_reg_2714             |   13|   0|   13|          0|
    |spillage_from_neigh_2_addr_reg_2780             |   13|   0|   13|          0|
    |spillage_from_neigh_3_addr_reg_2750             |   13|   0|   13|          0|
    |spillage_from_neigh_addr_reg_2689               |   13|   0|   13|          0|
    |spillage_level_addr_reg_2674                    |   13|   0|   13|          0|
    |sub400_1_reg_3132                               |   32|   0|   32|          0|
    |sub400_2_reg_3137                               |   32|   0|   32|          0|
    |sub400_3_reg_3142                               |   32|   0|   32|          0|
    |sub6_reg_3122                                   |   32|   0|   32|          0|
    |sub7_reg_3127                                   |   32|   0|   32|          0|
    |sum_diff_1_reg_3022                             |   32|   0|   32|          0|
    |sum_diff_3_reg_3041                             |   32|   0|   32|          0|
    |sum_diff_5_reg_3047                             |   32|   0|   32|          0|
    |sum_diff_7_reg_3053                             |   32|   0|   32|          0|
    |tmp_11_reg_2598                                 |   32|   0|   32|          0|
    |tmp_4_reg_2547                                  |   32|   0|   32|          0|
    |tmp_5_reg_2568                                  |   32|   0|   32|          0|
    |tmp_60_reg_2428                                 |    6|   0|    6|          0|
    |tmp_66_reg_2563                                 |    6|   0|    6|          0|
    |tmp_6_reg_2628                                  |   32|   0|   32|          0|
    |tmp_s_reg_2496                                  |   32|   0|   32|          0|
    |trunc_ln52_reg_2488                             |    2|   0|    2|          0|
    |trunc_ln52_reg_2488_pp0_iter4_reg               |    2|   0|    2|          0|
    |udiv_ln1_cast_reg_2573                          |   11|   0|   11|          0|
    |water_level_1_load_reg_2459                     |   32|   0|   32|          0|
    |water_level_2_load_reg_2464                     |   32|   0|   32|          0|
    |water_level_load_reg_2454                       |   32|   0|   32|          0|
    |zext_ln111_reg_2433                             |    6|   0|   11|          5|
    |and_ln139_1_reg_2868                            |   64|  32|    1|          0|
    |and_ln139_3_reg_2903                            |   64|  32|    1|          0|
    |and_ln139_5_reg_2960                            |   64|  32|    1|          0|
    |and_ln139_7_reg_2938                            |   64|  32|    1|          0|
    |and_ln148_reg_3060                              |   64|  32|    1|          0|
    |and_ln151_reg_3088                              |   64|  32|    1|          0|
    |and_ln175_1_reg_3102                            |   64|  32|    1|          0|
    |and_ln175_3_reg_3106                            |   64|  32|    1|          0|
    |and_ln175_5_reg_3110                            |   64|  32|    1|          0|
    |and_ln175_7_reg_3114                            |   64|  32|    1|          0|
    |current_height_reg_2810                         |   64|  32|   32|          0|
    |div9_reg_2701                                   |   64|  32|   32|          0|
    |empty_72_reg_2654                               |   64|  32|    1|          0|
    |empty_73_reg_2659                               |   64|  32|    1|          0|
    |empty_80_reg_3118                               |   64|  32|    1|          0|
    |height_diff_1_reg_2974                          |   64|  32|   32|          0|
    |height_diff_2_reg_3006                          |   64|  32|   32|          0|
    |height_diff_3_reg_2990                          |   64|  32|   32|          0|
    |icmp_ln109_reg_2401                             |   64|  32|    1|          0|
    |icmp_ln111_reg_2501                             |   64|  32|    1|          0|
    |icmp_ln128_1_reg_2890                           |   64|  32|    1|          0|
    |icmp_ln128_reg_2925                             |   64|  32|    1|          0|
    |mul_ln111_reg_2421                              |   64|  32|   11|          0|
    |my_spillage_level_8_reg_3035                    |   64|  32|   32|          0|
    |neighbor_height_2_reg_2848                      |   64|  32|   32|          0|
    |neighbor_height_4_reg_2930                      |   64|  32|   32|          0|
    |neighbor_height_6_reg_2895                      |   64|  32|   32|          0|
    |neighbor_height_8_reg_2724                      |   64|  32|   32|          0|
    |neighbor_height_reg_2824                        |   64|  32|   32|          0|
    |new_col_1_reg_2525                              |   64|  32|    8|          0|
    |new_col_2_reg_2557                              |   64|  32|    7|          0|
    |new_row_1_reg_2481                              |   64|  32|    6|          0|
    |new_row_reg_2469                                |   64|  32|    7|          0|
    |or_ln139_reg_2856                               |   64|  32|    1|          0|
    |p_ground_load_reg_2694                          |   64|  32|   32|          0|
    |proportion_reg_3064                             |   64|  32|   32|          0|
    |select_ln109_reg_2413                           |   64|  32|    6|          0|
    |select_ln52_reg_2405                            |   64|  32|    7|          0|
    |spillage_flag_addr_reg_2669                     |   64|  32|   13|          0|
    |spillage_from_neigh_1_addr_reg_2714             |   64|  32|   13|          0|
    |spillage_from_neigh_2_addr_reg_2780             |   64|  32|   13|          0|
    |spillage_from_neigh_3_addr_reg_2750             |   64|  32|   13|          0|
    |spillage_from_neigh_addr_reg_2689               |   64|  32|   13|          0|
    |spillage_level_addr_reg_2674                    |   64|  32|   13|          0|
    |sum_diff_1_reg_3022                             |   64|  32|   32|          0|
    |sum_diff_3_reg_3041                             |   64|  32|   32|          0|
    |sum_diff_5_reg_3047                             |   64|  32|   32|          0|
    |sum_diff_7_reg_3053                             |   64|  32|   32|          0|
    |water_level_1_load_reg_2459                     |   64|  32|   32|          0|
    |water_level_2_load_reg_2464                     |   64|  32|   32|          0|
    |water_level_load_reg_2454                       |   64|  32|   32|          0|
    |zext_ln111_reg_2433                             |   64|  32|   11|          5|
    +------------------------------------------------+-----+----+-----+-----------+
    |Total                                           |36347|1664|33831|         18|
    +------------------------------------------------+-----+----+-----+-----------+



================================================================
== Interface
================================================================
* Summary: 
+--------------------------------------------+-----+-----+------------+--------------------------------------------------------+--------------+
|                  RTL Ports                 | Dir | Bits|  Protocol  |                      Source Object                     |    C Type    |
+--------------------------------------------+-----+-----+------------+--------------------------------------------------------+--------------+
|ap_clk                                      |   in|    1|  ap_ctrl_hs|  do_compute_Pipeline_VITIS_LOOP_109_9_VITIS_LOOP_110_10|  return value|
|ap_rst                                      |   in|    1|  ap_ctrl_hs|  do_compute_Pipeline_VITIS_LOOP_109_9_VITIS_LOOP_110_10|  return value|
|ap_start                                    |   in|    1|  ap_ctrl_hs|  do_compute_Pipeline_VITIS_LOOP_109_9_VITIS_LOOP_110_10|  return value|
|ap_done                                     |  out|    1|  ap_ctrl_hs|  do_compute_Pipeline_VITIS_LOOP_109_9_VITIS_LOOP_110_10|  return value|
|ap_idle                                     |  out|    1|  ap_ctrl_hs|  do_compute_Pipeline_VITIS_LOOP_109_9_VITIS_LOOP_110_10|  return value|
|ap_ready                                    |  out|    1|  ap_ctrl_hs|  do_compute_Pipeline_VITIS_LOOP_109_9_VITIS_LOOP_110_10|  return value|
|grp_fu_454_p_din0                           |  out|   32|  ap_ctrl_hs|  do_compute_Pipeline_VITIS_LOOP_109_9_VITIS_LOOP_110_10|  return value|
|grp_fu_454_p_din1                           |  out|   32|  ap_ctrl_hs|  do_compute_Pipeline_VITIS_LOOP_109_9_VITIS_LOOP_110_10|  return value|
|grp_fu_454_p_opcode                         |  out|    1|  ap_ctrl_hs|  do_compute_Pipeline_VITIS_LOOP_109_9_VITIS_LOOP_110_10|  return value|
|grp_fu_454_p_dout0                          |   in|   32|  ap_ctrl_hs|  do_compute_Pipeline_VITIS_LOOP_109_9_VITIS_LOOP_110_10|  return value|
|grp_fu_454_p_ce                             |  out|    1|  ap_ctrl_hs|  do_compute_Pipeline_VITIS_LOOP_109_9_VITIS_LOOP_110_10|  return value|
|grp_fu_459_p_din0                           |  out|   32|  ap_ctrl_hs|  do_compute_Pipeline_VITIS_LOOP_109_9_VITIS_LOOP_110_10|  return value|
|grp_fu_459_p_din1                           |  out|   32|  ap_ctrl_hs|  do_compute_Pipeline_VITIS_LOOP_109_9_VITIS_LOOP_110_10|  return value|
|grp_fu_459_p_opcode                         |  out|    2|  ap_ctrl_hs|  do_compute_Pipeline_VITIS_LOOP_109_9_VITIS_LOOP_110_10|  return value|
|grp_fu_459_p_dout0                          |   in|   32|  ap_ctrl_hs|  do_compute_Pipeline_VITIS_LOOP_109_9_VITIS_LOOP_110_10|  return value|
|grp_fu_459_p_ce                             |  out|    1|  ap_ctrl_hs|  do_compute_Pipeline_VITIS_LOOP_109_9_VITIS_LOOP_110_10|  return value|
|grp_fu_463_p_din0                           |  out|   32|  ap_ctrl_hs|  do_compute_Pipeline_VITIS_LOOP_109_9_VITIS_LOOP_110_10|  return value|
|grp_fu_463_p_din1                           |  out|   32|  ap_ctrl_hs|  do_compute_Pipeline_VITIS_LOOP_109_9_VITIS_LOOP_110_10|  return value|
|grp_fu_463_p_opcode                         |  out|    2|  ap_ctrl_hs|  do_compute_Pipeline_VITIS_LOOP_109_9_VITIS_LOOP_110_10|  return value|
|grp_fu_463_p_dout0                          |   in|   32|  ap_ctrl_hs|  do_compute_Pipeline_VITIS_LOOP_109_9_VITIS_LOOP_110_10|  return value|
|grp_fu_463_p_ce                             |  out|    1|  ap_ctrl_hs|  do_compute_Pipeline_VITIS_LOOP_109_9_VITIS_LOOP_110_10|  return value|
|grp_fu_468_p_din0                           |  out|   32|  ap_ctrl_hs|  do_compute_Pipeline_VITIS_LOOP_109_9_VITIS_LOOP_110_10|  return value|
|grp_fu_468_p_din1                           |  out|   32|  ap_ctrl_hs|  do_compute_Pipeline_VITIS_LOOP_109_9_VITIS_LOOP_110_10|  return value|
|grp_fu_468_p_dout0                          |   in|   32|  ap_ctrl_hs|  do_compute_Pipeline_VITIS_LOOP_109_9_VITIS_LOOP_110_10|  return value|
|grp_fu_468_p_ce                             |  out|    1|  ap_ctrl_hs|  do_compute_Pipeline_VITIS_LOOP_109_9_VITIS_LOOP_110_10|  return value|
|grp_fu_473_p_din0                           |  out|   32|  ap_ctrl_hs|  do_compute_Pipeline_VITIS_LOOP_109_9_VITIS_LOOP_110_10|  return value|
|grp_fu_473_p_din1                           |  out|   32|  ap_ctrl_hs|  do_compute_Pipeline_VITIS_LOOP_109_9_VITIS_LOOP_110_10|  return value|
|grp_fu_473_p_dout0                          |   in|   32|  ap_ctrl_hs|  do_compute_Pipeline_VITIS_LOOP_109_9_VITIS_LOOP_110_10|  return value|
|grp_fu_473_p_ce                             |  out|    1|  ap_ctrl_hs|  do_compute_Pipeline_VITIS_LOOP_109_9_VITIS_LOOP_110_10|  return value|
|grp_fu_478_p_din0                           |  out|   32|  ap_ctrl_hs|  do_compute_Pipeline_VITIS_LOOP_109_9_VITIS_LOOP_110_10|  return value|
|grp_fu_478_p_din1                           |  out|   32|  ap_ctrl_hs|  do_compute_Pipeline_VITIS_LOOP_109_9_VITIS_LOOP_110_10|  return value|
|grp_fu_478_p_dout0                          |   in|   32|  ap_ctrl_hs|  do_compute_Pipeline_VITIS_LOOP_109_9_VITIS_LOOP_110_10|  return value|
|grp_fu_478_p_ce                             |  out|    1|  ap_ctrl_hs|  do_compute_Pipeline_VITIS_LOOP_109_9_VITIS_LOOP_110_10|  return value|
|grp_fu_485_p_din0                           |  out|   32|  ap_ctrl_hs|  do_compute_Pipeline_VITIS_LOOP_109_9_VITIS_LOOP_110_10|  return value|
|grp_fu_485_p_din1                           |  out|   32|  ap_ctrl_hs|  do_compute_Pipeline_VITIS_LOOP_109_9_VITIS_LOOP_110_10|  return value|
|grp_fu_485_p_dout0                          |   in|   32|  ap_ctrl_hs|  do_compute_Pipeline_VITIS_LOOP_109_9_VITIS_LOOP_110_10|  return value|
|grp_fu_485_p_ce                             |  out|    1|  ap_ctrl_hs|  do_compute_Pipeline_VITIS_LOOP_109_9_VITIS_LOOP_110_10|  return value|
|grp_fu_490_p_din0                           |  out|   32|  ap_ctrl_hs|  do_compute_Pipeline_VITIS_LOOP_109_9_VITIS_LOOP_110_10|  return value|
|grp_fu_490_p_din1                           |  out|   32|  ap_ctrl_hs|  do_compute_Pipeline_VITIS_LOOP_109_9_VITIS_LOOP_110_10|  return value|
|grp_fu_490_p_dout0                          |   in|   32|  ap_ctrl_hs|  do_compute_Pipeline_VITIS_LOOP_109_9_VITIS_LOOP_110_10|  return value|
|grp_fu_490_p_ce                             |  out|    1|  ap_ctrl_hs|  do_compute_Pipeline_VITIS_LOOP_109_9_VITIS_LOOP_110_10|  return value|
|grp_fu_1445_p_din0                          |  out|   32|  ap_ctrl_hs|  do_compute_Pipeline_VITIS_LOOP_109_9_VITIS_LOOP_110_10|  return value|
|grp_fu_1445_p_dout0                         |   in|   32|  ap_ctrl_hs|  do_compute_Pipeline_VITIS_LOOP_109_9_VITIS_LOOP_110_10|  return value|
|grp_fu_1445_p_ce                            |  out|    1|  ap_ctrl_hs|  do_compute_Pipeline_VITIS_LOOP_109_9_VITIS_LOOP_110_10|  return value|
|grp_fu_501_p_din0                           |  out|   32|  ap_ctrl_hs|  do_compute_Pipeline_VITIS_LOOP_109_9_VITIS_LOOP_110_10|  return value|
|grp_fu_501_p_dout0                          |   in|   64|  ap_ctrl_hs|  do_compute_Pipeline_VITIS_LOOP_109_9_VITIS_LOOP_110_10|  return value|
|grp_fu_501_p_ce                             |  out|    1|  ap_ctrl_hs|  do_compute_Pipeline_VITIS_LOOP_109_9_VITIS_LOOP_110_10|  return value|
|grp_fu_507_p_din0                           |  out|   32|  ap_ctrl_hs|  do_compute_Pipeline_VITIS_LOOP_109_9_VITIS_LOOP_110_10|  return value|
|grp_fu_507_p_din1                           |  out|   32|  ap_ctrl_hs|  do_compute_Pipeline_VITIS_LOOP_109_9_VITIS_LOOP_110_10|  return value|
|grp_fu_507_p_opcode                         |  out|    5|  ap_ctrl_hs|  do_compute_Pipeline_VITIS_LOOP_109_9_VITIS_LOOP_110_10|  return value|
|grp_fu_507_p_dout0                          |   in|    1|  ap_ctrl_hs|  do_compute_Pipeline_VITIS_LOOP_109_9_VITIS_LOOP_110_10|  return value|
|grp_fu_507_p_ce                             |  out|    1|  ap_ctrl_hs|  do_compute_Pipeline_VITIS_LOOP_109_9_VITIS_LOOP_110_10|  return value|
|grp_fu_513_p_din0                           |  out|   32|  ap_ctrl_hs|  do_compute_Pipeline_VITIS_LOOP_109_9_VITIS_LOOP_110_10|  return value|
|grp_fu_513_p_din1                           |  out|   32|  ap_ctrl_hs|  do_compute_Pipeline_VITIS_LOOP_109_9_VITIS_LOOP_110_10|  return value|
|grp_fu_513_p_opcode                         |  out|    5|  ap_ctrl_hs|  do_compute_Pipeline_VITIS_LOOP_109_9_VITIS_LOOP_110_10|  return value|
|grp_fu_513_p_dout0                          |   in|    1|  ap_ctrl_hs|  do_compute_Pipeline_VITIS_LOOP_109_9_VITIS_LOOP_110_10|  return value|
|grp_fu_513_p_ce                             |  out|    1|  ap_ctrl_hs|  do_compute_Pipeline_VITIS_LOOP_109_9_VITIS_LOOP_110_10|  return value|
|grp_fu_518_p_din0                           |  out|   32|  ap_ctrl_hs|  do_compute_Pipeline_VITIS_LOOP_109_9_VITIS_LOOP_110_10|  return value|
|grp_fu_518_p_din1                           |  out|   32|  ap_ctrl_hs|  do_compute_Pipeline_VITIS_LOOP_109_9_VITIS_LOOP_110_10|  return value|
|grp_fu_518_p_opcode                         |  out|    5|  ap_ctrl_hs|  do_compute_Pipeline_VITIS_LOOP_109_9_VITIS_LOOP_110_10|  return value|
|grp_fu_518_p_dout0                          |   in|    1|  ap_ctrl_hs|  do_compute_Pipeline_VITIS_LOOP_109_9_VITIS_LOOP_110_10|  return value|
|grp_fu_518_p_ce                             |  out|    1|  ap_ctrl_hs|  do_compute_Pipeline_VITIS_LOOP_109_9_VITIS_LOOP_110_10|  return value|
|grp_fu_524_p_din0                           |  out|   64|  ap_ctrl_hs|  do_compute_Pipeline_VITIS_LOOP_109_9_VITIS_LOOP_110_10|  return value|
|grp_fu_524_p_din1                           |  out|   64|  ap_ctrl_hs|  do_compute_Pipeline_VITIS_LOOP_109_9_VITIS_LOOP_110_10|  return value|
|grp_fu_524_p_opcode                         |  out|    5|  ap_ctrl_hs|  do_compute_Pipeline_VITIS_LOOP_109_9_VITIS_LOOP_110_10|  return value|
|grp_fu_524_p_dout0                          |   in|    1|  ap_ctrl_hs|  do_compute_Pipeline_VITIS_LOOP_109_9_VITIS_LOOP_110_10|  return value|
|grp_fu_524_p_ce                             |  out|    1|  ap_ctrl_hs|  do_compute_Pipeline_VITIS_LOOP_109_9_VITIS_LOOP_110_10|  return value|
|grp_fu_1437_p_din0                          |  out|   32|  ap_ctrl_hs|  do_compute_Pipeline_VITIS_LOOP_109_9_VITIS_LOOP_110_10|  return value|
|grp_fu_1437_p_din1                          |  out|   34|  ap_ctrl_hs|  do_compute_Pipeline_VITIS_LOOP_109_9_VITIS_LOOP_110_10|  return value|
|grp_fu_1437_p_dout0                         |   in|   65|  ap_ctrl_hs|  do_compute_Pipeline_VITIS_LOOP_109_9_VITIS_LOOP_110_10|  return value|
|grp_fu_1437_p_ce                            |  out|    1|  ap_ctrl_hs|  do_compute_Pipeline_VITIS_LOOP_109_9_VITIS_LOOP_110_10|  return value|
|grp_p_hls_fptosi_float_i32_fu_1441_p_din1   |  out|   32|  ap_ctrl_hs|  do_compute_Pipeline_VITIS_LOOP_109_9_VITIS_LOOP_110_10|  return value|
|grp_p_hls_fptosi_float_i32_fu_1441_p_dout0  |   in|   32|  ap_ctrl_hs|  do_compute_Pipeline_VITIS_LOOP_109_9_VITIS_LOOP_110_10|  return value|
|grp_p_hls_fptosi_float_i32_fu_1441_p_ce     |  out|    1|  ap_ctrl_hs|  do_compute_Pipeline_VITIS_LOOP_109_9_VITIS_LOOP_110_10|  return value|
|grp_p_hls_fptosi_float_i32_fu_1441_p_start  |  out|    1|  ap_ctrl_hs|  do_compute_Pipeline_VITIS_LOOP_109_9_VITIS_LOOP_110_10|  return value|
|grp_p_hls_fptosi_float_i32_fu_1441_p_ready  |   in|    1|  ap_ctrl_hs|  do_compute_Pipeline_VITIS_LOOP_109_9_VITIS_LOOP_110_10|  return value|
|grp_p_hls_fptosi_float_i32_fu_1441_p_done   |   in|    1|  ap_ctrl_hs|  do_compute_Pipeline_VITIS_LOOP_109_9_VITIS_LOOP_110_10|  return value|
|grp_p_hls_fptosi_float_i32_fu_1441_p_idle   |   in|    1|  ap_ctrl_hs|  do_compute_Pipeline_VITIS_LOOP_109_9_VITIS_LOOP_110_10|  return value|
|grp_p_hls_fptosi_float_i32_fu_1448_p_din1   |  out|   32|  ap_ctrl_hs|  do_compute_Pipeline_VITIS_LOOP_109_9_VITIS_LOOP_110_10|  return value|
|grp_p_hls_fptosi_float_i32_fu_1448_p_dout0  |   in|   32|  ap_ctrl_hs|  do_compute_Pipeline_VITIS_LOOP_109_9_VITIS_LOOP_110_10|  return value|
|grp_p_hls_fptosi_float_i32_fu_1448_p_ce     |  out|    1|  ap_ctrl_hs|  do_compute_Pipeline_VITIS_LOOP_109_9_VITIS_LOOP_110_10|  return value|
|grp_p_hls_fptosi_float_i32_fu_1448_p_start  |  out|    1|  ap_ctrl_hs|  do_compute_Pipeline_VITIS_LOOP_109_9_VITIS_LOOP_110_10|  return value|
|grp_p_hls_fptosi_float_i32_fu_1448_p_ready  |   in|    1|  ap_ctrl_hs|  do_compute_Pipeline_VITIS_LOOP_109_9_VITIS_LOOP_110_10|  return value|
|grp_p_hls_fptosi_float_i32_fu_1448_p_done   |   in|    1|  ap_ctrl_hs|  do_compute_Pipeline_VITIS_LOOP_109_9_VITIS_LOOP_110_10|  return value|
|grp_p_hls_fptosi_float_i32_fu_1448_p_idle   |   in|    1|  ap_ctrl_hs|  do_compute_Pipeline_VITIS_LOOP_109_9_VITIS_LOOP_110_10|  return value|
|empty                                       |   in|  416|     ap_none|                                                   empty|        scalar|
|p_ground_address0                           |  out|   13|   ap_memory|                                                p_ground|         array|
|p_ground_ce0                                |  out|    1|   ap_memory|                                                p_ground|         array|
|p_ground_q0                                 |   in|   32|   ap_memory|                                                p_ground|         array|
|p_ground_address1                           |  out|   13|   ap_memory|                                                p_ground|         array|
|p_ground_ce1                                |  out|    1|   ap_memory|                                                p_ground|         array|
|p_ground_q1                                 |   in|   32|   ap_memory|                                                p_ground|         array|
|spillage_flag_address0                      |  out|   13|   ap_memory|                                           spillage_flag|         array|
|spillage_flag_ce0                           |  out|    1|   ap_memory|                                           spillage_flag|         array|
|spillage_flag_we0                           |  out|    1|   ap_memory|                                           spillage_flag|         array|
|spillage_flag_d0                            |  out|   32|   ap_memory|                                           spillage_flag|         array|
|spillage_level_address0                     |  out|   13|   ap_memory|                                          spillage_level|         array|
|spillage_level_ce0                          |  out|    1|   ap_memory|                                          spillage_level|         array|
|spillage_level_we0                          |  out|    1|   ap_memory|                                          spillage_level|         array|
|spillage_level_d0                           |  out|   32|   ap_memory|                                          spillage_level|         array|
|water_level_address0                        |  out|   11|   ap_memory|                                             water_level|         array|
|water_level_ce0                             |  out|    1|   ap_memory|                                             water_level|         array|
|water_level_q0                              |   in|   32|   ap_memory|                                             water_level|         array|
|water_level_address1                        |  out|   11|   ap_memory|                                             water_level|         array|
|water_level_ce1                             |  out|    1|   ap_memory|                                             water_level|         array|
|water_level_q1                              |   in|   32|   ap_memory|                                             water_level|         array|
|water_level_1_address0                      |  out|   11|   ap_memory|                                           water_level_1|         array|
|water_level_1_ce0                           |  out|    1|   ap_memory|                                           water_level_1|         array|
|water_level_1_q0                            |   in|   32|   ap_memory|                                           water_level_1|         array|
|water_level_1_address1                      |  out|   11|   ap_memory|                                           water_level_1|         array|
|water_level_1_ce1                           |  out|    1|   ap_memory|                                           water_level_1|         array|
|water_level_1_q1                            |   in|   32|   ap_memory|                                           water_level_1|         array|
|water_level_2_address0                      |  out|   11|   ap_memory|                                           water_level_2|         array|
|water_level_2_ce0                           |  out|    1|   ap_memory|                                           water_level_2|         array|
|water_level_2_q0                            |   in|   32|   ap_memory|                                           water_level_2|         array|
|water_level_2_address1                      |  out|   11|   ap_memory|                                           water_level_2|         array|
|water_level_2_ce1                           |  out|    1|   ap_memory|                                           water_level_2|         array|
|water_level_2_q1                            |   in|   32|   ap_memory|                                           water_level_2|         array|
|spillage_from_neigh_address0                |  out|   13|   ap_memory|                                     spillage_from_neigh|         array|
|spillage_from_neigh_ce0                     |  out|    1|   ap_memory|                                     spillage_from_neigh|         array|
|spillage_from_neigh_we0                     |  out|    1|   ap_memory|                                     spillage_from_neigh|         array|
|spillage_from_neigh_d0                      |  out|   32|   ap_memory|                                     spillage_from_neigh|         array|
|spillage_from_neigh_1_address0              |  out|   13|   ap_memory|                                   spillage_from_neigh_1|         array|
|spillage_from_neigh_1_ce0                   |  out|    1|   ap_memory|                                   spillage_from_neigh_1|         array|
|spillage_from_neigh_1_we0                   |  out|    1|   ap_memory|                                   spillage_from_neigh_1|         array|
|spillage_from_neigh_1_d0                    |  out|   32|   ap_memory|                                   spillage_from_neigh_1|         array|
|spillage_from_neigh_2_address0              |  out|   13|   ap_memory|                                   spillage_from_neigh_2|         array|
|spillage_from_neigh_2_ce0                   |  out|    1|   ap_memory|                                   spillage_from_neigh_2|         array|
|spillage_from_neigh_2_we0                   |  out|    1|   ap_memory|                                   spillage_from_neigh_2|         array|
|spillage_from_neigh_2_d0                    |  out|   32|   ap_memory|                                   spillage_from_neigh_2|         array|
|spillage_from_neigh_3_address0              |  out|   13|   ap_memory|                                   spillage_from_neigh_3|         array|
|spillage_from_neigh_3_ce0                   |  out|    1|   ap_memory|                                   spillage_from_neigh_3|         array|
|spillage_from_neigh_3_we0                   |  out|    1|   ap_memory|                                   spillage_from_neigh_3|         array|
|spillage_from_neigh_3_d0                    |  out|   32|   ap_memory|                                   spillage_from_neigh_3|         array|
|p_out                                       |  out|  416|      ap_vld|                                                   p_out|       pointer|
|p_out_ap_vld                                |  out|    1|      ap_vld|                                                   p_out|       pointer|
+--------------------------------------------+-----+-----+------------+--------------------------------------------------------+--------------+

============================================================
+ Verbose Summary: Synthesis Manager
============================================================
InlineROM: 1
ExposeGlobal: 0
============================================================
+ Verbose Summary: CDFG Model
============================================================
IsTopModel: 0
ResetActiveHigh: 1
IsCombinational: 2
IsDatapathOnly: 2
HasWiredReturn: 1
HasMFsm: 2
HasVarLatency: 1
IsPipeline: 0
IsRtlPipelined: 0
IsInstanceOverlapped: 0
IsDontTouch: 0
HasImplIP: 0
IsGatedGlobalClock: 0

+ Individual pipeline summary: 
  * Pipeline-0: initiation interval (II) = 3, depth = 111


============================================================
+ Verbose Summary: Schedule
============================================================
* Number of FSM states : 111
* Pipeline : 1
  Pipeline-0 : II = 3, D = 111, States = { 1 2 3 4 5 6 7 8 9 10 11 12 13 14 15 16 17 18 19 20 21 22 23 24 25 26 27 28 29 30 31 32 33 34 35 36 37 38 39 40 41 42 43 44 45 46 47 48 49 50 51 52 53 54 55 56 57 58 59 60 61 62 63 64 65 66 67 68 69 70 71 72 73 74 75 76 77 78 79 80 81 82 83 84 85 86 87 88 89 90 91 92 93 94 95 96 97 98 99 100 101 102 103 104 105 106 107 108 109 110 111 }
* Dataflow Pipeline: 0

* FSM state transitions: 
1 --> 2 
2 --> 3 
3 --> 4 
4 --> 5 
5 --> 6 
6 --> 7 
7 --> 8 
8 --> 9 
9 --> 10 
10 --> 11 
11 --> 12 
12 --> 13 
13 --> 14 
14 --> 15 
15 --> 16 
16 --> 17 
17 --> 18 
18 --> 19 
19 --> 20 
20 --> 21 
21 --> 22 
22 --> 23 
23 --> 24 
24 --> 25 
25 --> 26 
26 --> 27 
27 --> 28 
28 --> 29 
29 --> 30 
30 --> 31 
31 --> 32 
32 --> 33 
33 --> 34 
34 --> 35 
35 --> 36 
36 --> 37 
37 --> 38 
38 --> 39 
39 --> 40 
40 --> 41 
41 --> 42 
42 --> 43 
43 --> 44 
44 --> 45 
45 --> 46 
46 --> 47 
47 --> 48 
48 --> 49 
49 --> 50 
50 --> 51 
51 --> 52 
52 --> 53 
53 --> 54 
54 --> 55 
55 --> 56 
56 --> 57 
57 --> 58 
58 --> 59 
59 --> 60 
60 --> 61 
61 --> 62 
62 --> 63 
63 --> 64 
64 --> 65 
65 --> 66 
66 --> 67 
67 --> 68 
68 --> 69 
69 --> 70 
70 --> 71 
71 --> 72 
72 --> 73 
73 --> 74 
74 --> 75 
75 --> 76 
76 --> 77 
77 --> 78 
78 --> 79 
79 --> 80 
80 --> 81 
81 --> 82 
82 --> 83 
83 --> 84 
84 --> 85 
85 --> 86 
86 --> 87 
87 --> 88 
88 --> 89 
89 --> 90 
90 --> 91 
91 --> 92 
92 --> 93 
93 --> 94 
94 --> 95 
95 --> 96 
96 --> 97 
97 --> 98 
98 --> 99 
99 --> 100 
100 --> 101 
101 --> 102 
102 --> 103 
103 --> 104 
104 --> 105 
105 --> 106 
106 --> 107 
107 --> 108 
108 --> 109 
109 --> 110 
110 --> 111 
111 --> 

* FSM state operations: 

State 1 <SV = 0> <Delay = 2.86>
ST_1 : Operation 114 [1/1] (0.00ns)   --->   "%new_col = alloca i32 1" [flood_HLS_base.cpp:72]   --->   Operation 114 'alloca' 'new_col' <Predicate = true> <Delay = 0.00>
ST_1 : Operation 115 [1/1] (0.00ns)   --->   "%new_row_2 = alloca i32 1" [flood_HLS_base.cpp:72]   --->   Operation 115 'alloca' 'new_row_2' <Predicate = true> <Delay = 0.00>
ST_1 : Operation 116 [1/1] (0.00ns)   --->   "%indvar_flatten9 = alloca i32 1"   --->   Operation 116 'alloca' 'indvar_flatten9' <Predicate = true> <Delay = 0.00>
ST_1 : Operation 117 [1/1] (0.00ns)   --->   "%empty_71 = alloca i32 1"   --->   Operation 117 'alloca' 'empty_71' <Predicate = true> <Delay = 0.00>
ST_1 : Operation 118 [1/1] (0.00ns)   --->   "%specinterface_ln0 = specinterface void @_ssdm_op_SpecInterface, i32 %p_ground, void @empty_4, i32 0, i32 0, void @empty_3, i32 4294967295, i32 0, void @empty_3, void @empty_3, void @empty_3, i32 0, i32 0, i32 0, i32 0, void @empty_3, void @empty_3, i32 4294967295, i32 0, i32 0"   --->   Operation 118 'specinterface' 'specinterface_ln0' <Predicate = true> <Delay = 0.00>
ST_1 : Operation 119 [1/1] (0.00ns)   --->   "%tmp = read i416 @_ssdm_op_Read.ap_auto.i416, i416 %empty"   --->   Operation 119 'read' 'tmp' <Predicate = true> <Delay = 0.00>
ST_1 : Operation 120 [1/1] (0.41ns)   --->   "%store_ln0 = store i416 %tmp, i416 %empty_71"   --->   Operation 120 'store' 'store_ln0' <Predicate = true> <Delay = 0.41>
ST_1 : Operation 121 [1/1] (0.38ns)   --->   "%store_ln0 = store i13 0, i13 %indvar_flatten9"   --->   Operation 121 'store' 'store_ln0' <Predicate = true> <Delay = 0.38>
ST_1 : Operation 122 [1/1] (0.38ns)   --->   "%store_ln72 = store i6 0, i6 %new_row_2" [flood_HLS_base.cpp:72]   --->   Operation 122 'store' 'store_ln72' <Predicate = true> <Delay = 0.38>
ST_1 : Operation 123 [1/1] (0.38ns)   --->   "%store_ln72 = store i7 0, i7 %new_col" [flood_HLS_base.cpp:72]   --->   Operation 123 'store' 'store_ln72' <Predicate = true> <Delay = 0.38>
ST_1 : Operation 124 [1/1] (0.00ns)   --->   "%br_ln0 = br void %for.body250"   --->   Operation 124 'br' 'br_ln0' <Predicate = true> <Delay = 0.00>
ST_1 : Operation 125 [1/1] (0.00ns)   --->   "%indvar_flatten9_load = load i13 %indvar_flatten9" [flood_HLS_base.cpp:109]   --->   Operation 125 'load' 'indvar_flatten9_load' <Predicate = true> <Delay = 0.00>
ST_1 : Operation 126 [1/1] (0.75ns)   --->   "%icmp_ln109 = icmp_eq  i13 %indvar_flatten9_load, i13 4800" [flood_HLS_base.cpp:109]   --->   Operation 126 'icmp' 'icmp_ln109' <Predicate = true> <Delay = 0.75> <CoreInst = "Cmp">   --->   Core 9 'Cmp' <Latency = 0> <II = 1> <Delay = 0.75> <FuncUnit> <Opcode : 'seteq' 'setne' 'setle' 'setge' 'setlt' 'setgt'> <InPorts = 2> <OutPorts = 1>
ST_1 : Operation 127 [1/1] (0.75ns)   --->   "%add_ln109_1 = add i13 %indvar_flatten9_load, i13 1" [flood_HLS_base.cpp:109]   --->   Operation 127 'add' 'add_ln109_1' <Predicate = true> <Delay = 0.75> <CoreInst = "Adder">   --->   Core 1 'Adder' <Latency = 0> <II = 1> <Delay = 0.75> <FuncUnit> <Opcode : 'add' 'sub'> <InPorts = 2> <OutPorts = 1>
ST_1 : Operation 128 [1/1] (0.00ns)   --->   "%br_ln109 = br i1 %icmp_ln109, void %for.inc419, void %for.body427.preheader.exitStub" [flood_HLS_base.cpp:109]   --->   Operation 128 'br' 'br_ln109' <Predicate = true> <Delay = 0.00>
ST_1 : Operation 129 [1/1] (0.00ns)   --->   "%new_col_load = load i7 %new_col" [flood_HLS_base.cpp:110]   --->   Operation 129 'load' 'new_col_load' <Predicate = (!icmp_ln109)> <Delay = 0.00>
ST_1 : Operation 130 [1/1] (0.00ns)   --->   "%new_row_2_load = load i6 %new_row_2" [flood_HLS_base.cpp:109]   --->   Operation 130 'load' 'new_row_2_load' <Predicate = (!icmp_ln109)> <Delay = 0.00>
ST_1 : Operation 131 [1/1] (0.70ns)   --->   "%add_ln109 = add i6 %new_row_2_load, i6 1" [flood_HLS_base.cpp:109]   --->   Operation 131 'add' 'add_ln109' <Predicate = (!icmp_ln109)> <Delay = 0.70> <CoreInst = "Adder">   --->   Core 1 'Adder' <Latency = 0> <II = 1> <Delay = 0.70> <FuncUnit> <Opcode : 'add' 'sub'> <InPorts = 2> <OutPorts = 1>
ST_1 : Operation 132 [1/1] (0.70ns)   --->   "%icmp_ln110 = icmp_eq  i7 %new_col_load, i7 80" [flood_HLS_base.cpp:110]   --->   Operation 132 'icmp' 'icmp_ln110' <Predicate = (!icmp_ln109)> <Delay = 0.70> <CoreInst = "Cmp">   --->   Core 9 'Cmp' <Latency = 0> <II = 1> <Delay = 0.70> <FuncUnit> <Opcode : 'seteq' 'setne' 'setle' 'setge' 'setlt' 'setgt'> <InPorts = 2> <OutPorts = 1>
ST_1 : Operation 133 [1/1] (0.30ns)   --->   "%select_ln52 = select i1 %icmp_ln110, i7 0, i7 %new_col_load" [flood_HLS_base.cpp:52]   --->   Operation 133 'select' 'select_ln52' <Predicate = (!icmp_ln109)> <Delay = 0.30> <CoreInst = "Sel">   --->   Core 73 'Sel' <Latency = 0> <II = 1> <Delay = 0.30> <FuncUnit> <Opcode : 'select'> <InPorts = 3> <OutPorts = 1>
ST_1 : Operation 134 [1/1] (0.29ns)   --->   "%select_ln109 = select i1 %icmp_ln110, i6 %add_ln109, i6 %new_row_2_load" [flood_HLS_base.cpp:109]   --->   Operation 134 'select' 'select_ln109' <Predicate = (!icmp_ln109)> <Delay = 0.29> <CoreInst = "Sel">   --->   Core 73 'Sel' <Latency = 0> <II = 1> <Delay = 0.29> <FuncUnit> <Opcode : 'select'> <InPorts = 3> <OutPorts = 1>
ST_1 : Operation 135 [1/1] (0.00ns)   --->   "%zext_ln117 = zext i6 %select_ln109" [flood_HLS_base.cpp:117]   --->   Operation 135 'zext' 'zext_ln117' <Predicate = (!icmp_ln109)> <Delay = 0.00>
ST_1 : Operation 136 [1/1] (1.23ns)   --->   "%mul_ln111 = mul i11 %zext_ln117, i11 27" [flood_HLS_base.cpp:111]   --->   Operation 136 'mul' 'mul_ln111' <Predicate = (!icmp_ln109)> <Delay = 1.23> <CoreInst = "Multiplier">   --->   Core 3 'Multiplier' <Latency = 0> <II = 1> <Delay = 1.23> <FuncUnit> <Opcode : 'mul'> <InPorts = 2> <OutPorts = 1>
ST_1 : Operation 137 [1/1] (0.00ns)   --->   "%zext_ln52 = zext i7 %select_ln52" [flood_HLS_base.cpp:52]   --->   Operation 137 'zext' 'zext_ln52' <Predicate = (!icmp_ln109)> <Delay = 0.00>
ST_1 : Operation 138 [1/1] (1.46ns)   --->   "%mul_ln52 = mul i15 %zext_ln52, i15 171" [flood_HLS_base.cpp:52]   --->   Operation 138 'mul' 'mul_ln52' <Predicate = (!icmp_ln109)> <Delay = 1.46> <CoreInst = "Multiplier">   --->   Core 3 'Multiplier' <Latency = 0> <II = 1> <Delay = 1.46> <FuncUnit> <Opcode : 'mul'> <InPorts = 2> <OutPorts = 1>
ST_1 : Operation 139 [1/1] (0.00ns)   --->   "%tmp_60 = partselect i6 @_ssdm_op_PartSelect.i6.i15.i32.i32, i15 %mul_ln52, i32 9, i32 14" [flood_HLS_base.cpp:52]   --->   Operation 139 'partselect' 'tmp_60' <Predicate = (!icmp_ln109)> <Delay = 0.00>
ST_1 : Operation 140 [11/11] (1.21ns)   --->   "%urem_ln52 = urem i7 %select_ln52, i7 3" [flood_HLS_base.cpp:52]   --->   Operation 140 'urem' 'urem_ln52' <Predicate = (!icmp_ln109)> <Delay = 1.21> <CoreInst = "Divider">   --->   Core 6 'Divider' <Latency = 10> <II = 1> <Delay = 1.21> <FuncUnit> <Opcode : 'udiv' 'sdiv' 'urem' 'srem'> <InPorts = 2> <OutPorts = 1>
ST_1 : Operation 141 [1/1] (0.70ns)   --->   "%add_ln110 = add i7 %select_ln52, i7 1" [flood_HLS_base.cpp:110]   --->   Operation 141 'add' 'add_ln110' <Predicate = (!icmp_ln109)> <Delay = 0.70> <CoreInst = "Adder">   --->   Core 1 'Adder' <Latency = 0> <II = 1> <Delay = 0.70> <FuncUnit> <Opcode : 'add' 'sub'> <InPorts = 2> <OutPorts = 1>
ST_1 : Operation 142 [1/1] (0.38ns)   --->   "%store_ln109 = store i13 %add_ln109_1, i13 %indvar_flatten9" [flood_HLS_base.cpp:109]   --->   Operation 142 'store' 'store_ln109' <Predicate = (!icmp_ln109)> <Delay = 0.38>
ST_1 : Operation 143 [1/1] (0.38ns)   --->   "%store_ln72 = store i6 %select_ln109, i6 %new_row_2" [flood_HLS_base.cpp:72]   --->   Operation 143 'store' 'store_ln72' <Predicate = (!icmp_ln109)> <Delay = 0.38>
ST_1 : Operation 144 [1/1] (0.38ns)   --->   "%store_ln72 = store i7 %add_ln110, i7 %new_col" [flood_HLS_base.cpp:72]   --->   Operation 144 'store' 'store_ln72' <Predicate = (!icmp_ln109)> <Delay = 0.38>
ST_1 : Operation 145 [1/1] (0.00ns)   --->   "%br_ln110 = br void %for.body250" [flood_HLS_base.cpp:110]   --->   Operation 145 'br' 'br_ln110' <Predicate = (!icmp_ln109)> <Delay = 0.00>

State 2 <SV = 1> <Delay = 1.93>
ST_2 : Operation 146 [1/1] (0.00ns)   --->   "%zext_ln111 = zext i6 %tmp_60" [flood_HLS_base.cpp:111]   --->   Operation 146 'zext' 'zext_ln111' <Predicate = (!icmp_ln109)> <Delay = 0.00>
ST_2 : Operation 147 [1/1] (0.73ns)   --->   "%add_ln111 = add i11 %mul_ln111, i11 %zext_ln111" [flood_HLS_base.cpp:111]   --->   Operation 147 'add' 'add_ln111' <Predicate = (!icmp_ln109)> <Delay = 0.73> <CoreInst = "Adder">   --->   Core 1 'Adder' <Latency = 0> <II = 1> <Delay = 0.73> <FuncUnit> <Opcode : 'add' 'sub'> <InPorts = 2> <OutPorts = 1>
ST_2 : Operation 148 [1/1] (0.00ns)   --->   "%zext_ln111_1 = zext i11 %add_ln111" [flood_HLS_base.cpp:111]   --->   Operation 148 'zext' 'zext_ln111_1' <Predicate = (!icmp_ln109)> <Delay = 0.00>
ST_2 : Operation 149 [1/1] (0.00ns)   --->   "%water_level_addr = getelementptr i32 %water_level, i64 0, i64 %zext_ln111_1" [flood_HLS_base.cpp:111]   --->   Operation 149 'getelementptr' 'water_level_addr' <Predicate = (!icmp_ln109)> <Delay = 0.00>
ST_2 : Operation 150 [1/1] (0.00ns)   --->   "%water_level_1_addr = getelementptr i32 %water_level_1, i64 0, i64 %zext_ln111_1" [flood_HLS_base.cpp:111]   --->   Operation 150 'getelementptr' 'water_level_1_addr' <Predicate = (!icmp_ln109)> <Delay = 0.00>
ST_2 : Operation 151 [1/1] (0.00ns)   --->   "%water_level_2_addr = getelementptr i32 %water_level_2, i64 0, i64 %zext_ln111_1" [flood_HLS_base.cpp:111]   --->   Operation 151 'getelementptr' 'water_level_2_addr' <Predicate = (!icmp_ln109)> <Delay = 0.00>
ST_2 : Operation 152 [10/11] (1.21ns)   --->   "%urem_ln52 = urem i7 %select_ln52, i7 3" [flood_HLS_base.cpp:52]   --->   Operation 152 'urem' 'urem_ln52' <Predicate = (!icmp_ln109)> <Delay = 1.21> <CoreInst = "Divider">   --->   Core 6 'Divider' <Latency = 10> <II = 1> <Delay = 1.21> <FuncUnit> <Opcode : 'udiv' 'sdiv' 'urem' 'srem'> <InPorts = 2> <OutPorts = 1>
ST_2 : Operation 153 [2/2] (1.20ns)   --->   "%water_level_load = load i11 %water_level_addr" [flood_HLS_base.cpp:111]   --->   Operation 153 'load' 'water_level_load' <Predicate = (!icmp_ln109)> <Delay = 1.20> <CoreInst = "RAM_1WnR">   --->   Core 83 'RAM_1WnR' <Latency = 1> <II = 1> <Delay = 1.20> <Storage> <Opcode : 'load' 'store'> <Ports = 17> <Width = 32> <Depth = 1620> <RAM>
ST_2 : Operation 154 [2/2] (1.20ns)   --->   "%water_level_1_load = load i11 %water_level_1_addr" [flood_HLS_base.cpp:111]   --->   Operation 154 'load' 'water_level_1_load' <Predicate = (!icmp_ln109)> <Delay = 1.20> <CoreInst = "RAM_1WnR">   --->   Core 83 'RAM_1WnR' <Latency = 1> <II = 1> <Delay = 1.20> <Storage> <Opcode : 'load' 'store'> <Ports = 17> <Width = 32> <Depth = 1620> <RAM>
ST_2 : Operation 155 [2/2] (1.20ns)   --->   "%water_level_2_load = load i11 %water_level_2_addr" [flood_HLS_base.cpp:111]   --->   Operation 155 'load' 'water_level_2_load' <Predicate = (!icmp_ln109)> <Delay = 1.20> <CoreInst = "RAM_1WnR">   --->   Core 83 'RAM_1WnR' <Latency = 1> <II = 1> <Delay = 1.20> <Storage> <Opcode : 'load' 'store'> <Ports = 17> <Width = 32> <Depth = 1620> <RAM>

State 3 <SV = 2> <Delay = 1.21>
ST_3 : Operation 156 [9/11] (1.21ns)   --->   "%urem_ln52 = urem i7 %select_ln52, i7 3" [flood_HLS_base.cpp:52]   --->   Operation 156 'urem' 'urem_ln52' <Predicate = (!icmp_ln109)> <Delay = 1.21> <CoreInst = "Divider">   --->   Core 6 'Divider' <Latency = 10> <II = 1> <Delay = 1.21> <FuncUnit> <Opcode : 'udiv' 'sdiv' 'urem' 'srem'> <InPorts = 2> <OutPorts = 1>
ST_3 : Operation 157 [1/2] (1.20ns)   --->   "%water_level_load = load i11 %water_level_addr" [flood_HLS_base.cpp:111]   --->   Operation 157 'load' 'water_level_load' <Predicate = (!icmp_ln109)> <Delay = 1.20> <CoreInst = "RAM_1WnR">   --->   Core 83 'RAM_1WnR' <Latency = 1> <II = 1> <Delay = 1.20> <Storage> <Opcode : 'load' 'store'> <Ports = 17> <Width = 32> <Depth = 1620> <RAM>
ST_3 : Operation 158 [1/2] (1.20ns)   --->   "%water_level_1_load = load i11 %water_level_1_addr" [flood_HLS_base.cpp:111]   --->   Operation 158 'load' 'water_level_1_load' <Predicate = (!icmp_ln109)> <Delay = 1.20> <CoreInst = "RAM_1WnR">   --->   Core 83 'RAM_1WnR' <Latency = 1> <II = 1> <Delay = 1.20> <Storage> <Opcode : 'load' 'store'> <Ports = 17> <Width = 32> <Depth = 1620> <RAM>
ST_3 : Operation 159 [1/2] (1.20ns)   --->   "%water_level_2_load = load i11 %water_level_2_addr" [flood_HLS_base.cpp:111]   --->   Operation 159 'load' 'water_level_2_load' <Predicate = (!icmp_ln109)> <Delay = 1.20> <CoreInst = "RAM_1WnR">   --->   Core 83 'RAM_1WnR' <Latency = 1> <II = 1> <Delay = 1.20> <Storage> <Opcode : 'load' 'store'> <Ports = 17> <Width = 32> <Depth = 1620> <RAM>

State 4 <SV = 3> <Delay = 1.21>
ST_4 : Operation 160 [8/11] (1.21ns)   --->   "%urem_ln52 = urem i7 %select_ln52, i7 3" [flood_HLS_base.cpp:52]   --->   Operation 160 'urem' 'urem_ln52' <Predicate = (!icmp_ln109)> <Delay = 1.21> <CoreInst = "Divider">   --->   Core 6 'Divider' <Latency = 10> <II = 1> <Delay = 1.21> <FuncUnit> <Opcode : 'udiv' 'sdiv' 'urem' 'srem'> <InPorts = 2> <OutPorts = 1>

State 5 <SV = 4> <Delay = 1.21>
ST_5 : Operation 161 [7/11] (1.21ns)   --->   "%urem_ln52 = urem i7 %select_ln52, i7 3" [flood_HLS_base.cpp:52]   --->   Operation 161 'urem' 'urem_ln52' <Predicate = (!icmp_ln109)> <Delay = 1.21> <CoreInst = "Divider">   --->   Core 6 'Divider' <Latency = 10> <II = 1> <Delay = 1.21> <FuncUnit> <Opcode : 'udiv' 'sdiv' 'urem' 'srem'> <InPorts = 2> <OutPorts = 1>

State 6 <SV = 5> <Delay = 1.21>
ST_6 : Operation 162 [6/11] (1.21ns)   --->   "%urem_ln52 = urem i7 %select_ln52, i7 3" [flood_HLS_base.cpp:52]   --->   Operation 162 'urem' 'urem_ln52' <Predicate = (!icmp_ln109)> <Delay = 1.21> <CoreInst = "Divider">   --->   Core 6 'Divider' <Latency = 10> <II = 1> <Delay = 1.21> <FuncUnit> <Opcode : 'udiv' 'sdiv' 'urem' 'srem'> <InPorts = 2> <OutPorts = 1>

State 7 <SV = 6> <Delay = 1.21>
ST_7 : Operation 163 [5/11] (1.21ns)   --->   "%urem_ln52 = urem i7 %select_ln52, i7 3" [flood_HLS_base.cpp:52]   --->   Operation 163 'urem' 'urem_ln52' <Predicate = (!icmp_ln109)> <Delay = 1.21> <CoreInst = "Divider">   --->   Core 6 'Divider' <Latency = 10> <II = 1> <Delay = 1.21> <FuncUnit> <Opcode : 'udiv' 'sdiv' 'urem' 'srem'> <InPorts = 2> <OutPorts = 1>

State 8 <SV = 7> <Delay = 1.97>
ST_8 : Operation 164 [1/1] (0.00ns)   --->   "%row_pos_4_cast = zext i6 %select_ln109" [flood_HLS_base.cpp:109]   --->   Operation 164 'zext' 'row_pos_4_cast' <Predicate = (!icmp_ln109)> <Delay = 0.00>
ST_8 : Operation 165 [1/1] (0.70ns)   --->   "%new_row = add i7 %row_pos_4_cast, i7 127" [flood_HLS_base.cpp:109]   --->   Operation 165 'add' 'new_row' <Predicate = (!icmp_ln109)> <Delay = 0.70> <CoreInst = "Adder">   --->   Core 1 'Adder' <Latency = 0> <II = 1> <Delay = 0.70> <FuncUnit> <Opcode : 'add' 'sub'> <InPorts = 2> <OutPorts = 1>
ST_8 : Operation 166 [1/1] (0.00ns)   --->   "%new_row_cast2 = zext i7 %new_row" [flood_HLS_base.cpp:109]   --->   Operation 166 'zext' 'new_row_cast2' <Predicate = (!icmp_ln109)> <Delay = 0.00>
ST_8 : Operation 167 [1/1] (1.27ns)   --->   "%mul_ln134_1 = mul i11 %new_row_cast2, i11 27" [flood_HLS_base.cpp:109]   --->   Operation 167 'mul' 'mul_ln134_1' <Predicate = (!icmp_ln109)> <Delay = 1.27> <CoreInst = "Multiplier">   --->   Core 3 'Multiplier' <Latency = 0> <II = 1> <Delay = 1.27> <FuncUnit> <Opcode : 'mul'> <InPorts = 2> <OutPorts = 1>
ST_8 : Operation 168 [4/11] (1.21ns)   --->   "%urem_ln52 = urem i7 %select_ln52, i7 3" [flood_HLS_base.cpp:52]   --->   Operation 168 'urem' 'urem_ln52' <Predicate = (!icmp_ln109)> <Delay = 1.21> <CoreInst = "Divider">   --->   Core 6 'Divider' <Latency = 10> <II = 1> <Delay = 1.21> <FuncUnit> <Opcode : 'udiv' 'sdiv' 'urem' 'srem'> <InPorts = 2> <OutPorts = 1>

State 9 <SV = 8> <Delay = 1.21>
ST_9 : Operation 169 [3/11] (1.21ns)   --->   "%urem_ln52 = urem i7 %select_ln52, i7 3" [flood_HLS_base.cpp:52]   --->   Operation 169 'urem' 'urem_ln52' <Predicate = (!icmp_ln109)> <Delay = 1.21> <CoreInst = "Divider">   --->   Core 6 'Divider' <Latency = 10> <II = 1> <Delay = 1.21> <FuncUnit> <Opcode : 'udiv' 'sdiv' 'urem' 'srem'> <InPorts = 2> <OutPorts = 1>

State 10 <SV = 9> <Delay = 1.21>
ST_10 : Operation 170 [2/11] (1.21ns)   --->   "%urem_ln52 = urem i7 %select_ln52, i7 3" [flood_HLS_base.cpp:52]   --->   Operation 170 'urem' 'urem_ln52' <Predicate = (!icmp_ln109)> <Delay = 1.21> <CoreInst = "Divider">   --->   Core 6 'Divider' <Latency = 10> <II = 1> <Delay = 1.21> <FuncUnit> <Opcode : 'udiv' 'sdiv' 'urem' 'srem'> <InPorts = 2> <OutPorts = 1>

State 11 <SV = 10> <Delay = 2.67>
ST_11 : Operation 171 [1/1] (0.70ns)   --->   "%new_row_1 = add i6 %select_ln109, i6 1" [flood_HLS_base.cpp:109]   --->   Operation 171 'add' 'new_row_1' <Predicate = (!icmp_ln109)> <Delay = 0.70> <CoreInst = "Adder">   --->   Core 1 'Adder' <Latency = 0> <II = 1> <Delay = 0.70> <FuncUnit> <Opcode : 'add' 'sub'> <InPorts = 2> <OutPorts = 1>
ST_11 : Operation 172 [1/1] (0.00ns)   --->   "%zext_ln134_2 = zext i6 %new_row_1" [flood_HLS_base.cpp:134]   --->   Operation 172 'zext' 'zext_ln134_2' <Predicate = (!icmp_ln109)> <Delay = 0.00>
ST_11 : Operation 173 [1/1] (1.23ns)   --->   "%mul_ln134 = mul i11 %zext_ln134_2, i11 27" [flood_HLS_base.cpp:134]   --->   Operation 173 'mul' 'mul_ln134' <Predicate = (!icmp_ln109)> <Delay = 1.23> <CoreInst = "Multiplier">   --->   Core 3 'Multiplier' <Latency = 0> <II = 1> <Delay = 1.23> <FuncUnit> <Opcode : 'mul'> <InPorts = 2> <OutPorts = 1>
ST_11 : Operation 174 [1/11] (1.21ns)   --->   "%urem_ln52 = urem i7 %select_ln52, i7 3" [flood_HLS_base.cpp:52]   --->   Operation 174 'urem' 'urem_ln52' <Predicate = (!icmp_ln109)> <Delay = 1.21> <CoreInst = "Divider">   --->   Core 6 'Divider' <Latency = 10> <II = 1> <Delay = 1.21> <FuncUnit> <Opcode : 'udiv' 'sdiv' 'urem' 'srem'> <InPorts = 2> <OutPorts = 1>
ST_11 : Operation 175 [1/1] (0.00ns)   --->   "%trunc_ln52 = trunc i2 %urem_ln52" [flood_HLS_base.cpp:52]   --->   Operation 175 'trunc' 'trunc_ln52' <Predicate = (!icmp_ln109)> <Delay = 0.00>
ST_11 : Operation 176 [1/1] (0.38ns)   --->   "%tmp_s = sparsemux i32 @_ssdm_op_SparseMux.ap_auto.3i32.i32.i2, i2 0, i32 %water_level_load, i2 1, i32 %water_level_1_load, i2 2, i32 %water_level_2_load, i32 0, i2 %trunc_ln52" [flood_HLS_base.cpp:111]   --->   Operation 176 'sparsemux' 'tmp_s' <Predicate = (!icmp_ln109)> <Delay = 0.38> <CoreInst = "SparseMux">   --->   Core 144 'SparseMux' <Latency = 0> <II = 1> <Delay = 0.38> <FuncUnit> <Opcode : 'sparsemux'> <InPorts = 2> <OutPorts = 1>
ST_11 : Operation 177 [1/1] (0.88ns)   --->   "%icmp_ln111 = icmp_sgt  i32 %tmp_s, i32 0" [flood_HLS_base.cpp:111]   --->   Operation 177 'icmp' 'icmp_ln111' <Predicate = (!icmp_ln109)> <Delay = 0.88> <CoreInst = "Cmp">   --->   Core 9 'Cmp' <Latency = 0> <II = 1> <Delay = 0.88> <FuncUnit> <Opcode : 'seteq' 'setne' 'setle' 'setge' 'setlt' 'setgt'> <InPorts = 2> <OutPorts = 1>
ST_11 : Operation 178 [1/1] (0.00ns)   --->   "%br_ln111 = br i1 %icmp_ln111, void %for.inc416, void %VITIS_LOOP_121_11_ifconv" [flood_HLS_base.cpp:111]   --->   Operation 178 'br' 'br_ln111' <Predicate = (!icmp_ln109)> <Delay = 0.00>
ST_11 : Operation 179 [1/1] (0.00ns)   --->   "%zext_ln122 = zext i7 %select_ln52" [flood_HLS_base.cpp:122]   --->   Operation 179 'zext' 'zext_ln122' <Predicate = (!icmp_ln109 & icmp_ln111)> <Delay = 0.00>
ST_11 : Operation 180 [1/1] (0.73ns)   --->   "%add_ln134 = add i11 %mul_ln134_1, i11 %zext_ln111" [flood_HLS_base.cpp:134]   --->   Operation 180 'add' 'add_ln134' <Predicate = (!icmp_ln109 & icmp_ln111)> <Delay = 0.73> <CoreInst = "Adder">   --->   Core 1 'Adder' <Latency = 0> <II = 1> <Delay = 0.73> <FuncUnit> <Opcode : 'add' 'sub'> <InPorts = 2> <OutPorts = 1>
ST_11 : Operation 181 [1/1] (0.00ns)   --->   "%zext_ln134_5 = zext i11 %add_ln134" [flood_HLS_base.cpp:134]   --->   Operation 181 'zext' 'zext_ln134_5' <Predicate = (!icmp_ln109 & icmp_ln111)> <Delay = 0.00>
ST_11 : Operation 182 [1/1] (0.00ns)   --->   "%water_level_addr_1 = getelementptr i32 %water_level, i64 0, i64 %zext_ln134_5" [flood_HLS_base.cpp:134]   --->   Operation 182 'getelementptr' 'water_level_addr_1' <Predicate = (!icmp_ln109 & icmp_ln111)> <Delay = 0.00>
ST_11 : Operation 183 [1/1] (0.73ns)   --->   "%add_ln134_1 = add i11 %mul_ln134, i11 %zext_ln111" [flood_HLS_base.cpp:134]   --->   Operation 183 'add' 'add_ln134_1' <Predicate = (!icmp_ln109 & icmp_ln111)> <Delay = 0.73> <CoreInst = "Adder">   --->   Core 1 'Adder' <Latency = 0> <II = 1> <Delay = 0.73> <FuncUnit> <Opcode : 'add' 'sub'> <InPorts = 2> <OutPorts = 1>
ST_11 : Operation 184 [1/1] (0.00ns)   --->   "%water_level_1_addr_1 = getelementptr i32 %water_level_1, i64 0, i64 %zext_ln134_5" [flood_HLS_base.cpp:134]   --->   Operation 184 'getelementptr' 'water_level_1_addr_1' <Predicate = (!icmp_ln109 & icmp_ln111)> <Delay = 0.00>
ST_11 : Operation 185 [1/1] (0.00ns)   --->   "%water_level_2_addr_1 = getelementptr i32 %water_level_2, i64 0, i64 %zext_ln134_5" [flood_HLS_base.cpp:134]   --->   Operation 185 'getelementptr' 'water_level_2_addr_1' <Predicate = (!icmp_ln109 & icmp_ln111)> <Delay = 0.00>
ST_11 : Operation 186 [2/2] (1.20ns)   --->   "%water_level_load_1 = load i11 %water_level_addr_1" [flood_HLS_base.cpp:134]   --->   Operation 186 'load' 'water_level_load_1' <Predicate = (!icmp_ln109 & icmp_ln111)> <Delay = 1.20> <CoreInst = "RAM_1WnR">   --->   Core 83 'RAM_1WnR' <Latency = 1> <II = 1> <Delay = 1.20> <Storage> <Opcode : 'load' 'store'> <Ports = 17> <Width = 32> <Depth = 1620> <RAM>
ST_11 : Operation 187 [2/2] (1.20ns)   --->   "%water_level_1_load_1 = load i11 %water_level_1_addr_1" [flood_HLS_base.cpp:134]   --->   Operation 187 'load' 'water_level_1_load_1' <Predicate = (!icmp_ln109 & icmp_ln111)> <Delay = 1.20> <CoreInst = "RAM_1WnR">   --->   Core 83 'RAM_1WnR' <Latency = 1> <II = 1> <Delay = 1.20> <Storage> <Opcode : 'load' 'store'> <Ports = 17> <Width = 32> <Depth = 1620> <RAM>
ST_11 : Operation 188 [2/2] (1.20ns)   --->   "%water_level_2_load_1 = load i11 %water_level_2_addr_1" [flood_HLS_base.cpp:134]   --->   Operation 188 'load' 'water_level_2_load_1' <Predicate = (!icmp_ln109 & icmp_ln111)> <Delay = 1.20> <CoreInst = "RAM_1WnR">   --->   Core 83 'RAM_1WnR' <Latency = 1> <II = 1> <Delay = 1.20> <Storage> <Opcode : 'load' 'store'> <Ports = 17> <Width = 32> <Depth = 1620> <RAM>
ST_11 : Operation 189 [1/1] (0.70ns)   --->   "%new_col_1 = add i8 %zext_ln122, i8 255" [flood_HLS_base.cpp:123]   --->   Operation 189 'add' 'new_col_1' <Predicate = (!icmp_ln109 & icmp_ln111)> <Delay = 0.70> <CoreInst = "Adder">   --->   Core 1 'Adder' <Latency = 0> <II = 1> <Delay = 0.70> <FuncUnit> <Opcode : 'add' 'sub'> <InPorts = 2> <OutPorts = 1>

State 12 <SV = 11> <Delay = 2.66>
ST_12 : Operation 190 [4/4] (2.66ns)   --->   "%conv3 = sitofp i32 %tmp_s" [flood_HLS_base.cpp:117]   --->   Operation 190 'sitofp' 'conv3' <Predicate = (!icmp_ln109 & icmp_ln111)> <Delay = 2.66> <CoreInst = "Int2Float">   --->   Core 62 'Int2Float' <Latency = 3> <II = 1> <Delay = 2.66> <FuncUnit> <Opcode : 'uitofp' 'sitofp'> <InPorts = 1> <OutPorts = 1>
ST_12 : Operation 191 [1/1] (0.00ns)   --->   "%zext_ln134_6 = zext i11 %add_ln134_1" [flood_HLS_base.cpp:134]   --->   Operation 191 'zext' 'zext_ln134_6' <Predicate = (!icmp_ln109 & icmp_ln111)> <Delay = 0.00>
ST_12 : Operation 192 [1/1] (0.00ns)   --->   "%water_level_addr_2 = getelementptr i32 %water_level, i64 0, i64 %zext_ln134_6" [flood_HLS_base.cpp:134]   --->   Operation 192 'getelementptr' 'water_level_addr_2' <Predicate = (!icmp_ln109 & icmp_ln111 & trunc_ln52 == 0)> <Delay = 0.00>
ST_12 : Operation 193 [1/1] (0.00ns)   --->   "%water_level_1_addr_2 = getelementptr i32 %water_level_1, i64 0, i64 %zext_ln134_6" [flood_HLS_base.cpp:134]   --->   Operation 193 'getelementptr' 'water_level_1_addr_2' <Predicate = (!icmp_ln109 & icmp_ln111 & trunc_ln52 == 1)> <Delay = 0.00>
ST_12 : Operation 194 [1/1] (0.00ns)   --->   "%water_level_2_addr_2 = getelementptr i32 %water_level_2, i64 0, i64 %zext_ln134_6" [flood_HLS_base.cpp:134]   --->   Operation 194 'getelementptr' 'water_level_2_addr_2' <Predicate = (!icmp_ln109 & icmp_ln111 & trunc_ln52 == 2)> <Delay = 0.00>
ST_12 : Operation 195 [1/2] (1.20ns)   --->   "%water_level_load_1 = load i11 %water_level_addr_1" [flood_HLS_base.cpp:134]   --->   Operation 195 'load' 'water_level_load_1' <Predicate = (!icmp_ln109 & icmp_ln111)> <Delay = 1.20> <CoreInst = "RAM_1WnR">   --->   Core 83 'RAM_1WnR' <Latency = 1> <II = 1> <Delay = 1.20> <Storage> <Opcode : 'load' 'store'> <Ports = 17> <Width = 32> <Depth = 1620> <RAM>
ST_12 : Operation 196 [1/2] (1.20ns)   --->   "%water_level_1_load_1 = load i11 %water_level_1_addr_1" [flood_HLS_base.cpp:134]   --->   Operation 196 'load' 'water_level_1_load_1' <Predicate = (!icmp_ln109 & icmp_ln111)> <Delay = 1.20> <CoreInst = "RAM_1WnR">   --->   Core 83 'RAM_1WnR' <Latency = 1> <II = 1> <Delay = 1.20> <Storage> <Opcode : 'load' 'store'> <Ports = 17> <Width = 32> <Depth = 1620> <RAM>
ST_12 : Operation 197 [1/2] (1.20ns)   --->   "%water_level_2_load_1 = load i11 %water_level_2_addr_1" [flood_HLS_base.cpp:134]   --->   Operation 197 'load' 'water_level_2_load_1' <Predicate = (!icmp_ln109 & icmp_ln111)> <Delay = 1.20> <CoreInst = "RAM_1WnR">   --->   Core 83 'RAM_1WnR' <Latency = 1> <II = 1> <Delay = 1.20> <Storage> <Opcode : 'load' 'store'> <Ports = 17> <Width = 32> <Depth = 1620> <RAM>
ST_12 : Operation 198 [1/1] (0.38ns)   --->   "%tmp_4 = sparsemux i32 @_ssdm_op_SparseMux.ap_auto.3i32.i32.i2, i2 0, i32 %water_level_load_1, i2 1, i32 %water_level_1_load_1, i2 2, i32 %water_level_2_load_1, i32 0, i2 %trunc_ln52" [flood_HLS_base.cpp:134]   --->   Operation 198 'sparsemux' 'tmp_4' <Predicate = (!icmp_ln109 & icmp_ln111)> <Delay = 0.38> <CoreInst = "SparseMux">   --->   Core 144 'SparseMux' <Latency = 0> <II = 1> <Delay = 0.38> <FuncUnit> <Opcode : 'sparsemux'> <InPorts = 2> <OutPorts = 1>
ST_12 : Operation 199 [2/2] (1.20ns)   --->   "%water_level_load_2 = load i11 %water_level_addr_2" [flood_HLS_base.cpp:134]   --->   Operation 199 'load' 'water_level_load_2' <Predicate = (!icmp_ln109 & icmp_ln111 & trunc_ln52 == 0)> <Delay = 1.20> <CoreInst = "RAM_1WnR">   --->   Core 83 'RAM_1WnR' <Latency = 1> <II = 1> <Delay = 1.20> <Storage> <Opcode : 'load' 'store'> <Ports = 17> <Width = 32> <Depth = 1620> <RAM>
ST_12 : Operation 200 [2/2] (1.20ns)   --->   "%water_level_1_load_2 = load i11 %water_level_1_addr_2" [flood_HLS_base.cpp:134]   --->   Operation 200 'load' 'water_level_1_load_2' <Predicate = (!icmp_ln109 & icmp_ln111 & trunc_ln52 == 1)> <Delay = 1.20> <CoreInst = "RAM_1WnR">   --->   Core 83 'RAM_1WnR' <Latency = 1> <II = 1> <Delay = 1.20> <Storage> <Opcode : 'load' 'store'> <Ports = 17> <Width = 32> <Depth = 1620> <RAM>
ST_12 : Operation 201 [2/2] (1.20ns)   --->   "%water_level_2_load_2 = load i11 %water_level_2_addr_2" [flood_HLS_base.cpp:134]   --->   Operation 201 'load' 'water_level_2_load_2' <Predicate = (!icmp_ln109 & icmp_ln111 & trunc_ln52 == 2)> <Delay = 1.20> <CoreInst = "RAM_1WnR">   --->   Core 83 'RAM_1WnR' <Latency = 1> <II = 1> <Delay = 1.20> <Storage> <Opcode : 'load' 'store'> <Ports = 17> <Width = 32> <Depth = 1620> <RAM>
ST_12 : Operation 202 [1/1] (0.00ns)   --->   "%sext_ln72 = sext i8 %new_col_1" [flood_HLS_base.cpp:72]   --->   Operation 202 'sext' 'sext_ln72' <Predicate = (!icmp_ln109 & icmp_ln111)> <Delay = 0.00>
ST_12 : Operation 203 [1/1] (0.00ns)   --->   "%zext_ln72 = zext i32 %sext_ln72" [flood_HLS_base.cpp:72]   --->   Operation 203 'zext' 'zext_ln72' <Predicate = (!icmp_ln109 & icmp_ln111)> <Delay = 0.00>
ST_12 : Operation 204 [2/2] (2.27ns)   --->   "%mul_ln72 = mul i65 %zext_ln72, i65 5726623062" [flood_HLS_base.cpp:72]   --->   Operation 204 'mul' 'mul_ln72' <Predicate = (!icmp_ln109 & icmp_ln111)> <Delay = 2.27> <CoreInst = "Multiplier">   --->   Core 3 'Multiplier' <Latency = 1> <II = 1> <Delay = 2.27> <FuncUnit> <Opcode : 'mul'> <InPorts = 2> <OutPorts = 1>
ST_12 : Operation 205 [1/1] (0.70ns)   --->   "%new_col_2 = add i7 %select_ln52, i7 1" [flood_HLS_base.cpp:123]   --->   Operation 205 'add' 'new_col_2' <Predicate = (!icmp_ln109 & icmp_ln111)> <Delay = 0.70> <CoreInst = "Adder">   --->   Core 1 'Adder' <Latency = 0> <II = 1> <Delay = 0.70> <FuncUnit> <Opcode : 'add' 'sub'> <InPorts = 2> <OutPorts = 1>
ST_12 : Operation 206 [1/1] (0.00ns)   --->   "%zext_ln72_1 = zext i7 %new_col_2" [flood_HLS_base.cpp:72]   --->   Operation 206 'zext' 'zext_ln72_1' <Predicate = (!icmp_ln109 & icmp_ln111)> <Delay = 0.00>
ST_12 : Operation 207 [1/1] (1.46ns)   --->   "%mul_ln72_1 = mul i15 %zext_ln72_1, i15 171" [flood_HLS_base.cpp:72]   --->   Operation 207 'mul' 'mul_ln72_1' <Predicate = (!icmp_ln109 & icmp_ln111)> <Delay = 1.46> <CoreInst = "Multiplier">   --->   Core 3 'Multiplier' <Latency = 0> <II = 1> <Delay = 1.46> <FuncUnit> <Opcode : 'mul'> <InPorts = 2> <OutPorts = 1>
ST_12 : Operation 208 [1/1] (0.00ns)   --->   "%tmp_66 = partselect i6 @_ssdm_op_PartSelect.i6.i15.i32.i32, i15 %mul_ln72_1, i32 9, i32 14" [flood_HLS_base.cpp:72]   --->   Operation 208 'partselect' 'tmp_66' <Predicate = (!icmp_ln109 & icmp_ln111)> <Delay = 0.00>

State 13 <SV = 12> <Delay = 2.66>
ST_13 : Operation 209 [3/4] (2.66ns)   --->   "%conv3 = sitofp i32 %tmp_s" [flood_HLS_base.cpp:117]   --->   Operation 209 'sitofp' 'conv3' <Predicate = (!icmp_ln109 & icmp_ln111)> <Delay = 2.66> <CoreInst = "Int2Float">   --->   Core 62 'Int2Float' <Latency = 3> <II = 1> <Delay = 2.66> <FuncUnit> <Opcode : 'uitofp' 'sitofp'> <InPorts = 1> <OutPorts = 1>
ST_13 : Operation 210 [4/4] (2.66ns)   --->   "%conv4 = sitofp i32 %tmp_4" [flood_HLS_base.cpp:134]   --->   Operation 210 'sitofp' 'conv4' <Predicate = (!icmp_ln109 & icmp_ln111)> <Delay = 2.66> <CoreInst = "Int2Float">   --->   Core 62 'Int2Float' <Latency = 3> <II = 1> <Delay = 2.66> <FuncUnit> <Opcode : 'uitofp' 'sitofp'> <InPorts = 1> <OutPorts = 1>
ST_13 : Operation 211 [1/2] (1.20ns)   --->   "%water_level_load_2 = load i11 %water_level_addr_2" [flood_HLS_base.cpp:134]   --->   Operation 211 'load' 'water_level_load_2' <Predicate = (!icmp_ln109 & icmp_ln111 & trunc_ln52 == 0)> <Delay = 1.20> <CoreInst = "RAM_1WnR">   --->   Core 83 'RAM_1WnR' <Latency = 1> <II = 1> <Delay = 1.20> <Storage> <Opcode : 'load' 'store'> <Ports = 17> <Width = 32> <Depth = 1620> <RAM>
ST_13 : Operation 212 [1/2] (1.20ns)   --->   "%water_level_1_load_2 = load i11 %water_level_1_addr_2" [flood_HLS_base.cpp:134]   --->   Operation 212 'load' 'water_level_1_load_2' <Predicate = (!icmp_ln109 & icmp_ln111 & trunc_ln52 == 1)> <Delay = 1.20> <CoreInst = "RAM_1WnR">   --->   Core 83 'RAM_1WnR' <Latency = 1> <II = 1> <Delay = 1.20> <Storage> <Opcode : 'load' 'store'> <Ports = 17> <Width = 32> <Depth = 1620> <RAM>
ST_13 : Operation 213 [1/2] (1.20ns)   --->   "%water_level_2_load_2 = load i11 %water_level_2_addr_2" [flood_HLS_base.cpp:134]   --->   Operation 213 'load' 'water_level_2_load_2' <Predicate = (!icmp_ln109 & icmp_ln111 & trunc_ln52 == 2)> <Delay = 1.20> <CoreInst = "RAM_1WnR">   --->   Core 83 'RAM_1WnR' <Latency = 1> <II = 1> <Delay = 1.20> <Storage> <Opcode : 'load' 'store'> <Ports = 17> <Width = 32> <Depth = 1620> <RAM>
ST_13 : Operation 214 [1/1] (0.38ns)   --->   "%tmp_5 = sparsemux i32 @_ssdm_op_SparseMux.ap_auto.3i32.i32.i2, i2 0, i32 %water_level_load_2, i2 1, i32 %water_level_1_load_2, i2 2, i32 %water_level_2_load_2, i32 0, i2 %trunc_ln52" [flood_HLS_base.cpp:134]   --->   Operation 214 'sparsemux' 'tmp_5' <Predicate = (!icmp_ln109 & icmp_ln111)> <Delay = 0.38> <CoreInst = "SparseMux">   --->   Core 144 'SparseMux' <Latency = 0> <II = 1> <Delay = 0.38> <FuncUnit> <Opcode : 'sparsemux'> <InPorts = 2> <OutPorts = 1>
ST_13 : Operation 215 [1/2] (2.27ns)   --->   "%mul_ln72 = mul i65 %zext_ln72, i65 5726623062" [flood_HLS_base.cpp:72]   --->   Operation 215 'mul' 'mul_ln72' <Predicate = (!icmp_ln109 & icmp_ln111)> <Delay = 2.27> <CoreInst = "Multiplier">   --->   Core 3 'Multiplier' <Latency = 1> <II = 1> <Delay = 2.27> <FuncUnit> <Opcode : 'mul'> <InPorts = 2> <OutPorts = 1>
ST_13 : Operation 216 [1/1] (0.00ns)   --->   "%udiv_ln1_cast = partselect i11 @_ssdm_op_PartSelect.i11.i65.i32.i32, i65 %mul_ln72, i32 34, i32 44" [flood_HLS_base.cpp:134]   --->   Operation 216 'partselect' 'udiv_ln1_cast' <Predicate = (!icmp_ln109 & icmp_ln111)> <Delay = 0.00>
ST_13 : Operation 217 [1/1] (0.00ns)   --->   "%zext_ln134_10 = zext i6 %tmp_66" [flood_HLS_base.cpp:134]   --->   Operation 217 'zext' 'zext_ln134_10' <Predicate = (!icmp_ln109 & icmp_ln111)> <Delay = 0.00>
ST_13 : Operation 218 [1/1] (0.73ns)   --->   "%add_ln134_6 = add i11 %mul_ln111, i11 %zext_ln134_10" [flood_HLS_base.cpp:134]   --->   Operation 218 'add' 'add_ln134_6' <Predicate = (!icmp_ln109 & icmp_ln111)> <Delay = 0.73> <CoreInst = "Adder">   --->   Core 1 'Adder' <Latency = 0> <II = 1> <Delay = 0.73> <FuncUnit> <Opcode : 'add' 'sub'> <InPorts = 2> <OutPorts = 1>
ST_13 : Operation 219 [1/1] (0.00ns)   --->   "%zext_ln134_11 = zext i11 %add_ln134_6" [flood_HLS_base.cpp:134]   --->   Operation 219 'zext' 'zext_ln134_11' <Predicate = (!icmp_ln109 & icmp_ln111)> <Delay = 0.00>
ST_13 : Operation 220 [1/1] (0.00ns)   --->   "%water_level_addr_4 = getelementptr i32 %water_level, i64 0, i64 %zext_ln134_11" [flood_HLS_base.cpp:134]   --->   Operation 220 'getelementptr' 'water_level_addr_4' <Predicate = (!icmp_ln109 & icmp_ln111 & trunc_ln52 == 2)> <Delay = 0.00>
ST_13 : Operation 221 [1/1] (0.00ns)   --->   "%water_level_1_addr_4 = getelementptr i32 %water_level_1, i64 0, i64 %zext_ln134_11" [flood_HLS_base.cpp:134]   --->   Operation 221 'getelementptr' 'water_level_1_addr_4' <Predicate = (!icmp_ln109 & icmp_ln111 & trunc_ln52 == 0)> <Delay = 0.00>
ST_13 : Operation 222 [1/1] (0.00ns)   --->   "%water_level_2_addr_4 = getelementptr i32 %water_level_2, i64 0, i64 %zext_ln134_11" [flood_HLS_base.cpp:134]   --->   Operation 222 'getelementptr' 'water_level_2_addr_4' <Predicate = (!icmp_ln109 & icmp_ln111 & trunc_ln52 == 1)> <Delay = 0.00>
ST_13 : Operation 223 [2/2] (1.20ns)   --->   "%water_level_load_4 = load i11 %water_level_addr_4" [flood_HLS_base.cpp:134]   --->   Operation 223 'load' 'water_level_load_4' <Predicate = (!icmp_ln109 & icmp_ln111 & trunc_ln52 == 2)> <Delay = 1.20> <CoreInst = "RAM_1WnR">   --->   Core 83 'RAM_1WnR' <Latency = 1> <II = 1> <Delay = 1.20> <Storage> <Opcode : 'load' 'store'> <Ports = 17> <Width = 32> <Depth = 1620> <RAM>
ST_13 : Operation 224 [2/2] (1.20ns)   --->   "%water_level_1_load_4 = load i11 %water_level_1_addr_4" [flood_HLS_base.cpp:134]   --->   Operation 224 'load' 'water_level_1_load_4' <Predicate = (!icmp_ln109 & icmp_ln111 & trunc_ln52 == 0)> <Delay = 1.20> <CoreInst = "RAM_1WnR">   --->   Core 83 'RAM_1WnR' <Latency = 1> <II = 1> <Delay = 1.20> <Storage> <Opcode : 'load' 'store'> <Ports = 17> <Width = 32> <Depth = 1620> <RAM>
ST_13 : Operation 225 [2/2] (1.20ns)   --->   "%water_level_2_load_4 = load i11 %water_level_2_addr_4" [flood_HLS_base.cpp:134]   --->   Operation 225 'load' 'water_level_2_load_4' <Predicate = (!icmp_ln109 & icmp_ln111 & trunc_ln52 == 1)> <Delay = 1.20> <CoreInst = "RAM_1WnR">   --->   Core 83 'RAM_1WnR' <Latency = 1> <II = 1> <Delay = 1.20> <Storage> <Opcode : 'load' 'store'> <Ports = 17> <Width = 32> <Depth = 1620> <RAM>

State 14 <SV = 13> <Delay = 2.66>
ST_14 : Operation 226 [2/4] (2.66ns)   --->   "%conv3 = sitofp i32 %tmp_s" [flood_HLS_base.cpp:117]   --->   Operation 226 'sitofp' 'conv3' <Predicate = (!icmp_ln109 & icmp_ln111)> <Delay = 2.66> <CoreInst = "Int2Float">   --->   Core 62 'Int2Float' <Latency = 3> <II = 1> <Delay = 2.66> <FuncUnit> <Opcode : 'uitofp' 'sitofp'> <InPorts = 1> <OutPorts = 1>
ST_14 : Operation 227 [3/4] (2.66ns)   --->   "%conv4 = sitofp i32 %tmp_4" [flood_HLS_base.cpp:134]   --->   Operation 227 'sitofp' 'conv4' <Predicate = (!icmp_ln109 & icmp_ln111)> <Delay = 2.66> <CoreInst = "Int2Float">   --->   Core 62 'Int2Float' <Latency = 3> <II = 1> <Delay = 2.66> <FuncUnit> <Opcode : 'uitofp' 'sitofp'> <InPorts = 1> <OutPorts = 1>
ST_14 : Operation 228 [4/4] (2.66ns)   --->   "%conv300_1 = sitofp i32 %tmp_5" [flood_HLS_base.cpp:134]   --->   Operation 228 'sitofp' 'conv300_1' <Predicate = (!icmp_ln109 & icmp_ln111)> <Delay = 2.66> <CoreInst = "Int2Float">   --->   Core 62 'Int2Float' <Latency = 3> <II = 1> <Delay = 2.66> <FuncUnit> <Opcode : 'uitofp' 'sitofp'> <InPorts = 1> <OutPorts = 1>
ST_14 : Operation 229 [1/1] (0.73ns)   --->   "%add_ln134_4 = add i11 %mul_ln111, i11 %udiv_ln1_cast" [flood_HLS_base.cpp:134]   --->   Operation 229 'add' 'add_ln134_4' <Predicate = (!icmp_ln109 & icmp_ln111)> <Delay = 0.73> <CoreInst = "Adder">   --->   Core 1 'Adder' <Latency = 0> <II = 1> <Delay = 0.73> <FuncUnit> <Opcode : 'add' 'sub'> <InPorts = 2> <OutPorts = 1>
ST_14 : Operation 230 [1/2] (1.20ns)   --->   "%water_level_load_4 = load i11 %water_level_addr_4" [flood_HLS_base.cpp:134]   --->   Operation 230 'load' 'water_level_load_4' <Predicate = (!icmp_ln109 & icmp_ln111 & trunc_ln52 == 2)> <Delay = 1.20> <CoreInst = "RAM_1WnR">   --->   Core 83 'RAM_1WnR' <Latency = 1> <II = 1> <Delay = 1.20> <Storage> <Opcode : 'load' 'store'> <Ports = 17> <Width = 32> <Depth = 1620> <RAM>
ST_14 : Operation 231 [1/2] (1.20ns)   --->   "%water_level_1_load_4 = load i11 %water_level_1_addr_4" [flood_HLS_base.cpp:134]   --->   Operation 231 'load' 'water_level_1_load_4' <Predicate = (!icmp_ln109 & icmp_ln111 & trunc_ln52 == 0)> <Delay = 1.20> <CoreInst = "RAM_1WnR">   --->   Core 83 'RAM_1WnR' <Latency = 1> <II = 1> <Delay = 1.20> <Storage> <Opcode : 'load' 'store'> <Ports = 17> <Width = 32> <Depth = 1620> <RAM>
ST_14 : Operation 232 [1/2] (1.20ns)   --->   "%water_level_2_load_4 = load i11 %water_level_2_addr_4" [flood_HLS_base.cpp:134]   --->   Operation 232 'load' 'water_level_2_load_4' <Predicate = (!icmp_ln109 & icmp_ln111 & trunc_ln52 == 1)> <Delay = 1.20> <CoreInst = "RAM_1WnR">   --->   Core 83 'RAM_1WnR' <Latency = 1> <II = 1> <Delay = 1.20> <Storage> <Opcode : 'load' 'store'> <Ports = 17> <Width = 32> <Depth = 1620> <RAM>
ST_14 : Operation 233 [1/1] (0.38ns)   --->   "%tmp_11 = sparsemux i32 @_ssdm_op_SparseMux.ap_auto.3i32.i32.i2, i2 2, i32 %water_level_load_4, i2 0, i32 %water_level_1_load_4, i2 1, i32 %water_level_2_load_4, i32 0, i2 %trunc_ln52" [flood_HLS_base.cpp:134]   --->   Operation 233 'sparsemux' 'tmp_11' <Predicate = (!icmp_ln109 & icmp_ln111)> <Delay = 0.38> <CoreInst = "SparseMux">   --->   Core 144 'SparseMux' <Latency = 0> <II = 1> <Delay = 0.38> <FuncUnit> <Opcode : 'sparsemux'> <InPorts = 2> <OutPorts = 1>

State 15 <SV = 14> <Delay = 2.66>
ST_15 : Operation 234 [1/4] (2.66ns)   --->   "%conv3 = sitofp i32 %tmp_s" [flood_HLS_base.cpp:117]   --->   Operation 234 'sitofp' 'conv3' <Predicate = (!icmp_ln109 & icmp_ln111)> <Delay = 2.66> <CoreInst = "Int2Float">   --->   Core 62 'Int2Float' <Latency = 3> <II = 1> <Delay = 2.66> <FuncUnit> <Opcode : 'uitofp' 'sitofp'> <InPorts = 1> <OutPorts = 1>
ST_15 : Operation 235 [2/4] (2.66ns)   --->   "%conv4 = sitofp i32 %tmp_4" [flood_HLS_base.cpp:134]   --->   Operation 235 'sitofp' 'conv4' <Predicate = (!icmp_ln109 & icmp_ln111)> <Delay = 2.66> <CoreInst = "Int2Float">   --->   Core 62 'Int2Float' <Latency = 3> <II = 1> <Delay = 2.66> <FuncUnit> <Opcode : 'uitofp' 'sitofp'> <InPorts = 1> <OutPorts = 1>
ST_15 : Operation 236 [3/4] (2.66ns)   --->   "%conv300_1 = sitofp i32 %tmp_5" [flood_HLS_base.cpp:134]   --->   Operation 236 'sitofp' 'conv300_1' <Predicate = (!icmp_ln109 & icmp_ln111)> <Delay = 2.66> <CoreInst = "Int2Float">   --->   Core 62 'Int2Float' <Latency = 3> <II = 1> <Delay = 2.66> <FuncUnit> <Opcode : 'uitofp' 'sitofp'> <InPorts = 1> <OutPorts = 1>
ST_15 : Operation 237 [1/1] (0.00ns)   --->   "%zext_ln134_9 = zext i11 %add_ln134_4" [flood_HLS_base.cpp:134]   --->   Operation 237 'zext' 'zext_ln134_9' <Predicate = (!icmp_ln109 & icmp_ln111)> <Delay = 0.00>
ST_15 : Operation 238 [1/1] (0.00ns)   --->   "%water_level_addr_3 = getelementptr i32 %water_level, i64 0, i64 %zext_ln134_9" [flood_HLS_base.cpp:134]   --->   Operation 238 'getelementptr' 'water_level_addr_3' <Predicate = (!icmp_ln109 & icmp_ln111 & trunc_ln52 == 1)> <Delay = 0.00>
ST_15 : Operation 239 [1/1] (0.00ns)   --->   "%water_level_1_addr_3 = getelementptr i32 %water_level_1, i64 0, i64 %zext_ln134_9" [flood_HLS_base.cpp:134]   --->   Operation 239 'getelementptr' 'water_level_1_addr_3' <Predicate = (!icmp_ln109 & icmp_ln111 & trunc_ln52 == 2)> <Delay = 0.00>
ST_15 : Operation 240 [1/1] (0.00ns)   --->   "%water_level_2_addr_3 = getelementptr i32 %water_level_2, i64 0, i64 %zext_ln134_9" [flood_HLS_base.cpp:134]   --->   Operation 240 'getelementptr' 'water_level_2_addr_3' <Predicate = (!icmp_ln109 & icmp_ln111 & trunc_ln52 == 0)> <Delay = 0.00>
ST_15 : Operation 241 [2/2] (1.20ns)   --->   "%water_level_load_3 = load i11 %water_level_addr_3" [flood_HLS_base.cpp:134]   --->   Operation 241 'load' 'water_level_load_3' <Predicate = (!icmp_ln109 & icmp_ln111 & trunc_ln52 == 1)> <Delay = 1.20> <CoreInst = "RAM_1WnR">   --->   Core 83 'RAM_1WnR' <Latency = 1> <II = 1> <Delay = 1.20> <Storage> <Opcode : 'load' 'store'> <Ports = 17> <Width = 32> <Depth = 1620> <RAM>
ST_15 : Operation 242 [2/2] (1.20ns)   --->   "%water_level_1_load_3 = load i11 %water_level_1_addr_3" [flood_HLS_base.cpp:134]   --->   Operation 242 'load' 'water_level_1_load_3' <Predicate = (!icmp_ln109 & icmp_ln111 & trunc_ln52 == 2)> <Delay = 1.20> <CoreInst = "RAM_1WnR">   --->   Core 83 'RAM_1WnR' <Latency = 1> <II = 1> <Delay = 1.20> <Storage> <Opcode : 'load' 'store'> <Ports = 17> <Width = 32> <Depth = 1620> <RAM>
ST_15 : Operation 243 [2/2] (1.20ns)   --->   "%water_level_2_load_3 = load i11 %water_level_2_addr_3" [flood_HLS_base.cpp:134]   --->   Operation 243 'load' 'water_level_2_load_3' <Predicate = (!icmp_ln109 & icmp_ln111 & trunc_ln52 == 0)> <Delay = 1.20> <CoreInst = "RAM_1WnR">   --->   Core 83 'RAM_1WnR' <Latency = 1> <II = 1> <Delay = 1.20> <Storage> <Opcode : 'load' 'store'> <Ports = 17> <Width = 32> <Depth = 1620> <RAM>
ST_15 : Operation 244 [4/4] (2.66ns)   --->   "%conv300_3 = sitofp i32 %tmp_11" [flood_HLS_base.cpp:134]   --->   Operation 244 'sitofp' 'conv300_3' <Predicate = (!icmp_ln109 & icmp_ln111)> <Delay = 2.66> <CoreInst = "Int2Float">   --->   Core 62 'Int2Float' <Latency = 3> <II = 1> <Delay = 2.66> <FuncUnit> <Opcode : 'uitofp' 'sitofp'> <InPorts = 1> <OutPorts = 1>

State 16 <SV = 15> <Delay = 2.66>
ST_16 : Operation 245 [12/12] (2.32ns)   --->   "%div9 = fdiv i32 %conv3, i32 1e+06" [flood_HLS_base.cpp:117]   --->   Operation 245 'fdiv' 'div9' <Predicate = (!icmp_ln109 & icmp_ln111)> <Delay = 2.32> <CoreInst = "FDiv">   --->   Core 20 'FDiv' <Latency = 11> <II = 1> <Delay = 2.32> <FuncUnit> <Opcode : 'fdiv' 'frem'> <InPorts = 2> <OutPorts = 1>
ST_16 : Operation 246 [1/4] (2.66ns)   --->   "%conv4 = sitofp i32 %tmp_4" [flood_HLS_base.cpp:134]   --->   Operation 246 'sitofp' 'conv4' <Predicate = (!icmp_ln109 & icmp_ln111)> <Delay = 2.66> <CoreInst = "Int2Float">   --->   Core 62 'Int2Float' <Latency = 3> <II = 1> <Delay = 2.66> <FuncUnit> <Opcode : 'uitofp' 'sitofp'> <InPorts = 1> <OutPorts = 1>
ST_16 : Operation 247 [2/4] (2.66ns)   --->   "%conv300_1 = sitofp i32 %tmp_5" [flood_HLS_base.cpp:134]   --->   Operation 247 'sitofp' 'conv300_1' <Predicate = (!icmp_ln109 & icmp_ln111)> <Delay = 2.66> <CoreInst = "Int2Float">   --->   Core 62 'Int2Float' <Latency = 3> <II = 1> <Delay = 2.66> <FuncUnit> <Opcode : 'uitofp' 'sitofp'> <InPorts = 1> <OutPorts = 1>
ST_16 : Operation 248 [1/2] (1.20ns)   --->   "%water_level_load_3 = load i11 %water_level_addr_3" [flood_HLS_base.cpp:134]   --->   Operation 248 'load' 'water_level_load_3' <Predicate = (!icmp_ln109 & icmp_ln111 & trunc_ln52 == 1)> <Delay = 1.20> <CoreInst = "RAM_1WnR">   --->   Core 83 'RAM_1WnR' <Latency = 1> <II = 1> <Delay = 1.20> <Storage> <Opcode : 'load' 'store'> <Ports = 17> <Width = 32> <Depth = 1620> <RAM>
ST_16 : Operation 249 [1/2] (1.20ns)   --->   "%water_level_1_load_3 = load i11 %water_level_1_addr_3" [flood_HLS_base.cpp:134]   --->   Operation 249 'load' 'water_level_1_load_3' <Predicate = (!icmp_ln109 & icmp_ln111 & trunc_ln52 == 2)> <Delay = 1.20> <CoreInst = "RAM_1WnR">   --->   Core 83 'RAM_1WnR' <Latency = 1> <II = 1> <Delay = 1.20> <Storage> <Opcode : 'load' 'store'> <Ports = 17> <Width = 32> <Depth = 1620> <RAM>
ST_16 : Operation 250 [1/2] (1.20ns)   --->   "%water_level_2_load_3 = load i11 %water_level_2_addr_3" [flood_HLS_base.cpp:134]   --->   Operation 250 'load' 'water_level_2_load_3' <Predicate = (!icmp_ln109 & icmp_ln111 & trunc_ln52 == 0)> <Delay = 1.20> <CoreInst = "RAM_1WnR">   --->   Core 83 'RAM_1WnR' <Latency = 1> <II = 1> <Delay = 1.20> <Storage> <Opcode : 'load' 'store'> <Ports = 17> <Width = 32> <Depth = 1620> <RAM>
ST_16 : Operation 251 [1/1] (0.38ns)   --->   "%tmp_6 = sparsemux i32 @_ssdm_op_SparseMux.ap_auto.3i32.i32.i2, i2 1, i32 %water_level_load_3, i2 2, i32 %water_level_1_load_3, i2 0, i32 %water_level_2_load_3, i32 0, i2 %trunc_ln52" [flood_HLS_base.cpp:134]   --->   Operation 251 'sparsemux' 'tmp_6' <Predicate = (!icmp_ln109 & icmp_ln111)> <Delay = 0.38> <CoreInst = "SparseMux">   --->   Core 144 'SparseMux' <Latency = 0> <II = 1> <Delay = 0.38> <FuncUnit> <Opcode : 'sparsemux'> <InPorts = 2> <OutPorts = 1>
ST_16 : Operation 252 [3/4] (2.66ns)   --->   "%conv300_3 = sitofp i32 %tmp_11" [flood_HLS_base.cpp:134]   --->   Operation 252 'sitofp' 'conv300_3' <Predicate = (!icmp_ln109 & icmp_ln111)> <Delay = 2.66> <CoreInst = "Int2Float">   --->   Core 62 'Int2Float' <Latency = 3> <II = 1> <Delay = 2.66> <FuncUnit> <Opcode : 'uitofp' 'sitofp'> <InPorts = 1> <OutPorts = 1>

State 17 <SV = 16> <Delay = 2.66>
ST_17 : Operation 253 [11/12] (2.32ns)   --->   "%div9 = fdiv i32 %conv3, i32 1e+06" [flood_HLS_base.cpp:117]   --->   Operation 253 'fdiv' 'div9' <Predicate = (!icmp_ln109 & icmp_ln111)> <Delay = 2.32> <CoreInst = "FDiv">   --->   Core 20 'FDiv' <Latency = 11> <II = 1> <Delay = 2.32> <FuncUnit> <Opcode : 'fdiv' 'frem'> <InPorts = 2> <OutPorts = 1>
ST_17 : Operation 254 [12/12] (2.32ns)   --->   "%div4 = fdiv i32 %conv4, i32 1e+06" [flood_HLS_base.cpp:134]   --->   Operation 254 'fdiv' 'div4' <Predicate = (!icmp_ln109 & icmp_ln111)> <Delay = 2.32> <CoreInst = "FDiv">   --->   Core 20 'FDiv' <Latency = 11> <II = 1> <Delay = 2.32> <FuncUnit> <Opcode : 'fdiv' 'frem'> <InPorts = 2> <OutPorts = 1>
ST_17 : Operation 255 [1/4] (2.66ns)   --->   "%conv300_1 = sitofp i32 %tmp_5" [flood_HLS_base.cpp:134]   --->   Operation 255 'sitofp' 'conv300_1' <Predicate = (!icmp_ln109 & icmp_ln111)> <Delay = 2.66> <CoreInst = "Int2Float">   --->   Core 62 'Int2Float' <Latency = 3> <II = 1> <Delay = 2.66> <FuncUnit> <Opcode : 'uitofp' 'sitofp'> <InPorts = 1> <OutPorts = 1>
ST_17 : Operation 256 [4/4] (2.66ns)   --->   "%conv300_2 = sitofp i32 %tmp_6" [flood_HLS_base.cpp:134]   --->   Operation 256 'sitofp' 'conv300_2' <Predicate = (!icmp_ln109 & icmp_ln111)> <Delay = 2.66> <CoreInst = "Int2Float">   --->   Core 62 'Int2Float' <Latency = 3> <II = 1> <Delay = 2.66> <FuncUnit> <Opcode : 'uitofp' 'sitofp'> <InPorts = 1> <OutPorts = 1>
ST_17 : Operation 257 [2/4] (2.66ns)   --->   "%conv300_3 = sitofp i32 %tmp_11" [flood_HLS_base.cpp:134]   --->   Operation 257 'sitofp' 'conv300_3' <Predicate = (!icmp_ln109 & icmp_ln111)> <Delay = 2.66> <CoreInst = "Int2Float">   --->   Core 62 'Int2Float' <Latency = 3> <II = 1> <Delay = 2.66> <FuncUnit> <Opcode : 'uitofp' 'sitofp'> <InPorts = 1> <OutPorts = 1>

State 18 <SV = 17> <Delay = 2.66>
ST_18 : Operation 258 [10/12] (2.32ns)   --->   "%div9 = fdiv i32 %conv3, i32 1e+06" [flood_HLS_base.cpp:117]   --->   Operation 258 'fdiv' 'div9' <Predicate = (!icmp_ln109 & icmp_ln111)> <Delay = 2.32> <CoreInst = "FDiv">   --->   Core 20 'FDiv' <Latency = 11> <II = 1> <Delay = 2.32> <FuncUnit> <Opcode : 'fdiv' 'frem'> <InPorts = 2> <OutPorts = 1>
ST_18 : Operation 259 [11/12] (2.32ns)   --->   "%div4 = fdiv i32 %conv4, i32 1e+06" [flood_HLS_base.cpp:134]   --->   Operation 259 'fdiv' 'div4' <Predicate = (!icmp_ln109 & icmp_ln111)> <Delay = 2.32> <CoreInst = "FDiv">   --->   Core 20 'FDiv' <Latency = 11> <II = 1> <Delay = 2.32> <FuncUnit> <Opcode : 'fdiv' 'frem'> <InPorts = 2> <OutPorts = 1>
ST_18 : Operation 260 [12/12] (2.32ns)   --->   "%div301_1 = fdiv i32 %conv300_1, i32 1e+06" [flood_HLS_base.cpp:134]   --->   Operation 260 'fdiv' 'div301_1' <Predicate = (!icmp_ln109 & icmp_ln111)> <Delay = 2.32> <CoreInst = "FDiv">   --->   Core 20 'FDiv' <Latency = 11> <II = 1> <Delay = 2.32> <FuncUnit> <Opcode : 'fdiv' 'frem'> <InPorts = 2> <OutPorts = 1>
ST_18 : Operation 261 [3/4] (2.66ns)   --->   "%conv300_2 = sitofp i32 %tmp_6" [flood_HLS_base.cpp:134]   --->   Operation 261 'sitofp' 'conv300_2' <Predicate = (!icmp_ln109 & icmp_ln111)> <Delay = 2.66> <CoreInst = "Int2Float">   --->   Core 62 'Int2Float' <Latency = 3> <II = 1> <Delay = 2.66> <FuncUnit> <Opcode : 'uitofp' 'sitofp'> <InPorts = 1> <OutPorts = 1>
ST_18 : Operation 262 [1/4] (2.66ns)   --->   "%conv300_3 = sitofp i32 %tmp_11" [flood_HLS_base.cpp:134]   --->   Operation 262 'sitofp' 'conv300_3' <Predicate = (!icmp_ln109 & icmp_ln111)> <Delay = 2.66> <CoreInst = "Int2Float">   --->   Core 62 'Int2Float' <Latency = 3> <II = 1> <Delay = 2.66> <FuncUnit> <Opcode : 'uitofp' 'sitofp'> <InPorts = 1> <OutPorts = 1>

State 19 <SV = 18> <Delay = 2.66>
ST_19 : Operation 263 [9/12] (2.32ns)   --->   "%div9 = fdiv i32 %conv3, i32 1e+06" [flood_HLS_base.cpp:117]   --->   Operation 263 'fdiv' 'div9' <Predicate = (!icmp_ln109 & icmp_ln111)> <Delay = 2.32> <CoreInst = "FDiv">   --->   Core 20 'FDiv' <Latency = 11> <II = 1> <Delay = 2.32> <FuncUnit> <Opcode : 'fdiv' 'frem'> <InPorts = 2> <OutPorts = 1>
ST_19 : Operation 264 [10/12] (2.32ns)   --->   "%div4 = fdiv i32 %conv4, i32 1e+06" [flood_HLS_base.cpp:134]   --->   Operation 264 'fdiv' 'div4' <Predicate = (!icmp_ln109 & icmp_ln111)> <Delay = 2.32> <CoreInst = "FDiv">   --->   Core 20 'FDiv' <Latency = 11> <II = 1> <Delay = 2.32> <FuncUnit> <Opcode : 'fdiv' 'frem'> <InPorts = 2> <OutPorts = 1>
ST_19 : Operation 265 [11/12] (2.32ns)   --->   "%div301_1 = fdiv i32 %conv300_1, i32 1e+06" [flood_HLS_base.cpp:134]   --->   Operation 265 'fdiv' 'div301_1' <Predicate = (!icmp_ln109 & icmp_ln111)> <Delay = 2.32> <CoreInst = "FDiv">   --->   Core 20 'FDiv' <Latency = 11> <II = 1> <Delay = 2.32> <FuncUnit> <Opcode : 'fdiv' 'frem'> <InPorts = 2> <OutPorts = 1>
ST_19 : Operation 266 [2/4] (2.66ns)   --->   "%conv300_2 = sitofp i32 %tmp_6" [flood_HLS_base.cpp:134]   --->   Operation 266 'sitofp' 'conv300_2' <Predicate = (!icmp_ln109 & icmp_ln111)> <Delay = 2.66> <CoreInst = "Int2Float">   --->   Core 62 'Int2Float' <Latency = 3> <II = 1> <Delay = 2.66> <FuncUnit> <Opcode : 'uitofp' 'sitofp'> <InPorts = 1> <OutPorts = 1>
ST_19 : Operation 267 [12/12] (2.32ns)   --->   "%div301_3 = fdiv i32 %conv300_3, i32 1e+06" [flood_HLS_base.cpp:134]   --->   Operation 267 'fdiv' 'div301_3' <Predicate = (!icmp_ln109 & icmp_ln111)> <Delay = 2.32> <CoreInst = "FDiv">   --->   Core 20 'FDiv' <Latency = 11> <II = 1> <Delay = 2.32> <FuncUnit> <Opcode : 'fdiv' 'frem'> <InPorts = 2> <OutPorts = 1>

State 20 <SV = 19> <Delay = 2.66>
ST_20 : Operation 268 [8/12] (2.32ns)   --->   "%div9 = fdiv i32 %conv3, i32 1e+06" [flood_HLS_base.cpp:117]   --->   Operation 268 'fdiv' 'div9' <Predicate = (!icmp_ln109 & icmp_ln111)> <Delay = 2.32> <CoreInst = "FDiv">   --->   Core 20 'FDiv' <Latency = 11> <II = 1> <Delay = 2.32> <FuncUnit> <Opcode : 'fdiv' 'frem'> <InPorts = 2> <OutPorts = 1>
ST_20 : Operation 269 [9/12] (2.32ns)   --->   "%div4 = fdiv i32 %conv4, i32 1e+06" [flood_HLS_base.cpp:134]   --->   Operation 269 'fdiv' 'div4' <Predicate = (!icmp_ln109 & icmp_ln111)> <Delay = 2.32> <CoreInst = "FDiv">   --->   Core 20 'FDiv' <Latency = 11> <II = 1> <Delay = 2.32> <FuncUnit> <Opcode : 'fdiv' 'frem'> <InPorts = 2> <OutPorts = 1>
ST_20 : Operation 270 [10/12] (2.32ns)   --->   "%div301_1 = fdiv i32 %conv300_1, i32 1e+06" [flood_HLS_base.cpp:134]   --->   Operation 270 'fdiv' 'div301_1' <Predicate = (!icmp_ln109 & icmp_ln111)> <Delay = 2.32> <CoreInst = "FDiv">   --->   Core 20 'FDiv' <Latency = 11> <II = 1> <Delay = 2.32> <FuncUnit> <Opcode : 'fdiv' 'frem'> <InPorts = 2> <OutPorts = 1>
ST_20 : Operation 271 [1/4] (2.66ns)   --->   "%conv300_2 = sitofp i32 %tmp_6" [flood_HLS_base.cpp:134]   --->   Operation 271 'sitofp' 'conv300_2' <Predicate = (!icmp_ln109 & icmp_ln111)> <Delay = 2.66> <CoreInst = "Int2Float">   --->   Core 62 'Int2Float' <Latency = 3> <II = 1> <Delay = 2.66> <FuncUnit> <Opcode : 'uitofp' 'sitofp'> <InPorts = 1> <OutPorts = 1>
ST_20 : Operation 272 [11/12] (2.32ns)   --->   "%div301_3 = fdiv i32 %conv300_3, i32 1e+06" [flood_HLS_base.cpp:134]   --->   Operation 272 'fdiv' 'div301_3' <Predicate = (!icmp_ln109 & icmp_ln111)> <Delay = 2.32> <CoreInst = "FDiv">   --->   Core 20 'FDiv' <Latency = 11> <II = 1> <Delay = 2.32> <FuncUnit> <Opcode : 'fdiv' 'frem'> <InPorts = 2> <OutPorts = 1>

State 21 <SV = 20> <Delay = 2.32>
ST_21 : Operation 273 [7/12] (2.32ns)   --->   "%div9 = fdiv i32 %conv3, i32 1e+06" [flood_HLS_base.cpp:117]   --->   Operation 273 'fdiv' 'div9' <Predicate = (!icmp_ln109 & icmp_ln111)> <Delay = 2.32> <CoreInst = "FDiv">   --->   Core 20 'FDiv' <Latency = 11> <II = 1> <Delay = 2.32> <FuncUnit> <Opcode : 'fdiv' 'frem'> <InPorts = 2> <OutPorts = 1>
ST_21 : Operation 274 [8/12] (2.32ns)   --->   "%div4 = fdiv i32 %conv4, i32 1e+06" [flood_HLS_base.cpp:134]   --->   Operation 274 'fdiv' 'div4' <Predicate = (!icmp_ln109 & icmp_ln111)> <Delay = 2.32> <CoreInst = "FDiv">   --->   Core 20 'FDiv' <Latency = 11> <II = 1> <Delay = 2.32> <FuncUnit> <Opcode : 'fdiv' 'frem'> <InPorts = 2> <OutPorts = 1>
ST_21 : Operation 275 [9/12] (2.32ns)   --->   "%div301_1 = fdiv i32 %conv300_1, i32 1e+06" [flood_HLS_base.cpp:134]   --->   Operation 275 'fdiv' 'div301_1' <Predicate = (!icmp_ln109 & icmp_ln111)> <Delay = 2.32> <CoreInst = "FDiv">   --->   Core 20 'FDiv' <Latency = 11> <II = 1> <Delay = 2.32> <FuncUnit> <Opcode : 'fdiv' 'frem'> <InPorts = 2> <OutPorts = 1>
ST_21 : Operation 276 [12/12] (2.32ns)   --->   "%div301_2 = fdiv i32 %conv300_2, i32 1e+06" [flood_HLS_base.cpp:134]   --->   Operation 276 'fdiv' 'div301_2' <Predicate = (!icmp_ln109 & icmp_ln111)> <Delay = 2.32> <CoreInst = "FDiv">   --->   Core 20 'FDiv' <Latency = 11> <II = 1> <Delay = 2.32> <FuncUnit> <Opcode : 'fdiv' 'frem'> <InPorts = 2> <OutPorts = 1>
ST_21 : Operation 277 [10/12] (2.32ns)   --->   "%div301_3 = fdiv i32 %conv300_3, i32 1e+06" [flood_HLS_base.cpp:134]   --->   Operation 277 'fdiv' 'div301_3' <Predicate = (!icmp_ln109 & icmp_ln111)> <Delay = 2.32> <CoreInst = "FDiv">   --->   Core 20 'FDiv' <Latency = 11> <II = 1> <Delay = 2.32> <FuncUnit> <Opcode : 'fdiv' 'frem'> <InPorts = 2> <OutPorts = 1>

State 22 <SV = 21> <Delay = 2.32>
ST_22 : Operation 278 [6/12] (2.32ns)   --->   "%div9 = fdiv i32 %conv3, i32 1e+06" [flood_HLS_base.cpp:117]   --->   Operation 278 'fdiv' 'div9' <Predicate = (!icmp_ln109 & icmp_ln111)> <Delay = 2.32> <CoreInst = "FDiv">   --->   Core 20 'FDiv' <Latency = 11> <II = 1> <Delay = 2.32> <FuncUnit> <Opcode : 'fdiv' 'frem'> <InPorts = 2> <OutPorts = 1>
ST_22 : Operation 279 [7/12] (2.32ns)   --->   "%div4 = fdiv i32 %conv4, i32 1e+06" [flood_HLS_base.cpp:134]   --->   Operation 279 'fdiv' 'div4' <Predicate = (!icmp_ln109 & icmp_ln111)> <Delay = 2.32> <CoreInst = "FDiv">   --->   Core 20 'FDiv' <Latency = 11> <II = 1> <Delay = 2.32> <FuncUnit> <Opcode : 'fdiv' 'frem'> <InPorts = 2> <OutPorts = 1>
ST_22 : Operation 280 [8/12] (2.32ns)   --->   "%div301_1 = fdiv i32 %conv300_1, i32 1e+06" [flood_HLS_base.cpp:134]   --->   Operation 280 'fdiv' 'div301_1' <Predicate = (!icmp_ln109 & icmp_ln111)> <Delay = 2.32> <CoreInst = "FDiv">   --->   Core 20 'FDiv' <Latency = 11> <II = 1> <Delay = 2.32> <FuncUnit> <Opcode : 'fdiv' 'frem'> <InPorts = 2> <OutPorts = 1>
ST_22 : Operation 281 [11/12] (2.32ns)   --->   "%div301_2 = fdiv i32 %conv300_2, i32 1e+06" [flood_HLS_base.cpp:134]   --->   Operation 281 'fdiv' 'div301_2' <Predicate = (!icmp_ln109 & icmp_ln111)> <Delay = 2.32> <CoreInst = "FDiv">   --->   Core 20 'FDiv' <Latency = 11> <II = 1> <Delay = 2.32> <FuncUnit> <Opcode : 'fdiv' 'frem'> <InPorts = 2> <OutPorts = 1>
ST_22 : Operation 282 [9/12] (2.32ns)   --->   "%div301_3 = fdiv i32 %conv300_3, i32 1e+06" [flood_HLS_base.cpp:134]   --->   Operation 282 'fdiv' 'div301_3' <Predicate = (!icmp_ln109 & icmp_ln111)> <Delay = 2.32> <CoreInst = "FDiv">   --->   Core 20 'FDiv' <Latency = 11> <II = 1> <Delay = 2.32> <FuncUnit> <Opcode : 'fdiv' 'frem'> <InPorts = 2> <OutPorts = 1>

State 23 <SV = 22> <Delay = 2.32>
ST_23 : Operation 283 [5/12] (2.32ns)   --->   "%div9 = fdiv i32 %conv3, i32 1e+06" [flood_HLS_base.cpp:117]   --->   Operation 283 'fdiv' 'div9' <Predicate = (!icmp_ln109 & icmp_ln111)> <Delay = 2.32> <CoreInst = "FDiv">   --->   Core 20 'FDiv' <Latency = 11> <II = 1> <Delay = 2.32> <FuncUnit> <Opcode : 'fdiv' 'frem'> <InPorts = 2> <OutPorts = 1>
ST_23 : Operation 284 [6/12] (2.32ns)   --->   "%div4 = fdiv i32 %conv4, i32 1e+06" [flood_HLS_base.cpp:134]   --->   Operation 284 'fdiv' 'div4' <Predicate = (!icmp_ln109 & icmp_ln111)> <Delay = 2.32> <CoreInst = "FDiv">   --->   Core 20 'FDiv' <Latency = 11> <II = 1> <Delay = 2.32> <FuncUnit> <Opcode : 'fdiv' 'frem'> <InPorts = 2> <OutPorts = 1>
ST_23 : Operation 285 [7/12] (2.32ns)   --->   "%div301_1 = fdiv i32 %conv300_1, i32 1e+06" [flood_HLS_base.cpp:134]   --->   Operation 285 'fdiv' 'div301_1' <Predicate = (!icmp_ln109 & icmp_ln111)> <Delay = 2.32> <CoreInst = "FDiv">   --->   Core 20 'FDiv' <Latency = 11> <II = 1> <Delay = 2.32> <FuncUnit> <Opcode : 'fdiv' 'frem'> <InPorts = 2> <OutPorts = 1>
ST_23 : Operation 286 [10/12] (2.32ns)   --->   "%div301_2 = fdiv i32 %conv300_2, i32 1e+06" [flood_HLS_base.cpp:134]   --->   Operation 286 'fdiv' 'div301_2' <Predicate = (!icmp_ln109 & icmp_ln111)> <Delay = 2.32> <CoreInst = "FDiv">   --->   Core 20 'FDiv' <Latency = 11> <II = 1> <Delay = 2.32> <FuncUnit> <Opcode : 'fdiv' 'frem'> <InPorts = 2> <OutPorts = 1>
ST_23 : Operation 287 [8/12] (2.32ns)   --->   "%div301_3 = fdiv i32 %conv300_3, i32 1e+06" [flood_HLS_base.cpp:134]   --->   Operation 287 'fdiv' 'div301_3' <Predicate = (!icmp_ln109 & icmp_ln111)> <Delay = 2.32> <CoreInst = "FDiv">   --->   Core 20 'FDiv' <Latency = 11> <II = 1> <Delay = 2.32> <FuncUnit> <Opcode : 'fdiv' 'frem'> <InPorts = 2> <OutPorts = 1>

State 24 <SV = 23> <Delay = 2.32>
ST_24 : Operation 288 [4/12] (2.32ns)   --->   "%div9 = fdiv i32 %conv3, i32 1e+06" [flood_HLS_base.cpp:117]   --->   Operation 288 'fdiv' 'div9' <Predicate = (!icmp_ln109 & icmp_ln111)> <Delay = 2.32> <CoreInst = "FDiv">   --->   Core 20 'FDiv' <Latency = 11> <II = 1> <Delay = 2.32> <FuncUnit> <Opcode : 'fdiv' 'frem'> <InPorts = 2> <OutPorts = 1>
ST_24 : Operation 289 [5/12] (2.32ns)   --->   "%div4 = fdiv i32 %conv4, i32 1e+06" [flood_HLS_base.cpp:134]   --->   Operation 289 'fdiv' 'div4' <Predicate = (!icmp_ln109 & icmp_ln111)> <Delay = 2.32> <CoreInst = "FDiv">   --->   Core 20 'FDiv' <Latency = 11> <II = 1> <Delay = 2.32> <FuncUnit> <Opcode : 'fdiv' 'frem'> <InPorts = 2> <OutPorts = 1>
ST_24 : Operation 290 [6/12] (2.32ns)   --->   "%div301_1 = fdiv i32 %conv300_1, i32 1e+06" [flood_HLS_base.cpp:134]   --->   Operation 290 'fdiv' 'div301_1' <Predicate = (!icmp_ln109 & icmp_ln111)> <Delay = 2.32> <CoreInst = "FDiv">   --->   Core 20 'FDiv' <Latency = 11> <II = 1> <Delay = 2.32> <FuncUnit> <Opcode : 'fdiv' 'frem'> <InPorts = 2> <OutPorts = 1>
ST_24 : Operation 291 [9/12] (2.32ns)   --->   "%div301_2 = fdiv i32 %conv300_2, i32 1e+06" [flood_HLS_base.cpp:134]   --->   Operation 291 'fdiv' 'div301_2' <Predicate = (!icmp_ln109 & icmp_ln111)> <Delay = 2.32> <CoreInst = "FDiv">   --->   Core 20 'FDiv' <Latency = 11> <II = 1> <Delay = 2.32> <FuncUnit> <Opcode : 'fdiv' 'frem'> <InPorts = 2> <OutPorts = 1>
ST_24 : Operation 292 [7/12] (2.32ns)   --->   "%div301_3 = fdiv i32 %conv300_3, i32 1e+06" [flood_HLS_base.cpp:134]   --->   Operation 292 'fdiv' 'div301_3' <Predicate = (!icmp_ln109 & icmp_ln111)> <Delay = 2.32> <CoreInst = "FDiv">   --->   Core 20 'FDiv' <Latency = 11> <II = 1> <Delay = 2.32> <FuncUnit> <Opcode : 'fdiv' 'frem'> <InPorts = 2> <OutPorts = 1>

State 25 <SV = 24> <Delay = 2.32>
ST_25 : Operation 293 [3/12] (2.32ns)   --->   "%div9 = fdiv i32 %conv3, i32 1e+06" [flood_HLS_base.cpp:117]   --->   Operation 293 'fdiv' 'div9' <Predicate = (!icmp_ln109 & icmp_ln111)> <Delay = 2.32> <CoreInst = "FDiv">   --->   Core 20 'FDiv' <Latency = 11> <II = 1> <Delay = 2.32> <FuncUnit> <Opcode : 'fdiv' 'frem'> <InPorts = 2> <OutPorts = 1>
ST_25 : Operation 294 [4/12] (2.32ns)   --->   "%div4 = fdiv i32 %conv4, i32 1e+06" [flood_HLS_base.cpp:134]   --->   Operation 294 'fdiv' 'div4' <Predicate = (!icmp_ln109 & icmp_ln111)> <Delay = 2.32> <CoreInst = "FDiv">   --->   Core 20 'FDiv' <Latency = 11> <II = 1> <Delay = 2.32> <FuncUnit> <Opcode : 'fdiv' 'frem'> <InPorts = 2> <OutPorts = 1>
ST_25 : Operation 295 [5/12] (2.32ns)   --->   "%div301_1 = fdiv i32 %conv300_1, i32 1e+06" [flood_HLS_base.cpp:134]   --->   Operation 295 'fdiv' 'div301_1' <Predicate = (!icmp_ln109 & icmp_ln111)> <Delay = 2.32> <CoreInst = "FDiv">   --->   Core 20 'FDiv' <Latency = 11> <II = 1> <Delay = 2.32> <FuncUnit> <Opcode : 'fdiv' 'frem'> <InPorts = 2> <OutPorts = 1>
ST_25 : Operation 296 [8/12] (2.32ns)   --->   "%div301_2 = fdiv i32 %conv300_2, i32 1e+06" [flood_HLS_base.cpp:134]   --->   Operation 296 'fdiv' 'div301_2' <Predicate = (!icmp_ln109 & icmp_ln111)> <Delay = 2.32> <CoreInst = "FDiv">   --->   Core 20 'FDiv' <Latency = 11> <II = 1> <Delay = 2.32> <FuncUnit> <Opcode : 'fdiv' 'frem'> <InPorts = 2> <OutPorts = 1>
ST_25 : Operation 297 [6/12] (2.32ns)   --->   "%div301_3 = fdiv i32 %conv300_3, i32 1e+06" [flood_HLS_base.cpp:134]   --->   Operation 297 'fdiv' 'div301_3' <Predicate = (!icmp_ln109 & icmp_ln111)> <Delay = 2.32> <CoreInst = "FDiv">   --->   Core 20 'FDiv' <Latency = 11> <II = 1> <Delay = 2.32> <FuncUnit> <Opcode : 'fdiv' 'frem'> <InPorts = 2> <OutPorts = 1>

State 26 <SV = 25> <Delay = 2.75>
ST_26 : Operation 298 [1/1] (0.00ns)   --->   "%specloopname_ln0 = specloopname void @_ssdm_op_SpecLoopName, void @VITIS_LOOP_109_9_VITIS_LOOP_110_10_str"   --->   Operation 298 'specloopname' 'specloopname_ln0' <Predicate = (!icmp_ln109)> <Delay = 0.00>
ST_26 : Operation 299 [1/1] (0.00ns)   --->   "%speclooptripcount_ln0 = speclooptripcount void @_ssdm_op_SpecLoopTripCount, i64 4800, i64 4800, i64 4800"   --->   Operation 299 'speclooptripcount' 'speclooptripcount_ln0' <Predicate = (!icmp_ln109)> <Delay = 0.00>
ST_26 : Operation 300 [1/1] (0.00ns)   --->   "%tmp_37 = bitconcatenate i12 @_ssdm_op_BitConcatenate.i12.i6.i6, i6 %select_ln109, i6 0" [flood_HLS_base.cpp:117]   --->   Operation 300 'bitconcatenate' 'tmp_37' <Predicate = (!icmp_ln109)> <Delay = 0.00>
ST_26 : Operation 301 [1/1] (0.00ns)   --->   "%zext_ln117_1 = zext i12 %tmp_37" [flood_HLS_base.cpp:117]   --->   Operation 301 'zext' 'zext_ln117_1' <Predicate = (!icmp_ln109)> <Delay = 0.00>
ST_26 : Operation 302 [1/1] (0.00ns)   --->   "%tmp_49 = bitconcatenate i10 @_ssdm_op_BitConcatenate.i10.i6.i4, i6 %select_ln109, i4 0" [flood_HLS_base.cpp:117]   --->   Operation 302 'bitconcatenate' 'tmp_49' <Predicate = (!icmp_ln109)> <Delay = 0.00>
ST_26 : Operation 303 [1/1] (0.00ns)   --->   "%zext_ln117_2 = zext i10 %tmp_49" [flood_HLS_base.cpp:117]   --->   Operation 303 'zext' 'zext_ln117_2' <Predicate = (!icmp_ln109)> <Delay = 0.00>
ST_26 : Operation 304 [1/1] (0.74ns)   --->   "%add_ln117_1 = add i13 %zext_ln117_1, i13 %zext_ln117_2" [flood_HLS_base.cpp:117]   --->   Operation 304 'add' 'add_ln117_1' <Predicate = (!icmp_ln109)> <Delay = 0.74> <CoreInst = "Adder">   --->   Core 1 'Adder' <Latency = 0> <II = 1> <Delay = 0.75> <FuncUnit> <Opcode : 'add' 'sub'> <InPorts = 2> <OutPorts = 1>
ST_26 : Operation 305 [1/1] (0.70ns)   --->   "%empty_72 = icmp_ugt  i7 %new_row, i7 59" [flood_HLS_base.cpp:109]   --->   Operation 305 'icmp' 'empty_72' <Predicate = (!icmp_ln109)> <Delay = 0.70> <CoreInst = "Cmp">   --->   Core 9 'Cmp' <Latency = 0> <II = 1> <Delay = 0.70> <FuncUnit> <Opcode : 'seteq' 'setne' 'setle' 'setge' 'setlt' 'setgt'> <InPorts = 2> <OutPorts = 1>
ST_26 : Operation 306 [1/1] (0.00ns)   --->   "%tmp_51 = bitconcatenate i13 @_ssdm_op_BitConcatenate.i13.i7.i6, i7 %new_row, i6 0" [flood_HLS_base.cpp:134]   --->   Operation 306 'bitconcatenate' 'tmp_51' <Predicate = (!icmp_ln109)> <Delay = 0.00>
ST_26 : Operation 307 [1/1] (0.00ns)   --->   "%tmp_52 = bitconcatenate i11 @_ssdm_op_BitConcatenate.i11.i7.i4, i7 %new_row, i4 0" [flood_HLS_base.cpp:134]   --->   Operation 307 'bitconcatenate' 'tmp_52' <Predicate = (!icmp_ln109)> <Delay = 0.00>
ST_26 : Operation 308 [1/1] (0.00ns)   --->   "%zext_ln134_1 = zext i11 %tmp_52" [flood_HLS_base.cpp:134]   --->   Operation 308 'zext' 'zext_ln134_1' <Predicate = (!icmp_ln109)> <Delay = 0.00>
ST_26 : Operation 309 [1/1] (0.75ns)   --->   "%add_ln134_8 = add i13 %tmp_51, i13 %zext_ln134_1" [flood_HLS_base.cpp:134]   --->   Operation 309 'add' 'add_ln134_8' <Predicate = (!icmp_ln109)> <Delay = 0.75> <CoreInst = "Adder">   --->   Core 1 'Adder' <Latency = 0> <II = 1> <Delay = 0.75> <FuncUnit> <Opcode : 'add' 'sub'> <InPorts = 2> <OutPorts = 1>
ST_26 : Operation 310 [1/1] (0.70ns)   --->   "%empty_73 = icmp_ugt  i6 %new_row_1, i6 59" [flood_HLS_base.cpp:109]   --->   Operation 310 'icmp' 'empty_73' <Predicate = (!icmp_ln109)> <Delay = 0.70> <CoreInst = "Cmp">   --->   Core 9 'Cmp' <Latency = 0> <II = 1> <Delay = 0.70> <FuncUnit> <Opcode : 'seteq' 'setne' 'setle' 'setge' 'setlt' 'setgt'> <InPorts = 2> <OutPorts = 1>
ST_26 : Operation 311 [1/1] (0.00ns)   --->   "%tmp_53 = bitconcatenate i12 @_ssdm_op_BitConcatenate.i12.i6.i6, i6 %new_row_1, i6 0" [flood_HLS_base.cpp:134]   --->   Operation 311 'bitconcatenate' 'tmp_53' <Predicate = (!icmp_ln109)> <Delay = 0.00>
ST_26 : Operation 312 [1/1] (0.00ns)   --->   "%zext_ln134_3 = zext i12 %tmp_53" [flood_HLS_base.cpp:134]   --->   Operation 312 'zext' 'zext_ln134_3' <Predicate = (!icmp_ln109)> <Delay = 0.00>
ST_26 : Operation 313 [1/1] (0.00ns)   --->   "%tmp_54 = bitconcatenate i10 @_ssdm_op_BitConcatenate.i10.i6.i4, i6 %new_row_1, i4 0" [flood_HLS_base.cpp:134]   --->   Operation 313 'bitconcatenate' 'tmp_54' <Predicate = (!icmp_ln109)> <Delay = 0.00>
ST_26 : Operation 314 [1/1] (0.00ns)   --->   "%zext_ln134_4 = zext i10 %tmp_54" [flood_HLS_base.cpp:134]   --->   Operation 314 'zext' 'zext_ln134_4' <Predicate = (!icmp_ln109)> <Delay = 0.00>
ST_26 : Operation 315 [1/1] (0.74ns)   --->   "%add_ln134_9 = add i13 %zext_ln134_3, i13 %zext_ln134_4" [flood_HLS_base.cpp:134]   --->   Operation 315 'add' 'add_ln134_9' <Predicate = (!icmp_ln109)> <Delay = 0.74> <CoreInst = "Adder">   --->   Core 1 'Adder' <Latency = 0> <II = 1> <Delay = 0.75> <FuncUnit> <Opcode : 'add' 'sub'> <InPorts = 2> <OutPorts = 1>
ST_26 : Operation 316 [1/1] (0.00ns)   --->   "%zext_ln117_3 = zext i7 %select_ln52" [flood_HLS_base.cpp:117]   --->   Operation 316 'zext' 'zext_ln117_3' <Predicate = (!icmp_ln109)> <Delay = 0.00>
ST_26 : Operation 317 [1/1] (0.75ns)   --->   "%add_ln117 = add i13 %add_ln117_1, i13 %zext_ln117_3" [flood_HLS_base.cpp:117]   --->   Operation 317 'add' 'add_ln117' <Predicate = (!icmp_ln109)> <Delay = 0.75> <CoreInst = "Adder">   --->   Core 1 'Adder' <Latency = 0> <II = 1> <Delay = 0.75> <FuncUnit> <Opcode : 'add' 'sub'> <InPorts = 2> <OutPorts = 1>
ST_26 : Operation 318 [1/1] (0.00ns)   --->   "%zext_ln117_4 = zext i13 %add_ln117" [flood_HLS_base.cpp:117]   --->   Operation 318 'zext' 'zext_ln117_4' <Predicate = (!icmp_ln109)> <Delay = 0.00>
ST_26 : Operation 319 [1/1] (0.00ns)   --->   "%p_ground_addr = getelementptr i32 %p_ground, i64 0, i64 %zext_ln117_4" [flood_HLS_base.cpp:117]   --->   Operation 319 'getelementptr' 'p_ground_addr' <Predicate = (!icmp_ln109)> <Delay = 0.00>
ST_26 : Operation 320 [1/1] (0.00ns)   --->   "%spillage_flag_addr = getelementptr i32 %spillage_flag, i64 0, i64 %zext_ln117_4" [flood_HLS_base.cpp:152]   --->   Operation 320 'getelementptr' 'spillage_flag_addr' <Predicate = (!icmp_ln109)> <Delay = 0.00>
ST_26 : Operation 321 [1/1] (0.00ns)   --->   "%spillage_level_addr = getelementptr i32 %spillage_level, i64 0, i64 %zext_ln117_4" [flood_HLS_base.cpp:153]   --->   Operation 321 'getelementptr' 'spillage_level_addr' <Predicate = (!icmp_ln109)> <Delay = 0.00>
ST_26 : Operation 322 [1/1] (0.00ns)   --->   "%specpipeline_ln52 = specpipeline void @_ssdm_op_SpecPipeline, i32 4294967295, i32 0, i32 0, i32 0, void @empty_3" [flood_HLS_base.cpp:52]   --->   Operation 322 'specpipeline' 'specpipeline_ln52' <Predicate = (!icmp_ln109)> <Delay = 0.00>
ST_26 : Operation 323 [2/2] (1.24ns)   --->   "%p_ground_load = load i13 %p_ground_addr" [flood_HLS_base.cpp:117]   --->   Operation 323 'load' 'p_ground_load' <Predicate = (!icmp_ln109 & icmp_ln111)> <Delay = 1.24> <CoreInst = "RAM">   --->   Core 82 'RAM' <Latency = 1> <II = 1> <Delay = 1.24> <Storage> <Opcode : 'load' 'store'> <Ports = 2> <Width = 32> <Depth = 4800> <RAM>
ST_26 : Operation 324 [2/12] (2.32ns)   --->   "%div9 = fdiv i32 %conv3, i32 1e+06" [flood_HLS_base.cpp:117]   --->   Operation 324 'fdiv' 'div9' <Predicate = (!icmp_ln109 & icmp_ln111)> <Delay = 2.32> <CoreInst = "FDiv">   --->   Core 20 'FDiv' <Latency = 11> <II = 1> <Delay = 2.32> <FuncUnit> <Opcode : 'fdiv' 'frem'> <InPorts = 2> <OutPorts = 1>
ST_26 : Operation 325 [1/1] (0.75ns)   --->   "%add_ln134_2 = add i13 %add_ln134_8, i13 %zext_ln117_3" [flood_HLS_base.cpp:134]   --->   Operation 325 'add' 'add_ln134_2' <Predicate = (!icmp_ln109 & icmp_ln111)> <Delay = 0.75> <CoreInst = "Adder">   --->   Core 1 'Adder' <Latency = 0> <II = 1> <Delay = 0.75> <FuncUnit> <Opcode : 'add' 'sub'> <InPorts = 2> <OutPorts = 1>
ST_26 : Operation 326 [1/1] (0.00ns)   --->   "%zext_ln134_7 = zext i13 %add_ln134_2" [flood_HLS_base.cpp:134]   --->   Operation 326 'zext' 'zext_ln134_7' <Predicate = (!icmp_ln109 & icmp_ln111)> <Delay = 0.00>
ST_26 : Operation 327 [1/1] (0.00ns)   --->   "%p_ground_addr_1 = getelementptr i32 %p_ground, i64 0, i64 %zext_ln134_7" [flood_HLS_base.cpp:134]   --->   Operation 327 'getelementptr' 'p_ground_addr_1' <Predicate = (!icmp_ln109 & icmp_ln111)> <Delay = 0.00>
ST_26 : Operation 328 [1/1] (0.75ns)   --->   "%add_ln134_3 = add i13 %add_ln134_9, i13 %zext_ln117_3" [flood_HLS_base.cpp:134]   --->   Operation 328 'add' 'add_ln134_3' <Predicate = (!icmp_ln109 & icmp_ln111)> <Delay = 0.75> <CoreInst = "Adder">   --->   Core 1 'Adder' <Latency = 0> <II = 1> <Delay = 0.75> <FuncUnit> <Opcode : 'add' 'sub'> <InPorts = 2> <OutPorts = 1>
ST_26 : Operation 329 [1/1] (0.00ns)   --->   "%spillage_from_neigh_addr = getelementptr i32 %spillage_from_neigh, i64 0, i64 %zext_ln134_7" [flood_HLS_base.cpp:177]   --->   Operation 329 'getelementptr' 'spillage_from_neigh_addr' <Predicate = (!icmp_ln109 & icmp_ln111)> <Delay = 0.00>
ST_26 : Operation 330 [2/2] (1.24ns)   --->   "%p_ground_load_1 = load i13 %p_ground_addr_1" [flood_HLS_base.cpp:134]   --->   Operation 330 'load' 'p_ground_load_1' <Predicate = (!icmp_ln109 & icmp_ln111)> <Delay = 1.24> <CoreInst = "RAM">   --->   Core 82 'RAM' <Latency = 1> <II = 1> <Delay = 1.24> <Storage> <Opcode : 'load' 'store'> <Ports = 2> <Width = 32> <Depth = 4800> <RAM>
ST_26 : Operation 331 [3/12] (2.32ns)   --->   "%div4 = fdiv i32 %conv4, i32 1e+06" [flood_HLS_base.cpp:134]   --->   Operation 331 'fdiv' 'div4' <Predicate = (!icmp_ln109 & icmp_ln111)> <Delay = 2.32> <CoreInst = "FDiv">   --->   Core 20 'FDiv' <Latency = 11> <II = 1> <Delay = 2.32> <FuncUnit> <Opcode : 'fdiv' 'frem'> <InPorts = 2> <OutPorts = 1>
ST_26 : Operation 332 [4/12] (2.32ns)   --->   "%div301_1 = fdiv i32 %conv300_1, i32 1e+06" [flood_HLS_base.cpp:134]   --->   Operation 332 'fdiv' 'div301_1' <Predicate = (!icmp_ln109 & icmp_ln111)> <Delay = 2.32> <CoreInst = "FDiv">   --->   Core 20 'FDiv' <Latency = 11> <II = 1> <Delay = 2.32> <FuncUnit> <Opcode : 'fdiv' 'frem'> <InPorts = 2> <OutPorts = 1>
ST_26 : Operation 333 [7/12] (2.32ns)   --->   "%div301_2 = fdiv i32 %conv300_2, i32 1e+06" [flood_HLS_base.cpp:134]   --->   Operation 333 'fdiv' 'div301_2' <Predicate = (!icmp_ln109 & icmp_ln111)> <Delay = 2.32> <CoreInst = "FDiv">   --->   Core 20 'FDiv' <Latency = 11> <II = 1> <Delay = 2.32> <FuncUnit> <Opcode : 'fdiv' 'frem'> <InPorts = 2> <OutPorts = 1>
ST_26 : Operation 334 [5/12] (2.32ns)   --->   "%div301_3 = fdiv i32 %conv300_3, i32 1e+06" [flood_HLS_base.cpp:134]   --->   Operation 334 'fdiv' 'div301_3' <Predicate = (!icmp_ln109 & icmp_ln111)> <Delay = 2.32> <CoreInst = "FDiv">   --->   Core 20 'FDiv' <Latency = 11> <II = 1> <Delay = 2.32> <FuncUnit> <Opcode : 'fdiv' 'frem'> <InPorts = 2> <OutPorts = 1>

State 27 <SV = 26> <Delay = 2.32>
ST_27 : Operation 335 [1/2] (1.24ns)   --->   "%p_ground_load = load i13 %p_ground_addr" [flood_HLS_base.cpp:117]   --->   Operation 335 'load' 'p_ground_load' <Predicate = (!icmp_ln109 & icmp_ln111)> <Delay = 1.24> <CoreInst = "RAM">   --->   Core 82 'RAM' <Latency = 1> <II = 1> <Delay = 1.24> <Storage> <Opcode : 'load' 'store'> <Ports = 2> <Width = 32> <Depth = 4800> <RAM>
ST_27 : Operation 336 [1/12] (2.32ns)   --->   "%div9 = fdiv i32 %conv3, i32 1e+06" [flood_HLS_base.cpp:117]   --->   Operation 336 'fdiv' 'div9' <Predicate = (!icmp_ln109 & icmp_ln111)> <Delay = 2.32> <CoreInst = "FDiv">   --->   Core 20 'FDiv' <Latency = 11> <II = 1> <Delay = 2.32> <FuncUnit> <Opcode : 'fdiv' 'frem'> <InPorts = 2> <OutPorts = 1>
ST_27 : Operation 337 [1/1] (0.00ns)   --->   "%zext_ln134_8 = zext i13 %add_ln134_3" [flood_HLS_base.cpp:134]   --->   Operation 337 'zext' 'zext_ln134_8' <Predicate = (!icmp_ln109 & icmp_ln111)> <Delay = 0.00>
ST_27 : Operation 338 [1/1] (0.00ns)   --->   "%p_ground_addr_2 = getelementptr i32 %p_ground, i64 0, i64 %zext_ln134_8" [flood_HLS_base.cpp:134]   --->   Operation 338 'getelementptr' 'p_ground_addr_2' <Predicate = (!icmp_ln109 & icmp_ln111)> <Delay = 0.00>
ST_27 : Operation 339 [1/1] (0.00ns)   --->   "%spillage_from_neigh_1_addr = getelementptr i32 %spillage_from_neigh_1, i64 0, i64 %zext_ln134_8" [flood_HLS_base.cpp:177]   --->   Operation 339 'getelementptr' 'spillage_from_neigh_1_addr' <Predicate = (!icmp_ln109 & icmp_ln111)> <Delay = 0.00>
ST_27 : Operation 340 [1/2] (1.24ns)   --->   "%p_ground_load_1 = load i13 %p_ground_addr_1" [flood_HLS_base.cpp:134]   --->   Operation 340 'load' 'p_ground_load_1' <Predicate = (!icmp_ln109 & icmp_ln111)> <Delay = 1.24> <CoreInst = "RAM">   --->   Core 82 'RAM' <Latency = 1> <II = 1> <Delay = 1.24> <Storage> <Opcode : 'load' 'store'> <Ports = 2> <Width = 32> <Depth = 4800> <RAM>
ST_27 : Operation 341 [2/12] (2.32ns)   --->   "%div4 = fdiv i32 %conv4, i32 1e+06" [flood_HLS_base.cpp:134]   --->   Operation 341 'fdiv' 'div4' <Predicate = (!icmp_ln109 & icmp_ln111)> <Delay = 2.32> <CoreInst = "FDiv">   --->   Core 20 'FDiv' <Latency = 11> <II = 1> <Delay = 2.32> <FuncUnit> <Opcode : 'fdiv' 'frem'> <InPorts = 2> <OutPorts = 1>
ST_27 : Operation 342 [2/2] (1.24ns)   --->   "%p_ground_load_2 = load i13 %p_ground_addr_2" [flood_HLS_base.cpp:134]   --->   Operation 342 'load' 'p_ground_load_2' <Predicate = (!icmp_ln109 & icmp_ln111)> <Delay = 1.24> <CoreInst = "RAM">   --->   Core 82 'RAM' <Latency = 1> <II = 1> <Delay = 1.24> <Storage> <Opcode : 'load' 'store'> <Ports = 2> <Width = 32> <Depth = 4800> <RAM>
ST_27 : Operation 343 [3/12] (2.32ns)   --->   "%div301_1 = fdiv i32 %conv300_1, i32 1e+06" [flood_HLS_base.cpp:134]   --->   Operation 343 'fdiv' 'div301_1' <Predicate = (!icmp_ln109 & icmp_ln111)> <Delay = 2.32> <CoreInst = "FDiv">   --->   Core 20 'FDiv' <Latency = 11> <II = 1> <Delay = 2.32> <FuncUnit> <Opcode : 'fdiv' 'frem'> <InPorts = 2> <OutPorts = 1>
ST_27 : Operation 344 [6/12] (2.32ns)   --->   "%div301_2 = fdiv i32 %conv300_2, i32 1e+06" [flood_HLS_base.cpp:134]   --->   Operation 344 'fdiv' 'div301_2' <Predicate = (!icmp_ln109 & icmp_ln111)> <Delay = 2.32> <CoreInst = "FDiv">   --->   Core 20 'FDiv' <Latency = 11> <II = 1> <Delay = 2.32> <FuncUnit> <Opcode : 'fdiv' 'frem'> <InPorts = 2> <OutPorts = 1>
ST_27 : Operation 345 [4/12] (2.32ns)   --->   "%div301_3 = fdiv i32 %conv300_3, i32 1e+06" [flood_HLS_base.cpp:134]   --->   Operation 345 'fdiv' 'div301_3' <Predicate = (!icmp_ln109 & icmp_ln111)> <Delay = 2.32> <CoreInst = "FDiv">   --->   Core 20 'FDiv' <Latency = 11> <II = 1> <Delay = 2.32> <FuncUnit> <Opcode : 'fdiv' 'frem'> <InPorts = 2> <OutPorts = 1>

State 28 <SV = 27> <Delay = 2.34>
ST_28 : Operation 346 [1/1] (0.00ns)   --->   "%neighbor_height_8 = bitcast i32 %p_ground_load" [flood_HLS_base.cpp:117]   --->   Operation 346 'bitcast' 'neighbor_height_8' <Predicate = (!icmp_ln109 & icmp_ln111)> <Delay = 0.00>
ST_28 : Operation 347 [7/7] (2.34ns)   --->   "%current_height = fadd i32 %neighbor_height_8, i32 %div9" [flood_HLS_base.cpp:117]   --->   Operation 347 'fadd' 'current_height' <Predicate = (!icmp_ln109 & icmp_ln111)> <Delay = 2.34> <CoreInst = "FAddSub_fulldsp">   --->   Core 18 'FAddSub_fulldsp' <Latency = 6> <II = 1> <Delay = 2.34> <FuncUnit> <Opcode : 'fadd' 'fsub'> <InPorts = 2> <OutPorts = 1>
ST_28 : Operation 348 [1/12] (2.32ns)   --->   "%div4 = fdiv i32 %conv4, i32 1e+06" [flood_HLS_base.cpp:134]   --->   Operation 348 'fdiv' 'div4' <Predicate = (!icmp_ln109 & icmp_ln111)> <Delay = 2.32> <CoreInst = "FDiv">   --->   Core 20 'FDiv' <Latency = 11> <II = 1> <Delay = 2.32> <FuncUnit> <Opcode : 'fdiv' 'frem'> <InPorts = 2> <OutPorts = 1>
ST_28 : Operation 349 [1/2] (1.24ns)   --->   "%p_ground_load_2 = load i13 %p_ground_addr_2" [flood_HLS_base.cpp:134]   --->   Operation 349 'load' 'p_ground_load_2' <Predicate = (!icmp_ln109 & icmp_ln111)> <Delay = 1.24> <CoreInst = "RAM">   --->   Core 82 'RAM' <Latency = 1> <II = 1> <Delay = 1.24> <Storage> <Opcode : 'load' 'store'> <Ports = 2> <Width = 32> <Depth = 4800> <RAM>
ST_28 : Operation 350 [2/12] (2.32ns)   --->   "%div301_1 = fdiv i32 %conv300_1, i32 1e+06" [flood_HLS_base.cpp:134]   --->   Operation 350 'fdiv' 'div301_1' <Predicate = (!icmp_ln109 & icmp_ln111)> <Delay = 2.32> <CoreInst = "FDiv">   --->   Core 20 'FDiv' <Latency = 11> <II = 1> <Delay = 2.32> <FuncUnit> <Opcode : 'fdiv' 'frem'> <InPorts = 2> <OutPorts = 1>
ST_28 : Operation 351 [5/12] (2.32ns)   --->   "%div301_2 = fdiv i32 %conv300_2, i32 1e+06" [flood_HLS_base.cpp:134]   --->   Operation 351 'fdiv' 'div301_2' <Predicate = (!icmp_ln109 & icmp_ln111)> <Delay = 2.32> <CoreInst = "FDiv">   --->   Core 20 'FDiv' <Latency = 11> <II = 1> <Delay = 2.32> <FuncUnit> <Opcode : 'fdiv' 'frem'> <InPorts = 2> <OutPorts = 1>
ST_28 : Operation 352 [1/1] (0.00ns)   --->   "%zext_ln134_12 = zext i7 %new_col_2" [flood_HLS_base.cpp:134]   --->   Operation 352 'zext' 'zext_ln134_12' <Predicate = (!icmp_ln109 & icmp_ln111)> <Delay = 0.00>
ST_28 : Operation 353 [1/1] (0.75ns)   --->   "%add_ln134_7 = add i13 %add_ln117_1, i13 %zext_ln134_12" [flood_HLS_base.cpp:134]   --->   Operation 353 'add' 'add_ln134_7' <Predicate = (!icmp_ln109 & icmp_ln111)> <Delay = 0.75> <CoreInst = "Adder">   --->   Core 1 'Adder' <Latency = 0> <II = 1> <Delay = 0.75> <FuncUnit> <Opcode : 'add' 'sub'> <InPorts = 2> <OutPorts = 1>
ST_28 : Operation 354 [1/1] (0.00ns)   --->   "%zext_ln134_13 = zext i13 %add_ln134_7" [flood_HLS_base.cpp:134]   --->   Operation 354 'zext' 'zext_ln134_13' <Predicate = (!icmp_ln109 & icmp_ln111)> <Delay = 0.00>
ST_28 : Operation 355 [1/1] (0.00ns)   --->   "%p_ground_addr_4 = getelementptr i32 %p_ground, i64 0, i64 %zext_ln134_13" [flood_HLS_base.cpp:134]   --->   Operation 355 'getelementptr' 'p_ground_addr_4' <Predicate = (!icmp_ln109 & icmp_ln111)> <Delay = 0.00>
ST_28 : Operation 356 [1/1] (0.00ns)   --->   "%spillage_from_neigh_3_addr = getelementptr i32 %spillage_from_neigh_3, i64 0, i64 %zext_ln134_13" [flood_HLS_base.cpp:177]   --->   Operation 356 'getelementptr' 'spillage_from_neigh_3_addr' <Predicate = (!icmp_ln109 & icmp_ln111)> <Delay = 0.00>
ST_28 : Operation 357 [2/2] (1.24ns)   --->   "%p_ground_load_4 = load i13 %p_ground_addr_4" [flood_HLS_base.cpp:134]   --->   Operation 357 'load' 'p_ground_load_4' <Predicate = (!icmp_ln109 & icmp_ln111)> <Delay = 1.24> <CoreInst = "RAM">   --->   Core 82 'RAM' <Latency = 1> <II = 1> <Delay = 1.24> <Storage> <Opcode : 'load' 'store'> <Ports = 2> <Width = 32> <Depth = 4800> <RAM>
ST_28 : Operation 358 [3/12] (2.32ns)   --->   "%div301_3 = fdiv i32 %conv300_3, i32 1e+06" [flood_HLS_base.cpp:134]   --->   Operation 358 'fdiv' 'div301_3' <Predicate = (!icmp_ln109 & icmp_ln111)> <Delay = 2.32> <CoreInst = "FDiv">   --->   Core 20 'FDiv' <Latency = 11> <II = 1> <Delay = 2.32> <FuncUnit> <Opcode : 'fdiv' 'frem'> <InPorts = 2> <OutPorts = 1>

State 29 <SV = 28> <Delay = 2.34>
ST_29 : Operation 359 [6/7] (2.34ns)   --->   "%current_height = fadd i32 %neighbor_height_8, i32 %div9" [flood_HLS_base.cpp:117]   --->   Operation 359 'fadd' 'current_height' <Predicate = (!icmp_ln109 & icmp_ln111)> <Delay = 2.34> <CoreInst = "FAddSub_fulldsp">   --->   Core 18 'FAddSub_fulldsp' <Latency = 6> <II = 1> <Delay = 2.34> <FuncUnit> <Opcode : 'fadd' 'fsub'> <InPorts = 2> <OutPorts = 1>
ST_29 : Operation 360 [1/1] (0.00ns)   --->   "%bitcast_ln134 = bitcast i32 %p_ground_load_1" [flood_HLS_base.cpp:134]   --->   Operation 360 'bitcast' 'bitcast_ln134' <Predicate = (!icmp_ln109 & icmp_ln111)> <Delay = 0.00>
ST_29 : Operation 361 [7/7] (2.34ns)   --->   "%neighbor_height = fadd i32 %bitcast_ln134, i32 %div4" [flood_HLS_base.cpp:134]   --->   Operation 361 'fadd' 'neighbor_height' <Predicate = (!icmp_ln109 & icmp_ln111)> <Delay = 2.34> <CoreInst = "FAddSub_fulldsp">   --->   Core 18 'FAddSub_fulldsp' <Latency = 6> <II = 1> <Delay = 2.34> <FuncUnit> <Opcode : 'fadd' 'fsub'> <InPorts = 2> <OutPorts = 1>
ST_29 : Operation 362 [1/12] (2.32ns)   --->   "%div301_1 = fdiv i32 %conv300_1, i32 1e+06" [flood_HLS_base.cpp:134]   --->   Operation 362 'fdiv' 'div301_1' <Predicate = (!icmp_ln109 & icmp_ln111)> <Delay = 2.32> <CoreInst = "FDiv">   --->   Core 20 'FDiv' <Latency = 11> <II = 1> <Delay = 2.32> <FuncUnit> <Opcode : 'fdiv' 'frem'> <InPorts = 2> <OutPorts = 1>
ST_29 : Operation 363 [4/12] (2.32ns)   --->   "%div301_2 = fdiv i32 %conv300_2, i32 1e+06" [flood_HLS_base.cpp:134]   --->   Operation 363 'fdiv' 'div301_2' <Predicate = (!icmp_ln109 & icmp_ln111)> <Delay = 2.32> <CoreInst = "FDiv">   --->   Core 20 'FDiv' <Latency = 11> <II = 1> <Delay = 2.32> <FuncUnit> <Opcode : 'fdiv' 'frem'> <InPorts = 2> <OutPorts = 1>
ST_29 : Operation 364 [1/2] (1.24ns)   --->   "%p_ground_load_4 = load i13 %p_ground_addr_4" [flood_HLS_base.cpp:134]   --->   Operation 364 'load' 'p_ground_load_4' <Predicate = (!icmp_ln109 & icmp_ln111)> <Delay = 1.24> <CoreInst = "RAM">   --->   Core 82 'RAM' <Latency = 1> <II = 1> <Delay = 1.24> <Storage> <Opcode : 'load' 'store'> <Ports = 2> <Width = 32> <Depth = 4800> <RAM>
ST_29 : Operation 365 [2/12] (2.32ns)   --->   "%div301_3 = fdiv i32 %conv300_3, i32 1e+06" [flood_HLS_base.cpp:134]   --->   Operation 365 'fdiv' 'div301_3' <Predicate = (!icmp_ln109 & icmp_ln111)> <Delay = 2.32> <CoreInst = "FDiv">   --->   Core 20 'FDiv' <Latency = 11> <II = 1> <Delay = 2.32> <FuncUnit> <Opcode : 'fdiv' 'frem'> <InPorts = 2> <OutPorts = 1>

State 30 <SV = 29> <Delay = 2.34>
ST_30 : Operation 366 [5/7] (2.34ns)   --->   "%current_height = fadd i32 %neighbor_height_8, i32 %div9" [flood_HLS_base.cpp:117]   --->   Operation 366 'fadd' 'current_height' <Predicate = (!icmp_ln109 & icmp_ln111)> <Delay = 2.34> <CoreInst = "FAddSub_fulldsp">   --->   Core 18 'FAddSub_fulldsp' <Latency = 6> <II = 1> <Delay = 2.34> <FuncUnit> <Opcode : 'fadd' 'fsub'> <InPorts = 2> <OutPorts = 1>
ST_30 : Operation 367 [6/7] (2.34ns)   --->   "%neighbor_height = fadd i32 %bitcast_ln134, i32 %div4" [flood_HLS_base.cpp:134]   --->   Operation 367 'fadd' 'neighbor_height' <Predicate = (!icmp_ln109 & icmp_ln111)> <Delay = 2.34> <CoreInst = "FAddSub_fulldsp">   --->   Core 18 'FAddSub_fulldsp' <Latency = 6> <II = 1> <Delay = 2.34> <FuncUnit> <Opcode : 'fadd' 'fsub'> <InPorts = 2> <OutPorts = 1>
ST_30 : Operation 368 [1/1] (0.00ns)   --->   "%bitcast_ln134_1 = bitcast i32 %p_ground_load_2" [flood_HLS_base.cpp:134]   --->   Operation 368 'bitcast' 'bitcast_ln134_1' <Predicate = (!icmp_ln109 & icmp_ln111)> <Delay = 0.00>
ST_30 : Operation 369 [7/7] (2.34ns)   --->   "%neighbor_height_2 = fadd i32 %bitcast_ln134_1, i32 %div301_1" [flood_HLS_base.cpp:134]   --->   Operation 369 'fadd' 'neighbor_height_2' <Predicate = (!icmp_ln109 & icmp_ln111)> <Delay = 2.34> <CoreInst = "FAddSub_fulldsp">   --->   Core 18 'FAddSub_fulldsp' <Latency = 6> <II = 1> <Delay = 2.34> <FuncUnit> <Opcode : 'fadd' 'fsub'> <InPorts = 2> <OutPorts = 1>
ST_30 : Operation 370 [1/1] (0.00ns)   --->   "%sext_ln134 = sext i8 %new_col_1" [flood_HLS_base.cpp:134]   --->   Operation 370 'sext' 'sext_ln134' <Predicate = (!icmp_ln109 & icmp_ln111)> <Delay = 0.00>
ST_30 : Operation 371 [1/1] (0.75ns)   --->   "%add_ln134_5 = add i13 %add_ln117_1, i13 %sext_ln134" [flood_HLS_base.cpp:134]   --->   Operation 371 'add' 'add_ln134_5' <Predicate = (!icmp_ln109 & icmp_ln111)> <Delay = 0.75> <CoreInst = "Adder">   --->   Core 1 'Adder' <Latency = 0> <II = 1> <Delay = 0.75> <FuncUnit> <Opcode : 'add' 'sub'> <InPorts = 2> <OutPorts = 1>
ST_30 : Operation 372 [1/1] (0.00ns)   --->   "%zext_ln134 = zext i13 %add_ln134_5" [flood_HLS_base.cpp:134]   --->   Operation 372 'zext' 'zext_ln134' <Predicate = (!icmp_ln109 & icmp_ln111)> <Delay = 0.00>
ST_30 : Operation 373 [1/1] (0.00ns)   --->   "%p_ground_addr_3 = getelementptr i32 %p_ground, i64 0, i64 %zext_ln134" [flood_HLS_base.cpp:134]   --->   Operation 373 'getelementptr' 'p_ground_addr_3' <Predicate = (!icmp_ln109 & icmp_ln111)> <Delay = 0.00>
ST_30 : Operation 374 [1/1] (0.00ns)   --->   "%spillage_from_neigh_2_addr = getelementptr i32 %spillage_from_neigh_2, i64 0, i64 %zext_ln134" [flood_HLS_base.cpp:177]   --->   Operation 374 'getelementptr' 'spillage_from_neigh_2_addr' <Predicate = (!icmp_ln109 & icmp_ln111)> <Delay = 0.00>
ST_30 : Operation 375 [2/2] (1.24ns)   --->   "%p_ground_load_3 = load i13 %p_ground_addr_3" [flood_HLS_base.cpp:134]   --->   Operation 375 'load' 'p_ground_load_3' <Predicate = (!icmp_ln109 & icmp_ln111)> <Delay = 1.24> <CoreInst = "RAM">   --->   Core 82 'RAM' <Latency = 1> <II = 1> <Delay = 1.24> <Storage> <Opcode : 'load' 'store'> <Ports = 2> <Width = 32> <Depth = 4800> <RAM>
ST_30 : Operation 376 [3/12] (2.32ns)   --->   "%div301_2 = fdiv i32 %conv300_2, i32 1e+06" [flood_HLS_base.cpp:134]   --->   Operation 376 'fdiv' 'div301_2' <Predicate = (!icmp_ln109 & icmp_ln111)> <Delay = 2.32> <CoreInst = "FDiv">   --->   Core 20 'FDiv' <Latency = 11> <II = 1> <Delay = 2.32> <FuncUnit> <Opcode : 'fdiv' 'frem'> <InPorts = 2> <OutPorts = 1>
ST_30 : Operation 377 [1/12] (2.32ns)   --->   "%div301_3 = fdiv i32 %conv300_3, i32 1e+06" [flood_HLS_base.cpp:134]   --->   Operation 377 'fdiv' 'div301_3' <Predicate = (!icmp_ln109 & icmp_ln111)> <Delay = 2.32> <CoreInst = "FDiv">   --->   Core 20 'FDiv' <Latency = 11> <II = 1> <Delay = 2.32> <FuncUnit> <Opcode : 'fdiv' 'frem'> <InPorts = 2> <OutPorts = 1>

State 31 <SV = 30> <Delay = 2.34>
ST_31 : Operation 378 [4/7] (2.34ns)   --->   "%current_height = fadd i32 %neighbor_height_8, i32 %div9" [flood_HLS_base.cpp:117]   --->   Operation 378 'fadd' 'current_height' <Predicate = (!icmp_ln109 & icmp_ln111)> <Delay = 2.34> <CoreInst = "FAddSub_fulldsp">   --->   Core 18 'FAddSub_fulldsp' <Latency = 6> <II = 1> <Delay = 2.34> <FuncUnit> <Opcode : 'fadd' 'fsub'> <InPorts = 2> <OutPorts = 1>
ST_31 : Operation 379 [5/7] (2.34ns)   --->   "%neighbor_height = fadd i32 %bitcast_ln134, i32 %div4" [flood_HLS_base.cpp:134]   --->   Operation 379 'fadd' 'neighbor_height' <Predicate = (!icmp_ln109 & icmp_ln111)> <Delay = 2.34> <CoreInst = "FAddSub_fulldsp">   --->   Core 18 'FAddSub_fulldsp' <Latency = 6> <II = 1> <Delay = 2.34> <FuncUnit> <Opcode : 'fadd' 'fsub'> <InPorts = 2> <OutPorts = 1>
ST_31 : Operation 380 [6/7] (2.34ns)   --->   "%neighbor_height_2 = fadd i32 %bitcast_ln134_1, i32 %div301_1" [flood_HLS_base.cpp:134]   --->   Operation 380 'fadd' 'neighbor_height_2' <Predicate = (!icmp_ln109 & icmp_ln111)> <Delay = 2.34> <CoreInst = "FAddSub_fulldsp">   --->   Core 18 'FAddSub_fulldsp' <Latency = 6> <II = 1> <Delay = 2.34> <FuncUnit> <Opcode : 'fadd' 'fsub'> <InPorts = 2> <OutPorts = 1>
ST_31 : Operation 381 [1/2] (1.24ns)   --->   "%p_ground_load_3 = load i13 %p_ground_addr_3" [flood_HLS_base.cpp:134]   --->   Operation 381 'load' 'p_ground_load_3' <Predicate = (!icmp_ln109 & icmp_ln111)> <Delay = 1.24> <CoreInst = "RAM">   --->   Core 82 'RAM' <Latency = 1> <II = 1> <Delay = 1.24> <Storage> <Opcode : 'load' 'store'> <Ports = 2> <Width = 32> <Depth = 4800> <RAM>
ST_31 : Operation 382 [2/12] (2.32ns)   --->   "%div301_2 = fdiv i32 %conv300_2, i32 1e+06" [flood_HLS_base.cpp:134]   --->   Operation 382 'fdiv' 'div301_2' <Predicate = (!icmp_ln109 & icmp_ln111)> <Delay = 2.32> <CoreInst = "FDiv">   --->   Core 20 'FDiv' <Latency = 11> <II = 1> <Delay = 2.32> <FuncUnit> <Opcode : 'fdiv' 'frem'> <InPorts = 2> <OutPorts = 1>
ST_31 : Operation 383 [1/1] (0.00ns)   --->   "%bitcast_ln134_3 = bitcast i32 %p_ground_load_4" [flood_HLS_base.cpp:134]   --->   Operation 383 'bitcast' 'bitcast_ln134_3' <Predicate = (!icmp_ln109 & icmp_ln111)> <Delay = 0.00>
ST_31 : Operation 384 [7/7] (2.34ns)   --->   "%neighbor_height_6 = fadd i32 %bitcast_ln134_3, i32 %div301_3" [flood_HLS_base.cpp:134]   --->   Operation 384 'fadd' 'neighbor_height_6' <Predicate = (!icmp_ln109 & icmp_ln111)> <Delay = 2.34> <CoreInst = "FAddSub_fulldsp">   --->   Core 18 'FAddSub_fulldsp' <Latency = 6> <II = 1> <Delay = 2.34> <FuncUnit> <Opcode : 'fadd' 'fsub'> <InPorts = 2> <OutPorts = 1>

State 32 <SV = 31> <Delay = 2.34>
ST_32 : Operation 385 [3/7] (2.34ns)   --->   "%current_height = fadd i32 %neighbor_height_8, i32 %div9" [flood_HLS_base.cpp:117]   --->   Operation 385 'fadd' 'current_height' <Predicate = (!icmp_ln109 & icmp_ln111)> <Delay = 2.34> <CoreInst = "FAddSub_fulldsp">   --->   Core 18 'FAddSub_fulldsp' <Latency = 6> <II = 1> <Delay = 2.34> <FuncUnit> <Opcode : 'fadd' 'fsub'> <InPorts = 2> <OutPorts = 1>
ST_32 : Operation 386 [4/7] (2.34ns)   --->   "%neighbor_height = fadd i32 %bitcast_ln134, i32 %div4" [flood_HLS_base.cpp:134]   --->   Operation 386 'fadd' 'neighbor_height' <Predicate = (!icmp_ln109 & icmp_ln111)> <Delay = 2.34> <CoreInst = "FAddSub_fulldsp">   --->   Core 18 'FAddSub_fulldsp' <Latency = 6> <II = 1> <Delay = 2.34> <FuncUnit> <Opcode : 'fadd' 'fsub'> <InPorts = 2> <OutPorts = 1>
ST_32 : Operation 387 [5/7] (2.34ns)   --->   "%neighbor_height_2 = fadd i32 %bitcast_ln134_1, i32 %div301_1" [flood_HLS_base.cpp:134]   --->   Operation 387 'fadd' 'neighbor_height_2' <Predicate = (!icmp_ln109 & icmp_ln111)> <Delay = 2.34> <CoreInst = "FAddSub_fulldsp">   --->   Core 18 'FAddSub_fulldsp' <Latency = 6> <II = 1> <Delay = 2.34> <FuncUnit> <Opcode : 'fadd' 'fsub'> <InPorts = 2> <OutPorts = 1>
ST_32 : Operation 388 [1/12] (2.32ns)   --->   "%div301_2 = fdiv i32 %conv300_2, i32 1e+06" [flood_HLS_base.cpp:134]   --->   Operation 388 'fdiv' 'div301_2' <Predicate = (!icmp_ln109 & icmp_ln111)> <Delay = 2.32> <CoreInst = "FDiv">   --->   Core 20 'FDiv' <Latency = 11> <II = 1> <Delay = 2.32> <FuncUnit> <Opcode : 'fdiv' 'frem'> <InPorts = 2> <OutPorts = 1>
ST_32 : Operation 389 [6/7] (2.34ns)   --->   "%neighbor_height_6 = fadd i32 %bitcast_ln134_3, i32 %div301_3" [flood_HLS_base.cpp:134]   --->   Operation 389 'fadd' 'neighbor_height_6' <Predicate = (!icmp_ln109 & icmp_ln111)> <Delay = 2.34> <CoreInst = "FAddSub_fulldsp">   --->   Core 18 'FAddSub_fulldsp' <Latency = 6> <II = 1> <Delay = 2.34> <FuncUnit> <Opcode : 'fadd' 'fsub'> <InPorts = 2> <OutPorts = 1>

State 33 <SV = 32> <Delay = 2.34>
ST_33 : Operation 390 [2/7] (2.34ns)   --->   "%current_height = fadd i32 %neighbor_height_8, i32 %div9" [flood_HLS_base.cpp:117]   --->   Operation 390 'fadd' 'current_height' <Predicate = (!icmp_ln109 & icmp_ln111)> <Delay = 2.34> <CoreInst = "FAddSub_fulldsp">   --->   Core 18 'FAddSub_fulldsp' <Latency = 6> <II = 1> <Delay = 2.34> <FuncUnit> <Opcode : 'fadd' 'fsub'> <InPorts = 2> <OutPorts = 1>
ST_33 : Operation 391 [3/7] (2.34ns)   --->   "%neighbor_height = fadd i32 %bitcast_ln134, i32 %div4" [flood_HLS_base.cpp:134]   --->   Operation 391 'fadd' 'neighbor_height' <Predicate = (!icmp_ln109 & icmp_ln111)> <Delay = 2.34> <CoreInst = "FAddSub_fulldsp">   --->   Core 18 'FAddSub_fulldsp' <Latency = 6> <II = 1> <Delay = 2.34> <FuncUnit> <Opcode : 'fadd' 'fsub'> <InPorts = 2> <OutPorts = 1>
ST_33 : Operation 392 [4/7] (2.34ns)   --->   "%neighbor_height_2 = fadd i32 %bitcast_ln134_1, i32 %div301_1" [flood_HLS_base.cpp:134]   --->   Operation 392 'fadd' 'neighbor_height_2' <Predicate = (!icmp_ln109 & icmp_ln111)> <Delay = 2.34> <CoreInst = "FAddSub_fulldsp">   --->   Core 18 'FAddSub_fulldsp' <Latency = 6> <II = 1> <Delay = 2.34> <FuncUnit> <Opcode : 'fadd' 'fsub'> <InPorts = 2> <OutPorts = 1>
ST_33 : Operation 393 [1/1] (0.00ns)   --->   "%bitcast_ln134_2 = bitcast i32 %p_ground_load_3" [flood_HLS_base.cpp:134]   --->   Operation 393 'bitcast' 'bitcast_ln134_2' <Predicate = (!icmp_ln109 & icmp_ln111)> <Delay = 0.00>
ST_33 : Operation 394 [7/7] (2.34ns)   --->   "%neighbor_height_4 = fadd i32 %bitcast_ln134_2, i32 %div301_2" [flood_HLS_base.cpp:134]   --->   Operation 394 'fadd' 'neighbor_height_4' <Predicate = (!icmp_ln109 & icmp_ln111)> <Delay = 2.34> <CoreInst = "FAddSub_fulldsp">   --->   Core 18 'FAddSub_fulldsp' <Latency = 6> <II = 1> <Delay = 2.34> <FuncUnit> <Opcode : 'fadd' 'fsub'> <InPorts = 2> <OutPorts = 1>
ST_33 : Operation 395 [5/7] (2.34ns)   --->   "%neighbor_height_6 = fadd i32 %bitcast_ln134_3, i32 %div301_3" [flood_HLS_base.cpp:134]   --->   Operation 395 'fadd' 'neighbor_height_6' <Predicate = (!icmp_ln109 & icmp_ln111)> <Delay = 2.34> <CoreInst = "FAddSub_fulldsp">   --->   Core 18 'FAddSub_fulldsp' <Latency = 6> <II = 1> <Delay = 2.34> <FuncUnit> <Opcode : 'fadd' 'fsub'> <InPorts = 2> <OutPorts = 1>

State 34 <SV = 33> <Delay = 2.34>
ST_34 : Operation 396 [1/7] (2.34ns)   --->   "%current_height = fadd i32 %neighbor_height_8, i32 %div9" [flood_HLS_base.cpp:117]   --->   Operation 396 'fadd' 'current_height' <Predicate = (!icmp_ln109 & icmp_ln111)> <Delay = 2.34> <CoreInst = "FAddSub_fulldsp">   --->   Core 18 'FAddSub_fulldsp' <Latency = 6> <II = 1> <Delay = 2.34> <FuncUnit> <Opcode : 'fadd' 'fsub'> <InPorts = 2> <OutPorts = 1>
ST_34 : Operation 397 [2/7] (2.34ns)   --->   "%neighbor_height = fadd i32 %bitcast_ln134, i32 %div4" [flood_HLS_base.cpp:134]   --->   Operation 397 'fadd' 'neighbor_height' <Predicate = (!icmp_ln109 & icmp_ln111)> <Delay = 2.34> <CoreInst = "FAddSub_fulldsp">   --->   Core 18 'FAddSub_fulldsp' <Latency = 6> <II = 1> <Delay = 2.34> <FuncUnit> <Opcode : 'fadd' 'fsub'> <InPorts = 2> <OutPorts = 1>
ST_34 : Operation 398 [3/7] (2.34ns)   --->   "%neighbor_height_2 = fadd i32 %bitcast_ln134_1, i32 %div301_1" [flood_HLS_base.cpp:134]   --->   Operation 398 'fadd' 'neighbor_height_2' <Predicate = (!icmp_ln109 & icmp_ln111)> <Delay = 2.34> <CoreInst = "FAddSub_fulldsp">   --->   Core 18 'FAddSub_fulldsp' <Latency = 6> <II = 1> <Delay = 2.34> <FuncUnit> <Opcode : 'fadd' 'fsub'> <InPorts = 2> <OutPorts = 1>
ST_34 : Operation 399 [6/7] (2.34ns)   --->   "%neighbor_height_4 = fadd i32 %bitcast_ln134_2, i32 %div301_2" [flood_HLS_base.cpp:134]   --->   Operation 399 'fadd' 'neighbor_height_4' <Predicate = (!icmp_ln109 & icmp_ln111)> <Delay = 2.34> <CoreInst = "FAddSub_fulldsp">   --->   Core 18 'FAddSub_fulldsp' <Latency = 6> <II = 1> <Delay = 2.34> <FuncUnit> <Opcode : 'fadd' 'fsub'> <InPorts = 2> <OutPorts = 1>
ST_34 : Operation 400 [4/7] (2.34ns)   --->   "%neighbor_height_6 = fadd i32 %bitcast_ln134_3, i32 %div301_3" [flood_HLS_base.cpp:134]   --->   Operation 400 'fadd' 'neighbor_height_6' <Predicate = (!icmp_ln109 & icmp_ln111)> <Delay = 2.34> <CoreInst = "FAddSub_fulldsp">   --->   Core 18 'FAddSub_fulldsp' <Latency = 6> <II = 1> <Delay = 2.34> <FuncUnit> <Opcode : 'fadd' 'fsub'> <InPorts = 2> <OutPorts = 1>

State 35 <SV = 34> <Delay = 2.34>
ST_35 : Operation 401 [1/7] (2.34ns)   --->   "%neighbor_height = fadd i32 %bitcast_ln134, i32 %div4" [flood_HLS_base.cpp:134]   --->   Operation 401 'fadd' 'neighbor_height' <Predicate = (!icmp_ln109 & icmp_ln111)> <Delay = 2.34> <CoreInst = "FAddSub_fulldsp">   --->   Core 18 'FAddSub_fulldsp' <Latency = 6> <II = 1> <Delay = 2.34> <FuncUnit> <Opcode : 'fadd' 'fsub'> <InPorts = 2> <OutPorts = 1>
ST_35 : Operation 402 [2/7] (2.34ns)   --->   "%neighbor_height_2 = fadd i32 %bitcast_ln134_1, i32 %div301_1" [flood_HLS_base.cpp:134]   --->   Operation 402 'fadd' 'neighbor_height_2' <Predicate = (!icmp_ln109 & icmp_ln111)> <Delay = 2.34> <CoreInst = "FAddSub_fulldsp">   --->   Core 18 'FAddSub_fulldsp' <Latency = 6> <II = 1> <Delay = 2.34> <FuncUnit> <Opcode : 'fadd' 'fsub'> <InPorts = 2> <OutPorts = 1>
ST_35 : Operation 403 [5/7] (2.34ns)   --->   "%neighbor_height_4 = fadd i32 %bitcast_ln134_2, i32 %div301_2" [flood_HLS_base.cpp:134]   --->   Operation 403 'fadd' 'neighbor_height_4' <Predicate = (!icmp_ln109 & icmp_ln111)> <Delay = 2.34> <CoreInst = "FAddSub_fulldsp">   --->   Core 18 'FAddSub_fulldsp' <Latency = 6> <II = 1> <Delay = 2.34> <FuncUnit> <Opcode : 'fadd' 'fsub'> <InPorts = 2> <OutPorts = 1>
ST_35 : Operation 404 [3/7] (2.34ns)   --->   "%neighbor_height_6 = fadd i32 %bitcast_ln134_3, i32 %div301_3" [flood_HLS_base.cpp:134]   --->   Operation 404 'fadd' 'neighbor_height_6' <Predicate = (!icmp_ln109 & icmp_ln111)> <Delay = 2.34> <CoreInst = "FAddSub_fulldsp">   --->   Core 18 'FAddSub_fulldsp' <Latency = 6> <II = 1> <Delay = 2.34> <FuncUnit> <Opcode : 'fadd' 'fsub'> <InPorts = 2> <OutPorts = 1>

State 36 <SV = 35> <Delay = 2.56>
ST_36 : Operation 405 [1/1] (0.22ns)   --->   "%neighbor_height_1 = select i1 %empty_72, i32 %neighbor_height_8, i32 %neighbor_height" [flood_HLS_base.cpp:109]   --->   Operation 405 'select' 'neighbor_height_1' <Predicate = (!icmp_ln109 & icmp_ln111)> <Delay = 0.22> <CoreInst = "Sel">   --->   Core 73 'Sel' <Latency = 0> <II = 1> <Delay = 0.22> <FuncUnit> <Opcode : 'select'> <InPorts = 3> <OutPorts = 1>
ST_36 : Operation 406 [1/1] (0.00ns)   --->   "%bitcast_ln139_1 = bitcast i32 %neighbor_height_1" [flood_HLS_base.cpp:139]   --->   Operation 406 'bitcast' 'bitcast_ln139_1' <Predicate = (!icmp_ln109 & icmp_ln111)> <Delay = 0.00>
ST_36 : Operation 407 [1/1] (0.00ns)   --->   "%tmp_33 = partselect i8 @_ssdm_op_PartSelect.i8.i32.i32.i32, i32 %bitcast_ln139_1, i32 23, i32 30" [flood_HLS_base.cpp:139]   --->   Operation 407 'partselect' 'tmp_33' <Predicate = (!icmp_ln109 & icmp_ln111)> <Delay = 0.00>
ST_36 : Operation 408 [1/1] (0.00ns)   --->   "%trunc_ln139_1 = trunc i32 %bitcast_ln139_1" [flood_HLS_base.cpp:139]   --->   Operation 408 'trunc' 'trunc_ln139_1' <Predicate = (!icmp_ln109 & icmp_ln111)> <Delay = 0.00>
ST_36 : Operation 409 [1/1] (0.70ns)   --->   "%icmp_ln139_2 = icmp_ne  i8 %tmp_33, i8 255" [flood_HLS_base.cpp:139]   --->   Operation 409 'icmp' 'icmp_ln139_2' <Predicate = (!icmp_ln109 & icmp_ln111)> <Delay = 0.70> <CoreInst = "Cmp">   --->   Core 9 'Cmp' <Latency = 0> <II = 1> <Delay = 0.70> <FuncUnit> <Opcode : 'seteq' 'setne' 'setle' 'setge' 'setlt' 'setgt'> <InPorts = 2> <OutPorts = 1>
ST_36 : Operation 410 [1/1] (0.82ns)   --->   "%icmp_ln139_3 = icmp_eq  i23 %trunc_ln139_1, i23 0" [flood_HLS_base.cpp:139]   --->   Operation 410 'icmp' 'icmp_ln139_3' <Predicate = (!icmp_ln109 & icmp_ln111)> <Delay = 0.82> <CoreInst = "Cmp">   --->   Core 9 'Cmp' <Latency = 0> <II = 1> <Delay = 0.82> <FuncUnit> <Opcode : 'seteq' 'setne' 'setle' 'setge' 'setlt' 'setgt'> <InPorts = 2> <OutPorts = 1>
ST_36 : Operation 411 [2/2] (1.64ns)   --->   "%tmp_34 = fcmp_oge  i32 %current_height, i32 %neighbor_height_1" [flood_HLS_base.cpp:139]   --->   Operation 411 'fcmp' 'tmp_34' <Predicate = (!icmp_ln109 & icmp_ln111)> <Delay = 1.64> <CoreInst = "FCompare">   --->   Core 19 'FCompare' <Latency = 1> <II = 1> <Delay = 1.64> <FuncUnit> <Opcode : 'fcmp'> <InPorts = 2> <OutPorts = 1>
ST_36 : Operation 412 [7/7] (2.34ns)   --->   "%height_diff = fsub i32 %current_height, i32 %neighbor_height_1" [flood_HLS_base.cpp:140]   --->   Operation 412 'fsub' 'height_diff' <Predicate = (!icmp_ln109 & icmp_ln111)> <Delay = 2.34> <CoreInst = "FAddSub_fulldsp">   --->   Core 18 'FAddSub_fulldsp' <Latency = 6> <II = 1> <Delay = 2.34> <FuncUnit> <Opcode : 'fadd' 'fsub'> <InPorts = 2> <OutPorts = 1>
ST_36 : Operation 413 [1/7] (2.34ns)   --->   "%neighbor_height_2 = fadd i32 %bitcast_ln134_1, i32 %div301_1" [flood_HLS_base.cpp:134]   --->   Operation 413 'fadd' 'neighbor_height_2' <Predicate = (!icmp_ln109 & icmp_ln111)> <Delay = 2.34> <CoreInst = "FAddSub_fulldsp">   --->   Core 18 'FAddSub_fulldsp' <Latency = 6> <II = 1> <Delay = 2.34> <FuncUnit> <Opcode : 'fadd' 'fsub'> <InPorts = 2> <OutPorts = 1>
ST_36 : Operation 414 [4/7] (2.34ns)   --->   "%neighbor_height_4 = fadd i32 %bitcast_ln134_2, i32 %div301_2" [flood_HLS_base.cpp:134]   --->   Operation 414 'fadd' 'neighbor_height_4' <Predicate = (!icmp_ln109 & icmp_ln111)> <Delay = 2.34> <CoreInst = "FAddSub_fulldsp">   --->   Core 18 'FAddSub_fulldsp' <Latency = 6> <II = 1> <Delay = 2.34> <FuncUnit> <Opcode : 'fadd' 'fsub'> <InPorts = 2> <OutPorts = 1>
ST_36 : Operation 415 [2/7] (2.34ns)   --->   "%neighbor_height_6 = fadd i32 %bitcast_ln134_3, i32 %div301_3" [flood_HLS_base.cpp:134]   --->   Operation 415 'fadd' 'neighbor_height_6' <Predicate = (!icmp_ln109 & icmp_ln111)> <Delay = 2.34> <CoreInst = "FAddSub_fulldsp">   --->   Core 18 'FAddSub_fulldsp' <Latency = 6> <II = 1> <Delay = 2.34> <FuncUnit> <Opcode : 'fadd' 'fsub'> <InPorts = 2> <OutPorts = 1>

State 37 <SV = 36> <Delay = 2.56>
ST_37 : Operation 416 [1/1] (0.00ns)   --->   "%bitcast_ln139 = bitcast i32 %current_height" [flood_HLS_base.cpp:139]   --->   Operation 416 'bitcast' 'bitcast_ln139' <Predicate = (!icmp_ln109 & icmp_ln111)> <Delay = 0.00>
ST_37 : Operation 417 [1/1] (0.00ns)   --->   "%tmp_32 = partselect i8 @_ssdm_op_PartSelect.i8.i32.i32.i32, i32 %bitcast_ln139, i32 23, i32 30" [flood_HLS_base.cpp:139]   --->   Operation 417 'partselect' 'tmp_32' <Predicate = (!icmp_ln109 & icmp_ln111)> <Delay = 0.00>
ST_37 : Operation 418 [1/1] (0.00ns)   --->   "%trunc_ln139 = trunc i32 %bitcast_ln139" [flood_HLS_base.cpp:139]   --->   Operation 418 'trunc' 'trunc_ln139' <Predicate = (!icmp_ln109 & icmp_ln111)> <Delay = 0.00>
ST_37 : Operation 419 [1/1] (0.70ns)   --->   "%icmp_ln139 = icmp_ne  i8 %tmp_32, i8 255" [flood_HLS_base.cpp:139]   --->   Operation 419 'icmp' 'icmp_ln139' <Predicate = (!icmp_ln109 & icmp_ln111)> <Delay = 0.70> <CoreInst = "Cmp">   --->   Core 9 'Cmp' <Latency = 0> <II = 1> <Delay = 0.70> <FuncUnit> <Opcode : 'seteq' 'setne' 'setle' 'setge' 'setlt' 'setgt'> <InPorts = 2> <OutPorts = 1>
ST_37 : Operation 420 [1/1] (0.82ns)   --->   "%icmp_ln139_1 = icmp_eq  i23 %trunc_ln139, i23 0" [flood_HLS_base.cpp:139]   --->   Operation 420 'icmp' 'icmp_ln139_1' <Predicate = (!icmp_ln109 & icmp_ln111)> <Delay = 0.82> <CoreInst = "Cmp">   --->   Core 9 'Cmp' <Latency = 0> <II = 1> <Delay = 0.82> <FuncUnit> <Opcode : 'seteq' 'setne' 'setle' 'setge' 'setlt' 'setgt'> <InPorts = 2> <OutPorts = 1>
ST_37 : Operation 421 [1/1] (0.12ns)   --->   "%or_ln139 = or i1 %icmp_ln139_1, i1 %icmp_ln139" [flood_HLS_base.cpp:139]   --->   Operation 421 'or' 'or_ln139' <Predicate = (!icmp_ln109 & icmp_ln111)> <Delay = 0.12> <CoreInst = "LogicGate">   --->   Core 74 'LogicGate' <Latency = 0> <II = 1> <Delay = 0.12> <FuncUnit> <Opcode : 'and' 'or' 'xor'> <InPorts = 2> <OutPorts = 1>
ST_37 : Operation 422 [1/1] (0.00ns) (grouped into LUT with out node and_ln139_1)   --->   "%or_ln139_1 = or i1 %icmp_ln139_3, i1 %icmp_ln139_2" [flood_HLS_base.cpp:139]   --->   Operation 422 'or' 'or_ln139_1' <Predicate = (!icmp_ln109 & icmp_ln111)> <Delay = 0.00> <CoreInst = "LogicGate">   --->   Core 74 'LogicGate' <Latency = 0> <II = 1> <Delay = 0.12> <FuncUnit> <Opcode : 'and' 'or' 'xor'> <InPorts = 2> <OutPorts = 1>
ST_37 : Operation 423 [1/1] (0.00ns) (grouped into LUT with out node and_ln139_1)   --->   "%and_ln139 = and i1 %or_ln139, i1 %or_ln139_1" [flood_HLS_base.cpp:139]   --->   Operation 423 'and' 'and_ln139' <Predicate = (!icmp_ln109 & icmp_ln111)> <Delay = 0.00> <CoreInst = "LogicGate">   --->   Core 74 'LogicGate' <Latency = 0> <II = 1> <Delay = 0.12> <FuncUnit> <Opcode : 'and' 'or' 'xor'> <InPorts = 2> <OutPorts = 1>
ST_37 : Operation 424 [1/2] (1.64ns)   --->   "%tmp_34 = fcmp_oge  i32 %current_height, i32 %neighbor_height_1" [flood_HLS_base.cpp:139]   --->   Operation 424 'fcmp' 'tmp_34' <Predicate = (!icmp_ln109 & icmp_ln111)> <Delay = 1.64> <CoreInst = "FCompare">   --->   Core 19 'FCompare' <Latency = 1> <II = 1> <Delay = 1.64> <FuncUnit> <Opcode : 'fcmp'> <InPorts = 2> <OutPorts = 1>
ST_37 : Operation 425 [1/1] (0.12ns) (out node of the LUT)   --->   "%and_ln139_1 = and i1 %and_ln139, i1 %tmp_34" [flood_HLS_base.cpp:139]   --->   Operation 425 'and' 'and_ln139_1' <Predicate = (!icmp_ln109 & icmp_ln111)> <Delay = 0.12> <CoreInst = "LogicGate">   --->   Core 74 'LogicGate' <Latency = 0> <II = 1> <Delay = 0.12> <FuncUnit> <Opcode : 'and' 'or' 'xor'> <InPorts = 2> <OutPorts = 1>
ST_37 : Operation 426 [6/7] (2.34ns)   --->   "%height_diff = fsub i32 %current_height, i32 %neighbor_height_1" [flood_HLS_base.cpp:140]   --->   Operation 426 'fsub' 'height_diff' <Predicate = (!icmp_ln109 & icmp_ln111)> <Delay = 2.34> <CoreInst = "FAddSub_fulldsp">   --->   Core 18 'FAddSub_fulldsp' <Latency = 6> <II = 1> <Delay = 2.34> <FuncUnit> <Opcode : 'fadd' 'fsub'> <InPorts = 2> <OutPorts = 1>
ST_37 : Operation 427 [1/1] (0.22ns)   --->   "%neighbor_height_3 = select i1 %empty_73, i32 %neighbor_height_8, i32 %neighbor_height_2" [flood_HLS_base.cpp:109]   --->   Operation 427 'select' 'neighbor_height_3' <Predicate = (!icmp_ln109 & icmp_ln111)> <Delay = 0.22> <CoreInst = "Sel">   --->   Core 73 'Sel' <Latency = 0> <II = 1> <Delay = 0.22> <FuncUnit> <Opcode : 'select'> <InPorts = 3> <OutPorts = 1>
ST_37 : Operation 428 [1/1] (0.00ns)   --->   "%bitcast_ln139_2 = bitcast i32 %neighbor_height_3" [flood_HLS_base.cpp:139]   --->   Operation 428 'bitcast' 'bitcast_ln139_2' <Predicate = (!icmp_ln109 & icmp_ln111)> <Delay = 0.00>
ST_37 : Operation 429 [1/1] (0.00ns)   --->   "%tmp_38 = partselect i8 @_ssdm_op_PartSelect.i8.i32.i32.i32, i32 %bitcast_ln139_2, i32 23, i32 30" [flood_HLS_base.cpp:139]   --->   Operation 429 'partselect' 'tmp_38' <Predicate = (!icmp_ln109 & icmp_ln111)> <Delay = 0.00>
ST_37 : Operation 430 [1/1] (0.00ns)   --->   "%trunc_ln139_2 = trunc i32 %bitcast_ln139_2" [flood_HLS_base.cpp:139]   --->   Operation 430 'trunc' 'trunc_ln139_2' <Predicate = (!icmp_ln109 & icmp_ln111)> <Delay = 0.00>
ST_37 : Operation 431 [1/1] (0.70ns)   --->   "%icmp_ln139_4 = icmp_ne  i8 %tmp_38, i8 255" [flood_HLS_base.cpp:139]   --->   Operation 431 'icmp' 'icmp_ln139_4' <Predicate = (!icmp_ln109 & icmp_ln111)> <Delay = 0.70> <CoreInst = "Cmp">   --->   Core 9 'Cmp' <Latency = 0> <II = 1> <Delay = 0.70> <FuncUnit> <Opcode : 'seteq' 'setne' 'setle' 'setge' 'setlt' 'setgt'> <InPorts = 2> <OutPorts = 1>
ST_37 : Operation 432 [1/1] (0.82ns)   --->   "%icmp_ln139_5 = icmp_eq  i23 %trunc_ln139_2, i23 0" [flood_HLS_base.cpp:139]   --->   Operation 432 'icmp' 'icmp_ln139_5' <Predicate = (!icmp_ln109 & icmp_ln111)> <Delay = 0.82> <CoreInst = "Cmp">   --->   Core 9 'Cmp' <Latency = 0> <II = 1> <Delay = 0.82> <FuncUnit> <Opcode : 'seteq' 'setne' 'setle' 'setge' 'setlt' 'setgt'> <InPorts = 2> <OutPorts = 1>
ST_37 : Operation 433 [2/2] (1.64ns)   --->   "%tmp_39 = fcmp_oge  i32 %current_height, i32 %neighbor_height_3" [flood_HLS_base.cpp:139]   --->   Operation 433 'fcmp' 'tmp_39' <Predicate = (!icmp_ln109 & icmp_ln111)> <Delay = 1.64> <CoreInst = "FCompare">   --->   Core 19 'FCompare' <Latency = 1> <II = 1> <Delay = 1.64> <FuncUnit> <Opcode : 'fcmp'> <InPorts = 2> <OutPorts = 1>
ST_37 : Operation 434 [7/7] (2.34ns)   --->   "%height_diff_1 = fsub i32 %current_height, i32 %neighbor_height_3" [flood_HLS_base.cpp:140]   --->   Operation 434 'fsub' 'height_diff_1' <Predicate = (!icmp_ln109 & icmp_ln111)> <Delay = 2.34> <CoreInst = "FAddSub_fulldsp">   --->   Core 18 'FAddSub_fulldsp' <Latency = 6> <II = 1> <Delay = 2.34> <FuncUnit> <Opcode : 'fadd' 'fsub'> <InPorts = 2> <OutPorts = 1>
ST_37 : Operation 435 [3/7] (2.34ns)   --->   "%neighbor_height_4 = fadd i32 %bitcast_ln134_2, i32 %div301_2" [flood_HLS_base.cpp:134]   --->   Operation 435 'fadd' 'neighbor_height_4' <Predicate = (!icmp_ln109 & icmp_ln111)> <Delay = 2.34> <CoreInst = "FAddSub_fulldsp">   --->   Core 18 'FAddSub_fulldsp' <Latency = 6> <II = 1> <Delay = 2.34> <FuncUnit> <Opcode : 'fadd' 'fsub'> <InPorts = 2> <OutPorts = 1>
ST_37 : Operation 436 [1/1] (0.70ns)   --->   "%icmp_ln128_1 = icmp_ugt  i7 %new_col_2, i7 79" [flood_HLS_base.cpp:128]   --->   Operation 436 'icmp' 'icmp_ln128_1' <Predicate = (!icmp_ln109 & icmp_ln111)> <Delay = 0.70> <CoreInst = "Cmp">   --->   Core 9 'Cmp' <Latency = 0> <II = 1> <Delay = 0.70> <FuncUnit> <Opcode : 'seteq' 'setne' 'setle' 'setge' 'setlt' 'setgt'> <InPorts = 2> <OutPorts = 1>
ST_37 : Operation 437 [1/7] (2.34ns)   --->   "%neighbor_height_6 = fadd i32 %bitcast_ln134_3, i32 %div301_3" [flood_HLS_base.cpp:134]   --->   Operation 437 'fadd' 'neighbor_height_6' <Predicate = (!icmp_ln109 & icmp_ln111)> <Delay = 2.34> <CoreInst = "FAddSub_fulldsp">   --->   Core 18 'FAddSub_fulldsp' <Latency = 6> <II = 1> <Delay = 2.34> <FuncUnit> <Opcode : 'fadd' 'fsub'> <InPorts = 2> <OutPorts = 1>

State 38 <SV = 37> <Delay = 2.56>
ST_38 : Operation 438 [5/7] (2.34ns)   --->   "%height_diff = fsub i32 %current_height, i32 %neighbor_height_1" [flood_HLS_base.cpp:140]   --->   Operation 438 'fsub' 'height_diff' <Predicate = (!icmp_ln109 & icmp_ln111)> <Delay = 2.34> <CoreInst = "FAddSub_fulldsp">   --->   Core 18 'FAddSub_fulldsp' <Latency = 6> <II = 1> <Delay = 2.34> <FuncUnit> <Opcode : 'fadd' 'fsub'> <InPorts = 2> <OutPorts = 1>
ST_38 : Operation 439 [1/1] (0.00ns) (grouped into LUT with out node and_ln139_3)   --->   "%or_ln139_2 = or i1 %icmp_ln139_5, i1 %icmp_ln139_4" [flood_HLS_base.cpp:139]   --->   Operation 439 'or' 'or_ln139_2' <Predicate = (!icmp_ln109 & icmp_ln111)> <Delay = 0.00> <CoreInst = "LogicGate">   --->   Core 74 'LogicGate' <Latency = 0> <II = 1> <Delay = 0.12> <FuncUnit> <Opcode : 'and' 'or' 'xor'> <InPorts = 2> <OutPorts = 1>
ST_38 : Operation 440 [1/1] (0.00ns) (grouped into LUT with out node and_ln139_3)   --->   "%and_ln139_2 = and i1 %or_ln139, i1 %or_ln139_2" [flood_HLS_base.cpp:139]   --->   Operation 440 'and' 'and_ln139_2' <Predicate = (!icmp_ln109 & icmp_ln111)> <Delay = 0.00> <CoreInst = "LogicGate">   --->   Core 74 'LogicGate' <Latency = 0> <II = 1> <Delay = 0.12> <FuncUnit> <Opcode : 'and' 'or' 'xor'> <InPorts = 2> <OutPorts = 1>
ST_38 : Operation 441 [1/2] (1.64ns)   --->   "%tmp_39 = fcmp_oge  i32 %current_height, i32 %neighbor_height_3" [flood_HLS_base.cpp:139]   --->   Operation 441 'fcmp' 'tmp_39' <Predicate = (!icmp_ln109 & icmp_ln111)> <Delay = 1.64> <CoreInst = "FCompare">   --->   Core 19 'FCompare' <Latency = 1> <II = 1> <Delay = 1.64> <FuncUnit> <Opcode : 'fcmp'> <InPorts = 2> <OutPorts = 1>
ST_38 : Operation 442 [1/1] (0.12ns) (out node of the LUT)   --->   "%and_ln139_3 = and i1 %and_ln139_2, i1 %tmp_39" [flood_HLS_base.cpp:139]   --->   Operation 442 'and' 'and_ln139_3' <Predicate = (!icmp_ln109 & icmp_ln111)> <Delay = 0.12> <CoreInst = "LogicGate">   --->   Core 74 'LogicGate' <Latency = 0> <II = 1> <Delay = 0.12> <FuncUnit> <Opcode : 'and' 'or' 'xor'> <InPorts = 2> <OutPorts = 1>
ST_38 : Operation 443 [6/7] (2.34ns)   --->   "%height_diff_1 = fsub i32 %current_height, i32 %neighbor_height_3" [flood_HLS_base.cpp:140]   --->   Operation 443 'fsub' 'height_diff_1' <Predicate = (!icmp_ln109 & icmp_ln111)> <Delay = 2.34> <CoreInst = "FAddSub_fulldsp">   --->   Core 18 'FAddSub_fulldsp' <Latency = 6> <II = 1> <Delay = 2.34> <FuncUnit> <Opcode : 'fadd' 'fsub'> <InPorts = 2> <OutPorts = 1>
ST_38 : Operation 444 [2/7] (2.34ns)   --->   "%neighbor_height_4 = fadd i32 %bitcast_ln134_2, i32 %div301_2" [flood_HLS_base.cpp:134]   --->   Operation 444 'fadd' 'neighbor_height_4' <Predicate = (!icmp_ln109 & icmp_ln111)> <Delay = 2.34> <CoreInst = "FAddSub_fulldsp">   --->   Core 18 'FAddSub_fulldsp' <Latency = 6> <II = 1> <Delay = 2.34> <FuncUnit> <Opcode : 'fadd' 'fsub'> <InPorts = 2> <OutPorts = 1>
ST_38 : Operation 445 [1/1] (0.22ns)   --->   "%neighbor_height_7 = select i1 %icmp_ln128_1, i32 %neighbor_height_8, i32 %neighbor_height_6" [flood_HLS_base.cpp:128]   --->   Operation 445 'select' 'neighbor_height_7' <Predicate = (!icmp_ln109 & icmp_ln111)> <Delay = 0.22> <CoreInst = "Sel">   --->   Core 73 'Sel' <Latency = 0> <II = 1> <Delay = 0.22> <FuncUnit> <Opcode : 'select'> <InPorts = 3> <OutPorts = 1>
ST_38 : Operation 446 [1/1] (0.00ns)   --->   "%bitcast_ln139_4 = bitcast i32 %neighbor_height_7" [flood_HLS_base.cpp:139]   --->   Operation 446 'bitcast' 'bitcast_ln139_4' <Predicate = (!icmp_ln109 & icmp_ln111)> <Delay = 0.00>
ST_38 : Operation 447 [1/1] (0.00ns)   --->   "%tmp_48 = partselect i8 @_ssdm_op_PartSelect.i8.i32.i32.i32, i32 %bitcast_ln139_4, i32 23, i32 30" [flood_HLS_base.cpp:139]   --->   Operation 447 'partselect' 'tmp_48' <Predicate = (!icmp_ln109 & icmp_ln111)> <Delay = 0.00>
ST_38 : Operation 448 [1/1] (0.00ns)   --->   "%trunc_ln139_4 = trunc i32 %bitcast_ln139_4" [flood_HLS_base.cpp:139]   --->   Operation 448 'trunc' 'trunc_ln139_4' <Predicate = (!icmp_ln109 & icmp_ln111)> <Delay = 0.00>
ST_38 : Operation 449 [1/1] (0.70ns)   --->   "%icmp_ln139_8 = icmp_ne  i8 %tmp_48, i8 255" [flood_HLS_base.cpp:139]   --->   Operation 449 'icmp' 'icmp_ln139_8' <Predicate = (!icmp_ln109 & icmp_ln111)> <Delay = 0.70> <CoreInst = "Cmp">   --->   Core 9 'Cmp' <Latency = 0> <II = 1> <Delay = 0.70> <FuncUnit> <Opcode : 'seteq' 'setne' 'setle' 'setge' 'setlt' 'setgt'> <InPorts = 2> <OutPorts = 1>
ST_38 : Operation 450 [1/1] (0.82ns)   --->   "%icmp_ln139_9 = icmp_eq  i23 %trunc_ln139_4, i23 0" [flood_HLS_base.cpp:139]   --->   Operation 450 'icmp' 'icmp_ln139_9' <Predicate = (!icmp_ln109 & icmp_ln111)> <Delay = 0.82> <CoreInst = "Cmp">   --->   Core 9 'Cmp' <Latency = 0> <II = 1> <Delay = 0.82> <FuncUnit> <Opcode : 'seteq' 'setne' 'setle' 'setge' 'setlt' 'setgt'> <InPorts = 2> <OutPorts = 1>
ST_38 : Operation 451 [2/2] (1.64ns)   --->   "%tmp_50 = fcmp_oge  i32 %current_height, i32 %neighbor_height_7" [flood_HLS_base.cpp:139]   --->   Operation 451 'fcmp' 'tmp_50' <Predicate = (!icmp_ln109 & icmp_ln111)> <Delay = 1.64> <CoreInst = "FCompare">   --->   Core 19 'FCompare' <Latency = 1> <II = 1> <Delay = 1.64> <FuncUnit> <Opcode : 'fcmp'> <InPorts = 2> <OutPorts = 1>
ST_38 : Operation 452 [7/7] (2.34ns)   --->   "%height_diff_3 = fsub i32 %current_height, i32 %neighbor_height_7" [flood_HLS_base.cpp:140]   --->   Operation 452 'fsub' 'height_diff_3' <Predicate = (!icmp_ln109 & icmp_ln111)> <Delay = 2.34> <CoreInst = "FAddSub_fulldsp">   --->   Core 18 'FAddSub_fulldsp' <Latency = 6> <II = 1> <Delay = 2.34> <FuncUnit> <Opcode : 'fadd' 'fsub'> <InPorts = 2> <OutPorts = 1>

State 39 <SV = 38> <Delay = 2.34>
ST_39 : Operation 453 [4/7] (2.34ns)   --->   "%height_diff = fsub i32 %current_height, i32 %neighbor_height_1" [flood_HLS_base.cpp:140]   --->   Operation 453 'fsub' 'height_diff' <Predicate = (!icmp_ln109 & icmp_ln111)> <Delay = 2.34> <CoreInst = "FAddSub_fulldsp">   --->   Core 18 'FAddSub_fulldsp' <Latency = 6> <II = 1> <Delay = 2.34> <FuncUnit> <Opcode : 'fadd' 'fsub'> <InPorts = 2> <OutPorts = 1>
ST_39 : Operation 454 [5/7] (2.34ns)   --->   "%height_diff_1 = fsub i32 %current_height, i32 %neighbor_height_3" [flood_HLS_base.cpp:140]   --->   Operation 454 'fsub' 'height_diff_1' <Predicate = (!icmp_ln109 & icmp_ln111)> <Delay = 2.34> <CoreInst = "FAddSub_fulldsp">   --->   Core 18 'FAddSub_fulldsp' <Latency = 6> <II = 1> <Delay = 2.34> <FuncUnit> <Opcode : 'fadd' 'fsub'> <InPorts = 2> <OutPorts = 1>
ST_39 : Operation 455 [1/1] (0.70ns)   --->   "%icmp_ln128 = icmp_ugt  i8 %new_col_1, i8 79" [flood_HLS_base.cpp:128]   --->   Operation 455 'icmp' 'icmp_ln128' <Predicate = (!icmp_ln109 & icmp_ln111)> <Delay = 0.70> <CoreInst = "Cmp">   --->   Core 9 'Cmp' <Latency = 0> <II = 1> <Delay = 0.70> <FuncUnit> <Opcode : 'seteq' 'setne' 'setle' 'setge' 'setlt' 'setgt'> <InPorts = 2> <OutPorts = 1>
ST_39 : Operation 456 [1/7] (2.34ns)   --->   "%neighbor_height_4 = fadd i32 %bitcast_ln134_2, i32 %div301_2" [flood_HLS_base.cpp:134]   --->   Operation 456 'fadd' 'neighbor_height_4' <Predicate = (!icmp_ln109 & icmp_ln111)> <Delay = 2.34> <CoreInst = "FAddSub_fulldsp">   --->   Core 18 'FAddSub_fulldsp' <Latency = 6> <II = 1> <Delay = 2.34> <FuncUnit> <Opcode : 'fadd' 'fsub'> <InPorts = 2> <OutPorts = 1>
ST_39 : Operation 457 [1/1] (0.00ns) (grouped into LUT with out node and_ln139_7)   --->   "%or_ln139_4 = or i1 %icmp_ln139_9, i1 %icmp_ln139_8" [flood_HLS_base.cpp:139]   --->   Operation 457 'or' 'or_ln139_4' <Predicate = (!icmp_ln109 & icmp_ln111)> <Delay = 0.00> <CoreInst = "LogicGate">   --->   Core 74 'LogicGate' <Latency = 0> <II = 1> <Delay = 0.12> <FuncUnit> <Opcode : 'and' 'or' 'xor'> <InPorts = 2> <OutPorts = 1>
ST_39 : Operation 458 [1/1] (0.00ns) (grouped into LUT with out node and_ln139_7)   --->   "%and_ln139_6 = and i1 %or_ln139, i1 %or_ln139_4" [flood_HLS_base.cpp:139]   --->   Operation 458 'and' 'and_ln139_6' <Predicate = (!icmp_ln109 & icmp_ln111)> <Delay = 0.00> <CoreInst = "LogicGate">   --->   Core 74 'LogicGate' <Latency = 0> <II = 1> <Delay = 0.12> <FuncUnit> <Opcode : 'and' 'or' 'xor'> <InPorts = 2> <OutPorts = 1>
ST_39 : Operation 459 [1/2] (1.64ns)   --->   "%tmp_50 = fcmp_oge  i32 %current_height, i32 %neighbor_height_7" [flood_HLS_base.cpp:139]   --->   Operation 459 'fcmp' 'tmp_50' <Predicate = (!icmp_ln109 & icmp_ln111)> <Delay = 1.64> <CoreInst = "FCompare">   --->   Core 19 'FCompare' <Latency = 1> <II = 1> <Delay = 1.64> <FuncUnit> <Opcode : 'fcmp'> <InPorts = 2> <OutPorts = 1>
ST_39 : Operation 460 [1/1] (0.12ns) (out node of the LUT)   --->   "%and_ln139_7 = and i1 %and_ln139_6, i1 %tmp_50" [flood_HLS_base.cpp:139]   --->   Operation 460 'and' 'and_ln139_7' <Predicate = (!icmp_ln109 & icmp_ln111)> <Delay = 0.12> <CoreInst = "LogicGate">   --->   Core 74 'LogicGate' <Latency = 0> <II = 1> <Delay = 0.12> <FuncUnit> <Opcode : 'and' 'or' 'xor'> <InPorts = 2> <OutPorts = 1>
ST_39 : Operation 461 [6/7] (2.34ns)   --->   "%height_diff_3 = fsub i32 %current_height, i32 %neighbor_height_7" [flood_HLS_base.cpp:140]   --->   Operation 461 'fsub' 'height_diff_3' <Predicate = (!icmp_ln109 & icmp_ln111)> <Delay = 2.34> <CoreInst = "FAddSub_fulldsp">   --->   Core 18 'FAddSub_fulldsp' <Latency = 6> <II = 1> <Delay = 2.34> <FuncUnit> <Opcode : 'fadd' 'fsub'> <InPorts = 2> <OutPorts = 1>

State 40 <SV = 39> <Delay = 2.56>
ST_40 : Operation 462 [3/7] (2.34ns)   --->   "%height_diff = fsub i32 %current_height, i32 %neighbor_height_1" [flood_HLS_base.cpp:140]   --->   Operation 462 'fsub' 'height_diff' <Predicate = (!icmp_ln109 & icmp_ln111)> <Delay = 2.34> <CoreInst = "FAddSub_fulldsp">   --->   Core 18 'FAddSub_fulldsp' <Latency = 6> <II = 1> <Delay = 2.34> <FuncUnit> <Opcode : 'fadd' 'fsub'> <InPorts = 2> <OutPorts = 1>
ST_40 : Operation 463 [4/7] (2.34ns)   --->   "%height_diff_1 = fsub i32 %current_height, i32 %neighbor_height_3" [flood_HLS_base.cpp:140]   --->   Operation 463 'fsub' 'height_diff_1' <Predicate = (!icmp_ln109 & icmp_ln111)> <Delay = 2.34> <CoreInst = "FAddSub_fulldsp">   --->   Core 18 'FAddSub_fulldsp' <Latency = 6> <II = 1> <Delay = 2.34> <FuncUnit> <Opcode : 'fadd' 'fsub'> <InPorts = 2> <OutPorts = 1>
ST_40 : Operation 464 [1/1] (0.22ns)   --->   "%neighbor_height_5 = select i1 %icmp_ln128, i32 %neighbor_height_8, i32 %neighbor_height_4" [flood_HLS_base.cpp:128]   --->   Operation 464 'select' 'neighbor_height_5' <Predicate = (!icmp_ln109 & icmp_ln111)> <Delay = 0.22> <CoreInst = "Sel">   --->   Core 73 'Sel' <Latency = 0> <II = 1> <Delay = 0.22> <FuncUnit> <Opcode : 'select'> <InPorts = 3> <OutPorts = 1>
ST_40 : Operation 465 [1/1] (0.00ns)   --->   "%bitcast_ln139_3 = bitcast i32 %neighbor_height_5" [flood_HLS_base.cpp:139]   --->   Operation 465 'bitcast' 'bitcast_ln139_3' <Predicate = (!icmp_ln109 & icmp_ln111)> <Delay = 0.00>
ST_40 : Operation 466 [1/1] (0.00ns)   --->   "%tmp_43 = partselect i8 @_ssdm_op_PartSelect.i8.i32.i32.i32, i32 %bitcast_ln139_3, i32 23, i32 30" [flood_HLS_base.cpp:139]   --->   Operation 466 'partselect' 'tmp_43' <Predicate = (!icmp_ln109 & icmp_ln111)> <Delay = 0.00>
ST_40 : Operation 467 [1/1] (0.00ns)   --->   "%trunc_ln139_3 = trunc i32 %bitcast_ln139_3" [flood_HLS_base.cpp:139]   --->   Operation 467 'trunc' 'trunc_ln139_3' <Predicate = (!icmp_ln109 & icmp_ln111)> <Delay = 0.00>
ST_40 : Operation 468 [1/1] (0.70ns)   --->   "%icmp_ln139_6 = icmp_ne  i8 %tmp_43, i8 255" [flood_HLS_base.cpp:139]   --->   Operation 468 'icmp' 'icmp_ln139_6' <Predicate = (!icmp_ln109 & icmp_ln111)> <Delay = 0.70> <CoreInst = "Cmp">   --->   Core 9 'Cmp' <Latency = 0> <II = 1> <Delay = 0.70> <FuncUnit> <Opcode : 'seteq' 'setne' 'setle' 'setge' 'setlt' 'setgt'> <InPorts = 2> <OutPorts = 1>
ST_40 : Operation 469 [1/1] (0.82ns)   --->   "%icmp_ln139_7 = icmp_eq  i23 %trunc_ln139_3, i23 0" [flood_HLS_base.cpp:139]   --->   Operation 469 'icmp' 'icmp_ln139_7' <Predicate = (!icmp_ln109 & icmp_ln111)> <Delay = 0.82> <CoreInst = "Cmp">   --->   Core 9 'Cmp' <Latency = 0> <II = 1> <Delay = 0.82> <FuncUnit> <Opcode : 'seteq' 'setne' 'setle' 'setge' 'setlt' 'setgt'> <InPorts = 2> <OutPorts = 1>
ST_40 : Operation 470 [2/2] (1.64ns)   --->   "%tmp_44 = fcmp_oge  i32 %current_height, i32 %neighbor_height_5" [flood_HLS_base.cpp:139]   --->   Operation 470 'fcmp' 'tmp_44' <Predicate = (!icmp_ln109 & icmp_ln111)> <Delay = 1.64> <CoreInst = "FCompare">   --->   Core 19 'FCompare' <Latency = 1> <II = 1> <Delay = 1.64> <FuncUnit> <Opcode : 'fcmp'> <InPorts = 2> <OutPorts = 1>
ST_40 : Operation 471 [7/7] (2.34ns)   --->   "%height_diff_2 = fsub i32 %current_height, i32 %neighbor_height_5" [flood_HLS_base.cpp:140]   --->   Operation 471 'fsub' 'height_diff_2' <Predicate = (!icmp_ln109 & icmp_ln111)> <Delay = 2.34> <CoreInst = "FAddSub_fulldsp">   --->   Core 18 'FAddSub_fulldsp' <Latency = 6> <II = 1> <Delay = 2.34> <FuncUnit> <Opcode : 'fadd' 'fsub'> <InPorts = 2> <OutPorts = 1>
ST_40 : Operation 472 [5/7] (2.34ns)   --->   "%height_diff_3 = fsub i32 %current_height, i32 %neighbor_height_7" [flood_HLS_base.cpp:140]   --->   Operation 472 'fsub' 'height_diff_3' <Predicate = (!icmp_ln109 & icmp_ln111)> <Delay = 2.34> <CoreInst = "FAddSub_fulldsp">   --->   Core 18 'FAddSub_fulldsp' <Latency = 6> <II = 1> <Delay = 2.34> <FuncUnit> <Opcode : 'fadd' 'fsub'> <InPorts = 2> <OutPorts = 1>

State 41 <SV = 40> <Delay = 2.34>
ST_41 : Operation 473 [2/7] (2.34ns)   --->   "%height_diff = fsub i32 %current_height, i32 %neighbor_height_1" [flood_HLS_base.cpp:140]   --->   Operation 473 'fsub' 'height_diff' <Predicate = (!icmp_ln109 & icmp_ln111)> <Delay = 2.34> <CoreInst = "FAddSub_fulldsp">   --->   Core 18 'FAddSub_fulldsp' <Latency = 6> <II = 1> <Delay = 2.34> <FuncUnit> <Opcode : 'fadd' 'fsub'> <InPorts = 2> <OutPorts = 1>
ST_41 : Operation 474 [3/7] (2.34ns)   --->   "%height_diff_1 = fsub i32 %current_height, i32 %neighbor_height_3" [flood_HLS_base.cpp:140]   --->   Operation 474 'fsub' 'height_diff_1' <Predicate = (!icmp_ln109 & icmp_ln111)> <Delay = 2.34> <CoreInst = "FAddSub_fulldsp">   --->   Core 18 'FAddSub_fulldsp' <Latency = 6> <II = 1> <Delay = 2.34> <FuncUnit> <Opcode : 'fadd' 'fsub'> <InPorts = 2> <OutPorts = 1>
ST_41 : Operation 475 [1/1] (0.00ns) (grouped into LUT with out node and_ln139_5)   --->   "%or_ln139_3 = or i1 %icmp_ln139_7, i1 %icmp_ln139_6" [flood_HLS_base.cpp:139]   --->   Operation 475 'or' 'or_ln139_3' <Predicate = (!icmp_ln109 & icmp_ln111)> <Delay = 0.00> <CoreInst = "LogicGate">   --->   Core 74 'LogicGate' <Latency = 0> <II = 1> <Delay = 0.12> <FuncUnit> <Opcode : 'and' 'or' 'xor'> <InPorts = 2> <OutPorts = 1>
ST_41 : Operation 476 [1/1] (0.00ns) (grouped into LUT with out node and_ln139_5)   --->   "%and_ln139_4 = and i1 %or_ln139, i1 %or_ln139_3" [flood_HLS_base.cpp:139]   --->   Operation 476 'and' 'and_ln139_4' <Predicate = (!icmp_ln109 & icmp_ln111)> <Delay = 0.00> <CoreInst = "LogicGate">   --->   Core 74 'LogicGate' <Latency = 0> <II = 1> <Delay = 0.12> <FuncUnit> <Opcode : 'and' 'or' 'xor'> <InPorts = 2> <OutPorts = 1>
ST_41 : Operation 477 [1/2] (1.64ns)   --->   "%tmp_44 = fcmp_oge  i32 %current_height, i32 %neighbor_height_5" [flood_HLS_base.cpp:139]   --->   Operation 477 'fcmp' 'tmp_44' <Predicate = (!icmp_ln109 & icmp_ln111)> <Delay = 1.64> <CoreInst = "FCompare">   --->   Core 19 'FCompare' <Latency = 1> <II = 1> <Delay = 1.64> <FuncUnit> <Opcode : 'fcmp'> <InPorts = 2> <OutPorts = 1>
ST_41 : Operation 478 [1/1] (0.12ns) (out node of the LUT)   --->   "%and_ln139_5 = and i1 %and_ln139_4, i1 %tmp_44" [flood_HLS_base.cpp:139]   --->   Operation 478 'and' 'and_ln139_5' <Predicate = (!icmp_ln109 & icmp_ln111)> <Delay = 0.12> <CoreInst = "LogicGate">   --->   Core 74 'LogicGate' <Latency = 0> <II = 1> <Delay = 0.12> <FuncUnit> <Opcode : 'and' 'or' 'xor'> <InPorts = 2> <OutPorts = 1>
ST_41 : Operation 479 [6/7] (2.34ns)   --->   "%height_diff_2 = fsub i32 %current_height, i32 %neighbor_height_5" [flood_HLS_base.cpp:140]   --->   Operation 479 'fsub' 'height_diff_2' <Predicate = (!icmp_ln109 & icmp_ln111)> <Delay = 2.34> <CoreInst = "FAddSub_fulldsp">   --->   Core 18 'FAddSub_fulldsp' <Latency = 6> <II = 1> <Delay = 2.34> <FuncUnit> <Opcode : 'fadd' 'fsub'> <InPorts = 2> <OutPorts = 1>
ST_41 : Operation 480 [4/7] (2.34ns)   --->   "%height_diff_3 = fsub i32 %current_height, i32 %neighbor_height_7" [flood_HLS_base.cpp:140]   --->   Operation 480 'fsub' 'height_diff_3' <Predicate = (!icmp_ln109 & icmp_ln111)> <Delay = 2.34> <CoreInst = "FAddSub_fulldsp">   --->   Core 18 'FAddSub_fulldsp' <Latency = 6> <II = 1> <Delay = 2.34> <FuncUnit> <Opcode : 'fadd' 'fsub'> <InPorts = 2> <OutPorts = 1>

State 42 <SV = 41> <Delay = 2.34>
ST_42 : Operation 481 [1/7] (2.34ns)   --->   "%height_diff = fsub i32 %current_height, i32 %neighbor_height_1" [flood_HLS_base.cpp:140]   --->   Operation 481 'fsub' 'height_diff' <Predicate = (!icmp_ln109 & icmp_ln111)> <Delay = 2.34> <CoreInst = "FAddSub_fulldsp">   --->   Core 18 'FAddSub_fulldsp' <Latency = 6> <II = 1> <Delay = 2.34> <FuncUnit> <Opcode : 'fadd' 'fsub'> <InPorts = 2> <OutPorts = 1>
ST_42 : Operation 482 [2/7] (2.34ns)   --->   "%height_diff_1 = fsub i32 %current_height, i32 %neighbor_height_3" [flood_HLS_base.cpp:140]   --->   Operation 482 'fsub' 'height_diff_1' <Predicate = (!icmp_ln109 & icmp_ln111)> <Delay = 2.34> <CoreInst = "FAddSub_fulldsp">   --->   Core 18 'FAddSub_fulldsp' <Latency = 6> <II = 1> <Delay = 2.34> <FuncUnit> <Opcode : 'fadd' 'fsub'> <InPorts = 2> <OutPorts = 1>
ST_42 : Operation 483 [5/7] (2.34ns)   --->   "%height_diff_2 = fsub i32 %current_height, i32 %neighbor_height_5" [flood_HLS_base.cpp:140]   --->   Operation 483 'fsub' 'height_diff_2' <Predicate = (!icmp_ln109 & icmp_ln111)> <Delay = 2.34> <CoreInst = "FAddSub_fulldsp">   --->   Core 18 'FAddSub_fulldsp' <Latency = 6> <II = 1> <Delay = 2.34> <FuncUnit> <Opcode : 'fadd' 'fsub'> <InPorts = 2> <OutPorts = 1>
ST_42 : Operation 484 [3/7] (2.34ns)   --->   "%height_diff_3 = fsub i32 %current_height, i32 %neighbor_height_7" [flood_HLS_base.cpp:140]   --->   Operation 484 'fsub' 'height_diff_3' <Predicate = (!icmp_ln109 & icmp_ln111)> <Delay = 2.34> <CoreInst = "FAddSub_fulldsp">   --->   Core 18 'FAddSub_fulldsp' <Latency = 6> <II = 1> <Delay = 2.34> <FuncUnit> <Opcode : 'fadd' 'fsub'> <InPorts = 2> <OutPorts = 1>

State 43 <SV = 42> <Delay = 2.34>
ST_43 : Operation 485 [7/7] (2.34ns)   --->   "%sum_diff = fadd i32 %height_diff, i32 0" [flood_HLS_base.cpp:141]   --->   Operation 485 'fadd' 'sum_diff' <Predicate = (!icmp_ln109 & icmp_ln111 & and_ln139_1)> <Delay = 2.34> <CoreInst = "FAddSub_fulldsp">   --->   Core 18 'FAddSub_fulldsp' <Latency = 6> <II = 1> <Delay = 2.34> <FuncUnit> <Opcode : 'fadd' 'fsub'> <InPorts = 2> <OutPorts = 1>
ST_43 : Operation 486 [2/2] (1.64ns)   --->   "%tmp_36 = fcmp_olt  i32 %height_diff, i32 0" [flood_HLS_base.cpp:142]   --->   Operation 486 'fcmp' 'tmp_36' <Predicate = (!icmp_ln109 & icmp_ln111 & and_ln139_1)> <Delay = 1.64> <CoreInst = "FCompare">   --->   Core 19 'FCompare' <Latency = 1> <II = 1> <Delay = 1.64> <FuncUnit> <Opcode : 'fcmp'> <InPorts = 2> <OutPorts = 1>
ST_43 : Operation 487 [1/7] (2.34ns)   --->   "%height_diff_1 = fsub i32 %current_height, i32 %neighbor_height_3" [flood_HLS_base.cpp:140]   --->   Operation 487 'fsub' 'height_diff_1' <Predicate = (!icmp_ln109 & icmp_ln111)> <Delay = 2.34> <CoreInst = "FAddSub_fulldsp">   --->   Core 18 'FAddSub_fulldsp' <Latency = 6> <II = 1> <Delay = 2.34> <FuncUnit> <Opcode : 'fadd' 'fsub'> <InPorts = 2> <OutPorts = 1>
ST_43 : Operation 488 [4/7] (2.34ns)   --->   "%height_diff_2 = fsub i32 %current_height, i32 %neighbor_height_5" [flood_HLS_base.cpp:140]   --->   Operation 488 'fsub' 'height_diff_2' <Predicate = (!icmp_ln109 & icmp_ln111)> <Delay = 2.34> <CoreInst = "FAddSub_fulldsp">   --->   Core 18 'FAddSub_fulldsp' <Latency = 6> <II = 1> <Delay = 2.34> <FuncUnit> <Opcode : 'fadd' 'fsub'> <InPorts = 2> <OutPorts = 1>
ST_43 : Operation 489 [2/7] (2.34ns)   --->   "%height_diff_3 = fsub i32 %current_height, i32 %neighbor_height_7" [flood_HLS_base.cpp:140]   --->   Operation 489 'fsub' 'height_diff_3' <Predicate = (!icmp_ln109 & icmp_ln111)> <Delay = 2.34> <CoreInst = "FAddSub_fulldsp">   --->   Core 18 'FAddSub_fulldsp' <Latency = 6> <II = 1> <Delay = 2.34> <FuncUnit> <Opcode : 'fadd' 'fsub'> <InPorts = 2> <OutPorts = 1>

State 44 <SV = 43> <Delay = 2.34>
ST_44 : Operation 490 [6/7] (2.34ns)   --->   "%sum_diff = fadd i32 %height_diff, i32 0" [flood_HLS_base.cpp:141]   --->   Operation 490 'fadd' 'sum_diff' <Predicate = (!icmp_ln109 & icmp_ln111 & and_ln139_1)> <Delay = 2.34> <CoreInst = "FAddSub_fulldsp">   --->   Core 18 'FAddSub_fulldsp' <Latency = 6> <II = 1> <Delay = 2.34> <FuncUnit> <Opcode : 'fadd' 'fsub'> <InPorts = 2> <OutPorts = 1>
ST_44 : Operation 491 [1/1] (0.00ns)   --->   "%bitcast_ln142 = bitcast i32 %height_diff" [flood_HLS_base.cpp:142]   --->   Operation 491 'bitcast' 'bitcast_ln142' <Predicate = (!icmp_ln109 & icmp_ln111 & and_ln139_1)> <Delay = 0.00>
ST_44 : Operation 492 [1/1] (0.00ns)   --->   "%tmp_35 = partselect i8 @_ssdm_op_PartSelect.i8.i32.i32.i32, i32 %bitcast_ln142, i32 23, i32 30" [flood_HLS_base.cpp:142]   --->   Operation 492 'partselect' 'tmp_35' <Predicate = (!icmp_ln109 & icmp_ln111 & and_ln139_1)> <Delay = 0.00>
ST_44 : Operation 493 [1/1] (0.00ns)   --->   "%trunc_ln142 = trunc i32 %bitcast_ln142" [flood_HLS_base.cpp:142]   --->   Operation 493 'trunc' 'trunc_ln142' <Predicate = (!icmp_ln109 & icmp_ln111 & and_ln139_1)> <Delay = 0.00>
ST_44 : Operation 494 [1/1] (0.70ns)   --->   "%icmp_ln142 = icmp_ne  i8 %tmp_35, i8 255" [flood_HLS_base.cpp:142]   --->   Operation 494 'icmp' 'icmp_ln142' <Predicate = (!icmp_ln109 & icmp_ln111 & and_ln139_1)> <Delay = 0.70> <CoreInst = "Cmp">   --->   Core 9 'Cmp' <Latency = 0> <II = 1> <Delay = 0.70> <FuncUnit> <Opcode : 'seteq' 'setne' 'setle' 'setge' 'setlt' 'setgt'> <InPorts = 2> <OutPorts = 1>
ST_44 : Operation 495 [1/1] (0.82ns)   --->   "%icmp_ln142_1 = icmp_eq  i23 %trunc_ln142, i23 0" [flood_HLS_base.cpp:142]   --->   Operation 495 'icmp' 'icmp_ln142_1' <Predicate = (!icmp_ln109 & icmp_ln111 & and_ln139_1)> <Delay = 0.82> <CoreInst = "Cmp">   --->   Core 9 'Cmp' <Latency = 0> <II = 1> <Delay = 0.82> <FuncUnit> <Opcode : 'seteq' 'setne' 'setle' 'setge' 'setlt' 'setgt'> <InPorts = 2> <OutPorts = 1>
ST_44 : Operation 496 [1/1] (0.00ns) (grouped into LUT with out node my_spillage_level_1)   --->   "%or_ln142 = or i1 %icmp_ln142_1, i1 %icmp_ln142" [flood_HLS_base.cpp:142]   --->   Operation 496 'or' 'or_ln142' <Predicate = (!icmp_ln109 & icmp_ln111 & and_ln139_1)> <Delay = 0.00> <CoreInst = "LogicGate">   --->   Core 74 'LogicGate' <Latency = 0> <II = 1> <Delay = 0.12> <FuncUnit> <Opcode : 'and' 'or' 'xor'> <InPorts = 2> <OutPorts = 1>
ST_44 : Operation 497 [1/2] (1.64ns)   --->   "%tmp_36 = fcmp_olt  i32 %height_diff, i32 0" [flood_HLS_base.cpp:142]   --->   Operation 497 'fcmp' 'tmp_36' <Predicate = (!icmp_ln109 & icmp_ln111 & and_ln139_1)> <Delay = 1.64> <CoreInst = "FCompare">   --->   Core 19 'FCompare' <Latency = 1> <II = 1> <Delay = 1.64> <FuncUnit> <Opcode : 'fcmp'> <InPorts = 2> <OutPorts = 1>
ST_44 : Operation 498 [1/1] (0.00ns) (grouped into LUT with out node my_spillage_level_1)   --->   "%and_ln142 = and i1 %or_ln142, i1 %tmp_36" [flood_HLS_base.cpp:142]   --->   Operation 498 'and' 'and_ln142' <Predicate = (!icmp_ln109 & icmp_ln111 & and_ln139_1)> <Delay = 0.00> <CoreInst = "LogicGate">   --->   Core 74 'LogicGate' <Latency = 0> <II = 1> <Delay = 0.12> <FuncUnit> <Opcode : 'and' 'or' 'xor'> <InPorts = 2> <OutPorts = 1>
ST_44 : Operation 499 [1/1] (0.00ns) (grouped into LUT with out node my_spillage_level_1)   --->   "%my_spillage_level = select i1 %and_ln142, i32 0, i32 %height_diff" [flood_HLS_base.cpp:142]   --->   Operation 499 'select' 'my_spillage_level' <Predicate = (!icmp_ln109 & icmp_ln111 & and_ln139_1)> <Delay = 0.00> <CoreInst = "Sel">   --->   Core 73 'Sel' <Latency = 0> <II = 1> <Delay = 0.22> <FuncUnit> <Opcode : 'select'> <InPorts = 3> <OutPorts = 1>
ST_44 : Operation 500 [1/1] (0.22ns) (out node of the LUT)   --->   "%my_spillage_level_1 = select i1 %and_ln139_1, i32 %my_spillage_level, i32 0" [flood_HLS_base.cpp:139]   --->   Operation 500 'select' 'my_spillage_level_1' <Predicate = (!icmp_ln109 & icmp_ln111)> <Delay = 0.22> <CoreInst = "Sel">   --->   Core 73 'Sel' <Latency = 0> <II = 1> <Delay = 0.22> <FuncUnit> <Opcode : 'select'> <InPorts = 3> <OutPorts = 1>
ST_44 : Operation 501 [3/7] (2.34ns)   --->   "%height_diff_2 = fsub i32 %current_height, i32 %neighbor_height_5" [flood_HLS_base.cpp:140]   --->   Operation 501 'fsub' 'height_diff_2' <Predicate = (!icmp_ln109 & icmp_ln111)> <Delay = 2.34> <CoreInst = "FAddSub_fulldsp">   --->   Core 18 'FAddSub_fulldsp' <Latency = 6> <II = 1> <Delay = 2.34> <FuncUnit> <Opcode : 'fadd' 'fsub'> <InPorts = 2> <OutPorts = 1>
ST_44 : Operation 502 [1/7] (2.34ns)   --->   "%height_diff_3 = fsub i32 %current_height, i32 %neighbor_height_7" [flood_HLS_base.cpp:140]   --->   Operation 502 'fsub' 'height_diff_3' <Predicate = (!icmp_ln109 & icmp_ln111)> <Delay = 2.34> <CoreInst = "FAddSub_fulldsp">   --->   Core 18 'FAddSub_fulldsp' <Latency = 6> <II = 1> <Delay = 2.34> <FuncUnit> <Opcode : 'fadd' 'fsub'> <InPorts = 2> <OutPorts = 1>

State 45 <SV = 44> <Delay = 2.34>
ST_45 : Operation 503 [5/7] (2.34ns)   --->   "%sum_diff = fadd i32 %height_diff, i32 0" [flood_HLS_base.cpp:141]   --->   Operation 503 'fadd' 'sum_diff' <Predicate = (!icmp_ln109 & icmp_ln111 & and_ln139_1)> <Delay = 2.34> <CoreInst = "FAddSub_fulldsp">   --->   Core 18 'FAddSub_fulldsp' <Latency = 6> <II = 1> <Delay = 2.34> <FuncUnit> <Opcode : 'fadd' 'fsub'> <InPorts = 2> <OutPorts = 1>
ST_45 : Operation 504 [2/2] (1.64ns)   --->   "%tmp_42 = fcmp_ogt  i32 %my_spillage_level_1, i32 %height_diff_1" [flood_HLS_base.cpp:142]   --->   Operation 504 'fcmp' 'tmp_42' <Predicate = (!icmp_ln109 & icmp_ln111 & and_ln139_3)> <Delay = 1.64> <CoreInst = "FCompare">   --->   Core 19 'FCompare' <Latency = 1> <II = 1> <Delay = 1.64> <FuncUnit> <Opcode : 'fcmp'> <InPorts = 2> <OutPorts = 1>
ST_45 : Operation 505 [2/7] (2.34ns)   --->   "%height_diff_2 = fsub i32 %current_height, i32 %neighbor_height_5" [flood_HLS_base.cpp:140]   --->   Operation 505 'fsub' 'height_diff_2' <Predicate = (!icmp_ln109 & icmp_ln111)> <Delay = 2.34> <CoreInst = "FAddSub_fulldsp">   --->   Core 18 'FAddSub_fulldsp' <Latency = 6> <II = 1> <Delay = 2.34> <FuncUnit> <Opcode : 'fadd' 'fsub'> <InPorts = 2> <OutPorts = 1>

State 46 <SV = 45> <Delay = 2.34>
ST_46 : Operation 506 [4/7] (2.34ns)   --->   "%sum_diff = fadd i32 %height_diff, i32 0" [flood_HLS_base.cpp:141]   --->   Operation 506 'fadd' 'sum_diff' <Predicate = (!icmp_ln109 & icmp_ln111 & and_ln139_1)> <Delay = 2.34> <CoreInst = "FAddSub_fulldsp">   --->   Core 18 'FAddSub_fulldsp' <Latency = 6> <II = 1> <Delay = 2.34> <FuncUnit> <Opcode : 'fadd' 'fsub'> <InPorts = 2> <OutPorts = 1>
ST_46 : Operation 507 [1/1] (0.00ns)   --->   "%bitcast_ln142_1 = bitcast i32 %my_spillage_level_1" [flood_HLS_base.cpp:142]   --->   Operation 507 'bitcast' 'bitcast_ln142_1' <Predicate = (!icmp_ln109 & icmp_ln111 & and_ln139_3)> <Delay = 0.00>
ST_46 : Operation 508 [1/1] (0.00ns)   --->   "%tmp_40 = partselect i8 @_ssdm_op_PartSelect.i8.i32.i32.i32, i32 %bitcast_ln142_1, i32 23, i32 30" [flood_HLS_base.cpp:142]   --->   Operation 508 'partselect' 'tmp_40' <Predicate = (!icmp_ln109 & icmp_ln111 & and_ln139_3)> <Delay = 0.00>
ST_46 : Operation 509 [1/1] (0.00ns)   --->   "%trunc_ln142_1 = trunc i32 %bitcast_ln142_1" [flood_HLS_base.cpp:142]   --->   Operation 509 'trunc' 'trunc_ln142_1' <Predicate = (!icmp_ln109 & icmp_ln111 & and_ln139_3)> <Delay = 0.00>
ST_46 : Operation 510 [1/1] (0.00ns)   --->   "%bitcast_ln142_2 = bitcast i32 %height_diff_1" [flood_HLS_base.cpp:142]   --->   Operation 510 'bitcast' 'bitcast_ln142_2' <Predicate = (!icmp_ln109 & icmp_ln111 & and_ln139_3)> <Delay = 0.00>
ST_46 : Operation 511 [1/1] (0.00ns)   --->   "%tmp_41 = partselect i8 @_ssdm_op_PartSelect.i8.i32.i32.i32, i32 %bitcast_ln142_2, i32 23, i32 30" [flood_HLS_base.cpp:142]   --->   Operation 511 'partselect' 'tmp_41' <Predicate = (!icmp_ln109 & icmp_ln111 & and_ln139_3)> <Delay = 0.00>
ST_46 : Operation 512 [1/1] (0.00ns)   --->   "%trunc_ln142_2 = trunc i32 %bitcast_ln142_2" [flood_HLS_base.cpp:142]   --->   Operation 512 'trunc' 'trunc_ln142_2' <Predicate = (!icmp_ln109 & icmp_ln111 & and_ln139_3)> <Delay = 0.00>
ST_46 : Operation 513 [1/1] (0.70ns)   --->   "%icmp_ln142_2 = icmp_ne  i8 %tmp_40, i8 255" [flood_HLS_base.cpp:142]   --->   Operation 513 'icmp' 'icmp_ln142_2' <Predicate = (!icmp_ln109 & icmp_ln111 & and_ln139_3)> <Delay = 0.70> <CoreInst = "Cmp">   --->   Core 9 'Cmp' <Latency = 0> <II = 1> <Delay = 0.70> <FuncUnit> <Opcode : 'seteq' 'setne' 'setle' 'setge' 'setlt' 'setgt'> <InPorts = 2> <OutPorts = 1>
ST_46 : Operation 514 [1/1] (0.82ns)   --->   "%icmp_ln142_3 = icmp_eq  i23 %trunc_ln142_1, i23 0" [flood_HLS_base.cpp:142]   --->   Operation 514 'icmp' 'icmp_ln142_3' <Predicate = (!icmp_ln109 & icmp_ln111 & and_ln139_3)> <Delay = 0.82> <CoreInst = "Cmp">   --->   Core 9 'Cmp' <Latency = 0> <II = 1> <Delay = 0.82> <FuncUnit> <Opcode : 'seteq' 'setne' 'setle' 'setge' 'setlt' 'setgt'> <InPorts = 2> <OutPorts = 1>
ST_46 : Operation 515 [1/1] (0.00ns) (grouped into LUT with out node and_ln142_2)   --->   "%or_ln142_1 = or i1 %icmp_ln142_3, i1 %icmp_ln142_2" [flood_HLS_base.cpp:142]   --->   Operation 515 'or' 'or_ln142_1' <Predicate = (!icmp_ln109 & icmp_ln111 & and_ln139_3)> <Delay = 0.00> <CoreInst = "LogicGate">   --->   Core 74 'LogicGate' <Latency = 0> <II = 1> <Delay = 0.12> <FuncUnit> <Opcode : 'and' 'or' 'xor'> <InPorts = 2> <OutPorts = 1>
ST_46 : Operation 516 [1/1] (0.70ns)   --->   "%icmp_ln142_4 = icmp_ne  i8 %tmp_41, i8 255" [flood_HLS_base.cpp:142]   --->   Operation 516 'icmp' 'icmp_ln142_4' <Predicate = (!icmp_ln109 & icmp_ln111 & and_ln139_3)> <Delay = 0.70> <CoreInst = "Cmp">   --->   Core 9 'Cmp' <Latency = 0> <II = 1> <Delay = 0.70> <FuncUnit> <Opcode : 'seteq' 'setne' 'setle' 'setge' 'setlt' 'setgt'> <InPorts = 2> <OutPorts = 1>
ST_46 : Operation 517 [1/1] (0.82ns)   --->   "%icmp_ln142_5 = icmp_eq  i23 %trunc_ln142_2, i23 0" [flood_HLS_base.cpp:142]   --->   Operation 517 'icmp' 'icmp_ln142_5' <Predicate = (!icmp_ln109 & icmp_ln111 & and_ln139_3)> <Delay = 0.82> <CoreInst = "Cmp">   --->   Core 9 'Cmp' <Latency = 0> <II = 1> <Delay = 0.82> <FuncUnit> <Opcode : 'seteq' 'setne' 'setle' 'setge' 'setlt' 'setgt'> <InPorts = 2> <OutPorts = 1>
ST_46 : Operation 518 [1/1] (0.00ns) (grouped into LUT with out node and_ln142_2)   --->   "%or_ln142_2 = or i1 %icmp_ln142_5, i1 %icmp_ln142_4" [flood_HLS_base.cpp:142]   --->   Operation 518 'or' 'or_ln142_2' <Predicate = (!icmp_ln109 & icmp_ln111 & and_ln139_3)> <Delay = 0.00> <CoreInst = "LogicGate">   --->   Core 74 'LogicGate' <Latency = 0> <II = 1> <Delay = 0.12> <FuncUnit> <Opcode : 'and' 'or' 'xor'> <InPorts = 2> <OutPorts = 1>
ST_46 : Operation 519 [1/2] (1.64ns)   --->   "%tmp_42 = fcmp_ogt  i32 %my_spillage_level_1, i32 %height_diff_1" [flood_HLS_base.cpp:142]   --->   Operation 519 'fcmp' 'tmp_42' <Predicate = (!icmp_ln109 & icmp_ln111 & and_ln139_3)> <Delay = 1.64> <CoreInst = "FCompare">   --->   Core 19 'FCompare' <Latency = 1> <II = 1> <Delay = 1.64> <FuncUnit> <Opcode : 'fcmp'> <InPorts = 2> <OutPorts = 1>
ST_46 : Operation 520 [1/1] (0.00ns) (grouped into LUT with out node and_ln142_2)   --->   "%and_ln142_1 = and i1 %or_ln142_1, i1 %or_ln142_2" [flood_HLS_base.cpp:142]   --->   Operation 520 'and' 'and_ln142_1' <Predicate = (!icmp_ln109 & icmp_ln111 & and_ln139_3)> <Delay = 0.00> <CoreInst = "LogicGate">   --->   Core 74 'LogicGate' <Latency = 0> <II = 1> <Delay = 0.12> <FuncUnit> <Opcode : 'and' 'or' 'xor'> <InPorts = 2> <OutPorts = 1>
ST_46 : Operation 521 [1/1] (0.12ns) (out node of the LUT)   --->   "%and_ln142_2 = and i1 %and_ln142_1, i1 %tmp_42" [flood_HLS_base.cpp:142]   --->   Operation 521 'and' 'and_ln142_2' <Predicate = (!icmp_ln109 & icmp_ln111 & and_ln139_3)> <Delay = 0.12> <CoreInst = "LogicGate">   --->   Core 74 'LogicGate' <Latency = 0> <II = 1> <Delay = 0.12> <FuncUnit> <Opcode : 'and' 'or' 'xor'> <InPorts = 2> <OutPorts = 1>
ST_46 : Operation 522 [1/1] (0.00ns) (grouped into LUT with out node my_spillage_level_3)   --->   "%my_spillage_level_2 = select i1 %and_ln142_2, i32 %my_spillage_level_1, i32 %height_diff_1" [flood_HLS_base.cpp:142]   --->   Operation 522 'select' 'my_spillage_level_2' <Predicate = (!icmp_ln109 & icmp_ln111 & and_ln139_3)> <Delay = 0.00> <CoreInst = "Sel">   --->   Core 73 'Sel' <Latency = 0> <II = 1> <Delay = 0.22> <FuncUnit> <Opcode : 'select'> <InPorts = 3> <OutPorts = 1>
ST_46 : Operation 523 [1/1] (0.22ns) (out node of the LUT)   --->   "%my_spillage_level_3 = select i1 %and_ln139_3, i32 %my_spillage_level_2, i32 %my_spillage_level_1" [flood_HLS_base.cpp:139]   --->   Operation 523 'select' 'my_spillage_level_3' <Predicate = (!icmp_ln109 & icmp_ln111)> <Delay = 0.22> <CoreInst = "Sel">   --->   Core 73 'Sel' <Latency = 0> <II = 1> <Delay = 0.22> <FuncUnit> <Opcode : 'select'> <InPorts = 3> <OutPorts = 1>
ST_46 : Operation 524 [1/7] (2.34ns)   --->   "%height_diff_2 = fsub i32 %current_height, i32 %neighbor_height_5" [flood_HLS_base.cpp:140]   --->   Operation 524 'fsub' 'height_diff_2' <Predicate = (!icmp_ln109 & icmp_ln111)> <Delay = 2.34> <CoreInst = "FAddSub_fulldsp">   --->   Core 18 'FAddSub_fulldsp' <Latency = 6> <II = 1> <Delay = 2.34> <FuncUnit> <Opcode : 'fadd' 'fsub'> <InPorts = 2> <OutPorts = 1>

State 47 <SV = 46> <Delay = 2.34>
ST_47 : Operation 525 [3/7] (2.34ns)   --->   "%sum_diff = fadd i32 %height_diff, i32 0" [flood_HLS_base.cpp:141]   --->   Operation 525 'fadd' 'sum_diff' <Predicate = (!icmp_ln109 & icmp_ln111 & and_ln139_1)> <Delay = 2.34> <CoreInst = "FAddSub_fulldsp">   --->   Core 18 'FAddSub_fulldsp' <Latency = 6> <II = 1> <Delay = 2.34> <FuncUnit> <Opcode : 'fadd' 'fsub'> <InPorts = 2> <OutPorts = 1>
ST_47 : Operation 526 [2/2] (1.64ns)   --->   "%tmp_47 = fcmp_ogt  i32 %my_spillage_level_3, i32 %height_diff_2" [flood_HLS_base.cpp:142]   --->   Operation 526 'fcmp' 'tmp_47' <Predicate = (!icmp_ln109 & icmp_ln111 & and_ln139_5)> <Delay = 1.64> <CoreInst = "FCompare">   --->   Core 19 'FCompare' <Latency = 1> <II = 1> <Delay = 1.64> <FuncUnit> <Opcode : 'fcmp'> <InPorts = 2> <OutPorts = 1>

State 48 <SV = 47> <Delay = 2.34>
ST_48 : Operation 527 [2/7] (2.34ns)   --->   "%sum_diff = fadd i32 %height_diff, i32 0" [flood_HLS_base.cpp:141]   --->   Operation 527 'fadd' 'sum_diff' <Predicate = (!icmp_ln109 & icmp_ln111 & and_ln139_1)> <Delay = 2.34> <CoreInst = "FAddSub_fulldsp">   --->   Core 18 'FAddSub_fulldsp' <Latency = 6> <II = 1> <Delay = 2.34> <FuncUnit> <Opcode : 'fadd' 'fsub'> <InPorts = 2> <OutPorts = 1>
ST_48 : Operation 528 [1/1] (0.00ns)   --->   "%bitcast_ln142_3 = bitcast i32 %my_spillage_level_3" [flood_HLS_base.cpp:142]   --->   Operation 528 'bitcast' 'bitcast_ln142_3' <Predicate = (!icmp_ln109 & icmp_ln111 & and_ln139_5)> <Delay = 0.00>
ST_48 : Operation 529 [1/1] (0.00ns)   --->   "%tmp_45 = partselect i8 @_ssdm_op_PartSelect.i8.i32.i32.i32, i32 %bitcast_ln142_3, i32 23, i32 30" [flood_HLS_base.cpp:142]   --->   Operation 529 'partselect' 'tmp_45' <Predicate = (!icmp_ln109 & icmp_ln111 & and_ln139_5)> <Delay = 0.00>
ST_48 : Operation 530 [1/1] (0.00ns)   --->   "%trunc_ln142_3 = trunc i32 %bitcast_ln142_3" [flood_HLS_base.cpp:142]   --->   Operation 530 'trunc' 'trunc_ln142_3' <Predicate = (!icmp_ln109 & icmp_ln111 & and_ln139_5)> <Delay = 0.00>
ST_48 : Operation 531 [1/1] (0.00ns)   --->   "%bitcast_ln142_4 = bitcast i32 %height_diff_2" [flood_HLS_base.cpp:142]   --->   Operation 531 'bitcast' 'bitcast_ln142_4' <Predicate = (!icmp_ln109 & icmp_ln111 & and_ln139_5)> <Delay = 0.00>
ST_48 : Operation 532 [1/1] (0.00ns)   --->   "%tmp_46 = partselect i8 @_ssdm_op_PartSelect.i8.i32.i32.i32, i32 %bitcast_ln142_4, i32 23, i32 30" [flood_HLS_base.cpp:142]   --->   Operation 532 'partselect' 'tmp_46' <Predicate = (!icmp_ln109 & icmp_ln111 & and_ln139_5)> <Delay = 0.00>
ST_48 : Operation 533 [1/1] (0.00ns)   --->   "%trunc_ln142_4 = trunc i32 %bitcast_ln142_4" [flood_HLS_base.cpp:142]   --->   Operation 533 'trunc' 'trunc_ln142_4' <Predicate = (!icmp_ln109 & icmp_ln111 & and_ln139_5)> <Delay = 0.00>
ST_48 : Operation 534 [1/1] (0.70ns)   --->   "%icmp_ln142_6 = icmp_ne  i8 %tmp_45, i8 255" [flood_HLS_base.cpp:142]   --->   Operation 534 'icmp' 'icmp_ln142_6' <Predicate = (!icmp_ln109 & icmp_ln111 & and_ln139_5)> <Delay = 0.70> <CoreInst = "Cmp">   --->   Core 9 'Cmp' <Latency = 0> <II = 1> <Delay = 0.70> <FuncUnit> <Opcode : 'seteq' 'setne' 'setle' 'setge' 'setlt' 'setgt'> <InPorts = 2> <OutPorts = 1>
ST_48 : Operation 535 [1/1] (0.82ns)   --->   "%icmp_ln142_7 = icmp_eq  i23 %trunc_ln142_3, i23 0" [flood_HLS_base.cpp:142]   --->   Operation 535 'icmp' 'icmp_ln142_7' <Predicate = (!icmp_ln109 & icmp_ln111 & and_ln139_5)> <Delay = 0.82> <CoreInst = "Cmp">   --->   Core 9 'Cmp' <Latency = 0> <II = 1> <Delay = 0.82> <FuncUnit> <Opcode : 'seteq' 'setne' 'setle' 'setge' 'setlt' 'setgt'> <InPorts = 2> <OutPorts = 1>
ST_48 : Operation 536 [1/1] (0.00ns) (grouped into LUT with out node and_ln142_4)   --->   "%or_ln142_3 = or i1 %icmp_ln142_7, i1 %icmp_ln142_6" [flood_HLS_base.cpp:142]   --->   Operation 536 'or' 'or_ln142_3' <Predicate = (!icmp_ln109 & icmp_ln111 & and_ln139_5)> <Delay = 0.00> <CoreInst = "LogicGate">   --->   Core 74 'LogicGate' <Latency = 0> <II = 1> <Delay = 0.12> <FuncUnit> <Opcode : 'and' 'or' 'xor'> <InPorts = 2> <OutPorts = 1>
ST_48 : Operation 537 [1/1] (0.70ns)   --->   "%icmp_ln142_8 = icmp_ne  i8 %tmp_46, i8 255" [flood_HLS_base.cpp:142]   --->   Operation 537 'icmp' 'icmp_ln142_8' <Predicate = (!icmp_ln109 & icmp_ln111 & and_ln139_5)> <Delay = 0.70> <CoreInst = "Cmp">   --->   Core 9 'Cmp' <Latency = 0> <II = 1> <Delay = 0.70> <FuncUnit> <Opcode : 'seteq' 'setne' 'setle' 'setge' 'setlt' 'setgt'> <InPorts = 2> <OutPorts = 1>
ST_48 : Operation 538 [1/1] (0.82ns)   --->   "%icmp_ln142_9 = icmp_eq  i23 %trunc_ln142_4, i23 0" [flood_HLS_base.cpp:142]   --->   Operation 538 'icmp' 'icmp_ln142_9' <Predicate = (!icmp_ln109 & icmp_ln111 & and_ln139_5)> <Delay = 0.82> <CoreInst = "Cmp">   --->   Core 9 'Cmp' <Latency = 0> <II = 1> <Delay = 0.82> <FuncUnit> <Opcode : 'seteq' 'setne' 'setle' 'setge' 'setlt' 'setgt'> <InPorts = 2> <OutPorts = 1>
ST_48 : Operation 539 [1/1] (0.00ns) (grouped into LUT with out node and_ln142_4)   --->   "%or_ln142_4 = or i1 %icmp_ln142_9, i1 %icmp_ln142_8" [flood_HLS_base.cpp:142]   --->   Operation 539 'or' 'or_ln142_4' <Predicate = (!icmp_ln109 & icmp_ln111 & and_ln139_5)> <Delay = 0.00> <CoreInst = "LogicGate">   --->   Core 74 'LogicGate' <Latency = 0> <II = 1> <Delay = 0.12> <FuncUnit> <Opcode : 'and' 'or' 'xor'> <InPorts = 2> <OutPorts = 1>
ST_48 : Operation 540 [1/2] (1.64ns)   --->   "%tmp_47 = fcmp_ogt  i32 %my_spillage_level_3, i32 %height_diff_2" [flood_HLS_base.cpp:142]   --->   Operation 540 'fcmp' 'tmp_47' <Predicate = (!icmp_ln109 & icmp_ln111 & and_ln139_5)> <Delay = 1.64> <CoreInst = "FCompare">   --->   Core 19 'FCompare' <Latency = 1> <II = 1> <Delay = 1.64> <FuncUnit> <Opcode : 'fcmp'> <InPorts = 2> <OutPorts = 1>
ST_48 : Operation 541 [1/1] (0.00ns) (grouped into LUT with out node and_ln142_4)   --->   "%and_ln142_3 = and i1 %or_ln142_3, i1 %or_ln142_4" [flood_HLS_base.cpp:142]   --->   Operation 541 'and' 'and_ln142_3' <Predicate = (!icmp_ln109 & icmp_ln111 & and_ln139_5)> <Delay = 0.00> <CoreInst = "LogicGate">   --->   Core 74 'LogicGate' <Latency = 0> <II = 1> <Delay = 0.12> <FuncUnit> <Opcode : 'and' 'or' 'xor'> <InPorts = 2> <OutPorts = 1>
ST_48 : Operation 542 [1/1] (0.12ns) (out node of the LUT)   --->   "%and_ln142_4 = and i1 %and_ln142_3, i1 %tmp_47" [flood_HLS_base.cpp:142]   --->   Operation 542 'and' 'and_ln142_4' <Predicate = (!icmp_ln109 & icmp_ln111 & and_ln139_5)> <Delay = 0.12> <CoreInst = "LogicGate">   --->   Core 74 'LogicGate' <Latency = 0> <II = 1> <Delay = 0.12> <FuncUnit> <Opcode : 'and' 'or' 'xor'> <InPorts = 2> <OutPorts = 1>
ST_48 : Operation 543 [1/1] (0.00ns) (grouped into LUT with out node my_spillage_level_5)   --->   "%my_spillage_level_4 = select i1 %and_ln142_4, i32 %my_spillage_level_3, i32 %height_diff_2" [flood_HLS_base.cpp:142]   --->   Operation 543 'select' 'my_spillage_level_4' <Predicate = (!icmp_ln109 & icmp_ln111 & and_ln139_5)> <Delay = 0.00> <CoreInst = "Sel">   --->   Core 73 'Sel' <Latency = 0> <II = 1> <Delay = 0.22> <FuncUnit> <Opcode : 'select'> <InPorts = 3> <OutPorts = 1>
ST_48 : Operation 544 [1/1] (0.22ns) (out node of the LUT)   --->   "%my_spillage_level_5 = select i1 %and_ln139_5, i32 %my_spillage_level_4, i32 %my_spillage_level_3" [flood_HLS_base.cpp:139]   --->   Operation 544 'select' 'my_spillage_level_5' <Predicate = (!icmp_ln109 & icmp_ln111)> <Delay = 0.22> <CoreInst = "Sel">   --->   Core 73 'Sel' <Latency = 0> <II = 1> <Delay = 0.22> <FuncUnit> <Opcode : 'select'> <InPorts = 3> <OutPorts = 1>

State 49 <SV = 48> <Delay = 2.56>
ST_49 : Operation 545 [1/7] (2.34ns)   --->   "%sum_diff = fadd i32 %height_diff, i32 0" [flood_HLS_base.cpp:141]   --->   Operation 545 'fadd' 'sum_diff' <Predicate = (!icmp_ln109 & icmp_ln111 & and_ln139_1)> <Delay = 2.34> <CoreInst = "FAddSub_fulldsp">   --->   Core 18 'FAddSub_fulldsp' <Latency = 6> <II = 1> <Delay = 2.34> <FuncUnit> <Opcode : 'fadd' 'fsub'> <InPorts = 2> <OutPorts = 1>
ST_49 : Operation 546 [1/1] (0.22ns)   --->   "%sum_diff_1 = select i1 %and_ln139_1, i32 %sum_diff, i32 0" [flood_HLS_base.cpp:139]   --->   Operation 546 'select' 'sum_diff_1' <Predicate = (!icmp_ln109 & icmp_ln111)> <Delay = 0.22> <CoreInst = "Sel">   --->   Core 73 'Sel' <Latency = 0> <II = 1> <Delay = 0.22> <FuncUnit> <Opcode : 'select'> <InPorts = 3> <OutPorts = 1>
ST_49 : Operation 547 [2/2] (1.64ns)   --->   "%tmp_57 = fcmp_ogt  i32 %my_spillage_level_5, i32 %height_diff_3" [flood_HLS_base.cpp:142]   --->   Operation 547 'fcmp' 'tmp_57' <Predicate = (!icmp_ln109 & icmp_ln111 & and_ln139_7)> <Delay = 1.64> <CoreInst = "FCompare">   --->   Core 19 'FCompare' <Latency = 1> <II = 1> <Delay = 1.64> <FuncUnit> <Opcode : 'fcmp'> <InPorts = 2> <OutPorts = 1>

State 50 <SV = 49> <Delay = 2.34>
ST_50 : Operation 548 [7/7] (2.34ns)   --->   "%sum_diff_2 = fadd i32 %sum_diff_1, i32 %height_diff_1" [flood_HLS_base.cpp:141]   --->   Operation 548 'fadd' 'sum_diff_2' <Predicate = (!icmp_ln109 & icmp_ln111 & and_ln139_3)> <Delay = 2.34> <CoreInst = "FAddSub_fulldsp">   --->   Core 18 'FAddSub_fulldsp' <Latency = 6> <II = 1> <Delay = 2.34> <FuncUnit> <Opcode : 'fadd' 'fsub'> <InPorts = 2> <OutPorts = 1>
ST_50 : Operation 549 [1/1] (0.00ns)   --->   "%bitcast_ln142_5 = bitcast i32 %my_spillage_level_5" [flood_HLS_base.cpp:142]   --->   Operation 549 'bitcast' 'bitcast_ln142_5' <Predicate = (!icmp_ln109 & icmp_ln111 & and_ln139_7)> <Delay = 0.00>
ST_50 : Operation 550 [1/1] (0.00ns)   --->   "%tmp_55 = partselect i8 @_ssdm_op_PartSelect.i8.i32.i32.i32, i32 %bitcast_ln142_5, i32 23, i32 30" [flood_HLS_base.cpp:142]   --->   Operation 550 'partselect' 'tmp_55' <Predicate = (!icmp_ln109 & icmp_ln111 & and_ln139_7)> <Delay = 0.00>
ST_50 : Operation 551 [1/1] (0.00ns)   --->   "%trunc_ln142_5 = trunc i32 %bitcast_ln142_5" [flood_HLS_base.cpp:142]   --->   Operation 551 'trunc' 'trunc_ln142_5' <Predicate = (!icmp_ln109 & icmp_ln111 & and_ln139_7)> <Delay = 0.00>
ST_50 : Operation 552 [1/1] (0.00ns)   --->   "%bitcast_ln142_6 = bitcast i32 %height_diff_3" [flood_HLS_base.cpp:142]   --->   Operation 552 'bitcast' 'bitcast_ln142_6' <Predicate = (!icmp_ln109 & icmp_ln111 & and_ln139_7)> <Delay = 0.00>
ST_50 : Operation 553 [1/1] (0.00ns)   --->   "%tmp_56 = partselect i8 @_ssdm_op_PartSelect.i8.i32.i32.i32, i32 %bitcast_ln142_6, i32 23, i32 30" [flood_HLS_base.cpp:142]   --->   Operation 553 'partselect' 'tmp_56' <Predicate = (!icmp_ln109 & icmp_ln111 & and_ln139_7)> <Delay = 0.00>
ST_50 : Operation 554 [1/1] (0.00ns)   --->   "%trunc_ln142_6 = trunc i32 %bitcast_ln142_6" [flood_HLS_base.cpp:142]   --->   Operation 554 'trunc' 'trunc_ln142_6' <Predicate = (!icmp_ln109 & icmp_ln111 & and_ln139_7)> <Delay = 0.00>
ST_50 : Operation 555 [1/1] (0.70ns)   --->   "%icmp_ln142_10 = icmp_ne  i8 %tmp_55, i8 255" [flood_HLS_base.cpp:142]   --->   Operation 555 'icmp' 'icmp_ln142_10' <Predicate = (!icmp_ln109 & icmp_ln111 & and_ln139_7)> <Delay = 0.70> <CoreInst = "Cmp">   --->   Core 9 'Cmp' <Latency = 0> <II = 1> <Delay = 0.70> <FuncUnit> <Opcode : 'seteq' 'setne' 'setle' 'setge' 'setlt' 'setgt'> <InPorts = 2> <OutPorts = 1>
ST_50 : Operation 556 [1/1] (0.82ns)   --->   "%icmp_ln142_11 = icmp_eq  i23 %trunc_ln142_5, i23 0" [flood_HLS_base.cpp:142]   --->   Operation 556 'icmp' 'icmp_ln142_11' <Predicate = (!icmp_ln109 & icmp_ln111 & and_ln139_7)> <Delay = 0.82> <CoreInst = "Cmp">   --->   Core 9 'Cmp' <Latency = 0> <II = 1> <Delay = 0.82> <FuncUnit> <Opcode : 'seteq' 'setne' 'setle' 'setge' 'setlt' 'setgt'> <InPorts = 2> <OutPorts = 1>
ST_50 : Operation 557 [1/1] (0.00ns) (grouped into LUT with out node and_ln142_6)   --->   "%or_ln142_5 = or i1 %icmp_ln142_11, i1 %icmp_ln142_10" [flood_HLS_base.cpp:142]   --->   Operation 557 'or' 'or_ln142_5' <Predicate = (!icmp_ln109 & icmp_ln111 & and_ln139_7)> <Delay = 0.00> <CoreInst = "LogicGate">   --->   Core 74 'LogicGate' <Latency = 0> <II = 1> <Delay = 0.12> <FuncUnit> <Opcode : 'and' 'or' 'xor'> <InPorts = 2> <OutPorts = 1>
ST_50 : Operation 558 [1/1] (0.70ns)   --->   "%icmp_ln142_12 = icmp_ne  i8 %tmp_56, i8 255" [flood_HLS_base.cpp:142]   --->   Operation 558 'icmp' 'icmp_ln142_12' <Predicate = (!icmp_ln109 & icmp_ln111 & and_ln139_7)> <Delay = 0.70> <CoreInst = "Cmp">   --->   Core 9 'Cmp' <Latency = 0> <II = 1> <Delay = 0.70> <FuncUnit> <Opcode : 'seteq' 'setne' 'setle' 'setge' 'setlt' 'setgt'> <InPorts = 2> <OutPorts = 1>
ST_50 : Operation 559 [1/1] (0.82ns)   --->   "%icmp_ln142_13 = icmp_eq  i23 %trunc_ln142_6, i23 0" [flood_HLS_base.cpp:142]   --->   Operation 559 'icmp' 'icmp_ln142_13' <Predicate = (!icmp_ln109 & icmp_ln111 & and_ln139_7)> <Delay = 0.82> <CoreInst = "Cmp">   --->   Core 9 'Cmp' <Latency = 0> <II = 1> <Delay = 0.82> <FuncUnit> <Opcode : 'seteq' 'setne' 'setle' 'setge' 'setlt' 'setgt'> <InPorts = 2> <OutPorts = 1>
ST_50 : Operation 560 [1/1] (0.00ns) (grouped into LUT with out node and_ln142_6)   --->   "%or_ln142_6 = or i1 %icmp_ln142_13, i1 %icmp_ln142_12" [flood_HLS_base.cpp:142]   --->   Operation 560 'or' 'or_ln142_6' <Predicate = (!icmp_ln109 & icmp_ln111 & and_ln139_7)> <Delay = 0.00> <CoreInst = "LogicGate">   --->   Core 74 'LogicGate' <Latency = 0> <II = 1> <Delay = 0.12> <FuncUnit> <Opcode : 'and' 'or' 'xor'> <InPorts = 2> <OutPorts = 1>
ST_50 : Operation 561 [1/2] (1.64ns)   --->   "%tmp_57 = fcmp_ogt  i32 %my_spillage_level_5, i32 %height_diff_3" [flood_HLS_base.cpp:142]   --->   Operation 561 'fcmp' 'tmp_57' <Predicate = (!icmp_ln109 & icmp_ln111 & and_ln139_7)> <Delay = 1.64> <CoreInst = "FCompare">   --->   Core 19 'FCompare' <Latency = 1> <II = 1> <Delay = 1.64> <FuncUnit> <Opcode : 'fcmp'> <InPorts = 2> <OutPorts = 1>
ST_50 : Operation 562 [1/1] (0.00ns) (grouped into LUT with out node and_ln142_6)   --->   "%and_ln142_5 = and i1 %or_ln142_5, i1 %or_ln142_6" [flood_HLS_base.cpp:142]   --->   Operation 562 'and' 'and_ln142_5' <Predicate = (!icmp_ln109 & icmp_ln111 & and_ln139_7)> <Delay = 0.00> <CoreInst = "LogicGate">   --->   Core 74 'LogicGate' <Latency = 0> <II = 1> <Delay = 0.12> <FuncUnit> <Opcode : 'and' 'or' 'xor'> <InPorts = 2> <OutPorts = 1>
ST_50 : Operation 563 [1/1] (0.12ns) (out node of the LUT)   --->   "%and_ln142_6 = and i1 %and_ln142_5, i1 %tmp_57" [flood_HLS_base.cpp:142]   --->   Operation 563 'and' 'and_ln142_6' <Predicate = (!icmp_ln109 & icmp_ln111 & and_ln139_7)> <Delay = 0.12> <CoreInst = "LogicGate">   --->   Core 74 'LogicGate' <Latency = 0> <II = 1> <Delay = 0.12> <FuncUnit> <Opcode : 'and' 'or' 'xor'> <InPorts = 2> <OutPorts = 1>
ST_50 : Operation 564 [1/1] (0.00ns) (grouped into LUT with out node my_spillage_level_7)   --->   "%my_spillage_level_6 = select i1 %and_ln142_6, i32 %my_spillage_level_5, i32 %height_diff_3" [flood_HLS_base.cpp:142]   --->   Operation 564 'select' 'my_spillage_level_6' <Predicate = (!icmp_ln109 & icmp_ln111 & and_ln139_7)> <Delay = 0.00> <CoreInst = "Sel">   --->   Core 73 'Sel' <Latency = 0> <II = 1> <Delay = 0.22> <FuncUnit> <Opcode : 'select'> <InPorts = 3> <OutPorts = 1>
ST_50 : Operation 565 [1/1] (0.22ns) (out node of the LUT)   --->   "%my_spillage_level_7 = select i1 %and_ln139_7, i32 %my_spillage_level_6, i32 %my_spillage_level_5" [flood_HLS_base.cpp:139]   --->   Operation 565 'select' 'my_spillage_level_7' <Predicate = (!icmp_ln109 & icmp_ln111)> <Delay = 0.22> <CoreInst = "Sel">   --->   Core 73 'Sel' <Latency = 0> <II = 1> <Delay = 0.22> <FuncUnit> <Opcode : 'select'> <InPorts = 3> <OutPorts = 1>

State 51 <SV = 50> <Delay = 2.34>
ST_51 : Operation 566 [6/7] (2.34ns)   --->   "%sum_diff_2 = fadd i32 %sum_diff_1, i32 %height_diff_1" [flood_HLS_base.cpp:141]   --->   Operation 566 'fadd' 'sum_diff_2' <Predicate = (!icmp_ln109 & icmp_ln111 & and_ln139_3)> <Delay = 2.34> <CoreInst = "FAddSub_fulldsp">   --->   Core 18 'FAddSub_fulldsp' <Latency = 6> <II = 1> <Delay = 2.34> <FuncUnit> <Opcode : 'fadd' 'fsub'> <InPorts = 2> <OutPorts = 1>
ST_51 : Operation 567 [2/2] (1.64ns)   --->   "%tmp_61 = fcmp_olt  i32 %div9, i32 %my_spillage_level_7" [flood_HLS_base.cpp:145]   --->   Operation 567 'fcmp' 'tmp_61' <Predicate = (!icmp_ln109 & icmp_ln111)> <Delay = 1.64> <CoreInst = "FCompare">   --->   Core 19 'FCompare' <Latency = 1> <II = 1> <Delay = 1.64> <FuncUnit> <Opcode : 'fcmp'> <InPorts = 2> <OutPorts = 1>

State 52 <SV = 51> <Delay = 2.34>
ST_52 : Operation 568 [5/7] (2.34ns)   --->   "%sum_diff_2 = fadd i32 %sum_diff_1, i32 %height_diff_1" [flood_HLS_base.cpp:141]   --->   Operation 568 'fadd' 'sum_diff_2' <Predicate = (!icmp_ln109 & icmp_ln111 & and_ln139_3)> <Delay = 2.34> <CoreInst = "FAddSub_fulldsp">   --->   Core 18 'FAddSub_fulldsp' <Latency = 6> <II = 1> <Delay = 2.34> <FuncUnit> <Opcode : 'fadd' 'fsub'> <InPorts = 2> <OutPorts = 1>
ST_52 : Operation 569 [1/1] (0.00ns)   --->   "%bitcast_ln145 = bitcast i32 %div9" [flood_HLS_base.cpp:145]   --->   Operation 569 'bitcast' 'bitcast_ln145' <Predicate = (!icmp_ln109 & icmp_ln111)> <Delay = 0.00>
ST_52 : Operation 570 [1/1] (0.00ns)   --->   "%tmp_58 = partselect i8 @_ssdm_op_PartSelect.i8.i32.i32.i32, i32 %bitcast_ln145, i32 23, i32 30" [flood_HLS_base.cpp:145]   --->   Operation 570 'partselect' 'tmp_58' <Predicate = (!icmp_ln109 & icmp_ln111)> <Delay = 0.00>
ST_52 : Operation 571 [1/1] (0.00ns)   --->   "%trunc_ln145 = trunc i32 %bitcast_ln145" [flood_HLS_base.cpp:145]   --->   Operation 571 'trunc' 'trunc_ln145' <Predicate = (!icmp_ln109 & icmp_ln111)> <Delay = 0.00>
ST_52 : Operation 572 [1/1] (0.00ns)   --->   "%bitcast_ln145_1 = bitcast i32 %my_spillage_level_7" [flood_HLS_base.cpp:145]   --->   Operation 572 'bitcast' 'bitcast_ln145_1' <Predicate = (!icmp_ln109 & icmp_ln111)> <Delay = 0.00>
ST_52 : Operation 573 [1/1] (0.00ns)   --->   "%tmp_59 = partselect i8 @_ssdm_op_PartSelect.i8.i32.i32.i32, i32 %bitcast_ln145_1, i32 23, i32 30" [flood_HLS_base.cpp:145]   --->   Operation 573 'partselect' 'tmp_59' <Predicate = (!icmp_ln109 & icmp_ln111)> <Delay = 0.00>
ST_52 : Operation 574 [1/1] (0.00ns)   --->   "%trunc_ln145_1 = trunc i32 %bitcast_ln145_1" [flood_HLS_base.cpp:145]   --->   Operation 574 'trunc' 'trunc_ln145_1' <Predicate = (!icmp_ln109 & icmp_ln111)> <Delay = 0.00>
ST_52 : Operation 575 [1/1] (0.70ns)   --->   "%icmp_ln145 = icmp_ne  i8 %tmp_58, i8 255" [flood_HLS_base.cpp:145]   --->   Operation 575 'icmp' 'icmp_ln145' <Predicate = (!icmp_ln109 & icmp_ln111)> <Delay = 0.70> <CoreInst = "Cmp">   --->   Core 9 'Cmp' <Latency = 0> <II = 1> <Delay = 0.70> <FuncUnit> <Opcode : 'seteq' 'setne' 'setle' 'setge' 'setlt' 'setgt'> <InPorts = 2> <OutPorts = 1>
ST_52 : Operation 576 [1/1] (0.82ns)   --->   "%icmp_ln145_1 = icmp_eq  i23 %trunc_ln145, i23 0" [flood_HLS_base.cpp:145]   --->   Operation 576 'icmp' 'icmp_ln145_1' <Predicate = (!icmp_ln109 & icmp_ln111)> <Delay = 0.82> <CoreInst = "Cmp">   --->   Core 9 'Cmp' <Latency = 0> <II = 1> <Delay = 0.82> <FuncUnit> <Opcode : 'seteq' 'setne' 'setle' 'setge' 'setlt' 'setgt'> <InPorts = 2> <OutPorts = 1>
ST_52 : Operation 577 [1/1] (0.00ns) (grouped into LUT with out node and_ln145_1)   --->   "%or_ln145 = or i1 %icmp_ln145_1, i1 %icmp_ln145" [flood_HLS_base.cpp:145]   --->   Operation 577 'or' 'or_ln145' <Predicate = (!icmp_ln109 & icmp_ln111)> <Delay = 0.00> <CoreInst = "LogicGate">   --->   Core 74 'LogicGate' <Latency = 0> <II = 1> <Delay = 0.12> <FuncUnit> <Opcode : 'and' 'or' 'xor'> <InPorts = 2> <OutPorts = 1>
ST_52 : Operation 578 [1/1] (0.70ns)   --->   "%icmp_ln145_2 = icmp_ne  i8 %tmp_59, i8 255" [flood_HLS_base.cpp:145]   --->   Operation 578 'icmp' 'icmp_ln145_2' <Predicate = (!icmp_ln109 & icmp_ln111)> <Delay = 0.70> <CoreInst = "Cmp">   --->   Core 9 'Cmp' <Latency = 0> <II = 1> <Delay = 0.70> <FuncUnit> <Opcode : 'seteq' 'setne' 'setle' 'setge' 'setlt' 'setgt'> <InPorts = 2> <OutPorts = 1>
ST_52 : Operation 579 [1/1] (0.82ns)   --->   "%icmp_ln145_3 = icmp_eq  i23 %trunc_ln145_1, i23 0" [flood_HLS_base.cpp:145]   --->   Operation 579 'icmp' 'icmp_ln145_3' <Predicate = (!icmp_ln109 & icmp_ln111)> <Delay = 0.82> <CoreInst = "Cmp">   --->   Core 9 'Cmp' <Latency = 0> <II = 1> <Delay = 0.82> <FuncUnit> <Opcode : 'seteq' 'setne' 'setle' 'setge' 'setlt' 'setgt'> <InPorts = 2> <OutPorts = 1>
ST_52 : Operation 580 [1/1] (0.00ns) (grouped into LUT with out node and_ln145_1)   --->   "%or_ln145_1 = or i1 %icmp_ln145_3, i1 %icmp_ln145_2" [flood_HLS_base.cpp:145]   --->   Operation 580 'or' 'or_ln145_1' <Predicate = (!icmp_ln109 & icmp_ln111)> <Delay = 0.00> <CoreInst = "LogicGate">   --->   Core 74 'LogicGate' <Latency = 0> <II = 1> <Delay = 0.12> <FuncUnit> <Opcode : 'and' 'or' 'xor'> <InPorts = 2> <OutPorts = 1>
ST_52 : Operation 581 [1/2] (1.64ns)   --->   "%tmp_61 = fcmp_olt  i32 %div9, i32 %my_spillage_level_7" [flood_HLS_base.cpp:145]   --->   Operation 581 'fcmp' 'tmp_61' <Predicate = (!icmp_ln109 & icmp_ln111)> <Delay = 1.64> <CoreInst = "FCompare">   --->   Core 19 'FCompare' <Latency = 1> <II = 1> <Delay = 1.64> <FuncUnit> <Opcode : 'fcmp'> <InPorts = 2> <OutPorts = 1>
ST_52 : Operation 582 [1/1] (0.00ns) (grouped into LUT with out node and_ln145_1)   --->   "%and_ln145 = and i1 %tmp_61, i1 %or_ln145" [flood_HLS_base.cpp:145]   --->   Operation 582 'and' 'and_ln145' <Predicate = (!icmp_ln109 & icmp_ln111)> <Delay = 0.00> <CoreInst = "LogicGate">   --->   Core 74 'LogicGate' <Latency = 0> <II = 1> <Delay = 0.12> <FuncUnit> <Opcode : 'and' 'or' 'xor'> <InPorts = 2> <OutPorts = 1>
ST_52 : Operation 583 [1/1] (0.12ns) (out node of the LUT)   --->   "%and_ln145_1 = and i1 %and_ln145, i1 %or_ln145_1" [flood_HLS_base.cpp:145]   --->   Operation 583 'and' 'and_ln145_1' <Predicate = (!icmp_ln109 & icmp_ln111)> <Delay = 0.12> <CoreInst = "LogicGate">   --->   Core 74 'LogicGate' <Latency = 0> <II = 1> <Delay = 0.12> <FuncUnit> <Opcode : 'and' 'or' 'xor'> <InPorts = 2> <OutPorts = 1>
ST_52 : Operation 584 [1/1] (0.22ns) (out node of the LUT)   --->   "%my_spillage_level_8 = select i1 %and_ln145_1, i32 %div9, i32 %my_spillage_level_7" [flood_HLS_base.cpp:145]   --->   Operation 584 'select' 'my_spillage_level_8' <Predicate = (!icmp_ln109 & icmp_ln111)> <Delay = 0.22> <CoreInst = "Sel">   --->   Core 73 'Sel' <Latency = 0> <II = 1> <Delay = 0.22> <FuncUnit> <Opcode : 'select'> <InPorts = 3> <OutPorts = 1>

State 53 <SV = 52> <Delay = 2.34>
ST_53 : Operation 585 [4/7] (2.34ns)   --->   "%sum_diff_2 = fadd i32 %sum_diff_1, i32 %height_diff_1" [flood_HLS_base.cpp:141]   --->   Operation 585 'fadd' 'sum_diff_2' <Predicate = (!icmp_ln109 & icmp_ln111 & and_ln139_3)> <Delay = 2.34> <CoreInst = "FAddSub_fulldsp">   --->   Core 18 'FAddSub_fulldsp' <Latency = 6> <II = 1> <Delay = 2.34> <FuncUnit> <Opcode : 'fadd' 'fsub'> <InPorts = 2> <OutPorts = 1>

State 54 <SV = 53> <Delay = 2.34>
ST_54 : Operation 586 [3/7] (2.34ns)   --->   "%sum_diff_2 = fadd i32 %sum_diff_1, i32 %height_diff_1" [flood_HLS_base.cpp:141]   --->   Operation 586 'fadd' 'sum_diff_2' <Predicate = (!icmp_ln109 & icmp_ln111 & and_ln139_3)> <Delay = 2.34> <CoreInst = "FAddSub_fulldsp">   --->   Core 18 'FAddSub_fulldsp' <Latency = 6> <II = 1> <Delay = 2.34> <FuncUnit> <Opcode : 'fadd' 'fsub'> <InPorts = 2> <OutPorts = 1>

State 55 <SV = 54> <Delay = 2.34>
ST_55 : Operation 587 [2/7] (2.34ns)   --->   "%sum_diff_2 = fadd i32 %sum_diff_1, i32 %height_diff_1" [flood_HLS_base.cpp:141]   --->   Operation 587 'fadd' 'sum_diff_2' <Predicate = (!icmp_ln109 & icmp_ln111 & and_ln139_3)> <Delay = 2.34> <CoreInst = "FAddSub_fulldsp">   --->   Core 18 'FAddSub_fulldsp' <Latency = 6> <II = 1> <Delay = 2.34> <FuncUnit> <Opcode : 'fadd' 'fsub'> <InPorts = 2> <OutPorts = 1>

State 56 <SV = 55> <Delay = 2.56>
ST_56 : Operation 588 [1/7] (2.34ns)   --->   "%sum_diff_2 = fadd i32 %sum_diff_1, i32 %height_diff_1" [flood_HLS_base.cpp:141]   --->   Operation 588 'fadd' 'sum_diff_2' <Predicate = (!icmp_ln109 & icmp_ln111 & and_ln139_3)> <Delay = 2.34> <CoreInst = "FAddSub_fulldsp">   --->   Core 18 'FAddSub_fulldsp' <Latency = 6> <II = 1> <Delay = 2.34> <FuncUnit> <Opcode : 'fadd' 'fsub'> <InPorts = 2> <OutPorts = 1>
ST_56 : Operation 589 [1/1] (0.22ns)   --->   "%sum_diff_3 = select i1 %and_ln139_3, i32 %sum_diff_2, i32 %sum_diff_1" [flood_HLS_base.cpp:139]   --->   Operation 589 'select' 'sum_diff_3' <Predicate = (!icmp_ln109 & icmp_ln111)> <Delay = 0.22> <CoreInst = "Sel">   --->   Core 73 'Sel' <Latency = 0> <II = 1> <Delay = 0.22> <FuncUnit> <Opcode : 'select'> <InPorts = 3> <OutPorts = 1>

State 57 <SV = 56> <Delay = 2.34>
ST_57 : Operation 590 [7/7] (2.34ns)   --->   "%sum_diff_4 = fadd i32 %sum_diff_3, i32 %height_diff_2" [flood_HLS_base.cpp:141]   --->   Operation 590 'fadd' 'sum_diff_4' <Predicate = (!icmp_ln109 & icmp_ln111 & and_ln139_5)> <Delay = 2.34> <CoreInst = "FAddSub_fulldsp">   --->   Core 18 'FAddSub_fulldsp' <Latency = 6> <II = 1> <Delay = 2.34> <FuncUnit> <Opcode : 'fadd' 'fsub'> <InPorts = 2> <OutPorts = 1>

State 58 <SV = 57> <Delay = 2.34>
ST_58 : Operation 591 [6/7] (2.34ns)   --->   "%sum_diff_4 = fadd i32 %sum_diff_3, i32 %height_diff_2" [flood_HLS_base.cpp:141]   --->   Operation 591 'fadd' 'sum_diff_4' <Predicate = (!icmp_ln109 & icmp_ln111 & and_ln139_5)> <Delay = 2.34> <CoreInst = "FAddSub_fulldsp">   --->   Core 18 'FAddSub_fulldsp' <Latency = 6> <II = 1> <Delay = 2.34> <FuncUnit> <Opcode : 'fadd' 'fsub'> <InPorts = 2> <OutPorts = 1>

State 59 <SV = 58> <Delay = 2.34>
ST_59 : Operation 592 [5/7] (2.34ns)   --->   "%sum_diff_4 = fadd i32 %sum_diff_3, i32 %height_diff_2" [flood_HLS_base.cpp:141]   --->   Operation 592 'fadd' 'sum_diff_4' <Predicate = (!icmp_ln109 & icmp_ln111 & and_ln139_5)> <Delay = 2.34> <CoreInst = "FAddSub_fulldsp">   --->   Core 18 'FAddSub_fulldsp' <Latency = 6> <II = 1> <Delay = 2.34> <FuncUnit> <Opcode : 'fadd' 'fsub'> <InPorts = 2> <OutPorts = 1>

State 60 <SV = 59> <Delay = 2.34>
ST_60 : Operation 593 [4/7] (2.34ns)   --->   "%sum_diff_4 = fadd i32 %sum_diff_3, i32 %height_diff_2" [flood_HLS_base.cpp:141]   --->   Operation 593 'fadd' 'sum_diff_4' <Predicate = (!icmp_ln109 & icmp_ln111 & and_ln139_5)> <Delay = 2.34> <CoreInst = "FAddSub_fulldsp">   --->   Core 18 'FAddSub_fulldsp' <Latency = 6> <II = 1> <Delay = 2.34> <FuncUnit> <Opcode : 'fadd' 'fsub'> <InPorts = 2> <OutPorts = 1>

State 61 <SV = 60> <Delay = 2.34>
ST_61 : Operation 594 [3/7] (2.34ns)   --->   "%sum_diff_4 = fadd i32 %sum_diff_3, i32 %height_diff_2" [flood_HLS_base.cpp:141]   --->   Operation 594 'fadd' 'sum_diff_4' <Predicate = (!icmp_ln109 & icmp_ln111 & and_ln139_5)> <Delay = 2.34> <CoreInst = "FAddSub_fulldsp">   --->   Core 18 'FAddSub_fulldsp' <Latency = 6> <II = 1> <Delay = 2.34> <FuncUnit> <Opcode : 'fadd' 'fsub'> <InPorts = 2> <OutPorts = 1>

State 62 <SV = 61> <Delay = 2.34>
ST_62 : Operation 595 [2/7] (2.34ns)   --->   "%sum_diff_4 = fadd i32 %sum_diff_3, i32 %height_diff_2" [flood_HLS_base.cpp:141]   --->   Operation 595 'fadd' 'sum_diff_4' <Predicate = (!icmp_ln109 & icmp_ln111 & and_ln139_5)> <Delay = 2.34> <CoreInst = "FAddSub_fulldsp">   --->   Core 18 'FAddSub_fulldsp' <Latency = 6> <II = 1> <Delay = 2.34> <FuncUnit> <Opcode : 'fadd' 'fsub'> <InPorts = 2> <OutPorts = 1>

State 63 <SV = 62> <Delay = 2.56>
ST_63 : Operation 596 [1/7] (2.34ns)   --->   "%sum_diff_4 = fadd i32 %sum_diff_3, i32 %height_diff_2" [flood_HLS_base.cpp:141]   --->   Operation 596 'fadd' 'sum_diff_4' <Predicate = (!icmp_ln109 & icmp_ln111 & and_ln139_5)> <Delay = 2.34> <CoreInst = "FAddSub_fulldsp">   --->   Core 18 'FAddSub_fulldsp' <Latency = 6> <II = 1> <Delay = 2.34> <FuncUnit> <Opcode : 'fadd' 'fsub'> <InPorts = 2> <OutPorts = 1>
ST_63 : Operation 597 [1/1] (0.22ns)   --->   "%sum_diff_5 = select i1 %and_ln139_5, i32 %sum_diff_4, i32 %sum_diff_3" [flood_HLS_base.cpp:139]   --->   Operation 597 'select' 'sum_diff_5' <Predicate = (!icmp_ln109 & icmp_ln111)> <Delay = 0.22> <CoreInst = "Sel">   --->   Core 73 'Sel' <Latency = 0> <II = 1> <Delay = 0.22> <FuncUnit> <Opcode : 'select'> <InPorts = 3> <OutPorts = 1>

State 64 <SV = 63> <Delay = 2.34>
ST_64 : Operation 598 [7/7] (2.34ns)   --->   "%sum_diff_6 = fadd i32 %sum_diff_5, i32 %height_diff_3" [flood_HLS_base.cpp:141]   --->   Operation 598 'fadd' 'sum_diff_6' <Predicate = (!icmp_ln109 & icmp_ln111 & and_ln139_7)> <Delay = 2.34> <CoreInst = "FAddSub_fulldsp">   --->   Core 18 'FAddSub_fulldsp' <Latency = 6> <II = 1> <Delay = 2.34> <FuncUnit> <Opcode : 'fadd' 'fsub'> <InPorts = 2> <OutPorts = 1>

State 65 <SV = 64> <Delay = 2.34>
ST_65 : Operation 599 [6/7] (2.34ns)   --->   "%sum_diff_6 = fadd i32 %sum_diff_5, i32 %height_diff_3" [flood_HLS_base.cpp:141]   --->   Operation 599 'fadd' 'sum_diff_6' <Predicate = (!icmp_ln109 & icmp_ln111 & and_ln139_7)> <Delay = 2.34> <CoreInst = "FAddSub_fulldsp">   --->   Core 18 'FAddSub_fulldsp' <Latency = 6> <II = 1> <Delay = 2.34> <FuncUnit> <Opcode : 'fadd' 'fsub'> <InPorts = 2> <OutPorts = 1>

State 66 <SV = 65> <Delay = 2.34>
ST_66 : Operation 600 [5/7] (2.34ns)   --->   "%sum_diff_6 = fadd i32 %sum_diff_5, i32 %height_diff_3" [flood_HLS_base.cpp:141]   --->   Operation 600 'fadd' 'sum_diff_6' <Predicate = (!icmp_ln109 & icmp_ln111 & and_ln139_7)> <Delay = 2.34> <CoreInst = "FAddSub_fulldsp">   --->   Core 18 'FAddSub_fulldsp' <Latency = 6> <II = 1> <Delay = 2.34> <FuncUnit> <Opcode : 'fadd' 'fsub'> <InPorts = 2> <OutPorts = 1>

State 67 <SV = 66> <Delay = 2.34>
ST_67 : Operation 601 [4/7] (2.34ns)   --->   "%sum_diff_6 = fadd i32 %sum_diff_5, i32 %height_diff_3" [flood_HLS_base.cpp:141]   --->   Operation 601 'fadd' 'sum_diff_6' <Predicate = (!icmp_ln109 & icmp_ln111 & and_ln139_7)> <Delay = 2.34> <CoreInst = "FAddSub_fulldsp">   --->   Core 18 'FAddSub_fulldsp' <Latency = 6> <II = 1> <Delay = 2.34> <FuncUnit> <Opcode : 'fadd' 'fsub'> <InPorts = 2> <OutPorts = 1>

State 68 <SV = 67> <Delay = 2.34>
ST_68 : Operation 602 [3/7] (2.34ns)   --->   "%sum_diff_6 = fadd i32 %sum_diff_5, i32 %height_diff_3" [flood_HLS_base.cpp:141]   --->   Operation 602 'fadd' 'sum_diff_6' <Predicate = (!icmp_ln109 & icmp_ln111 & and_ln139_7)> <Delay = 2.34> <CoreInst = "FAddSub_fulldsp">   --->   Core 18 'FAddSub_fulldsp' <Latency = 6> <II = 1> <Delay = 2.34> <FuncUnit> <Opcode : 'fadd' 'fsub'> <InPorts = 2> <OutPorts = 1>

State 69 <SV = 68> <Delay = 2.34>
ST_69 : Operation 603 [2/7] (2.34ns)   --->   "%sum_diff_6 = fadd i32 %sum_diff_5, i32 %height_diff_3" [flood_HLS_base.cpp:141]   --->   Operation 603 'fadd' 'sum_diff_6' <Predicate = (!icmp_ln109 & icmp_ln111 & and_ln139_7)> <Delay = 2.34> <CoreInst = "FAddSub_fulldsp">   --->   Core 18 'FAddSub_fulldsp' <Latency = 6> <II = 1> <Delay = 2.34> <FuncUnit> <Opcode : 'fadd' 'fsub'> <InPorts = 2> <OutPorts = 1>

State 70 <SV = 69> <Delay = 2.56>
ST_70 : Operation 604 [1/7] (2.34ns)   --->   "%sum_diff_6 = fadd i32 %sum_diff_5, i32 %height_diff_3" [flood_HLS_base.cpp:141]   --->   Operation 604 'fadd' 'sum_diff_6' <Predicate = (!icmp_ln109 & icmp_ln111 & and_ln139_7)> <Delay = 2.34> <CoreInst = "FAddSub_fulldsp">   --->   Core 18 'FAddSub_fulldsp' <Latency = 6> <II = 1> <Delay = 2.34> <FuncUnit> <Opcode : 'fadd' 'fsub'> <InPorts = 2> <OutPorts = 1>
ST_70 : Operation 605 [1/1] (0.22ns)   --->   "%sum_diff_7 = select i1 %and_ln139_7, i32 %sum_diff_6, i32 %sum_diff_5" [flood_HLS_base.cpp:139]   --->   Operation 605 'select' 'sum_diff_7' <Predicate = (!icmp_ln109 & icmp_ln111)> <Delay = 0.22> <CoreInst = "Sel">   --->   Core 73 'Sel' <Latency = 0> <II = 1> <Delay = 0.22> <FuncUnit> <Opcode : 'select'> <InPorts = 3> <OutPorts = 1>

State 71 <SV = 70> <Delay = 1.64>
ST_71 : Operation 606 [2/2] (1.64ns)   --->   "%tmp_63 = fcmp_ogt  i32 %sum_diff_7, i32 0" [flood_HLS_base.cpp:148]   --->   Operation 606 'fcmp' 'tmp_63' <Predicate = (!icmp_ln109 & icmp_ln111)> <Delay = 1.64> <CoreInst = "FCompare">   --->   Core 19 'FCompare' <Latency = 1> <II = 1> <Delay = 1.64> <FuncUnit> <Opcode : 'fcmp'> <InPorts = 2> <OutPorts = 1>

State 72 <SV = 71> <Delay = 1.77>
ST_72 : Operation 607 [1/1] (0.00ns)   --->   "%bitcast_ln148 = bitcast i32 %sum_diff_7" [flood_HLS_base.cpp:148]   --->   Operation 607 'bitcast' 'bitcast_ln148' <Predicate = (!icmp_ln109 & icmp_ln111)> <Delay = 0.00>
ST_72 : Operation 608 [1/1] (0.00ns)   --->   "%tmp_62 = partselect i8 @_ssdm_op_PartSelect.i8.i32.i32.i32, i32 %bitcast_ln148, i32 23, i32 30" [flood_HLS_base.cpp:148]   --->   Operation 608 'partselect' 'tmp_62' <Predicate = (!icmp_ln109 & icmp_ln111)> <Delay = 0.00>
ST_72 : Operation 609 [1/1] (0.00ns)   --->   "%trunc_ln148 = trunc i32 %bitcast_ln148" [flood_HLS_base.cpp:148]   --->   Operation 609 'trunc' 'trunc_ln148' <Predicate = (!icmp_ln109 & icmp_ln111)> <Delay = 0.00>
ST_72 : Operation 610 [1/1] (0.70ns)   --->   "%icmp_ln148 = icmp_ne  i8 %tmp_62, i8 255" [flood_HLS_base.cpp:148]   --->   Operation 610 'icmp' 'icmp_ln148' <Predicate = (!icmp_ln109 & icmp_ln111)> <Delay = 0.70> <CoreInst = "Cmp">   --->   Core 9 'Cmp' <Latency = 0> <II = 1> <Delay = 0.70> <FuncUnit> <Opcode : 'seteq' 'setne' 'setle' 'setge' 'setlt' 'setgt'> <InPorts = 2> <OutPorts = 1>
ST_72 : Operation 611 [1/1] (0.82ns)   --->   "%icmp_ln148_1 = icmp_eq  i23 %trunc_ln148, i23 0" [flood_HLS_base.cpp:148]   --->   Operation 611 'icmp' 'icmp_ln148_1' <Predicate = (!icmp_ln109 & icmp_ln111)> <Delay = 0.82> <CoreInst = "Cmp">   --->   Core 9 'Cmp' <Latency = 0> <II = 1> <Delay = 0.82> <FuncUnit> <Opcode : 'seteq' 'setne' 'setle' 'setge' 'setlt' 'setgt'> <InPorts = 2> <OutPorts = 1>
ST_72 : Operation 612 [1/1] (0.00ns) (grouped into LUT with out node and_ln148)   --->   "%or_ln148 = or i1 %icmp_ln148_1, i1 %icmp_ln148" [flood_HLS_base.cpp:148]   --->   Operation 612 'or' 'or_ln148' <Predicate = (!icmp_ln109 & icmp_ln111)> <Delay = 0.00> <CoreInst = "LogicGate">   --->   Core 74 'LogicGate' <Latency = 0> <II = 1> <Delay = 0.12> <FuncUnit> <Opcode : 'and' 'or' 'xor'> <InPorts = 2> <OutPorts = 1>
ST_72 : Operation 613 [1/2] (1.64ns)   --->   "%tmp_63 = fcmp_ogt  i32 %sum_diff_7, i32 0" [flood_HLS_base.cpp:148]   --->   Operation 613 'fcmp' 'tmp_63' <Predicate = (!icmp_ln109 & icmp_ln111)> <Delay = 1.64> <CoreInst = "FCompare">   --->   Core 19 'FCompare' <Latency = 1> <II = 1> <Delay = 1.64> <FuncUnit> <Opcode : 'fcmp'> <InPorts = 2> <OutPorts = 1>
ST_72 : Operation 614 [1/1] (0.12ns) (out node of the LUT)   --->   "%and_ln148 = and i1 %or_ln148, i1 %tmp_63" [flood_HLS_base.cpp:148]   --->   Operation 614 'and' 'and_ln148' <Predicate = (!icmp_ln109 & icmp_ln111)> <Delay = 0.12> <CoreInst = "LogicGate">   --->   Core 74 'LogicGate' <Latency = 0> <II = 1> <Delay = 0.12> <FuncUnit> <Opcode : 'and' 'or' 'xor'> <InPorts = 2> <OutPorts = 1>
ST_72 : Operation 615 [1/1] (0.00ns)   --->   "%br_ln148 = br i1 %and_ln148, void %for.inc416, void %if.then336" [flood_HLS_base.cpp:148]   --->   Operation 615 'br' 'br_ln148' <Predicate = (!icmp_ln109 & icmp_ln111)> <Delay = 0.00>

State 73 <SV = 72> <Delay = 0.00>

State 74 <SV = 73> <Delay = 2.32>
ST_74 : Operation 616 [12/12] (2.32ns)   --->   "%proportion = fdiv i32 %my_spillage_level_8, i32 %sum_diff_7" [flood_HLS_base.cpp:149]   --->   Operation 616 'fdiv' 'proportion' <Predicate = (!icmp_ln109 & icmp_ln111 & and_ln148)> <Delay = 2.32> <CoreInst = "FDiv">   --->   Core 20 'FDiv' <Latency = 11> <II = 1> <Delay = 2.32> <FuncUnit> <Opcode : 'fdiv' 'frem'> <InPorts = 2> <OutPorts = 1>

State 75 <SV = 74> <Delay = 2.32>
ST_75 : Operation 617 [11/12] (2.32ns)   --->   "%proportion = fdiv i32 %my_spillage_level_8, i32 %sum_diff_7" [flood_HLS_base.cpp:149]   --->   Operation 617 'fdiv' 'proportion' <Predicate = (!icmp_ln109 & icmp_ln111 & and_ln148)> <Delay = 2.32> <CoreInst = "FDiv">   --->   Core 20 'FDiv' <Latency = 11> <II = 1> <Delay = 2.32> <FuncUnit> <Opcode : 'fdiv' 'frem'> <InPorts = 2> <OutPorts = 1>

State 76 <SV = 75> <Delay = 2.32>
ST_76 : Operation 618 [10/12] (2.32ns)   --->   "%proportion = fdiv i32 %my_spillage_level_8, i32 %sum_diff_7" [flood_HLS_base.cpp:149]   --->   Operation 618 'fdiv' 'proportion' <Predicate = (!icmp_ln109 & icmp_ln111 & and_ln148)> <Delay = 2.32> <CoreInst = "FDiv">   --->   Core 20 'FDiv' <Latency = 11> <II = 1> <Delay = 2.32> <FuncUnit> <Opcode : 'fdiv' 'frem'> <InPorts = 2> <OutPorts = 1>

State 77 <SV = 76> <Delay = 2.32>
ST_77 : Operation 619 [9/12] (2.32ns)   --->   "%proportion = fdiv i32 %my_spillage_level_8, i32 %sum_diff_7" [flood_HLS_base.cpp:149]   --->   Operation 619 'fdiv' 'proportion' <Predicate = (!icmp_ln109 & icmp_ln111 & and_ln148)> <Delay = 2.32> <CoreInst = "FDiv">   --->   Core 20 'FDiv' <Latency = 11> <II = 1> <Delay = 2.32> <FuncUnit> <Opcode : 'fdiv' 'frem'> <InPorts = 2> <OutPorts = 1>

State 78 <SV = 77> <Delay = 2.32>
ST_78 : Operation 620 [8/12] (2.32ns)   --->   "%proportion = fdiv i32 %my_spillage_level_8, i32 %sum_diff_7" [flood_HLS_base.cpp:149]   --->   Operation 620 'fdiv' 'proportion' <Predicate = (!icmp_ln109 & icmp_ln111 & and_ln148)> <Delay = 2.32> <CoreInst = "FDiv">   --->   Core 20 'FDiv' <Latency = 11> <II = 1> <Delay = 2.32> <FuncUnit> <Opcode : 'fdiv' 'frem'> <InPorts = 2> <OutPorts = 1>

State 79 <SV = 78> <Delay = 2.32>
ST_79 : Operation 621 [7/12] (2.32ns)   --->   "%proportion = fdiv i32 %my_spillage_level_8, i32 %sum_diff_7" [flood_HLS_base.cpp:149]   --->   Operation 621 'fdiv' 'proportion' <Predicate = (!icmp_ln109 & icmp_ln111 & and_ln148)> <Delay = 2.32> <CoreInst = "FDiv">   --->   Core 20 'FDiv' <Latency = 11> <II = 1> <Delay = 2.32> <FuncUnit> <Opcode : 'fdiv' 'frem'> <InPorts = 2> <OutPorts = 1>

State 80 <SV = 79> <Delay = 2.32>
ST_80 : Operation 622 [6/12] (2.32ns)   --->   "%proportion = fdiv i32 %my_spillage_level_8, i32 %sum_diff_7" [flood_HLS_base.cpp:149]   --->   Operation 622 'fdiv' 'proportion' <Predicate = (!icmp_ln109 & icmp_ln111 & and_ln148)> <Delay = 2.32> <CoreInst = "FDiv">   --->   Core 20 'FDiv' <Latency = 11> <II = 1> <Delay = 2.32> <FuncUnit> <Opcode : 'fdiv' 'frem'> <InPorts = 2> <OutPorts = 1>

State 81 <SV = 80> <Delay = 2.32>
ST_81 : Operation 623 [5/12] (2.32ns)   --->   "%proportion = fdiv i32 %my_spillage_level_8, i32 %sum_diff_7" [flood_HLS_base.cpp:149]   --->   Operation 623 'fdiv' 'proportion' <Predicate = (!icmp_ln109 & icmp_ln111 & and_ln148)> <Delay = 2.32> <CoreInst = "FDiv">   --->   Core 20 'FDiv' <Latency = 11> <II = 1> <Delay = 2.32> <FuncUnit> <Opcode : 'fdiv' 'frem'> <InPorts = 2> <OutPorts = 1>

State 82 <SV = 81> <Delay = 2.32>
ST_82 : Operation 624 [4/12] (2.32ns)   --->   "%proportion = fdiv i32 %my_spillage_level_8, i32 %sum_diff_7" [flood_HLS_base.cpp:149]   --->   Operation 624 'fdiv' 'proportion' <Predicate = (!icmp_ln109 & icmp_ln111 & and_ln148)> <Delay = 2.32> <CoreInst = "FDiv">   --->   Core 20 'FDiv' <Latency = 11> <II = 1> <Delay = 2.32> <FuncUnit> <Opcode : 'fdiv' 'frem'> <InPorts = 2> <OutPorts = 1>

State 83 <SV = 82> <Delay = 2.32>
ST_83 : Operation 625 [3/12] (2.32ns)   --->   "%proportion = fdiv i32 %my_spillage_level_8, i32 %sum_diff_7" [flood_HLS_base.cpp:149]   --->   Operation 625 'fdiv' 'proportion' <Predicate = (!icmp_ln109 & icmp_ln111 & and_ln148)> <Delay = 2.32> <CoreInst = "FDiv">   --->   Core 20 'FDiv' <Latency = 11> <II = 1> <Delay = 2.32> <FuncUnit> <Opcode : 'fdiv' 'frem'> <InPorts = 2> <OutPorts = 1>

State 84 <SV = 83> <Delay = 2.32>
ST_84 : Operation 626 [2/12] (2.32ns)   --->   "%proportion = fdiv i32 %my_spillage_level_8, i32 %sum_diff_7" [flood_HLS_base.cpp:149]   --->   Operation 626 'fdiv' 'proportion' <Predicate = (!icmp_ln109 & icmp_ln111 & and_ln148)> <Delay = 2.32> <CoreInst = "FDiv">   --->   Core 20 'FDiv' <Latency = 11> <II = 1> <Delay = 2.32> <FuncUnit> <Opcode : 'fdiv' 'frem'> <InPorts = 2> <OutPorts = 1>

State 85 <SV = 84> <Delay = 2.32>
ST_85 : Operation 627 [1/12] (2.32ns)   --->   "%proportion = fdiv i32 %my_spillage_level_8, i32 %sum_diff_7" [flood_HLS_base.cpp:149]   --->   Operation 627 'fdiv' 'proportion' <Predicate = (!icmp_ln109 & icmp_ln111 & and_ln148)> <Delay = 2.32> <CoreInst = "FDiv">   --->   Core 20 'FDiv' <Latency = 11> <II = 1> <Delay = 2.32> <FuncUnit> <Opcode : 'fdiv' 'frem'> <InPorts = 2> <OutPorts = 1>

State 86 <SV = 85> <Delay = 1.54>
ST_86 : Operation 628 [2/2] (1.54ns)   --->   "%conv6 = fpext i32 %proportion" [flood_HLS_base.cpp:151]   --->   Operation 628 'fpext' 'conv6' <Predicate = (!icmp_ln109 & icmp_ln111 & and_ln148)> <Delay = 1.54> <CoreInst = "Float2Double">   --->   Core 64 'Float2Double' <Latency = 1> <II = 1> <Delay = 1.54> <FuncUnit> <Opcode : 'fpext'> <InPorts = 1> <OutPorts = 1>

State 87 <SV = 86> <Delay = 1.54>
ST_87 : Operation 629 [1/2] (1.54ns)   --->   "%conv6 = fpext i32 %proportion" [flood_HLS_base.cpp:151]   --->   Operation 629 'fpext' 'conv6' <Predicate = (!icmp_ln109 & icmp_ln111 & and_ln148)> <Delay = 1.54> <CoreInst = "Float2Double">   --->   Core 64 'Float2Double' <Latency = 1> <II = 1> <Delay = 1.54> <FuncUnit> <Opcode : 'fpext'> <InPorts = 1> <OutPorts = 1>

State 88 <SV = 87> <Delay = 2.01>
ST_88 : Operation 630 [1/1] (0.00ns)   --->   "%bitcast_ln151 = bitcast i64 %conv6" [flood_HLS_base.cpp:151]   --->   Operation 630 'bitcast' 'bitcast_ln151' <Predicate = (!icmp_ln109 & icmp_ln111 & and_ln148)> <Delay = 0.00>
ST_88 : Operation 631 [1/1] (0.00ns)   --->   "%tmp_64 = partselect i11 @_ssdm_op_PartSelect.i11.i64.i32.i32, i64 %bitcast_ln151, i32 52, i32 62" [flood_HLS_base.cpp:151]   --->   Operation 631 'partselect' 'tmp_64' <Predicate = (!icmp_ln109 & icmp_ln111 & and_ln148)> <Delay = 0.00>
ST_88 : Operation 632 [1/1] (0.00ns)   --->   "%trunc_ln151 = trunc i64 %bitcast_ln151" [flood_HLS_base.cpp:151]   --->   Operation 632 'trunc' 'trunc_ln151' <Predicate = (!icmp_ln109 & icmp_ln111 & and_ln148)> <Delay = 0.00>
ST_88 : Operation 633 [1/1] (0.73ns)   --->   "%icmp_ln151 = icmp_ne  i11 %tmp_64, i11 2047" [flood_HLS_base.cpp:151]   --->   Operation 633 'icmp' 'icmp_ln151' <Predicate = (!icmp_ln109 & icmp_ln111 & and_ln148)> <Delay = 0.73> <CoreInst = "Cmp">   --->   Core 9 'Cmp' <Latency = 0> <II = 1> <Delay = 0.73> <FuncUnit> <Opcode : 'seteq' 'setne' 'setle' 'setge' 'setlt' 'setgt'> <InPorts = 2> <OutPorts = 1>
ST_88 : Operation 634 [1/1] (0.98ns)   --->   "%icmp_ln151_1 = icmp_eq  i52 %trunc_ln151, i52 0" [flood_HLS_base.cpp:151]   --->   Operation 634 'icmp' 'icmp_ln151_1' <Predicate = (!icmp_ln109 & icmp_ln111 & and_ln148)> <Delay = 0.98> <CoreInst = "Cmp">   --->   Core 9 'Cmp' <Latency = 0> <II = 1> <Delay = 0.98> <FuncUnit> <Opcode : 'seteq' 'setne' 'setle' 'setge' 'setlt' 'setgt'> <InPorts = 2> <OutPorts = 1>
ST_88 : Operation 635 [2/2] (2.01ns)   --->   "%tmp_65 = fcmp_ogt  i64 %conv6, i64 1e-08" [flood_HLS_base.cpp:151]   --->   Operation 635 'dcmp' 'tmp_65' <Predicate = (!icmp_ln109 & icmp_ln111 & and_ln148)> <Delay = 2.01> <CoreInst = "DCompare">   --->   Core 38 'DCompare' <Latency = 1> <II = 1> <Delay = 2.01> <FuncUnit> <Opcode : 'dcmp'> <InPorts = 2> <OutPorts = 1>

State 89 <SV = 88> <Delay = 2.34>
ST_89 : Operation 636 [1/1] (0.00ns) (grouped into LUT with out node and_ln151)   --->   "%or_ln151 = or i1 %icmp_ln151_1, i1 %icmp_ln151" [flood_HLS_base.cpp:151]   --->   Operation 636 'or' 'or_ln151' <Predicate = (!icmp_ln109 & icmp_ln111 & and_ln148)> <Delay = 0.00> <CoreInst = "LogicGate">   --->   Core 74 'LogicGate' <Latency = 0> <II = 1> <Delay = 0.12> <FuncUnit> <Opcode : 'and' 'or' 'xor'> <InPorts = 2> <OutPorts = 1>
ST_89 : Operation 637 [1/2] (2.01ns)   --->   "%tmp_65 = fcmp_ogt  i64 %conv6, i64 1e-08" [flood_HLS_base.cpp:151]   --->   Operation 637 'dcmp' 'tmp_65' <Predicate = (!icmp_ln109 & icmp_ln111 & and_ln148)> <Delay = 2.01> <CoreInst = "DCompare">   --->   Core 38 'DCompare' <Latency = 1> <II = 1> <Delay = 2.01> <FuncUnit> <Opcode : 'dcmp'> <InPorts = 2> <OutPorts = 1>
ST_89 : Operation 638 [1/1] (0.12ns) (out node of the LUT)   --->   "%and_ln151 = and i1 %or_ln151, i1 %tmp_65" [flood_HLS_base.cpp:151]   --->   Operation 638 'and' 'and_ln151' <Predicate = (!icmp_ln109 & icmp_ln111 & and_ln148)> <Delay = 0.12> <CoreInst = "LogicGate">   --->   Core 74 'LogicGate' <Latency = 0> <II = 1> <Delay = 0.12> <FuncUnit> <Opcode : 'and' 'or' 'xor'> <InPorts = 2> <OutPorts = 1>
ST_89 : Operation 639 [1/1] (0.00ns)   --->   "%br_ln151 = br i1 %and_ln151, void %for.inc416, void %VITIS_LOOP_156_12" [flood_HLS_base.cpp:151]   --->   Operation 639 'br' 'br_ln151' <Predicate = (!icmp_ln109 & icmp_ln111 & and_ln148)> <Delay = 0.00>
ST_89 : Operation 640 [1/1] (0.00ns)   --->   "%tmp_67 = partselect i8 @_ssdm_op_PartSelect.i8.i32.i32.i32, i32 %p_ground_load, i32 23, i32 30" [flood_HLS_base.cpp:117]   --->   Operation 640 'partselect' 'tmp_67' <Predicate = (!icmp_ln109 & icmp_ln111 & and_ln148 & and_ln151)> <Delay = 0.00>
ST_89 : Operation 641 [1/1] (0.00ns)   --->   "%empty_77 = trunc i32 %p_ground_load" [flood_HLS_base.cpp:117]   --->   Operation 641 'trunc' 'empty_77' <Predicate = (!icmp_ln109 & icmp_ln111 & and_ln148 & and_ln151)> <Delay = 0.00>
ST_89 : Operation 642 [1/1] (0.70ns)   --->   "%notlhs178 = icmp_ne  i8 %tmp_67, i8 255" [flood_HLS_base.cpp:117]   --->   Operation 642 'icmp' 'notlhs178' <Predicate = (!icmp_ln109 & icmp_ln111 & and_ln148 & and_ln151)> <Delay = 0.70> <CoreInst = "Cmp">   --->   Core 9 'Cmp' <Latency = 0> <II = 1> <Delay = 0.70> <FuncUnit> <Opcode : 'seteq' 'setne' 'setle' 'setge' 'setlt' 'setgt'> <InPorts = 2> <OutPorts = 1>
ST_89 : Operation 643 [1/1] (0.82ns)   --->   "%notrhs179 = icmp_eq  i23 %empty_77, i23 0" [flood_HLS_base.cpp:117]   --->   Operation 643 'icmp' 'notrhs179' <Predicate = (!icmp_ln109 & icmp_ln111 & and_ln148 & and_ln151)> <Delay = 0.82> <CoreInst = "Cmp">   --->   Core 9 'Cmp' <Latency = 0> <II = 1> <Delay = 0.82> <FuncUnit> <Opcode : 'seteq' 'setne' 'setle' 'setge' 'setlt' 'setgt'> <InPorts = 2> <OutPorts = 1>
ST_89 : Operation 644 [7/7] (2.34ns)   --->   "%sub6 = fsub i32 %current_height, i32 %neighbor_height_8" [flood_HLS_base.cpp:117]   --->   Operation 644 'fsub' 'sub6' <Predicate = (!icmp_ln109 & icmp_ln111 & and_ln148 & and_ln151)> <Delay = 2.34> <CoreInst = "FAddSub_fulldsp">   --->   Core 18 'FAddSub_fulldsp' <Latency = 6> <II = 1> <Delay = 2.34> <FuncUnit> <Opcode : 'fadd' 'fsub'> <InPorts = 2> <OutPorts = 1>
ST_89 : Operation 645 [1/1] (0.00ns)   --->   "%br_ln163 = br i1 %empty_72, void %if.else384, void %if.then368" [flood_HLS_base.cpp:163]   --->   Operation 645 'br' 'br_ln163' <Predicate = (!icmp_ln109 & icmp_ln111 & and_ln148 & and_ln151)> <Delay = 0.00>
ST_89 : Operation 646 [2/2] (1.64ns)   --->   "%tmp_70 = fcmp_oge  i32 %current_height, i32 %neighbor_height" [flood_HLS_base.cpp:175]   --->   Operation 646 'fcmp' 'tmp_70' <Predicate = (!icmp_ln109 & icmp_ln111 & and_ln148 & and_ln151 & !empty_72)> <Delay = 1.64> <CoreInst = "FCompare">   --->   Core 19 'FCompare' <Latency = 1> <II = 1> <Delay = 1.64> <FuncUnit> <Opcode : 'fcmp'> <InPorts = 2> <OutPorts = 1>
ST_89 : Operation 647 [1/1] (0.00ns)   --->   "%br_ln163 = br i1 %empty_73, void %if.else384.1, void %if.then368.1" [flood_HLS_base.cpp:163]   --->   Operation 647 'br' 'br_ln163' <Predicate = (!icmp_ln109 & icmp_ln111 & and_ln148 & and_ln151)> <Delay = 0.00>
ST_89 : Operation 648 [2/2] (1.64ns)   --->   "%tmp_73 = fcmp_oge  i32 %current_height, i32 %neighbor_height_2" [flood_HLS_base.cpp:175]   --->   Operation 648 'fcmp' 'tmp_73' <Predicate = (!icmp_ln109 & icmp_ln111 & and_ln148 & and_ln151 & !empty_73)> <Delay = 1.64> <CoreInst = "FCompare">   --->   Core 19 'FCompare' <Latency = 1> <II = 1> <Delay = 1.64> <FuncUnit> <Opcode : 'fcmp'> <InPorts = 2> <OutPorts = 1>
ST_89 : Operation 649 [1/1] (0.00ns)   --->   "%br_ln163 = br i1 %icmp_ln128_1, void %if.else384.3, void %if.then368.3" [flood_HLS_base.cpp:163]   --->   Operation 649 'br' 'br_ln163' <Predicate = (!icmp_ln109 & icmp_ln111 & and_ln148 & and_ln151)> <Delay = 0.00>

State 90 <SV = 89> <Delay = 2.34>
ST_90 : Operation 650 [1/1] (1.24ns)   --->   "%store_ln152 = store i32 1, i13 %spillage_flag_addr" [flood_HLS_base.cpp:152]   --->   Operation 650 'store' 'store_ln152' <Predicate = (!icmp_ln109 & icmp_ln111 & and_ln148 & and_ln151)> <Delay = 1.24> <CoreInst = "RAM">   --->   Core 82 'RAM' <Latency = 1> <II = 1> <Delay = 1.24> <Storage> <Opcode : 'load' 'store'> <Ports = 2> <Width = 32> <Depth = 4800> <RAM>
ST_90 : Operation 651 [1/1] (1.24ns)   --->   "%store_ln153 = store i32 %my_spillage_level_8, i13 %spillage_level_addr" [flood_HLS_base.cpp:153]   --->   Operation 651 'store' 'store_ln153' <Predicate = (!icmp_ln109 & icmp_ln111 & and_ln148 & and_ln151)> <Delay = 1.24> <CoreInst = "RAM">   --->   Core 82 'RAM' <Latency = 1> <II = 1> <Delay = 1.24> <Storage> <Opcode : 'load' 'store'> <Ports = 2> <Width = 32> <Depth = 4800> <RAM>
ST_90 : Operation 652 [6/7] (2.34ns)   --->   "%sub6 = fsub i32 %current_height, i32 %neighbor_height_8" [flood_HLS_base.cpp:117]   --->   Operation 652 'fsub' 'sub6' <Predicate = (!icmp_ln109 & icmp_ln111 & and_ln148 & and_ln151)> <Delay = 2.34> <CoreInst = "FAddSub_fulldsp">   --->   Core 18 'FAddSub_fulldsp' <Latency = 6> <II = 1> <Delay = 2.34> <FuncUnit> <Opcode : 'fadd' 'fsub'> <InPorts = 2> <OutPorts = 1>
ST_90 : Operation 653 [1/1] (0.00ns)   --->   "%bitcast_ln175 = bitcast i32 %neighbor_height" [flood_HLS_base.cpp:175]   --->   Operation 653 'bitcast' 'bitcast_ln175' <Predicate = (!icmp_ln109 & icmp_ln111 & and_ln148 & and_ln151 & !empty_72)> <Delay = 0.00>
ST_90 : Operation 654 [1/1] (0.00ns)   --->   "%tmp_69 = partselect i8 @_ssdm_op_PartSelect.i8.i32.i32.i32, i32 %bitcast_ln175, i32 23, i32 30" [flood_HLS_base.cpp:175]   --->   Operation 654 'partselect' 'tmp_69' <Predicate = (!icmp_ln109 & icmp_ln111 & and_ln148 & and_ln151 & !empty_72)> <Delay = 0.00>
ST_90 : Operation 655 [1/1] (0.00ns)   --->   "%trunc_ln175 = trunc i32 %bitcast_ln175" [flood_HLS_base.cpp:175]   --->   Operation 655 'trunc' 'trunc_ln175' <Predicate = (!icmp_ln109 & icmp_ln111 & and_ln148 & and_ln151 & !empty_72)> <Delay = 0.00>
ST_90 : Operation 656 [1/1] (0.70ns)   --->   "%icmp_ln175 = icmp_ne  i8 %tmp_69, i8 255" [flood_HLS_base.cpp:175]   --->   Operation 656 'icmp' 'icmp_ln175' <Predicate = (!icmp_ln109 & icmp_ln111 & and_ln148 & and_ln151 & !empty_72)> <Delay = 0.70> <CoreInst = "Cmp">   --->   Core 9 'Cmp' <Latency = 0> <II = 1> <Delay = 0.70> <FuncUnit> <Opcode : 'seteq' 'setne' 'setle' 'setge' 'setlt' 'setgt'> <InPorts = 2> <OutPorts = 1>
ST_90 : Operation 657 [1/1] (0.82ns)   --->   "%icmp_ln175_1 = icmp_eq  i23 %trunc_ln175, i23 0" [flood_HLS_base.cpp:175]   --->   Operation 657 'icmp' 'icmp_ln175_1' <Predicate = (!icmp_ln109 & icmp_ln111 & and_ln148 & and_ln151 & !empty_72)> <Delay = 0.82> <CoreInst = "Cmp">   --->   Core 9 'Cmp' <Latency = 0> <II = 1> <Delay = 0.82> <FuncUnit> <Opcode : 'seteq' 'setne' 'setle' 'setge' 'setlt' 'setgt'> <InPorts = 2> <OutPorts = 1>
ST_90 : Operation 658 [1/1] (0.00ns) (grouped into LUT with out node and_ln175_1)   --->   "%or_ln175 = or i1 %icmp_ln175_1, i1 %icmp_ln175" [flood_HLS_base.cpp:175]   --->   Operation 658 'or' 'or_ln175' <Predicate = (!icmp_ln109 & icmp_ln111 & and_ln148 & and_ln151 & !empty_72)> <Delay = 0.00> <CoreInst = "LogicGate">   --->   Core 74 'LogicGate' <Latency = 0> <II = 1> <Delay = 0.12> <FuncUnit> <Opcode : 'and' 'or' 'xor'> <InPorts = 2> <OutPorts = 1>
ST_90 : Operation 659 [1/1] (0.00ns) (grouped into LUT with out node and_ln175_1)   --->   "%and_ln175 = and i1 %or_ln139, i1 %or_ln175" [flood_HLS_base.cpp:175]   --->   Operation 659 'and' 'and_ln175' <Predicate = (!icmp_ln109 & icmp_ln111 & and_ln148 & and_ln151 & !empty_72)> <Delay = 0.00> <CoreInst = "LogicGate">   --->   Core 74 'LogicGate' <Latency = 0> <II = 1> <Delay = 0.12> <FuncUnit> <Opcode : 'and' 'or' 'xor'> <InPorts = 2> <OutPorts = 1>
ST_90 : Operation 660 [1/2] (1.64ns)   --->   "%tmp_70 = fcmp_oge  i32 %current_height, i32 %neighbor_height" [flood_HLS_base.cpp:175]   --->   Operation 660 'fcmp' 'tmp_70' <Predicate = (!icmp_ln109 & icmp_ln111 & and_ln148 & and_ln151 & !empty_72)> <Delay = 1.64> <CoreInst = "FCompare">   --->   Core 19 'FCompare' <Latency = 1> <II = 1> <Delay = 1.64> <FuncUnit> <Opcode : 'fcmp'> <InPorts = 2> <OutPorts = 1>
ST_90 : Operation 661 [1/1] (0.12ns) (out node of the LUT)   --->   "%and_ln175_1 = and i1 %and_ln175, i1 %tmp_70" [flood_HLS_base.cpp:175]   --->   Operation 661 'and' 'and_ln175_1' <Predicate = (!icmp_ln109 & icmp_ln111 & and_ln148 & and_ln151 & !empty_72)> <Delay = 0.12> <CoreInst = "LogicGate">   --->   Core 74 'LogicGate' <Latency = 0> <II = 1> <Delay = 0.12> <FuncUnit> <Opcode : 'and' 'or' 'xor'> <InPorts = 2> <OutPorts = 1>
ST_90 : Operation 662 [1/1] (0.00ns)   --->   "%br_ln175 = br i1 %and_ln175_1, void %if.end408, void %if.then398" [flood_HLS_base.cpp:175]   --->   Operation 662 'br' 'br_ln175' <Predicate = (!icmp_ln109 & icmp_ln111 & and_ln148 & and_ln151 & !empty_72)> <Delay = 0.00>
ST_90 : Operation 663 [7/7] (2.34ns)   --->   "%sub7 = fsub i32 %current_height, i32 %neighbor_height" [flood_HLS_base.cpp:177]   --->   Operation 663 'fsub' 'sub7' <Predicate = (!icmp_ln109 & icmp_ln111 & and_ln148 & and_ln151 & !empty_72 & and_ln175_1)> <Delay = 2.34> <CoreInst = "FAddSub_fulldsp">   --->   Core 18 'FAddSub_fulldsp' <Latency = 6> <II = 1> <Delay = 2.34> <FuncUnit> <Opcode : 'fadd' 'fsub'> <InPorts = 2> <OutPorts = 1>
ST_90 : Operation 664 [1/1] (0.00ns)   --->   "%bitcast_ln175_1 = bitcast i32 %neighbor_height_2" [flood_HLS_base.cpp:175]   --->   Operation 664 'bitcast' 'bitcast_ln175_1' <Predicate = (!icmp_ln109 & icmp_ln111 & and_ln148 & and_ln151 & !empty_73)> <Delay = 0.00>
ST_90 : Operation 665 [1/1] (0.00ns)   --->   "%tmp_72 = partselect i8 @_ssdm_op_PartSelect.i8.i32.i32.i32, i32 %bitcast_ln175_1, i32 23, i32 30" [flood_HLS_base.cpp:175]   --->   Operation 665 'partselect' 'tmp_72' <Predicate = (!icmp_ln109 & icmp_ln111 & and_ln148 & and_ln151 & !empty_73)> <Delay = 0.00>
ST_90 : Operation 666 [1/1] (0.00ns)   --->   "%trunc_ln175_1 = trunc i32 %bitcast_ln175_1" [flood_HLS_base.cpp:175]   --->   Operation 666 'trunc' 'trunc_ln175_1' <Predicate = (!icmp_ln109 & icmp_ln111 & and_ln148 & and_ln151 & !empty_73)> <Delay = 0.00>
ST_90 : Operation 667 [1/1] (0.70ns)   --->   "%icmp_ln175_2 = icmp_ne  i8 %tmp_72, i8 255" [flood_HLS_base.cpp:175]   --->   Operation 667 'icmp' 'icmp_ln175_2' <Predicate = (!icmp_ln109 & icmp_ln111 & and_ln148 & and_ln151 & !empty_73)> <Delay = 0.70> <CoreInst = "Cmp">   --->   Core 9 'Cmp' <Latency = 0> <II = 1> <Delay = 0.70> <FuncUnit> <Opcode : 'seteq' 'setne' 'setle' 'setge' 'setlt' 'setgt'> <InPorts = 2> <OutPorts = 1>
ST_90 : Operation 668 [1/1] (0.82ns)   --->   "%icmp_ln175_3 = icmp_eq  i23 %trunc_ln175_1, i23 0" [flood_HLS_base.cpp:175]   --->   Operation 668 'icmp' 'icmp_ln175_3' <Predicate = (!icmp_ln109 & icmp_ln111 & and_ln148 & and_ln151 & !empty_73)> <Delay = 0.82> <CoreInst = "Cmp">   --->   Core 9 'Cmp' <Latency = 0> <II = 1> <Delay = 0.82> <FuncUnit> <Opcode : 'seteq' 'setne' 'setle' 'setge' 'setlt' 'setgt'> <InPorts = 2> <OutPorts = 1>
ST_90 : Operation 669 [1/1] (0.00ns) (grouped into LUT with out node and_ln175_3)   --->   "%or_ln175_1 = or i1 %icmp_ln175_3, i1 %icmp_ln175_2" [flood_HLS_base.cpp:175]   --->   Operation 669 'or' 'or_ln175_1' <Predicate = (!icmp_ln109 & icmp_ln111 & and_ln148 & and_ln151 & !empty_73)> <Delay = 0.00> <CoreInst = "LogicGate">   --->   Core 74 'LogicGate' <Latency = 0> <II = 1> <Delay = 0.12> <FuncUnit> <Opcode : 'and' 'or' 'xor'> <InPorts = 2> <OutPorts = 1>
ST_90 : Operation 670 [1/1] (0.00ns) (grouped into LUT with out node and_ln175_3)   --->   "%and_ln175_2 = and i1 %or_ln139, i1 %or_ln175_1" [flood_HLS_base.cpp:175]   --->   Operation 670 'and' 'and_ln175_2' <Predicate = (!icmp_ln109 & icmp_ln111 & and_ln148 & and_ln151 & !empty_73)> <Delay = 0.00> <CoreInst = "LogicGate">   --->   Core 74 'LogicGate' <Latency = 0> <II = 1> <Delay = 0.12> <FuncUnit> <Opcode : 'and' 'or' 'xor'> <InPorts = 2> <OutPorts = 1>
ST_90 : Operation 671 [1/2] (1.64ns)   --->   "%tmp_73 = fcmp_oge  i32 %current_height, i32 %neighbor_height_2" [flood_HLS_base.cpp:175]   --->   Operation 671 'fcmp' 'tmp_73' <Predicate = (!icmp_ln109 & icmp_ln111 & and_ln148 & and_ln151 & !empty_73)> <Delay = 1.64> <CoreInst = "FCompare">   --->   Core 19 'FCompare' <Latency = 1> <II = 1> <Delay = 1.64> <FuncUnit> <Opcode : 'fcmp'> <InPorts = 2> <OutPorts = 1>
ST_90 : Operation 672 [1/1] (0.12ns) (out node of the LUT)   --->   "%and_ln175_3 = and i1 %and_ln175_2, i1 %tmp_73" [flood_HLS_base.cpp:175]   --->   Operation 672 'and' 'and_ln175_3' <Predicate = (!icmp_ln109 & icmp_ln111 & and_ln148 & and_ln151 & !empty_73)> <Delay = 0.12> <CoreInst = "LogicGate">   --->   Core 74 'LogicGate' <Latency = 0> <II = 1> <Delay = 0.12> <FuncUnit> <Opcode : 'and' 'or' 'xor'> <InPorts = 2> <OutPorts = 1>
ST_90 : Operation 673 [1/1] (0.00ns)   --->   "%br_ln175 = br i1 %and_ln175_3, void %if.end408.1, void %if.then398.1" [flood_HLS_base.cpp:175]   --->   Operation 673 'br' 'br_ln175' <Predicate = (!icmp_ln109 & icmp_ln111 & and_ln148 & and_ln151 & !empty_73)> <Delay = 0.00>
ST_90 : Operation 674 [7/7] (2.34ns)   --->   "%sub400_1 = fsub i32 %current_height, i32 %neighbor_height_2" [flood_HLS_base.cpp:177]   --->   Operation 674 'fsub' 'sub400_1' <Predicate = (!icmp_ln109 & icmp_ln111 & and_ln148 & and_ln151 & !empty_73 & and_ln175_3)> <Delay = 2.34> <CoreInst = "FAddSub_fulldsp">   --->   Core 18 'FAddSub_fulldsp' <Latency = 6> <II = 1> <Delay = 2.34> <FuncUnit> <Opcode : 'fadd' 'fsub'> <InPorts = 2> <OutPorts = 1>
ST_90 : Operation 675 [2/2] (1.64ns)   --->   "%tmp_76 = fcmp_oge  i32 %current_height, i32 %neighbor_height_4" [flood_HLS_base.cpp:175]   --->   Operation 675 'fcmp' 'tmp_76' <Predicate = (!icmp_ln109 & icmp_ln111 & and_ln148 & and_ln151 & !icmp_ln128)> <Delay = 1.64> <CoreInst = "FCompare">   --->   Core 19 'FCompare' <Latency = 1> <II = 1> <Delay = 1.64> <FuncUnit> <Opcode : 'fcmp'> <InPorts = 2> <OutPorts = 1>
ST_90 : Operation 676 [2/2] (1.64ns)   --->   "%tmp_79 = fcmp_oge  i32 %current_height, i32 %neighbor_height_6" [flood_HLS_base.cpp:175]   --->   Operation 676 'fcmp' 'tmp_79' <Predicate = (!icmp_ln109 & icmp_ln111 & and_ln148 & and_ln151 & !icmp_ln128_1)> <Delay = 1.64> <CoreInst = "FCompare">   --->   Core 19 'FCompare' <Latency = 1> <II = 1> <Delay = 1.64> <FuncUnit> <Opcode : 'fcmp'> <InPorts = 2> <OutPorts = 1>

State 91 <SV = 90> <Delay = 2.34>
ST_91 : Operation 677 [2/2] (1.64ns)   --->   "%tmp_68 = fcmp_oge  i32 %current_height, i32 %neighbor_height_8" [flood_HLS_base.cpp:117]   --->   Operation 677 'fcmp' 'tmp_68' <Predicate = (!icmp_ln109 & icmp_ln111 & and_ln148 & and_ln151)> <Delay = 1.64> <CoreInst = "FCompare">   --->   Core 19 'FCompare' <Latency = 1> <II = 1> <Delay = 1.64> <FuncUnit> <Opcode : 'fcmp'> <InPorts = 2> <OutPorts = 1>
ST_91 : Operation 678 [5/7] (2.34ns)   --->   "%sub6 = fsub i32 %current_height, i32 %neighbor_height_8" [flood_HLS_base.cpp:117]   --->   Operation 678 'fsub' 'sub6' <Predicate = (!icmp_ln109 & icmp_ln111 & and_ln148 & and_ln151)> <Delay = 2.34> <CoreInst = "FAddSub_fulldsp">   --->   Core 18 'FAddSub_fulldsp' <Latency = 6> <II = 1> <Delay = 2.34> <FuncUnit> <Opcode : 'fadd' 'fsub'> <InPorts = 2> <OutPorts = 1>
ST_91 : Operation 679 [6/7] (2.34ns)   --->   "%sub7 = fsub i32 %current_height, i32 %neighbor_height" [flood_HLS_base.cpp:177]   --->   Operation 679 'fsub' 'sub7' <Predicate = (!icmp_ln109 & icmp_ln111 & and_ln148 & and_ln151 & !empty_72 & and_ln175_1)> <Delay = 2.34> <CoreInst = "FAddSub_fulldsp">   --->   Core 18 'FAddSub_fulldsp' <Latency = 6> <II = 1> <Delay = 2.34> <FuncUnit> <Opcode : 'fadd' 'fsub'> <InPorts = 2> <OutPorts = 1>
ST_91 : Operation 680 [6/7] (2.34ns)   --->   "%sub400_1 = fsub i32 %current_height, i32 %neighbor_height_2" [flood_HLS_base.cpp:177]   --->   Operation 680 'fsub' 'sub400_1' <Predicate = (!icmp_ln109 & icmp_ln111 & and_ln148 & and_ln151 & !empty_73 & and_ln175_3)> <Delay = 2.34> <CoreInst = "FAddSub_fulldsp">   --->   Core 18 'FAddSub_fulldsp' <Latency = 6> <II = 1> <Delay = 2.34> <FuncUnit> <Opcode : 'fadd' 'fsub'> <InPorts = 2> <OutPorts = 1>
ST_91 : Operation 681 [1/1] (0.00ns)   --->   "%bitcast_ln175_2 = bitcast i32 %neighbor_height_4" [flood_HLS_base.cpp:175]   --->   Operation 681 'bitcast' 'bitcast_ln175_2' <Predicate = (!icmp_ln109 & icmp_ln111 & and_ln148 & and_ln151 & !icmp_ln128)> <Delay = 0.00>
ST_91 : Operation 682 [1/1] (0.00ns)   --->   "%tmp_75 = partselect i8 @_ssdm_op_PartSelect.i8.i32.i32.i32, i32 %bitcast_ln175_2, i32 23, i32 30" [flood_HLS_base.cpp:175]   --->   Operation 682 'partselect' 'tmp_75' <Predicate = (!icmp_ln109 & icmp_ln111 & and_ln148 & and_ln151 & !icmp_ln128)> <Delay = 0.00>
ST_91 : Operation 683 [1/1] (0.00ns)   --->   "%trunc_ln175_2 = trunc i32 %bitcast_ln175_2" [flood_HLS_base.cpp:175]   --->   Operation 683 'trunc' 'trunc_ln175_2' <Predicate = (!icmp_ln109 & icmp_ln111 & and_ln148 & and_ln151 & !icmp_ln128)> <Delay = 0.00>
ST_91 : Operation 684 [1/1] (0.70ns)   --->   "%icmp_ln175_4 = icmp_ne  i8 %tmp_75, i8 255" [flood_HLS_base.cpp:175]   --->   Operation 684 'icmp' 'icmp_ln175_4' <Predicate = (!icmp_ln109 & icmp_ln111 & and_ln148 & and_ln151 & !icmp_ln128)> <Delay = 0.70> <CoreInst = "Cmp">   --->   Core 9 'Cmp' <Latency = 0> <II = 1> <Delay = 0.70> <FuncUnit> <Opcode : 'seteq' 'setne' 'setle' 'setge' 'setlt' 'setgt'> <InPorts = 2> <OutPorts = 1>
ST_91 : Operation 685 [1/1] (0.82ns)   --->   "%icmp_ln175_5 = icmp_eq  i23 %trunc_ln175_2, i23 0" [flood_HLS_base.cpp:175]   --->   Operation 685 'icmp' 'icmp_ln175_5' <Predicate = (!icmp_ln109 & icmp_ln111 & and_ln148 & and_ln151 & !icmp_ln128)> <Delay = 0.82> <CoreInst = "Cmp">   --->   Core 9 'Cmp' <Latency = 0> <II = 1> <Delay = 0.82> <FuncUnit> <Opcode : 'seteq' 'setne' 'setle' 'setge' 'setlt' 'setgt'> <InPorts = 2> <OutPorts = 1>
ST_91 : Operation 686 [1/1] (0.00ns) (grouped into LUT with out node and_ln175_5)   --->   "%or_ln175_2 = or i1 %icmp_ln175_5, i1 %icmp_ln175_4" [flood_HLS_base.cpp:175]   --->   Operation 686 'or' 'or_ln175_2' <Predicate = (!icmp_ln109 & icmp_ln111 & and_ln148 & and_ln151 & !icmp_ln128)> <Delay = 0.00> <CoreInst = "LogicGate">   --->   Core 74 'LogicGate' <Latency = 0> <II = 1> <Delay = 0.12> <FuncUnit> <Opcode : 'and' 'or' 'xor'> <InPorts = 2> <OutPorts = 1>
ST_91 : Operation 687 [1/1] (0.00ns) (grouped into LUT with out node and_ln175_5)   --->   "%and_ln175_4 = and i1 %or_ln139, i1 %or_ln175_2" [flood_HLS_base.cpp:175]   --->   Operation 687 'and' 'and_ln175_4' <Predicate = (!icmp_ln109 & icmp_ln111 & and_ln148 & and_ln151 & !icmp_ln128)> <Delay = 0.00> <CoreInst = "LogicGate">   --->   Core 74 'LogicGate' <Latency = 0> <II = 1> <Delay = 0.12> <FuncUnit> <Opcode : 'and' 'or' 'xor'> <InPorts = 2> <OutPorts = 1>
ST_91 : Operation 688 [1/2] (1.64ns)   --->   "%tmp_76 = fcmp_oge  i32 %current_height, i32 %neighbor_height_4" [flood_HLS_base.cpp:175]   --->   Operation 688 'fcmp' 'tmp_76' <Predicate = (!icmp_ln109 & icmp_ln111 & and_ln148 & and_ln151 & !icmp_ln128)> <Delay = 1.64> <CoreInst = "FCompare">   --->   Core 19 'FCompare' <Latency = 1> <II = 1> <Delay = 1.64> <FuncUnit> <Opcode : 'fcmp'> <InPorts = 2> <OutPorts = 1>
ST_91 : Operation 689 [1/1] (0.12ns) (out node of the LUT)   --->   "%and_ln175_5 = and i1 %and_ln175_4, i1 %tmp_76" [flood_HLS_base.cpp:175]   --->   Operation 689 'and' 'and_ln175_5' <Predicate = (!icmp_ln109 & icmp_ln111 & and_ln148 & and_ln151 & !icmp_ln128)> <Delay = 0.12> <CoreInst = "LogicGate">   --->   Core 74 'LogicGate' <Latency = 0> <II = 1> <Delay = 0.12> <FuncUnit> <Opcode : 'and' 'or' 'xor'> <InPorts = 2> <OutPorts = 1>
ST_91 : Operation 690 [1/1] (0.00ns)   --->   "%br_ln175 = br i1 %and_ln175_5, void %if.end408.2, void %if.then398.2" [flood_HLS_base.cpp:175]   --->   Operation 690 'br' 'br_ln175' <Predicate = (!icmp_ln109 & icmp_ln111 & and_ln148 & and_ln151 & !icmp_ln128)> <Delay = 0.00>
ST_91 : Operation 691 [1/1] (0.00ns)   --->   "%bitcast_ln175_3 = bitcast i32 %neighbor_height_6" [flood_HLS_base.cpp:175]   --->   Operation 691 'bitcast' 'bitcast_ln175_3' <Predicate = (!icmp_ln109 & icmp_ln111 & and_ln148 & and_ln151 & !icmp_ln128_1)> <Delay = 0.00>
ST_91 : Operation 692 [1/1] (0.00ns)   --->   "%tmp_78 = partselect i8 @_ssdm_op_PartSelect.i8.i32.i32.i32, i32 %bitcast_ln175_3, i32 23, i32 30" [flood_HLS_base.cpp:175]   --->   Operation 692 'partselect' 'tmp_78' <Predicate = (!icmp_ln109 & icmp_ln111 & and_ln148 & and_ln151 & !icmp_ln128_1)> <Delay = 0.00>
ST_91 : Operation 693 [1/1] (0.00ns)   --->   "%trunc_ln175_3 = trunc i32 %bitcast_ln175_3" [flood_HLS_base.cpp:175]   --->   Operation 693 'trunc' 'trunc_ln175_3' <Predicate = (!icmp_ln109 & icmp_ln111 & and_ln148 & and_ln151 & !icmp_ln128_1)> <Delay = 0.00>
ST_91 : Operation 694 [1/1] (0.70ns)   --->   "%icmp_ln175_6 = icmp_ne  i8 %tmp_78, i8 255" [flood_HLS_base.cpp:175]   --->   Operation 694 'icmp' 'icmp_ln175_6' <Predicate = (!icmp_ln109 & icmp_ln111 & and_ln148 & and_ln151 & !icmp_ln128_1)> <Delay = 0.70> <CoreInst = "Cmp">   --->   Core 9 'Cmp' <Latency = 0> <II = 1> <Delay = 0.70> <FuncUnit> <Opcode : 'seteq' 'setne' 'setle' 'setge' 'setlt' 'setgt'> <InPorts = 2> <OutPorts = 1>
ST_91 : Operation 695 [1/1] (0.82ns)   --->   "%icmp_ln175_7 = icmp_eq  i23 %trunc_ln175_3, i23 0" [flood_HLS_base.cpp:175]   --->   Operation 695 'icmp' 'icmp_ln175_7' <Predicate = (!icmp_ln109 & icmp_ln111 & and_ln148 & and_ln151 & !icmp_ln128_1)> <Delay = 0.82> <CoreInst = "Cmp">   --->   Core 9 'Cmp' <Latency = 0> <II = 1> <Delay = 0.82> <FuncUnit> <Opcode : 'seteq' 'setne' 'setle' 'setge' 'setlt' 'setgt'> <InPorts = 2> <OutPorts = 1>
ST_91 : Operation 696 [1/1] (0.00ns) (grouped into LUT with out node and_ln175_7)   --->   "%or_ln175_3 = or i1 %icmp_ln175_7, i1 %icmp_ln175_6" [flood_HLS_base.cpp:175]   --->   Operation 696 'or' 'or_ln175_3' <Predicate = (!icmp_ln109 & icmp_ln111 & and_ln148 & and_ln151 & !icmp_ln128_1)> <Delay = 0.00> <CoreInst = "LogicGate">   --->   Core 74 'LogicGate' <Latency = 0> <II = 1> <Delay = 0.12> <FuncUnit> <Opcode : 'and' 'or' 'xor'> <InPorts = 2> <OutPorts = 1>
ST_91 : Operation 697 [1/1] (0.00ns) (grouped into LUT with out node and_ln175_7)   --->   "%and_ln175_6 = and i1 %or_ln139, i1 %or_ln175_3" [flood_HLS_base.cpp:175]   --->   Operation 697 'and' 'and_ln175_6' <Predicate = (!icmp_ln109 & icmp_ln111 & and_ln148 & and_ln151 & !icmp_ln128_1)> <Delay = 0.00> <CoreInst = "LogicGate">   --->   Core 74 'LogicGate' <Latency = 0> <II = 1> <Delay = 0.12> <FuncUnit> <Opcode : 'and' 'or' 'xor'> <InPorts = 2> <OutPorts = 1>
ST_91 : Operation 698 [1/2] (1.64ns)   --->   "%tmp_79 = fcmp_oge  i32 %current_height, i32 %neighbor_height_6" [flood_HLS_base.cpp:175]   --->   Operation 698 'fcmp' 'tmp_79' <Predicate = (!icmp_ln109 & icmp_ln111 & and_ln148 & and_ln151 & !icmp_ln128_1)> <Delay = 1.64> <CoreInst = "FCompare">   --->   Core 19 'FCompare' <Latency = 1> <II = 1> <Delay = 1.64> <FuncUnit> <Opcode : 'fcmp'> <InPorts = 2> <OutPorts = 1>
ST_91 : Operation 699 [1/1] (0.12ns) (out node of the LUT)   --->   "%and_ln175_7 = and i1 %and_ln175_6, i1 %tmp_79" [flood_HLS_base.cpp:175]   --->   Operation 699 'and' 'and_ln175_7' <Predicate = (!icmp_ln109 & icmp_ln111 & and_ln148 & and_ln151 & !icmp_ln128_1)> <Delay = 0.12> <CoreInst = "LogicGate">   --->   Core 74 'LogicGate' <Latency = 0> <II = 1> <Delay = 0.12> <FuncUnit> <Opcode : 'and' 'or' 'xor'> <InPorts = 2> <OutPorts = 1>
ST_91 : Operation 700 [1/1] (0.00ns)   --->   "%br_ln175 = br i1 %and_ln175_7, void %if.end408.3, void %if.then398.3" [flood_HLS_base.cpp:175]   --->   Operation 700 'br' 'br_ln175' <Predicate = (!icmp_ln109 & icmp_ln111 & and_ln148 & and_ln151 & !icmp_ln128_1)> <Delay = 0.00>

State 92 <SV = 91> <Delay = 2.34>
ST_92 : Operation 701 [1/1] (0.00ns) (grouped into LUT with out node empty_80)   --->   "%empty_78 = or i1 %notrhs179, i1 %notlhs178" [flood_HLS_base.cpp:117]   --->   Operation 701 'or' 'empty_78' <Predicate = (!icmp_ln109 & icmp_ln111 & and_ln148 & and_ln151)> <Delay = 0.00> <CoreInst = "LogicGate">   --->   Core 74 'LogicGate' <Latency = 0> <II = 1> <Delay = 0.12> <FuncUnit> <Opcode : 'and' 'or' 'xor'> <InPorts = 2> <OutPorts = 1>
ST_92 : Operation 702 [1/1] (0.00ns) (grouped into LUT with out node empty_80)   --->   "%empty_79 = and i1 %or_ln139, i1 %empty_78" [flood_HLS_base.cpp:139]   --->   Operation 702 'and' 'empty_79' <Predicate = (!icmp_ln109 & icmp_ln111 & and_ln148 & and_ln151)> <Delay = 0.00> <CoreInst = "LogicGate">   --->   Core 74 'LogicGate' <Latency = 0> <II = 1> <Delay = 0.12> <FuncUnit> <Opcode : 'and' 'or' 'xor'> <InPorts = 2> <OutPorts = 1>
ST_92 : Operation 703 [1/2] (1.64ns)   --->   "%tmp_68 = fcmp_oge  i32 %current_height, i32 %neighbor_height_8" [flood_HLS_base.cpp:117]   --->   Operation 703 'fcmp' 'tmp_68' <Predicate = (!icmp_ln109 & icmp_ln111 & and_ln148 & and_ln151)> <Delay = 1.64> <CoreInst = "FCompare">   --->   Core 19 'FCompare' <Latency = 1> <II = 1> <Delay = 1.64> <FuncUnit> <Opcode : 'fcmp'> <InPorts = 2> <OutPorts = 1>
ST_92 : Operation 704 [1/1] (0.12ns) (out node of the LUT)   --->   "%empty_80 = and i1 %empty_79, i1 %tmp_68" [flood_HLS_base.cpp:139]   --->   Operation 704 'and' 'empty_80' <Predicate = (!icmp_ln109 & icmp_ln111 & and_ln148 & and_ln151)> <Delay = 0.12> <CoreInst = "LogicGate">   --->   Core 74 'LogicGate' <Latency = 0> <II = 1> <Delay = 0.12> <FuncUnit> <Opcode : 'and' 'or' 'xor'> <InPorts = 2> <OutPorts = 1>
ST_92 : Operation 705 [4/7] (2.34ns)   --->   "%sub6 = fsub i32 %current_height, i32 %neighbor_height_8" [flood_HLS_base.cpp:117]   --->   Operation 705 'fsub' 'sub6' <Predicate = (!icmp_ln109 & icmp_ln111 & and_ln148 & and_ln151)> <Delay = 2.34> <CoreInst = "FAddSub_fulldsp">   --->   Core 18 'FAddSub_fulldsp' <Latency = 6> <II = 1> <Delay = 2.34> <FuncUnit> <Opcode : 'fadd' 'fsub'> <InPorts = 2> <OutPorts = 1>
ST_92 : Operation 706 [5/7] (2.34ns)   --->   "%sub7 = fsub i32 %current_height, i32 %neighbor_height" [flood_HLS_base.cpp:177]   --->   Operation 706 'fsub' 'sub7' <Predicate = (!icmp_ln109 & icmp_ln111 & and_ln148 & and_ln151 & !empty_72 & and_ln175_1)> <Delay = 2.34> <CoreInst = "FAddSub_fulldsp">   --->   Core 18 'FAddSub_fulldsp' <Latency = 6> <II = 1> <Delay = 2.34> <FuncUnit> <Opcode : 'fadd' 'fsub'> <InPorts = 2> <OutPorts = 1>
ST_92 : Operation 707 [5/7] (2.34ns)   --->   "%sub400_1 = fsub i32 %current_height, i32 %neighbor_height_2" [flood_HLS_base.cpp:177]   --->   Operation 707 'fsub' 'sub400_1' <Predicate = (!icmp_ln109 & icmp_ln111 & and_ln148 & and_ln151 & !empty_73 & and_ln175_3)> <Delay = 2.34> <CoreInst = "FAddSub_fulldsp">   --->   Core 18 'FAddSub_fulldsp' <Latency = 6> <II = 1> <Delay = 2.34> <FuncUnit> <Opcode : 'fadd' 'fsub'> <InPorts = 2> <OutPorts = 1>
ST_92 : Operation 708 [7/7] (2.34ns)   --->   "%sub400_2 = fsub i32 %current_height, i32 %neighbor_height_4" [flood_HLS_base.cpp:177]   --->   Operation 708 'fsub' 'sub400_2' <Predicate = (!icmp_ln109 & icmp_ln111 & and_ln148 & and_ln151 & !icmp_ln128 & and_ln175_5)> <Delay = 2.34> <CoreInst = "FAddSub_fulldsp">   --->   Core 18 'FAddSub_fulldsp' <Latency = 6> <II = 1> <Delay = 2.34> <FuncUnit> <Opcode : 'fadd' 'fsub'> <InPorts = 2> <OutPorts = 1>
ST_92 : Operation 709 [7/7] (2.34ns)   --->   "%sub400_3 = fsub i32 %current_height, i32 %neighbor_height_6" [flood_HLS_base.cpp:177]   --->   Operation 709 'fsub' 'sub400_3' <Predicate = (!icmp_ln109 & icmp_ln111 & and_ln148 & and_ln151 & !icmp_ln128_1 & and_ln175_7)> <Delay = 2.34> <CoreInst = "FAddSub_fulldsp">   --->   Core 18 'FAddSub_fulldsp' <Latency = 6> <II = 1> <Delay = 2.34> <FuncUnit> <Opcode : 'fadd' 'fsub'> <InPorts = 2> <OutPorts = 1>
ST_92 : Operation 710 [1/1] (0.00ns)   --->   "%br_ln167 = br i1 %empty_80, void %if.then368.3.for.inc416_crit_edge, void %if.then375.3" [flood_HLS_base.cpp:167]   --->   Operation 710 'br' 'br_ln167' <Predicate = (!icmp_ln109 & icmp_ln111 & and_ln148 & and_ln151 & icmp_ln128_1)> <Delay = 0.00>

State 93 <SV = 92> <Delay = 2.34>
ST_93 : Operation 711 [3/7] (2.34ns)   --->   "%sub6 = fsub i32 %current_height, i32 %neighbor_height_8" [flood_HLS_base.cpp:117]   --->   Operation 711 'fsub' 'sub6' <Predicate = (!icmp_ln109 & icmp_ln111 & and_ln148 & and_ln151)> <Delay = 2.34> <CoreInst = "FAddSub_fulldsp">   --->   Core 18 'FAddSub_fulldsp' <Latency = 6> <II = 1> <Delay = 2.34> <FuncUnit> <Opcode : 'fadd' 'fsub'> <InPorts = 2> <OutPorts = 1>
ST_93 : Operation 712 [4/7] (2.34ns)   --->   "%sub7 = fsub i32 %current_height, i32 %neighbor_height" [flood_HLS_base.cpp:177]   --->   Operation 712 'fsub' 'sub7' <Predicate = (!icmp_ln109 & icmp_ln111 & and_ln148 & and_ln151 & !empty_72 & and_ln175_1)> <Delay = 2.34> <CoreInst = "FAddSub_fulldsp">   --->   Core 18 'FAddSub_fulldsp' <Latency = 6> <II = 1> <Delay = 2.34> <FuncUnit> <Opcode : 'fadd' 'fsub'> <InPorts = 2> <OutPorts = 1>
ST_93 : Operation 713 [4/7] (2.34ns)   --->   "%sub400_1 = fsub i32 %current_height, i32 %neighbor_height_2" [flood_HLS_base.cpp:177]   --->   Operation 713 'fsub' 'sub400_1' <Predicate = (!icmp_ln109 & icmp_ln111 & and_ln148 & and_ln151 & !empty_73 & and_ln175_3)> <Delay = 2.34> <CoreInst = "FAddSub_fulldsp">   --->   Core 18 'FAddSub_fulldsp' <Latency = 6> <II = 1> <Delay = 2.34> <FuncUnit> <Opcode : 'fadd' 'fsub'> <InPorts = 2> <OutPorts = 1>
ST_93 : Operation 714 [6/7] (2.34ns)   --->   "%sub400_2 = fsub i32 %current_height, i32 %neighbor_height_4" [flood_HLS_base.cpp:177]   --->   Operation 714 'fsub' 'sub400_2' <Predicate = (!icmp_ln109 & icmp_ln111 & and_ln148 & and_ln151 & !icmp_ln128 & and_ln175_5)> <Delay = 2.34> <CoreInst = "FAddSub_fulldsp">   --->   Core 18 'FAddSub_fulldsp' <Latency = 6> <II = 1> <Delay = 2.34> <FuncUnit> <Opcode : 'fadd' 'fsub'> <InPorts = 2> <OutPorts = 1>
ST_93 : Operation 715 [6/7] (2.34ns)   --->   "%sub400_3 = fsub i32 %current_height, i32 %neighbor_height_6" [flood_HLS_base.cpp:177]   --->   Operation 715 'fsub' 'sub400_3' <Predicate = (!icmp_ln109 & icmp_ln111 & and_ln148 & and_ln151 & !icmp_ln128_1 & and_ln175_7)> <Delay = 2.34> <CoreInst = "FAddSub_fulldsp">   --->   Core 18 'FAddSub_fulldsp' <Latency = 6> <II = 1> <Delay = 2.34> <FuncUnit> <Opcode : 'fadd' 'fsub'> <InPorts = 2> <OutPorts = 1>

State 94 <SV = 93> <Delay = 2.34>
ST_94 : Operation 716 [2/7] (2.34ns)   --->   "%sub6 = fsub i32 %current_height, i32 %neighbor_height_8" [flood_HLS_base.cpp:117]   --->   Operation 716 'fsub' 'sub6' <Predicate = (!icmp_ln109 & icmp_ln111 & and_ln148 & and_ln151)> <Delay = 2.34> <CoreInst = "FAddSub_fulldsp">   --->   Core 18 'FAddSub_fulldsp' <Latency = 6> <II = 1> <Delay = 2.34> <FuncUnit> <Opcode : 'fadd' 'fsub'> <InPorts = 2> <OutPorts = 1>
ST_94 : Operation 717 [3/7] (2.34ns)   --->   "%sub7 = fsub i32 %current_height, i32 %neighbor_height" [flood_HLS_base.cpp:177]   --->   Operation 717 'fsub' 'sub7' <Predicate = (!icmp_ln109 & icmp_ln111 & and_ln148 & and_ln151 & !empty_72 & and_ln175_1)> <Delay = 2.34> <CoreInst = "FAddSub_fulldsp">   --->   Core 18 'FAddSub_fulldsp' <Latency = 6> <II = 1> <Delay = 2.34> <FuncUnit> <Opcode : 'fadd' 'fsub'> <InPorts = 2> <OutPorts = 1>
ST_94 : Operation 718 [3/7] (2.34ns)   --->   "%sub400_1 = fsub i32 %current_height, i32 %neighbor_height_2" [flood_HLS_base.cpp:177]   --->   Operation 718 'fsub' 'sub400_1' <Predicate = (!icmp_ln109 & icmp_ln111 & and_ln148 & and_ln151 & !empty_73 & and_ln175_3)> <Delay = 2.34> <CoreInst = "FAddSub_fulldsp">   --->   Core 18 'FAddSub_fulldsp' <Latency = 6> <II = 1> <Delay = 2.34> <FuncUnit> <Opcode : 'fadd' 'fsub'> <InPorts = 2> <OutPorts = 1>
ST_94 : Operation 719 [5/7] (2.34ns)   --->   "%sub400_2 = fsub i32 %current_height, i32 %neighbor_height_4" [flood_HLS_base.cpp:177]   --->   Operation 719 'fsub' 'sub400_2' <Predicate = (!icmp_ln109 & icmp_ln111 & and_ln148 & and_ln151 & !icmp_ln128 & and_ln175_5)> <Delay = 2.34> <CoreInst = "FAddSub_fulldsp">   --->   Core 18 'FAddSub_fulldsp' <Latency = 6> <II = 1> <Delay = 2.34> <FuncUnit> <Opcode : 'fadd' 'fsub'> <InPorts = 2> <OutPorts = 1>
ST_94 : Operation 720 [5/7] (2.34ns)   --->   "%sub400_3 = fsub i32 %current_height, i32 %neighbor_height_6" [flood_HLS_base.cpp:177]   --->   Operation 720 'fsub' 'sub400_3' <Predicate = (!icmp_ln109 & icmp_ln111 & and_ln148 & and_ln151 & !icmp_ln128_1 & and_ln175_7)> <Delay = 2.34> <CoreInst = "FAddSub_fulldsp">   --->   Core 18 'FAddSub_fulldsp' <Latency = 6> <II = 1> <Delay = 2.34> <FuncUnit> <Opcode : 'fadd' 'fsub'> <InPorts = 2> <OutPorts = 1>

State 95 <SV = 94> <Delay = 2.34>
ST_95 : Operation 721 [1/7] (2.34ns)   --->   "%sub6 = fsub i32 %current_height, i32 %neighbor_height_8" [flood_HLS_base.cpp:117]   --->   Operation 721 'fsub' 'sub6' <Predicate = (!icmp_ln109 & icmp_ln111 & and_ln148 & and_ln151)> <Delay = 2.34> <CoreInst = "FAddSub_fulldsp">   --->   Core 18 'FAddSub_fulldsp' <Latency = 6> <II = 1> <Delay = 2.34> <FuncUnit> <Opcode : 'fadd' 'fsub'> <InPorts = 2> <OutPorts = 1>
ST_95 : Operation 722 [2/7] (2.34ns)   --->   "%sub7 = fsub i32 %current_height, i32 %neighbor_height" [flood_HLS_base.cpp:177]   --->   Operation 722 'fsub' 'sub7' <Predicate = (!icmp_ln109 & icmp_ln111 & and_ln148 & and_ln151 & !empty_72 & and_ln175_1)> <Delay = 2.34> <CoreInst = "FAddSub_fulldsp">   --->   Core 18 'FAddSub_fulldsp' <Latency = 6> <II = 1> <Delay = 2.34> <FuncUnit> <Opcode : 'fadd' 'fsub'> <InPorts = 2> <OutPorts = 1>
ST_95 : Operation 723 [2/7] (2.34ns)   --->   "%sub400_1 = fsub i32 %current_height, i32 %neighbor_height_2" [flood_HLS_base.cpp:177]   --->   Operation 723 'fsub' 'sub400_1' <Predicate = (!icmp_ln109 & icmp_ln111 & and_ln148 & and_ln151 & !empty_73 & and_ln175_3)> <Delay = 2.34> <CoreInst = "FAddSub_fulldsp">   --->   Core 18 'FAddSub_fulldsp' <Latency = 6> <II = 1> <Delay = 2.34> <FuncUnit> <Opcode : 'fadd' 'fsub'> <InPorts = 2> <OutPorts = 1>
ST_95 : Operation 724 [4/7] (2.34ns)   --->   "%sub400_2 = fsub i32 %current_height, i32 %neighbor_height_4" [flood_HLS_base.cpp:177]   --->   Operation 724 'fsub' 'sub400_2' <Predicate = (!icmp_ln109 & icmp_ln111 & and_ln148 & and_ln151 & !icmp_ln128 & and_ln175_5)> <Delay = 2.34> <CoreInst = "FAddSub_fulldsp">   --->   Core 18 'FAddSub_fulldsp' <Latency = 6> <II = 1> <Delay = 2.34> <FuncUnit> <Opcode : 'fadd' 'fsub'> <InPorts = 2> <OutPorts = 1>
ST_95 : Operation 725 [4/7] (2.34ns)   --->   "%sub400_3 = fsub i32 %current_height, i32 %neighbor_height_6" [flood_HLS_base.cpp:177]   --->   Operation 725 'fsub' 'sub400_3' <Predicate = (!icmp_ln109 & icmp_ln111 & and_ln148 & and_ln151 & !icmp_ln128_1 & and_ln175_7)> <Delay = 2.34> <CoreInst = "FAddSub_fulldsp">   --->   Core 18 'FAddSub_fulldsp' <Latency = 6> <II = 1> <Delay = 2.34> <FuncUnit> <Opcode : 'fadd' 'fsub'> <InPorts = 2> <OutPorts = 1>

State 96 <SV = 95> <Delay = 2.34>
ST_96 : Operation 726 [4/4] (2.32ns)   --->   "%mul7 = fmul i32 %proportion, i32 %sub6" [flood_HLS_base.cpp:149]   --->   Operation 726 'fmul' 'mul7' <Predicate = (!icmp_ln109 & icmp_ln111 & and_ln148 & and_ln151)> <Delay = 2.32> <CoreInst = "FMul_maxdsp">   --->   Core 30 'FMul_maxdsp' <Latency = 3> <II = 1> <Delay = 2.32> <FuncUnit> <Opcode : 'fmul'> <InPorts = 2> <OutPorts = 1>
ST_96 : Operation 727 [1/7] (2.34ns)   --->   "%sub7 = fsub i32 %current_height, i32 %neighbor_height" [flood_HLS_base.cpp:177]   --->   Operation 727 'fsub' 'sub7' <Predicate = (!icmp_ln109 & icmp_ln111 & and_ln148 & and_ln151 & !empty_72 & and_ln175_1)> <Delay = 2.34> <CoreInst = "FAddSub_fulldsp">   --->   Core 18 'FAddSub_fulldsp' <Latency = 6> <II = 1> <Delay = 2.34> <FuncUnit> <Opcode : 'fadd' 'fsub'> <InPorts = 2> <OutPorts = 1>
ST_96 : Operation 728 [1/7] (2.34ns)   --->   "%sub400_1 = fsub i32 %current_height, i32 %neighbor_height_2" [flood_HLS_base.cpp:177]   --->   Operation 728 'fsub' 'sub400_1' <Predicate = (!icmp_ln109 & icmp_ln111 & and_ln148 & and_ln151 & !empty_73 & and_ln175_3)> <Delay = 2.34> <CoreInst = "FAddSub_fulldsp">   --->   Core 18 'FAddSub_fulldsp' <Latency = 6> <II = 1> <Delay = 2.34> <FuncUnit> <Opcode : 'fadd' 'fsub'> <InPorts = 2> <OutPorts = 1>
ST_96 : Operation 729 [3/7] (2.34ns)   --->   "%sub400_2 = fsub i32 %current_height, i32 %neighbor_height_4" [flood_HLS_base.cpp:177]   --->   Operation 729 'fsub' 'sub400_2' <Predicate = (!icmp_ln109 & icmp_ln111 & and_ln148 & and_ln151 & !icmp_ln128 & and_ln175_5)> <Delay = 2.34> <CoreInst = "FAddSub_fulldsp">   --->   Core 18 'FAddSub_fulldsp' <Latency = 6> <II = 1> <Delay = 2.34> <FuncUnit> <Opcode : 'fadd' 'fsub'> <InPorts = 2> <OutPorts = 1>
ST_96 : Operation 730 [3/7] (2.34ns)   --->   "%sub400_3 = fsub i32 %current_height, i32 %neighbor_height_6" [flood_HLS_base.cpp:177]   --->   Operation 730 'fsub' 'sub400_3' <Predicate = (!icmp_ln109 & icmp_ln111 & and_ln148 & and_ln151 & !icmp_ln128_1 & and_ln175_7)> <Delay = 2.34> <CoreInst = "FAddSub_fulldsp">   --->   Core 18 'FAddSub_fulldsp' <Latency = 6> <II = 1> <Delay = 2.34> <FuncUnit> <Opcode : 'fadd' 'fsub'> <InPorts = 2> <OutPorts = 1>

State 97 <SV = 96> <Delay = 2.34>
ST_97 : Operation 731 [3/4] (2.32ns)   --->   "%mul7 = fmul i32 %proportion, i32 %sub6" [flood_HLS_base.cpp:149]   --->   Operation 731 'fmul' 'mul7' <Predicate = (!icmp_ln109 & icmp_ln111 & and_ln148 & and_ln151)> <Delay = 2.32> <CoreInst = "FMul_maxdsp">   --->   Core 30 'FMul_maxdsp' <Latency = 3> <II = 1> <Delay = 2.32> <FuncUnit> <Opcode : 'fmul'> <InPorts = 2> <OutPorts = 1>
ST_97 : Operation 732 [4/4] (2.32ns)   --->   "%mul9 = fmul i32 %proportion, i32 %sub7" [flood_HLS_base.cpp:177]   --->   Operation 732 'fmul' 'mul9' <Predicate = (!icmp_ln109 & icmp_ln111 & and_ln148 & and_ln151 & !empty_72 & and_ln175_1)> <Delay = 2.32> <CoreInst = "FMul_maxdsp">   --->   Core 30 'FMul_maxdsp' <Latency = 3> <II = 1> <Delay = 2.32> <FuncUnit> <Opcode : 'fmul'> <InPorts = 2> <OutPorts = 1>
ST_97 : Operation 733 [4/4] (2.32ns)   --->   "%mul401_1 = fmul i32 %proportion, i32 %sub400_1" [flood_HLS_base.cpp:177]   --->   Operation 733 'fmul' 'mul401_1' <Predicate = (!icmp_ln109 & icmp_ln111 & and_ln148 & and_ln151 & !empty_73 & and_ln175_3)> <Delay = 2.32> <CoreInst = "FMul_maxdsp">   --->   Core 30 'FMul_maxdsp' <Latency = 3> <II = 1> <Delay = 2.32> <FuncUnit> <Opcode : 'fmul'> <InPorts = 2> <OutPorts = 1>
ST_97 : Operation 734 [2/7] (2.34ns)   --->   "%sub400_2 = fsub i32 %current_height, i32 %neighbor_height_4" [flood_HLS_base.cpp:177]   --->   Operation 734 'fsub' 'sub400_2' <Predicate = (!icmp_ln109 & icmp_ln111 & and_ln148 & and_ln151 & !icmp_ln128 & and_ln175_5)> <Delay = 2.34> <CoreInst = "FAddSub_fulldsp">   --->   Core 18 'FAddSub_fulldsp' <Latency = 6> <II = 1> <Delay = 2.34> <FuncUnit> <Opcode : 'fadd' 'fsub'> <InPorts = 2> <OutPorts = 1>
ST_97 : Operation 735 [2/7] (2.34ns)   --->   "%sub400_3 = fsub i32 %current_height, i32 %neighbor_height_6" [flood_HLS_base.cpp:177]   --->   Operation 735 'fsub' 'sub400_3' <Predicate = (!icmp_ln109 & icmp_ln111 & and_ln148 & and_ln151 & !icmp_ln128_1 & and_ln175_7)> <Delay = 2.34> <CoreInst = "FAddSub_fulldsp">   --->   Core 18 'FAddSub_fulldsp' <Latency = 6> <II = 1> <Delay = 2.34> <FuncUnit> <Opcode : 'fadd' 'fsub'> <InPorts = 2> <OutPorts = 1>

State 98 <SV = 97> <Delay = 2.34>
ST_98 : Operation 736 [2/4] (2.32ns)   --->   "%mul7 = fmul i32 %proportion, i32 %sub6" [flood_HLS_base.cpp:149]   --->   Operation 736 'fmul' 'mul7' <Predicate = (!icmp_ln109 & icmp_ln111 & and_ln148 & and_ln151)> <Delay = 2.32> <CoreInst = "FMul_maxdsp">   --->   Core 30 'FMul_maxdsp' <Latency = 3> <II = 1> <Delay = 2.32> <FuncUnit> <Opcode : 'fmul'> <InPorts = 2> <OutPorts = 1>
ST_98 : Operation 737 [3/4] (2.32ns)   --->   "%mul9 = fmul i32 %proportion, i32 %sub7" [flood_HLS_base.cpp:177]   --->   Operation 737 'fmul' 'mul9' <Predicate = (!icmp_ln109 & icmp_ln111 & and_ln148 & and_ln151 & !empty_72 & and_ln175_1)> <Delay = 2.32> <CoreInst = "FMul_maxdsp">   --->   Core 30 'FMul_maxdsp' <Latency = 3> <II = 1> <Delay = 2.32> <FuncUnit> <Opcode : 'fmul'> <InPorts = 2> <OutPorts = 1>
ST_98 : Operation 738 [3/4] (2.32ns)   --->   "%mul401_1 = fmul i32 %proportion, i32 %sub400_1" [flood_HLS_base.cpp:177]   --->   Operation 738 'fmul' 'mul401_1' <Predicate = (!icmp_ln109 & icmp_ln111 & and_ln148 & and_ln151 & !empty_73 & and_ln175_3)> <Delay = 2.32> <CoreInst = "FMul_maxdsp">   --->   Core 30 'FMul_maxdsp' <Latency = 3> <II = 1> <Delay = 2.32> <FuncUnit> <Opcode : 'fmul'> <InPorts = 2> <OutPorts = 1>
ST_98 : Operation 739 [1/7] (2.34ns)   --->   "%sub400_2 = fsub i32 %current_height, i32 %neighbor_height_4" [flood_HLS_base.cpp:177]   --->   Operation 739 'fsub' 'sub400_2' <Predicate = (!icmp_ln109 & icmp_ln111 & and_ln148 & and_ln151 & !icmp_ln128 & and_ln175_5)> <Delay = 2.34> <CoreInst = "FAddSub_fulldsp">   --->   Core 18 'FAddSub_fulldsp' <Latency = 6> <II = 1> <Delay = 2.34> <FuncUnit> <Opcode : 'fadd' 'fsub'> <InPorts = 2> <OutPorts = 1>
ST_98 : Operation 740 [1/7] (2.34ns)   --->   "%sub400_3 = fsub i32 %current_height, i32 %neighbor_height_6" [flood_HLS_base.cpp:177]   --->   Operation 740 'fsub' 'sub400_3' <Predicate = (!icmp_ln109 & icmp_ln111 & and_ln148 & and_ln151 & !icmp_ln128_1 & and_ln175_7)> <Delay = 2.34> <CoreInst = "FAddSub_fulldsp">   --->   Core 18 'FAddSub_fulldsp' <Latency = 6> <II = 1> <Delay = 2.34> <FuncUnit> <Opcode : 'fadd' 'fsub'> <InPorts = 2> <OutPorts = 1>

State 99 <SV = 98> <Delay = 2.32>
ST_99 : Operation 741 [1/4] (2.32ns)   --->   "%mul7 = fmul i32 %proportion, i32 %sub6" [flood_HLS_base.cpp:149]   --->   Operation 741 'fmul' 'mul7' <Predicate = (!icmp_ln109 & icmp_ln111 & and_ln148 & and_ln151)> <Delay = 2.32> <CoreInst = "FMul_maxdsp">   --->   Core 30 'FMul_maxdsp' <Latency = 3> <II = 1> <Delay = 2.32> <FuncUnit> <Opcode : 'fmul'> <InPorts = 2> <OutPorts = 1>
ST_99 : Operation 742 [2/4] (2.32ns)   --->   "%mul9 = fmul i32 %proportion, i32 %sub7" [flood_HLS_base.cpp:177]   --->   Operation 742 'fmul' 'mul9' <Predicate = (!icmp_ln109 & icmp_ln111 & and_ln148 & and_ln151 & !empty_72 & and_ln175_1)> <Delay = 2.32> <CoreInst = "FMul_maxdsp">   --->   Core 30 'FMul_maxdsp' <Latency = 3> <II = 1> <Delay = 2.32> <FuncUnit> <Opcode : 'fmul'> <InPorts = 2> <OutPorts = 1>
ST_99 : Operation 743 [2/4] (2.32ns)   --->   "%mul401_1 = fmul i32 %proportion, i32 %sub400_1" [flood_HLS_base.cpp:177]   --->   Operation 743 'fmul' 'mul401_1' <Predicate = (!icmp_ln109 & icmp_ln111 & and_ln148 & and_ln151 & !empty_73 & and_ln175_3)> <Delay = 2.32> <CoreInst = "FMul_maxdsp">   --->   Core 30 'FMul_maxdsp' <Latency = 3> <II = 1> <Delay = 2.32> <FuncUnit> <Opcode : 'fmul'> <InPorts = 2> <OutPorts = 1>
ST_99 : Operation 744 [4/4] (2.32ns)   --->   "%mul401_2 = fmul i32 %proportion, i32 %sub400_2" [flood_HLS_base.cpp:177]   --->   Operation 744 'fmul' 'mul401_2' <Predicate = (!icmp_ln109 & icmp_ln111 & and_ln148 & and_ln151 & !icmp_ln128 & and_ln175_5)> <Delay = 2.32> <CoreInst = "FMul_maxdsp">   --->   Core 30 'FMul_maxdsp' <Latency = 3> <II = 1> <Delay = 2.32> <FuncUnit> <Opcode : 'fmul'> <InPorts = 2> <OutPorts = 1>
ST_99 : Operation 745 [4/4] (2.32ns)   --->   "%mul401_3 = fmul i32 %proportion, i32 %sub400_3" [flood_HLS_base.cpp:177]   --->   Operation 745 'fmul' 'mul401_3' <Predicate = (!icmp_ln109 & icmp_ln111 & and_ln148 & and_ln151 & !icmp_ln128_1 & and_ln175_7)> <Delay = 2.32> <CoreInst = "FMul_maxdsp">   --->   Core 30 'FMul_maxdsp' <Latency = 3> <II = 1> <Delay = 2.32> <FuncUnit> <Opcode : 'fmul'> <InPorts = 2> <OutPorts = 1>

State 100 <SV = 99> <Delay = 2.32>
ST_100 : Operation 746 [4/4] (2.32ns)   --->   "%div7 = fmul i32 %mul7, i32 0.5" [flood_HLS_base.cpp:149]   --->   Operation 746 'fmul' 'div7' <Predicate = (!icmp_ln109 & icmp_ln111 & and_ln148 & and_ln151)> <Delay = 2.32> <CoreInst = "FMul_maxdsp">   --->   Core 30 'FMul_maxdsp' <Latency = 3> <II = 1> <Delay = 2.32> <FuncUnit> <Opcode : 'fmul'> <InPorts = 2> <OutPorts = 1>
ST_100 : Operation 747 [1/4] (2.32ns)   --->   "%mul9 = fmul i32 %proportion, i32 %sub7" [flood_HLS_base.cpp:177]   --->   Operation 747 'fmul' 'mul9' <Predicate = (!icmp_ln109 & icmp_ln111 & and_ln148 & and_ln151 & !empty_72 & and_ln175_1)> <Delay = 2.32> <CoreInst = "FMul_maxdsp">   --->   Core 30 'FMul_maxdsp' <Latency = 3> <II = 1> <Delay = 2.32> <FuncUnit> <Opcode : 'fmul'> <InPorts = 2> <OutPorts = 1>
ST_100 : Operation 748 [1/4] (2.32ns)   --->   "%mul401_1 = fmul i32 %proportion, i32 %sub400_1" [flood_HLS_base.cpp:177]   --->   Operation 748 'fmul' 'mul401_1' <Predicate = (!icmp_ln109 & icmp_ln111 & and_ln148 & and_ln151 & !empty_73 & and_ln175_3)> <Delay = 2.32> <CoreInst = "FMul_maxdsp">   --->   Core 30 'FMul_maxdsp' <Latency = 3> <II = 1> <Delay = 2.32> <FuncUnit> <Opcode : 'fmul'> <InPorts = 2> <OutPorts = 1>
ST_100 : Operation 749 [3/4] (2.32ns)   --->   "%mul401_2 = fmul i32 %proportion, i32 %sub400_2" [flood_HLS_base.cpp:177]   --->   Operation 749 'fmul' 'mul401_2' <Predicate = (!icmp_ln109 & icmp_ln111 & and_ln148 & and_ln151 & !icmp_ln128 & and_ln175_5)> <Delay = 2.32> <CoreInst = "FMul_maxdsp">   --->   Core 30 'FMul_maxdsp' <Latency = 3> <II = 1> <Delay = 2.32> <FuncUnit> <Opcode : 'fmul'> <InPorts = 2> <OutPorts = 1>
ST_100 : Operation 750 [3/4] (2.32ns)   --->   "%mul401_3 = fmul i32 %proportion, i32 %sub400_3" [flood_HLS_base.cpp:177]   --->   Operation 750 'fmul' 'mul401_3' <Predicate = (!icmp_ln109 & icmp_ln111 & and_ln148 & and_ln151 & !icmp_ln128_1 & and_ln175_7)> <Delay = 2.32> <CoreInst = "FMul_maxdsp">   --->   Core 30 'FMul_maxdsp' <Latency = 3> <II = 1> <Delay = 2.32> <FuncUnit> <Opcode : 'fmul'> <InPorts = 2> <OutPorts = 1>

State 101 <SV = 100> <Delay = 2.32>
ST_101 : Operation 751 [3/4] (2.32ns)   --->   "%div7 = fmul i32 %mul7, i32 0.5" [flood_HLS_base.cpp:149]   --->   Operation 751 'fmul' 'div7' <Predicate = (!icmp_ln109 & icmp_ln111 & and_ln148 & and_ln151)> <Delay = 2.32> <CoreInst = "FMul_maxdsp">   --->   Core 30 'FMul_maxdsp' <Latency = 3> <II = 1> <Delay = 2.32> <FuncUnit> <Opcode : 'fmul'> <InPorts = 2> <OutPorts = 1>
ST_101 : Operation 752 [1/1] (1.24ns)   --->   "%store_ln177 = store i32 %mul9, i13 %spillage_from_neigh_addr" [flood_HLS_base.cpp:177]   --->   Operation 752 'store' 'store_ln177' <Predicate = (!icmp_ln109 & icmp_ln111 & and_ln148 & and_ln151 & !empty_72 & and_ln175_1)> <Delay = 1.24> <CoreInst = "RAM">   --->   Core 82 'RAM' <Latency = 1> <II = 1> <Delay = 1.24> <Storage> <Opcode : 'load' 'store'> <Ports = 2> <Width = 32> <Depth = 4800> <RAM>
ST_101 : Operation 753 [1/1] (0.00ns)   --->   "%br_ln179 = br void %if.end408" [flood_HLS_base.cpp:179]   --->   Operation 753 'br' 'br_ln179' <Predicate = (!icmp_ln109 & icmp_ln111 & and_ln148 & and_ln151 & !empty_72 & and_ln175_1)> <Delay = 0.00>
ST_101 : Operation 754 [1/1] (1.24ns)   --->   "%store_ln177 = store i32 %mul401_1, i13 %spillage_from_neigh_1_addr" [flood_HLS_base.cpp:177]   --->   Operation 754 'store' 'store_ln177' <Predicate = (!icmp_ln109 & icmp_ln111 & and_ln148 & and_ln151 & !empty_73 & and_ln175_3)> <Delay = 1.24> <CoreInst = "RAM">   --->   Core 82 'RAM' <Latency = 1> <II = 1> <Delay = 1.24> <Storage> <Opcode : 'load' 'store'> <Ports = 2> <Width = 32> <Depth = 4800> <RAM>
ST_101 : Operation 755 [1/1] (0.00ns)   --->   "%br_ln179 = br void %if.end408.1" [flood_HLS_base.cpp:179]   --->   Operation 755 'br' 'br_ln179' <Predicate = (!icmp_ln109 & icmp_ln111 & and_ln148 & and_ln151 & !empty_73 & and_ln175_3)> <Delay = 0.00>
ST_101 : Operation 756 [2/4] (2.32ns)   --->   "%mul401_2 = fmul i32 %proportion, i32 %sub400_2" [flood_HLS_base.cpp:177]   --->   Operation 756 'fmul' 'mul401_2' <Predicate = (!icmp_ln109 & icmp_ln111 & and_ln148 & and_ln151 & !icmp_ln128 & and_ln175_5)> <Delay = 2.32> <CoreInst = "FMul_maxdsp">   --->   Core 30 'FMul_maxdsp' <Latency = 3> <II = 1> <Delay = 2.32> <FuncUnit> <Opcode : 'fmul'> <InPorts = 2> <OutPorts = 1>
ST_101 : Operation 757 [2/4] (2.32ns)   --->   "%mul401_3 = fmul i32 %proportion, i32 %sub400_3" [flood_HLS_base.cpp:177]   --->   Operation 757 'fmul' 'mul401_3' <Predicate = (!icmp_ln109 & icmp_ln111 & and_ln148 & and_ln151 & !icmp_ln128_1 & and_ln175_7)> <Delay = 2.32> <CoreInst = "FMul_maxdsp">   --->   Core 30 'FMul_maxdsp' <Latency = 3> <II = 1> <Delay = 2.32> <FuncUnit> <Opcode : 'fmul'> <InPorts = 2> <OutPorts = 1>

State 102 <SV = 101> <Delay = 2.32>
ST_102 : Operation 758 [2/4] (2.32ns)   --->   "%div7 = fmul i32 %mul7, i32 0.5" [flood_HLS_base.cpp:149]   --->   Operation 758 'fmul' 'div7' <Predicate = (!icmp_ln109 & icmp_ln111 & and_ln148 & and_ln151)> <Delay = 2.32> <CoreInst = "FMul_maxdsp">   --->   Core 30 'FMul_maxdsp' <Latency = 3> <II = 1> <Delay = 2.32> <FuncUnit> <Opcode : 'fmul'> <InPorts = 2> <OutPorts = 1>
ST_102 : Operation 759 [1/4] (2.32ns)   --->   "%mul401_2 = fmul i32 %proportion, i32 %sub400_2" [flood_HLS_base.cpp:177]   --->   Operation 759 'fmul' 'mul401_2' <Predicate = (!icmp_ln109 & icmp_ln111 & and_ln148 & and_ln151 & !icmp_ln128 & and_ln175_5)> <Delay = 2.32> <CoreInst = "FMul_maxdsp">   --->   Core 30 'FMul_maxdsp' <Latency = 3> <II = 1> <Delay = 2.32> <FuncUnit> <Opcode : 'fmul'> <InPorts = 2> <OutPorts = 1>
ST_102 : Operation 760 [1/4] (2.32ns)   --->   "%mul401_3 = fmul i32 %proportion, i32 %sub400_3" [flood_HLS_base.cpp:177]   --->   Operation 760 'fmul' 'mul401_3' <Predicate = (!icmp_ln109 & icmp_ln111 & and_ln148 & and_ln151 & !icmp_ln128_1 & and_ln175_7)> <Delay = 2.32> <CoreInst = "FMul_maxdsp">   --->   Core 30 'FMul_maxdsp' <Latency = 3> <II = 1> <Delay = 2.32> <FuncUnit> <Opcode : 'fmul'> <InPorts = 2> <OutPorts = 1>

State 103 <SV = 102> <Delay = 2.32>
ST_103 : Operation 761 [1/4] (2.32ns)   --->   "%div7 = fmul i32 %mul7, i32 0.5" [flood_HLS_base.cpp:149]   --->   Operation 761 'fmul' 'div7' <Predicate = (!icmp_ln109 & icmp_ln111 & and_ln148 & and_ln151)> <Delay = 2.32> <CoreInst = "FMul_maxdsp">   --->   Core 30 'FMul_maxdsp' <Latency = 3> <II = 1> <Delay = 2.32> <FuncUnit> <Opcode : 'fmul'> <InPorts = 2> <OutPorts = 1>
ST_103 : Operation 762 [1/1] (1.24ns)   --->   "%store_ln177 = store i32 %mul401_2, i13 %spillage_from_neigh_2_addr" [flood_HLS_base.cpp:177]   --->   Operation 762 'store' 'store_ln177' <Predicate = (!icmp_ln109 & icmp_ln111 & and_ln148 & and_ln151 & !icmp_ln128 & and_ln175_5)> <Delay = 1.24> <CoreInst = "RAM">   --->   Core 82 'RAM' <Latency = 1> <II = 1> <Delay = 1.24> <Storage> <Opcode : 'load' 'store'> <Ports = 2> <Width = 32> <Depth = 4800> <RAM>
ST_103 : Operation 763 [1/1] (0.00ns)   --->   "%br_ln179 = br void %if.end408.2" [flood_HLS_base.cpp:179]   --->   Operation 763 'br' 'br_ln179' <Predicate = (!icmp_ln109 & icmp_ln111 & and_ln148 & and_ln151 & !icmp_ln128 & and_ln175_5)> <Delay = 0.00>
ST_103 : Operation 764 [1/1] (1.24ns)   --->   "%store_ln177 = store i32 %mul401_3, i13 %spillage_from_neigh_3_addr" [flood_HLS_base.cpp:177]   --->   Operation 764 'store' 'store_ln177' <Predicate = (!icmp_ln109 & icmp_ln111 & and_ln148 & and_ln151 & !icmp_ln128_1 & and_ln175_7)> <Delay = 1.24> <CoreInst = "RAM">   --->   Core 82 'RAM' <Latency = 1> <II = 1> <Delay = 1.24> <Storage> <Opcode : 'load' 'store'> <Ports = 2> <Width = 32> <Depth = 4800> <RAM>
ST_103 : Operation 765 [1/1] (0.00ns)   --->   "%br_ln179 = br void %if.end408.3" [flood_HLS_base.cpp:179]   --->   Operation 765 'br' 'br_ln179' <Predicate = (!icmp_ln109 & icmp_ln111 & and_ln148 & and_ln151 & !icmp_ln128_1 & and_ln175_7)> <Delay = 0.00>

State 104 <SV = 103> <Delay = 2.32>
ST_104 : Operation 766 [4/4] (2.32ns)   --->   "%mul8 = fmul i32 %div7, i32 1e+06" [flood_HLS_base.cpp:149]   --->   Operation 766 'fmul' 'mul8' <Predicate = (!icmp_ln109 & icmp_ln111 & and_ln148 & and_ln151)> <Delay = 2.32> <CoreInst = "FMul_maxdsp">   --->   Core 30 'FMul_maxdsp' <Latency = 3> <II = 1> <Delay = 2.32> <FuncUnit> <Opcode : 'fmul'> <InPorts = 2> <OutPorts = 1>

State 105 <SV = 104> <Delay = 2.32>
ST_105 : Operation 767 [3/4] (2.32ns)   --->   "%mul8 = fmul i32 %div7, i32 1e+06" [flood_HLS_base.cpp:149]   --->   Operation 767 'fmul' 'mul8' <Predicate = (!icmp_ln109 & icmp_ln111 & and_ln148 & and_ln151)> <Delay = 2.32> <CoreInst = "FMul_maxdsp">   --->   Core 30 'FMul_maxdsp' <Latency = 3> <II = 1> <Delay = 2.32> <FuncUnit> <Opcode : 'fmul'> <InPorts = 2> <OutPorts = 1>

State 106 <SV = 105> <Delay = 2.32>
ST_106 : Operation 768 [2/4] (2.32ns)   --->   "%mul8 = fmul i32 %div7, i32 1e+06" [flood_HLS_base.cpp:149]   --->   Operation 768 'fmul' 'mul8' <Predicate = (!icmp_ln109 & icmp_ln111 & and_ln148 & and_ln151)> <Delay = 2.32> <CoreInst = "FMul_maxdsp">   --->   Core 30 'FMul_maxdsp' <Latency = 3> <II = 1> <Delay = 2.32> <FuncUnit> <Opcode : 'fmul'> <InPorts = 2> <OutPorts = 1>

State 107 <SV = 106> <Delay = 2.32>
ST_107 : Operation 769 [1/4] (2.32ns)   --->   "%mul8 = fmul i32 %div7, i32 1e+06" [flood_HLS_base.cpp:149]   --->   Operation 769 'fmul' 'mul8' <Predicate = (!icmp_ln109 & icmp_ln111 & and_ln148 & and_ln151)> <Delay = 2.32> <CoreInst = "FMul_maxdsp">   --->   Core 30 'FMul_maxdsp' <Latency = 3> <II = 1> <Delay = 2.32> <FuncUnit> <Opcode : 'fmul'> <InPorts = 2> <OutPorts = 1>

State 108 <SV = 107> <Delay = 2.28>
ST_108 : Operation 770 [2/2] (2.28ns)   --->   "%tmp_20 = call i32 @__hls_fptosi_float_i32, i32 %mul8" [flood_HLS_base.cpp:169]   --->   Operation 770 'call' 'tmp_20' <Predicate = (!icmp_ln109 & icmp_ln111 & and_ln148 & and_ln151 & empty_72 & empty_80)> <Delay = 2.28> <CoreType = "Generic">   --->   Core 0 '' <Latency = 0> <II = 1> <Delay = 1.00> <Generic> <Opcode : >
ST_108 : Operation 771 [2/2] (2.28ns)   --->   "%tmp_21 = call i32 @__hls_fptosi_float_i32, i32 %mul8" [flood_HLS_base.cpp:169]   --->   Operation 771 'call' 'tmp_21' <Predicate = (!icmp_ln109 & icmp_ln111 & and_ln148 & and_ln151 & empty_80 & empty_73)> <Delay = 2.28> <CoreType = "Generic">   --->   Core 0 '' <Latency = 0> <II = 1> <Delay = 1.00> <Generic> <Opcode : >

State 109 <SV = 108> <Delay = 2.28>
ST_109 : Operation 772 [1/1] (0.00ns)   --->   "%p_load = load i416 %empty_71" [flood_HLS_base.cpp:168]   --->   Operation 772 'load' 'p_load' <Predicate = true> <Delay = 0.00>
ST_109 : Operation 773 [1/1] (0.38ns)   --->   "%br_ln0 = br void %for.inc410"   --->   Operation 773 'br' 'br_ln0' <Predicate = (!icmp_ln109 & icmp_ln111 & and_ln148 & and_ln151 & !empty_72)> <Delay = 0.38>
ST_109 : Operation 774 [1/1] (0.38ns)   --->   "%br_ln167 = br i1 %empty_80, void %for.inc410, void %if.then375" [flood_HLS_base.cpp:167]   --->   Operation 774 'br' 'br_ln167' <Predicate = (!icmp_ln109 & icmp_ln111 & and_ln148 & and_ln151 & empty_72)> <Delay = 0.38>
ST_109 : Operation 775 [1/2] (1.10ns)   --->   "%tmp_20 = call i32 @__hls_fptosi_float_i32, i32 %mul8" [flood_HLS_base.cpp:169]   --->   Operation 775 'call' 'tmp_20' <Predicate = (!icmp_ln109 & icmp_ln111 & and_ln148 & and_ln151 & empty_72 & empty_80)> <Delay = 1.10> <CoreType = "Generic">   --->   Core 0 '' <Latency = 0> <II = 1> <Delay = 1.00> <Generic> <Opcode : >
ST_109 : Operation 776 [1/1] (0.00ns)   --->   "%sext_ln169 = sext i32 %tmp_20" [flood_HLS_base.cpp:169]   --->   Operation 776 'sext' 'sext_ln169' <Predicate = (!icmp_ln109 & icmp_ln111 & and_ln148 & and_ln151 & empty_72 & empty_80)> <Delay = 0.00>
ST_109 : Operation 777 [1/1] (0.00ns)   --->   "%trunc_ln = partselect i64 @_ssdm_op_PartSelect.i64.i416.i32.i32, i416 %p_load, i32 288, i32 351" [flood_HLS_base.cpp:168]   --->   Operation 777 'partselect' 'trunc_ln' <Predicate = (!icmp_ln109 & icmp_ln111 & and_ln148 & and_ln151 & empty_72 & empty_80)> <Delay = 0.00>
ST_109 : Operation 778 [1/1] (1.14ns)   --->   "%add_ln168 = add i64 %trunc_ln, i64 %sext_ln169" [flood_HLS_base.cpp:168]   --->   Operation 778 'add' 'add_ln168' <Predicate = (!icmp_ln109 & icmp_ln111 & and_ln148 & and_ln151 & empty_72 & empty_80)> <Delay = 1.14> <CoreInst = "Adder">   --->   Core 1 'Adder' <Latency = 0> <II = 1> <Delay = 1.14> <FuncUnit> <Opcode : 'add' 'sub'> <InPorts = 2> <OutPorts = 1>
ST_109 : Operation 779 [1/1] (0.00ns)   --->   "%tmp_71 = partselect i64 @_ssdm_op_PartSelect.i64.i416.i32.i32, i416 %p_load, i32 352, i32 415" [flood_HLS_base.cpp:168]   --->   Operation 779 'partselect' 'tmp_71' <Predicate = (!icmp_ln109 & icmp_ln111 & and_ln148 & and_ln151 & empty_72 & empty_80)> <Delay = 0.00>
ST_109 : Operation 780 [1/1] (0.00ns)   --->   "%trunc_ln168 = trunc i416 %p_load" [flood_HLS_base.cpp:168]   --->   Operation 780 'trunc' 'trunc_ln168' <Predicate = (!icmp_ln109 & icmp_ln111 & and_ln148 & and_ln151 & empty_72 & empty_80)> <Delay = 0.00>
ST_109 : Operation 781 [1/1] (0.00ns)   --->   "%or_ln2 = bitconcatenate i416 @_ssdm_op_BitConcatenate.i416.i64.i64.i288, i64 %tmp_71, i64 %add_ln168, i288 %trunc_ln168" [flood_HLS_base.cpp:168]   --->   Operation 781 'bitconcatenate' 'or_ln2' <Predicate = (!icmp_ln109 & icmp_ln111 & and_ln148 & and_ln151 & empty_72 & empty_80)> <Delay = 0.00>
ST_109 : Operation 782 [1/1] (0.38ns)   --->   "%br_ln170 = br void %for.inc410" [flood_HLS_base.cpp:170]   --->   Operation 782 'br' 'br_ln170' <Predicate = (!icmp_ln109 & icmp_ln111 & and_ln148 & and_ln151 & empty_72 & empty_80)> <Delay = 0.38>
ST_109 : Operation 783 [1/2] (1.10ns)   --->   "%tmp_21 = call i32 @__hls_fptosi_float_i32, i32 %mul8" [flood_HLS_base.cpp:169]   --->   Operation 783 'call' 'tmp_21' <Predicate = (!icmp_ln109 & icmp_ln111 & and_ln148 & and_ln151 & empty_80 & empty_73)> <Delay = 1.10> <CoreType = "Generic">   --->   Core 0 '' <Latency = 0> <II = 1> <Delay = 1.00> <Generic> <Opcode : >
ST_109 : Operation 784 [2/2] (2.28ns)   --->   "%tmp_22 = call i32 @__hls_fptosi_float_i32, i32 %mul8" [flood_HLS_base.cpp:169]   --->   Operation 784 'call' 'tmp_22' <Predicate = (!icmp_ln109 & icmp_ln111 & and_ln148 & and_ln151 & empty_80 & icmp_ln128)> <Delay = 2.28> <CoreType = "Generic">   --->   Core 0 '' <Latency = 0> <II = 1> <Delay = 1.00> <Generic> <Opcode : >
ST_109 : Operation 785 [2/2] (2.28ns)   --->   "%tmp_23 = call i32 @__hls_fptosi_float_i32, i32 %mul8" [flood_HLS_base.cpp:169]   --->   Operation 785 'call' 'tmp_23' <Predicate = (!icmp_ln109 & icmp_ln111 & and_ln148 & and_ln151 & empty_80 & icmp_ln128_1)> <Delay = 2.28> <CoreType = "Generic">   --->   Core 0 '' <Latency = 0> <II = 1> <Delay = 1.00> <Generic> <Opcode : >
ST_109 : Operation 822 [1/1] (0.00ns)   --->   "%write_ln168 = write void @_ssdm_op_Write.ap_auto.i416P0A, i416 %p_out, i416 %p_load" [flood_HLS_base.cpp:168]   --->   Operation 822 'write' 'write_ln168' <Predicate = (icmp_ln109)> <Delay = 0.00>
ST_109 : Operation 823 [1/1] (0.38ns)   --->   "%ret_ln0 = ret"   --->   Operation 823 'ret' 'ret_ln0' <Predicate = (icmp_ln109)> <Delay = 0.38>

State 110 <SV = 109> <Delay = 2.68>
ST_110 : Operation 786 [1/1] (0.00ns)   --->   "%empty_76 = phi i416 %p_load, void %if.end408, i416 %or_ln2, void %if.then375, i416 %p_load, void %if.then368" [flood_HLS_base.cpp:168]   --->   Operation 786 'phi' 'empty_76' <Predicate = (!icmp_ln109 & icmp_ln111 & and_ln148 & and_ln151)> <Delay = 0.00>
ST_110 : Operation 787 [1/1] (0.38ns)   --->   "%br_ln0 = br void %for.inc410.1"   --->   Operation 787 'br' 'br_ln0' <Predicate = (!icmp_ln109 & icmp_ln111 & and_ln148 & and_ln151 & !empty_73)> <Delay = 0.38>
ST_110 : Operation 788 [1/1] (0.38ns)   --->   "%br_ln167 = br i1 %empty_80, void %for.inc410.1, void %if.then375.1" [flood_HLS_base.cpp:167]   --->   Operation 788 'br' 'br_ln167' <Predicate = (!icmp_ln109 & icmp_ln111 & and_ln148 & and_ln151 & empty_73)> <Delay = 0.38>
ST_110 : Operation 789 [1/1] (0.00ns)   --->   "%sext_ln169_1 = sext i32 %tmp_21" [flood_HLS_base.cpp:169]   --->   Operation 789 'sext' 'sext_ln169_1' <Predicate = (!icmp_ln109 & icmp_ln111 & and_ln148 & and_ln151 & empty_80 & empty_73)> <Delay = 0.00>
ST_110 : Operation 790 [1/1] (0.00ns)   --->   "%trunc_ln168_1 = partselect i64 @_ssdm_op_PartSelect.i64.i416.i32.i32, i416 %empty_76, i32 288, i32 351" [flood_HLS_base.cpp:168]   --->   Operation 790 'partselect' 'trunc_ln168_1' <Predicate = (!icmp_ln109 & icmp_ln111 & and_ln148 & and_ln151 & empty_80 & empty_73)> <Delay = 0.00>
ST_110 : Operation 791 [1/1] (1.14ns)   --->   "%add_ln168_1 = add i64 %trunc_ln168_1, i64 %sext_ln169_1" [flood_HLS_base.cpp:168]   --->   Operation 791 'add' 'add_ln168_1' <Predicate = (!icmp_ln109 & icmp_ln111 & and_ln148 & and_ln151 & empty_80 & empty_73)> <Delay = 1.14> <CoreInst = "Adder">   --->   Core 1 'Adder' <Latency = 0> <II = 1> <Delay = 1.14> <FuncUnit> <Opcode : 'add' 'sub'> <InPorts = 2> <OutPorts = 1>
ST_110 : Operation 792 [1/1] (0.00ns)   --->   "%tmp_74 = partselect i64 @_ssdm_op_PartSelect.i64.i416.i32.i32, i416 %empty_76, i32 352, i32 415" [flood_HLS_base.cpp:168]   --->   Operation 792 'partselect' 'tmp_74' <Predicate = (!icmp_ln109 & icmp_ln111 & and_ln148 & and_ln151 & empty_80 & empty_73)> <Delay = 0.00>
ST_110 : Operation 793 [1/1] (0.00ns)   --->   "%trunc_ln168_4 = trunc i416 %empty_76" [flood_HLS_base.cpp:168]   --->   Operation 793 'trunc' 'trunc_ln168_4' <Predicate = (!icmp_ln109 & icmp_ln111 & and_ln148 & and_ln151 & empty_80 & empty_73)> <Delay = 0.00>
ST_110 : Operation 794 [1/1] (0.00ns)   --->   "%or_ln168_1 = bitconcatenate i416 @_ssdm_op_BitConcatenate.i416.i64.i64.i288, i64 %tmp_74, i64 %add_ln168_1, i288 %trunc_ln168_4" [flood_HLS_base.cpp:168]   --->   Operation 794 'bitconcatenate' 'or_ln168_1' <Predicate = (!icmp_ln109 & icmp_ln111 & and_ln148 & and_ln151 & empty_80 & empty_73)> <Delay = 0.00>
ST_110 : Operation 795 [1/1] (0.38ns)   --->   "%br_ln170 = br void %for.inc410.1" [flood_HLS_base.cpp:170]   --->   Operation 795 'br' 'br_ln170' <Predicate = (!icmp_ln109 & icmp_ln111 & and_ln148 & and_ln151 & empty_80 & empty_73)> <Delay = 0.38>
ST_110 : Operation 796 [1/1] (0.00ns)   --->   "%empty_75 = phi i416 %empty_76, void %if.end408.1, i416 %or_ln168_1, void %if.then375.1, i416 %empty_76, void %if.then368.1" [flood_HLS_base.cpp:168]   --->   Operation 796 'phi' 'empty_75' <Predicate = (!icmp_ln109 & icmp_ln111 & and_ln148 & and_ln151)> <Delay = 0.00>
ST_110 : Operation 797 [1/1] (0.00ns)   --->   "%br_ln163 = br i1 %icmp_ln128, void %if.else384.2, void %if.then368.2" [flood_HLS_base.cpp:163]   --->   Operation 797 'br' 'br_ln163' <Predicate = (!icmp_ln109 & icmp_ln111 & and_ln148 & and_ln151)> <Delay = 0.00>
ST_110 : Operation 798 [1/1] (0.38ns)   --->   "%br_ln0 = br void %for.inc410.2"   --->   Operation 798 'br' 'br_ln0' <Predicate = (!icmp_ln109 & icmp_ln111 & and_ln148 & and_ln151 & !icmp_ln128)> <Delay = 0.38>
ST_110 : Operation 799 [1/1] (0.38ns)   --->   "%br_ln167 = br i1 %empty_80, void %for.inc410.2, void %if.then375.2" [flood_HLS_base.cpp:167]   --->   Operation 799 'br' 'br_ln167' <Predicate = (!icmp_ln109 & icmp_ln111 & and_ln148 & and_ln151 & icmp_ln128)> <Delay = 0.38>
ST_110 : Operation 800 [1/2] (1.10ns)   --->   "%tmp_22 = call i32 @__hls_fptosi_float_i32, i32 %mul8" [flood_HLS_base.cpp:169]   --->   Operation 800 'call' 'tmp_22' <Predicate = (!icmp_ln109 & icmp_ln111 & and_ln148 & and_ln151 & empty_80 & icmp_ln128)> <Delay = 1.10> <CoreType = "Generic">   --->   Core 0 '' <Latency = 0> <II = 1> <Delay = 1.00> <Generic> <Opcode : >
ST_110 : Operation 801 [1/1] (0.00ns)   --->   "%sext_ln169_2 = sext i32 %tmp_22" [flood_HLS_base.cpp:169]   --->   Operation 801 'sext' 'sext_ln169_2' <Predicate = (!icmp_ln109 & icmp_ln111 & and_ln148 & and_ln151 & empty_80 & icmp_ln128)> <Delay = 0.00>
ST_110 : Operation 802 [1/1] (0.00ns)   --->   "%trunc_ln168_2 = partselect i64 @_ssdm_op_PartSelect.i64.i416.i32.i32, i416 %empty_75, i32 288, i32 351" [flood_HLS_base.cpp:168]   --->   Operation 802 'partselect' 'trunc_ln168_2' <Predicate = (!icmp_ln109 & icmp_ln111 & and_ln148 & and_ln151 & empty_80 & icmp_ln128)> <Delay = 0.00>
ST_110 : Operation 803 [1/1] (1.14ns)   --->   "%add_ln168_2 = add i64 %trunc_ln168_2, i64 %sext_ln169_2" [flood_HLS_base.cpp:168]   --->   Operation 803 'add' 'add_ln168_2' <Predicate = (!icmp_ln109 & icmp_ln111 & and_ln148 & and_ln151 & empty_80 & icmp_ln128)> <Delay = 1.14> <CoreInst = "Adder">   --->   Core 1 'Adder' <Latency = 0> <II = 1> <Delay = 1.14> <FuncUnit> <Opcode : 'add' 'sub'> <InPorts = 2> <OutPorts = 1>
ST_110 : Operation 804 [1/2] (1.10ns)   --->   "%tmp_23 = call i32 @__hls_fptosi_float_i32, i32 %mul8" [flood_HLS_base.cpp:169]   --->   Operation 804 'call' 'tmp_23' <Predicate = (!icmp_ln109 & icmp_ln111 & and_ln148 & and_ln151 & empty_80 & icmp_ln128_1)> <Delay = 1.10> <CoreType = "Generic">   --->   Core 0 '' <Latency = 0> <II = 1> <Delay = 1.00> <Generic> <Opcode : >

State 111 <SV = 110> <Delay = 1.95>
ST_111 : Operation 805 [1/1] (0.00ns)   --->   "%tmp_77 = partselect i64 @_ssdm_op_PartSelect.i64.i416.i32.i32, i416 %empty_75, i32 352, i32 415" [flood_HLS_base.cpp:168]   --->   Operation 805 'partselect' 'tmp_77' <Predicate = (!icmp_ln109 & icmp_ln111 & and_ln148 & and_ln151 & empty_80 & icmp_ln128)> <Delay = 0.00>
ST_111 : Operation 806 [1/1] (0.00ns)   --->   "%trunc_ln168_5 = trunc i416 %empty_75" [flood_HLS_base.cpp:168]   --->   Operation 806 'trunc' 'trunc_ln168_5' <Predicate = (!icmp_ln109 & icmp_ln111 & and_ln148 & and_ln151 & empty_80 & icmp_ln128)> <Delay = 0.00>
ST_111 : Operation 807 [1/1] (0.00ns)   --->   "%or_ln168_2 = bitconcatenate i416 @_ssdm_op_BitConcatenate.i416.i64.i64.i288, i64 %tmp_77, i64 %add_ln168_2, i288 %trunc_ln168_5" [flood_HLS_base.cpp:168]   --->   Operation 807 'bitconcatenate' 'or_ln168_2' <Predicate = (!icmp_ln109 & icmp_ln111 & and_ln148 & and_ln151 & empty_80 & icmp_ln128)> <Delay = 0.00>
ST_111 : Operation 808 [1/1] (0.38ns)   --->   "%br_ln170 = br void %for.inc410.2" [flood_HLS_base.cpp:170]   --->   Operation 808 'br' 'br_ln170' <Predicate = (!icmp_ln109 & icmp_ln111 & and_ln148 & and_ln151 & empty_80 & icmp_ln128)> <Delay = 0.38>
ST_111 : Operation 809 [1/1] (0.00ns)   --->   "%empty_74 = phi i416 %empty_75, void %if.end408.2, i416 %or_ln168_2, void %if.then375.2, i416 %empty_75, void %if.then368.2" [flood_HLS_base.cpp:168]   --->   Operation 809 'phi' 'empty_74' <Predicate = (!icmp_ln109 & icmp_ln111 & and_ln148 & and_ln151)> <Delay = 0.00>
ST_111 : Operation 810 [1/1] (0.41ns)   --->   "%store_ln168 = store i416 %empty_74, i416 %empty_71" [flood_HLS_base.cpp:168]   --->   Operation 810 'store' 'store_ln168' <Predicate = (!icmp_ln109 & icmp_ln111 & and_ln148 & and_ln151 & !icmp_ln128_1)> <Delay = 0.41>
ST_111 : Operation 811 [1/1] (0.00ns)   --->   "%br_ln0 = br void %for.inc416"   --->   Operation 811 'br' 'br_ln0' <Predicate = (!icmp_ln109 & icmp_ln111 & and_ln148 & and_ln151 & !icmp_ln128_1)> <Delay = 0.00>
ST_111 : Operation 812 [1/1] (0.41ns)   --->   "%store_ln168 = store i416 %empty_74, i416 %empty_71" [flood_HLS_base.cpp:168]   --->   Operation 812 'store' 'store_ln168' <Predicate = (!icmp_ln109 & icmp_ln111 & and_ln148 & and_ln151 & !empty_80 & icmp_ln128_1)> <Delay = 0.41>
ST_111 : Operation 813 [1/1] (0.00ns)   --->   "%br_ln167 = br void %for.inc416" [flood_HLS_base.cpp:167]   --->   Operation 813 'br' 'br_ln167' <Predicate = (!icmp_ln109 & icmp_ln111 & and_ln148 & and_ln151 & !empty_80 & icmp_ln128_1)> <Delay = 0.00>
ST_111 : Operation 814 [1/1] (0.00ns)   --->   "%sext_ln169_3 = sext i32 %tmp_23" [flood_HLS_base.cpp:169]   --->   Operation 814 'sext' 'sext_ln169_3' <Predicate = (!icmp_ln109 & icmp_ln111 & and_ln148 & and_ln151 & empty_80 & icmp_ln128_1)> <Delay = 0.00>
ST_111 : Operation 815 [1/1] (0.00ns)   --->   "%trunc_ln168_3 = partselect i64 @_ssdm_op_PartSelect.i64.i416.i32.i32, i416 %empty_74, i32 288, i32 351" [flood_HLS_base.cpp:168]   --->   Operation 815 'partselect' 'trunc_ln168_3' <Predicate = (!icmp_ln109 & icmp_ln111 & and_ln148 & and_ln151 & empty_80 & icmp_ln128_1)> <Delay = 0.00>
ST_111 : Operation 816 [1/1] (1.14ns)   --->   "%add_ln168_3 = add i64 %trunc_ln168_3, i64 %sext_ln169_3" [flood_HLS_base.cpp:168]   --->   Operation 816 'add' 'add_ln168_3' <Predicate = (!icmp_ln109 & icmp_ln111 & and_ln148 & and_ln151 & empty_80 & icmp_ln128_1)> <Delay = 1.14> <CoreInst = "Adder">   --->   Core 1 'Adder' <Latency = 0> <II = 1> <Delay = 1.14> <FuncUnit> <Opcode : 'add' 'sub'> <InPorts = 2> <OutPorts = 1>
ST_111 : Operation 817 [1/1] (0.00ns)   --->   "%tmp_80 = partselect i64 @_ssdm_op_PartSelect.i64.i416.i32.i32, i416 %empty_74, i32 352, i32 415" [flood_HLS_base.cpp:168]   --->   Operation 817 'partselect' 'tmp_80' <Predicate = (!icmp_ln109 & icmp_ln111 & and_ln148 & and_ln151 & empty_80 & icmp_ln128_1)> <Delay = 0.00>
ST_111 : Operation 818 [1/1] (0.00ns)   --->   "%trunc_ln168_6 = trunc i416 %empty_74" [flood_HLS_base.cpp:168]   --->   Operation 818 'trunc' 'trunc_ln168_6' <Predicate = (!icmp_ln109 & icmp_ln111 & and_ln148 & and_ln151 & empty_80 & icmp_ln128_1)> <Delay = 0.00>
ST_111 : Operation 819 [1/1] (0.00ns)   --->   "%or_ln168_3 = bitconcatenate i416 @_ssdm_op_BitConcatenate.i416.i64.i64.i288, i64 %tmp_80, i64 %add_ln168_3, i288 %trunc_ln168_6" [flood_HLS_base.cpp:168]   --->   Operation 819 'bitconcatenate' 'or_ln168_3' <Predicate = (!icmp_ln109 & icmp_ln111 & and_ln148 & and_ln151 & empty_80 & icmp_ln128_1)> <Delay = 0.00>
ST_111 : Operation 820 [1/1] (0.41ns)   --->   "%store_ln168 = store i416 %or_ln168_3, i416 %empty_71" [flood_HLS_base.cpp:168]   --->   Operation 820 'store' 'store_ln168' <Predicate = (!icmp_ln109 & icmp_ln111 & and_ln148 & and_ln151 & empty_80 & icmp_ln128_1)> <Delay = 0.41>
ST_111 : Operation 821 [1/1] (0.00ns)   --->   "%br_ln170 = br void %for.inc416" [flood_HLS_base.cpp:170]   --->   Operation 821 'br' 'br_ln170' <Predicate = (!icmp_ln109 & icmp_ln111 & and_ln148 & and_ln151 & empty_80 & icmp_ln128_1)> <Delay = 0.00>


============================================================
+ Verbose Summary: Binding
============================================================
STG Binding: 
---------------- STG Properties BEGIN ----------------
- Is combinational: 0
- Is one-state seq: 0
- Is datapath-only: 0
- Is pipelined: 0
- Is top level: 0
Port [ Return ] is wired: 1; IO mode=ap_ctrl_hs:ce=0
Port [ empty]:  wired=1; compound=0; hidden=0; nouse=0; global=0; static=0; extern=0; dir=0; type=0; pingpong=0; private_global=0; IO mode=ap_none:ce=0
Port [ p_ground]:  wired=1; compound=1; hidden=0; nouse=0; global=0; static=0; extern=0; dir=0; type=1; pingpong=0; private_global=0; MemPort=[11]; IO mode=ap_memory:ce=0
Port [ spillage_flag]:  wired=1; compound=1; hidden=0; nouse=0; global=0; static=0; extern=0; dir=1; type=1; pingpong=0; private_global=0; MemPort=[03]; IO mode=ap_memory:ce=0
Port [ spillage_level]:  wired=1; compound=1; hidden=0; nouse=0; global=0; static=0; extern=0; dir=1; type=1; pingpong=0; private_global=0; MemPort=[03]; IO mode=ap_memory:ce=0
Port [ water_level]:  wired=1; compound=1; hidden=0; nouse=0; global=0; static=0; extern=0; dir=0; type=1; pingpong=0; private_global=0; MemPort=[11333333333333333]; IO mode=ap_memory:ce=0
Port [ water_level_1]:  wired=1; compound=1; hidden=0; nouse=0; global=0; static=0; extern=0; dir=0; type=1; pingpong=0; private_global=0; MemPort=[11333333333333333]; IO mode=ap_memory:ce=0
Port [ water_level_2]:  wired=1; compound=1; hidden=0; nouse=0; global=0; static=0; extern=0; dir=0; type=1; pingpong=0; private_global=0; MemPort=[11333333333333333]; IO mode=ap_memory:ce=0
Port [ spillage_from_neigh]:  wired=1; compound=1; hidden=0; nouse=0; global=0; static=0; extern=0; dir=1; type=1; pingpong=0; private_global=0; MemPort=[03]; IO mode=ap_memory:ce=0
Port [ spillage_from_neigh_1]:  wired=1; compound=1; hidden=0; nouse=0; global=0; static=0; extern=0; dir=1; type=1; pingpong=0; private_global=0; MemPort=[03]; IO mode=ap_memory:ce=0
Port [ spillage_from_neigh_2]:  wired=1; compound=1; hidden=0; nouse=0; global=0; static=0; extern=0; dir=1; type=1; pingpong=0; private_global=0; MemPort=[03]; IO mode=ap_memory:ce=0
Port [ spillage_from_neigh_3]:  wired=1; compound=1; hidden=0; nouse=0; global=0; static=0; extern=0; dir=1; type=1; pingpong=0; private_global=0; MemPort=[03]; IO mode=ap_memory:ce=0
Port [ p_out]:  wired=1; compound=0; hidden=0; nouse=0; global=0; static=0; extern=0; dir=1; type=0; pingpong=0; private_global=0; IO mode=ap_vld:ce=0
---------------- STG Properties END ------------------

---------------- Datapath Model BEGIN ----------------

<LifeTime>
<method=bitvector/>
new_col                    (alloca           ) [ 0100000000000000000000000000000000000000000000000000000000000000000000000000000000000000000000000000000000000000]
new_row_2                  (alloca           ) [ 0100000000000000000000000000000000000000000000000000000000000000000000000000000000000000000000000000000000000000]
indvar_flatten9            (alloca           ) [ 0100000000000000000000000000000000000000000000000000000000000000000000000000000000000000000000000000000000000000]
empty_71                   (alloca           ) [ 0111111111111111111111111111111111111111111111111111111111111111111111111111111111111111111111111111111111111111]
specinterface_ln0          (specinterface    ) [ 0000000000000000000000000000000000000000000000000000000000000000000000000000000000000000000000000000000000000000]
tmp                        (read             ) [ 0000000000000000000000000000000000000000000000000000000000000000000000000000000000000000000000000000000000000000]
store_ln0                  (store            ) [ 0000000000000000000000000000000000000000000000000000000000000000000000000000000000000000000000000000000000000000]
store_ln0                  (store            ) [ 0000000000000000000000000000000000000000000000000000000000000000000000000000000000000000000000000000000000000000]
store_ln72                 (store            ) [ 0000000000000000000000000000000000000000000000000000000000000000000000000000000000000000000000000000000000000000]
store_ln72                 (store            ) [ 0000000000000000000000000000000000000000000000000000000000000000000000000000000000000000000000000000000000000000]
br_ln0                     (br               ) [ 0000000000000000000000000000000000000000000000000000000000000000000000000000000000000000000000000000000000000000]
indvar_flatten9_load       (load             ) [ 0000000000000000000000000000000000000000000000000000000000000000000000000000000000000000000000000000000000000000]
icmp_ln109                 (icmp             ) [ 0111111111111111111111111111111111111111111111111111111111111111111111111111111111111111111111111111111111111111]
add_ln109_1                (add              ) [ 0000000000000000000000000000000000000000000000000000000000000000000000000000000000000000000000000000000000000000]
br_ln109                   (br               ) [ 0000000000000000000000000000000000000000000000000000000000000000000000000000000000000000000000000000000000000000]
new_col_load               (load             ) [ 0000000000000000000000000000000000000000000000000000000000000000000000000000000000000000000000000000000000000000]
new_row_2_load             (load             ) [ 0000000000000000000000000000000000000000000000000000000000000000000000000000000000000000000000000000000000000000]
add_ln109                  (add              ) [ 0000000000000000000000000000000000000000000000000000000000000000000000000000000000000000000000000000000000000000]
icmp_ln110                 (icmp             ) [ 0000000000000000000000000000000000000000000000000000000000000000000000000000000000000000000000000000000000000000]
select_ln52                (select           ) [ 0111111111111111111111111110000000000000000000000000000000000000000000000000000000000000000000000000000000000000]
select_ln109               (select           ) [ 0111111111111111111111111110000000000000000000000000000000000000000000000000000000000000000000000000000000000000]
zext_ln117                 (zext             ) [ 0000000000000000000000000000000000000000000000000000000000000000000000000000000000000000000000000000000000000000]
mul_ln111                  (mul              ) [ 0111111111111110000000000000000000000000000000000000000000000000000000000000000000000000000000000000000000000000]
zext_ln52                  (zext             ) [ 0000000000000000000000000000000000000000000000000000000000000000000000000000000000000000000000000000000000000000]
mul_ln52                   (mul              ) [ 0000000000000000000000000000000000000000000000000000000000000000000000000000000000000000000000000000000000000000]
tmp_60                     (partselect       ) [ 0010000000000000000000000000000000000000000000000000000000000000000000000000000000000000000000000000000000000000]
add_ln110                  (add              ) [ 0000000000000000000000000000000000000000000000000000000000000000000000000000000000000000000000000000000000000000]
store_ln109                (store            ) [ 0000000000000000000000000000000000000000000000000000000000000000000000000000000000000000000000000000000000000000]
store_ln72                 (store            ) [ 0000000000000000000000000000000000000000000000000000000000000000000000000000000000000000000000000000000000000000]
store_ln72                 (store            ) [ 0000000000000000000000000000000000000000000000000000000000000000000000000000000000000000000000000000000000000000]
br_ln110                   (br               ) [ 0000000000000000000000000000000000000000000000000000000000000000000000000000000000000000000000000000000000000000]
zext_ln111                 (zext             ) [ 0111111111110000000000000000000000000000000000000000000000000000000000000000000000000000000000000000000000000000]
add_ln111                  (add              ) [ 0000000000000000000000000000000000000000000000000000000000000000000000000000000000000000000000000000000000000000]
zext_ln111_1               (zext             ) [ 0000000000000000000000000000000000000000000000000000000000000000000000000000000000000000000000000000000000000000]
water_level_addr           (getelementptr    ) [ 0001000000000000000000000000000000000000000000000000000000000000000000000000000000000000000000000000000000000000]
water_level_1_addr         (getelementptr    ) [ 0001000000000000000000000000000000000000000000000000000000000000000000000000000000000000000000000000000000000000]
water_level_2_addr         (getelementptr    ) [ 0001000000000000000000000000000000000000000000000000000000000000000000000000000000000000000000000000000000000000]
water_level_load           (load             ) [ 0111111111110000000000000000000000000000000000000000000000000000000000000000000000000000000000000000000000000000]
water_level_1_load         (load             ) [ 0111111111110000000000000000000000000000000000000000000000000000000000000000000000000000000000000000000000000000]
water_level_2_load         (load             ) [ 0111111111110000000000000000000000000000000000000000000000000000000000000000000000000000000000000000000000000000]
row_pos_4_cast             (zext             ) [ 0000000000000000000000000000000000000000000000000000000000000000000000000000000000000000000000000000000000000000]
new_row                    (add              ) [ 0111000001111111111111111110000000000000000000000000000000000000000000000000000000000000000000000000000000000000]
new_row_cast2              (zext             ) [ 0000000000000000000000000000000000000000000000000000000000000000000000000000000000000000000000000000000000000000]
mul_ln134_1                (mul              ) [ 0111000001110000000000000000000000000000000000000000000000000000000000000000000000000000000000000000000000000000]
new_row_1                  (add              ) [ 0111000000001111111111111110000000000000000000000000000000000000000000000000000000000000000000000000000000000000]
zext_ln134_2               (zext             ) [ 0000000000000000000000000000000000000000000000000000000000000000000000000000000000000000000000000000000000000000]
mul_ln134                  (mul              ) [ 0000000000000000000000000000000000000000000000000000000000000000000000000000000000000000000000000000000000000000]
urem_ln52                  (urem             ) [ 0000000000000000000000000000000000000000000000000000000000000000000000000000000000000000000000000000000000000000]
trunc_ln52                 (trunc            ) [ 0111000000001111100000000000000000000000000000000000000000000000000000000000000000000000000000000000000000000000]
tmp_s                      (sparsemux        ) [ 0111000000001111000000000000000000000000000000000000000000000000000000000000000000000000000000000000000000000000]
icmp_ln111                 (icmp             ) [ 0111000000011111111111111111111111111111111111111111111111111111111111111111111111111111111111111111111111111111]
br_ln111                   (br               ) [ 0000000000000000000000000000000000000000000000000000000000000000000000000000000000000000000000000000000000000000]
zext_ln122                 (zext             ) [ 0000000000000000000000000000000000000000000000000000000000000000000000000000000000000000000000000000000000000000]
add_ln134                  (add              ) [ 0000000000000000000000000000000000000000000000000000000000000000000000000000000000000000000000000000000000000000]
zext_ln134_5               (zext             ) [ 0000000000000000000000000000000000000000000000000000000000000000000000000000000000000000000000000000000000000000]
water_level_addr_1         (getelementptr    ) [ 0001000000001000000000000000000000000000000000000000000000000000000000000000000000000000000000000000000000000000]
add_ln134_1                (add              ) [ 0001000000001000000000000000000000000000000000000000000000000000000000000000000000000000000000000000000000000000]
water_level_1_addr_1       (getelementptr    ) [ 0001000000001000000000000000000000000000000000000000000000000000000000000000000000000000000000000000000000000000]
water_level_2_addr_1       (getelementptr    ) [ 0001000000001000000000000000000000000000000000000000000000000000000000000000000000000000000000000000000000000000]
new_col_1                  (add              ) [ 0111000000001111111111111111111111111111000000000000000000000000000000000000000000000000000000000000000000000000]
zext_ln134_6               (zext             ) [ 0000000000000000000000000000000000000000000000000000000000000000000000000000000000000000000000000000000000000000]
water_level_addr_2         (getelementptr    ) [ 0100000000000100000000000000000000000000000000000000000000000000000000000000000000000000000000000000000000000000]
water_level_1_addr_2       (getelementptr    ) [ 0100000000000100000000000000000000000000000000000000000000000000000000000000000000000000000000000000000000000000]
water_level_2_addr_2       (getelementptr    ) [ 0100000000000100000000000000000000000000000000000000000000000000000000000000000000000000000000000000000000000000]
water_level_load_1         (load             ) [ 0000000000000000000000000000000000000000000000000000000000000000000000000000000000000000000000000000000000000000]
water_level_1_load_1       (load             ) [ 0000000000000000000000000000000000000000000000000000000000000000000000000000000000000000000000000000000000000000]
water_level_2_load_1       (load             ) [ 0000000000000000000000000000000000000000000000000000000000000000000000000000000000000000000000000000000000000000]
tmp_4                      (sparsemux        ) [ 0111000000000111100000000000000000000000000000000000000000000000000000000000000000000000000000000000000000000000]
sext_ln72                  (sext             ) [ 0000000000000000000000000000000000000000000000000000000000000000000000000000000000000000000000000000000000000000]
zext_ln72                  (zext             ) [ 0100000000000100000000000000000000000000000000000000000000000000000000000000000000000000000000000000000000000000]
new_col_2                  (add              ) [ 0111000000000111111111111111111111111100000000000000000000000000000000000000000000000000000000000000000000000000]
zext_ln72_1                (zext             ) [ 0000000000000000000000000000000000000000000000000000000000000000000000000000000000000000000000000000000000000000]
mul_ln72_1                 (mul              ) [ 0000000000000000000000000000000000000000000000000000000000000000000000000000000000000000000000000000000000000000]
tmp_66                     (partselect       ) [ 0100000000000100000000000000000000000000000000000000000000000000000000000000000000000000000000000000000000000000]
water_level_load_2         (load             ) [ 0000000000000000000000000000000000000000000000000000000000000000000000000000000000000000000000000000000000000000]
water_level_1_load_2       (load             ) [ 0000000000000000000000000000000000000000000000000000000000000000000000000000000000000000000000000000000000000000]
water_level_2_load_2       (load             ) [ 0000000000000000000000000000000000000000000000000000000000000000000000000000000000000000000000000000000000000000]
tmp_5                      (sparsemux        ) [ 0111000000000011110000000000000000000000000000000000000000000000000000000000000000000000000000000000000000000000]
mul_ln72                   (mul              ) [ 0000000000000000000000000000000000000000000000000000000000000000000000000000000000000000000000000000000000000000]
udiv_ln1_cast              (partselect       ) [ 0010000000000010000000000000000000000000000000000000000000000000000000000000000000000000000000000000000000000000]
zext_ln134_10              (zext             ) [ 0000000000000000000000000000000000000000000000000000000000000000000000000000000000000000000000000000000000000000]
add_ln134_6                (add              ) [ 0000000000000000000000000000000000000000000000000000000000000000000000000000000000000000000000000000000000000000]
zext_ln134_11              (zext             ) [ 0000000000000000000000000000000000000000000000000000000000000000000000000000000000000000000000000000000000000000]
water_level_addr_4         (getelementptr    ) [ 0010000000000010000000000000000000000000000000000000000000000000000000000000000000000000000000000000000000000000]
water_level_1_addr_4       (getelementptr    ) [ 0010000000000010000000000000000000000000000000000000000000000000000000000000000000000000000000000000000000000000]
water_level_2_addr_4       (getelementptr    ) [ 0010000000000010000000000000000000000000000000000000000000000000000000000000000000000000000000000000000000000000]
add_ln134_4                (add              ) [ 0001000000000001000000000000000000000000000000000000000000000000000000000000000000000000000000000000000000000000]
water_level_load_4         (load             ) [ 0000000000000000000000000000000000000000000000000000000000000000000000000000000000000000000000000000000000000000]
water_level_1_load_4       (load             ) [ 0000000000000000000000000000000000000000000000000000000000000000000000000000000000000000000000000000000000000000]
water_level_2_load_4       (load             ) [ 0000000000000000000000000000000000000000000000000000000000000000000000000000000000000000000000000000000000000000]
tmp_11                     (sparsemux        ) [ 0111000000000001111000000000000000000000000000000000000000000000000000000000000000000000000000000000000000000000]
conv3                      (sitofp           ) [ 0111000000000000111111111111000000000000000000000000000000000000000000000000000000000000000000000000000000000000]
zext_ln134_9               (zext             ) [ 0000000000000000000000000000000000000000000000000000000000000000000000000000000000000000000000000000000000000000]
water_level_addr_3         (getelementptr    ) [ 0100000000000000100000000000000000000000000000000000000000000000000000000000000000000000000000000000000000000000]
water_level_1_addr_3       (getelementptr    ) [ 0100000000000000100000000000000000000000000000000000000000000000000000000000000000000000000000000000000000000000]
water_level_2_addr_3       (getelementptr    ) [ 0100000000000000100000000000000000000000000000000000000000000000000000000000000000000000000000000000000000000000]
conv4                      (sitofp           ) [ 0111000000000000011111111111100000000000000000000000000000000000000000000000000000000000000000000000000000000000]
water_level_load_3         (load             ) [ 0000000000000000000000000000000000000000000000000000000000000000000000000000000000000000000000000000000000000000]
water_level_1_load_3       (load             ) [ 0000000000000000000000000000000000000000000000000000000000000000000000000000000000000000000000000000000000000000]
water_level_2_load_3       (load             ) [ 0000000000000000000000000000000000000000000000000000000000000000000000000000000000000000000000000000000000000000]
tmp_6                      (sparsemux        ) [ 0111000000000000011110000000000000000000000000000000000000000000000000000000000000000000000000000000000000000000]
conv300_1                  (sitofp           ) [ 0111000000000000001111111111110000000000000000000000000000000000000000000000000000000000000000000000000000000000]
conv300_3                  (sitofp           ) [ 0111000000000000000111111111111000000000000000000000000000000000000000000000000000000000000000000000000000000000]
conv300_2                  (sitofp           ) [ 0111000000000000000001111111111110000000000000000000000000000000000000000000000000000000000000000000000000000000]
specloopname_ln0           (specloopname     ) [ 0000000000000000000000000000000000000000000000000000000000000000000000000000000000000000000000000000000000000000]
speclooptripcount_ln0      (speclooptripcount) [ 0000000000000000000000000000000000000000000000000000000000000000000000000000000000000000000000000000000000000000]
tmp_37                     (bitconcatenate   ) [ 0000000000000000000000000000000000000000000000000000000000000000000000000000000000000000000000000000000000000000]
zext_ln117_1               (zext             ) [ 0000000000000000000000000000000000000000000000000000000000000000000000000000000000000000000000000000000000000000]
tmp_49                     (bitconcatenate   ) [ 0000000000000000000000000000000000000000000000000000000000000000000000000000000000000000000000000000000000000000]
zext_ln117_2               (zext             ) [ 0000000000000000000000000000000000000000000000000000000000000000000000000000000000000000000000000000000000000000]
add_ln117_1                (add              ) [ 0111000000000000000000000001111000000000000000000000000000000000000000000000000000000000000000000000000000000000]
empty_72                   (icmp             ) [ 0111000000000000000000000001111111111111111111111111111111111111111111111111111111111111111111111111111111111111]
tmp_51                     (bitconcatenate   ) [ 0000000000000000000000000000000000000000000000000000000000000000000000000000000000000000000000000000000000000000]
tmp_52                     (bitconcatenate   ) [ 0000000000000000000000000000000000000000000000000000000000000000000000000000000000000000000000000000000000000000]
zext_ln134_1               (zext             ) [ 0000000000000000000000000000000000000000000000000000000000000000000000000000000000000000000000000000000000000000]
add_ln134_8                (add              ) [ 0000000000000000000000000000000000000000000000000000000000000000000000000000000000000000000000000000000000000000]
empty_73                   (icmp             ) [ 0111000000000000000000000001111111111111111111111111111111111111111111111111111111111111111111111111111111111111]
tmp_53                     (bitconcatenate   ) [ 0000000000000000000000000000000000000000000000000000000000000000000000000000000000000000000000000000000000000000]
zext_ln134_3               (zext             ) [ 0000000000000000000000000000000000000000000000000000000000000000000000000000000000000000000000000000000000000000]
tmp_54                     (bitconcatenate   ) [ 0000000000000000000000000000000000000000000000000000000000000000000000000000000000000000000000000000000000000000]
zext_ln134_4               (zext             ) [ 0000000000000000000000000000000000000000000000000000000000000000000000000000000000000000000000000000000000000000]
add_ln134_9                (add              ) [ 0000000000000000000000000000000000000000000000000000000000000000000000000000000000000000000000000000000000000000]
zext_ln117_3               (zext             ) [ 0000000000000000000000000000000000000000000000000000000000000000000000000000000000000000000000000000000000000000]
add_ln117                  (add              ) [ 0000000000000000000000000000000000000000000000000000000000000000000000000000000000000000000000000000000000000000]
zext_ln117_4               (zext             ) [ 0000000000000000000000000000000000000000000000000000000000000000000000000000000000000000000000000000000000000000]
p_ground_addr              (getelementptr    ) [ 0001000000000000000000000001000000000000000000000000000000000000000000000000000000000000000000000000000000000000]
spillage_flag_addr         (getelementptr    ) [ 0111000000000000000000000001111111111111111111111111111111111111111111111111111111111111111000000000000000000000]
spillage_level_addr        (getelementptr    ) [ 0111000000000000000000000001111111111111111111111111111111111111111111111111111111111111111000000000000000000000]
specpipeline_ln52          (specpipeline     ) [ 0000000000000000000000000000000000000000000000000000000000000000000000000000000000000000000000000000000000000000]
add_ln134_2                (add              ) [ 0000000000000000000000000000000000000000000000000000000000000000000000000000000000000000000000000000000000000000]
zext_ln134_7               (zext             ) [ 0000000000000000000000000000000000000000000000000000000000000000000000000000000000000000000000000000000000000000]
p_ground_addr_1            (getelementptr    ) [ 0001000000000000000000000001000000000000000000000000000000000000000000000000000000000000000000000000000000000000]
add_ln134_3                (add              ) [ 0001000000000000000000000001000000000000000000000000000000000000000000000000000000000000000000000000000000000000]
spillage_from_neigh_addr   (getelementptr    ) [ 0111000000000000000000000001111111111111111111111111111111111111111111111111111111111111111111111111110000000000]
p_ground_load              (load             ) [ 0111000000000000000000000000111111111111111111111111111111111111111111111111111111111111110000000000000000000000]
div9                       (fdiv             ) [ 0111000000000000000000000000111111111111111111111111100000000000000000000000000000000000000000000000000000000000]
zext_ln134_8               (zext             ) [ 0000000000000000000000000000000000000000000000000000000000000000000000000000000000000000000000000000000000000000]
p_ground_addr_2            (getelementptr    ) [ 0100000000000000000000000000100000000000000000000000000000000000000000000000000000000000000000000000000000000000]
spillage_from_neigh_1_addr (getelementptr    ) [ 0111000000000000000000000000111111111111111111111111111111111111111111111111111111111111111111111111110000000000]
p_ground_load_1            (load             ) [ 0110000000000000000000000000110000000000000000000000000000000000000000000000000000000000000000000000000000000000]
neighbor_height_8          (bitcast          ) [ 0111000000000000000000000000011111111111111111111111111111111111111111111111111111111111111111110000000000000000]
div4                       (fdiv             ) [ 0111000000000000000000000000011111110000000000000000000000000000000000000000000000000000000000000000000000000000]
p_ground_load_2            (load             ) [ 0011000000000000000000000000011000000000000000000000000000000000000000000000000000000000000000000000000000000000]
zext_ln134_12              (zext             ) [ 0000000000000000000000000000000000000000000000000000000000000000000000000000000000000000000000000000000000000000]
add_ln134_7                (add              ) [ 0000000000000000000000000000000000000000000000000000000000000000000000000000000000000000000000000000000000000000]
zext_ln134_13              (zext             ) [ 0000000000000000000000000000000000000000000000000000000000000000000000000000000000000000000000000000000000000000]
p_ground_addr_4            (getelementptr    ) [ 0010000000000000000000000000010000000000000000000000000000000000000000000000000000000000000000000000000000000000]
spillage_from_neigh_3_addr (getelementptr    ) [ 0111000000000000000000000000011111111111111111111111111111111111111111111111111111111111111111111111111100000000]
bitcast_ln134              (bitcast          ) [ 0111000000000000000000000000001111110000000000000000000000000000000000000000000000000000000000000000000000000000]
div301_1                   (fdiv             ) [ 0111000000000000000000000000001111111000000000000000000000000000000000000000000000000000000000000000000000000000]
p_ground_load_4            (load             ) [ 0101000000000000000000000000001100000000000000000000000000000000000000000000000000000000000000000000000000000000]
bitcast_ln134_1            (bitcast          ) [ 0111000000000000000000000000000111111000000000000000000000000000000000000000000000000000000000000000000000000000]
sext_ln134                 (sext             ) [ 0000000000000000000000000000000000000000000000000000000000000000000000000000000000000000000000000000000000000000]
add_ln134_5                (add              ) [ 0000000000000000000000000000000000000000000000000000000000000000000000000000000000000000000000000000000000000000]
zext_ln134                 (zext             ) [ 0000000000000000000000000000000000000000000000000000000000000000000000000000000000000000000000000000000000000000]
p_ground_addr_3            (getelementptr    ) [ 0100000000000000000000000000000100000000000000000000000000000000000000000000000000000000000000000000000000000000]
spillage_from_neigh_2_addr (getelementptr    ) [ 0111000000000000000000000000000111111111111111111111111111111111111111111111111111111111111111111111111100000000]
div301_3                   (fdiv             ) [ 0111000000000000000000000000000111111100000000000000000000000000000000000000000000000000000000000000000000000000]
p_ground_load_3            (load             ) [ 0011000000000000000000000000000011000000000000000000000000000000000000000000000000000000000000000000000000000000]
bitcast_ln134_3            (bitcast          ) [ 0111000000000000000000000000000011111100000000000000000000000000000000000000000000000000000000000000000000000000]
div301_2                   (fdiv             ) [ 0111000000000000000000000000000001111111000000000000000000000000000000000000000000000000000000000000000000000000]
bitcast_ln134_2            (bitcast          ) [ 0111000000000000000000000000000000111111000000000000000000000000000000000000000000000000000000000000000000000000]
current_height             (fadd             ) [ 0111000000000000000000000000000000011111111111111111111111111111111111111111111111111111111111111110000000000000]
neighbor_height            (fadd             ) [ 0111000000000000000000000000000000001111111111111111111111111111111111111111111111111111111111111000000000000000]
neighbor_height_1          (select           ) [ 0111000000000000000000000000000000000111111000000000000000000000000000000000000000000000000000000000000000000000]
bitcast_ln139_1            (bitcast          ) [ 0000000000000000000000000000000000000000000000000000000000000000000000000000000000000000000000000000000000000000]
tmp_33                     (partselect       ) [ 0000000000000000000000000000000000000000000000000000000000000000000000000000000000000000000000000000000000000000]
trunc_ln139_1              (trunc            ) [ 0000000000000000000000000000000000000000000000000000000000000000000000000000000000000000000000000000000000000000]
icmp_ln139_2               (icmp             ) [ 0100000000000000000000000000000000000100000000000000000000000000000000000000000000000000000000000000000000000000]
icmp_ln139_3               (icmp             ) [ 0100000000000000000000000000000000000100000000000000000000000000000000000000000000000000000000000000000000000000]
neighbor_height_2          (fadd             ) [ 0111000000000000000000000000000000000111111111111111111111111111111111111111111111111111111111111000000000000000]
bitcast_ln139              (bitcast          ) [ 0000000000000000000000000000000000000000000000000000000000000000000000000000000000000000000000000000000000000000]
tmp_32                     (partselect       ) [ 0000000000000000000000000000000000000000000000000000000000000000000000000000000000000000000000000000000000000000]
trunc_ln139                (trunc            ) [ 0000000000000000000000000000000000000000000000000000000000000000000000000000000000000000000000000000000000000000]
icmp_ln139                 (icmp             ) [ 0000000000000000000000000000000000000000000000000000000000000000000000000000000000000000000000000000000000000000]
icmp_ln139_1               (icmp             ) [ 0000000000000000000000000000000000000000000000000000000000000000000000000000000000000000000000000000000000000000]
or_ln139                   (or               ) [ 0111000000000000000000000000000000000011111111111111111111111111111111111111111111111111111110000000000000000000]
or_ln139_1                 (or               ) [ 0000000000000000000000000000000000000000000000000000000000000000000000000000000000000000000000000000000000000000]
and_ln139                  (and              ) [ 0000000000000000000000000000000000000000000000000000000000000000000000000000000000000000000000000000000000000000]
tmp_34                     (fcmp             ) [ 0000000000000000000000000000000000000000000000000000000000000000000000000000000000000000000000000000000000000000]
and_ln139_1                (and              ) [ 0111000000000000000000000000000000000011111111111100000000000000000000000000000000000000000000000000000000000000]
neighbor_height_3          (select           ) [ 0111000000000000000000000000000000000011111100000000000000000000000000000000000000000000000000000000000000000000]
bitcast_ln139_2            (bitcast          ) [ 0000000000000000000000000000000000000000000000000000000000000000000000000000000000000000000000000000000000000000]
tmp_38                     (partselect       ) [ 0000000000000000000000000000000000000000000000000000000000000000000000000000000000000000000000000000000000000000]
trunc_ln139_2              (trunc            ) [ 0000000000000000000000000000000000000000000000000000000000000000000000000000000000000000000000000000000000000000]
icmp_ln139_4               (icmp             ) [ 0010000000000000000000000000000000000010000000000000000000000000000000000000000000000000000000000000000000000000]
icmp_ln139_5               (icmp             ) [ 0010000000000000000000000000000000000010000000000000000000000000000000000000000000000000000000000000000000000000]
icmp_ln128_1               (icmp             ) [ 0111000000000000000000000000000000000011111111111111111111111111111111111111111111111111111111111111111111111111]
neighbor_height_6          (fadd             ) [ 0111000000000000000000000000000000000011111111111111111111111111111111111111111111111111111111111110000000000000]
or_ln139_2                 (or               ) [ 0000000000000000000000000000000000000000000000000000000000000000000000000000000000000000000000000000000000000000]
and_ln139_2                (and              ) [ 0000000000000000000000000000000000000000000000000000000000000000000000000000000000000000000000000000000000000000]
tmp_39                     (fcmp             ) [ 0000000000000000000000000000000000000000000000000000000000000000000000000000000000000000000000000000000000000000]
and_ln139_3                (and              ) [ 0111000000000000000000000000000000000001111111111111111110000000000000000000000000000000000000000000000000000000]
neighbor_height_7          (select           ) [ 0111000000000000000000000000000000000001111110000000000000000000000000000000000000000000000000000000000000000000]
bitcast_ln139_4            (bitcast          ) [ 0000000000000000000000000000000000000000000000000000000000000000000000000000000000000000000000000000000000000000]
tmp_48                     (partselect       ) [ 0000000000000000000000000000000000000000000000000000000000000000000000000000000000000000000000000000000000000000]
trunc_ln139_4              (trunc            ) [ 0000000000000000000000000000000000000000000000000000000000000000000000000000000000000000000000000000000000000000]
icmp_ln139_8               (icmp             ) [ 0001000000000000000000000000000000000001000000000000000000000000000000000000000000000000000000000000000000000000]
icmp_ln139_9               (icmp             ) [ 0001000000000000000000000000000000000001000000000000000000000000000000000000000000000000000000000000000000000000]
icmp_ln128                 (icmp             ) [ 0111000000000000000000000000000000000000111111111111111111111111111111111111111111111111111111111111111111111111]
neighbor_height_4          (fadd             ) [ 0111000000000000000000000000000000000000111111111111111111111111111111111111111111111111111111111110000000000000]
or_ln139_4                 (or               ) [ 0000000000000000000000000000000000000000000000000000000000000000000000000000000000000000000000000000000000000000]
and_ln139_6                (and              ) [ 0000000000000000000000000000000000000000000000000000000000000000000000000000000000000000000000000000000000000000]
tmp_50                     (fcmp             ) [ 0000000000000000000000000000000000000000000000000000000000000000000000000000000000000000000000000000000000000000]
and_ln139_7                (and              ) [ 0111000000000000000000000000000000000000111111111111111111111111111111100000000000000000000000000000000000000000]
neighbor_height_5          (select           ) [ 0111000000000000000000000000000000000000011111100000000000000000000000000000000000000000000000000000000000000000]
bitcast_ln139_3            (bitcast          ) [ 0000000000000000000000000000000000000000000000000000000000000000000000000000000000000000000000000000000000000000]
tmp_43                     (partselect       ) [ 0000000000000000000000000000000000000000000000000000000000000000000000000000000000000000000000000000000000000000]
trunc_ln139_3              (trunc            ) [ 0000000000000000000000000000000000000000000000000000000000000000000000000000000000000000000000000000000000000000]
icmp_ln139_6               (icmp             ) [ 0010000000000000000000000000000000000000010000000000000000000000000000000000000000000000000000000000000000000000]
icmp_ln139_7               (icmp             ) [ 0010000000000000000000000000000000000000010000000000000000000000000000000000000000000000000000000000000000000000]
or_ln139_3                 (or               ) [ 0000000000000000000000000000000000000000000000000000000000000000000000000000000000000000000000000000000000000000]
and_ln139_4                (and              ) [ 0000000000000000000000000000000000000000000000000000000000000000000000000000000000000000000000000000000000000000]
tmp_44                     (fcmp             ) [ 0000000000000000000000000000000000000000000000000000000000000000000000000000000000000000000000000000000000000000]
and_ln139_5                (and              ) [ 0111000000000000000000000000000000000000001111111111111111111111000000000000000000000000000000000000000000000000]
height_diff                (fsub             ) [ 0111000000000000000000000000000000000000000111111100000000000000000000000000000000000000000000000000000000000000]
height_diff_1              (fsub             ) [ 0111000000000000000000000000000000000000000011111111111110000000000000000000000000000000000000000000000000000000]
bitcast_ln142              (bitcast          ) [ 0000000000000000000000000000000000000000000000000000000000000000000000000000000000000000000000000000000000000000]
tmp_35                     (partselect       ) [ 0000000000000000000000000000000000000000000000000000000000000000000000000000000000000000000000000000000000000000]
trunc_ln142                (trunc            ) [ 0000000000000000000000000000000000000000000000000000000000000000000000000000000000000000000000000000000000000000]
icmp_ln142                 (icmp             ) [ 0000000000000000000000000000000000000000000000000000000000000000000000000000000000000000000000000000000000000000]
icmp_ln142_1               (icmp             ) [ 0000000000000000000000000000000000000000000000000000000000000000000000000000000000000000000000000000000000000000]
or_ln142                   (or               ) [ 0000000000000000000000000000000000000000000000000000000000000000000000000000000000000000000000000000000000000000]
tmp_36                     (fcmp             ) [ 0000000000000000000000000000000000000000000000000000000000000000000000000000000000000000000000000000000000000000]
and_ln142                  (and              ) [ 0000000000000000000000000000000000000000000000000000000000000000000000000000000000000000000000000000000000000000]
my_spillage_level          (select           ) [ 0000000000000000000000000000000000000000000000000000000000000000000000000000000000000000000000000000000000000000]
my_spillage_level_1        (select           ) [ 0101000000000000000000000000000000000000000001100000000000000000000000000000000000000000000000000000000000000000]
height_diff_3              (fsub             ) [ 0111000000000000000000000000000000000000000001111111111111111111111111100000000000000000000000000000000000000000]
bitcast_ln142_1            (bitcast          ) [ 0000000000000000000000000000000000000000000000000000000000000000000000000000000000000000000000000000000000000000]
tmp_40                     (partselect       ) [ 0000000000000000000000000000000000000000000000000000000000000000000000000000000000000000000000000000000000000000]
trunc_ln142_1              (trunc            ) [ 0000000000000000000000000000000000000000000000000000000000000000000000000000000000000000000000000000000000000000]
bitcast_ln142_2            (bitcast          ) [ 0000000000000000000000000000000000000000000000000000000000000000000000000000000000000000000000000000000000000000]
tmp_41                     (partselect       ) [ 0000000000000000000000000000000000000000000000000000000000000000000000000000000000000000000000000000000000000000]
trunc_ln142_2              (trunc            ) [ 0000000000000000000000000000000000000000000000000000000000000000000000000000000000000000000000000000000000000000]
icmp_ln142_2               (icmp             ) [ 0000000000000000000000000000000000000000000000000000000000000000000000000000000000000000000000000000000000000000]
icmp_ln142_3               (icmp             ) [ 0000000000000000000000000000000000000000000000000000000000000000000000000000000000000000000000000000000000000000]
or_ln142_1                 (or               ) [ 0000000000000000000000000000000000000000000000000000000000000000000000000000000000000000000000000000000000000000]
icmp_ln142_4               (icmp             ) [ 0000000000000000000000000000000000000000000000000000000000000000000000000000000000000000000000000000000000000000]
icmp_ln142_5               (icmp             ) [ 0000000000000000000000000000000000000000000000000000000000000000000000000000000000000000000000000000000000000000]
or_ln142_2                 (or               ) [ 0000000000000000000000000000000000000000000000000000000000000000000000000000000000000000000000000000000000000000]
tmp_42                     (fcmp             ) [ 0000000000000000000000000000000000000000000000000000000000000000000000000000000000000000000000000000000000000000]
and_ln142_1                (and              ) [ 0000000000000000000000000000000000000000000000000000000000000000000000000000000000000000000000000000000000000000]
and_ln142_2                (and              ) [ 0000000000000000000000000000000000000000000000000000000000000000000000000000000000000000000000000000000000000000]
my_spillage_level_2        (select           ) [ 0000000000000000000000000000000000000000000000000000000000000000000000000000000000000000000000000000000000000000]
my_spillage_level_3        (select           ) [ 0011000000000000000000000000000000000000000000011000000000000000000000000000000000000000000000000000000000000000]
height_diff_2              (fsub             ) [ 0111000000000000000000000000000000000000000000011111111111111111000000000000000000000000000000000000000000000000]
bitcast_ln142_3            (bitcast          ) [ 0000000000000000000000000000000000000000000000000000000000000000000000000000000000000000000000000000000000000000]
tmp_45                     (partselect       ) [ 0000000000000000000000000000000000000000000000000000000000000000000000000000000000000000000000000000000000000000]
trunc_ln142_3              (trunc            ) [ 0000000000000000000000000000000000000000000000000000000000000000000000000000000000000000000000000000000000000000]
bitcast_ln142_4            (bitcast          ) [ 0000000000000000000000000000000000000000000000000000000000000000000000000000000000000000000000000000000000000000]
tmp_46                     (partselect       ) [ 0000000000000000000000000000000000000000000000000000000000000000000000000000000000000000000000000000000000000000]
trunc_ln142_4              (trunc            ) [ 0000000000000000000000000000000000000000000000000000000000000000000000000000000000000000000000000000000000000000]
icmp_ln142_6               (icmp             ) [ 0000000000000000000000000000000000000000000000000000000000000000000000000000000000000000000000000000000000000000]
icmp_ln142_7               (icmp             ) [ 0000000000000000000000000000000000000000000000000000000000000000000000000000000000000000000000000000000000000000]
or_ln142_3                 (or               ) [ 0000000000000000000000000000000000000000000000000000000000000000000000000000000000000000000000000000000000000000]
icmp_ln142_8               (icmp             ) [ 0000000000000000000000000000000000000000000000000000000000000000000000000000000000000000000000000000000000000000]
icmp_ln142_9               (icmp             ) [ 0000000000000000000000000000000000000000000000000000000000000000000000000000000000000000000000000000000000000000]
or_ln142_4                 (or               ) [ 0000000000000000000000000000000000000000000000000000000000000000000000000000000000000000000000000000000000000000]
tmp_47                     (fcmp             ) [ 0000000000000000000000000000000000000000000000000000000000000000000000000000000000000000000000000000000000000000]
and_ln142_3                (and              ) [ 0000000000000000000000000000000000000000000000000000000000000000000000000000000000000000000000000000000000000000]
and_ln142_4                (and              ) [ 0000000000000000000000000000000000000000000000000000000000000000000000000000000000000000000000000000000000000000]
my_spillage_level_4        (select           ) [ 0000000000000000000000000000000000000000000000000000000000000000000000000000000000000000000000000000000000000000]
my_spillage_level_5        (select           ) [ 0110000000000000000000000000000000000000000000000110000000000000000000000000000000000000000000000000000000000000]
sum_diff                   (fadd             ) [ 0000000000000000000000000000000000000000000000000000000000000000000000000000000000000000000000000000000000000000]
sum_diff_1                 (select           ) [ 0111000000000000000000000000000000000000000000000011111110000000000000000000000000000000000000000000000000000000]
bitcast_ln142_5            (bitcast          ) [ 0000000000000000000000000000000000000000000000000000000000000000000000000000000000000000000000000000000000000000]
tmp_55                     (partselect       ) [ 0000000000000000000000000000000000000000000000000000000000000000000000000000000000000000000000000000000000000000]
trunc_ln142_5              (trunc            ) [ 0000000000000000000000000000000000000000000000000000000000000000000000000000000000000000000000000000000000000000]
bitcast_ln142_6            (bitcast          ) [ 0000000000000000000000000000000000000000000000000000000000000000000000000000000000000000000000000000000000000000]
tmp_56                     (partselect       ) [ 0000000000000000000000000000000000000000000000000000000000000000000000000000000000000000000000000000000000000000]
trunc_ln142_6              (trunc            ) [ 0000000000000000000000000000000000000000000000000000000000000000000000000000000000000000000000000000000000000000]
icmp_ln142_10              (icmp             ) [ 0000000000000000000000000000000000000000000000000000000000000000000000000000000000000000000000000000000000000000]
icmp_ln142_11              (icmp             ) [ 0000000000000000000000000000000000000000000000000000000000000000000000000000000000000000000000000000000000000000]
or_ln142_5                 (or               ) [ 0000000000000000000000000000000000000000000000000000000000000000000000000000000000000000000000000000000000000000]
icmp_ln142_12              (icmp             ) [ 0000000000000000000000000000000000000000000000000000000000000000000000000000000000000000000000000000000000000000]
icmp_ln142_13              (icmp             ) [ 0000000000000000000000000000000000000000000000000000000000000000000000000000000000000000000000000000000000000000]
or_ln142_6                 (or               ) [ 0000000000000000000000000000000000000000000000000000000000000000000000000000000000000000000000000000000000000000]
tmp_57                     (fcmp             ) [ 0000000000000000000000000000000000000000000000000000000000000000000000000000000000000000000000000000000000000000]
and_ln142_5                (and              ) [ 0000000000000000000000000000000000000000000000000000000000000000000000000000000000000000000000000000000000000000]
and_ln142_6                (and              ) [ 0000000000000000000000000000000000000000000000000000000000000000000000000000000000000000000000000000000000000000]
my_spillage_level_6        (select           ) [ 0000000000000000000000000000000000000000000000000000000000000000000000000000000000000000000000000000000000000000]
my_spillage_level_7        (select           ) [ 0101000000000000000000000000000000000000000000000001100000000000000000000000000000000000000000000000000000000000]
bitcast_ln145              (bitcast          ) [ 0000000000000000000000000000000000000000000000000000000000000000000000000000000000000000000000000000000000000000]
tmp_58                     (partselect       ) [ 0000000000000000000000000000000000000000000000000000000000000000000000000000000000000000000000000000000000000000]
trunc_ln145                (trunc            ) [ 0000000000000000000000000000000000000000000000000000000000000000000000000000000000000000000000000000000000000000]
bitcast_ln145_1            (bitcast          ) [ 0000000000000000000000000000000000000000000000000000000000000000000000000000000000000000000000000000000000000000]
tmp_59                     (partselect       ) [ 0000000000000000000000000000000000000000000000000000000000000000000000000000000000000000000000000000000000000000]
trunc_ln145_1              (trunc            ) [ 0000000000000000000000000000000000000000000000000000000000000000000000000000000000000000000000000000000000000000]
icmp_ln145                 (icmp             ) [ 0000000000000000000000000000000000000000000000000000000000000000000000000000000000000000000000000000000000000000]
icmp_ln145_1               (icmp             ) [ 0000000000000000000000000000000000000000000000000000000000000000000000000000000000000000000000000000000000000000]
or_ln145                   (or               ) [ 0000000000000000000000000000000000000000000000000000000000000000000000000000000000000000000000000000000000000000]
icmp_ln145_2               (icmp             ) [ 0000000000000000000000000000000000000000000000000000000000000000000000000000000000000000000000000000000000000000]
icmp_ln145_3               (icmp             ) [ 0000000000000000000000000000000000000000000000000000000000000000000000000000000000000000000000000000000000000000]
or_ln145_1                 (or               ) [ 0000000000000000000000000000000000000000000000000000000000000000000000000000000000000000000000000000000000000000]
tmp_61                     (fcmp             ) [ 0000000000000000000000000000000000000000000000000000000000000000000000000000000000000000000000000000000000000000]
and_ln145                  (and              ) [ 0000000000000000000000000000000000000000000000000000000000000000000000000000000000000000000000000000000000000000]
and_ln145_1                (and              ) [ 0000000000000000000000000000000000000000000000000000000000000000000000000000000000000000000000000000000000000000]
my_spillage_level_8        (select           ) [ 0111000000000000000000000000000000000000000000000000011111111111111111111111111111111111111000000000000000000000]
sum_diff_2                 (fadd             ) [ 0000000000000000000000000000000000000000000000000000000000000000000000000000000000000000000000000000000000000000]
sum_diff_3                 (select           ) [ 0111000000000000000000000000000000000000000000000000000001111111000000000000000000000000000000000000000000000000]
sum_diff_4                 (fadd             ) [ 0000000000000000000000000000000000000000000000000000000000000000000000000000000000000000000000000000000000000000]
sum_diff_5                 (select           ) [ 0111000000000000000000000000000000000000000000000000000000000000111111100000000000000000000000000000000000000000]
sum_diff_6                 (fadd             ) [ 0000000000000000000000000000000000000000000000000000000000000000000000000000000000000000000000000000000000000000]
sum_diff_7                 (select           ) [ 0111000000000000000000000000000000000000000000000000000000000000000000011111111111111100000000000000000000000000]
bitcast_ln148              (bitcast          ) [ 0000000000000000000000000000000000000000000000000000000000000000000000000000000000000000000000000000000000000000]
tmp_62                     (partselect       ) [ 0000000000000000000000000000000000000000000000000000000000000000000000000000000000000000000000000000000000000000]
trunc_ln148                (trunc            ) [ 0000000000000000000000000000000000000000000000000000000000000000000000000000000000000000000000000000000000000000]
icmp_ln148                 (icmp             ) [ 0000000000000000000000000000000000000000000000000000000000000000000000000000000000000000000000000000000000000000]
icmp_ln148_1               (icmp             ) [ 0000000000000000000000000000000000000000000000000000000000000000000000000000000000000000000000000000000000000000]
or_ln148                   (or               ) [ 0000000000000000000000000000000000000000000000000000000000000000000000000000000000000000000000000000000000000000]
tmp_63                     (fcmp             ) [ 0000000000000000000000000000000000000000000000000000000000000000000000000000000000000000000000000000000000000000]
and_ln148                  (and              ) [ 0111000000000000000000000000000000000000000000000000000000000000000000000111111111111111111111111111111111111111]
br_ln148                   (br               ) [ 0000000000000000000000000000000000000000000000000000000000000000000000000000000000000000000000000000000000000000]
proportion                 (fdiv             ) [ 0111000000000000000000000000000000000000000000000000000000000000000000000000000000000011111111111111111000000000]
conv6                      (fpext            ) [ 0110000000000000000000000000000000000000000000000000000000000000000000000000000000000000110000000000000000000000]
bitcast_ln151              (bitcast          ) [ 0000000000000000000000000000000000000000000000000000000000000000000000000000000000000000000000000000000000000000]
tmp_64                     (partselect       ) [ 0000000000000000000000000000000000000000000000000000000000000000000000000000000000000000000000000000000000000000]
trunc_ln151                (trunc            ) [ 0000000000000000000000000000000000000000000000000000000000000000000000000000000000000000000000000000000000000000]
icmp_ln151                 (icmp             ) [ 0010000000000000000000000000000000000000000000000000000000000000000000000000000000000000010000000000000000000000]
icmp_ln151_1               (icmp             ) [ 0010000000000000000000000000000000000000000000000000000000000000000000000000000000000000010000000000000000000000]
or_ln151                   (or               ) [ 0000000000000000000000000000000000000000000000000000000000000000000000000000000000000000000000000000000000000000]
tmp_65                     (dcmp             ) [ 0000000000000000000000000000000000000000000000000000000000000000000000000000000000000000000000000000000000000000]
and_ln151                  (and              ) [ 0111000000000000000000000000000000000000000000000000000000000000000000000000000000000000011111111111111111111111]
br_ln151                   (br               ) [ 0000000000000000000000000000000000000000000000000000000000000000000000000000000000000000000000000000000000000000]
tmp_67                     (partselect       ) [ 0000000000000000000000000000000000000000000000000000000000000000000000000000000000000000000000000000000000000000]
empty_77                   (trunc            ) [ 0000000000000000000000000000000000000000000000000000000000000000000000000000000000000000000000000000000000000000]
notlhs178                  (icmp             ) [ 0111000000000000000000000000000000000000000000000000000000000000000000000000000000000000001110000000000000000000]
notrhs179                  (icmp             ) [ 0111000000000000000000000000000000000000000000000000000000000000000000000000000000000000001110000000000000000000]
br_ln163                   (br               ) [ 0000000000000000000000000000000000000000000000000000000000000000000000000000000000000000000000000000000000000000]
br_ln163                   (br               ) [ 0000000000000000000000000000000000000000000000000000000000000000000000000000000000000000000000000000000000000000]
br_ln163                   (br               ) [ 0000000000000000000000000000000000000000000000000000000000000000000000000000000000000000000000000000000000000000]
store_ln152                (store            ) [ 0000000000000000000000000000000000000000000000000000000000000000000000000000000000000000000000000000000000000000]
store_ln153                (store            ) [ 0000000000000000000000000000000000000000000000000000000000000000000000000000000000000000000000000000000000000000]
bitcast_ln175              (bitcast          ) [ 0000000000000000000000000000000000000000000000000000000000000000000000000000000000000000000000000000000000000000]
tmp_69                     (partselect       ) [ 0000000000000000000000000000000000000000000000000000000000000000000000000000000000000000000000000000000000000000]
trunc_ln175                (trunc            ) [ 0000000000000000000000000000000000000000000000000000000000000000000000000000000000000000000000000000000000000000]
icmp_ln175                 (icmp             ) [ 0000000000000000000000000000000000000000000000000000000000000000000000000000000000000000000000000000000000000000]
icmp_ln175_1               (icmp             ) [ 0000000000000000000000000000000000000000000000000000000000000000000000000000000000000000000000000000000000000000]
or_ln175                   (or               ) [ 0000000000000000000000000000000000000000000000000000000000000000000000000000000000000000000000000000000000000000]
and_ln175                  (and              ) [ 0000000000000000000000000000000000000000000000000000000000000000000000000000000000000000000000000000000000000000]
tmp_70                     (fcmp             ) [ 0000000000000000000000000000000000000000000000000000000000000000000000000000000000000000000000000000000000000000]
and_ln175_1                (and              ) [ 0111000000000000000000000000000000000000000000000000000000000000000000000000000000000000001111111111110000000000]
br_ln175                   (br               ) [ 0000000000000000000000000000000000000000000000000000000000000000000000000000000000000000000000000000000000000000]
bitcast_ln175_1            (bitcast          ) [ 0000000000000000000000000000000000000000000000000000000000000000000000000000000000000000000000000000000000000000]
tmp_72                     (partselect       ) [ 0000000000000000000000000000000000000000000000000000000000000000000000000000000000000000000000000000000000000000]
trunc_ln175_1              (trunc            ) [ 0000000000000000000000000000000000000000000000000000000000000000000000000000000000000000000000000000000000000000]
icmp_ln175_2               (icmp             ) [ 0000000000000000000000000000000000000000000000000000000000000000000000000000000000000000000000000000000000000000]
icmp_ln175_3               (icmp             ) [ 0000000000000000000000000000000000000000000000000000000000000000000000000000000000000000000000000000000000000000]
or_ln175_1                 (or               ) [ 0000000000000000000000000000000000000000000000000000000000000000000000000000000000000000000000000000000000000000]
and_ln175_2                (and              ) [ 0000000000000000000000000000000000000000000000000000000000000000000000000000000000000000000000000000000000000000]
tmp_73                     (fcmp             ) [ 0000000000000000000000000000000000000000000000000000000000000000000000000000000000000000000000000000000000000000]
and_ln175_3                (and              ) [ 0111000000000000000000000000000000000000000000000000000000000000000000000000000000000000001111111111110000000000]
br_ln175                   (br               ) [ 0000000000000000000000000000000000000000000000000000000000000000000000000000000000000000000000000000000000000000]
bitcast_ln175_2            (bitcast          ) [ 0000000000000000000000000000000000000000000000000000000000000000000000000000000000000000000000000000000000000000]
tmp_75                     (partselect       ) [ 0000000000000000000000000000000000000000000000000000000000000000000000000000000000000000000000000000000000000000]
trunc_ln175_2              (trunc            ) [ 0000000000000000000000000000000000000000000000000000000000000000000000000000000000000000000000000000000000000000]
icmp_ln175_4               (icmp             ) [ 0000000000000000000000000000000000000000000000000000000000000000000000000000000000000000000000000000000000000000]
icmp_ln175_5               (icmp             ) [ 0000000000000000000000000000000000000000000000000000000000000000000000000000000000000000000000000000000000000000]
or_ln175_2                 (or               ) [ 0000000000000000000000000000000000000000000000000000000000000000000000000000000000000000000000000000000000000000]
and_ln175_4                (and              ) [ 0000000000000000000000000000000000000000000000000000000000000000000000000000000000000000000000000000000000000000]
tmp_76                     (fcmp             ) [ 0000000000000000000000000000000000000000000000000000000000000000000000000000000000000000000000000000000000000000]
and_ln175_5                (and              ) [ 0111000000000000000000000000000000000000000000000000000000000000000000000000000000000000000011111111111100000000]
br_ln175                   (br               ) [ 0000000000000000000000000000000000000000000000000000000000000000000000000000000000000000000000000000000000000000]
bitcast_ln175_3            (bitcast          ) [ 0000000000000000000000000000000000000000000000000000000000000000000000000000000000000000000000000000000000000000]
tmp_78                     (partselect       ) [ 0000000000000000000000000000000000000000000000000000000000000000000000000000000000000000000000000000000000000000]
trunc_ln175_3              (trunc            ) [ 0000000000000000000000000000000000000000000000000000000000000000000000000000000000000000000000000000000000000000]
icmp_ln175_6               (icmp             ) [ 0000000000000000000000000000000000000000000000000000000000000000000000000000000000000000000000000000000000000000]
icmp_ln175_7               (icmp             ) [ 0000000000000000000000000000000000000000000000000000000000000000000000000000000000000000000000000000000000000000]
or_ln175_3                 (or               ) [ 0000000000000000000000000000000000000000000000000000000000000000000000000000000000000000000000000000000000000000]
and_ln175_6                (and              ) [ 0000000000000000000000000000000000000000000000000000000000000000000000000000000000000000000000000000000000000000]
tmp_79                     (fcmp             ) [ 0000000000000000000000000000000000000000000000000000000000000000000000000000000000000000000000000000000000000000]
and_ln175_7                (and              ) [ 0111000000000000000000000000000000000000000000000000000000000000000000000000000000000000000011111111111100000000]
br_ln175                   (br               ) [ 0000000000000000000000000000000000000000000000000000000000000000000000000000000000000000000000000000000000000000]
empty_78                   (or               ) [ 0000000000000000000000000000000000000000000000000000000000000000000000000000000000000000000000000000000000000000]
empty_79                   (and              ) [ 0000000000000000000000000000000000000000000000000000000000000000000000000000000000000000000000000000000000000000]
tmp_68                     (fcmp             ) [ 0000000000000000000000000000000000000000000000000000000000000000000000000000000000000000000000000000000000000000]
empty_80                   (and              ) [ 0111000000000000000000000000000000000000000000000000000000000000000000000000000000000000000001111111111111111111]
br_ln167                   (br               ) [ 0000000000000000000000000000000000000000000000000000000000000000000000000000000000000000000000000000000000000000]
sub6                       (fsub             ) [ 0111000000000000000000000000000000000000000000000000000000000000000000000000000000000000000000001111000000000000]
sub7                       (fsub             ) [ 0111000000000000000000000000000000000000000000000000000000000000000000000000000000000000000000000111100000000000]
sub400_1                   (fsub             ) [ 0111000000000000000000000000000000000000000000000000000000000000000000000000000000000000000000000111100000000000]
sub400_2                   (fsub             ) [ 0111000000000000000000000000000000000000000000000000000000000000000000000000000000000000000000000001111000000000]
sub400_3                   (fsub             ) [ 0111000000000000000000000000000000000000000000000000000000000000000000000000000000000000000000000001111000000000]
mul7                       (fmul             ) [ 0111000000000000000000000000000000000000000000000000000000000000000000000000000000000000000000000000111100000000]
mul9                       (fmul             ) [ 0010000000000000000000000000000000000000000000000000000000000000000000000000000000000000000000000000010000000000]
mul401_1                   (fmul             ) [ 0010000000000000000000000000000000000000000000000000000000000000000000000000000000000000000000000000010000000000]
store_ln177                (store            ) [ 0000000000000000000000000000000000000000000000000000000000000000000000000000000000000000000000000000000000000000]
br_ln179                   (br               ) [ 0000000000000000000000000000000000000000000000000000000000000000000000000000000000000000000000000000000000000000]
store_ln177                (store            ) [ 0000000000000000000000000000000000000000000000000000000000000000000000000000000000000000000000000000000000000000]
br_ln179                   (br               ) [ 0000000000000000000000000000000000000000000000000000000000000000000000000000000000000000000000000000000000000000]
mul401_2                   (fmul             ) [ 0100000000000000000000000000000000000000000000000000000000000000000000000000000000000000000000000000000100000000]
mul401_3                   (fmul             ) [ 0100000000000000000000000000000000000000000000000000000000000000000000000000000000000000000000000000000100000000]
div7                       (fmul             ) [ 0111000000000000000000000000000000000000000000000000000000000000000000000000000000000000000000000000000011110000]
store_ln177                (store            ) [ 0000000000000000000000000000000000000000000000000000000000000000000000000000000000000000000000000000000000000000]
br_ln179                   (br               ) [ 0000000000000000000000000000000000000000000000000000000000000000000000000000000000000000000000000000000000000000]
store_ln177                (store            ) [ 0000000000000000000000000000000000000000000000000000000000000000000000000000000000000000000000000000000000000000]
br_ln179                   (br               ) [ 0000000000000000000000000000000000000000000000000000000000000000000000000000000000000000000000000000000000000000]
mul8                       (fmul             ) [ 0101000000000000000000000000000000000000000000000000000000000000000000000000000000000000000000000000000000001100]
p_load                     (load             ) [ 0110000000000000000000000000000000000000000000000000000000000000000000000000000000000000000000000000000000000110]
br_ln0                     (br               ) [ 0110000000000000000000000000000000000000000000000000000000000000000000000000000000000000000000000000000000000110]
br_ln167                   (br               ) [ 0110000000000000000000000000000000000000000000000000000000000000000000000000000000000000000000000000000000000110]
tmp_20                     (call             ) [ 0000000000000000000000000000000000000000000000000000000000000000000000000000000000000000000000000000000000000000]
sext_ln169                 (sext             ) [ 0000000000000000000000000000000000000000000000000000000000000000000000000000000000000000000000000000000000000000]
trunc_ln                   (partselect       ) [ 0000000000000000000000000000000000000000000000000000000000000000000000000000000000000000000000000000000000000000]
add_ln168                  (add              ) [ 0000000000000000000000000000000000000000000000000000000000000000000000000000000000000000000000000000000000000000]
tmp_71                     (partselect       ) [ 0000000000000000000000000000000000000000000000000000000000000000000000000000000000000000000000000000000000000000]
trunc_ln168                (trunc            ) [ 0000000000000000000000000000000000000000000000000000000000000000000000000000000000000000000000000000000000000000]
or_ln2                     (bitconcatenate   ) [ 0110000000000000000000000000000000000000000000000000000000000000000000000000000000000000000000000000000000000110]
br_ln170                   (br               ) [ 0110000000000000000000000000000000000000000000000000000000000000000000000000000000000000000000000000000000000110]
tmp_21                     (call             ) [ 0010000000000000000000000000000000000000000000000000000000000000000000000000000000000000000000000000000000000010]
empty_76                   (phi              ) [ 0010000000000000000000000000000000000000000000000000000000000000000000000000000000000000000000000000000000000010]
br_ln0                     (br               ) [ 0000000000000000000000000000000000000000000000000000000000000000000000000000000000000000000000000000000000000000]
br_ln167                   (br               ) [ 0000000000000000000000000000000000000000000000000000000000000000000000000000000000000000000000000000000000000000]
sext_ln169_1               (sext             ) [ 0000000000000000000000000000000000000000000000000000000000000000000000000000000000000000000000000000000000000000]
trunc_ln168_1              (partselect       ) [ 0000000000000000000000000000000000000000000000000000000000000000000000000000000000000000000000000000000000000000]
add_ln168_1                (add              ) [ 0000000000000000000000000000000000000000000000000000000000000000000000000000000000000000000000000000000000000000]
tmp_74                     (partselect       ) [ 0000000000000000000000000000000000000000000000000000000000000000000000000000000000000000000000000000000000000000]
trunc_ln168_4              (trunc            ) [ 0000000000000000000000000000000000000000000000000000000000000000000000000000000000000000000000000000000000000000]
or_ln168_1                 (bitconcatenate   ) [ 0000000000000000000000000000000000000000000000000000000000000000000000000000000000000000000000000000000000000000]
br_ln170                   (br               ) [ 0000000000000000000000000000000000000000000000000000000000000000000000000000000000000000000000000000000000000000]
empty_75                   (phi              ) [ 0011000000000000000000000000000000000000000000000000000000000000000000000000000000000000000000000000000000000011]
br_ln163                   (br               ) [ 0000000000000000000000000000000000000000000000000000000000000000000000000000000000000000000000000000000000000000]
br_ln0                     (br               ) [ 0011000000000000000000000000000000000000000000000000000000000000000000000000000000000000000000000000000000000011]
br_ln167                   (br               ) [ 0011000000000000000000000000000000000000000000000000000000000000000000000000000000000000000000000000000000000011]
tmp_22                     (call             ) [ 0000000000000000000000000000000000000000000000000000000000000000000000000000000000000000000000000000000000000000]
sext_ln169_2               (sext             ) [ 0000000000000000000000000000000000000000000000000000000000000000000000000000000000000000000000000000000000000000]
trunc_ln168_2              (partselect       ) [ 0000000000000000000000000000000000000000000000000000000000000000000000000000000000000000000000000000000000000000]
add_ln168_2                (add              ) [ 0001000000000000000000000000000000000000000000000000000000000000000000000000000000000000000000000000000000000001]
tmp_23                     (call             ) [ 0001000000000000000000000000000000000000000000000000000000000000000000000000000000000000000000000000000000000001]
tmp_77                     (partselect       ) [ 0000000000000000000000000000000000000000000000000000000000000000000000000000000000000000000000000000000000000000]
trunc_ln168_5              (trunc            ) [ 0000000000000000000000000000000000000000000000000000000000000000000000000000000000000000000000000000000000000000]
or_ln168_2                 (bitconcatenate   ) [ 0000000000000000000000000000000000000000000000000000000000000000000000000000000000000000000000000000000000000000]
br_ln170                   (br               ) [ 0000000000000000000000000000000000000000000000000000000000000000000000000000000000000000000000000000000000000000]
empty_74                   (phi              ) [ 0001000000000000000000000000000000000000000000000000000000000000000000000000000000000000000000000000000000000001]
store_ln168                (store            ) [ 0000000000000000000000000000000000000000000000000000000000000000000000000000000000000000000000000000000000000000]
br_ln0                     (br               ) [ 0000000000000000000000000000000000000000000000000000000000000000000000000000000000000000000000000000000000000000]
store_ln168                (store            ) [ 0000000000000000000000000000000000000000000000000000000000000000000000000000000000000000000000000000000000000000]
br_ln167                   (br               ) [ 0000000000000000000000000000000000000000000000000000000000000000000000000000000000000000000000000000000000000000]
sext_ln169_3               (sext             ) [ 0000000000000000000000000000000000000000000000000000000000000000000000000000000000000000000000000000000000000000]
trunc_ln168_3              (partselect       ) [ 0000000000000000000000000000000000000000000000000000000000000000000000000000000000000000000000000000000000000000]
add_ln168_3                (add              ) [ 0000000000000000000000000000000000000000000000000000000000000000000000000000000000000000000000000000000000000000]
tmp_80                     (partselect       ) [ 0000000000000000000000000000000000000000000000000000000000000000000000000000000000000000000000000000000000000000]
trunc_ln168_6              (trunc            ) [ 0000000000000000000000000000000000000000000000000000000000000000000000000000000000000000000000000000000000000000]
or_ln168_3                 (bitconcatenate   ) [ 0000000000000000000000000000000000000000000000000000000000000000000000000000000000000000000000000000000000000000]
store_ln168                (store            ) [ 0000000000000000000000000000000000000000000000000000000000000000000000000000000000000000000000000000000000000000]
br_ln170                   (br               ) [ 0000000000000000000000000000000000000000000000000000000000000000000000000000000000000000000000000000000000000000]
write_ln168                (write            ) [ 0000000000000000000000000000000000000000000000000000000000000000000000000000000000000000000000000000000000000000]
ret_ln0                    (ret              ) [ 0000000000000000000000000000000000000000000000000000000000000000000000000000000000000000000000000000000000000000]
</LifeTime>

<model>

<comp_list>
<comp id="0" class="1000" name="empty">
<pin_list>
<pin id="1" dir="1" index="0" bw="1" slack="0"/>
</pin_list>
<bind>
<StgValue><ssdm name="empty"/></StgValue>
</bind>
</comp>

<comp id="2" class="1000" name="p_ground">
<pin_list>
<pin id="3" dir="1" index="0" bw="1" slack="0"/>
</pin_list>
<bind>
<StgValue><ssdm name="p_ground"/><MemPortTyVec>1 1 </MemPortTyVec>
</StgValue>
</bind>
</comp>

<comp id="4" class="1000" name="spillage_flag">
<pin_list>
<pin id="5" dir="1" index="0" bw="1" slack="0"/>
</pin_list>
<bind>
<StgValue><ssdm name="spillage_flag"/><MemPortTyVec>0 3 </MemPortTyVec>
</StgValue>
</bind>
</comp>

<comp id="6" class="1000" name="spillage_level">
<pin_list>
<pin id="7" dir="1" index="0" bw="1" slack="0"/>
</pin_list>
<bind>
<StgValue><ssdm name="spillage_level"/><MemPortTyVec>0 3 </MemPortTyVec>
</StgValue>
</bind>
</comp>

<comp id="8" class="1000" name="water_level">
<pin_list>
<pin id="9" dir="1" index="0" bw="1" slack="0"/>
</pin_list>
<bind>
<StgValue><ssdm name="water_level"/><MemPortTyVec>1 1 3 3 3 3 3 3 3 3 3 3 3 3 3 3 3 </MemPortTyVec>
</StgValue>
</bind>
</comp>

<comp id="10" class="1000" name="water_level_1">
<pin_list>
<pin id="11" dir="1" index="0" bw="1" slack="0"/>
</pin_list>
<bind>
<StgValue><ssdm name="water_level_1"/><MemPortTyVec>1 1 3 3 3 3 3 3 3 3 3 3 3 3 3 3 3 </MemPortTyVec>
</StgValue>
</bind>
</comp>

<comp id="12" class="1000" name="water_level_2">
<pin_list>
<pin id="13" dir="1" index="0" bw="1" slack="0"/>
</pin_list>
<bind>
<StgValue><ssdm name="water_level_2"/><MemPortTyVec>1 1 3 3 3 3 3 3 3 3 3 3 3 3 3 3 3 </MemPortTyVec>
</StgValue>
</bind>
</comp>

<comp id="14" class="1000" name="spillage_from_neigh">
<pin_list>
<pin id="15" dir="1" index="0" bw="1" slack="0"/>
</pin_list>
<bind>
<StgValue><ssdm name="spillage_from_neigh"/><MemPortTyVec>0 3 </MemPortTyVec>
</StgValue>
</bind>
</comp>

<comp id="16" class="1000" name="spillage_from_neigh_1">
<pin_list>
<pin id="17" dir="1" index="0" bw="1" slack="0"/>
</pin_list>
<bind>
<StgValue><ssdm name="spillage_from_neigh_1"/><MemPortTyVec>0 3 </MemPortTyVec>
</StgValue>
</bind>
</comp>

<comp id="18" class="1000" name="spillage_from_neigh_2">
<pin_list>
<pin id="19" dir="1" index="0" bw="1" slack="0"/>
</pin_list>
<bind>
<StgValue><ssdm name="spillage_from_neigh_2"/><MemPortTyVec>0 3 </MemPortTyVec>
</StgValue>
</bind>
</comp>

<comp id="20" class="1000" name="spillage_from_neigh_3">
<pin_list>
<pin id="21" dir="1" index="0" bw="1" slack="0"/>
</pin_list>
<bind>
<StgValue><ssdm name="spillage_from_neigh_3"/><MemPortTyVec>0 3 </MemPortTyVec>
</StgValue>
</bind>
</comp>

<comp id="22" class="1000" name="p_out">
<pin_list>
<pin id="23" dir="1" index="0" bw="1" slack="0"/>
</pin_list>
<bind>
<StgValue><ssdm name="p_out"/></StgValue>
</bind>
</comp>

<comp id="24" class="1001" name="const_24">
<pin_list>
<pin id="25" dir="1" index="0" bw="1" slack="0"/>
</pin_list>
<bind>
<StgValue><ssdm name=""/></StgValue>
</bind>
</comp>

<comp id="26" class="1001" name="const_26">
<pin_list>
<pin id="27" dir="1" index="0" bw="1" slack="2147483647"/>
</pin_list>
<bind>
<StgValue><ssdm name="_ssdm_op_SpecInterface"/></StgValue>
</bind>
</comp>

<comp id="28" class="1001" name="const_28">
<pin_list>
<pin id="29" dir="1" index="0" bw="1" slack="2147483647"/>
</pin_list>
<bind>
<StgValue><ssdm name="empty_4"/></StgValue>
</bind>
</comp>

<comp id="30" class="1001" name="const_30">
<pin_list>
<pin id="31" dir="1" index="0" bw="1" slack="0"/>
</pin_list>
<bind>
<StgValue><ssdm name=""/></StgValue>
</bind>
</comp>

<comp id="32" class="1001" name="const_32">
<pin_list>
<pin id="33" dir="1" index="0" bw="1" slack="2147483647"/>
</pin_list>
<bind>
<StgValue><ssdm name="empty_3"/></StgValue>
</bind>
</comp>

<comp id="34" class="1001" name="const_34">
<pin_list>
<pin id="35" dir="1" index="0" bw="1" slack="2147483647"/>
</pin_list>
<bind>
<StgValue><ssdm name=""/></StgValue>
</bind>
</comp>

<comp id="36" class="1001" name="const_36">
<pin_list>
<pin id="37" dir="1" index="0" bw="1" slack="0"/>
</pin_list>
<bind>
<StgValue><ssdm name="_ssdm_op_Read.ap_auto.i416"/></StgValue>
</bind>
</comp>

<comp id="38" class="1001" name="const_38">
<pin_list>
<pin id="39" dir="1" index="0" bw="1" slack="0"/>
</pin_list>
<bind>
<StgValue><ssdm name=""/></StgValue>
</bind>
</comp>

<comp id="40" class="1001" name="const_40">
<pin_list>
<pin id="41" dir="1" index="0" bw="1" slack="0"/>
</pin_list>
<bind>
<StgValue><ssdm name=""/></StgValue>
</bind>
</comp>

<comp id="42" class="1001" name="const_42">
<pin_list>
<pin id="43" dir="1" index="0" bw="1" slack="0"/>
</pin_list>
<bind>
<StgValue><ssdm name=""/></StgValue>
</bind>
</comp>

<comp id="44" class="1001" name="const_44">
<pin_list>
<pin id="45" dir="1" index="0" bw="1" slack="0"/>
</pin_list>
<bind>
<StgValue><ssdm name=""/></StgValue>
</bind>
</comp>

<comp id="46" class="1001" name="const_46">
<pin_list>
<pin id="47" dir="1" index="0" bw="1" slack="0"/>
</pin_list>
<bind>
<StgValue><ssdm name=""/></StgValue>
</bind>
</comp>

<comp id="48" class="1001" name="const_48">
<pin_list>
<pin id="49" dir="1" index="0" bw="1" slack="0"/>
</pin_list>
<bind>
<StgValue><ssdm name=""/></StgValue>
</bind>
</comp>

<comp id="50" class="1001" name="const_50">
<pin_list>
<pin id="51" dir="1" index="0" bw="1" slack="0"/>
</pin_list>
<bind>
<StgValue><ssdm name=""/></StgValue>
</bind>
</comp>

<comp id="52" class="1001" name="const_52">
<pin_list>
<pin id="53" dir="1" index="0" bw="1" slack="0"/>
</pin_list>
<bind>
<StgValue><ssdm name=""/></StgValue>
</bind>
</comp>

<comp id="54" class="1001" name="const_54">
<pin_list>
<pin id="55" dir="1" index="0" bw="1" slack="0"/>
</pin_list>
<bind>
<StgValue><ssdm name=""/></StgValue>
</bind>
</comp>

<comp id="56" class="1001" name="const_56">
<pin_list>
<pin id="57" dir="1" index="0" bw="1" slack="0"/>
</pin_list>
<bind>
<StgValue><ssdm name="_ssdm_op_PartSelect.i6.i15.i32.i32"/></StgValue>
</bind>
</comp>

<comp id="58" class="1001" name="const_58">
<pin_list>
<pin id="59" dir="1" index="0" bw="1" slack="0"/>
</pin_list>
<bind>
<StgValue><ssdm name=""/></StgValue>
</bind>
</comp>

<comp id="60" class="1001" name="const_60">
<pin_list>
<pin id="61" dir="1" index="0" bw="1" slack="0"/>
</pin_list>
<bind>
<StgValue><ssdm name=""/></StgValue>
</bind>
</comp>

<comp id="62" class="1001" name="const_62">
<pin_list>
<pin id="63" dir="1" index="0" bw="1" slack="0"/>
</pin_list>
<bind>
<StgValue><ssdm name=""/></StgValue>
</bind>
</comp>

<comp id="64" class="1001" name="const_64">
<pin_list>
<pin id="65" dir="1" index="0" bw="1" slack="0"/>
</pin_list>
<bind>
<StgValue><ssdm name=""/></StgValue>
</bind>
</comp>

<comp id="66" class="1001" name="const_66">
<pin_list>
<pin id="67" dir="1" index="0" bw="1" slack="0"/>
</pin_list>
<bind>
<StgValue><ssdm name=""/></StgValue>
</bind>
</comp>

<comp id="68" class="1001" name="const_68">
<pin_list>
<pin id="69" dir="1" index="0" bw="1" slack="0"/>
</pin_list>
<bind>
<StgValue><ssdm name=""/></StgValue>
</bind>
</comp>

<comp id="70" class="1001" name="const_70">
<pin_list>
<pin id="71" dir="1" index="0" bw="1" slack="0"/>
</pin_list>
<bind>
<StgValue><ssdm name="_ssdm_op_SparseMux.ap_auto.3i32.i32.i2"/></StgValue>
</bind>
</comp>

<comp id="72" class="1001" name="const_72">
<pin_list>
<pin id="73" dir="1" index="0" bw="1" slack="0"/>
</pin_list>
<bind>
<StgValue><ssdm name=""/></StgValue>
</bind>
</comp>

<comp id="74" class="1001" name="const_74">
<pin_list>
<pin id="75" dir="1" index="0" bw="1" slack="0"/>
</pin_list>
<bind>
<StgValue><ssdm name=""/></StgValue>
</bind>
</comp>

<comp id="76" class="1001" name="const_76">
<pin_list>
<pin id="77" dir="1" index="0" bw="1" slack="0"/>
</pin_list>
<bind>
<StgValue><ssdm name=""/></StgValue>
</bind>
</comp>

<comp id="78" class="1001" name="const_78">
<pin_list>
<pin id="79" dir="1" index="0" bw="1" slack="0"/>
</pin_list>
<bind>
<StgValue><ssdm name=""/></StgValue>
</bind>
</comp>

<comp id="80" class="1001" name="const_80">
<pin_list>
<pin id="81" dir="1" index="0" bw="1" slack="0"/>
</pin_list>
<bind>
<StgValue><ssdm name=""/></StgValue>
</bind>
</comp>

<comp id="82" class="1001" name="const_82">
<pin_list>
<pin id="83" dir="1" index="0" bw="1" slack="0"/>
</pin_list>
<bind>
<StgValue><ssdm name=""/></StgValue>
</bind>
</comp>

<comp id="84" class="1001" name="const_84">
<pin_list>
<pin id="85" dir="1" index="0" bw="1" slack="0"/>
</pin_list>
<bind>
<StgValue><ssdm name="_ssdm_op_PartSelect.i11.i65.i32.i32"/></StgValue>
</bind>
</comp>

<comp id="86" class="1001" name="const_86">
<pin_list>
<pin id="87" dir="1" index="0" bw="1" slack="0"/>
</pin_list>
<bind>
<StgValue><ssdm name=""/></StgValue>
</bind>
</comp>

<comp id="88" class="1001" name="const_88">
<pin_list>
<pin id="89" dir="1" index="0" bw="1" slack="0"/>
</pin_list>
<bind>
<StgValue><ssdm name=""/></StgValue>
</bind>
</comp>

<comp id="90" class="1001" name="const_90">
<pin_list>
<pin id="91" dir="1" index="0" bw="1" slack="0"/>
</pin_list>
<bind>
<StgValue><ssdm name=""/></StgValue>
</bind>
</comp>

<comp id="92" class="1001" name="const_92">
<pin_list>
<pin id="93" dir="1" index="0" bw="1" slack="2147483647"/>
</pin_list>
<bind>
<StgValue><ssdm name="_ssdm_op_SpecLoopName"/></StgValue>
</bind>
</comp>

<comp id="94" class="1001" name="const_94">
<pin_list>
<pin id="95" dir="1" index="0" bw="1" slack="2147483647"/>
</pin_list>
<bind>
<StgValue><ssdm name="VITIS_LOOP_109_9_VITIS_LOOP_110_10_str"/></StgValue>
</bind>
</comp>

<comp id="96" class="1001" name="const_96">
<pin_list>
<pin id="97" dir="1" index="0" bw="1" slack="2147483647"/>
</pin_list>
<bind>
<StgValue><ssdm name="_ssdm_op_SpecLoopTripCount"/></StgValue>
</bind>
</comp>

<comp id="98" class="1001" name="const_98">
<pin_list>
<pin id="99" dir="1" index="0" bw="1" slack="2147483647"/>
</pin_list>
<bind>
<StgValue><ssdm name=""/></StgValue>
</bind>
</comp>

<comp id="100" class="1001" name="const_100">
<pin_list>
<pin id="101" dir="1" index="0" bw="1" slack="0"/>
</pin_list>
<bind>
<StgValue><ssdm name="_ssdm_op_BitConcatenate.i12.i6.i6"/></StgValue>
</bind>
</comp>

<comp id="102" class="1001" name="const_102">
<pin_list>
<pin id="103" dir="1" index="0" bw="1" slack="0"/>
</pin_list>
<bind>
<StgValue><ssdm name="_ssdm_op_BitConcatenate.i10.i6.i4"/></StgValue>
</bind>
</comp>

<comp id="104" class="1001" name="const_104">
<pin_list>
<pin id="105" dir="1" index="0" bw="1" slack="0"/>
</pin_list>
<bind>
<StgValue><ssdm name=""/></StgValue>
</bind>
</comp>

<comp id="106" class="1001" name="const_106">
<pin_list>
<pin id="107" dir="1" index="0" bw="1" slack="0"/>
</pin_list>
<bind>
<StgValue><ssdm name=""/></StgValue>
</bind>
</comp>

<comp id="108" class="1001" name="const_108">
<pin_list>
<pin id="109" dir="1" index="0" bw="1" slack="0"/>
</pin_list>
<bind>
<StgValue><ssdm name="_ssdm_op_BitConcatenate.i13.i7.i6"/></StgValue>
</bind>
</comp>

<comp id="110" class="1001" name="const_110">
<pin_list>
<pin id="111" dir="1" index="0" bw="1" slack="0"/>
</pin_list>
<bind>
<StgValue><ssdm name="_ssdm_op_BitConcatenate.i11.i7.i4"/></StgValue>
</bind>
</comp>

<comp id="112" class="1001" name="const_112">
<pin_list>
<pin id="113" dir="1" index="0" bw="1" slack="0"/>
</pin_list>
<bind>
<StgValue><ssdm name=""/></StgValue>
</bind>
</comp>

<comp id="114" class="1001" name="const_114">
<pin_list>
<pin id="115" dir="1" index="0" bw="1" slack="2147483647"/>
</pin_list>
<bind>
<StgValue><ssdm name="_ssdm_op_SpecPipeline"/></StgValue>
</bind>
</comp>

<comp id="116" class="1001" name="const_116">
<pin_list>
<pin id="117" dir="1" index="0" bw="1" slack="0"/>
</pin_list>
<bind>
<StgValue><ssdm name="_ssdm_op_PartSelect.i8.i32.i32.i32"/></StgValue>
</bind>
</comp>

<comp id="118" class="1001" name="const_118">
<pin_list>
<pin id="119" dir="1" index="0" bw="1" slack="0"/>
</pin_list>
<bind>
<StgValue><ssdm name=""/></StgValue>
</bind>
</comp>

<comp id="120" class="1001" name="const_120">
<pin_list>
<pin id="121" dir="1" index="0" bw="1" slack="0"/>
</pin_list>
<bind>
<StgValue><ssdm name=""/></StgValue>
</bind>
</comp>

<comp id="122" class="1001" name="const_122">
<pin_list>
<pin id="123" dir="1" index="0" bw="1" slack="0"/>
</pin_list>
<bind>
<StgValue><ssdm name=""/></StgValue>
</bind>
</comp>

<comp id="124" class="1001" name="const_124">
<pin_list>
<pin id="125" dir="1" index="0" bw="1" slack="0"/>
</pin_list>
<bind>
<StgValue><ssdm name=""/></StgValue>
</bind>
</comp>

<comp id="126" class="1001" name="const_126">
<pin_list>
<pin id="127" dir="1" index="0" bw="1" slack="0"/>
</pin_list>
<bind>
<StgValue><ssdm name=""/></StgValue>
</bind>
</comp>

<comp id="128" class="1001" name="const_128">
<pin_list>
<pin id="129" dir="1" index="0" bw="1" slack="0"/>
</pin_list>
<bind>
<StgValue><ssdm name=""/></StgValue>
</bind>
</comp>

<comp id="130" class="1001" name="const_130">
<pin_list>
<pin id="131" dir="1" index="0" bw="1" slack="0"/>
</pin_list>
<bind>
<StgValue><ssdm name="_ssdm_op_PartSelect.i11.i64.i32.i32"/></StgValue>
</bind>
</comp>

<comp id="132" class="1001" name="const_132">
<pin_list>
<pin id="133" dir="1" index="0" bw="1" slack="0"/>
</pin_list>
<bind>
<StgValue><ssdm name=""/></StgValue>
</bind>
</comp>

<comp id="134" class="1001" name="const_134">
<pin_list>
<pin id="135" dir="1" index="0" bw="1" slack="0"/>
</pin_list>
<bind>
<StgValue><ssdm name=""/></StgValue>
</bind>
</comp>

<comp id="136" class="1001" name="const_136">
<pin_list>
<pin id="137" dir="1" index="0" bw="1" slack="0"/>
</pin_list>
<bind>
<StgValue><ssdm name=""/></StgValue>
</bind>
</comp>

<comp id="138" class="1001" name="const_138">
<pin_list>
<pin id="139" dir="1" index="0" bw="1" slack="0"/>
</pin_list>
<bind>
<StgValue><ssdm name=""/></StgValue>
</bind>
</comp>

<comp id="140" class="1001" name="const_140">
<pin_list>
<pin id="141" dir="1" index="0" bw="1" slack="0"/>
</pin_list>
<bind>
<StgValue><ssdm name=""/></StgValue>
</bind>
</comp>

<comp id="142" class="1001" name="const_142">
<pin_list>
<pin id="143" dir="1" index="0" bw="1" slack="0"/>
</pin_list>
<bind>
<StgValue><ssdm name=""/></StgValue>
</bind>
</comp>

<comp id="144" class="1001" name="const_144">
<pin_list>
<pin id="145" dir="1" index="0" bw="1" slack="0"/>
</pin_list>
<bind>
<StgValue><ssdm name=""/></StgValue>
</bind>
</comp>

<comp id="146" class="1001" name="const_146">
<pin_list>
<pin id="147" dir="1" index="0" bw="1" slack="0"/>
</pin_list>
<bind>
<StgValue><ssdm name="__hls_fptosi_float_i32"/></StgValue>
</bind>
</comp>

<comp id="148" class="1001" name="const_148">
<pin_list>
<pin id="149" dir="1" index="0" bw="1" slack="0"/>
</pin_list>
<bind>
<StgValue><ssdm name="_ssdm_op_PartSelect.i64.i416.i32.i32"/></StgValue>
</bind>
</comp>

<comp id="150" class="1001" name="const_150">
<pin_list>
<pin id="151" dir="1" index="0" bw="1" slack="0"/>
</pin_list>
<bind>
<StgValue><ssdm name=""/></StgValue>
</bind>
</comp>

<comp id="152" class="1001" name="const_152">
<pin_list>
<pin id="153" dir="1" index="0" bw="1" slack="0"/>
</pin_list>
<bind>
<StgValue><ssdm name=""/></StgValue>
</bind>
</comp>

<comp id="154" class="1001" name="const_154">
<pin_list>
<pin id="155" dir="1" index="0" bw="1" slack="0"/>
</pin_list>
<bind>
<StgValue><ssdm name=""/></StgValue>
</bind>
</comp>

<comp id="156" class="1001" name="const_156">
<pin_list>
<pin id="157" dir="1" index="0" bw="1" slack="0"/>
</pin_list>
<bind>
<StgValue><ssdm name=""/></StgValue>
</bind>
</comp>

<comp id="158" class="1001" name="const_158">
<pin_list>
<pin id="159" dir="1" index="0" bw="1" slack="0"/>
</pin_list>
<bind>
<StgValue><ssdm name="_ssdm_op_BitConcatenate.i416.i64.i64.i288"/></StgValue>
</bind>
</comp>

<comp id="160" class="1001" name="const_160">
<pin_list>
<pin id="161" dir="1" index="0" bw="1" slack="0"/>
</pin_list>
<bind>
<StgValue><ssdm name="_ssdm_op_Write.ap_auto.i416P0A"/></StgValue>
</bind>
</comp>

<comp id="162" class="1004" name="new_col_fu_162">
<pin_list>
<pin id="163" dir="0" index="0" bw="1" slack="0"/>
<pin id="164" dir="1" index="1" bw="7" slack="0"/>
</pin_list>
<bind>
<opcode="alloca(26) " fcode="alloca"/>
<opset="new_col/1 "/>
</bind>
</comp>

<comp id="166" class="1004" name="new_row_2_fu_166">
<pin_list>
<pin id="167" dir="0" index="0" bw="1" slack="0"/>
<pin id="168" dir="1" index="1" bw="6" slack="0"/>
</pin_list>
<bind>
<opcode="alloca(26) " fcode="alloca"/>
<opset="new_row_2/1 "/>
</bind>
</comp>

<comp id="170" class="1004" name="indvar_flatten9_fu_170">
<pin_list>
<pin id="171" dir="0" index="0" bw="1" slack="0"/>
<pin id="172" dir="1" index="1" bw="13" slack="0"/>
</pin_list>
<bind>
<opcode="alloca(26) " fcode="alloca"/>
<opset="indvar_flatten9/1 "/>
</bind>
</comp>

<comp id="174" class="1004" name="empty_71_fu_174">
<pin_list>
<pin id="175" dir="0" index="0" bw="1" slack="0"/>
<pin id="176" dir="1" index="1" bw="416" slack="0"/>
</pin_list>
<bind>
<opcode="alloca(26) " fcode="alloca"/>
<opset="empty_71/1 "/>
</bind>
</comp>

<comp id="178" class="1004" name="tmp_read_fu_178">
<pin_list>
<pin id="179" dir="0" index="0" bw="416" slack="0"/>
<pin id="180" dir="0" index="1" bw="416" slack="0"/>
<pin id="181" dir="1" index="2" bw="416" slack="0"/>
</pin_list>
<bind>
<opcode="read(1150) " fcode="read"/>
<opset="tmp/1 "/>
</bind>
</comp>

<comp id="184" class="1004" name="write_ln168_write_fu_184">
<pin_list>
<pin id="185" dir="0" index="0" bw="0" slack="0"/>
<pin id="186" dir="0" index="1" bw="416" slack="0"/>
<pin id="187" dir="0" index="2" bw="416" slack="0"/>
<pin id="188" dir="1" index="3" bw="0" slack="2147483647"/>
</pin_list>
<bind>
<opcode="write(1151) " fcode="write"/>
<opset="write_ln168/109 "/>
</bind>
</comp>

<comp id="191" class="1004" name="water_level_addr_gep_fu_191">
<pin_list>
<pin id="192" dir="0" index="0" bw="32" slack="0"/>
<pin id="193" dir="0" index="1" bw="1" slack="0"/>
<pin id="194" dir="0" index="2" bw="11" slack="0"/>
<pin id="195" dir="1" index="3" bw="11" slack="0"/>
</pin_list>
<bind>
<opcode="getelementptr(29) " fcode="getelementptr"/>
<opset="water_level_addr/2 "/>
</bind>
</comp>

<comp id="198" class="1004" name="water_level_1_addr_gep_fu_198">
<pin_list>
<pin id="199" dir="0" index="0" bw="32" slack="0"/>
<pin id="200" dir="0" index="1" bw="1" slack="0"/>
<pin id="201" dir="0" index="2" bw="11" slack="0"/>
<pin id="202" dir="1" index="3" bw="11" slack="0"/>
</pin_list>
<bind>
<opcode="getelementptr(29) " fcode="getelementptr"/>
<opset="water_level_1_addr/2 "/>
</bind>
</comp>

<comp id="205" class="1004" name="water_level_2_addr_gep_fu_205">
<pin_list>
<pin id="206" dir="0" index="0" bw="32" slack="0"/>
<pin id="207" dir="0" index="1" bw="1" slack="0"/>
<pin id="208" dir="0" index="2" bw="11" slack="0"/>
<pin id="209" dir="1" index="3" bw="11" slack="0"/>
</pin_list>
<bind>
<opcode="getelementptr(29) " fcode="getelementptr"/>
<opset="water_level_2_addr/2 "/>
</bind>
</comp>

<comp id="212" class="1004" name="grp_access_fu_212">
<pin_list>
<pin id="213" dir="0" index="0" bw="11" slack="0"/>
<pin id="214" dir="0" index="1" bw="32" slack="2147483647"/>
<pin id="215" dir="0" index="2" bw="0" slack="0"/>
<pin id="217" dir="0" index="4" bw="11" slack="2147483647"/>
<pin id="218" dir="0" index="5" bw="32" slack="2147483647"/>
<pin id="219" dir="0" index="6" bw="0" slack="2147483647"/>
<pin id="216" dir="1" index="3" bw="32" slack="0"/>
<pin id="220" dir="1" index="7" bw="32" slack="0"/>
</pin_list>
<bind>
<opcode="load(27) " fcode="load"/>
<opset="water_level_load/2 water_level_load_1/11 water_level_load_2/12 water_level_load_4/13 water_level_load_3/15 "/>
</bind>
</comp>

<comp id="222" class="1004" name="grp_access_fu_222">
<pin_list>
<pin id="223" dir="0" index="0" bw="11" slack="0"/>
<pin id="224" dir="0" index="1" bw="32" slack="2147483647"/>
<pin id="225" dir="0" index="2" bw="0" slack="0"/>
<pin id="227" dir="0" index="4" bw="11" slack="2147483647"/>
<pin id="228" dir="0" index="5" bw="32" slack="2147483647"/>
<pin id="229" dir="0" index="6" bw="0" slack="2147483647"/>
<pin id="226" dir="1" index="3" bw="32" slack="0"/>
<pin id="230" dir="1" index="7" bw="32" slack="0"/>
</pin_list>
<bind>
<opcode="load(27) " fcode="load"/>
<opset="water_level_1_load/2 water_level_1_load_1/11 water_level_1_load_2/12 water_level_1_load_4/13 water_level_1_load_3/15 "/>
</bind>
</comp>

<comp id="232" class="1004" name="grp_access_fu_232">
<pin_list>
<pin id="233" dir="0" index="0" bw="11" slack="0"/>
<pin id="234" dir="0" index="1" bw="32" slack="2147483647"/>
<pin id="235" dir="0" index="2" bw="0" slack="0"/>
<pin id="237" dir="0" index="4" bw="11" slack="2147483647"/>
<pin id="238" dir="0" index="5" bw="32" slack="2147483647"/>
<pin id="239" dir="0" index="6" bw="0" slack="2147483647"/>
<pin id="236" dir="1" index="3" bw="32" slack="0"/>
<pin id="240" dir="1" index="7" bw="32" slack="0"/>
</pin_list>
<bind>
<opcode="load(27) " fcode="load"/>
<opset="water_level_2_load/2 water_level_2_load_1/11 water_level_2_load_2/12 water_level_2_load_4/13 water_level_2_load_3/15 "/>
</bind>
</comp>

<comp id="242" class="1004" name="water_level_addr_1_gep_fu_242">
<pin_list>
<pin id="243" dir="0" index="0" bw="32" slack="0"/>
<pin id="244" dir="0" index="1" bw="1" slack="0"/>
<pin id="245" dir="0" index="2" bw="11" slack="0"/>
<pin id="246" dir="1" index="3" bw="11" slack="0"/>
</pin_list>
<bind>
<opcode="getelementptr(29) " fcode="getelementptr"/>
<opset="water_level_addr_1/11 "/>
</bind>
</comp>

<comp id="249" class="1004" name="water_level_1_addr_1_gep_fu_249">
<pin_list>
<pin id="250" dir="0" index="0" bw="32" slack="0"/>
<pin id="251" dir="0" index="1" bw="1" slack="0"/>
<pin id="252" dir="0" index="2" bw="11" slack="0"/>
<pin id="253" dir="1" index="3" bw="11" slack="0"/>
</pin_list>
<bind>
<opcode="getelementptr(29) " fcode="getelementptr"/>
<opset="water_level_1_addr_1/11 "/>
</bind>
</comp>

<comp id="256" class="1004" name="water_level_2_addr_1_gep_fu_256">
<pin_list>
<pin id="257" dir="0" index="0" bw="32" slack="0"/>
<pin id="258" dir="0" index="1" bw="1" slack="0"/>
<pin id="259" dir="0" index="2" bw="11" slack="0"/>
<pin id="260" dir="1" index="3" bw="11" slack="0"/>
</pin_list>
<bind>
<opcode="getelementptr(29) " fcode="getelementptr"/>
<opset="water_level_2_addr_1/11 "/>
</bind>
</comp>

<comp id="266" class="1004" name="water_level_addr_2_gep_fu_266">
<pin_list>
<pin id="267" dir="0" index="0" bw="32" slack="0"/>
<pin id="268" dir="0" index="1" bw="1" slack="0"/>
<pin id="269" dir="0" index="2" bw="11" slack="0"/>
<pin id="270" dir="1" index="3" bw="11" slack="0"/>
</pin_list>
<bind>
<opcode="getelementptr(29) " fcode="getelementptr"/>
<opset="water_level_addr_2/12 "/>
</bind>
</comp>

<comp id="273" class="1004" name="water_level_1_addr_2_gep_fu_273">
<pin_list>
<pin id="274" dir="0" index="0" bw="32" slack="0"/>
<pin id="275" dir="0" index="1" bw="1" slack="0"/>
<pin id="276" dir="0" index="2" bw="11" slack="0"/>
<pin id="277" dir="1" index="3" bw="11" slack="0"/>
</pin_list>
<bind>
<opcode="getelementptr(29) " fcode="getelementptr"/>
<opset="water_level_1_addr_2/12 "/>
</bind>
</comp>

<comp id="280" class="1004" name="water_level_2_addr_2_gep_fu_280">
<pin_list>
<pin id="281" dir="0" index="0" bw="32" slack="0"/>
<pin id="282" dir="0" index="1" bw="1" slack="0"/>
<pin id="283" dir="0" index="2" bw="11" slack="0"/>
<pin id="284" dir="1" index="3" bw="11" slack="0"/>
</pin_list>
<bind>
<opcode="getelementptr(29) " fcode="getelementptr"/>
<opset="water_level_2_addr_2/12 "/>
</bind>
</comp>

<comp id="290" class="1004" name="water_level_addr_4_gep_fu_290">
<pin_list>
<pin id="291" dir="0" index="0" bw="32" slack="0"/>
<pin id="292" dir="0" index="1" bw="1" slack="0"/>
<pin id="293" dir="0" index="2" bw="11" slack="0"/>
<pin id="294" dir="1" index="3" bw="11" slack="0"/>
</pin_list>
<bind>
<opcode="getelementptr(29) " fcode="getelementptr"/>
<opset="water_level_addr_4/13 "/>
</bind>
</comp>

<comp id="297" class="1004" name="water_level_1_addr_4_gep_fu_297">
<pin_list>
<pin id="298" dir="0" index="0" bw="32" slack="0"/>
<pin id="299" dir="0" index="1" bw="1" slack="0"/>
<pin id="300" dir="0" index="2" bw="11" slack="0"/>
<pin id="301" dir="1" index="3" bw="11" slack="0"/>
</pin_list>
<bind>
<opcode="getelementptr(29) " fcode="getelementptr"/>
<opset="water_level_1_addr_4/13 "/>
</bind>
</comp>

<comp id="304" class="1004" name="water_level_2_addr_4_gep_fu_304">
<pin_list>
<pin id="305" dir="0" index="0" bw="32" slack="0"/>
<pin id="306" dir="0" index="1" bw="1" slack="0"/>
<pin id="307" dir="0" index="2" bw="11" slack="0"/>
<pin id="308" dir="1" index="3" bw="11" slack="0"/>
</pin_list>
<bind>
<opcode="getelementptr(29) " fcode="getelementptr"/>
<opset="water_level_2_addr_4/13 "/>
</bind>
</comp>

<comp id="314" class="1004" name="water_level_addr_3_gep_fu_314">
<pin_list>
<pin id="315" dir="0" index="0" bw="32" slack="0"/>
<pin id="316" dir="0" index="1" bw="1" slack="0"/>
<pin id="317" dir="0" index="2" bw="11" slack="0"/>
<pin id="318" dir="1" index="3" bw="11" slack="0"/>
</pin_list>
<bind>
<opcode="getelementptr(29) " fcode="getelementptr"/>
<opset="water_level_addr_3/15 "/>
</bind>
</comp>

<comp id="321" class="1004" name="water_level_1_addr_3_gep_fu_321">
<pin_list>
<pin id="322" dir="0" index="0" bw="32" slack="0"/>
<pin id="323" dir="0" index="1" bw="1" slack="0"/>
<pin id="324" dir="0" index="2" bw="11" slack="0"/>
<pin id="325" dir="1" index="3" bw="11" slack="0"/>
</pin_list>
<bind>
<opcode="getelementptr(29) " fcode="getelementptr"/>
<opset="water_level_1_addr_3/15 "/>
</bind>
</comp>

<comp id="328" class="1004" name="water_level_2_addr_3_gep_fu_328">
<pin_list>
<pin id="329" dir="0" index="0" bw="32" slack="0"/>
<pin id="330" dir="0" index="1" bw="1" slack="0"/>
<pin id="331" dir="0" index="2" bw="11" slack="0"/>
<pin id="332" dir="1" index="3" bw="11" slack="0"/>
</pin_list>
<bind>
<opcode="getelementptr(29) " fcode="getelementptr"/>
<opset="water_level_2_addr_3/15 "/>
</bind>
</comp>

<comp id="338" class="1004" name="p_ground_addr_gep_fu_338">
<pin_list>
<pin id="339" dir="0" index="0" bw="32" slack="0"/>
<pin id="340" dir="0" index="1" bw="1" slack="0"/>
<pin id="341" dir="0" index="2" bw="13" slack="0"/>
<pin id="342" dir="1" index="3" bw="13" slack="0"/>
</pin_list>
<bind>
<opcode="getelementptr(29) " fcode="getelementptr"/>
<opset="p_ground_addr/26 "/>
</bind>
</comp>

<comp id="345" class="1004" name="spillage_flag_addr_gep_fu_345">
<pin_list>
<pin id="346" dir="0" index="0" bw="32" slack="0"/>
<pin id="347" dir="0" index="1" bw="1" slack="0"/>
<pin id="348" dir="0" index="2" bw="13" slack="0"/>
<pin id="349" dir="1" index="3" bw="13" slack="64"/>
</pin_list>
<bind>
<opcode="getelementptr(29) " fcode="getelementptr"/>
<opset="spillage_flag_addr/26 "/>
</bind>
</comp>

<comp id="352" class="1004" name="spillage_level_addr_gep_fu_352">
<pin_list>
<pin id="353" dir="0" index="0" bw="32" slack="0"/>
<pin id="354" dir="0" index="1" bw="1" slack="0"/>
<pin id="355" dir="0" index="2" bw="13" slack="0"/>
<pin id="356" dir="1" index="3" bw="13" slack="64"/>
</pin_list>
<bind>
<opcode="getelementptr(29) " fcode="getelementptr"/>
<opset="spillage_level_addr/26 "/>
</bind>
</comp>

<comp id="359" class="1004" name="grp_access_fu_359">
<pin_list>
<pin id="360" dir="0" index="0" bw="13" slack="0"/>
<pin id="361" dir="0" index="1" bw="32" slack="2147483647"/>
<pin id="362" dir="0" index="2" bw="0" slack="0"/>
<pin id="364" dir="0" index="4" bw="13" slack="2147483647"/>
<pin id="365" dir="0" index="5" bw="32" slack="2147483647"/>
<pin id="366" dir="0" index="6" bw="0" slack="2147483647"/>
<pin id="363" dir="1" index="3" bw="32" slack="2"/>
<pin id="367" dir="1" index="7" bw="32" slack="1"/>
</pin_list>
<bind>
<opcode="load(27) " fcode="load"/>
<opset="p_ground_load/26 p_ground_load_1/26 p_ground_load_2/27 p_ground_load_4/28 p_ground_load_3/30 "/>
</bind>
</comp>

<comp id="369" class="1004" name="p_ground_addr_1_gep_fu_369">
<pin_list>
<pin id="370" dir="0" index="0" bw="32" slack="0"/>
<pin id="371" dir="0" index="1" bw="1" slack="0"/>
<pin id="372" dir="0" index="2" bw="13" slack="0"/>
<pin id="373" dir="1" index="3" bw="13" slack="0"/>
</pin_list>
<bind>
<opcode="getelementptr(29) " fcode="getelementptr"/>
<opset="p_ground_addr_1/26 "/>
</bind>
</comp>

<comp id="376" class="1004" name="spillage_from_neigh_addr_gep_fu_376">
<pin_list>
<pin id="377" dir="0" index="0" bw="32" slack="0"/>
<pin id="378" dir="0" index="1" bw="1" slack="0"/>
<pin id="379" dir="0" index="2" bw="13" slack="0"/>
<pin id="380" dir="1" index="3" bw="13" slack="75"/>
</pin_list>
<bind>
<opcode="getelementptr(29) " fcode="getelementptr"/>
<opset="spillage_from_neigh_addr/26 "/>
</bind>
</comp>

<comp id="384" class="1004" name="p_ground_addr_2_gep_fu_384">
<pin_list>
<pin id="385" dir="0" index="0" bw="32" slack="0"/>
<pin id="386" dir="0" index="1" bw="1" slack="0"/>
<pin id="387" dir="0" index="2" bw="13" slack="0"/>
<pin id="388" dir="1" index="3" bw="13" slack="0"/>
</pin_list>
<bind>
<opcode="getelementptr(29) " fcode="getelementptr"/>
<opset="p_ground_addr_2/27 "/>
</bind>
</comp>

<comp id="391" class="1004" name="spillage_from_neigh_1_addr_gep_fu_391">
<pin_list>
<pin id="392" dir="0" index="0" bw="32" slack="0"/>
<pin id="393" dir="0" index="1" bw="1" slack="0"/>
<pin id="394" dir="0" index="2" bw="13" slack="0"/>
<pin id="395" dir="1" index="3" bw="13" slack="74"/>
</pin_list>
<bind>
<opcode="getelementptr(29) " fcode="getelementptr"/>
<opset="spillage_from_neigh_1_addr/27 "/>
</bind>
</comp>

<comp id="399" class="1004" name="p_ground_addr_4_gep_fu_399">
<pin_list>
<pin id="400" dir="0" index="0" bw="32" slack="0"/>
<pin id="401" dir="0" index="1" bw="1" slack="0"/>
<pin id="402" dir="0" index="2" bw="13" slack="0"/>
<pin id="403" dir="1" index="3" bw="13" slack="0"/>
</pin_list>
<bind>
<opcode="getelementptr(29) " fcode="getelementptr"/>
<opset="p_ground_addr_4/28 "/>
</bind>
</comp>

<comp id="406" class="1004" name="spillage_from_neigh_3_addr_gep_fu_406">
<pin_list>
<pin id="407" dir="0" index="0" bw="32" slack="0"/>
<pin id="408" dir="0" index="1" bw="1" slack="0"/>
<pin id="409" dir="0" index="2" bw="13" slack="0"/>
<pin id="410" dir="1" index="3" bw="13" slack="75"/>
</pin_list>
<bind>
<opcode="getelementptr(29) " fcode="getelementptr"/>
<opset="spillage_from_neigh_3_addr/28 "/>
</bind>
</comp>

<comp id="414" class="1004" name="p_ground_addr_3_gep_fu_414">
<pin_list>
<pin id="415" dir="0" index="0" bw="32" slack="0"/>
<pin id="416" dir="0" index="1" bw="1" slack="0"/>
<pin id="417" dir="0" index="2" bw="13" slack="0"/>
<pin id="418" dir="1" index="3" bw="13" slack="0"/>
</pin_list>
<bind>
<opcode="getelementptr(29) " fcode="getelementptr"/>
<opset="p_ground_addr_3/30 "/>
</bind>
</comp>

<comp id="421" class="1004" name="spillage_from_neigh_2_addr_gep_fu_421">
<pin_list>
<pin id="422" dir="0" index="0" bw="32" slack="0"/>
<pin id="423" dir="0" index="1" bw="1" slack="0"/>
<pin id="424" dir="0" index="2" bw="13" slack="0"/>
<pin id="425" dir="1" index="3" bw="13" slack="73"/>
</pin_list>
<bind>
<opcode="getelementptr(29) " fcode="getelementptr"/>
<opset="spillage_from_neigh_2_addr/30 "/>
</bind>
</comp>

<comp id="429" class="1004" name="store_ln152_access_fu_429">
<pin_list>
<pin id="430" dir="0" index="0" bw="13" slack="64"/>
<pin id="431" dir="0" index="1" bw="32" slack="0"/>
<pin id="432" dir="0" index="2" bw="0" slack="2147483647"/>
<pin id="433" dir="1" index="3" bw="32" slack="2147483647"/>
</pin_list>
<bind>
<opcode="store(28) " fcode="store"/>
<opset="store_ln152/90 "/>
</bind>
</comp>

<comp id="435" class="1004" name="store_ln153_access_fu_435">
<pin_list>
<pin id="436" dir="0" index="0" bw="13" slack="64"/>
<pin id="437" dir="0" index="1" bw="32" slack="38"/>
<pin id="438" dir="0" index="2" bw="0" slack="2147483647"/>
<pin id="439" dir="1" index="3" bw="32" slack="2147483647"/>
</pin_list>
<bind>
<opcode="store(28) " fcode="store"/>
<opset="store_ln153/90 "/>
</bind>
</comp>

<comp id="440" class="1004" name="store_ln177_access_fu_440">
<pin_list>
<pin id="441" dir="0" index="0" bw="13" slack="75"/>
<pin id="442" dir="0" index="1" bw="32" slack="1"/>
<pin id="443" dir="0" index="2" bw="0" slack="2147483647"/>
<pin id="444" dir="1" index="3" bw="32" slack="2147483647"/>
</pin_list>
<bind>
<opcode="store(28) " fcode="store"/>
<opset="store_ln177/101 "/>
</bind>
</comp>

<comp id="445" class="1004" name="store_ln177_access_fu_445">
<pin_list>
<pin id="446" dir="0" index="0" bw="13" slack="74"/>
<pin id="447" dir="0" index="1" bw="32" slack="1"/>
<pin id="448" dir="0" index="2" bw="0" slack="2147483647"/>
<pin id="449" dir="1" index="3" bw="32" slack="2147483647"/>
</pin_list>
<bind>
<opcode="store(28) " fcode="store"/>
<opset="store_ln177/101 "/>
</bind>
</comp>

<comp id="450" class="1004" name="store_ln177_access_fu_450">
<pin_list>
<pin id="451" dir="0" index="0" bw="13" slack="73"/>
<pin id="452" dir="0" index="1" bw="32" slack="1"/>
<pin id="453" dir="0" index="2" bw="0" slack="2147483647"/>
<pin id="454" dir="1" index="3" bw="32" slack="2147483647"/>
</pin_list>
<bind>
<opcode="store(28) " fcode="store"/>
<opset="store_ln177/103 "/>
</bind>
</comp>

<comp id="455" class="1004" name="store_ln177_access_fu_455">
<pin_list>
<pin id="456" dir="0" index="0" bw="13" slack="75"/>
<pin id="457" dir="0" index="1" bw="32" slack="1"/>
<pin id="458" dir="0" index="2" bw="0" slack="2147483647"/>
<pin id="459" dir="1" index="3" bw="32" slack="2147483647"/>
</pin_list>
<bind>
<opcode="store(28) " fcode="store"/>
<opset="store_ln177/103 "/>
</bind>
</comp>

<comp id="460" class="1005" name="empty_76_reg_460">
<pin_list>
<pin id="461" dir="0" index="0" bw="416" slack="2147483647"/>
<pin id="462" dir="1" index="1" bw="416" slack="2147483647"/>
</pin_list>
<bind>
<opset="empty_76 (phireg) "/>
</bind>
</comp>

<comp id="463" class="1004" name="empty_76_phi_fu_463">
<pin_list>
<pin id="464" dir="0" index="0" bw="416" slack="1"/>
<pin id="465" dir="0" index="1" bw="0" slack="2147483647"/>
<pin id="466" dir="0" index="2" bw="416" slack="1"/>
<pin id="467" dir="0" index="3" bw="0" slack="2147483647"/>
<pin id="468" dir="0" index="4" bw="416" slack="1"/>
<pin id="469" dir="0" index="5" bw="0" slack="2147483647"/>
<pin id="470" dir="1" index="6" bw="416" slack="0"/>
</pin_list>
<bind>
<opcode="phi(47) " fcode="phi"/>
<opset="empty_76/110 "/>
</bind>
</comp>

<comp id="471" class="1005" name="empty_75_reg_471">
<pin_list>
<pin id="472" dir="0" index="0" bw="416" slack="1"/>
<pin id="473" dir="1" index="1" bw="416" slack="1"/>
</pin_list>
<bind>
<opset="empty_75 (phireg) "/>
</bind>
</comp>

<comp id="474" class="1004" name="empty_75_phi_fu_474">
<pin_list>
<pin id="475" dir="0" index="0" bw="416" slack="0"/>
<pin id="476" dir="0" index="1" bw="0" slack="2147483647"/>
<pin id="477" dir="0" index="2" bw="416" slack="0"/>
<pin id="478" dir="0" index="3" bw="0" slack="2147483647"/>
<pin id="479" dir="0" index="4" bw="416" slack="0"/>
<pin id="480" dir="0" index="5" bw="0" slack="2147483647"/>
<pin id="481" dir="1" index="6" bw="416" slack="0"/>
</pin_list>
<bind>
<opcode="phi(47) " fcode="phi"/>
<opset="empty_75/110 "/>
</bind>
</comp>

<comp id="485" class="1005" name="empty_74_reg_485">
<pin_list>
<pin id="486" dir="0" index="0" bw="416" slack="2147483647"/>
<pin id="487" dir="1" index="1" bw="416" slack="2147483647"/>
</pin_list>
<bind>
<opset="empty_74 (phireg) "/>
</bind>
</comp>

<comp id="488" class="1004" name="empty_74_phi_fu_488">
<pin_list>
<pin id="489" dir="0" index="0" bw="416" slack="1"/>
<pin id="490" dir="0" index="1" bw="0" slack="2147483647"/>
<pin id="491" dir="0" index="2" bw="416" slack="0"/>
<pin id="492" dir="0" index="3" bw="0" slack="2147483647"/>
<pin id="493" dir="0" index="4" bw="416" slack="1"/>
<pin id="494" dir="0" index="5" bw="0" slack="2147483647"/>
<pin id="495" dir="1" index="6" bw="416" slack="0"/>
</pin_list>
<bind>
<opcode="phi(47) " fcode="phi"/>
<opset="empty_74/111 "/>
</bind>
</comp>

<comp id="498" class="1004" name="grp_p_hls_fptosi_float_i32_fu_498">
<pin_list>
<pin id="499" dir="0" index="0" bw="32" slack="0"/>
<pin id="500" dir="0" index="1" bw="32" slack="1"/>
<pin id="501" dir="1" index="2" bw="32" slack="0"/>
</pin_list>
<bind>
<opcode="call(48) " fcode="call"/>
<opset="tmp_20/108 tmp_22/109 "/>
</bind>
</comp>

<comp id="503" class="1004" name="grp_p_hls_fptosi_float_i32_fu_503">
<pin_list>
<pin id="504" dir="0" index="0" bw="32" slack="0"/>
<pin id="505" dir="0" index="1" bw="32" slack="1"/>
<pin id="506" dir="1" index="2" bw="32" slack="1"/>
</pin_list>
<bind>
<opcode="call(48) " fcode="call"/>
<opset="tmp_21/108 tmp_23/109 "/>
</bind>
</comp>

<comp id="508" class="1004" name="grp_fu_508">
<pin_list>
<pin id="509" dir="0" index="0" bw="32" slack="0"/>
<pin id="510" dir="0" index="1" bw="32" slack="1"/>
<pin id="511" dir="1" index="2" bw="32" slack="1"/>
</pin_list>
<bind>
<opcode="fadd(9) " fcode="fadd"/>
<opset="current_height/28 neighbor_height/29 neighbor_height_2/30 "/>
</bind>
</comp>

<comp id="512" class="1004" name="grp_fu_512">
<pin_list>
<pin id="513" dir="0" index="0" bw="32" slack="0"/>
<pin id="514" dir="0" index="1" bw="32" slack="0"/>
<pin id="515" dir="1" index="2" bw="32" slack="1"/>
</pin_list>
<bind>
<opcode="fadd(9) fsub(11) " fcode="fadd"/>
<opset="neighbor_height_6/31 neighbor_height_4/33 height_diff_3/38 "/>
</bind>
</comp>

<comp id="516" class="1004" name="grp_fu_516">
<pin_list>
<pin id="517" dir="0" index="0" bw="32" slack="1"/>
<pin id="518" dir="0" index="1" bw="32" slack="0"/>
<pin id="519" dir="1" index="2" bw="32" slack="0"/>
</pin_list>
<bind>
<opcode="fadd(9) fsub(11) " fcode="fadd"/>
<opset="height_diff/36 height_diff_1/37 sum_diff_2/50 "/>
</bind>
</comp>

<comp id="520" class="1004" name="grp_fu_520">
<pin_list>
<pin id="521" dir="0" index="0" bw="32" slack="1"/>
<pin id="522" dir="0" index="1" bw="32" slack="0"/>
<pin id="523" dir="1" index="2" bw="32" slack="0"/>
</pin_list>
<bind>
<opcode="fadd(9) fsub(11) " fcode="fadd"/>
<opset="height_diff_2/40 sum_diff_4/57 sub6/89 "/>
</bind>
</comp>

<comp id="524" class="1004" name="grp_fu_524">
<pin_list>
<pin id="525" dir="0" index="0" bw="32" slack="1"/>
<pin id="526" dir="0" index="1" bw="32" slack="0"/>
<pin id="527" dir="1" index="2" bw="32" slack="0"/>
</pin_list>
<bind>
<opcode="fadd(9) fsub(11) " fcode="fadd"/>
<opset="sum_diff/43 sub7/90 sub400_2/92 "/>
</bind>
</comp>

<comp id="529" class="1004" name="grp_fu_529">
<pin_list>
<pin id="530" dir="0" index="0" bw="32" slack="1"/>
<pin id="531" dir="0" index="1" bw="32" slack="20"/>
<pin id="532" dir="1" index="2" bw="32" slack="0"/>
</pin_list>
<bind>
<opcode="fadd(9) fsub(11) " fcode="fadd"/>
<opset="sum_diff_6/64 sub400_1/90 sub400_3/92 "/>
</bind>
</comp>

<comp id="533" class="1004" name="grp_fu_533">
<pin_list>
<pin id="534" dir="0" index="0" bw="32" slack="1"/>
<pin id="535" dir="0" index="1" bw="32" slack="0"/>
<pin id="536" dir="1" index="2" bw="32" slack="1"/>
</pin_list>
<bind>
<opcode="fmul(13) " fcode="fmul"/>
<opset="mul7/96 mul9/97 mul8/104 "/>
</bind>
</comp>

<comp id="537" class="1004" name="grp_fu_537">
<pin_list>
<pin id="538" dir="0" index="0" bw="32" slack="12"/>
<pin id="539" dir="0" index="1" bw="32" slack="1"/>
<pin id="540" dir="1" index="2" bw="32" slack="1"/>
</pin_list>
<bind>
<opcode="fmul(13) " fcode="fmul"/>
<opset="mul401_1/97 mul401_2/99 "/>
</bind>
</comp>

<comp id="541" class="1004" name="grp_fu_541">
<pin_list>
<pin id="542" dir="0" index="0" bw="32" slack="1"/>
<pin id="543" dir="0" index="1" bw="32" slack="0"/>
<pin id="544" dir="1" index="2" bw="32" slack="1"/>
</pin_list>
<bind>
<opcode="fmul(13) " fcode="fmul"/>
<opset="mul401_3/99 div7/100 "/>
</bind>
</comp>

<comp id="547" class="1004" name="grp_fu_547">
<pin_list>
<pin id="548" dir="0" index="0" bw="32" slack="1"/>
<pin id="549" dir="0" index="1" bw="32" slack="0"/>
<pin id="550" dir="1" index="2" bw="32" slack="1"/>
</pin_list>
<bind>
<opcode="fdiv(16) " fcode="fdiv"/>
<opset="div9/16 div4/17 div301_1/18 "/>
</bind>
</comp>

<comp id="552" class="1004" name="grp_fu_552">
<pin_list>
<pin id="553" dir="0" index="0" bw="32" slack="1"/>
<pin id="554" dir="0" index="1" bw="32" slack="0"/>
<pin id="555" dir="1" index="2" bw="32" slack="1"/>
</pin_list>
<bind>
<opcode="fdiv(16) " fcode="fdiv"/>
<opset="div301_3/19 div301_2/21 proportion/74 "/>
</bind>
</comp>

<comp id="557" class="1004" name="grp_fu_557">
<pin_list>
<pin id="558" dir="0" index="0" bw="32" slack="1"/>
<pin id="559" dir="1" index="1" bw="32" slack="1"/>
</pin_list>
<bind>
<opcode="sitofp(39) " fcode="sitofp"/>
<opset="conv3/12 conv4/13 conv300_1/14 "/>
</bind>
</comp>

<comp id="560" class="1004" name="grp_fu_560">
<pin_list>
<pin id="561" dir="0" index="0" bw="32" slack="1"/>
<pin id="562" dir="1" index="1" bw="32" slack="1"/>
</pin_list>
<bind>
<opcode="sitofp(39) " fcode="sitofp"/>
<opset="conv300_3/15 conv300_2/17 "/>
</bind>
</comp>

<comp id="563" class="1004" name="grp_fu_563">
<pin_list>
<pin id="564" dir="0" index="0" bw="32" slack="1"/>
<pin id="565" dir="1" index="1" bw="64" slack="1"/>
</pin_list>
<bind>
<opcode="fpext(41) " fcode="fpext"/>
<opset="conv6/86 "/>
</bind>
</comp>

<comp id="566" class="1004" name="grp_fu_566">
<pin_list>
<pin id="567" dir="0" index="0" bw="32" slack="2"/>
<pin id="568" dir="0" index="1" bw="32" slack="0"/>
<pin id="569" dir="1" index="2" bw="1" slack="0"/>
</pin_list>
<bind>
<opcode="fcmp(46) " fcode="fcmp"/>
<opset="tmp_34/36 tmp_39/37 tmp_50/38 "/>
</bind>
</comp>

<comp id="570" class="1004" name="grp_fu_570">
<pin_list>
<pin id="571" dir="0" index="0" bw="32" slack="1"/>
<pin id="572" dir="0" index="1" bw="32" slack="0"/>
<pin id="573" dir="1" index="2" bw="1" slack="0"/>
</pin_list>
<bind>
<opcode="fcmp(46) " fcode="fcmp"/>
<opset="tmp_44/40 tmp_42/45 tmp_47/47 "/>
</bind>
</comp>

<comp id="574" class="1004" name="grp_fu_574">
<pin_list>
<pin id="575" dir="0" index="0" bw="32" slack="1"/>
<pin id="576" dir="0" index="1" bw="32" slack="0"/>
<pin id="577" dir="1" index="2" bw="1" slack="0"/>
</pin_list>
<bind>
<opcode="fcmp(46) " fcode="fcmp"/>
<opset="tmp_36/43 tmp_61/51 tmp_63/71 "/>
</bind>
</comp>

<comp id="579" class="1004" name="grp_fu_579">
<pin_list>
<pin id="580" dir="0" index="0" bw="32" slack="1"/>
<pin id="581" dir="0" index="1" bw="32" slack="5"/>
<pin id="582" dir="1" index="2" bw="1" slack="0"/>
</pin_list>
<bind>
<opcode="fcmp(46) " fcode="fcmp"/>
<opset="tmp_57/49 tmp_70/89 tmp_76/90 "/>
</bind>
</comp>

<comp id="583" class="1004" name="grp_fu_583">
<pin_list>
<pin id="584" dir="0" index="0" bw="32" slack="55"/>
<pin id="585" dir="0" index="1" bw="32" slack="53"/>
<pin id="586" dir="1" index="2" bw="1" slack="0"/>
</pin_list>
<bind>
<opcode="fcmp(46) " fcode="fcmp"/>
<opset="tmp_73/89 tmp_79/90 tmp_68/91 "/>
</bind>
</comp>

<comp id="587" class="1004" name="grp_fu_587">
<pin_list>
<pin id="588" dir="0" index="0" bw="64" slack="1"/>
<pin id="589" dir="0" index="1" bw="64" slack="0"/>
<pin id="590" dir="1" index="2" bw="1" slack="0"/>
</pin_list>
<bind>
<opcode="dcmp(513) " fcode="dcmp"/>
<opset="tmp_65/88 "/>
</bind>
</comp>

<comp id="592" class="1004" name="grp_fu_592">
<pin_list>
<pin id="593" dir="0" index="0" bw="32" slack="0"/>
<pin id="594" dir="0" index="1" bw="34" slack="0"/>
<pin id="595" dir="1" index="2" bw="65" slack="0"/>
</pin_list>
<bind>
<opcode="mul(12) " fcode="mul"/>
<opset="mul_ln72/12 "/>
</bind>
</comp>

<comp id="597" class="1005" name="reg_597">
<pin_list>
<pin id="598" dir="0" index="0" bw="32" slack="1"/>
<pin id="599" dir="1" index="1" bw="32" slack="1"/>
</pin_list>
<bind>
<opset="mul9 mul8 "/>
</bind>
</comp>

<comp id="604" class="1005" name="reg_604">
<pin_list>
<pin id="605" dir="0" index="0" bw="32" slack="1"/>
<pin id="606" dir="1" index="1" bw="32" slack="1"/>
</pin_list>
<bind>
<opset="mul401_1 mul401_2 "/>
</bind>
</comp>

<comp id="610" class="1005" name="reg_610">
<pin_list>
<pin id="611" dir="0" index="0" bw="32" slack="1"/>
<pin id="612" dir="1" index="1" bw="32" slack="1"/>
</pin_list>
<bind>
<opset="tmp_21 tmp_23 "/>
</bind>
</comp>

<comp id="614" class="1004" name="store_ln0_store_fu_614">
<pin_list>
<pin id="615" dir="0" index="0" bw="416" slack="0"/>
<pin id="616" dir="0" index="1" bw="416" slack="0"/>
<pin id="617" dir="1" index="2" bw="0" slack="2147483647"/>
</pin_list>
<bind>
<opcode="store(28) " fcode="store"/>
<opset="store_ln0/1 "/>
</bind>
</comp>

<comp id="619" class="1004" name="store_ln0_store_fu_619">
<pin_list>
<pin id="620" dir="0" index="0" bw="1" slack="0"/>
<pin id="621" dir="0" index="1" bw="13" slack="0"/>
<pin id="622" dir="1" index="2" bw="0" slack="2147483647"/>
</pin_list>
<bind>
<opcode="store(28) " fcode="store"/>
<opset="store_ln0/1 "/>
</bind>
</comp>

<comp id="624" class="1004" name="store_ln72_store_fu_624">
<pin_list>
<pin id="625" dir="0" index="0" bw="1" slack="0"/>
<pin id="626" dir="0" index="1" bw="6" slack="0"/>
<pin id="627" dir="1" index="2" bw="0" slack="2147483647"/>
</pin_list>
<bind>
<opcode="store(28) " fcode="store"/>
<opset="store_ln72/1 "/>
</bind>
</comp>

<comp id="629" class="1004" name="store_ln72_store_fu_629">
<pin_list>
<pin id="630" dir="0" index="0" bw="1" slack="0"/>
<pin id="631" dir="0" index="1" bw="7" slack="0"/>
<pin id="632" dir="1" index="2" bw="0" slack="2147483647"/>
</pin_list>
<bind>
<opcode="store(28) " fcode="store"/>
<opset="store_ln72/1 "/>
</bind>
</comp>

<comp id="634" class="1004" name="indvar_flatten9_load_load_fu_634">
<pin_list>
<pin id="635" dir="0" index="0" bw="13" slack="0"/>
<pin id="636" dir="1" index="1" bw="13" slack="0"/>
</pin_list>
<bind>
<opcode="load(27) " fcode="load"/>
<opset="indvar_flatten9_load/1 "/>
</bind>
</comp>

<comp id="637" class="1004" name="icmp_ln109_fu_637">
<pin_list>
<pin id="638" dir="0" index="0" bw="13" slack="0"/>
<pin id="639" dir="0" index="1" bw="13" slack="0"/>
<pin id="640" dir="1" index="2" bw="1" slack="1"/>
</pin_list>
<bind>
<opcode="icmp(45) " fcode="icmp"/>
<opset="icmp_ln109/1 "/>
</bind>
</comp>

<comp id="643" class="1004" name="add_ln109_1_fu_643">
<pin_list>
<pin id="644" dir="0" index="0" bw="13" slack="0"/>
<pin id="645" dir="0" index="1" bw="1" slack="0"/>
<pin id="646" dir="1" index="2" bw="13" slack="0"/>
</pin_list>
<bind>
<opcode="add(8) " fcode="add"/>
<opset="add_ln109_1/1 "/>
</bind>
</comp>

<comp id="649" class="1004" name="new_col_load_load_fu_649">
<pin_list>
<pin id="650" dir="0" index="0" bw="7" slack="0"/>
<pin id="651" dir="1" index="1" bw="7" slack="0"/>
</pin_list>
<bind>
<opcode="load(27) " fcode="load"/>
<opset="new_col_load/1 "/>
</bind>
</comp>

<comp id="652" class="1004" name="new_row_2_load_load_fu_652">
<pin_list>
<pin id="653" dir="0" index="0" bw="6" slack="0"/>
<pin id="654" dir="1" index="1" bw="6" slack="0"/>
</pin_list>
<bind>
<opcode="load(27) " fcode="load"/>
<opset="new_row_2_load/1 "/>
</bind>
</comp>

<comp id="655" class="1004" name="add_ln109_fu_655">
<pin_list>
<pin id="656" dir="0" index="0" bw="6" slack="0"/>
<pin id="657" dir="0" index="1" bw="1" slack="0"/>
<pin id="658" dir="1" index="2" bw="6" slack="0"/>
</pin_list>
<bind>
<opcode="add(8) " fcode="add"/>
<opset="add_ln109/1 "/>
</bind>
</comp>

<comp id="661" class="1004" name="icmp_ln110_fu_661">
<pin_list>
<pin id="662" dir="0" index="0" bw="7" slack="0"/>
<pin id="663" dir="0" index="1" bw="7" slack="0"/>
<pin id="664" dir="1" index="2" bw="1" slack="0"/>
</pin_list>
<bind>
<opcode="icmp(45) " fcode="icmp"/>
<opset="icmp_ln110/1 "/>
</bind>
</comp>

<comp id="667" class="1004" name="select_ln52_fu_667">
<pin_list>
<pin id="668" dir="0" index="0" bw="1" slack="0"/>
<pin id="669" dir="0" index="1" bw="7" slack="0"/>
<pin id="670" dir="0" index="2" bw="7" slack="0"/>
<pin id="671" dir="1" index="3" bw="7" slack="0"/>
</pin_list>
<bind>
<opcode="select(49) " fcode="select"/>
<opset="select_ln52/1 "/>
</bind>
</comp>

<comp id="675" class="1004" name="select_ln109_fu_675">
<pin_list>
<pin id="676" dir="0" index="0" bw="1" slack="0"/>
<pin id="677" dir="0" index="1" bw="6" slack="0"/>
<pin id="678" dir="0" index="2" bw="6" slack="0"/>
<pin id="679" dir="1" index="3" bw="6" slack="0"/>
</pin_list>
<bind>
<opcode="select(49) " fcode="select"/>
<opset="select_ln109/1 "/>
</bind>
</comp>

<comp id="683" class="1004" name="zext_ln117_fu_683">
<pin_list>
<pin id="684" dir="0" index="0" bw="6" slack="0"/>
<pin id="685" dir="1" index="1" bw="11" slack="0"/>
</pin_list>
<bind>
<opcode="zext(34) " fcode="zext"/>
<opset="zext_ln117/1 "/>
</bind>
</comp>

<comp id="687" class="1004" name="mul_ln111_fu_687">
<pin_list>
<pin id="688" dir="0" index="0" bw="6" slack="0"/>
<pin id="689" dir="0" index="1" bw="6" slack="0"/>
<pin id="690" dir="1" index="2" bw="11" slack="1"/>
</pin_list>
<bind>
<opcode="mul(12) " fcode="mul"/>
<opset="mul_ln111/1 "/>
</bind>
</comp>

<comp id="693" class="1004" name="zext_ln52_fu_693">
<pin_list>
<pin id="694" dir="0" index="0" bw="7" slack="0"/>
<pin id="695" dir="1" index="1" bw="15" slack="0"/>
</pin_list>
<bind>
<opcode="zext(34) " fcode="zext"/>
<opset="zext_ln52/1 "/>
</bind>
</comp>

<comp id="697" class="1004" name="mul_ln52_fu_697">
<pin_list>
<pin id="698" dir="0" index="0" bw="7" slack="0"/>
<pin id="699" dir="0" index="1" bw="9" slack="0"/>
<pin id="700" dir="1" index="2" bw="15" slack="0"/>
</pin_list>
<bind>
<opcode="mul(12) " fcode="mul"/>
<opset="mul_ln52/1 "/>
</bind>
</comp>

<comp id="703" class="1004" name="tmp_60_fu_703">
<pin_list>
<pin id="704" dir="0" index="0" bw="6" slack="0"/>
<pin id="705" dir="0" index="1" bw="15" slack="0"/>
<pin id="706" dir="0" index="2" bw="5" slack="0"/>
<pin id="707" dir="0" index="3" bw="5" slack="0"/>
<pin id="708" dir="1" index="4" bw="6" slack="1"/>
</pin_list>
<bind>
<opcode="partselect(1002) " fcode="partselect"/>
<opset="tmp_60/1 "/>
</bind>
</comp>

<comp id="713" class="1004" name="grp_fu_713">
<pin_list>
<pin id="714" dir="0" index="0" bw="7" slack="0"/>
<pin id="715" dir="0" index="1" bw="3" slack="0"/>
<pin id="716" dir="1" index="2" bw="2" slack="0"/>
</pin_list>
<bind>
<opcode="urem(17) " fcode="urem"/>
<opset="urem_ln52/1 "/>
</bind>
</comp>

<comp id="719" class="1004" name="add_ln110_fu_719">
<pin_list>
<pin id="720" dir="0" index="0" bw="7" slack="0"/>
<pin id="721" dir="0" index="1" bw="1" slack="0"/>
<pin id="722" dir="1" index="2" bw="7" slack="0"/>
</pin_list>
<bind>
<opcode="add(8) " fcode="add"/>
<opset="add_ln110/1 "/>
</bind>
</comp>

<comp id="725" class="1004" name="store_ln109_store_fu_725">
<pin_list>
<pin id="726" dir="0" index="0" bw="13" slack="0"/>
<pin id="727" dir="0" index="1" bw="13" slack="0"/>
<pin id="728" dir="1" index="2" bw="0" slack="2147483647"/>
</pin_list>
<bind>
<opcode="store(28) " fcode="store"/>
<opset="store_ln109/1 "/>
</bind>
</comp>

<comp id="730" class="1004" name="store_ln72_store_fu_730">
<pin_list>
<pin id="731" dir="0" index="0" bw="6" slack="0"/>
<pin id="732" dir="0" index="1" bw="6" slack="0"/>
<pin id="733" dir="1" index="2" bw="0" slack="2147483647"/>
</pin_list>
<bind>
<opcode="store(28) " fcode="store"/>
<opset="store_ln72/1 "/>
</bind>
</comp>

<comp id="735" class="1004" name="store_ln72_store_fu_735">
<pin_list>
<pin id="736" dir="0" index="0" bw="7" slack="0"/>
<pin id="737" dir="0" index="1" bw="7" slack="0"/>
<pin id="738" dir="1" index="2" bw="0" slack="2147483647"/>
</pin_list>
<bind>
<opcode="store(28) " fcode="store"/>
<opset="store_ln72/1 "/>
</bind>
</comp>

<comp id="740" class="1004" name="zext_ln111_fu_740">
<pin_list>
<pin id="741" dir="0" index="0" bw="6" slack="1"/>
<pin id="742" dir="1" index="1" bw="11" slack="0"/>
</pin_list>
<bind>
<opcode="zext(34) " fcode="zext"/>
<opset="zext_ln111/2 "/>
</bind>
</comp>

<comp id="743" class="1004" name="add_ln111_fu_743">
<pin_list>
<pin id="744" dir="0" index="0" bw="11" slack="1"/>
<pin id="745" dir="0" index="1" bw="6" slack="0"/>
<pin id="746" dir="1" index="2" bw="11" slack="0"/>
</pin_list>
<bind>
<opcode="add(8) " fcode="add"/>
<opset="add_ln111/2 "/>
</bind>
</comp>

<comp id="748" class="1004" name="zext_ln111_1_fu_748">
<pin_list>
<pin id="749" dir="0" index="0" bw="11" slack="0"/>
<pin id="750" dir="1" index="1" bw="64" slack="0"/>
</pin_list>
<bind>
<opcode="zext(34) " fcode="zext"/>
<opset="zext_ln111_1/2 "/>
</bind>
</comp>

<comp id="755" class="1004" name="row_pos_4_cast_fu_755">
<pin_list>
<pin id="756" dir="0" index="0" bw="6" slack="7"/>
<pin id="757" dir="1" index="1" bw="7" slack="0"/>
</pin_list>
<bind>
<opcode="zext(34) " fcode="zext"/>
<opset="row_pos_4_cast/8 "/>
</bind>
</comp>

<comp id="758" class="1004" name="new_row_fu_758">
<pin_list>
<pin id="759" dir="0" index="0" bw="6" slack="0"/>
<pin id="760" dir="0" index="1" bw="1" slack="0"/>
<pin id="761" dir="1" index="2" bw="7" slack="0"/>
</pin_list>
<bind>
<opcode="add(8) " fcode="add"/>
<opset="new_row/8 "/>
</bind>
</comp>

<comp id="764" class="1004" name="new_row_cast2_fu_764">
<pin_list>
<pin id="765" dir="0" index="0" bw="7" slack="0"/>
<pin id="766" dir="1" index="1" bw="11" slack="0"/>
</pin_list>
<bind>
<opcode="zext(34) " fcode="zext"/>
<opset="new_row_cast2/8 "/>
</bind>
</comp>

<comp id="768" class="1004" name="mul_ln134_1_fu_768">
<pin_list>
<pin id="769" dir="0" index="0" bw="7" slack="0"/>
<pin id="770" dir="0" index="1" bw="6" slack="0"/>
<pin id="771" dir="1" index="2" bw="11" slack="3"/>
</pin_list>
<bind>
<opcode="mul(12) " fcode="mul"/>
<opset="mul_ln134_1/8 "/>
</bind>
</comp>

<comp id="774" class="1004" name="new_row_1_fu_774">
<pin_list>
<pin id="775" dir="0" index="0" bw="6" slack="10"/>
<pin id="776" dir="0" index="1" bw="1" slack="0"/>
<pin id="777" dir="1" index="2" bw="6" slack="0"/>
</pin_list>
<bind>
<opcode="add(8) " fcode="add"/>
<opset="new_row_1/11 "/>
</bind>
</comp>

<comp id="779" class="1004" name="zext_ln134_2_fu_779">
<pin_list>
<pin id="780" dir="0" index="0" bw="6" slack="0"/>
<pin id="781" dir="1" index="1" bw="11" slack="0"/>
</pin_list>
<bind>
<opcode="zext(34) " fcode="zext"/>
<opset="zext_ln134_2/11 "/>
</bind>
</comp>

<comp id="783" class="1004" name="mul_ln134_fu_783">
<pin_list>
<pin id="784" dir="0" index="0" bw="6" slack="0"/>
<pin id="785" dir="0" index="1" bw="6" slack="0"/>
<pin id="786" dir="1" index="2" bw="11" slack="0"/>
</pin_list>
<bind>
<opcode="mul(12) " fcode="mul"/>
<opset="mul_ln134/11 "/>
</bind>
</comp>

<comp id="789" class="1004" name="trunc_ln52_fu_789">
<pin_list>
<pin id="790" dir="0" index="0" bw="2" slack="0"/>
<pin id="791" dir="1" index="1" bw="2" slack="0"/>
</pin_list>
<bind>
<opcode="trunc(33) " fcode="trunc"/>
<opset="trunc_ln52/11 "/>
</bind>
</comp>

<comp id="793" class="1004" name="tmp_s_fu_793">
<pin_list>
<pin id="794" dir="0" index="0" bw="32" slack="0"/>
<pin id="795" dir="0" index="1" bw="2" slack="0"/>
<pin id="796" dir="0" index="2" bw="32" slack="8"/>
<pin id="797" dir="0" index="3" bw="2" slack="0"/>
<pin id="798" dir="0" index="4" bw="32" slack="8"/>
<pin id="799" dir="0" index="5" bw="2" slack="0"/>
<pin id="800" dir="0" index="6" bw="32" slack="8"/>
<pin id="801" dir="0" index="7" bw="32" slack="0"/>
<pin id="802" dir="0" index="8" bw="2" slack="0"/>
<pin id="803" dir="1" index="9" bw="32" slack="0"/>
</pin_list>
<bind>
<opcode="sparsemux(1197) " fcode="sparsemux"/>
<opset="tmp_s/11 "/>
</bind>
</comp>

<comp id="810" class="1004" name="icmp_ln111_fu_810">
<pin_list>
<pin id="811" dir="0" index="0" bw="32" slack="0"/>
<pin id="812" dir="0" index="1" bw="32" slack="0"/>
<pin id="813" dir="1" index="2" bw="1" slack="1"/>
</pin_list>
<bind>
<opcode="icmp(45) " fcode="icmp"/>
<opset="icmp_ln111/11 "/>
</bind>
</comp>

<comp id="816" class="1004" name="zext_ln122_fu_816">
<pin_list>
<pin id="817" dir="0" index="0" bw="7" slack="10"/>
<pin id="818" dir="1" index="1" bw="8" slack="0"/>
</pin_list>
<bind>
<opcode="zext(34) " fcode="zext"/>
<opset="zext_ln122/11 "/>
</bind>
</comp>

<comp id="819" class="1004" name="add_ln134_fu_819">
<pin_list>
<pin id="820" dir="0" index="0" bw="11" slack="3"/>
<pin id="821" dir="0" index="1" bw="6" slack="9"/>
<pin id="822" dir="1" index="2" bw="11" slack="0"/>
</pin_list>
<bind>
<opcode="add(8) " fcode="add"/>
<opset="add_ln134/11 "/>
</bind>
</comp>

<comp id="823" class="1004" name="zext_ln134_5_fu_823">
<pin_list>
<pin id="824" dir="0" index="0" bw="11" slack="0"/>
<pin id="825" dir="1" index="1" bw="64" slack="0"/>
</pin_list>
<bind>
<opcode="zext(34) " fcode="zext"/>
<opset="zext_ln134_5/11 "/>
</bind>
</comp>

<comp id="830" class="1004" name="add_ln134_1_fu_830">
<pin_list>
<pin id="831" dir="0" index="0" bw="11" slack="0"/>
<pin id="832" dir="0" index="1" bw="6" slack="9"/>
<pin id="833" dir="1" index="2" bw="11" slack="1"/>
</pin_list>
<bind>
<opcode="add(8) " fcode="add"/>
<opset="add_ln134_1/11 "/>
</bind>
</comp>

<comp id="835" class="1004" name="new_col_1_fu_835">
<pin_list>
<pin id="836" dir="0" index="0" bw="7" slack="0"/>
<pin id="837" dir="0" index="1" bw="1" slack="0"/>
<pin id="838" dir="1" index="2" bw="8" slack="1"/>
</pin_list>
<bind>
<opcode="add(8) " fcode="add"/>
<opset="new_col_1/11 "/>
</bind>
</comp>

<comp id="841" class="1004" name="zext_ln134_6_fu_841">
<pin_list>
<pin id="842" dir="0" index="0" bw="11" slack="1"/>
<pin id="843" dir="1" index="1" bw="64" slack="0"/>
</pin_list>
<bind>
<opcode="zext(34) " fcode="zext"/>
<opset="zext_ln134_6/12 "/>
</bind>
</comp>

<comp id="847" class="1004" name="tmp_4_fu_847">
<pin_list>
<pin id="848" dir="0" index="0" bw="32" slack="0"/>
<pin id="849" dir="0" index="1" bw="2" slack="0"/>
<pin id="850" dir="0" index="2" bw="32" slack="0"/>
<pin id="851" dir="0" index="3" bw="2" slack="0"/>
<pin id="852" dir="0" index="4" bw="32" slack="0"/>
<pin id="853" dir="0" index="5" bw="2" slack="0"/>
<pin id="854" dir="0" index="6" bw="32" slack="0"/>
<pin id="855" dir="0" index="7" bw="32" slack="0"/>
<pin id="856" dir="0" index="8" bw="2" slack="1"/>
<pin id="857" dir="1" index="9" bw="32" slack="1"/>
</pin_list>
<bind>
<opcode="sparsemux(1197) " fcode="sparsemux"/>
<opset="tmp_4/12 "/>
</bind>
</comp>

<comp id="866" class="1004" name="sext_ln72_fu_866">
<pin_list>
<pin id="867" dir="0" index="0" bw="8" slack="1"/>
<pin id="868" dir="1" index="1" bw="32" slack="0"/>
</pin_list>
<bind>
<opcode="sext(35) " fcode="sext"/>
<opset="sext_ln72/12 "/>
</bind>
</comp>

<comp id="869" class="1004" name="zext_ln72_fu_869">
<pin_list>
<pin id="870" dir="0" index="0" bw="8" slack="0"/>
<pin id="871" dir="1" index="1" bw="65" slack="0"/>
</pin_list>
<bind>
<opcode="zext(34) " fcode="zext"/>
<opset="zext_ln72/12 "/>
</bind>
</comp>

<comp id="874" class="1004" name="new_col_2_fu_874">
<pin_list>
<pin id="875" dir="0" index="0" bw="7" slack="11"/>
<pin id="876" dir="0" index="1" bw="1" slack="0"/>
<pin id="877" dir="1" index="2" bw="7" slack="0"/>
</pin_list>
<bind>
<opcode="add(8) " fcode="add"/>
<opset="new_col_2/12 "/>
</bind>
</comp>

<comp id="879" class="1004" name="zext_ln72_1_fu_879">
<pin_list>
<pin id="880" dir="0" index="0" bw="7" slack="0"/>
<pin id="881" dir="1" index="1" bw="15" slack="0"/>
</pin_list>
<bind>
<opcode="zext(34) " fcode="zext"/>
<opset="zext_ln72_1/12 "/>
</bind>
</comp>

<comp id="883" class="1004" name="mul_ln72_1_fu_883">
<pin_list>
<pin id="884" dir="0" index="0" bw="7" slack="0"/>
<pin id="885" dir="0" index="1" bw="9" slack="0"/>
<pin id="886" dir="1" index="2" bw="15" slack="0"/>
</pin_list>
<bind>
<opcode="mul(12) " fcode="mul"/>
<opset="mul_ln72_1/12 "/>
</bind>
</comp>

<comp id="889" class="1004" name="tmp_66_fu_889">
<pin_list>
<pin id="890" dir="0" index="0" bw="6" slack="0"/>
<pin id="891" dir="0" index="1" bw="15" slack="0"/>
<pin id="892" dir="0" index="2" bw="5" slack="0"/>
<pin id="893" dir="0" index="3" bw="5" slack="0"/>
<pin id="894" dir="1" index="4" bw="6" slack="1"/>
</pin_list>
<bind>
<opcode="partselect(1002) " fcode="partselect"/>
<opset="tmp_66/12 "/>
</bind>
</comp>

<comp id="899" class="1004" name="tmp_5_fu_899">
<pin_list>
<pin id="900" dir="0" index="0" bw="32" slack="0"/>
<pin id="901" dir="0" index="1" bw="2" slack="0"/>
<pin id="902" dir="0" index="2" bw="32" slack="0"/>
<pin id="903" dir="0" index="3" bw="2" slack="0"/>
<pin id="904" dir="0" index="4" bw="32" slack="0"/>
<pin id="905" dir="0" index="5" bw="2" slack="0"/>
<pin id="906" dir="0" index="6" bw="32" slack="0"/>
<pin id="907" dir="0" index="7" bw="32" slack="0"/>
<pin id="908" dir="0" index="8" bw="2" slack="2"/>
<pin id="909" dir="1" index="9" bw="32" slack="1"/>
</pin_list>
<bind>
<opcode="sparsemux(1197) " fcode="sparsemux"/>
<opset="tmp_5/13 "/>
</bind>
</comp>

<comp id="918" class="1004" name="udiv_ln1_cast_fu_918">
<pin_list>
<pin id="919" dir="0" index="0" bw="11" slack="0"/>
<pin id="920" dir="0" index="1" bw="65" slack="0"/>
<pin id="921" dir="0" index="2" bw="7" slack="0"/>
<pin id="922" dir="0" index="3" bw="7" slack="0"/>
<pin id="923" dir="1" index="4" bw="11" slack="1"/>
</pin_list>
<bind>
<opcode="partselect(1002) " fcode="partselect"/>
<opset="udiv_ln1_cast/13 "/>
</bind>
</comp>

<comp id="928" class="1004" name="zext_ln134_10_fu_928">
<pin_list>
<pin id="929" dir="0" index="0" bw="6" slack="1"/>
<pin id="930" dir="1" index="1" bw="11" slack="0"/>
</pin_list>
<bind>
<opcode="zext(34) " fcode="zext"/>
<opset="zext_ln134_10/13 "/>
</bind>
</comp>

<comp id="931" class="1004" name="add_ln134_6_fu_931">
<pin_list>
<pin id="932" dir="0" index="0" bw="11" slack="12"/>
<pin id="933" dir="0" index="1" bw="6" slack="0"/>
<pin id="934" dir="1" index="2" bw="11" slack="0"/>
</pin_list>
<bind>
<opcode="add(8) " fcode="add"/>
<opset="add_ln134_6/13 "/>
</bind>
</comp>

<comp id="936" class="1004" name="zext_ln134_11_fu_936">
<pin_list>
<pin id="937" dir="0" index="0" bw="11" slack="0"/>
<pin id="938" dir="1" index="1" bw="64" slack="0"/>
</pin_list>
<bind>
<opcode="zext(34) " fcode="zext"/>
<opset="zext_ln134_11/13 "/>
</bind>
</comp>

<comp id="943" class="1004" name="add_ln134_4_fu_943">
<pin_list>
<pin id="944" dir="0" index="0" bw="11" slack="13"/>
<pin id="945" dir="0" index="1" bw="11" slack="1"/>
<pin id="946" dir="1" index="2" bw="11" slack="1"/>
</pin_list>
<bind>
<opcode="add(8) " fcode="add"/>
<opset="add_ln134_4/14 "/>
</bind>
</comp>

<comp id="947" class="1004" name="tmp_11_fu_947">
<pin_list>
<pin id="948" dir="0" index="0" bw="32" slack="0"/>
<pin id="949" dir="0" index="1" bw="2" slack="0"/>
<pin id="950" dir="0" index="2" bw="32" slack="0"/>
<pin id="951" dir="0" index="3" bw="2" slack="0"/>
<pin id="952" dir="0" index="4" bw="32" slack="0"/>
<pin id="953" dir="0" index="5" bw="2" slack="0"/>
<pin id="954" dir="0" index="6" bw="32" slack="0"/>
<pin id="955" dir="0" index="7" bw="32" slack="0"/>
<pin id="956" dir="0" index="8" bw="2" slack="3"/>
<pin id="957" dir="1" index="9" bw="32" slack="1"/>
</pin_list>
<bind>
<opcode="sparsemux(1197) " fcode="sparsemux"/>
<opset="tmp_11/14 "/>
</bind>
</comp>

<comp id="966" class="1004" name="zext_ln134_9_fu_966">
<pin_list>
<pin id="967" dir="0" index="0" bw="11" slack="1"/>
<pin id="968" dir="1" index="1" bw="64" slack="0"/>
</pin_list>
<bind>
<opcode="zext(34) " fcode="zext"/>
<opset="zext_ln134_9/15 "/>
</bind>
</comp>

<comp id="972" class="1004" name="tmp_6_fu_972">
<pin_list>
<pin id="973" dir="0" index="0" bw="32" slack="0"/>
<pin id="974" dir="0" index="1" bw="2" slack="0"/>
<pin id="975" dir="0" index="2" bw="32" slack="0"/>
<pin id="976" dir="0" index="3" bw="2" slack="0"/>
<pin id="977" dir="0" index="4" bw="32" slack="0"/>
<pin id="978" dir="0" index="5" bw="2" slack="0"/>
<pin id="979" dir="0" index="6" bw="32" slack="0"/>
<pin id="980" dir="0" index="7" bw="32" slack="0"/>
<pin id="981" dir="0" index="8" bw="2" slack="5"/>
<pin id="982" dir="1" index="9" bw="32" slack="1"/>
</pin_list>
<bind>
<opcode="sparsemux(1197) " fcode="sparsemux"/>
<opset="tmp_6/16 "/>
</bind>
</comp>

<comp id="991" class="1004" name="tmp_37_fu_991">
<pin_list>
<pin id="992" dir="0" index="0" bw="12" slack="0"/>
<pin id="993" dir="0" index="1" bw="6" slack="25"/>
<pin id="994" dir="0" index="2" bw="1" slack="0"/>
<pin id="995" dir="1" index="3" bw="12" slack="0"/>
</pin_list>
<bind>
<opcode="bitconcatenate(1004) " fcode="bitconcatenate"/>
<opset="tmp_37/26 "/>
</bind>
</comp>

<comp id="998" class="1004" name="zext_ln117_1_fu_998">
<pin_list>
<pin id="999" dir="0" index="0" bw="12" slack="0"/>
<pin id="1000" dir="1" index="1" bw="13" slack="0"/>
</pin_list>
<bind>
<opcode="zext(34) " fcode="zext"/>
<opset="zext_ln117_1/26 "/>
</bind>
</comp>

<comp id="1002" class="1004" name="tmp_49_fu_1002">
<pin_list>
<pin id="1003" dir="0" index="0" bw="10" slack="0"/>
<pin id="1004" dir="0" index="1" bw="6" slack="25"/>
<pin id="1005" dir="0" index="2" bw="1" slack="0"/>
<pin id="1006" dir="1" index="3" bw="10" slack="0"/>
</pin_list>
<bind>
<opcode="bitconcatenate(1004) " fcode="bitconcatenate"/>
<opset="tmp_49/26 "/>
</bind>
</comp>

<comp id="1009" class="1004" name="zext_ln117_2_fu_1009">
<pin_list>
<pin id="1010" dir="0" index="0" bw="10" slack="0"/>
<pin id="1011" dir="1" index="1" bw="13" slack="0"/>
</pin_list>
<bind>
<opcode="zext(34) " fcode="zext"/>
<opset="zext_ln117_2/26 "/>
</bind>
</comp>

<comp id="1013" class="1004" name="add_ln117_1_fu_1013">
<pin_list>
<pin id="1014" dir="0" index="0" bw="12" slack="0"/>
<pin id="1015" dir="0" index="1" bw="10" slack="0"/>
<pin id="1016" dir="1" index="2" bw="13" slack="0"/>
</pin_list>
<bind>
<opcode="add(8) " fcode="add"/>
<opset="add_ln117_1/26 "/>
</bind>
</comp>

<comp id="1019" class="1004" name="empty_72_fu_1019">
<pin_list>
<pin id="1020" dir="0" index="0" bw="7" slack="18"/>
<pin id="1021" dir="0" index="1" bw="7" slack="0"/>
<pin id="1022" dir="1" index="2" bw="1" slack="10"/>
</pin_list>
<bind>
<opcode="icmp(45) " fcode="icmp"/>
<opset="empty_72/26 "/>
</bind>
</comp>

<comp id="1024" class="1004" name="tmp_51_fu_1024">
<pin_list>
<pin id="1025" dir="0" index="0" bw="13" slack="0"/>
<pin id="1026" dir="0" index="1" bw="7" slack="18"/>
<pin id="1027" dir="0" index="2" bw="1" slack="0"/>
<pin id="1028" dir="1" index="3" bw="13" slack="0"/>
</pin_list>
<bind>
<opcode="bitconcatenate(1004) " fcode="bitconcatenate"/>
<opset="tmp_51/26 "/>
</bind>
</comp>

<comp id="1031" class="1004" name="tmp_52_fu_1031">
<pin_list>
<pin id="1032" dir="0" index="0" bw="11" slack="0"/>
<pin id="1033" dir="0" index="1" bw="7" slack="18"/>
<pin id="1034" dir="0" index="2" bw="1" slack="0"/>
<pin id="1035" dir="1" index="3" bw="11" slack="0"/>
</pin_list>
<bind>
<opcode="bitconcatenate(1004) " fcode="bitconcatenate"/>
<opset="tmp_52/26 "/>
</bind>
</comp>

<comp id="1038" class="1004" name="zext_ln134_1_fu_1038">
<pin_list>
<pin id="1039" dir="0" index="0" bw="11" slack="0"/>
<pin id="1040" dir="1" index="1" bw="13" slack="0"/>
</pin_list>
<bind>
<opcode="zext(34) " fcode="zext"/>
<opset="zext_ln134_1/26 "/>
</bind>
</comp>

<comp id="1042" class="1004" name="add_ln134_8_fu_1042">
<pin_list>
<pin id="1043" dir="0" index="0" bw="13" slack="0"/>
<pin id="1044" dir="0" index="1" bw="11" slack="0"/>
<pin id="1045" dir="1" index="2" bw="13" slack="0"/>
</pin_list>
<bind>
<opcode="add(8) " fcode="add"/>
<opset="add_ln134_8/26 "/>
</bind>
</comp>

<comp id="1048" class="1004" name="empty_73_fu_1048">
<pin_list>
<pin id="1049" dir="0" index="0" bw="6" slack="15"/>
<pin id="1050" dir="0" index="1" bw="6" slack="0"/>
<pin id="1051" dir="1" index="2" bw="1" slack="11"/>
</pin_list>
<bind>
<opcode="icmp(45) " fcode="icmp"/>
<opset="empty_73/26 "/>
</bind>
</comp>

<comp id="1053" class="1004" name="tmp_53_fu_1053">
<pin_list>
<pin id="1054" dir="0" index="0" bw="12" slack="0"/>
<pin id="1055" dir="0" index="1" bw="6" slack="15"/>
<pin id="1056" dir="0" index="2" bw="1" slack="0"/>
<pin id="1057" dir="1" index="3" bw="12" slack="0"/>
</pin_list>
<bind>
<opcode="bitconcatenate(1004) " fcode="bitconcatenate"/>
<opset="tmp_53/26 "/>
</bind>
</comp>

<comp id="1060" class="1004" name="zext_ln134_3_fu_1060">
<pin_list>
<pin id="1061" dir="0" index="0" bw="12" slack="0"/>
<pin id="1062" dir="1" index="1" bw="13" slack="0"/>
</pin_list>
<bind>
<opcode="zext(34) " fcode="zext"/>
<opset="zext_ln134_3/26 "/>
</bind>
</comp>

<comp id="1064" class="1004" name="tmp_54_fu_1064">
<pin_list>
<pin id="1065" dir="0" index="0" bw="10" slack="0"/>
<pin id="1066" dir="0" index="1" bw="6" slack="15"/>
<pin id="1067" dir="0" index="2" bw="1" slack="0"/>
<pin id="1068" dir="1" index="3" bw="10" slack="0"/>
</pin_list>
<bind>
<opcode="bitconcatenate(1004) " fcode="bitconcatenate"/>
<opset="tmp_54/26 "/>
</bind>
</comp>

<comp id="1071" class="1004" name="zext_ln134_4_fu_1071">
<pin_list>
<pin id="1072" dir="0" index="0" bw="10" slack="0"/>
<pin id="1073" dir="1" index="1" bw="13" slack="0"/>
</pin_list>
<bind>
<opcode="zext(34) " fcode="zext"/>
<opset="zext_ln134_4/26 "/>
</bind>
</comp>

<comp id="1075" class="1004" name="add_ln134_9_fu_1075">
<pin_list>
<pin id="1076" dir="0" index="0" bw="12" slack="0"/>
<pin id="1077" dir="0" index="1" bw="10" slack="0"/>
<pin id="1078" dir="1" index="2" bw="13" slack="0"/>
</pin_list>
<bind>
<opcode="add(8) " fcode="add"/>
<opset="add_ln134_9/26 "/>
</bind>
</comp>

<comp id="1081" class="1004" name="zext_ln117_3_fu_1081">
<pin_list>
<pin id="1082" dir="0" index="0" bw="7" slack="25"/>
<pin id="1083" dir="1" index="1" bw="13" slack="0"/>
</pin_list>
<bind>
<opcode="zext(34) " fcode="zext"/>
<opset="zext_ln117_3/26 "/>
</bind>
</comp>

<comp id="1084" class="1004" name="add_ln117_fu_1084">
<pin_list>
<pin id="1085" dir="0" index="0" bw="13" slack="0"/>
<pin id="1086" dir="0" index="1" bw="7" slack="0"/>
<pin id="1087" dir="1" index="2" bw="13" slack="0"/>
</pin_list>
<bind>
<opcode="add(8) " fcode="add"/>
<opset="add_ln117/26 "/>
</bind>
</comp>

<comp id="1090" class="1004" name="zext_ln117_4_fu_1090">
<pin_list>
<pin id="1091" dir="0" index="0" bw="13" slack="0"/>
<pin id="1092" dir="1" index="1" bw="64" slack="0"/>
</pin_list>
<bind>
<opcode="zext(34) " fcode="zext"/>
<opset="zext_ln117_4/26 "/>
</bind>
</comp>

<comp id="1097" class="1004" name="add_ln134_2_fu_1097">
<pin_list>
<pin id="1098" dir="0" index="0" bw="13" slack="0"/>
<pin id="1099" dir="0" index="1" bw="7" slack="0"/>
<pin id="1100" dir="1" index="2" bw="13" slack="0"/>
</pin_list>
<bind>
<opcode="add(8) " fcode="add"/>
<opset="add_ln134_2/26 "/>
</bind>
</comp>

<comp id="1103" class="1004" name="zext_ln134_7_fu_1103">
<pin_list>
<pin id="1104" dir="0" index="0" bw="13" slack="0"/>
<pin id="1105" dir="1" index="1" bw="64" slack="0"/>
</pin_list>
<bind>
<opcode="zext(34) " fcode="zext"/>
<opset="zext_ln134_7/26 "/>
</bind>
</comp>

<comp id="1109" class="1004" name="add_ln134_3_fu_1109">
<pin_list>
<pin id="1110" dir="0" index="0" bw="13" slack="0"/>
<pin id="1111" dir="0" index="1" bw="7" slack="0"/>
<pin id="1112" dir="1" index="2" bw="13" slack="1"/>
</pin_list>
<bind>
<opcode="add(8) " fcode="add"/>
<opset="add_ln134_3/26 "/>
</bind>
</comp>

<comp id="1115" class="1004" name="zext_ln134_8_fu_1115">
<pin_list>
<pin id="1116" dir="0" index="0" bw="13" slack="1"/>
<pin id="1117" dir="1" index="1" bw="64" slack="0"/>
</pin_list>
<bind>
<opcode="zext(34) " fcode="zext"/>
<opset="zext_ln134_8/27 "/>
</bind>
</comp>

<comp id="1120" class="1004" name="neighbor_height_8_fu_1120">
<pin_list>
<pin id="1121" dir="0" index="0" bw="32" slack="1"/>
<pin id="1122" dir="1" index="1" bw="32" slack="0"/>
</pin_list>
<bind>
<opcode="bitcast(44) " fcode="bitcast"/>
<opset="neighbor_height_8/28 "/>
</bind>
</comp>

<comp id="1124" class="1004" name="zext_ln134_12_fu_1124">
<pin_list>
<pin id="1125" dir="0" index="0" bw="7" slack="16"/>
<pin id="1126" dir="1" index="1" bw="13" slack="0"/>
</pin_list>
<bind>
<opcode="zext(34) " fcode="zext"/>
<opset="zext_ln134_12/28 "/>
</bind>
</comp>

<comp id="1127" class="1004" name="add_ln134_7_fu_1127">
<pin_list>
<pin id="1128" dir="0" index="0" bw="13" slack="2"/>
<pin id="1129" dir="0" index="1" bw="7" slack="0"/>
<pin id="1130" dir="1" index="2" bw="13" slack="0"/>
</pin_list>
<bind>
<opcode="add(8) " fcode="add"/>
<opset="add_ln134_7/28 "/>
</bind>
</comp>

<comp id="1132" class="1004" name="zext_ln134_13_fu_1132">
<pin_list>
<pin id="1133" dir="0" index="0" bw="13" slack="0"/>
<pin id="1134" dir="1" index="1" bw="64" slack="0"/>
</pin_list>
<bind>
<opcode="zext(34) " fcode="zext"/>
<opset="zext_ln134_13/28 "/>
</bind>
</comp>

<comp id="1138" class="1004" name="bitcast_ln134_fu_1138">
<pin_list>
<pin id="1139" dir="0" index="0" bw="32" slack="2"/>
<pin id="1140" dir="1" index="1" bw="32" slack="0"/>
</pin_list>
<bind>
<opcode="bitcast(44) " fcode="bitcast"/>
<opset="bitcast_ln134/29 "/>
</bind>
</comp>

<comp id="1142" class="1004" name="bitcast_ln134_1_fu_1142">
<pin_list>
<pin id="1143" dir="0" index="0" bw="32" slack="2"/>
<pin id="1144" dir="1" index="1" bw="32" slack="0"/>
</pin_list>
<bind>
<opcode="bitcast(44) " fcode="bitcast"/>
<opset="bitcast_ln134_1/30 "/>
</bind>
</comp>

<comp id="1146" class="1004" name="sext_ln134_fu_1146">
<pin_list>
<pin id="1147" dir="0" index="0" bw="8" slack="19"/>
<pin id="1148" dir="1" index="1" bw="13" slack="0"/>
</pin_list>
<bind>
<opcode="sext(35) " fcode="sext"/>
<opset="sext_ln134/30 "/>
</bind>
</comp>

<comp id="1149" class="1004" name="add_ln134_5_fu_1149">
<pin_list>
<pin id="1150" dir="0" index="0" bw="13" slack="4"/>
<pin id="1151" dir="0" index="1" bw="8" slack="0"/>
<pin id="1152" dir="1" index="2" bw="13" slack="0"/>
</pin_list>
<bind>
<opcode="add(8) " fcode="add"/>
<opset="add_ln134_5/30 "/>
</bind>
</comp>

<comp id="1154" class="1004" name="zext_ln134_fu_1154">
<pin_list>
<pin id="1155" dir="0" index="0" bw="13" slack="0"/>
<pin id="1156" dir="1" index="1" bw="64" slack="0"/>
</pin_list>
<bind>
<opcode="zext(34) " fcode="zext"/>
<opset="zext_ln134/30 "/>
</bind>
</comp>

<comp id="1160" class="1004" name="bitcast_ln134_3_fu_1160">
<pin_list>
<pin id="1161" dir="0" index="0" bw="32" slack="2"/>
<pin id="1162" dir="1" index="1" bw="32" slack="0"/>
</pin_list>
<bind>
<opcode="bitcast(44) " fcode="bitcast"/>
<opset="bitcast_ln134_3/31 "/>
</bind>
</comp>

<comp id="1164" class="1004" name="bitcast_ln134_2_fu_1164">
<pin_list>
<pin id="1165" dir="0" index="0" bw="32" slack="2"/>
<pin id="1166" dir="1" index="1" bw="32" slack="0"/>
</pin_list>
<bind>
<opcode="bitcast(44) " fcode="bitcast"/>
<opset="bitcast_ln134_2/33 "/>
</bind>
</comp>

<comp id="1168" class="1004" name="neighbor_height_1_fu_1168">
<pin_list>
<pin id="1169" dir="0" index="0" bw="1" slack="10"/>
<pin id="1170" dir="0" index="1" bw="32" slack="8"/>
<pin id="1171" dir="0" index="2" bw="32" slack="1"/>
<pin id="1172" dir="1" index="3" bw="32" slack="0"/>
</pin_list>
<bind>
<opcode="select(49) " fcode="select"/>
<opset="neighbor_height_1/36 "/>
</bind>
</comp>

<comp id="1175" class="1004" name="bitcast_ln139_1_fu_1175">
<pin_list>
<pin id="1176" dir="0" index="0" bw="32" slack="0"/>
<pin id="1177" dir="1" index="1" bw="32" slack="0"/>
</pin_list>
<bind>
<opcode="bitcast(44) " fcode="bitcast"/>
<opset="bitcast_ln139_1/36 "/>
</bind>
</comp>

<comp id="1179" class="1004" name="tmp_33_fu_1179">
<pin_list>
<pin id="1180" dir="0" index="0" bw="8" slack="0"/>
<pin id="1181" dir="0" index="1" bw="32" slack="0"/>
<pin id="1182" dir="0" index="2" bw="6" slack="0"/>
<pin id="1183" dir="0" index="3" bw="6" slack="0"/>
<pin id="1184" dir="1" index="4" bw="8" slack="0"/>
</pin_list>
<bind>
<opcode="partselect(1002) " fcode="partselect"/>
<opset="tmp_33/36 "/>
</bind>
</comp>

<comp id="1189" class="1004" name="trunc_ln139_1_fu_1189">
<pin_list>
<pin id="1190" dir="0" index="0" bw="32" slack="0"/>
<pin id="1191" dir="1" index="1" bw="23" slack="0"/>
</pin_list>
<bind>
<opcode="trunc(33) " fcode="trunc"/>
<opset="trunc_ln139_1/36 "/>
</bind>
</comp>

<comp id="1193" class="1004" name="icmp_ln139_2_fu_1193">
<pin_list>
<pin id="1194" dir="0" index="0" bw="8" slack="0"/>
<pin id="1195" dir="0" index="1" bw="8" slack="0"/>
<pin id="1196" dir="1" index="2" bw="1" slack="1"/>
</pin_list>
<bind>
<opcode="icmp(45) " fcode="icmp"/>
<opset="icmp_ln139_2/36 "/>
</bind>
</comp>

<comp id="1199" class="1004" name="icmp_ln139_3_fu_1199">
<pin_list>
<pin id="1200" dir="0" index="0" bw="23" slack="0"/>
<pin id="1201" dir="0" index="1" bw="23" slack="0"/>
<pin id="1202" dir="1" index="2" bw="1" slack="1"/>
</pin_list>
<bind>
<opcode="icmp(45) " fcode="icmp"/>
<opset="icmp_ln139_3/36 "/>
</bind>
</comp>

<comp id="1205" class="1004" name="bitcast_ln139_fu_1205">
<pin_list>
<pin id="1206" dir="0" index="0" bw="32" slack="3"/>
<pin id="1207" dir="1" index="1" bw="32" slack="0"/>
</pin_list>
<bind>
<opcode="bitcast(44) " fcode="bitcast"/>
<opset="bitcast_ln139/37 "/>
</bind>
</comp>

<comp id="1208" class="1004" name="tmp_32_fu_1208">
<pin_list>
<pin id="1209" dir="0" index="0" bw="8" slack="0"/>
<pin id="1210" dir="0" index="1" bw="32" slack="0"/>
<pin id="1211" dir="0" index="2" bw="6" slack="0"/>
<pin id="1212" dir="0" index="3" bw="6" slack="0"/>
<pin id="1213" dir="1" index="4" bw="8" slack="0"/>
</pin_list>
<bind>
<opcode="partselect(1002) " fcode="partselect"/>
<opset="tmp_32/37 "/>
</bind>
</comp>

<comp id="1218" class="1004" name="trunc_ln139_fu_1218">
<pin_list>
<pin id="1219" dir="0" index="0" bw="32" slack="0"/>
<pin id="1220" dir="1" index="1" bw="23" slack="0"/>
</pin_list>
<bind>
<opcode="trunc(33) " fcode="trunc"/>
<opset="trunc_ln139/37 "/>
</bind>
</comp>

<comp id="1222" class="1004" name="icmp_ln139_fu_1222">
<pin_list>
<pin id="1223" dir="0" index="0" bw="8" slack="0"/>
<pin id="1224" dir="0" index="1" bw="8" slack="0"/>
<pin id="1225" dir="1" index="2" bw="1" slack="0"/>
</pin_list>
<bind>
<opcode="icmp(45) " fcode="icmp"/>
<opset="icmp_ln139/37 "/>
</bind>
</comp>

<comp id="1228" class="1004" name="icmp_ln139_1_fu_1228">
<pin_list>
<pin id="1229" dir="0" index="0" bw="23" slack="0"/>
<pin id="1230" dir="0" index="1" bw="23" slack="0"/>
<pin id="1231" dir="1" index="2" bw="1" slack="0"/>
</pin_list>
<bind>
<opcode="icmp(45) " fcode="icmp"/>
<opset="icmp_ln139_1/37 "/>
</bind>
</comp>

<comp id="1234" class="1004" name="or_ln139_fu_1234">
<pin_list>
<pin id="1235" dir="0" index="0" bw="1" slack="0"/>
<pin id="1236" dir="0" index="1" bw="1" slack="0"/>
<pin id="1237" dir="1" index="2" bw="1" slack="0"/>
</pin_list>
<bind>
<opcode="or(24) " fcode="or"/>
<opset="or_ln139/37 "/>
</bind>
</comp>

<comp id="1240" class="1004" name="or_ln139_1_fu_1240">
<pin_list>
<pin id="1241" dir="0" index="0" bw="1" slack="1"/>
<pin id="1242" dir="0" index="1" bw="1" slack="1"/>
<pin id="1243" dir="1" index="2" bw="1" slack="0"/>
</pin_list>
<bind>
<opcode="or(24) " fcode="or"/>
<opset="or_ln139_1/37 "/>
</bind>
</comp>

<comp id="1244" class="1004" name="and_ln139_fu_1244">
<pin_list>
<pin id="1245" dir="0" index="0" bw="1" slack="0"/>
<pin id="1246" dir="0" index="1" bw="1" slack="0"/>
<pin id="1247" dir="1" index="2" bw="1" slack="0"/>
</pin_list>
<bind>
<opcode="and(23) " fcode="and"/>
<opset="and_ln139/37 "/>
</bind>
</comp>

<comp id="1250" class="1004" name="and_ln139_1_fu_1250">
<pin_list>
<pin id="1251" dir="0" index="0" bw="1" slack="0"/>
<pin id="1252" dir="0" index="1" bw="1" slack="0"/>
<pin id="1253" dir="1" index="2" bw="1" slack="6"/>
</pin_list>
<bind>
<opcode="and(23) " fcode="and"/>
<opset="and_ln139_1/37 "/>
</bind>
</comp>

<comp id="1256" class="1004" name="neighbor_height_3_fu_1256">
<pin_list>
<pin id="1257" dir="0" index="0" bw="1" slack="11"/>
<pin id="1258" dir="0" index="1" bw="32" slack="9"/>
<pin id="1259" dir="0" index="2" bw="32" slack="1"/>
<pin id="1260" dir="1" index="3" bw="32" slack="0"/>
</pin_list>
<bind>
<opcode="select(49) " fcode="select"/>
<opset="neighbor_height_3/37 "/>
</bind>
</comp>

<comp id="1263" class="1004" name="bitcast_ln139_2_fu_1263">
<pin_list>
<pin id="1264" dir="0" index="0" bw="32" slack="0"/>
<pin id="1265" dir="1" index="1" bw="32" slack="0"/>
</pin_list>
<bind>
<opcode="bitcast(44) " fcode="bitcast"/>
<opset="bitcast_ln139_2/37 "/>
</bind>
</comp>

<comp id="1267" class="1004" name="tmp_38_fu_1267">
<pin_list>
<pin id="1268" dir="0" index="0" bw="8" slack="0"/>
<pin id="1269" dir="0" index="1" bw="32" slack="0"/>
<pin id="1270" dir="0" index="2" bw="6" slack="0"/>
<pin id="1271" dir="0" index="3" bw="6" slack="0"/>
<pin id="1272" dir="1" index="4" bw="8" slack="0"/>
</pin_list>
<bind>
<opcode="partselect(1002) " fcode="partselect"/>
<opset="tmp_38/37 "/>
</bind>
</comp>

<comp id="1277" class="1004" name="trunc_ln139_2_fu_1277">
<pin_list>
<pin id="1278" dir="0" index="0" bw="32" slack="0"/>
<pin id="1279" dir="1" index="1" bw="23" slack="0"/>
</pin_list>
<bind>
<opcode="trunc(33) " fcode="trunc"/>
<opset="trunc_ln139_2/37 "/>
</bind>
</comp>

<comp id="1281" class="1004" name="icmp_ln139_4_fu_1281">
<pin_list>
<pin id="1282" dir="0" index="0" bw="8" slack="0"/>
<pin id="1283" dir="0" index="1" bw="8" slack="0"/>
<pin id="1284" dir="1" index="2" bw="1" slack="1"/>
</pin_list>
<bind>
<opcode="icmp(45) " fcode="icmp"/>
<opset="icmp_ln139_4/37 "/>
</bind>
</comp>

<comp id="1287" class="1004" name="icmp_ln139_5_fu_1287">
<pin_list>
<pin id="1288" dir="0" index="0" bw="23" slack="0"/>
<pin id="1289" dir="0" index="1" bw="23" slack="0"/>
<pin id="1290" dir="1" index="2" bw="1" slack="1"/>
</pin_list>
<bind>
<opcode="icmp(45) " fcode="icmp"/>
<opset="icmp_ln139_5/37 "/>
</bind>
</comp>

<comp id="1293" class="1004" name="icmp_ln128_1_fu_1293">
<pin_list>
<pin id="1294" dir="0" index="0" bw="7" slack="25"/>
<pin id="1295" dir="0" index="1" bw="7" slack="0"/>
<pin id="1296" dir="1" index="2" bw="1" slack="1"/>
</pin_list>
<bind>
<opcode="icmp(45) " fcode="icmp"/>
<opset="icmp_ln128_1/37 "/>
</bind>
</comp>

<comp id="1298" class="1004" name="or_ln139_2_fu_1298">
<pin_list>
<pin id="1299" dir="0" index="0" bw="1" slack="1"/>
<pin id="1300" dir="0" index="1" bw="1" slack="1"/>
<pin id="1301" dir="1" index="2" bw="1" slack="0"/>
</pin_list>
<bind>
<opcode="or(24) " fcode="or"/>
<opset="or_ln139_2/38 "/>
</bind>
</comp>

<comp id="1302" class="1004" name="and_ln139_2_fu_1302">
<pin_list>
<pin id="1303" dir="0" index="0" bw="1" slack="1"/>
<pin id="1304" dir="0" index="1" bw="1" slack="0"/>
<pin id="1305" dir="1" index="2" bw="1" slack="0"/>
</pin_list>
<bind>
<opcode="and(23) " fcode="and"/>
<opset="and_ln139_2/38 "/>
</bind>
</comp>

<comp id="1307" class="1004" name="and_ln139_3_fu_1307">
<pin_list>
<pin id="1308" dir="0" index="0" bw="1" slack="0"/>
<pin id="1309" dir="0" index="1" bw="1" slack="0"/>
<pin id="1310" dir="1" index="2" bw="1" slack="7"/>
</pin_list>
<bind>
<opcode="and(23) " fcode="and"/>
<opset="and_ln139_3/38 "/>
</bind>
</comp>

<comp id="1313" class="1004" name="neighbor_height_7_fu_1313">
<pin_list>
<pin id="1314" dir="0" index="0" bw="1" slack="1"/>
<pin id="1315" dir="0" index="1" bw="32" slack="10"/>
<pin id="1316" dir="0" index="2" bw="32" slack="1"/>
<pin id="1317" dir="1" index="3" bw="32" slack="0"/>
</pin_list>
<bind>
<opcode="select(49) " fcode="select"/>
<opset="neighbor_height_7/38 "/>
</bind>
</comp>

<comp id="1320" class="1004" name="bitcast_ln139_4_fu_1320">
<pin_list>
<pin id="1321" dir="0" index="0" bw="32" slack="0"/>
<pin id="1322" dir="1" index="1" bw="32" slack="0"/>
</pin_list>
<bind>
<opcode="bitcast(44) " fcode="bitcast"/>
<opset="bitcast_ln139_4/38 "/>
</bind>
</comp>

<comp id="1324" class="1004" name="tmp_48_fu_1324">
<pin_list>
<pin id="1325" dir="0" index="0" bw="8" slack="0"/>
<pin id="1326" dir="0" index="1" bw="32" slack="0"/>
<pin id="1327" dir="0" index="2" bw="6" slack="0"/>
<pin id="1328" dir="0" index="3" bw="6" slack="0"/>
<pin id="1329" dir="1" index="4" bw="8" slack="0"/>
</pin_list>
<bind>
<opcode="partselect(1002) " fcode="partselect"/>
<opset="tmp_48/38 "/>
</bind>
</comp>

<comp id="1334" class="1004" name="trunc_ln139_4_fu_1334">
<pin_list>
<pin id="1335" dir="0" index="0" bw="32" slack="0"/>
<pin id="1336" dir="1" index="1" bw="23" slack="0"/>
</pin_list>
<bind>
<opcode="trunc(33) " fcode="trunc"/>
<opset="trunc_ln139_4/38 "/>
</bind>
</comp>

<comp id="1338" class="1004" name="icmp_ln139_8_fu_1338">
<pin_list>
<pin id="1339" dir="0" index="0" bw="8" slack="0"/>
<pin id="1340" dir="0" index="1" bw="8" slack="0"/>
<pin id="1341" dir="1" index="2" bw="1" slack="1"/>
</pin_list>
<bind>
<opcode="icmp(45) " fcode="icmp"/>
<opset="icmp_ln139_8/38 "/>
</bind>
</comp>

<comp id="1344" class="1004" name="icmp_ln139_9_fu_1344">
<pin_list>
<pin id="1345" dir="0" index="0" bw="23" slack="0"/>
<pin id="1346" dir="0" index="1" bw="23" slack="0"/>
<pin id="1347" dir="1" index="2" bw="1" slack="1"/>
</pin_list>
<bind>
<opcode="icmp(45) " fcode="icmp"/>
<opset="icmp_ln139_9/38 "/>
</bind>
</comp>

<comp id="1350" class="1004" name="icmp_ln128_fu_1350">
<pin_list>
<pin id="1351" dir="0" index="0" bw="8" slack="28"/>
<pin id="1352" dir="0" index="1" bw="8" slack="0"/>
<pin id="1353" dir="1" index="2" bw="1" slack="1"/>
</pin_list>
<bind>
<opcode="icmp(45) " fcode="icmp"/>
<opset="icmp_ln128/39 "/>
</bind>
</comp>

<comp id="1355" class="1004" name="or_ln139_4_fu_1355">
<pin_list>
<pin id="1356" dir="0" index="0" bw="1" slack="1"/>
<pin id="1357" dir="0" index="1" bw="1" slack="1"/>
<pin id="1358" dir="1" index="2" bw="1" slack="0"/>
</pin_list>
<bind>
<opcode="or(24) " fcode="or"/>
<opset="or_ln139_4/39 "/>
</bind>
</comp>

<comp id="1359" class="1004" name="and_ln139_6_fu_1359">
<pin_list>
<pin id="1360" dir="0" index="0" bw="1" slack="2"/>
<pin id="1361" dir="0" index="1" bw="1" slack="0"/>
<pin id="1362" dir="1" index="2" bw="1" slack="0"/>
</pin_list>
<bind>
<opcode="and(23) " fcode="and"/>
<opset="and_ln139_6/39 "/>
</bind>
</comp>

<comp id="1364" class="1004" name="and_ln139_7_fu_1364">
<pin_list>
<pin id="1365" dir="0" index="0" bw="1" slack="0"/>
<pin id="1366" dir="0" index="1" bw="1" slack="0"/>
<pin id="1367" dir="1" index="2" bw="1" slack="10"/>
</pin_list>
<bind>
<opcode="and(23) " fcode="and"/>
<opset="and_ln139_7/39 "/>
</bind>
</comp>

<comp id="1370" class="1004" name="neighbor_height_5_fu_1370">
<pin_list>
<pin id="1371" dir="0" index="0" bw="1" slack="1"/>
<pin id="1372" dir="0" index="1" bw="32" slack="12"/>
<pin id="1373" dir="0" index="2" bw="32" slack="1"/>
<pin id="1374" dir="1" index="3" bw="32" slack="0"/>
</pin_list>
<bind>
<opcode="select(49) " fcode="select"/>
<opset="neighbor_height_5/40 "/>
</bind>
</comp>

<comp id="1377" class="1004" name="bitcast_ln139_3_fu_1377">
<pin_list>
<pin id="1378" dir="0" index="0" bw="32" slack="0"/>
<pin id="1379" dir="1" index="1" bw="32" slack="0"/>
</pin_list>
<bind>
<opcode="bitcast(44) " fcode="bitcast"/>
<opset="bitcast_ln139_3/40 "/>
</bind>
</comp>

<comp id="1381" class="1004" name="tmp_43_fu_1381">
<pin_list>
<pin id="1382" dir="0" index="0" bw="8" slack="0"/>
<pin id="1383" dir="0" index="1" bw="32" slack="0"/>
<pin id="1384" dir="0" index="2" bw="6" slack="0"/>
<pin id="1385" dir="0" index="3" bw="6" slack="0"/>
<pin id="1386" dir="1" index="4" bw="8" slack="0"/>
</pin_list>
<bind>
<opcode="partselect(1002) " fcode="partselect"/>
<opset="tmp_43/40 "/>
</bind>
</comp>

<comp id="1391" class="1004" name="trunc_ln139_3_fu_1391">
<pin_list>
<pin id="1392" dir="0" index="0" bw="32" slack="0"/>
<pin id="1393" dir="1" index="1" bw="23" slack="0"/>
</pin_list>
<bind>
<opcode="trunc(33) " fcode="trunc"/>
<opset="trunc_ln139_3/40 "/>
</bind>
</comp>

<comp id="1395" class="1004" name="icmp_ln139_6_fu_1395">
<pin_list>
<pin id="1396" dir="0" index="0" bw="8" slack="0"/>
<pin id="1397" dir="0" index="1" bw="8" slack="0"/>
<pin id="1398" dir="1" index="2" bw="1" slack="1"/>
</pin_list>
<bind>
<opcode="icmp(45) " fcode="icmp"/>
<opset="icmp_ln139_6/40 "/>
</bind>
</comp>

<comp id="1401" class="1004" name="icmp_ln139_7_fu_1401">
<pin_list>
<pin id="1402" dir="0" index="0" bw="23" slack="0"/>
<pin id="1403" dir="0" index="1" bw="23" slack="0"/>
<pin id="1404" dir="1" index="2" bw="1" slack="1"/>
</pin_list>
<bind>
<opcode="icmp(45) " fcode="icmp"/>
<opset="icmp_ln139_7/40 "/>
</bind>
</comp>

<comp id="1407" class="1004" name="or_ln139_3_fu_1407">
<pin_list>
<pin id="1408" dir="0" index="0" bw="1" slack="1"/>
<pin id="1409" dir="0" index="1" bw="1" slack="1"/>
<pin id="1410" dir="1" index="2" bw="1" slack="0"/>
</pin_list>
<bind>
<opcode="or(24) " fcode="or"/>
<opset="or_ln139_3/41 "/>
</bind>
</comp>

<comp id="1411" class="1004" name="and_ln139_4_fu_1411">
<pin_list>
<pin id="1412" dir="0" index="0" bw="1" slack="4"/>
<pin id="1413" dir="0" index="1" bw="1" slack="0"/>
<pin id="1414" dir="1" index="2" bw="1" slack="0"/>
</pin_list>
<bind>
<opcode="and(23) " fcode="and"/>
<opset="and_ln139_4/41 "/>
</bind>
</comp>

<comp id="1416" class="1004" name="and_ln139_5_fu_1416">
<pin_list>
<pin id="1417" dir="0" index="0" bw="1" slack="0"/>
<pin id="1418" dir="0" index="1" bw="1" slack="0"/>
<pin id="1419" dir="1" index="2" bw="1" slack="6"/>
</pin_list>
<bind>
<opcode="and(23) " fcode="and"/>
<opset="and_ln139_5/41 "/>
</bind>
</comp>

<comp id="1422" class="1004" name="bitcast_ln142_fu_1422">
<pin_list>
<pin id="1423" dir="0" index="0" bw="32" slack="2"/>
<pin id="1424" dir="1" index="1" bw="32" slack="0"/>
</pin_list>
<bind>
<opcode="bitcast(44) " fcode="bitcast"/>
<opset="bitcast_ln142/44 "/>
</bind>
</comp>

<comp id="1425" class="1004" name="tmp_35_fu_1425">
<pin_list>
<pin id="1426" dir="0" index="0" bw="8" slack="0"/>
<pin id="1427" dir="0" index="1" bw="32" slack="0"/>
<pin id="1428" dir="0" index="2" bw="6" slack="0"/>
<pin id="1429" dir="0" index="3" bw="6" slack="0"/>
<pin id="1430" dir="1" index="4" bw="8" slack="0"/>
</pin_list>
<bind>
<opcode="partselect(1002) " fcode="partselect"/>
<opset="tmp_35/44 "/>
</bind>
</comp>

<comp id="1435" class="1004" name="trunc_ln142_fu_1435">
<pin_list>
<pin id="1436" dir="0" index="0" bw="32" slack="0"/>
<pin id="1437" dir="1" index="1" bw="23" slack="0"/>
</pin_list>
<bind>
<opcode="trunc(33) " fcode="trunc"/>
<opset="trunc_ln142/44 "/>
</bind>
</comp>

<comp id="1439" class="1004" name="icmp_ln142_fu_1439">
<pin_list>
<pin id="1440" dir="0" index="0" bw="8" slack="0"/>
<pin id="1441" dir="0" index="1" bw="8" slack="0"/>
<pin id="1442" dir="1" index="2" bw="1" slack="0"/>
</pin_list>
<bind>
<opcode="icmp(45) " fcode="icmp"/>
<opset="icmp_ln142/44 "/>
</bind>
</comp>

<comp id="1445" class="1004" name="icmp_ln142_1_fu_1445">
<pin_list>
<pin id="1446" dir="0" index="0" bw="23" slack="0"/>
<pin id="1447" dir="0" index="1" bw="23" slack="0"/>
<pin id="1448" dir="1" index="2" bw="1" slack="0"/>
</pin_list>
<bind>
<opcode="icmp(45) " fcode="icmp"/>
<opset="icmp_ln142_1/44 "/>
</bind>
</comp>

<comp id="1451" class="1004" name="or_ln142_fu_1451">
<pin_list>
<pin id="1452" dir="0" index="0" bw="1" slack="0"/>
<pin id="1453" dir="0" index="1" bw="1" slack="0"/>
<pin id="1454" dir="1" index="2" bw="1" slack="0"/>
</pin_list>
<bind>
<opcode="or(24) " fcode="or"/>
<opset="or_ln142/44 "/>
</bind>
</comp>

<comp id="1457" class="1004" name="and_ln142_fu_1457">
<pin_list>
<pin id="1458" dir="0" index="0" bw="1" slack="0"/>
<pin id="1459" dir="0" index="1" bw="1" slack="0"/>
<pin id="1460" dir="1" index="2" bw="1" slack="0"/>
</pin_list>
<bind>
<opcode="and(23) " fcode="and"/>
<opset="and_ln142/44 "/>
</bind>
</comp>

<comp id="1463" class="1004" name="my_spillage_level_fu_1463">
<pin_list>
<pin id="1464" dir="0" index="0" bw="1" slack="0"/>
<pin id="1465" dir="0" index="1" bw="32" slack="0"/>
<pin id="1466" dir="0" index="2" bw="32" slack="2"/>
<pin id="1467" dir="1" index="3" bw="32" slack="0"/>
</pin_list>
<bind>
<opcode="select(49) " fcode="select"/>
<opset="my_spillage_level/44 "/>
</bind>
</comp>

<comp id="1470" class="1004" name="my_spillage_level_1_fu_1470">
<pin_list>
<pin id="1471" dir="0" index="0" bw="1" slack="7"/>
<pin id="1472" dir="0" index="1" bw="32" slack="0"/>
<pin id="1473" dir="0" index="2" bw="32" slack="0"/>
<pin id="1474" dir="1" index="3" bw="32" slack="1"/>
</pin_list>
<bind>
<opcode="select(49) " fcode="select"/>
<opset="my_spillage_level_1/44 "/>
</bind>
</comp>

<comp id="1477" class="1004" name="bitcast_ln142_1_fu_1477">
<pin_list>
<pin id="1478" dir="0" index="0" bw="32" slack="2"/>
<pin id="1479" dir="1" index="1" bw="32" slack="0"/>
</pin_list>
<bind>
<opcode="bitcast(44) " fcode="bitcast"/>
<opset="bitcast_ln142_1/46 "/>
</bind>
</comp>

<comp id="1480" class="1004" name="tmp_40_fu_1480">
<pin_list>
<pin id="1481" dir="0" index="0" bw="8" slack="0"/>
<pin id="1482" dir="0" index="1" bw="32" slack="0"/>
<pin id="1483" dir="0" index="2" bw="6" slack="0"/>
<pin id="1484" dir="0" index="3" bw="6" slack="0"/>
<pin id="1485" dir="1" index="4" bw="8" slack="0"/>
</pin_list>
<bind>
<opcode="partselect(1002) " fcode="partselect"/>
<opset="tmp_40/46 "/>
</bind>
</comp>

<comp id="1490" class="1004" name="trunc_ln142_1_fu_1490">
<pin_list>
<pin id="1491" dir="0" index="0" bw="32" slack="0"/>
<pin id="1492" dir="1" index="1" bw="23" slack="0"/>
</pin_list>
<bind>
<opcode="trunc(33) " fcode="trunc"/>
<opset="trunc_ln142_1/46 "/>
</bind>
</comp>

<comp id="1494" class="1004" name="bitcast_ln142_2_fu_1494">
<pin_list>
<pin id="1495" dir="0" index="0" bw="32" slack="3"/>
<pin id="1496" dir="1" index="1" bw="32" slack="0"/>
</pin_list>
<bind>
<opcode="bitcast(44) " fcode="bitcast"/>
<opset="bitcast_ln142_2/46 "/>
</bind>
</comp>

<comp id="1497" class="1004" name="tmp_41_fu_1497">
<pin_list>
<pin id="1498" dir="0" index="0" bw="8" slack="0"/>
<pin id="1499" dir="0" index="1" bw="32" slack="0"/>
<pin id="1500" dir="0" index="2" bw="6" slack="0"/>
<pin id="1501" dir="0" index="3" bw="6" slack="0"/>
<pin id="1502" dir="1" index="4" bw="8" slack="0"/>
</pin_list>
<bind>
<opcode="partselect(1002) " fcode="partselect"/>
<opset="tmp_41/46 "/>
</bind>
</comp>

<comp id="1507" class="1004" name="trunc_ln142_2_fu_1507">
<pin_list>
<pin id="1508" dir="0" index="0" bw="32" slack="0"/>
<pin id="1509" dir="1" index="1" bw="23" slack="0"/>
</pin_list>
<bind>
<opcode="trunc(33) " fcode="trunc"/>
<opset="trunc_ln142_2/46 "/>
</bind>
</comp>

<comp id="1511" class="1004" name="icmp_ln142_2_fu_1511">
<pin_list>
<pin id="1512" dir="0" index="0" bw="8" slack="0"/>
<pin id="1513" dir="0" index="1" bw="8" slack="0"/>
<pin id="1514" dir="1" index="2" bw="1" slack="0"/>
</pin_list>
<bind>
<opcode="icmp(45) " fcode="icmp"/>
<opset="icmp_ln142_2/46 "/>
</bind>
</comp>

<comp id="1517" class="1004" name="icmp_ln142_3_fu_1517">
<pin_list>
<pin id="1518" dir="0" index="0" bw="23" slack="0"/>
<pin id="1519" dir="0" index="1" bw="23" slack="0"/>
<pin id="1520" dir="1" index="2" bw="1" slack="0"/>
</pin_list>
<bind>
<opcode="icmp(45) " fcode="icmp"/>
<opset="icmp_ln142_3/46 "/>
</bind>
</comp>

<comp id="1523" class="1004" name="or_ln142_1_fu_1523">
<pin_list>
<pin id="1524" dir="0" index="0" bw="1" slack="0"/>
<pin id="1525" dir="0" index="1" bw="1" slack="0"/>
<pin id="1526" dir="1" index="2" bw="1" slack="0"/>
</pin_list>
<bind>
<opcode="or(24) " fcode="or"/>
<opset="or_ln142_1/46 "/>
</bind>
</comp>

<comp id="1529" class="1004" name="icmp_ln142_4_fu_1529">
<pin_list>
<pin id="1530" dir="0" index="0" bw="8" slack="0"/>
<pin id="1531" dir="0" index="1" bw="8" slack="0"/>
<pin id="1532" dir="1" index="2" bw="1" slack="0"/>
</pin_list>
<bind>
<opcode="icmp(45) " fcode="icmp"/>
<opset="icmp_ln142_4/46 "/>
</bind>
</comp>

<comp id="1535" class="1004" name="icmp_ln142_5_fu_1535">
<pin_list>
<pin id="1536" dir="0" index="0" bw="23" slack="0"/>
<pin id="1537" dir="0" index="1" bw="23" slack="0"/>
<pin id="1538" dir="1" index="2" bw="1" slack="0"/>
</pin_list>
<bind>
<opcode="icmp(45) " fcode="icmp"/>
<opset="icmp_ln142_5/46 "/>
</bind>
</comp>

<comp id="1541" class="1004" name="or_ln142_2_fu_1541">
<pin_list>
<pin id="1542" dir="0" index="0" bw="1" slack="0"/>
<pin id="1543" dir="0" index="1" bw="1" slack="0"/>
<pin id="1544" dir="1" index="2" bw="1" slack="0"/>
</pin_list>
<bind>
<opcode="or(24) " fcode="or"/>
<opset="or_ln142_2/46 "/>
</bind>
</comp>

<comp id="1547" class="1004" name="and_ln142_1_fu_1547">
<pin_list>
<pin id="1548" dir="0" index="0" bw="1" slack="0"/>
<pin id="1549" dir="0" index="1" bw="1" slack="0"/>
<pin id="1550" dir="1" index="2" bw="1" slack="0"/>
</pin_list>
<bind>
<opcode="and(23) " fcode="and"/>
<opset="and_ln142_1/46 "/>
</bind>
</comp>

<comp id="1553" class="1004" name="and_ln142_2_fu_1553">
<pin_list>
<pin id="1554" dir="0" index="0" bw="1" slack="0"/>
<pin id="1555" dir="0" index="1" bw="1" slack="0"/>
<pin id="1556" dir="1" index="2" bw="1" slack="0"/>
</pin_list>
<bind>
<opcode="and(23) " fcode="and"/>
<opset="and_ln142_2/46 "/>
</bind>
</comp>

<comp id="1559" class="1004" name="my_spillage_level_2_fu_1559">
<pin_list>
<pin id="1560" dir="0" index="0" bw="1" slack="0"/>
<pin id="1561" dir="0" index="1" bw="32" slack="2"/>
<pin id="1562" dir="0" index="2" bw="32" slack="3"/>
<pin id="1563" dir="1" index="3" bw="32" slack="0"/>
</pin_list>
<bind>
<opcode="select(49) " fcode="select"/>
<opset="my_spillage_level_2/46 "/>
</bind>
</comp>

<comp id="1565" class="1004" name="my_spillage_level_3_fu_1565">
<pin_list>
<pin id="1566" dir="0" index="0" bw="1" slack="8"/>
<pin id="1567" dir="0" index="1" bw="32" slack="0"/>
<pin id="1568" dir="0" index="2" bw="32" slack="2"/>
<pin id="1569" dir="1" index="3" bw="32" slack="1"/>
</pin_list>
<bind>
<opcode="select(49) " fcode="select"/>
<opset="my_spillage_level_3/46 "/>
</bind>
</comp>

<comp id="1571" class="1004" name="bitcast_ln142_3_fu_1571">
<pin_list>
<pin id="1572" dir="0" index="0" bw="32" slack="2"/>
<pin id="1573" dir="1" index="1" bw="32" slack="0"/>
</pin_list>
<bind>
<opcode="bitcast(44) " fcode="bitcast"/>
<opset="bitcast_ln142_3/48 "/>
</bind>
</comp>

<comp id="1574" class="1004" name="tmp_45_fu_1574">
<pin_list>
<pin id="1575" dir="0" index="0" bw="8" slack="0"/>
<pin id="1576" dir="0" index="1" bw="32" slack="0"/>
<pin id="1577" dir="0" index="2" bw="6" slack="0"/>
<pin id="1578" dir="0" index="3" bw="6" slack="0"/>
<pin id="1579" dir="1" index="4" bw="8" slack="0"/>
</pin_list>
<bind>
<opcode="partselect(1002) " fcode="partselect"/>
<opset="tmp_45/48 "/>
</bind>
</comp>

<comp id="1584" class="1004" name="trunc_ln142_3_fu_1584">
<pin_list>
<pin id="1585" dir="0" index="0" bw="32" slack="0"/>
<pin id="1586" dir="1" index="1" bw="23" slack="0"/>
</pin_list>
<bind>
<opcode="trunc(33) " fcode="trunc"/>
<opset="trunc_ln142_3/48 "/>
</bind>
</comp>

<comp id="1588" class="1004" name="bitcast_ln142_4_fu_1588">
<pin_list>
<pin id="1589" dir="0" index="0" bw="32" slack="2"/>
<pin id="1590" dir="1" index="1" bw="32" slack="0"/>
</pin_list>
<bind>
<opcode="bitcast(44) " fcode="bitcast"/>
<opset="bitcast_ln142_4/48 "/>
</bind>
</comp>

<comp id="1591" class="1004" name="tmp_46_fu_1591">
<pin_list>
<pin id="1592" dir="0" index="0" bw="8" slack="0"/>
<pin id="1593" dir="0" index="1" bw="32" slack="0"/>
<pin id="1594" dir="0" index="2" bw="6" slack="0"/>
<pin id="1595" dir="0" index="3" bw="6" slack="0"/>
<pin id="1596" dir="1" index="4" bw="8" slack="0"/>
</pin_list>
<bind>
<opcode="partselect(1002) " fcode="partselect"/>
<opset="tmp_46/48 "/>
</bind>
</comp>

<comp id="1601" class="1004" name="trunc_ln142_4_fu_1601">
<pin_list>
<pin id="1602" dir="0" index="0" bw="32" slack="0"/>
<pin id="1603" dir="1" index="1" bw="23" slack="0"/>
</pin_list>
<bind>
<opcode="trunc(33) " fcode="trunc"/>
<opset="trunc_ln142_4/48 "/>
</bind>
</comp>

<comp id="1605" class="1004" name="icmp_ln142_6_fu_1605">
<pin_list>
<pin id="1606" dir="0" index="0" bw="8" slack="0"/>
<pin id="1607" dir="0" index="1" bw="8" slack="0"/>
<pin id="1608" dir="1" index="2" bw="1" slack="0"/>
</pin_list>
<bind>
<opcode="icmp(45) " fcode="icmp"/>
<opset="icmp_ln142_6/48 "/>
</bind>
</comp>

<comp id="1611" class="1004" name="icmp_ln142_7_fu_1611">
<pin_list>
<pin id="1612" dir="0" index="0" bw="23" slack="0"/>
<pin id="1613" dir="0" index="1" bw="23" slack="0"/>
<pin id="1614" dir="1" index="2" bw="1" slack="0"/>
</pin_list>
<bind>
<opcode="icmp(45) " fcode="icmp"/>
<opset="icmp_ln142_7/48 "/>
</bind>
</comp>

<comp id="1617" class="1004" name="or_ln142_3_fu_1617">
<pin_list>
<pin id="1618" dir="0" index="0" bw="1" slack="0"/>
<pin id="1619" dir="0" index="1" bw="1" slack="0"/>
<pin id="1620" dir="1" index="2" bw="1" slack="0"/>
</pin_list>
<bind>
<opcode="or(24) " fcode="or"/>
<opset="or_ln142_3/48 "/>
</bind>
</comp>

<comp id="1623" class="1004" name="icmp_ln142_8_fu_1623">
<pin_list>
<pin id="1624" dir="0" index="0" bw="8" slack="0"/>
<pin id="1625" dir="0" index="1" bw="8" slack="0"/>
<pin id="1626" dir="1" index="2" bw="1" slack="0"/>
</pin_list>
<bind>
<opcode="icmp(45) " fcode="icmp"/>
<opset="icmp_ln142_8/48 "/>
</bind>
</comp>

<comp id="1629" class="1004" name="icmp_ln142_9_fu_1629">
<pin_list>
<pin id="1630" dir="0" index="0" bw="23" slack="0"/>
<pin id="1631" dir="0" index="1" bw="23" slack="0"/>
<pin id="1632" dir="1" index="2" bw="1" slack="0"/>
</pin_list>
<bind>
<opcode="icmp(45) " fcode="icmp"/>
<opset="icmp_ln142_9/48 "/>
</bind>
</comp>

<comp id="1635" class="1004" name="or_ln142_4_fu_1635">
<pin_list>
<pin id="1636" dir="0" index="0" bw="1" slack="0"/>
<pin id="1637" dir="0" index="1" bw="1" slack="0"/>
<pin id="1638" dir="1" index="2" bw="1" slack="0"/>
</pin_list>
<bind>
<opcode="or(24) " fcode="or"/>
<opset="or_ln142_4/48 "/>
</bind>
</comp>

<comp id="1641" class="1004" name="and_ln142_3_fu_1641">
<pin_list>
<pin id="1642" dir="0" index="0" bw="1" slack="0"/>
<pin id="1643" dir="0" index="1" bw="1" slack="0"/>
<pin id="1644" dir="1" index="2" bw="1" slack="0"/>
</pin_list>
<bind>
<opcode="and(23) " fcode="and"/>
<opset="and_ln142_3/48 "/>
</bind>
</comp>

<comp id="1647" class="1004" name="and_ln142_4_fu_1647">
<pin_list>
<pin id="1648" dir="0" index="0" bw="1" slack="0"/>
<pin id="1649" dir="0" index="1" bw="1" slack="0"/>
<pin id="1650" dir="1" index="2" bw="1" slack="0"/>
</pin_list>
<bind>
<opcode="and(23) " fcode="and"/>
<opset="and_ln142_4/48 "/>
</bind>
</comp>

<comp id="1653" class="1004" name="my_spillage_level_4_fu_1653">
<pin_list>
<pin id="1654" dir="0" index="0" bw="1" slack="0"/>
<pin id="1655" dir="0" index="1" bw="32" slack="2"/>
<pin id="1656" dir="0" index="2" bw="32" slack="2"/>
<pin id="1657" dir="1" index="3" bw="32" slack="0"/>
</pin_list>
<bind>
<opcode="select(49) " fcode="select"/>
<opset="my_spillage_level_4/48 "/>
</bind>
</comp>

<comp id="1659" class="1004" name="my_spillage_level_5_fu_1659">
<pin_list>
<pin id="1660" dir="0" index="0" bw="1" slack="7"/>
<pin id="1661" dir="0" index="1" bw="32" slack="0"/>
<pin id="1662" dir="0" index="2" bw="32" slack="2"/>
<pin id="1663" dir="1" index="3" bw="32" slack="1"/>
</pin_list>
<bind>
<opcode="select(49) " fcode="select"/>
<opset="my_spillage_level_5/48 "/>
</bind>
</comp>

<comp id="1665" class="1004" name="sum_diff_1_fu_1665">
<pin_list>
<pin id="1666" dir="0" index="0" bw="1" slack="12"/>
<pin id="1667" dir="0" index="1" bw="32" slack="0"/>
<pin id="1668" dir="0" index="2" bw="32" slack="0"/>
<pin id="1669" dir="1" index="3" bw="32" slack="1"/>
</pin_list>
<bind>
<opcode="select(49) " fcode="select"/>
<opset="sum_diff_1/49 "/>
</bind>
</comp>

<comp id="1672" class="1004" name="bitcast_ln142_5_fu_1672">
<pin_list>
<pin id="1673" dir="0" index="0" bw="32" slack="2"/>
<pin id="1674" dir="1" index="1" bw="32" slack="0"/>
</pin_list>
<bind>
<opcode="bitcast(44) " fcode="bitcast"/>
<opset="bitcast_ln142_5/50 "/>
</bind>
</comp>

<comp id="1675" class="1004" name="tmp_55_fu_1675">
<pin_list>
<pin id="1676" dir="0" index="0" bw="8" slack="0"/>
<pin id="1677" dir="0" index="1" bw="32" slack="0"/>
<pin id="1678" dir="0" index="2" bw="6" slack="0"/>
<pin id="1679" dir="0" index="3" bw="6" slack="0"/>
<pin id="1680" dir="1" index="4" bw="8" slack="0"/>
</pin_list>
<bind>
<opcode="partselect(1002) " fcode="partselect"/>
<opset="tmp_55/50 "/>
</bind>
</comp>

<comp id="1685" class="1004" name="trunc_ln142_5_fu_1685">
<pin_list>
<pin id="1686" dir="0" index="0" bw="32" slack="0"/>
<pin id="1687" dir="1" index="1" bw="23" slack="0"/>
</pin_list>
<bind>
<opcode="trunc(33) " fcode="trunc"/>
<opset="trunc_ln142_5/50 "/>
</bind>
</comp>

<comp id="1689" class="1004" name="bitcast_ln142_6_fu_1689">
<pin_list>
<pin id="1690" dir="0" index="0" bw="32" slack="6"/>
<pin id="1691" dir="1" index="1" bw="32" slack="0"/>
</pin_list>
<bind>
<opcode="bitcast(44) " fcode="bitcast"/>
<opset="bitcast_ln142_6/50 "/>
</bind>
</comp>

<comp id="1692" class="1004" name="tmp_56_fu_1692">
<pin_list>
<pin id="1693" dir="0" index="0" bw="8" slack="0"/>
<pin id="1694" dir="0" index="1" bw="32" slack="0"/>
<pin id="1695" dir="0" index="2" bw="6" slack="0"/>
<pin id="1696" dir="0" index="3" bw="6" slack="0"/>
<pin id="1697" dir="1" index="4" bw="8" slack="0"/>
</pin_list>
<bind>
<opcode="partselect(1002) " fcode="partselect"/>
<opset="tmp_56/50 "/>
</bind>
</comp>

<comp id="1702" class="1004" name="trunc_ln142_6_fu_1702">
<pin_list>
<pin id="1703" dir="0" index="0" bw="32" slack="0"/>
<pin id="1704" dir="1" index="1" bw="23" slack="0"/>
</pin_list>
<bind>
<opcode="trunc(33) " fcode="trunc"/>
<opset="trunc_ln142_6/50 "/>
</bind>
</comp>

<comp id="1706" class="1004" name="icmp_ln142_10_fu_1706">
<pin_list>
<pin id="1707" dir="0" index="0" bw="8" slack="0"/>
<pin id="1708" dir="0" index="1" bw="8" slack="0"/>
<pin id="1709" dir="1" index="2" bw="1" slack="0"/>
</pin_list>
<bind>
<opcode="icmp(45) " fcode="icmp"/>
<opset="icmp_ln142_10/50 "/>
</bind>
</comp>

<comp id="1712" class="1004" name="icmp_ln142_11_fu_1712">
<pin_list>
<pin id="1713" dir="0" index="0" bw="23" slack="0"/>
<pin id="1714" dir="0" index="1" bw="23" slack="0"/>
<pin id="1715" dir="1" index="2" bw="1" slack="0"/>
</pin_list>
<bind>
<opcode="icmp(45) " fcode="icmp"/>
<opset="icmp_ln142_11/50 "/>
</bind>
</comp>

<comp id="1718" class="1004" name="or_ln142_5_fu_1718">
<pin_list>
<pin id="1719" dir="0" index="0" bw="1" slack="0"/>
<pin id="1720" dir="0" index="1" bw="1" slack="0"/>
<pin id="1721" dir="1" index="2" bw="1" slack="0"/>
</pin_list>
<bind>
<opcode="or(24) " fcode="or"/>
<opset="or_ln142_5/50 "/>
</bind>
</comp>

<comp id="1724" class="1004" name="icmp_ln142_12_fu_1724">
<pin_list>
<pin id="1725" dir="0" index="0" bw="8" slack="0"/>
<pin id="1726" dir="0" index="1" bw="8" slack="0"/>
<pin id="1727" dir="1" index="2" bw="1" slack="0"/>
</pin_list>
<bind>
<opcode="icmp(45) " fcode="icmp"/>
<opset="icmp_ln142_12/50 "/>
</bind>
</comp>

<comp id="1730" class="1004" name="icmp_ln142_13_fu_1730">
<pin_list>
<pin id="1731" dir="0" index="0" bw="23" slack="0"/>
<pin id="1732" dir="0" index="1" bw="23" slack="0"/>
<pin id="1733" dir="1" index="2" bw="1" slack="0"/>
</pin_list>
<bind>
<opcode="icmp(45) " fcode="icmp"/>
<opset="icmp_ln142_13/50 "/>
</bind>
</comp>

<comp id="1736" class="1004" name="or_ln142_6_fu_1736">
<pin_list>
<pin id="1737" dir="0" index="0" bw="1" slack="0"/>
<pin id="1738" dir="0" index="1" bw="1" slack="0"/>
<pin id="1739" dir="1" index="2" bw="1" slack="0"/>
</pin_list>
<bind>
<opcode="or(24) " fcode="or"/>
<opset="or_ln142_6/50 "/>
</bind>
</comp>

<comp id="1742" class="1004" name="and_ln142_5_fu_1742">
<pin_list>
<pin id="1743" dir="0" index="0" bw="1" slack="0"/>
<pin id="1744" dir="0" index="1" bw="1" slack="0"/>
<pin id="1745" dir="1" index="2" bw="1" slack="0"/>
</pin_list>
<bind>
<opcode="and(23) " fcode="and"/>
<opset="and_ln142_5/50 "/>
</bind>
</comp>

<comp id="1748" class="1004" name="and_ln142_6_fu_1748">
<pin_list>
<pin id="1749" dir="0" index="0" bw="1" slack="0"/>
<pin id="1750" dir="0" index="1" bw="1" slack="0"/>
<pin id="1751" dir="1" index="2" bw="1" slack="0"/>
</pin_list>
<bind>
<opcode="and(23) " fcode="and"/>
<opset="and_ln142_6/50 "/>
</bind>
</comp>

<comp id="1754" class="1004" name="my_spillage_level_6_fu_1754">
<pin_list>
<pin id="1755" dir="0" index="0" bw="1" slack="0"/>
<pin id="1756" dir="0" index="1" bw="32" slack="2"/>
<pin id="1757" dir="0" index="2" bw="32" slack="6"/>
<pin id="1758" dir="1" index="3" bw="32" slack="0"/>
</pin_list>
<bind>
<opcode="select(49) " fcode="select"/>
<opset="my_spillage_level_6/50 "/>
</bind>
</comp>

<comp id="1760" class="1004" name="my_spillage_level_7_fu_1760">
<pin_list>
<pin id="1761" dir="0" index="0" bw="1" slack="11"/>
<pin id="1762" dir="0" index="1" bw="32" slack="0"/>
<pin id="1763" dir="0" index="2" bw="32" slack="2"/>
<pin id="1764" dir="1" index="3" bw="32" slack="1"/>
</pin_list>
<bind>
<opcode="select(49) " fcode="select"/>
<opset="my_spillage_level_7/50 "/>
</bind>
</comp>

<comp id="1766" class="1004" name="bitcast_ln145_fu_1766">
<pin_list>
<pin id="1767" dir="0" index="0" bw="32" slack="25"/>
<pin id="1768" dir="1" index="1" bw="32" slack="0"/>
</pin_list>
<bind>
<opcode="bitcast(44) " fcode="bitcast"/>
<opset="bitcast_ln145/52 "/>
</bind>
</comp>

<comp id="1769" class="1004" name="tmp_58_fu_1769">
<pin_list>
<pin id="1770" dir="0" index="0" bw="8" slack="0"/>
<pin id="1771" dir="0" index="1" bw="32" slack="0"/>
<pin id="1772" dir="0" index="2" bw="6" slack="0"/>
<pin id="1773" dir="0" index="3" bw="6" slack="0"/>
<pin id="1774" dir="1" index="4" bw="8" slack="0"/>
</pin_list>
<bind>
<opcode="partselect(1002) " fcode="partselect"/>
<opset="tmp_58/52 "/>
</bind>
</comp>

<comp id="1779" class="1004" name="trunc_ln145_fu_1779">
<pin_list>
<pin id="1780" dir="0" index="0" bw="32" slack="0"/>
<pin id="1781" dir="1" index="1" bw="23" slack="0"/>
</pin_list>
<bind>
<opcode="trunc(33) " fcode="trunc"/>
<opset="trunc_ln145/52 "/>
</bind>
</comp>

<comp id="1783" class="1004" name="bitcast_ln145_1_fu_1783">
<pin_list>
<pin id="1784" dir="0" index="0" bw="32" slack="2"/>
<pin id="1785" dir="1" index="1" bw="32" slack="0"/>
</pin_list>
<bind>
<opcode="bitcast(44) " fcode="bitcast"/>
<opset="bitcast_ln145_1/52 "/>
</bind>
</comp>

<comp id="1786" class="1004" name="tmp_59_fu_1786">
<pin_list>
<pin id="1787" dir="0" index="0" bw="8" slack="0"/>
<pin id="1788" dir="0" index="1" bw="32" slack="0"/>
<pin id="1789" dir="0" index="2" bw="6" slack="0"/>
<pin id="1790" dir="0" index="3" bw="6" slack="0"/>
<pin id="1791" dir="1" index="4" bw="8" slack="0"/>
</pin_list>
<bind>
<opcode="partselect(1002) " fcode="partselect"/>
<opset="tmp_59/52 "/>
</bind>
</comp>

<comp id="1796" class="1004" name="trunc_ln145_1_fu_1796">
<pin_list>
<pin id="1797" dir="0" index="0" bw="32" slack="0"/>
<pin id="1798" dir="1" index="1" bw="23" slack="0"/>
</pin_list>
<bind>
<opcode="trunc(33) " fcode="trunc"/>
<opset="trunc_ln145_1/52 "/>
</bind>
</comp>

<comp id="1800" class="1004" name="icmp_ln145_fu_1800">
<pin_list>
<pin id="1801" dir="0" index="0" bw="8" slack="0"/>
<pin id="1802" dir="0" index="1" bw="8" slack="0"/>
<pin id="1803" dir="1" index="2" bw="1" slack="0"/>
</pin_list>
<bind>
<opcode="icmp(45) " fcode="icmp"/>
<opset="icmp_ln145/52 "/>
</bind>
</comp>

<comp id="1806" class="1004" name="icmp_ln145_1_fu_1806">
<pin_list>
<pin id="1807" dir="0" index="0" bw="23" slack="0"/>
<pin id="1808" dir="0" index="1" bw="23" slack="0"/>
<pin id="1809" dir="1" index="2" bw="1" slack="0"/>
</pin_list>
<bind>
<opcode="icmp(45) " fcode="icmp"/>
<opset="icmp_ln145_1/52 "/>
</bind>
</comp>

<comp id="1812" class="1004" name="or_ln145_fu_1812">
<pin_list>
<pin id="1813" dir="0" index="0" bw="1" slack="0"/>
<pin id="1814" dir="0" index="1" bw="1" slack="0"/>
<pin id="1815" dir="1" index="2" bw="1" slack="0"/>
</pin_list>
<bind>
<opcode="or(24) " fcode="or"/>
<opset="or_ln145/52 "/>
</bind>
</comp>

<comp id="1818" class="1004" name="icmp_ln145_2_fu_1818">
<pin_list>
<pin id="1819" dir="0" index="0" bw="8" slack="0"/>
<pin id="1820" dir="0" index="1" bw="8" slack="0"/>
<pin id="1821" dir="1" index="2" bw="1" slack="0"/>
</pin_list>
<bind>
<opcode="icmp(45) " fcode="icmp"/>
<opset="icmp_ln145_2/52 "/>
</bind>
</comp>

<comp id="1824" class="1004" name="icmp_ln145_3_fu_1824">
<pin_list>
<pin id="1825" dir="0" index="0" bw="23" slack="0"/>
<pin id="1826" dir="0" index="1" bw="23" slack="0"/>
<pin id="1827" dir="1" index="2" bw="1" slack="0"/>
</pin_list>
<bind>
<opcode="icmp(45) " fcode="icmp"/>
<opset="icmp_ln145_3/52 "/>
</bind>
</comp>

<comp id="1830" class="1004" name="or_ln145_1_fu_1830">
<pin_list>
<pin id="1831" dir="0" index="0" bw="1" slack="0"/>
<pin id="1832" dir="0" index="1" bw="1" slack="0"/>
<pin id="1833" dir="1" index="2" bw="1" slack="0"/>
</pin_list>
<bind>
<opcode="or(24) " fcode="or"/>
<opset="or_ln145_1/52 "/>
</bind>
</comp>

<comp id="1836" class="1004" name="and_ln145_fu_1836">
<pin_list>
<pin id="1837" dir="0" index="0" bw="1" slack="0"/>
<pin id="1838" dir="0" index="1" bw="1" slack="0"/>
<pin id="1839" dir="1" index="2" bw="1" slack="0"/>
</pin_list>
<bind>
<opcode="and(23) " fcode="and"/>
<opset="and_ln145/52 "/>
</bind>
</comp>

<comp id="1842" class="1004" name="and_ln145_1_fu_1842">
<pin_list>
<pin id="1843" dir="0" index="0" bw="1" slack="0"/>
<pin id="1844" dir="0" index="1" bw="1" slack="0"/>
<pin id="1845" dir="1" index="2" bw="1" slack="0"/>
</pin_list>
<bind>
<opcode="and(23) " fcode="and"/>
<opset="and_ln145_1/52 "/>
</bind>
</comp>

<comp id="1848" class="1004" name="my_spillage_level_8_fu_1848">
<pin_list>
<pin id="1849" dir="0" index="0" bw="1" slack="0"/>
<pin id="1850" dir="0" index="1" bw="32" slack="25"/>
<pin id="1851" dir="0" index="2" bw="32" slack="2"/>
<pin id="1852" dir="1" index="3" bw="32" slack="22"/>
</pin_list>
<bind>
<opcode="select(49) " fcode="select"/>
<opset="my_spillage_level_8/52 "/>
</bind>
</comp>

<comp id="1854" class="1004" name="sum_diff_3_fu_1854">
<pin_list>
<pin id="1855" dir="0" index="0" bw="1" slack="18"/>
<pin id="1856" dir="0" index="1" bw="32" slack="0"/>
<pin id="1857" dir="0" index="2" bw="32" slack="7"/>
<pin id="1858" dir="1" index="3" bw="32" slack="1"/>
</pin_list>
<bind>
<opcode="select(49) " fcode="select"/>
<opset="sum_diff_3/56 "/>
</bind>
</comp>

<comp id="1860" class="1004" name="sum_diff_5_fu_1860">
<pin_list>
<pin id="1861" dir="0" index="0" bw="1" slack="22"/>
<pin id="1862" dir="0" index="1" bw="32" slack="0"/>
<pin id="1863" dir="0" index="2" bw="32" slack="7"/>
<pin id="1864" dir="1" index="3" bw="32" slack="1"/>
</pin_list>
<bind>
<opcode="select(49) " fcode="select"/>
<opset="sum_diff_5/63 "/>
</bind>
</comp>

<comp id="1866" class="1004" name="sum_diff_7_fu_1866">
<pin_list>
<pin id="1867" dir="0" index="0" bw="1" slack="31"/>
<pin id="1868" dir="0" index="1" bw="32" slack="0"/>
<pin id="1869" dir="0" index="2" bw="32" slack="7"/>
<pin id="1870" dir="1" index="3" bw="32" slack="1"/>
</pin_list>
<bind>
<opcode="select(49) " fcode="select"/>
<opset="sum_diff_7/70 "/>
</bind>
</comp>

<comp id="1872" class="1004" name="bitcast_ln148_fu_1872">
<pin_list>
<pin id="1873" dir="0" index="0" bw="32" slack="2"/>
<pin id="1874" dir="1" index="1" bw="32" slack="0"/>
</pin_list>
<bind>
<opcode="bitcast(44) " fcode="bitcast"/>
<opset="bitcast_ln148/72 "/>
</bind>
</comp>

<comp id="1875" class="1004" name="tmp_62_fu_1875">
<pin_list>
<pin id="1876" dir="0" index="0" bw="8" slack="0"/>
<pin id="1877" dir="0" index="1" bw="32" slack="0"/>
<pin id="1878" dir="0" index="2" bw="6" slack="0"/>
<pin id="1879" dir="0" index="3" bw="6" slack="0"/>
<pin id="1880" dir="1" index="4" bw="8" slack="0"/>
</pin_list>
<bind>
<opcode="partselect(1002) " fcode="partselect"/>
<opset="tmp_62/72 "/>
</bind>
</comp>

<comp id="1885" class="1004" name="trunc_ln148_fu_1885">
<pin_list>
<pin id="1886" dir="0" index="0" bw="32" slack="0"/>
<pin id="1887" dir="1" index="1" bw="23" slack="0"/>
</pin_list>
<bind>
<opcode="trunc(33) " fcode="trunc"/>
<opset="trunc_ln148/72 "/>
</bind>
</comp>

<comp id="1889" class="1004" name="icmp_ln148_fu_1889">
<pin_list>
<pin id="1890" dir="0" index="0" bw="8" slack="0"/>
<pin id="1891" dir="0" index="1" bw="8" slack="0"/>
<pin id="1892" dir="1" index="2" bw="1" slack="0"/>
</pin_list>
<bind>
<opcode="icmp(45) " fcode="icmp"/>
<opset="icmp_ln148/72 "/>
</bind>
</comp>

<comp id="1895" class="1004" name="icmp_ln148_1_fu_1895">
<pin_list>
<pin id="1896" dir="0" index="0" bw="23" slack="0"/>
<pin id="1897" dir="0" index="1" bw="23" slack="0"/>
<pin id="1898" dir="1" index="2" bw="1" slack="0"/>
</pin_list>
<bind>
<opcode="icmp(45) " fcode="icmp"/>
<opset="icmp_ln148_1/72 "/>
</bind>
</comp>

<comp id="1901" class="1004" name="or_ln148_fu_1901">
<pin_list>
<pin id="1902" dir="0" index="0" bw="1" slack="0"/>
<pin id="1903" dir="0" index="1" bw="1" slack="0"/>
<pin id="1904" dir="1" index="2" bw="1" slack="0"/>
</pin_list>
<bind>
<opcode="or(24) " fcode="or"/>
<opset="or_ln148/72 "/>
</bind>
</comp>

<comp id="1907" class="1004" name="and_ln148_fu_1907">
<pin_list>
<pin id="1908" dir="0" index="0" bw="1" slack="0"/>
<pin id="1909" dir="0" index="1" bw="1" slack="0"/>
<pin id="1910" dir="1" index="2" bw="1" slack="2"/>
</pin_list>
<bind>
<opcode="and(23) " fcode="and"/>
<opset="and_ln148/72 "/>
</bind>
</comp>

<comp id="1913" class="1004" name="bitcast_ln151_fu_1913">
<pin_list>
<pin id="1914" dir="0" index="0" bw="64" slack="1"/>
<pin id="1915" dir="1" index="1" bw="64" slack="0"/>
</pin_list>
<bind>
<opcode="bitcast(44) " fcode="bitcast"/>
<opset="bitcast_ln151/88 "/>
</bind>
</comp>

<comp id="1916" class="1004" name="tmp_64_fu_1916">
<pin_list>
<pin id="1917" dir="0" index="0" bw="11" slack="0"/>
<pin id="1918" dir="0" index="1" bw="64" slack="0"/>
<pin id="1919" dir="0" index="2" bw="7" slack="0"/>
<pin id="1920" dir="0" index="3" bw="7" slack="0"/>
<pin id="1921" dir="1" index="4" bw="11" slack="0"/>
</pin_list>
<bind>
<opcode="partselect(1002) " fcode="partselect"/>
<opset="tmp_64/88 "/>
</bind>
</comp>

<comp id="1926" class="1004" name="trunc_ln151_fu_1926">
<pin_list>
<pin id="1927" dir="0" index="0" bw="64" slack="0"/>
<pin id="1928" dir="1" index="1" bw="52" slack="0"/>
</pin_list>
<bind>
<opcode="trunc(33) " fcode="trunc"/>
<opset="trunc_ln151/88 "/>
</bind>
</comp>

<comp id="1930" class="1004" name="icmp_ln151_fu_1930">
<pin_list>
<pin id="1931" dir="0" index="0" bw="11" slack="0"/>
<pin id="1932" dir="0" index="1" bw="11" slack="0"/>
<pin id="1933" dir="1" index="2" bw="1" slack="1"/>
</pin_list>
<bind>
<opcode="icmp(45) " fcode="icmp"/>
<opset="icmp_ln151/88 "/>
</bind>
</comp>

<comp id="1936" class="1004" name="icmp_ln151_1_fu_1936">
<pin_list>
<pin id="1937" dir="0" index="0" bw="52" slack="0"/>
<pin id="1938" dir="0" index="1" bw="52" slack="0"/>
<pin id="1939" dir="1" index="2" bw="1" slack="1"/>
</pin_list>
<bind>
<opcode="icmp(45) " fcode="icmp"/>
<opset="icmp_ln151_1/88 "/>
</bind>
</comp>

<comp id="1942" class="1004" name="or_ln151_fu_1942">
<pin_list>
<pin id="1943" dir="0" index="0" bw="1" slack="1"/>
<pin id="1944" dir="0" index="1" bw="1" slack="1"/>
<pin id="1945" dir="1" index="2" bw="1" slack="0"/>
</pin_list>
<bind>
<opcode="or(24) " fcode="or"/>
<opset="or_ln151/89 "/>
</bind>
</comp>

<comp id="1946" class="1004" name="and_ln151_fu_1946">
<pin_list>
<pin id="1947" dir="0" index="0" bw="1" slack="0"/>
<pin id="1948" dir="0" index="1" bw="1" slack="0"/>
<pin id="1949" dir="1" index="2" bw="1" slack="1"/>
</pin_list>
<bind>
<opcode="and(23) " fcode="and"/>
<opset="and_ln151/89 "/>
</bind>
</comp>

<comp id="1952" class="1004" name="tmp_67_fu_1952">
<pin_list>
<pin id="1953" dir="0" index="0" bw="8" slack="0"/>
<pin id="1954" dir="0" index="1" bw="32" slack="62"/>
<pin id="1955" dir="0" index="2" bw="6" slack="0"/>
<pin id="1956" dir="0" index="3" bw="6" slack="0"/>
<pin id="1957" dir="1" index="4" bw="8" slack="0"/>
</pin_list>
<bind>
<opcode="partselect(1002) " fcode="partselect"/>
<opset="tmp_67/89 "/>
</bind>
</comp>

<comp id="1961" class="1004" name="empty_77_fu_1961">
<pin_list>
<pin id="1962" dir="0" index="0" bw="32" slack="62"/>
<pin id="1963" dir="1" index="1" bw="23" slack="0"/>
</pin_list>
<bind>
<opcode="trunc(33) " fcode="trunc"/>
<opset="empty_77/89 "/>
</bind>
</comp>

<comp id="1964" class="1004" name="notlhs178_fu_1964">
<pin_list>
<pin id="1965" dir="0" index="0" bw="8" slack="0"/>
<pin id="1966" dir="0" index="1" bw="8" slack="0"/>
<pin id="1967" dir="1" index="2" bw="1" slack="3"/>
</pin_list>
<bind>
<opcode="icmp(45) " fcode="icmp"/>
<opset="notlhs178/89 "/>
</bind>
</comp>

<comp id="1970" class="1004" name="notrhs179_fu_1970">
<pin_list>
<pin id="1971" dir="0" index="0" bw="23" slack="0"/>
<pin id="1972" dir="0" index="1" bw="23" slack="0"/>
<pin id="1973" dir="1" index="2" bw="1" slack="3"/>
</pin_list>
<bind>
<opcode="icmp(45) " fcode="icmp"/>
<opset="notrhs179/89 "/>
</bind>
</comp>

<comp id="1976" class="1004" name="bitcast_ln175_fu_1976">
<pin_list>
<pin id="1977" dir="0" index="0" bw="32" slack="55"/>
<pin id="1978" dir="1" index="1" bw="32" slack="0"/>
</pin_list>
<bind>
<opcode="bitcast(44) " fcode="bitcast"/>
<opset="bitcast_ln175/90 "/>
</bind>
</comp>

<comp id="1979" class="1004" name="tmp_69_fu_1979">
<pin_list>
<pin id="1980" dir="0" index="0" bw="8" slack="0"/>
<pin id="1981" dir="0" index="1" bw="32" slack="0"/>
<pin id="1982" dir="0" index="2" bw="6" slack="0"/>
<pin id="1983" dir="0" index="3" bw="6" slack="0"/>
<pin id="1984" dir="1" index="4" bw="8" slack="0"/>
</pin_list>
<bind>
<opcode="partselect(1002) " fcode="partselect"/>
<opset="tmp_69/90 "/>
</bind>
</comp>

<comp id="1989" class="1004" name="trunc_ln175_fu_1989">
<pin_list>
<pin id="1990" dir="0" index="0" bw="32" slack="0"/>
<pin id="1991" dir="1" index="1" bw="23" slack="0"/>
</pin_list>
<bind>
<opcode="trunc(33) " fcode="trunc"/>
<opset="trunc_ln175/90 "/>
</bind>
</comp>

<comp id="1993" class="1004" name="icmp_ln175_fu_1993">
<pin_list>
<pin id="1994" dir="0" index="0" bw="8" slack="0"/>
<pin id="1995" dir="0" index="1" bw="8" slack="0"/>
<pin id="1996" dir="1" index="2" bw="1" slack="0"/>
</pin_list>
<bind>
<opcode="icmp(45) " fcode="icmp"/>
<opset="icmp_ln175/90 "/>
</bind>
</comp>

<comp id="1999" class="1004" name="icmp_ln175_1_fu_1999">
<pin_list>
<pin id="2000" dir="0" index="0" bw="23" slack="0"/>
<pin id="2001" dir="0" index="1" bw="23" slack="0"/>
<pin id="2002" dir="1" index="2" bw="1" slack="0"/>
</pin_list>
<bind>
<opcode="icmp(45) " fcode="icmp"/>
<opset="icmp_ln175_1/90 "/>
</bind>
</comp>

<comp id="2005" class="1004" name="or_ln175_fu_2005">
<pin_list>
<pin id="2006" dir="0" index="0" bw="1" slack="0"/>
<pin id="2007" dir="0" index="1" bw="1" slack="0"/>
<pin id="2008" dir="1" index="2" bw="1" slack="0"/>
</pin_list>
<bind>
<opcode="or(24) " fcode="or"/>
<opset="or_ln175/90 "/>
</bind>
</comp>

<comp id="2011" class="1004" name="and_ln175_fu_2011">
<pin_list>
<pin id="2012" dir="0" index="0" bw="1" slack="53"/>
<pin id="2013" dir="0" index="1" bw="1" slack="0"/>
<pin id="2014" dir="1" index="2" bw="1" slack="0"/>
</pin_list>
<bind>
<opcode="and(23) " fcode="and"/>
<opset="and_ln175/90 "/>
</bind>
</comp>

<comp id="2016" class="1004" name="and_ln175_1_fu_2016">
<pin_list>
<pin id="2017" dir="0" index="0" bw="1" slack="0"/>
<pin id="2018" dir="0" index="1" bw="1" slack="0"/>
<pin id="2019" dir="1" index="2" bw="1" slack="1"/>
</pin_list>
<bind>
<opcode="and(23) " fcode="and"/>
<opset="and_ln175_1/90 "/>
</bind>
</comp>

<comp id="2022" class="1004" name="bitcast_ln175_1_fu_2022">
<pin_list>
<pin id="2023" dir="0" index="0" bw="32" slack="54"/>
<pin id="2024" dir="1" index="1" bw="32" slack="0"/>
</pin_list>
<bind>
<opcode="bitcast(44) " fcode="bitcast"/>
<opset="bitcast_ln175_1/90 "/>
</bind>
</comp>

<comp id="2025" class="1004" name="tmp_72_fu_2025">
<pin_list>
<pin id="2026" dir="0" index="0" bw="8" slack="0"/>
<pin id="2027" dir="0" index="1" bw="32" slack="0"/>
<pin id="2028" dir="0" index="2" bw="6" slack="0"/>
<pin id="2029" dir="0" index="3" bw="6" slack="0"/>
<pin id="2030" dir="1" index="4" bw="8" slack="0"/>
</pin_list>
<bind>
<opcode="partselect(1002) " fcode="partselect"/>
<opset="tmp_72/90 "/>
</bind>
</comp>

<comp id="2035" class="1004" name="trunc_ln175_1_fu_2035">
<pin_list>
<pin id="2036" dir="0" index="0" bw="32" slack="0"/>
<pin id="2037" dir="1" index="1" bw="23" slack="0"/>
</pin_list>
<bind>
<opcode="trunc(33) " fcode="trunc"/>
<opset="trunc_ln175_1/90 "/>
</bind>
</comp>

<comp id="2039" class="1004" name="icmp_ln175_2_fu_2039">
<pin_list>
<pin id="2040" dir="0" index="0" bw="8" slack="0"/>
<pin id="2041" dir="0" index="1" bw="8" slack="0"/>
<pin id="2042" dir="1" index="2" bw="1" slack="0"/>
</pin_list>
<bind>
<opcode="icmp(45) " fcode="icmp"/>
<opset="icmp_ln175_2/90 "/>
</bind>
</comp>

<comp id="2045" class="1004" name="icmp_ln175_3_fu_2045">
<pin_list>
<pin id="2046" dir="0" index="0" bw="23" slack="0"/>
<pin id="2047" dir="0" index="1" bw="23" slack="0"/>
<pin id="2048" dir="1" index="2" bw="1" slack="0"/>
</pin_list>
<bind>
<opcode="icmp(45) " fcode="icmp"/>
<opset="icmp_ln175_3/90 "/>
</bind>
</comp>

<comp id="2051" class="1004" name="or_ln175_1_fu_2051">
<pin_list>
<pin id="2052" dir="0" index="0" bw="1" slack="0"/>
<pin id="2053" dir="0" index="1" bw="1" slack="0"/>
<pin id="2054" dir="1" index="2" bw="1" slack="0"/>
</pin_list>
<bind>
<opcode="or(24) " fcode="or"/>
<opset="or_ln175_1/90 "/>
</bind>
</comp>

<comp id="2057" class="1004" name="and_ln175_2_fu_2057">
<pin_list>
<pin id="2058" dir="0" index="0" bw="1" slack="53"/>
<pin id="2059" dir="0" index="1" bw="1" slack="0"/>
<pin id="2060" dir="1" index="2" bw="1" slack="0"/>
</pin_list>
<bind>
<opcode="and(23) " fcode="and"/>
<opset="and_ln175_2/90 "/>
</bind>
</comp>

<comp id="2062" class="1004" name="and_ln175_3_fu_2062">
<pin_list>
<pin id="2063" dir="0" index="0" bw="1" slack="0"/>
<pin id="2064" dir="0" index="1" bw="1" slack="0"/>
<pin id="2065" dir="1" index="2" bw="1" slack="1"/>
</pin_list>
<bind>
<opcode="and(23) " fcode="and"/>
<opset="and_ln175_3/90 "/>
</bind>
</comp>

<comp id="2068" class="1004" name="bitcast_ln175_2_fu_2068">
<pin_list>
<pin id="2069" dir="0" index="0" bw="32" slack="52"/>
<pin id="2070" dir="1" index="1" bw="32" slack="0"/>
</pin_list>
<bind>
<opcode="bitcast(44) " fcode="bitcast"/>
<opset="bitcast_ln175_2/91 "/>
</bind>
</comp>

<comp id="2071" class="1004" name="tmp_75_fu_2071">
<pin_list>
<pin id="2072" dir="0" index="0" bw="8" slack="0"/>
<pin id="2073" dir="0" index="1" bw="32" slack="0"/>
<pin id="2074" dir="0" index="2" bw="6" slack="0"/>
<pin id="2075" dir="0" index="3" bw="6" slack="0"/>
<pin id="2076" dir="1" index="4" bw="8" slack="0"/>
</pin_list>
<bind>
<opcode="partselect(1002) " fcode="partselect"/>
<opset="tmp_75/91 "/>
</bind>
</comp>

<comp id="2081" class="1004" name="trunc_ln175_2_fu_2081">
<pin_list>
<pin id="2082" dir="0" index="0" bw="32" slack="0"/>
<pin id="2083" dir="1" index="1" bw="23" slack="0"/>
</pin_list>
<bind>
<opcode="trunc(33) " fcode="trunc"/>
<opset="trunc_ln175_2/91 "/>
</bind>
</comp>

<comp id="2085" class="1004" name="icmp_ln175_4_fu_2085">
<pin_list>
<pin id="2086" dir="0" index="0" bw="8" slack="0"/>
<pin id="2087" dir="0" index="1" bw="8" slack="0"/>
<pin id="2088" dir="1" index="2" bw="1" slack="0"/>
</pin_list>
<bind>
<opcode="icmp(45) " fcode="icmp"/>
<opset="icmp_ln175_4/91 "/>
</bind>
</comp>

<comp id="2091" class="1004" name="icmp_ln175_5_fu_2091">
<pin_list>
<pin id="2092" dir="0" index="0" bw="23" slack="0"/>
<pin id="2093" dir="0" index="1" bw="23" slack="0"/>
<pin id="2094" dir="1" index="2" bw="1" slack="0"/>
</pin_list>
<bind>
<opcode="icmp(45) " fcode="icmp"/>
<opset="icmp_ln175_5/91 "/>
</bind>
</comp>

<comp id="2097" class="1004" name="or_ln175_2_fu_2097">
<pin_list>
<pin id="2098" dir="0" index="0" bw="1" slack="0"/>
<pin id="2099" dir="0" index="1" bw="1" slack="0"/>
<pin id="2100" dir="1" index="2" bw="1" slack="0"/>
</pin_list>
<bind>
<opcode="or(24) " fcode="or"/>
<opset="or_ln175_2/91 "/>
</bind>
</comp>

<comp id="2103" class="1004" name="and_ln175_4_fu_2103">
<pin_list>
<pin id="2104" dir="0" index="0" bw="1" slack="54"/>
<pin id="2105" dir="0" index="1" bw="1" slack="0"/>
<pin id="2106" dir="1" index="2" bw="1" slack="0"/>
</pin_list>
<bind>
<opcode="and(23) " fcode="and"/>
<opset="and_ln175_4/91 "/>
</bind>
</comp>

<comp id="2108" class="1004" name="and_ln175_5_fu_2108">
<pin_list>
<pin id="2109" dir="0" index="0" bw="1" slack="0"/>
<pin id="2110" dir="0" index="1" bw="1" slack="0"/>
<pin id="2111" dir="1" index="2" bw="1" slack="1"/>
</pin_list>
<bind>
<opcode="and(23) " fcode="and"/>
<opset="and_ln175_5/91 "/>
</bind>
</comp>

<comp id="2114" class="1004" name="bitcast_ln175_3_fu_2114">
<pin_list>
<pin id="2115" dir="0" index="0" bw="32" slack="54"/>
<pin id="2116" dir="1" index="1" bw="32" slack="0"/>
</pin_list>
<bind>
<opcode="bitcast(44) " fcode="bitcast"/>
<opset="bitcast_ln175_3/91 "/>
</bind>
</comp>

<comp id="2117" class="1004" name="tmp_78_fu_2117">
<pin_list>
<pin id="2118" dir="0" index="0" bw="8" slack="0"/>
<pin id="2119" dir="0" index="1" bw="32" slack="0"/>
<pin id="2120" dir="0" index="2" bw="6" slack="0"/>
<pin id="2121" dir="0" index="3" bw="6" slack="0"/>
<pin id="2122" dir="1" index="4" bw="8" slack="0"/>
</pin_list>
<bind>
<opcode="partselect(1002) " fcode="partselect"/>
<opset="tmp_78/91 "/>
</bind>
</comp>

<comp id="2127" class="1004" name="trunc_ln175_3_fu_2127">
<pin_list>
<pin id="2128" dir="0" index="0" bw="32" slack="0"/>
<pin id="2129" dir="1" index="1" bw="23" slack="0"/>
</pin_list>
<bind>
<opcode="trunc(33) " fcode="trunc"/>
<opset="trunc_ln175_3/91 "/>
</bind>
</comp>

<comp id="2131" class="1004" name="icmp_ln175_6_fu_2131">
<pin_list>
<pin id="2132" dir="0" index="0" bw="8" slack="0"/>
<pin id="2133" dir="0" index="1" bw="8" slack="0"/>
<pin id="2134" dir="1" index="2" bw="1" slack="0"/>
</pin_list>
<bind>
<opcode="icmp(45) " fcode="icmp"/>
<opset="icmp_ln175_6/91 "/>
</bind>
</comp>

<comp id="2137" class="1004" name="icmp_ln175_7_fu_2137">
<pin_list>
<pin id="2138" dir="0" index="0" bw="23" slack="0"/>
<pin id="2139" dir="0" index="1" bw="23" slack="0"/>
<pin id="2140" dir="1" index="2" bw="1" slack="0"/>
</pin_list>
<bind>
<opcode="icmp(45) " fcode="icmp"/>
<opset="icmp_ln175_7/91 "/>
</bind>
</comp>

<comp id="2143" class="1004" name="or_ln175_3_fu_2143">
<pin_list>
<pin id="2144" dir="0" index="0" bw="1" slack="0"/>
<pin id="2145" dir="0" index="1" bw="1" slack="0"/>
<pin id="2146" dir="1" index="2" bw="1" slack="0"/>
</pin_list>
<bind>
<opcode="or(24) " fcode="or"/>
<opset="or_ln175_3/91 "/>
</bind>
</comp>

<comp id="2149" class="1004" name="and_ln175_6_fu_2149">
<pin_list>
<pin id="2150" dir="0" index="0" bw="1" slack="54"/>
<pin id="2151" dir="0" index="1" bw="1" slack="0"/>
<pin id="2152" dir="1" index="2" bw="1" slack="0"/>
</pin_list>
<bind>
<opcode="and(23) " fcode="and"/>
<opset="and_ln175_6/91 "/>
</bind>
</comp>

<comp id="2154" class="1004" name="and_ln175_7_fu_2154">
<pin_list>
<pin id="2155" dir="0" index="0" bw="1" slack="0"/>
<pin id="2156" dir="0" index="1" bw="1" slack="0"/>
<pin id="2157" dir="1" index="2" bw="1" slack="1"/>
</pin_list>
<bind>
<opcode="and(23) " fcode="and"/>
<opset="and_ln175_7/91 "/>
</bind>
</comp>

<comp id="2160" class="1004" name="empty_78_fu_2160">
<pin_list>
<pin id="2161" dir="0" index="0" bw="1" slack="3"/>
<pin id="2162" dir="0" index="1" bw="1" slack="3"/>
<pin id="2163" dir="1" index="2" bw="1" slack="0"/>
</pin_list>
<bind>
<opcode="or(24) " fcode="or"/>
<opset="empty_78/92 "/>
</bind>
</comp>

<comp id="2164" class="1004" name="empty_79_fu_2164">
<pin_list>
<pin id="2165" dir="0" index="0" bw="1" slack="55"/>
<pin id="2166" dir="0" index="1" bw="1" slack="0"/>
<pin id="2167" dir="1" index="2" bw="1" slack="0"/>
</pin_list>
<bind>
<opcode="and(23) " fcode="and"/>
<opset="empty_79/92 "/>
</bind>
</comp>

<comp id="2169" class="1004" name="empty_80_fu_2169">
<pin_list>
<pin id="2170" dir="0" index="0" bw="1" slack="0"/>
<pin id="2171" dir="0" index="1" bw="1" slack="0"/>
<pin id="2172" dir="1" index="2" bw="1" slack="16"/>
</pin_list>
<bind>
<opcode="and(23) " fcode="and"/>
<opset="empty_80/92 "/>
</bind>
</comp>

<comp id="2175" class="1004" name="p_load_load_fu_2175">
<pin_list>
<pin id="2176" dir="0" index="0" bw="416" slack="108"/>
<pin id="2177" dir="1" index="1" bw="416" slack="0"/>
</pin_list>
<bind>
<opcode="load(27) " fcode="load"/>
<opset="p_load/109 "/>
</bind>
</comp>

<comp id="2179" class="1004" name="sext_ln169_fu_2179">
<pin_list>
<pin id="2180" dir="0" index="0" bw="32" slack="0"/>
<pin id="2181" dir="1" index="1" bw="64" slack="0"/>
</pin_list>
<bind>
<opcode="sext(35) " fcode="sext"/>
<opset="sext_ln169/109 "/>
</bind>
</comp>

<comp id="2183" class="1004" name="trunc_ln_fu_2183">
<pin_list>
<pin id="2184" dir="0" index="0" bw="64" slack="0"/>
<pin id="2185" dir="0" index="1" bw="416" slack="0"/>
<pin id="2186" dir="0" index="2" bw="10" slack="0"/>
<pin id="2187" dir="0" index="3" bw="10" slack="0"/>
<pin id="2188" dir="1" index="4" bw="64" slack="0"/>
</pin_list>
<bind>
<opcode="partselect(1002) " fcode="partselect"/>
<opset="trunc_ln/109 "/>
</bind>
</comp>

<comp id="2193" class="1004" name="add_ln168_fu_2193">
<pin_list>
<pin id="2194" dir="0" index="0" bw="64" slack="0"/>
<pin id="2195" dir="0" index="1" bw="32" slack="0"/>
<pin id="2196" dir="1" index="2" bw="64" slack="0"/>
</pin_list>
<bind>
<opcode="add(8) " fcode="add"/>
<opset="add_ln168/109 "/>
</bind>
</comp>

<comp id="2199" class="1004" name="tmp_71_fu_2199">
<pin_list>
<pin id="2200" dir="0" index="0" bw="64" slack="0"/>
<pin id="2201" dir="0" index="1" bw="416" slack="0"/>
<pin id="2202" dir="0" index="2" bw="10" slack="0"/>
<pin id="2203" dir="0" index="3" bw="10" slack="0"/>
<pin id="2204" dir="1" index="4" bw="64" slack="0"/>
</pin_list>
<bind>
<opcode="partselect(1002) " fcode="partselect"/>
<opset="tmp_71/109 "/>
</bind>
</comp>

<comp id="2209" class="1004" name="trunc_ln168_fu_2209">
<pin_list>
<pin id="2210" dir="0" index="0" bw="416" slack="0"/>
<pin id="2211" dir="1" index="1" bw="288" slack="0"/>
</pin_list>
<bind>
<opcode="trunc(33) " fcode="trunc"/>
<opset="trunc_ln168/109 "/>
</bind>
</comp>

<comp id="2213" class="1004" name="or_ln2_fu_2213">
<pin_list>
<pin id="2214" dir="0" index="0" bw="416" slack="0"/>
<pin id="2215" dir="0" index="1" bw="64" slack="0"/>
<pin id="2216" dir="0" index="2" bw="64" slack="0"/>
<pin id="2217" dir="0" index="3" bw="288" slack="0"/>
<pin id="2218" dir="1" index="4" bw="416" slack="1"/>
</pin_list>
<bind>
<opcode="bitconcatenate(1004) " fcode="bitconcatenate"/>
<opset="or_ln2/109 "/>
</bind>
</comp>

<comp id="2223" class="1004" name="sext_ln169_1_fu_2223">
<pin_list>
<pin id="2224" dir="0" index="0" bw="32" slack="1"/>
<pin id="2225" dir="1" index="1" bw="64" slack="0"/>
</pin_list>
<bind>
<opcode="sext(35) " fcode="sext"/>
<opset="sext_ln169_1/110 "/>
</bind>
</comp>

<comp id="2227" class="1004" name="trunc_ln168_1_fu_2227">
<pin_list>
<pin id="2228" dir="0" index="0" bw="64" slack="0"/>
<pin id="2229" dir="0" index="1" bw="416" slack="0"/>
<pin id="2230" dir="0" index="2" bw="10" slack="0"/>
<pin id="2231" dir="0" index="3" bw="10" slack="0"/>
<pin id="2232" dir="1" index="4" bw="64" slack="0"/>
</pin_list>
<bind>
<opcode="partselect(1002) " fcode="partselect"/>
<opset="trunc_ln168_1/110 "/>
</bind>
</comp>

<comp id="2237" class="1004" name="add_ln168_1_fu_2237">
<pin_list>
<pin id="2238" dir="0" index="0" bw="64" slack="0"/>
<pin id="2239" dir="0" index="1" bw="32" slack="0"/>
<pin id="2240" dir="1" index="2" bw="64" slack="0"/>
</pin_list>
<bind>
<opcode="add(8) " fcode="add"/>
<opset="add_ln168_1/110 "/>
</bind>
</comp>

<comp id="2243" class="1004" name="tmp_74_fu_2243">
<pin_list>
<pin id="2244" dir="0" index="0" bw="64" slack="0"/>
<pin id="2245" dir="0" index="1" bw="416" slack="0"/>
<pin id="2246" dir="0" index="2" bw="10" slack="0"/>
<pin id="2247" dir="0" index="3" bw="10" slack="0"/>
<pin id="2248" dir="1" index="4" bw="64" slack="0"/>
</pin_list>
<bind>
<opcode="partselect(1002) " fcode="partselect"/>
<opset="tmp_74/110 "/>
</bind>
</comp>

<comp id="2253" class="1004" name="trunc_ln168_4_fu_2253">
<pin_list>
<pin id="2254" dir="0" index="0" bw="416" slack="0"/>
<pin id="2255" dir="1" index="1" bw="288" slack="0"/>
</pin_list>
<bind>
<opcode="trunc(33) " fcode="trunc"/>
<opset="trunc_ln168_4/110 "/>
</bind>
</comp>

<comp id="2257" class="1004" name="or_ln168_1_fu_2257">
<pin_list>
<pin id="2258" dir="0" index="0" bw="416" slack="0"/>
<pin id="2259" dir="0" index="1" bw="64" slack="0"/>
<pin id="2260" dir="0" index="2" bw="64" slack="0"/>
<pin id="2261" dir="0" index="3" bw="288" slack="0"/>
<pin id="2262" dir="1" index="4" bw="416" slack="0"/>
</pin_list>
<bind>
<opcode="bitconcatenate(1004) " fcode="bitconcatenate"/>
<opset="or_ln168_1/110 "/>
</bind>
</comp>

<comp id="2268" class="1004" name="sext_ln169_2_fu_2268">
<pin_list>
<pin id="2269" dir="0" index="0" bw="32" slack="0"/>
<pin id="2270" dir="1" index="1" bw="64" slack="0"/>
</pin_list>
<bind>
<opcode="sext(35) " fcode="sext"/>
<opset="sext_ln169_2/110 "/>
</bind>
</comp>

<comp id="2272" class="1004" name="trunc_ln168_2_fu_2272">
<pin_list>
<pin id="2273" dir="0" index="0" bw="64" slack="0"/>
<pin id="2274" dir="0" index="1" bw="416" slack="0"/>
<pin id="2275" dir="0" index="2" bw="10" slack="0"/>
<pin id="2276" dir="0" index="3" bw="10" slack="0"/>
<pin id="2277" dir="1" index="4" bw="64" slack="0"/>
</pin_list>
<bind>
<opcode="partselect(1002) " fcode="partselect"/>
<opset="trunc_ln168_2/110 "/>
</bind>
</comp>

<comp id="2282" class="1004" name="add_ln168_2_fu_2282">
<pin_list>
<pin id="2283" dir="0" index="0" bw="64" slack="0"/>
<pin id="2284" dir="0" index="1" bw="32" slack="0"/>
<pin id="2285" dir="1" index="2" bw="64" slack="1"/>
</pin_list>
<bind>
<opcode="add(8) " fcode="add"/>
<opset="add_ln168_2/110 "/>
</bind>
</comp>

<comp id="2288" class="1004" name="tmp_77_fu_2288">
<pin_list>
<pin id="2289" dir="0" index="0" bw="64" slack="0"/>
<pin id="2290" dir="0" index="1" bw="416" slack="1"/>
<pin id="2291" dir="0" index="2" bw="10" slack="0"/>
<pin id="2292" dir="0" index="3" bw="10" slack="0"/>
<pin id="2293" dir="1" index="4" bw="64" slack="0"/>
</pin_list>
<bind>
<opcode="partselect(1002) " fcode="partselect"/>
<opset="tmp_77/111 "/>
</bind>
</comp>

<comp id="2298" class="1004" name="trunc_ln168_5_fu_2298">
<pin_list>
<pin id="2299" dir="0" index="0" bw="416" slack="1"/>
<pin id="2300" dir="1" index="1" bw="288" slack="0"/>
</pin_list>
<bind>
<opcode="trunc(33) " fcode="trunc"/>
<opset="trunc_ln168_5/111 "/>
</bind>
</comp>

<comp id="2302" class="1004" name="or_ln168_2_fu_2302">
<pin_list>
<pin id="2303" dir="0" index="0" bw="416" slack="0"/>
<pin id="2304" dir="0" index="1" bw="64" slack="0"/>
<pin id="2305" dir="0" index="2" bw="64" slack="1"/>
<pin id="2306" dir="0" index="3" bw="288" slack="0"/>
<pin id="2307" dir="1" index="4" bw="416" slack="0"/>
</pin_list>
<bind>
<opcode="bitconcatenate(1004) " fcode="bitconcatenate"/>
<opset="or_ln168_2/111 "/>
</bind>
</comp>

<comp id="2312" class="1004" name="store_ln168_store_fu_2312">
<pin_list>
<pin id="2313" dir="0" index="0" bw="416" slack="0"/>
<pin id="2314" dir="0" index="1" bw="416" slack="110"/>
<pin id="2315" dir="1" index="2" bw="0" slack="2147483647"/>
</pin_list>
<bind>
<opcode="store(28) " fcode="store"/>
<opset="store_ln168/111 "/>
</bind>
</comp>

<comp id="2317" class="1004" name="store_ln168_store_fu_2317">
<pin_list>
<pin id="2318" dir="0" index="0" bw="416" slack="0"/>
<pin id="2319" dir="0" index="1" bw="416" slack="110"/>
<pin id="2320" dir="1" index="2" bw="0" slack="2147483647"/>
</pin_list>
<bind>
<opcode="store(28) " fcode="store"/>
<opset="store_ln168/111 "/>
</bind>
</comp>

<comp id="2322" class="1004" name="sext_ln169_3_fu_2322">
<pin_list>
<pin id="2323" dir="0" index="0" bw="32" slack="1"/>
<pin id="2324" dir="1" index="1" bw="64" slack="0"/>
</pin_list>
<bind>
<opcode="sext(35) " fcode="sext"/>
<opset="sext_ln169_3/111 "/>
</bind>
</comp>

<comp id="2326" class="1004" name="trunc_ln168_3_fu_2326">
<pin_list>
<pin id="2327" dir="0" index="0" bw="64" slack="0"/>
<pin id="2328" dir="0" index="1" bw="416" slack="0"/>
<pin id="2329" dir="0" index="2" bw="10" slack="0"/>
<pin id="2330" dir="0" index="3" bw="10" slack="0"/>
<pin id="2331" dir="1" index="4" bw="64" slack="0"/>
</pin_list>
<bind>
<opcode="partselect(1002) " fcode="partselect"/>
<opset="trunc_ln168_3/111 "/>
</bind>
</comp>

<comp id="2336" class="1004" name="add_ln168_3_fu_2336">
<pin_list>
<pin id="2337" dir="0" index="0" bw="64" slack="0"/>
<pin id="2338" dir="0" index="1" bw="32" slack="0"/>
<pin id="2339" dir="1" index="2" bw="64" slack="0"/>
</pin_list>
<bind>
<opcode="add(8) " fcode="add"/>
<opset="add_ln168_3/111 "/>
</bind>
</comp>

<comp id="2342" class="1004" name="tmp_80_fu_2342">
<pin_list>
<pin id="2343" dir="0" index="0" bw="64" slack="0"/>
<pin id="2344" dir="0" index="1" bw="416" slack="0"/>
<pin id="2345" dir="0" index="2" bw="10" slack="0"/>
<pin id="2346" dir="0" index="3" bw="10" slack="0"/>
<pin id="2347" dir="1" index="4" bw="64" slack="0"/>
</pin_list>
<bind>
<opcode="partselect(1002) " fcode="partselect"/>
<opset="tmp_80/111 "/>
</bind>
</comp>

<comp id="2352" class="1004" name="trunc_ln168_6_fu_2352">
<pin_list>
<pin id="2353" dir="0" index="0" bw="416" slack="0"/>
<pin id="2354" dir="1" index="1" bw="288" slack="0"/>
</pin_list>
<bind>
<opcode="trunc(33) " fcode="trunc"/>
<opset="trunc_ln168_6/111 "/>
</bind>
</comp>

<comp id="2356" class="1004" name="or_ln168_3_fu_2356">
<pin_list>
<pin id="2357" dir="0" index="0" bw="416" slack="0"/>
<pin id="2358" dir="0" index="1" bw="64" slack="0"/>
<pin id="2359" dir="0" index="2" bw="64" slack="0"/>
<pin id="2360" dir="0" index="3" bw="288" slack="0"/>
<pin id="2361" dir="1" index="4" bw="416" slack="0"/>
</pin_list>
<bind>
<opcode="bitconcatenate(1004) " fcode="bitconcatenate"/>
<opset="or_ln168_3/111 "/>
</bind>
</comp>

<comp id="2366" class="1004" name="store_ln168_store_fu_2366">
<pin_list>
<pin id="2367" dir="0" index="0" bw="416" slack="0"/>
<pin id="2368" dir="0" index="1" bw="416" slack="110"/>
<pin id="2369" dir="1" index="2" bw="0" slack="2147483647"/>
</pin_list>
<bind>
<opcode="store(28) " fcode="store"/>
<opset="store_ln168/111 "/>
</bind>
</comp>

<comp id="2371" class="1005" name="new_col_reg_2371">
<pin_list>
<pin id="2372" dir="0" index="0" bw="7" slack="0"/>
<pin id="2373" dir="1" index="1" bw="7" slack="0"/>
</pin_list>
<bind>
<opset="new_col "/>
</bind>
</comp>

<comp id="2378" class="1005" name="new_row_2_reg_2378">
<pin_list>
<pin id="2379" dir="0" index="0" bw="6" slack="0"/>
<pin id="2380" dir="1" index="1" bw="6" slack="0"/>
</pin_list>
<bind>
<opset="new_row_2 "/>
</bind>
</comp>

<comp id="2385" class="1005" name="indvar_flatten9_reg_2385">
<pin_list>
<pin id="2386" dir="0" index="0" bw="13" slack="0"/>
<pin id="2387" dir="1" index="1" bw="13" slack="0"/>
</pin_list>
<bind>
<opset="indvar_flatten9 "/>
</bind>
</comp>

<comp id="2392" class="1005" name="empty_71_reg_2392">
<pin_list>
<pin id="2393" dir="0" index="0" bw="416" slack="0"/>
<pin id="2394" dir="1" index="1" bw="416" slack="0"/>
</pin_list>
<bind>
<opset="empty_71 "/>
</bind>
</comp>

<comp id="2401" class="1005" name="icmp_ln109_reg_2401">
<pin_list>
<pin id="2402" dir="0" index="0" bw="1" slack="1"/>
<pin id="2403" dir="1" index="1" bw="1" slack="2147483647"/>
</pin_list>
<bind>
<opset="icmp_ln109 "/>
</bind>
</comp>

<comp id="2405" class="1005" name="select_ln52_reg_2405">
<pin_list>
<pin id="2406" dir="0" index="0" bw="7" slack="1"/>
<pin id="2407" dir="1" index="1" bw="7" slack="1"/>
</pin_list>
<bind>
<opset="select_ln52 "/>
</bind>
</comp>

<comp id="2413" class="1005" name="select_ln109_reg_2413">
<pin_list>
<pin id="2414" dir="0" index="0" bw="6" slack="7"/>
<pin id="2415" dir="1" index="1" bw="6" slack="7"/>
</pin_list>
<bind>
<opset="select_ln109 "/>
</bind>
</comp>

<comp id="2421" class="1005" name="mul_ln111_reg_2421">
<pin_list>
<pin id="2422" dir="0" index="0" bw="11" slack="1"/>
<pin id="2423" dir="1" index="1" bw="11" slack="1"/>
</pin_list>
<bind>
<opset="mul_ln111 "/>
</bind>
</comp>

<comp id="2428" class="1005" name="tmp_60_reg_2428">
<pin_list>
<pin id="2429" dir="0" index="0" bw="6" slack="1"/>
<pin id="2430" dir="1" index="1" bw="6" slack="1"/>
</pin_list>
<bind>
<opset="tmp_60 "/>
</bind>
</comp>

<comp id="2433" class="1005" name="zext_ln111_reg_2433">
<pin_list>
<pin id="2434" dir="0" index="0" bw="11" slack="9"/>
<pin id="2435" dir="1" index="1" bw="11" slack="9"/>
</pin_list>
<bind>
<opset="zext_ln111 "/>
</bind>
</comp>

<comp id="2439" class="1005" name="water_level_addr_reg_2439">
<pin_list>
<pin id="2440" dir="0" index="0" bw="11" slack="1"/>
<pin id="2441" dir="1" index="1" bw="11" slack="1"/>
</pin_list>
<bind>
<opset="water_level_addr "/>
</bind>
</comp>

<comp id="2444" class="1005" name="water_level_1_addr_reg_2444">
<pin_list>
<pin id="2445" dir="0" index="0" bw="11" slack="1"/>
<pin id="2446" dir="1" index="1" bw="11" slack="1"/>
</pin_list>
<bind>
<opset="water_level_1_addr "/>
</bind>
</comp>

<comp id="2449" class="1005" name="water_level_2_addr_reg_2449">
<pin_list>
<pin id="2450" dir="0" index="0" bw="11" slack="1"/>
<pin id="2451" dir="1" index="1" bw="11" slack="1"/>
</pin_list>
<bind>
<opset="water_level_2_addr "/>
</bind>
</comp>

<comp id="2454" class="1005" name="water_level_load_reg_2454">
<pin_list>
<pin id="2455" dir="0" index="0" bw="32" slack="8"/>
<pin id="2456" dir="1" index="1" bw="32" slack="8"/>
</pin_list>
<bind>
<opset="water_level_load "/>
</bind>
</comp>

<comp id="2459" class="1005" name="water_level_1_load_reg_2459">
<pin_list>
<pin id="2460" dir="0" index="0" bw="32" slack="8"/>
<pin id="2461" dir="1" index="1" bw="32" slack="8"/>
</pin_list>
<bind>
<opset="water_level_1_load "/>
</bind>
</comp>

<comp id="2464" class="1005" name="water_level_2_load_reg_2464">
<pin_list>
<pin id="2465" dir="0" index="0" bw="32" slack="8"/>
<pin id="2466" dir="1" index="1" bw="32" slack="8"/>
</pin_list>
<bind>
<opset="water_level_2_load "/>
</bind>
</comp>

<comp id="2469" class="1005" name="new_row_reg_2469">
<pin_list>
<pin id="2470" dir="0" index="0" bw="7" slack="18"/>
<pin id="2471" dir="1" index="1" bw="7" slack="18"/>
</pin_list>
<bind>
<opset="new_row "/>
</bind>
</comp>

<comp id="2476" class="1005" name="mul_ln134_1_reg_2476">
<pin_list>
<pin id="2477" dir="0" index="0" bw="11" slack="3"/>
<pin id="2478" dir="1" index="1" bw="11" slack="3"/>
</pin_list>
<bind>
<opset="mul_ln134_1 "/>
</bind>
</comp>

<comp id="2481" class="1005" name="new_row_1_reg_2481">
<pin_list>
<pin id="2482" dir="0" index="0" bw="6" slack="15"/>
<pin id="2483" dir="1" index="1" bw="6" slack="15"/>
</pin_list>
<bind>
<opset="new_row_1 "/>
</bind>
</comp>

<comp id="2488" class="1005" name="trunc_ln52_reg_2488">
<pin_list>
<pin id="2489" dir="0" index="0" bw="2" slack="1"/>
<pin id="2490" dir="1" index="1" bw="2" slack="1"/>
</pin_list>
<bind>
<opset="trunc_ln52 "/>
</bind>
</comp>

<comp id="2496" class="1005" name="tmp_s_reg_2496">
<pin_list>
<pin id="2497" dir="0" index="0" bw="32" slack="1"/>
<pin id="2498" dir="1" index="1" bw="32" slack="1"/>
</pin_list>
<bind>
<opset="tmp_s "/>
</bind>
</comp>

<comp id="2501" class="1005" name="icmp_ln111_reg_2501">
<pin_list>
<pin id="2502" dir="0" index="0" bw="1" slack="1"/>
<pin id="2503" dir="1" index="1" bw="1" slack="2147483647"/>
</pin_list>
<bind>
<opset="icmp_ln111 "/>
</bind>
</comp>

<comp id="2505" class="1005" name="water_level_addr_1_reg_2505">
<pin_list>
<pin id="2506" dir="0" index="0" bw="11" slack="1"/>
<pin id="2507" dir="1" index="1" bw="11" slack="1"/>
</pin_list>
<bind>
<opset="water_level_addr_1 "/>
</bind>
</comp>

<comp id="2510" class="1005" name="add_ln134_1_reg_2510">
<pin_list>
<pin id="2511" dir="0" index="0" bw="11" slack="1"/>
<pin id="2512" dir="1" index="1" bw="11" slack="1"/>
</pin_list>
<bind>
<opset="add_ln134_1 "/>
</bind>
</comp>

<comp id="2515" class="1005" name="water_level_1_addr_1_reg_2515">
<pin_list>
<pin id="2516" dir="0" index="0" bw="11" slack="1"/>
<pin id="2517" dir="1" index="1" bw="11" slack="1"/>
</pin_list>
<bind>
<opset="water_level_1_addr_1 "/>
</bind>
</comp>

<comp id="2520" class="1005" name="water_level_2_addr_1_reg_2520">
<pin_list>
<pin id="2521" dir="0" index="0" bw="11" slack="1"/>
<pin id="2522" dir="1" index="1" bw="11" slack="1"/>
</pin_list>
<bind>
<opset="water_level_2_addr_1 "/>
</bind>
</comp>

<comp id="2525" class="1005" name="new_col_1_reg_2525">
<pin_list>
<pin id="2526" dir="0" index="0" bw="8" slack="1"/>
<pin id="2527" dir="1" index="1" bw="8" slack="1"/>
</pin_list>
<bind>
<opset="new_col_1 "/>
</bind>
</comp>

<comp id="2532" class="1005" name="water_level_addr_2_reg_2532">
<pin_list>
<pin id="2533" dir="0" index="0" bw="11" slack="1"/>
<pin id="2534" dir="1" index="1" bw="11" slack="1"/>
</pin_list>
<bind>
<opset="water_level_addr_2 "/>
</bind>
</comp>

<comp id="2537" class="1005" name="water_level_1_addr_2_reg_2537">
<pin_list>
<pin id="2538" dir="0" index="0" bw="11" slack="1"/>
<pin id="2539" dir="1" index="1" bw="11" slack="1"/>
</pin_list>
<bind>
<opset="water_level_1_addr_2 "/>
</bind>
</comp>

<comp id="2542" class="1005" name="water_level_2_addr_2_reg_2542">
<pin_list>
<pin id="2543" dir="0" index="0" bw="11" slack="1"/>
<pin id="2544" dir="1" index="1" bw="11" slack="1"/>
</pin_list>
<bind>
<opset="water_level_2_addr_2 "/>
</bind>
</comp>

<comp id="2547" class="1005" name="tmp_4_reg_2547">
<pin_list>
<pin id="2548" dir="0" index="0" bw="32" slack="1"/>
<pin id="2549" dir="1" index="1" bw="32" slack="1"/>
</pin_list>
<bind>
<opset="tmp_4 "/>
</bind>
</comp>

<comp id="2552" class="1005" name="zext_ln72_reg_2552">
<pin_list>
<pin id="2553" dir="0" index="0" bw="65" slack="1"/>
<pin id="2554" dir="1" index="1" bw="65" slack="1"/>
</pin_list>
<bind>
<opset="zext_ln72 "/>
</bind>
</comp>

<comp id="2557" class="1005" name="new_col_2_reg_2557">
<pin_list>
<pin id="2558" dir="0" index="0" bw="7" slack="16"/>
<pin id="2559" dir="1" index="1" bw="7" slack="16"/>
</pin_list>
<bind>
<opset="new_col_2 "/>
</bind>
</comp>

<comp id="2563" class="1005" name="tmp_66_reg_2563">
<pin_list>
<pin id="2564" dir="0" index="0" bw="6" slack="1"/>
<pin id="2565" dir="1" index="1" bw="6" slack="1"/>
</pin_list>
<bind>
<opset="tmp_66 "/>
</bind>
</comp>

<comp id="2568" class="1005" name="tmp_5_reg_2568">
<pin_list>
<pin id="2569" dir="0" index="0" bw="32" slack="1"/>
<pin id="2570" dir="1" index="1" bw="32" slack="1"/>
</pin_list>
<bind>
<opset="tmp_5 "/>
</bind>
</comp>

<comp id="2573" class="1005" name="udiv_ln1_cast_reg_2573">
<pin_list>
<pin id="2574" dir="0" index="0" bw="11" slack="1"/>
<pin id="2575" dir="1" index="1" bw="11" slack="1"/>
</pin_list>
<bind>
<opset="udiv_ln1_cast "/>
</bind>
</comp>

<comp id="2578" class="1005" name="water_level_addr_4_reg_2578">
<pin_list>
<pin id="2579" dir="0" index="0" bw="11" slack="1"/>
<pin id="2580" dir="1" index="1" bw="11" slack="1"/>
</pin_list>
<bind>
<opset="water_level_addr_4 "/>
</bind>
</comp>

<comp id="2583" class="1005" name="water_level_1_addr_4_reg_2583">
<pin_list>
<pin id="2584" dir="0" index="0" bw="11" slack="1"/>
<pin id="2585" dir="1" index="1" bw="11" slack="1"/>
</pin_list>
<bind>
<opset="water_level_1_addr_4 "/>
</bind>
</comp>

<comp id="2588" class="1005" name="water_level_2_addr_4_reg_2588">
<pin_list>
<pin id="2589" dir="0" index="0" bw="11" slack="1"/>
<pin id="2590" dir="1" index="1" bw="11" slack="1"/>
</pin_list>
<bind>
<opset="water_level_2_addr_4 "/>
</bind>
</comp>

<comp id="2593" class="1005" name="add_ln134_4_reg_2593">
<pin_list>
<pin id="2594" dir="0" index="0" bw="11" slack="1"/>
<pin id="2595" dir="1" index="1" bw="11" slack="1"/>
</pin_list>
<bind>
<opset="add_ln134_4 "/>
</bind>
</comp>

<comp id="2598" class="1005" name="tmp_11_reg_2598">
<pin_list>
<pin id="2599" dir="0" index="0" bw="32" slack="1"/>
<pin id="2600" dir="1" index="1" bw="32" slack="1"/>
</pin_list>
<bind>
<opset="tmp_11 "/>
</bind>
</comp>

<comp id="2603" class="1005" name="conv3_reg_2603">
<pin_list>
<pin id="2604" dir="0" index="0" bw="32" slack="1"/>
<pin id="2605" dir="1" index="1" bw="32" slack="1"/>
</pin_list>
<bind>
<opset="conv3 "/>
</bind>
</comp>

<comp id="2608" class="1005" name="water_level_addr_3_reg_2608">
<pin_list>
<pin id="2609" dir="0" index="0" bw="11" slack="1"/>
<pin id="2610" dir="1" index="1" bw="11" slack="1"/>
</pin_list>
<bind>
<opset="water_level_addr_3 "/>
</bind>
</comp>

<comp id="2613" class="1005" name="water_level_1_addr_3_reg_2613">
<pin_list>
<pin id="2614" dir="0" index="0" bw="11" slack="1"/>
<pin id="2615" dir="1" index="1" bw="11" slack="1"/>
</pin_list>
<bind>
<opset="water_level_1_addr_3 "/>
</bind>
</comp>

<comp id="2618" class="1005" name="water_level_2_addr_3_reg_2618">
<pin_list>
<pin id="2619" dir="0" index="0" bw="11" slack="1"/>
<pin id="2620" dir="1" index="1" bw="11" slack="1"/>
</pin_list>
<bind>
<opset="water_level_2_addr_3 "/>
</bind>
</comp>

<comp id="2623" class="1005" name="conv4_reg_2623">
<pin_list>
<pin id="2624" dir="0" index="0" bw="32" slack="1"/>
<pin id="2625" dir="1" index="1" bw="32" slack="1"/>
</pin_list>
<bind>
<opset="conv4 "/>
</bind>
</comp>

<comp id="2628" class="1005" name="tmp_6_reg_2628">
<pin_list>
<pin id="2629" dir="0" index="0" bw="32" slack="1"/>
<pin id="2630" dir="1" index="1" bw="32" slack="1"/>
</pin_list>
<bind>
<opset="tmp_6 "/>
</bind>
</comp>

<comp id="2633" class="1005" name="conv300_1_reg_2633">
<pin_list>
<pin id="2634" dir="0" index="0" bw="32" slack="1"/>
<pin id="2635" dir="1" index="1" bw="32" slack="1"/>
</pin_list>
<bind>
<opset="conv300_1 "/>
</bind>
</comp>

<comp id="2638" class="1005" name="conv300_3_reg_2638">
<pin_list>
<pin id="2639" dir="0" index="0" bw="32" slack="1"/>
<pin id="2640" dir="1" index="1" bw="32" slack="1"/>
</pin_list>
<bind>
<opset="conv300_3 "/>
</bind>
</comp>

<comp id="2643" class="1005" name="conv300_2_reg_2643">
<pin_list>
<pin id="2644" dir="0" index="0" bw="32" slack="1"/>
<pin id="2645" dir="1" index="1" bw="32" slack="1"/>
</pin_list>
<bind>
<opset="conv300_2 "/>
</bind>
</comp>

<comp id="2648" class="1005" name="add_ln117_1_reg_2648">
<pin_list>
<pin id="2649" dir="0" index="0" bw="13" slack="2"/>
<pin id="2650" dir="1" index="1" bw="13" slack="2"/>
</pin_list>
<bind>
<opset="add_ln117_1 "/>
</bind>
</comp>

<comp id="2654" class="1005" name="empty_72_reg_2654">
<pin_list>
<pin id="2655" dir="0" index="0" bw="1" slack="10"/>
<pin id="2656" dir="1" index="1" bw="1" slack="10"/>
</pin_list>
<bind>
<opset="empty_72 "/>
</bind>
</comp>

<comp id="2659" class="1005" name="empty_73_reg_2659">
<pin_list>
<pin id="2660" dir="0" index="0" bw="1" slack="11"/>
<pin id="2661" dir="1" index="1" bw="1" slack="11"/>
</pin_list>
<bind>
<opset="empty_73 "/>
</bind>
</comp>

<comp id="2664" class="1005" name="p_ground_addr_reg_2664">
<pin_list>
<pin id="2665" dir="0" index="0" bw="13" slack="1"/>
<pin id="2666" dir="1" index="1" bw="13" slack="1"/>
</pin_list>
<bind>
<opset="p_ground_addr "/>
</bind>
</comp>

<comp id="2669" class="1005" name="spillage_flag_addr_reg_2669">
<pin_list>
<pin id="2670" dir="0" index="0" bw="13" slack="64"/>
<pin id="2671" dir="1" index="1" bw="13" slack="64"/>
</pin_list>
<bind>
<opset="spillage_flag_addr "/>
</bind>
</comp>

<comp id="2674" class="1005" name="spillage_level_addr_reg_2674">
<pin_list>
<pin id="2675" dir="0" index="0" bw="13" slack="64"/>
<pin id="2676" dir="1" index="1" bw="13" slack="64"/>
</pin_list>
<bind>
<opset="spillage_level_addr "/>
</bind>
</comp>

<comp id="2679" class="1005" name="p_ground_addr_1_reg_2679">
<pin_list>
<pin id="2680" dir="0" index="0" bw="13" slack="1"/>
<pin id="2681" dir="1" index="1" bw="13" slack="1"/>
</pin_list>
<bind>
<opset="p_ground_addr_1 "/>
</bind>
</comp>

<comp id="2684" class="1005" name="add_ln134_3_reg_2684">
<pin_list>
<pin id="2685" dir="0" index="0" bw="13" slack="1"/>
<pin id="2686" dir="1" index="1" bw="13" slack="1"/>
</pin_list>
<bind>
<opset="add_ln134_3 "/>
</bind>
</comp>

<comp id="2689" class="1005" name="spillage_from_neigh_addr_reg_2689">
<pin_list>
<pin id="2690" dir="0" index="0" bw="13" slack="75"/>
<pin id="2691" dir="1" index="1" bw="13" slack="75"/>
</pin_list>
<bind>
<opset="spillage_from_neigh_addr "/>
</bind>
</comp>

<comp id="2694" class="1005" name="p_ground_load_reg_2694">
<pin_list>
<pin id="2695" dir="0" index="0" bw="32" slack="1"/>
<pin id="2696" dir="1" index="1" bw="32" slack="1"/>
</pin_list>
<bind>
<opset="p_ground_load "/>
</bind>
</comp>

<comp id="2701" class="1005" name="div9_reg_2701">
<pin_list>
<pin id="2702" dir="0" index="0" bw="32" slack="1"/>
<pin id="2703" dir="1" index="1" bw="32" slack="1"/>
</pin_list>
<bind>
<opset="div9 "/>
</bind>
</comp>

<comp id="2709" class="1005" name="p_ground_addr_2_reg_2709">
<pin_list>
<pin id="2710" dir="0" index="0" bw="13" slack="1"/>
<pin id="2711" dir="1" index="1" bw="13" slack="1"/>
</pin_list>
<bind>
<opset="p_ground_addr_2 "/>
</bind>
</comp>

<comp id="2714" class="1005" name="spillage_from_neigh_1_addr_reg_2714">
<pin_list>
<pin id="2715" dir="0" index="0" bw="13" slack="74"/>
<pin id="2716" dir="1" index="1" bw="13" slack="74"/>
</pin_list>
<bind>
<opset="spillage_from_neigh_1_addr "/>
</bind>
</comp>

<comp id="2719" class="1005" name="p_ground_load_1_reg_2719">
<pin_list>
<pin id="2720" dir="0" index="0" bw="32" slack="2"/>
<pin id="2721" dir="1" index="1" bw="32" slack="2"/>
</pin_list>
<bind>
<opset="p_ground_load_1 "/>
</bind>
</comp>

<comp id="2724" class="1005" name="neighbor_height_8_reg_2724">
<pin_list>
<pin id="2725" dir="0" index="0" bw="32" slack="1"/>
<pin id="2726" dir="1" index="1" bw="32" slack="1"/>
</pin_list>
<bind>
<opset="neighbor_height_8 "/>
</bind>
</comp>

<comp id="2735" class="1005" name="div4_reg_2735">
<pin_list>
<pin id="2736" dir="0" index="0" bw="32" slack="1"/>
<pin id="2737" dir="1" index="1" bw="32" slack="1"/>
</pin_list>
<bind>
<opset="div4 "/>
</bind>
</comp>

<comp id="2740" class="1005" name="p_ground_load_2_reg_2740">
<pin_list>
<pin id="2741" dir="0" index="0" bw="32" slack="2"/>
<pin id="2742" dir="1" index="1" bw="32" slack="2"/>
</pin_list>
<bind>
<opset="p_ground_load_2 "/>
</bind>
</comp>

<comp id="2745" class="1005" name="p_ground_addr_4_reg_2745">
<pin_list>
<pin id="2746" dir="0" index="0" bw="13" slack="1"/>
<pin id="2747" dir="1" index="1" bw="13" slack="1"/>
</pin_list>
<bind>
<opset="p_ground_addr_4 "/>
</bind>
</comp>

<comp id="2750" class="1005" name="spillage_from_neigh_3_addr_reg_2750">
<pin_list>
<pin id="2751" dir="0" index="0" bw="13" slack="75"/>
<pin id="2752" dir="1" index="1" bw="13" slack="75"/>
</pin_list>
<bind>
<opset="spillage_from_neigh_3_addr "/>
</bind>
</comp>

<comp id="2755" class="1005" name="bitcast_ln134_reg_2755">
<pin_list>
<pin id="2756" dir="0" index="0" bw="32" slack="1"/>
<pin id="2757" dir="1" index="1" bw="32" slack="1"/>
</pin_list>
<bind>
<opset="bitcast_ln134 "/>
</bind>
</comp>

<comp id="2760" class="1005" name="div301_1_reg_2760">
<pin_list>
<pin id="2761" dir="0" index="0" bw="32" slack="1"/>
<pin id="2762" dir="1" index="1" bw="32" slack="1"/>
</pin_list>
<bind>
<opset="div301_1 "/>
</bind>
</comp>

<comp id="2765" class="1005" name="p_ground_load_4_reg_2765">
<pin_list>
<pin id="2766" dir="0" index="0" bw="32" slack="2"/>
<pin id="2767" dir="1" index="1" bw="32" slack="2"/>
</pin_list>
<bind>
<opset="p_ground_load_4 "/>
</bind>
</comp>

<comp id="2770" class="1005" name="bitcast_ln134_1_reg_2770">
<pin_list>
<pin id="2771" dir="0" index="0" bw="32" slack="1"/>
<pin id="2772" dir="1" index="1" bw="32" slack="1"/>
</pin_list>
<bind>
<opset="bitcast_ln134_1 "/>
</bind>
</comp>

<comp id="2775" class="1005" name="p_ground_addr_3_reg_2775">
<pin_list>
<pin id="2776" dir="0" index="0" bw="13" slack="1"/>
<pin id="2777" dir="1" index="1" bw="13" slack="1"/>
</pin_list>
<bind>
<opset="p_ground_addr_3 "/>
</bind>
</comp>

<comp id="2780" class="1005" name="spillage_from_neigh_2_addr_reg_2780">
<pin_list>
<pin id="2781" dir="0" index="0" bw="13" slack="73"/>
<pin id="2782" dir="1" index="1" bw="13" slack="73"/>
</pin_list>
<bind>
<opset="spillage_from_neigh_2_addr "/>
</bind>
</comp>

<comp id="2785" class="1005" name="div301_3_reg_2785">
<pin_list>
<pin id="2786" dir="0" index="0" bw="32" slack="1"/>
<pin id="2787" dir="1" index="1" bw="32" slack="1"/>
</pin_list>
<bind>
<opset="div301_3 "/>
</bind>
</comp>

<comp id="2790" class="1005" name="p_ground_load_3_reg_2790">
<pin_list>
<pin id="2791" dir="0" index="0" bw="32" slack="2"/>
<pin id="2792" dir="1" index="1" bw="32" slack="2"/>
</pin_list>
<bind>
<opset="p_ground_load_3 "/>
</bind>
</comp>

<comp id="2795" class="1005" name="bitcast_ln134_3_reg_2795">
<pin_list>
<pin id="2796" dir="0" index="0" bw="32" slack="1"/>
<pin id="2797" dir="1" index="1" bw="32" slack="1"/>
</pin_list>
<bind>
<opset="bitcast_ln134_3 "/>
</bind>
</comp>

<comp id="2800" class="1005" name="div301_2_reg_2800">
<pin_list>
<pin id="2801" dir="0" index="0" bw="32" slack="1"/>
<pin id="2802" dir="1" index="1" bw="32" slack="1"/>
</pin_list>
<bind>
<opset="div301_2 "/>
</bind>
</comp>

<comp id="2805" class="1005" name="bitcast_ln134_2_reg_2805">
<pin_list>
<pin id="2806" dir="0" index="0" bw="32" slack="1"/>
<pin id="2807" dir="1" index="1" bw="32" slack="1"/>
</pin_list>
<bind>
<opset="bitcast_ln134_2 "/>
</bind>
</comp>

<comp id="2810" class="1005" name="current_height_reg_2810">
<pin_list>
<pin id="2811" dir="0" index="0" bw="32" slack="2"/>
<pin id="2812" dir="1" index="1" bw="32" slack="2"/>
</pin_list>
<bind>
<opset="current_height "/>
</bind>
</comp>

<comp id="2824" class="1005" name="neighbor_height_reg_2824">
<pin_list>
<pin id="2825" dir="0" index="0" bw="32" slack="1"/>
<pin id="2826" dir="1" index="1" bw="32" slack="1"/>
</pin_list>
<bind>
<opset="neighbor_height "/>
</bind>
</comp>

<comp id="2832" class="1005" name="neighbor_height_1_reg_2832">
<pin_list>
<pin id="2833" dir="0" index="0" bw="32" slack="1"/>
<pin id="2834" dir="1" index="1" bw="32" slack="1"/>
</pin_list>
<bind>
<opset="neighbor_height_1 "/>
</bind>
</comp>

<comp id="2838" class="1005" name="icmp_ln139_2_reg_2838">
<pin_list>
<pin id="2839" dir="0" index="0" bw="1" slack="1"/>
<pin id="2840" dir="1" index="1" bw="1" slack="1"/>
</pin_list>
<bind>
<opset="icmp_ln139_2 "/>
</bind>
</comp>

<comp id="2843" class="1005" name="icmp_ln139_3_reg_2843">
<pin_list>
<pin id="2844" dir="0" index="0" bw="1" slack="1"/>
<pin id="2845" dir="1" index="1" bw="1" slack="1"/>
</pin_list>
<bind>
<opset="icmp_ln139_3 "/>
</bind>
</comp>

<comp id="2848" class="1005" name="neighbor_height_2_reg_2848">
<pin_list>
<pin id="2849" dir="0" index="0" bw="32" slack="1"/>
<pin id="2850" dir="1" index="1" bw="32" slack="1"/>
</pin_list>
<bind>
<opset="neighbor_height_2 "/>
</bind>
</comp>

<comp id="2856" class="1005" name="or_ln139_reg_2856">
<pin_list>
<pin id="2857" dir="0" index="0" bw="1" slack="1"/>
<pin id="2858" dir="1" index="1" bw="1" slack="1"/>
</pin_list>
<bind>
<opset="or_ln139 "/>
</bind>
</comp>

<comp id="2868" class="1005" name="and_ln139_1_reg_2868">
<pin_list>
<pin id="2869" dir="0" index="0" bw="1" slack="6"/>
<pin id="2870" dir="1" index="1" bw="1" slack="7"/>
</pin_list>
<bind>
<opset="and_ln139_1 "/>
</bind>
</comp>

<comp id="2874" class="1005" name="neighbor_height_3_reg_2874">
<pin_list>
<pin id="2875" dir="0" index="0" bw="32" slack="1"/>
<pin id="2876" dir="1" index="1" bw="32" slack="1"/>
</pin_list>
<bind>
<opset="neighbor_height_3 "/>
</bind>
</comp>

<comp id="2880" class="1005" name="icmp_ln139_4_reg_2880">
<pin_list>
<pin id="2881" dir="0" index="0" bw="1" slack="1"/>
<pin id="2882" dir="1" index="1" bw="1" slack="1"/>
</pin_list>
<bind>
<opset="icmp_ln139_4 "/>
</bind>
</comp>

<comp id="2885" class="1005" name="icmp_ln139_5_reg_2885">
<pin_list>
<pin id="2886" dir="0" index="0" bw="1" slack="1"/>
<pin id="2887" dir="1" index="1" bw="1" slack="1"/>
</pin_list>
<bind>
<opset="icmp_ln139_5 "/>
</bind>
</comp>

<comp id="2890" class="1005" name="icmp_ln128_1_reg_2890">
<pin_list>
<pin id="2891" dir="0" index="0" bw="1" slack="1"/>
<pin id="2892" dir="1" index="1" bw="1" slack="1"/>
</pin_list>
<bind>
<opset="icmp_ln128_1 "/>
</bind>
</comp>

<comp id="2895" class="1005" name="neighbor_height_6_reg_2895">
<pin_list>
<pin id="2896" dir="0" index="0" bw="32" slack="1"/>
<pin id="2897" dir="1" index="1" bw="32" slack="1"/>
</pin_list>
<bind>
<opset="neighbor_height_6 "/>
</bind>
</comp>

<comp id="2903" class="1005" name="and_ln139_3_reg_2903">
<pin_list>
<pin id="2904" dir="0" index="0" bw="1" slack="7"/>
<pin id="2905" dir="1" index="1" bw="1" slack="8"/>
</pin_list>
<bind>
<opset="and_ln139_3 "/>
</bind>
</comp>

<comp id="2909" class="1005" name="neighbor_height_7_reg_2909">
<pin_list>
<pin id="2910" dir="0" index="0" bw="32" slack="1"/>
<pin id="2911" dir="1" index="1" bw="32" slack="1"/>
</pin_list>
<bind>
<opset="neighbor_height_7 "/>
</bind>
</comp>

<comp id="2915" class="1005" name="icmp_ln139_8_reg_2915">
<pin_list>
<pin id="2916" dir="0" index="0" bw="1" slack="1"/>
<pin id="2917" dir="1" index="1" bw="1" slack="1"/>
</pin_list>
<bind>
<opset="icmp_ln139_8 "/>
</bind>
</comp>

<comp id="2920" class="1005" name="icmp_ln139_9_reg_2920">
<pin_list>
<pin id="2921" dir="0" index="0" bw="1" slack="1"/>
<pin id="2922" dir="1" index="1" bw="1" slack="1"/>
</pin_list>
<bind>
<opset="icmp_ln139_9 "/>
</bind>
</comp>

<comp id="2925" class="1005" name="icmp_ln128_reg_2925">
<pin_list>
<pin id="2926" dir="0" index="0" bw="1" slack="1"/>
<pin id="2927" dir="1" index="1" bw="1" slack="1"/>
</pin_list>
<bind>
<opset="icmp_ln128 "/>
</bind>
</comp>

<comp id="2930" class="1005" name="neighbor_height_4_reg_2930">
<pin_list>
<pin id="2931" dir="0" index="0" bw="32" slack="1"/>
<pin id="2932" dir="1" index="1" bw="32" slack="1"/>
</pin_list>
<bind>
<opset="neighbor_height_4 "/>
</bind>
</comp>

<comp id="2938" class="1005" name="and_ln139_7_reg_2938">
<pin_list>
<pin id="2939" dir="0" index="0" bw="1" slack="10"/>
<pin id="2940" dir="1" index="1" bw="1" slack="11"/>
</pin_list>
<bind>
<opset="and_ln139_7 "/>
</bind>
</comp>

<comp id="2944" class="1005" name="neighbor_height_5_reg_2944">
<pin_list>
<pin id="2945" dir="0" index="0" bw="32" slack="1"/>
<pin id="2946" dir="1" index="1" bw="32" slack="1"/>
</pin_list>
<bind>
<opset="neighbor_height_5 "/>
</bind>
</comp>

<comp id="2950" class="1005" name="icmp_ln139_6_reg_2950">
<pin_list>
<pin id="2951" dir="0" index="0" bw="1" slack="1"/>
<pin id="2952" dir="1" index="1" bw="1" slack="1"/>
</pin_list>
<bind>
<opset="icmp_ln139_6 "/>
</bind>
</comp>

<comp id="2955" class="1005" name="icmp_ln139_7_reg_2955">
<pin_list>
<pin id="2956" dir="0" index="0" bw="1" slack="1"/>
<pin id="2957" dir="1" index="1" bw="1" slack="1"/>
</pin_list>
<bind>
<opset="icmp_ln139_7 "/>
</bind>
</comp>

<comp id="2960" class="1005" name="and_ln139_5_reg_2960">
<pin_list>
<pin id="2961" dir="0" index="0" bw="1" slack="6"/>
<pin id="2962" dir="1" index="1" bw="1" slack="7"/>
</pin_list>
<bind>
<opset="and_ln139_5 "/>
</bind>
</comp>

<comp id="2966" class="1005" name="height_diff_reg_2966">
<pin_list>
<pin id="2967" dir="0" index="0" bw="32" slack="1"/>
<pin id="2968" dir="1" index="1" bw="32" slack="1"/>
</pin_list>
<bind>
<opset="height_diff "/>
</bind>
</comp>

<comp id="2974" class="1005" name="height_diff_1_reg_2974">
<pin_list>
<pin id="2975" dir="0" index="0" bw="32" slack="2"/>
<pin id="2976" dir="1" index="1" bw="32" slack="2"/>
</pin_list>
<bind>
<opset="height_diff_1 "/>
</bind>
</comp>

<comp id="2982" class="1005" name="my_spillage_level_1_reg_2982">
<pin_list>
<pin id="2983" dir="0" index="0" bw="32" slack="1"/>
<pin id="2984" dir="1" index="1" bw="32" slack="1"/>
</pin_list>
<bind>
<opset="my_spillage_level_1 "/>
</bind>
</comp>

<comp id="2990" class="1005" name="height_diff_3_reg_2990">
<pin_list>
<pin id="2991" dir="0" index="0" bw="32" slack="5"/>
<pin id="2992" dir="1" index="1" bw="32" slack="5"/>
</pin_list>
<bind>
<opset="height_diff_3 "/>
</bind>
</comp>

<comp id="2998" class="1005" name="my_spillage_level_3_reg_2998">
<pin_list>
<pin id="2999" dir="0" index="0" bw="32" slack="1"/>
<pin id="3000" dir="1" index="1" bw="32" slack="1"/>
</pin_list>
<bind>
<opset="my_spillage_level_3 "/>
</bind>
</comp>

<comp id="3006" class="1005" name="height_diff_2_reg_3006">
<pin_list>
<pin id="3007" dir="0" index="0" bw="32" slack="1"/>
<pin id="3008" dir="1" index="1" bw="32" slack="1"/>
</pin_list>
<bind>
<opset="height_diff_2 "/>
</bind>
</comp>

<comp id="3014" class="1005" name="my_spillage_level_5_reg_3014">
<pin_list>
<pin id="3015" dir="0" index="0" bw="32" slack="1"/>
<pin id="3016" dir="1" index="1" bw="32" slack="1"/>
</pin_list>
<bind>
<opset="my_spillage_level_5 "/>
</bind>
</comp>

<comp id="3022" class="1005" name="sum_diff_1_reg_3022">
<pin_list>
<pin id="3023" dir="0" index="0" bw="32" slack="1"/>
<pin id="3024" dir="1" index="1" bw="32" slack="1"/>
</pin_list>
<bind>
<opset="sum_diff_1 "/>
</bind>
</comp>

<comp id="3028" class="1005" name="my_spillage_level_7_reg_3028">
<pin_list>
<pin id="3029" dir="0" index="0" bw="32" slack="1"/>
<pin id="3030" dir="1" index="1" bw="32" slack="1"/>
</pin_list>
<bind>
<opset="my_spillage_level_7 "/>
</bind>
</comp>

<comp id="3035" class="1005" name="my_spillage_level_8_reg_3035">
<pin_list>
<pin id="3036" dir="0" index="0" bw="32" slack="22"/>
<pin id="3037" dir="1" index="1" bw="32" slack="22"/>
</pin_list>
<bind>
<opset="my_spillage_level_8 "/>
</bind>
</comp>

<comp id="3041" class="1005" name="sum_diff_3_reg_3041">
<pin_list>
<pin id="3042" dir="0" index="0" bw="32" slack="1"/>
<pin id="3043" dir="1" index="1" bw="32" slack="1"/>
</pin_list>
<bind>
<opset="sum_diff_3 "/>
</bind>
</comp>

<comp id="3047" class="1005" name="sum_diff_5_reg_3047">
<pin_list>
<pin id="3048" dir="0" index="0" bw="32" slack="1"/>
<pin id="3049" dir="1" index="1" bw="32" slack="1"/>
</pin_list>
<bind>
<opset="sum_diff_5 "/>
</bind>
</comp>

<comp id="3053" class="1005" name="sum_diff_7_reg_3053">
<pin_list>
<pin id="3054" dir="0" index="0" bw="32" slack="1"/>
<pin id="3055" dir="1" index="1" bw="32" slack="1"/>
</pin_list>
<bind>
<opset="sum_diff_7 "/>
</bind>
</comp>

<comp id="3060" class="1005" name="and_ln148_reg_3060">
<pin_list>
<pin id="3061" dir="0" index="0" bw="1" slack="2"/>
<pin id="3062" dir="1" index="1" bw="1" slack="2147483647"/>
</pin_list>
<bind>
<opset="and_ln148 "/>
</bind>
</comp>

<comp id="3064" class="1005" name="proportion_reg_3064">
<pin_list>
<pin id="3065" dir="0" index="0" bw="32" slack="1"/>
<pin id="3066" dir="1" index="1" bw="32" slack="1"/>
</pin_list>
<bind>
<opset="proportion "/>
</bind>
</comp>

<comp id="3072" class="1005" name="conv6_reg_3072">
<pin_list>
<pin id="3073" dir="0" index="0" bw="64" slack="1"/>
<pin id="3074" dir="1" index="1" bw="64" slack="1"/>
</pin_list>
<bind>
<opset="conv6 "/>
</bind>
</comp>

<comp id="3078" class="1005" name="icmp_ln151_reg_3078">
<pin_list>
<pin id="3079" dir="0" index="0" bw="1" slack="1"/>
<pin id="3080" dir="1" index="1" bw="1" slack="1"/>
</pin_list>
<bind>
<opset="icmp_ln151 "/>
</bind>
</comp>

<comp id="3083" class="1005" name="icmp_ln151_1_reg_3083">
<pin_list>
<pin id="3084" dir="0" index="0" bw="1" slack="1"/>
<pin id="3085" dir="1" index="1" bw="1" slack="1"/>
</pin_list>
<bind>
<opset="icmp_ln151_1 "/>
</bind>
</comp>

<comp id="3088" class="1005" name="and_ln151_reg_3088">
<pin_list>
<pin id="3089" dir="0" index="0" bw="1" slack="1"/>
<pin id="3090" dir="1" index="1" bw="1" slack="2147483647"/>
</pin_list>
<bind>
<opset="and_ln151 "/>
</bind>
</comp>

<comp id="3092" class="1005" name="notlhs178_reg_3092">
<pin_list>
<pin id="3093" dir="0" index="0" bw="1" slack="3"/>
<pin id="3094" dir="1" index="1" bw="1" slack="3"/>
</pin_list>
<bind>
<opset="notlhs178 "/>
</bind>
</comp>

<comp id="3097" class="1005" name="notrhs179_reg_3097">
<pin_list>
<pin id="3098" dir="0" index="0" bw="1" slack="3"/>
<pin id="3099" dir="1" index="1" bw="1" slack="3"/>
</pin_list>
<bind>
<opset="notrhs179 "/>
</bind>
</comp>

<comp id="3102" class="1005" name="and_ln175_1_reg_3102">
<pin_list>
<pin id="3103" dir="0" index="0" bw="1" slack="1"/>
<pin id="3104" dir="1" index="1" bw="1" slack="2147483647"/>
</pin_list>
<bind>
<opset="and_ln175_1 "/>
</bind>
</comp>

<comp id="3106" class="1005" name="and_ln175_3_reg_3106">
<pin_list>
<pin id="3107" dir="0" index="0" bw="1" slack="1"/>
<pin id="3108" dir="1" index="1" bw="1" slack="2147483647"/>
</pin_list>
<bind>
<opset="and_ln175_3 "/>
</bind>
</comp>

<comp id="3110" class="1005" name="and_ln175_5_reg_3110">
<pin_list>
<pin id="3111" dir="0" index="0" bw="1" slack="1"/>
<pin id="3112" dir="1" index="1" bw="1" slack="2147483647"/>
</pin_list>
<bind>
<opset="and_ln175_5 "/>
</bind>
</comp>

<comp id="3114" class="1005" name="and_ln175_7_reg_3114">
<pin_list>
<pin id="3115" dir="0" index="0" bw="1" slack="1"/>
<pin id="3116" dir="1" index="1" bw="1" slack="2147483647"/>
</pin_list>
<bind>
<opset="and_ln175_7 "/>
</bind>
</comp>

<comp id="3118" class="1005" name="empty_80_reg_3118">
<pin_list>
<pin id="3119" dir="0" index="0" bw="1" slack="16"/>
<pin id="3120" dir="1" index="1" bw="1" slack="2147483647"/>
</pin_list>
<bind>
<opset="empty_80 "/>
</bind>
</comp>

<comp id="3122" class="1005" name="sub6_reg_3122">
<pin_list>
<pin id="3123" dir="0" index="0" bw="32" slack="1"/>
<pin id="3124" dir="1" index="1" bw="32" slack="1"/>
</pin_list>
<bind>
<opset="sub6 "/>
</bind>
</comp>

<comp id="3127" class="1005" name="sub7_reg_3127">
<pin_list>
<pin id="3128" dir="0" index="0" bw="32" slack="1"/>
<pin id="3129" dir="1" index="1" bw="32" slack="1"/>
</pin_list>
<bind>
<opset="sub7 "/>
</bind>
</comp>

<comp id="3132" class="1005" name="sub400_1_reg_3132">
<pin_list>
<pin id="3133" dir="0" index="0" bw="32" slack="1"/>
<pin id="3134" dir="1" index="1" bw="32" slack="1"/>
</pin_list>
<bind>
<opset="sub400_1 "/>
</bind>
</comp>

<comp id="3137" class="1005" name="sub400_2_reg_3137">
<pin_list>
<pin id="3138" dir="0" index="0" bw="32" slack="1"/>
<pin id="3139" dir="1" index="1" bw="32" slack="1"/>
</pin_list>
<bind>
<opset="sub400_2 "/>
</bind>
</comp>

<comp id="3142" class="1005" name="sub400_3_reg_3142">
<pin_list>
<pin id="3143" dir="0" index="0" bw="32" slack="1"/>
<pin id="3144" dir="1" index="1" bw="32" slack="1"/>
</pin_list>
<bind>
<opset="sub400_3 "/>
</bind>
</comp>

<comp id="3147" class="1005" name="mul7_reg_3147">
<pin_list>
<pin id="3148" dir="0" index="0" bw="32" slack="1"/>
<pin id="3149" dir="1" index="1" bw="32" slack="1"/>
</pin_list>
<bind>
<opset="mul7 "/>
</bind>
</comp>

<comp id="3152" class="1005" name="mul401_3_reg_3152">
<pin_list>
<pin id="3153" dir="0" index="0" bw="32" slack="1"/>
<pin id="3154" dir="1" index="1" bw="32" slack="1"/>
</pin_list>
<bind>
<opset="mul401_3 "/>
</bind>
</comp>

<comp id="3157" class="1005" name="div7_reg_3157">
<pin_list>
<pin id="3158" dir="0" index="0" bw="32" slack="1"/>
<pin id="3159" dir="1" index="1" bw="32" slack="1"/>
</pin_list>
<bind>
<opset="div7 "/>
</bind>
</comp>

<comp id="3162" class="1005" name="p_load_reg_3162">
<pin_list>
<pin id="3163" dir="0" index="0" bw="416" slack="1"/>
<pin id="3164" dir="1" index="1" bw="416" slack="1"/>
</pin_list>
<bind>
<opset="p_load "/>
</bind>
</comp>

<comp id="3168" class="1005" name="or_ln2_reg_3168">
<pin_list>
<pin id="3169" dir="0" index="0" bw="416" slack="1"/>
<pin id="3170" dir="1" index="1" bw="416" slack="1"/>
</pin_list>
<bind>
<opset="or_ln2 "/>
</bind>
</comp>

<comp id="3173" class="1005" name="add_ln168_2_reg_3173">
<pin_list>
<pin id="3174" dir="0" index="0" bw="64" slack="1"/>
<pin id="3175" dir="1" index="1" bw="64" slack="1"/>
</pin_list>
<bind>
<opset="add_ln168_2 "/>
</bind>
</comp>

</comp_list>

<net_list>
<net id="165"><net_src comp="24" pin="0"/><net_sink comp="162" pin=0"/></net>

<net id="169"><net_src comp="24" pin="0"/><net_sink comp="166" pin=0"/></net>

<net id="173"><net_src comp="24" pin="0"/><net_sink comp="170" pin=0"/></net>

<net id="177"><net_src comp="24" pin="0"/><net_sink comp="174" pin=0"/></net>

<net id="182"><net_src comp="36" pin="0"/><net_sink comp="178" pin=0"/></net>

<net id="183"><net_src comp="0" pin="0"/><net_sink comp="178" pin=1"/></net>

<net id="189"><net_src comp="160" pin="0"/><net_sink comp="184" pin=0"/></net>

<net id="190"><net_src comp="22" pin="0"/><net_sink comp="184" pin=1"/></net>

<net id="196"><net_src comp="8" pin="0"/><net_sink comp="191" pin=0"/></net>

<net id="197"><net_src comp="66" pin="0"/><net_sink comp="191" pin=1"/></net>

<net id="203"><net_src comp="10" pin="0"/><net_sink comp="198" pin=0"/></net>

<net id="204"><net_src comp="66" pin="0"/><net_sink comp="198" pin=1"/></net>

<net id="210"><net_src comp="12" pin="0"/><net_sink comp="205" pin=0"/></net>

<net id="211"><net_src comp="66" pin="0"/><net_sink comp="205" pin=1"/></net>

<net id="221"><net_src comp="191" pin="3"/><net_sink comp="212" pin=2"/></net>

<net id="231"><net_src comp="198" pin="3"/><net_sink comp="222" pin=2"/></net>

<net id="241"><net_src comp="205" pin="3"/><net_sink comp="232" pin=2"/></net>

<net id="247"><net_src comp="8" pin="0"/><net_sink comp="242" pin=0"/></net>

<net id="248"><net_src comp="66" pin="0"/><net_sink comp="242" pin=1"/></net>

<net id="254"><net_src comp="10" pin="0"/><net_sink comp="249" pin=0"/></net>

<net id="255"><net_src comp="66" pin="0"/><net_sink comp="249" pin=1"/></net>

<net id="261"><net_src comp="12" pin="0"/><net_sink comp="256" pin=0"/></net>

<net id="262"><net_src comp="66" pin="0"/><net_sink comp="256" pin=1"/></net>

<net id="263"><net_src comp="242" pin="3"/><net_sink comp="212" pin=0"/></net>

<net id="264"><net_src comp="249" pin="3"/><net_sink comp="222" pin=0"/></net>

<net id="265"><net_src comp="256" pin="3"/><net_sink comp="232" pin=0"/></net>

<net id="271"><net_src comp="8" pin="0"/><net_sink comp="266" pin=0"/></net>

<net id="272"><net_src comp="66" pin="0"/><net_sink comp="266" pin=1"/></net>

<net id="278"><net_src comp="10" pin="0"/><net_sink comp="273" pin=0"/></net>

<net id="279"><net_src comp="66" pin="0"/><net_sink comp="273" pin=1"/></net>

<net id="285"><net_src comp="12" pin="0"/><net_sink comp="280" pin=0"/></net>

<net id="286"><net_src comp="66" pin="0"/><net_sink comp="280" pin=1"/></net>

<net id="287"><net_src comp="266" pin="3"/><net_sink comp="212" pin=2"/></net>

<net id="288"><net_src comp="273" pin="3"/><net_sink comp="222" pin=2"/></net>

<net id="289"><net_src comp="280" pin="3"/><net_sink comp="232" pin=2"/></net>

<net id="295"><net_src comp="8" pin="0"/><net_sink comp="290" pin=0"/></net>

<net id="296"><net_src comp="66" pin="0"/><net_sink comp="290" pin=1"/></net>

<net id="302"><net_src comp="10" pin="0"/><net_sink comp="297" pin=0"/></net>

<net id="303"><net_src comp="66" pin="0"/><net_sink comp="297" pin=1"/></net>

<net id="309"><net_src comp="12" pin="0"/><net_sink comp="304" pin=0"/></net>

<net id="310"><net_src comp="66" pin="0"/><net_sink comp="304" pin=1"/></net>

<net id="311"><net_src comp="290" pin="3"/><net_sink comp="212" pin=0"/></net>

<net id="312"><net_src comp="297" pin="3"/><net_sink comp="222" pin=0"/></net>

<net id="313"><net_src comp="304" pin="3"/><net_sink comp="232" pin=0"/></net>

<net id="319"><net_src comp="8" pin="0"/><net_sink comp="314" pin=0"/></net>

<net id="320"><net_src comp="66" pin="0"/><net_sink comp="314" pin=1"/></net>

<net id="326"><net_src comp="10" pin="0"/><net_sink comp="321" pin=0"/></net>

<net id="327"><net_src comp="66" pin="0"/><net_sink comp="321" pin=1"/></net>

<net id="333"><net_src comp="12" pin="0"/><net_sink comp="328" pin=0"/></net>

<net id="334"><net_src comp="66" pin="0"/><net_sink comp="328" pin=1"/></net>

<net id="335"><net_src comp="314" pin="3"/><net_sink comp="212" pin=0"/></net>

<net id="336"><net_src comp="321" pin="3"/><net_sink comp="222" pin=0"/></net>

<net id="337"><net_src comp="328" pin="3"/><net_sink comp="232" pin=0"/></net>

<net id="343"><net_src comp="2" pin="0"/><net_sink comp="338" pin=0"/></net>

<net id="344"><net_src comp="66" pin="0"/><net_sink comp="338" pin=1"/></net>

<net id="350"><net_src comp="4" pin="0"/><net_sink comp="345" pin=0"/></net>

<net id="351"><net_src comp="66" pin="0"/><net_sink comp="345" pin=1"/></net>

<net id="357"><net_src comp="6" pin="0"/><net_sink comp="352" pin=0"/></net>

<net id="358"><net_src comp="66" pin="0"/><net_sink comp="352" pin=1"/></net>

<net id="368"><net_src comp="338" pin="3"/><net_sink comp="359" pin=2"/></net>

<net id="374"><net_src comp="2" pin="0"/><net_sink comp="369" pin=0"/></net>

<net id="375"><net_src comp="66" pin="0"/><net_sink comp="369" pin=1"/></net>

<net id="381"><net_src comp="14" pin="0"/><net_sink comp="376" pin=0"/></net>

<net id="382"><net_src comp="66" pin="0"/><net_sink comp="376" pin=1"/></net>

<net id="383"><net_src comp="369" pin="3"/><net_sink comp="359" pin=0"/></net>

<net id="389"><net_src comp="2" pin="0"/><net_sink comp="384" pin=0"/></net>

<net id="390"><net_src comp="66" pin="0"/><net_sink comp="384" pin=1"/></net>

<net id="396"><net_src comp="16" pin="0"/><net_sink comp="391" pin=0"/></net>

<net id="397"><net_src comp="66" pin="0"/><net_sink comp="391" pin=1"/></net>

<net id="398"><net_src comp="384" pin="3"/><net_sink comp="359" pin=0"/></net>

<net id="404"><net_src comp="2" pin="0"/><net_sink comp="399" pin=0"/></net>

<net id="405"><net_src comp="66" pin="0"/><net_sink comp="399" pin=1"/></net>

<net id="411"><net_src comp="20" pin="0"/><net_sink comp="406" pin=0"/></net>

<net id="412"><net_src comp="66" pin="0"/><net_sink comp="406" pin=1"/></net>

<net id="413"><net_src comp="399" pin="3"/><net_sink comp="359" pin=0"/></net>

<net id="419"><net_src comp="2" pin="0"/><net_sink comp="414" pin=0"/></net>

<net id="420"><net_src comp="66" pin="0"/><net_sink comp="414" pin=1"/></net>

<net id="426"><net_src comp="18" pin="0"/><net_sink comp="421" pin=0"/></net>

<net id="427"><net_src comp="66" pin="0"/><net_sink comp="421" pin=1"/></net>

<net id="428"><net_src comp="414" pin="3"/><net_sink comp="359" pin=2"/></net>

<net id="434"><net_src comp="142" pin="0"/><net_sink comp="429" pin=1"/></net>

<net id="482"><net_src comp="463" pin="6"/><net_sink comp="474" pin=0"/></net>

<net id="483"><net_src comp="463" pin="6"/><net_sink comp="474" pin=4"/></net>

<net id="484"><net_src comp="474" pin="6"/><net_sink comp="471" pin=0"/></net>

<net id="496"><net_src comp="471" pin="1"/><net_sink comp="488" pin=0"/></net>

<net id="497"><net_src comp="471" pin="1"/><net_sink comp="488" pin=4"/></net>

<net id="502"><net_src comp="146" pin="0"/><net_sink comp="498" pin=0"/></net>

<net id="507"><net_src comp="146" pin="0"/><net_sink comp="503" pin=0"/></net>

<net id="528"><net_src comp="128" pin="0"/><net_sink comp="524" pin=1"/></net>

<net id="545"><net_src comp="144" pin="0"/><net_sink comp="541" pin=1"/></net>

<net id="546"><net_src comp="90" pin="0"/><net_sink comp="533" pin=1"/></net>

<net id="551"><net_src comp="90" pin="0"/><net_sink comp="547" pin=1"/></net>

<net id="556"><net_src comp="90" pin="0"/><net_sink comp="552" pin=1"/></net>

<net id="578"><net_src comp="128" pin="0"/><net_sink comp="574" pin=1"/></net>

<net id="591"><net_src comp="140" pin="0"/><net_sink comp="587" pin=1"/></net>

<net id="596"><net_src comp="82" pin="0"/><net_sink comp="592" pin=1"/></net>

<net id="600"><net_src comp="533" pin="2"/><net_sink comp="597" pin=0"/></net>

<net id="601"><net_src comp="597" pin="1"/><net_sink comp="440" pin=1"/></net>

<net id="602"><net_src comp="597" pin="1"/><net_sink comp="498" pin=1"/></net>

<net id="603"><net_src comp="597" pin="1"/><net_sink comp="503" pin=1"/></net>

<net id="607"><net_src comp="537" pin="2"/><net_sink comp="604" pin=0"/></net>

<net id="608"><net_src comp="604" pin="1"/><net_sink comp="445" pin=1"/></net>

<net id="609"><net_src comp="604" pin="1"/><net_sink comp="450" pin=1"/></net>

<net id="613"><net_src comp="503" pin="2"/><net_sink comp="610" pin=0"/></net>

<net id="618"><net_src comp="178" pin="2"/><net_sink comp="614" pin=0"/></net>

<net id="623"><net_src comp="38" pin="0"/><net_sink comp="619" pin=0"/></net>

<net id="628"><net_src comp="40" pin="0"/><net_sink comp="624" pin=0"/></net>

<net id="633"><net_src comp="42" pin="0"/><net_sink comp="629" pin=0"/></net>

<net id="641"><net_src comp="634" pin="1"/><net_sink comp="637" pin=0"/></net>

<net id="642"><net_src comp="44" pin="0"/><net_sink comp="637" pin=1"/></net>

<net id="647"><net_src comp="634" pin="1"/><net_sink comp="643" pin=0"/></net>

<net id="648"><net_src comp="46" pin="0"/><net_sink comp="643" pin=1"/></net>

<net id="659"><net_src comp="652" pin="1"/><net_sink comp="655" pin=0"/></net>

<net id="660"><net_src comp="48" pin="0"/><net_sink comp="655" pin=1"/></net>

<net id="665"><net_src comp="649" pin="1"/><net_sink comp="661" pin=0"/></net>

<net id="666"><net_src comp="50" pin="0"/><net_sink comp="661" pin=1"/></net>

<net id="672"><net_src comp="661" pin="2"/><net_sink comp="667" pin=0"/></net>

<net id="673"><net_src comp="42" pin="0"/><net_sink comp="667" pin=1"/></net>

<net id="674"><net_src comp="649" pin="1"/><net_sink comp="667" pin=2"/></net>

<net id="680"><net_src comp="661" pin="2"/><net_sink comp="675" pin=0"/></net>

<net id="681"><net_src comp="655" pin="2"/><net_sink comp="675" pin=1"/></net>

<net id="682"><net_src comp="652" pin="1"/><net_sink comp="675" pin=2"/></net>

<net id="686"><net_src comp="675" pin="3"/><net_sink comp="683" pin=0"/></net>

<net id="691"><net_src comp="683" pin="1"/><net_sink comp="687" pin=0"/></net>

<net id="692"><net_src comp="52" pin="0"/><net_sink comp="687" pin=1"/></net>

<net id="696"><net_src comp="667" pin="3"/><net_sink comp="693" pin=0"/></net>

<net id="701"><net_src comp="693" pin="1"/><net_sink comp="697" pin=0"/></net>

<net id="702"><net_src comp="54" pin="0"/><net_sink comp="697" pin=1"/></net>

<net id="709"><net_src comp="56" pin="0"/><net_sink comp="703" pin=0"/></net>

<net id="710"><net_src comp="697" pin="2"/><net_sink comp="703" pin=1"/></net>

<net id="711"><net_src comp="58" pin="0"/><net_sink comp="703" pin=2"/></net>

<net id="712"><net_src comp="60" pin="0"/><net_sink comp="703" pin=3"/></net>

<net id="717"><net_src comp="667" pin="3"/><net_sink comp="713" pin=0"/></net>

<net id="718"><net_src comp="62" pin="0"/><net_sink comp="713" pin=1"/></net>

<net id="723"><net_src comp="667" pin="3"/><net_sink comp="719" pin=0"/></net>

<net id="724"><net_src comp="64" pin="0"/><net_sink comp="719" pin=1"/></net>

<net id="729"><net_src comp="643" pin="2"/><net_sink comp="725" pin=0"/></net>

<net id="734"><net_src comp="675" pin="3"/><net_sink comp="730" pin=0"/></net>

<net id="739"><net_src comp="719" pin="2"/><net_sink comp="735" pin=0"/></net>

<net id="747"><net_src comp="740" pin="1"/><net_sink comp="743" pin=1"/></net>

<net id="751"><net_src comp="743" pin="2"/><net_sink comp="748" pin=0"/></net>

<net id="752"><net_src comp="748" pin="1"/><net_sink comp="191" pin=2"/></net>

<net id="753"><net_src comp="748" pin="1"/><net_sink comp="198" pin=2"/></net>

<net id="754"><net_src comp="748" pin="1"/><net_sink comp="205" pin=2"/></net>

<net id="762"><net_src comp="755" pin="1"/><net_sink comp="758" pin=0"/></net>

<net id="763"><net_src comp="68" pin="0"/><net_sink comp="758" pin=1"/></net>

<net id="767"><net_src comp="758" pin="2"/><net_sink comp="764" pin=0"/></net>

<net id="772"><net_src comp="764" pin="1"/><net_sink comp="768" pin=0"/></net>

<net id="773"><net_src comp="52" pin="0"/><net_sink comp="768" pin=1"/></net>

<net id="778"><net_src comp="48" pin="0"/><net_sink comp="774" pin=1"/></net>

<net id="782"><net_src comp="774" pin="2"/><net_sink comp="779" pin=0"/></net>

<net id="787"><net_src comp="779" pin="1"/><net_sink comp="783" pin=0"/></net>

<net id="788"><net_src comp="52" pin="0"/><net_sink comp="783" pin=1"/></net>

<net id="792"><net_src comp="713" pin="2"/><net_sink comp="789" pin=0"/></net>

<net id="804"><net_src comp="70" pin="0"/><net_sink comp="793" pin=0"/></net>

<net id="805"><net_src comp="72" pin="0"/><net_sink comp="793" pin=1"/></net>

<net id="806"><net_src comp="74" pin="0"/><net_sink comp="793" pin=3"/></net>

<net id="807"><net_src comp="76" pin="0"/><net_sink comp="793" pin=5"/></net>

<net id="808"><net_src comp="78" pin="0"/><net_sink comp="793" pin=7"/></net>

<net id="809"><net_src comp="789" pin="1"/><net_sink comp="793" pin=8"/></net>

<net id="814"><net_src comp="793" pin="9"/><net_sink comp="810" pin=0"/></net>

<net id="815"><net_src comp="30" pin="0"/><net_sink comp="810" pin=1"/></net>

<net id="826"><net_src comp="819" pin="2"/><net_sink comp="823" pin=0"/></net>

<net id="827"><net_src comp="823" pin="1"/><net_sink comp="242" pin=2"/></net>

<net id="828"><net_src comp="823" pin="1"/><net_sink comp="249" pin=2"/></net>

<net id="829"><net_src comp="823" pin="1"/><net_sink comp="256" pin=2"/></net>

<net id="834"><net_src comp="783" pin="2"/><net_sink comp="830" pin=0"/></net>

<net id="839"><net_src comp="816" pin="1"/><net_sink comp="835" pin=0"/></net>

<net id="840"><net_src comp="80" pin="0"/><net_sink comp="835" pin=1"/></net>

<net id="844"><net_src comp="841" pin="1"/><net_sink comp="266" pin=2"/></net>

<net id="845"><net_src comp="841" pin="1"/><net_sink comp="273" pin=2"/></net>

<net id="846"><net_src comp="841" pin="1"/><net_sink comp="280" pin=2"/></net>

<net id="858"><net_src comp="70" pin="0"/><net_sink comp="847" pin=0"/></net>

<net id="859"><net_src comp="72" pin="0"/><net_sink comp="847" pin=1"/></net>

<net id="860"><net_src comp="212" pin="3"/><net_sink comp="847" pin=2"/></net>

<net id="861"><net_src comp="74" pin="0"/><net_sink comp="847" pin=3"/></net>

<net id="862"><net_src comp="222" pin="3"/><net_sink comp="847" pin=4"/></net>

<net id="863"><net_src comp="76" pin="0"/><net_sink comp="847" pin=5"/></net>

<net id="864"><net_src comp="232" pin="3"/><net_sink comp="847" pin=6"/></net>

<net id="865"><net_src comp="78" pin="0"/><net_sink comp="847" pin=7"/></net>

<net id="872"><net_src comp="866" pin="1"/><net_sink comp="869" pin=0"/></net>

<net id="873"><net_src comp="869" pin="1"/><net_sink comp="592" pin=0"/></net>

<net id="878"><net_src comp="64" pin="0"/><net_sink comp="874" pin=1"/></net>

<net id="882"><net_src comp="874" pin="2"/><net_sink comp="879" pin=0"/></net>

<net id="887"><net_src comp="879" pin="1"/><net_sink comp="883" pin=0"/></net>

<net id="888"><net_src comp="54" pin="0"/><net_sink comp="883" pin=1"/></net>

<net id="895"><net_src comp="56" pin="0"/><net_sink comp="889" pin=0"/></net>

<net id="896"><net_src comp="883" pin="2"/><net_sink comp="889" pin=1"/></net>

<net id="897"><net_src comp="58" pin="0"/><net_sink comp="889" pin=2"/></net>

<net id="898"><net_src comp="60" pin="0"/><net_sink comp="889" pin=3"/></net>

<net id="910"><net_src comp="70" pin="0"/><net_sink comp="899" pin=0"/></net>

<net id="911"><net_src comp="72" pin="0"/><net_sink comp="899" pin=1"/></net>

<net id="912"><net_src comp="212" pin="7"/><net_sink comp="899" pin=2"/></net>

<net id="913"><net_src comp="74" pin="0"/><net_sink comp="899" pin=3"/></net>

<net id="914"><net_src comp="222" pin="7"/><net_sink comp="899" pin=4"/></net>

<net id="915"><net_src comp="76" pin="0"/><net_sink comp="899" pin=5"/></net>

<net id="916"><net_src comp="232" pin="7"/><net_sink comp="899" pin=6"/></net>

<net id="917"><net_src comp="78" pin="0"/><net_sink comp="899" pin=7"/></net>

<net id="924"><net_src comp="84" pin="0"/><net_sink comp="918" pin=0"/></net>

<net id="925"><net_src comp="592" pin="2"/><net_sink comp="918" pin=1"/></net>

<net id="926"><net_src comp="86" pin="0"/><net_sink comp="918" pin=2"/></net>

<net id="927"><net_src comp="88" pin="0"/><net_sink comp="918" pin=3"/></net>

<net id="935"><net_src comp="928" pin="1"/><net_sink comp="931" pin=1"/></net>

<net id="939"><net_src comp="931" pin="2"/><net_sink comp="936" pin=0"/></net>

<net id="940"><net_src comp="936" pin="1"/><net_sink comp="290" pin=2"/></net>

<net id="941"><net_src comp="936" pin="1"/><net_sink comp="297" pin=2"/></net>

<net id="942"><net_src comp="936" pin="1"/><net_sink comp="304" pin=2"/></net>

<net id="958"><net_src comp="70" pin="0"/><net_sink comp="947" pin=0"/></net>

<net id="959"><net_src comp="76" pin="0"/><net_sink comp="947" pin=1"/></net>

<net id="960"><net_src comp="212" pin="3"/><net_sink comp="947" pin=2"/></net>

<net id="961"><net_src comp="72" pin="0"/><net_sink comp="947" pin=3"/></net>

<net id="962"><net_src comp="222" pin="3"/><net_sink comp="947" pin=4"/></net>

<net id="963"><net_src comp="74" pin="0"/><net_sink comp="947" pin=5"/></net>

<net id="964"><net_src comp="232" pin="3"/><net_sink comp="947" pin=6"/></net>

<net id="965"><net_src comp="78" pin="0"/><net_sink comp="947" pin=7"/></net>

<net id="969"><net_src comp="966" pin="1"/><net_sink comp="314" pin=2"/></net>

<net id="970"><net_src comp="966" pin="1"/><net_sink comp="321" pin=2"/></net>

<net id="971"><net_src comp="966" pin="1"/><net_sink comp="328" pin=2"/></net>

<net id="983"><net_src comp="70" pin="0"/><net_sink comp="972" pin=0"/></net>

<net id="984"><net_src comp="74" pin="0"/><net_sink comp="972" pin=1"/></net>

<net id="985"><net_src comp="212" pin="3"/><net_sink comp="972" pin=2"/></net>

<net id="986"><net_src comp="76" pin="0"/><net_sink comp="972" pin=3"/></net>

<net id="987"><net_src comp="222" pin="3"/><net_sink comp="972" pin=4"/></net>

<net id="988"><net_src comp="72" pin="0"/><net_sink comp="972" pin=5"/></net>

<net id="989"><net_src comp="232" pin="3"/><net_sink comp="972" pin=6"/></net>

<net id="990"><net_src comp="78" pin="0"/><net_sink comp="972" pin=7"/></net>

<net id="996"><net_src comp="100" pin="0"/><net_sink comp="991" pin=0"/></net>

<net id="997"><net_src comp="40" pin="0"/><net_sink comp="991" pin=2"/></net>

<net id="1001"><net_src comp="991" pin="3"/><net_sink comp="998" pin=0"/></net>

<net id="1007"><net_src comp="102" pin="0"/><net_sink comp="1002" pin=0"/></net>

<net id="1008"><net_src comp="104" pin="0"/><net_sink comp="1002" pin=2"/></net>

<net id="1012"><net_src comp="1002" pin="3"/><net_sink comp="1009" pin=0"/></net>

<net id="1017"><net_src comp="998" pin="1"/><net_sink comp="1013" pin=0"/></net>

<net id="1018"><net_src comp="1009" pin="1"/><net_sink comp="1013" pin=1"/></net>

<net id="1023"><net_src comp="106" pin="0"/><net_sink comp="1019" pin=1"/></net>

<net id="1029"><net_src comp="108" pin="0"/><net_sink comp="1024" pin=0"/></net>

<net id="1030"><net_src comp="40" pin="0"/><net_sink comp="1024" pin=2"/></net>

<net id="1036"><net_src comp="110" pin="0"/><net_sink comp="1031" pin=0"/></net>

<net id="1037"><net_src comp="104" pin="0"/><net_sink comp="1031" pin=2"/></net>

<net id="1041"><net_src comp="1031" pin="3"/><net_sink comp="1038" pin=0"/></net>

<net id="1046"><net_src comp="1024" pin="3"/><net_sink comp="1042" pin=0"/></net>

<net id="1047"><net_src comp="1038" pin="1"/><net_sink comp="1042" pin=1"/></net>

<net id="1052"><net_src comp="112" pin="0"/><net_sink comp="1048" pin=1"/></net>

<net id="1058"><net_src comp="100" pin="0"/><net_sink comp="1053" pin=0"/></net>

<net id="1059"><net_src comp="40" pin="0"/><net_sink comp="1053" pin=2"/></net>

<net id="1063"><net_src comp="1053" pin="3"/><net_sink comp="1060" pin=0"/></net>

<net id="1069"><net_src comp="102" pin="0"/><net_sink comp="1064" pin=0"/></net>

<net id="1070"><net_src comp="104" pin="0"/><net_sink comp="1064" pin=2"/></net>

<net id="1074"><net_src comp="1064" pin="3"/><net_sink comp="1071" pin=0"/></net>

<net id="1079"><net_src comp="1060" pin="1"/><net_sink comp="1075" pin=0"/></net>

<net id="1080"><net_src comp="1071" pin="1"/><net_sink comp="1075" pin=1"/></net>

<net id="1088"><net_src comp="1013" pin="2"/><net_sink comp="1084" pin=0"/></net>

<net id="1089"><net_src comp="1081" pin="1"/><net_sink comp="1084" pin=1"/></net>

<net id="1093"><net_src comp="1084" pin="2"/><net_sink comp="1090" pin=0"/></net>

<net id="1094"><net_src comp="1090" pin="1"/><net_sink comp="338" pin=2"/></net>

<net id="1095"><net_src comp="1090" pin="1"/><net_sink comp="345" pin=2"/></net>

<net id="1096"><net_src comp="1090" pin="1"/><net_sink comp="352" pin=2"/></net>

<net id="1101"><net_src comp="1042" pin="2"/><net_sink comp="1097" pin=0"/></net>

<net id="1102"><net_src comp="1081" pin="1"/><net_sink comp="1097" pin=1"/></net>

<net id="1106"><net_src comp="1097" pin="2"/><net_sink comp="1103" pin=0"/></net>

<net id="1107"><net_src comp="1103" pin="1"/><net_sink comp="369" pin=2"/></net>

<net id="1108"><net_src comp="1103" pin="1"/><net_sink comp="376" pin=2"/></net>

<net id="1113"><net_src comp="1075" pin="2"/><net_sink comp="1109" pin=0"/></net>

<net id="1114"><net_src comp="1081" pin="1"/><net_sink comp="1109" pin=1"/></net>

<net id="1118"><net_src comp="1115" pin="1"/><net_sink comp="384" pin=2"/></net>

<net id="1119"><net_src comp="1115" pin="1"/><net_sink comp="391" pin=2"/></net>

<net id="1123"><net_src comp="1120" pin="1"/><net_sink comp="508" pin=0"/></net>

<net id="1131"><net_src comp="1124" pin="1"/><net_sink comp="1127" pin=1"/></net>

<net id="1135"><net_src comp="1127" pin="2"/><net_sink comp="1132" pin=0"/></net>

<net id="1136"><net_src comp="1132" pin="1"/><net_sink comp="399" pin=2"/></net>

<net id="1137"><net_src comp="1132" pin="1"/><net_sink comp="406" pin=2"/></net>

<net id="1141"><net_src comp="1138" pin="1"/><net_sink comp="508" pin=0"/></net>

<net id="1145"><net_src comp="1142" pin="1"/><net_sink comp="508" pin=0"/></net>

<net id="1153"><net_src comp="1146" pin="1"/><net_sink comp="1149" pin=1"/></net>

<net id="1157"><net_src comp="1149" pin="2"/><net_sink comp="1154" pin=0"/></net>

<net id="1158"><net_src comp="1154" pin="1"/><net_sink comp="414" pin=2"/></net>

<net id="1159"><net_src comp="1154" pin="1"/><net_sink comp="421" pin=2"/></net>

<net id="1163"><net_src comp="1160" pin="1"/><net_sink comp="512" pin=0"/></net>

<net id="1167"><net_src comp="1164" pin="1"/><net_sink comp="512" pin=0"/></net>

<net id="1173"><net_src comp="1168" pin="3"/><net_sink comp="566" pin=1"/></net>

<net id="1174"><net_src comp="1168" pin="3"/><net_sink comp="516" pin=1"/></net>

<net id="1178"><net_src comp="1168" pin="3"/><net_sink comp="1175" pin=0"/></net>

<net id="1185"><net_src comp="116" pin="0"/><net_sink comp="1179" pin=0"/></net>

<net id="1186"><net_src comp="1175" pin="1"/><net_sink comp="1179" pin=1"/></net>

<net id="1187"><net_src comp="118" pin="0"/><net_sink comp="1179" pin=2"/></net>

<net id="1188"><net_src comp="120" pin="0"/><net_sink comp="1179" pin=3"/></net>

<net id="1192"><net_src comp="1175" pin="1"/><net_sink comp="1189" pin=0"/></net>

<net id="1197"><net_src comp="1179" pin="4"/><net_sink comp="1193" pin=0"/></net>

<net id="1198"><net_src comp="80" pin="0"/><net_sink comp="1193" pin=1"/></net>

<net id="1203"><net_src comp="1189" pin="1"/><net_sink comp="1199" pin=0"/></net>

<net id="1204"><net_src comp="122" pin="0"/><net_sink comp="1199" pin=1"/></net>

<net id="1214"><net_src comp="116" pin="0"/><net_sink comp="1208" pin=0"/></net>

<net id="1215"><net_src comp="1205" pin="1"/><net_sink comp="1208" pin=1"/></net>

<net id="1216"><net_src comp="118" pin="0"/><net_sink comp="1208" pin=2"/></net>

<net id="1217"><net_src comp="120" pin="0"/><net_sink comp="1208" pin=3"/></net>

<net id="1221"><net_src comp="1205" pin="1"/><net_sink comp="1218" pin=0"/></net>

<net id="1226"><net_src comp="1208" pin="4"/><net_sink comp="1222" pin=0"/></net>

<net id="1227"><net_src comp="80" pin="0"/><net_sink comp="1222" pin=1"/></net>

<net id="1232"><net_src comp="1218" pin="1"/><net_sink comp="1228" pin=0"/></net>

<net id="1233"><net_src comp="122" pin="0"/><net_sink comp="1228" pin=1"/></net>

<net id="1238"><net_src comp="1228" pin="2"/><net_sink comp="1234" pin=0"/></net>

<net id="1239"><net_src comp="1222" pin="2"/><net_sink comp="1234" pin=1"/></net>

<net id="1248"><net_src comp="1234" pin="2"/><net_sink comp="1244" pin=0"/></net>

<net id="1249"><net_src comp="1240" pin="2"/><net_sink comp="1244" pin=1"/></net>

<net id="1254"><net_src comp="1244" pin="2"/><net_sink comp="1250" pin=0"/></net>

<net id="1255"><net_src comp="566" pin="2"/><net_sink comp="1250" pin=1"/></net>

<net id="1261"><net_src comp="1256" pin="3"/><net_sink comp="566" pin=1"/></net>

<net id="1262"><net_src comp="1256" pin="3"/><net_sink comp="516" pin=1"/></net>

<net id="1266"><net_src comp="1256" pin="3"/><net_sink comp="1263" pin=0"/></net>

<net id="1273"><net_src comp="116" pin="0"/><net_sink comp="1267" pin=0"/></net>

<net id="1274"><net_src comp="1263" pin="1"/><net_sink comp="1267" pin=1"/></net>

<net id="1275"><net_src comp="118" pin="0"/><net_sink comp="1267" pin=2"/></net>

<net id="1276"><net_src comp="120" pin="0"/><net_sink comp="1267" pin=3"/></net>

<net id="1280"><net_src comp="1263" pin="1"/><net_sink comp="1277" pin=0"/></net>

<net id="1285"><net_src comp="1267" pin="4"/><net_sink comp="1281" pin=0"/></net>

<net id="1286"><net_src comp="80" pin="0"/><net_sink comp="1281" pin=1"/></net>

<net id="1291"><net_src comp="1277" pin="1"/><net_sink comp="1287" pin=0"/></net>

<net id="1292"><net_src comp="122" pin="0"/><net_sink comp="1287" pin=1"/></net>

<net id="1297"><net_src comp="124" pin="0"/><net_sink comp="1293" pin=1"/></net>

<net id="1306"><net_src comp="1298" pin="2"/><net_sink comp="1302" pin=1"/></net>

<net id="1311"><net_src comp="1302" pin="2"/><net_sink comp="1307" pin=0"/></net>

<net id="1312"><net_src comp="566" pin="2"/><net_sink comp="1307" pin=1"/></net>

<net id="1318"><net_src comp="1313" pin="3"/><net_sink comp="566" pin=1"/></net>

<net id="1319"><net_src comp="1313" pin="3"/><net_sink comp="512" pin=1"/></net>

<net id="1323"><net_src comp="1313" pin="3"/><net_sink comp="1320" pin=0"/></net>

<net id="1330"><net_src comp="116" pin="0"/><net_sink comp="1324" pin=0"/></net>

<net id="1331"><net_src comp="1320" pin="1"/><net_sink comp="1324" pin=1"/></net>

<net id="1332"><net_src comp="118" pin="0"/><net_sink comp="1324" pin=2"/></net>

<net id="1333"><net_src comp="120" pin="0"/><net_sink comp="1324" pin=3"/></net>

<net id="1337"><net_src comp="1320" pin="1"/><net_sink comp="1334" pin=0"/></net>

<net id="1342"><net_src comp="1324" pin="4"/><net_sink comp="1338" pin=0"/></net>

<net id="1343"><net_src comp="80" pin="0"/><net_sink comp="1338" pin=1"/></net>

<net id="1348"><net_src comp="1334" pin="1"/><net_sink comp="1344" pin=0"/></net>

<net id="1349"><net_src comp="122" pin="0"/><net_sink comp="1344" pin=1"/></net>

<net id="1354"><net_src comp="126" pin="0"/><net_sink comp="1350" pin=1"/></net>

<net id="1363"><net_src comp="1355" pin="2"/><net_sink comp="1359" pin=1"/></net>

<net id="1368"><net_src comp="1359" pin="2"/><net_sink comp="1364" pin=0"/></net>

<net id="1369"><net_src comp="566" pin="2"/><net_sink comp="1364" pin=1"/></net>

<net id="1375"><net_src comp="1370" pin="3"/><net_sink comp="570" pin=1"/></net>

<net id="1376"><net_src comp="1370" pin="3"/><net_sink comp="520" pin=1"/></net>

<net id="1380"><net_src comp="1370" pin="3"/><net_sink comp="1377" pin=0"/></net>

<net id="1387"><net_src comp="116" pin="0"/><net_sink comp="1381" pin=0"/></net>

<net id="1388"><net_src comp="1377" pin="1"/><net_sink comp="1381" pin=1"/></net>

<net id="1389"><net_src comp="118" pin="0"/><net_sink comp="1381" pin=2"/></net>

<net id="1390"><net_src comp="120" pin="0"/><net_sink comp="1381" pin=3"/></net>

<net id="1394"><net_src comp="1377" pin="1"/><net_sink comp="1391" pin=0"/></net>

<net id="1399"><net_src comp="1381" pin="4"/><net_sink comp="1395" pin=0"/></net>

<net id="1400"><net_src comp="80" pin="0"/><net_sink comp="1395" pin=1"/></net>

<net id="1405"><net_src comp="1391" pin="1"/><net_sink comp="1401" pin=0"/></net>

<net id="1406"><net_src comp="122" pin="0"/><net_sink comp="1401" pin=1"/></net>

<net id="1415"><net_src comp="1407" pin="2"/><net_sink comp="1411" pin=1"/></net>

<net id="1420"><net_src comp="1411" pin="2"/><net_sink comp="1416" pin=0"/></net>

<net id="1421"><net_src comp="570" pin="2"/><net_sink comp="1416" pin=1"/></net>

<net id="1431"><net_src comp="116" pin="0"/><net_sink comp="1425" pin=0"/></net>

<net id="1432"><net_src comp="1422" pin="1"/><net_sink comp="1425" pin=1"/></net>

<net id="1433"><net_src comp="118" pin="0"/><net_sink comp="1425" pin=2"/></net>

<net id="1434"><net_src comp="120" pin="0"/><net_sink comp="1425" pin=3"/></net>

<net id="1438"><net_src comp="1422" pin="1"/><net_sink comp="1435" pin=0"/></net>

<net id="1443"><net_src comp="1425" pin="4"/><net_sink comp="1439" pin=0"/></net>

<net id="1444"><net_src comp="80" pin="0"/><net_sink comp="1439" pin=1"/></net>

<net id="1449"><net_src comp="1435" pin="1"/><net_sink comp="1445" pin=0"/></net>

<net id="1450"><net_src comp="122" pin="0"/><net_sink comp="1445" pin=1"/></net>

<net id="1455"><net_src comp="1445" pin="2"/><net_sink comp="1451" pin=0"/></net>

<net id="1456"><net_src comp="1439" pin="2"/><net_sink comp="1451" pin=1"/></net>

<net id="1461"><net_src comp="1451" pin="2"/><net_sink comp="1457" pin=0"/></net>

<net id="1462"><net_src comp="574" pin="2"/><net_sink comp="1457" pin=1"/></net>

<net id="1468"><net_src comp="1457" pin="2"/><net_sink comp="1463" pin=0"/></net>

<net id="1469"><net_src comp="128" pin="0"/><net_sink comp="1463" pin=1"/></net>

<net id="1475"><net_src comp="1463" pin="3"/><net_sink comp="1470" pin=1"/></net>

<net id="1476"><net_src comp="128" pin="0"/><net_sink comp="1470" pin=2"/></net>

<net id="1486"><net_src comp="116" pin="0"/><net_sink comp="1480" pin=0"/></net>

<net id="1487"><net_src comp="1477" pin="1"/><net_sink comp="1480" pin=1"/></net>

<net id="1488"><net_src comp="118" pin="0"/><net_sink comp="1480" pin=2"/></net>

<net id="1489"><net_src comp="120" pin="0"/><net_sink comp="1480" pin=3"/></net>

<net id="1493"><net_src comp="1477" pin="1"/><net_sink comp="1490" pin=0"/></net>

<net id="1503"><net_src comp="116" pin="0"/><net_sink comp="1497" pin=0"/></net>

<net id="1504"><net_src comp="1494" pin="1"/><net_sink comp="1497" pin=1"/></net>

<net id="1505"><net_src comp="118" pin="0"/><net_sink comp="1497" pin=2"/></net>

<net id="1506"><net_src comp="120" pin="0"/><net_sink comp="1497" pin=3"/></net>

<net id="1510"><net_src comp="1494" pin="1"/><net_sink comp="1507" pin=0"/></net>

<net id="1515"><net_src comp="1480" pin="4"/><net_sink comp="1511" pin=0"/></net>

<net id="1516"><net_src comp="80" pin="0"/><net_sink comp="1511" pin=1"/></net>

<net id="1521"><net_src comp="1490" pin="1"/><net_sink comp="1517" pin=0"/></net>

<net id="1522"><net_src comp="122" pin="0"/><net_sink comp="1517" pin=1"/></net>

<net id="1527"><net_src comp="1517" pin="2"/><net_sink comp="1523" pin=0"/></net>

<net id="1528"><net_src comp="1511" pin="2"/><net_sink comp="1523" pin=1"/></net>

<net id="1533"><net_src comp="1497" pin="4"/><net_sink comp="1529" pin=0"/></net>

<net id="1534"><net_src comp="80" pin="0"/><net_sink comp="1529" pin=1"/></net>

<net id="1539"><net_src comp="1507" pin="1"/><net_sink comp="1535" pin=0"/></net>

<net id="1540"><net_src comp="122" pin="0"/><net_sink comp="1535" pin=1"/></net>

<net id="1545"><net_src comp="1535" pin="2"/><net_sink comp="1541" pin=0"/></net>

<net id="1546"><net_src comp="1529" pin="2"/><net_sink comp="1541" pin=1"/></net>

<net id="1551"><net_src comp="1523" pin="2"/><net_sink comp="1547" pin=0"/></net>

<net id="1552"><net_src comp="1541" pin="2"/><net_sink comp="1547" pin=1"/></net>

<net id="1557"><net_src comp="1547" pin="2"/><net_sink comp="1553" pin=0"/></net>

<net id="1558"><net_src comp="570" pin="2"/><net_sink comp="1553" pin=1"/></net>

<net id="1564"><net_src comp="1553" pin="2"/><net_sink comp="1559" pin=0"/></net>

<net id="1570"><net_src comp="1559" pin="3"/><net_sink comp="1565" pin=1"/></net>

<net id="1580"><net_src comp="116" pin="0"/><net_sink comp="1574" pin=0"/></net>

<net id="1581"><net_src comp="1571" pin="1"/><net_sink comp="1574" pin=1"/></net>

<net id="1582"><net_src comp="118" pin="0"/><net_sink comp="1574" pin=2"/></net>

<net id="1583"><net_src comp="120" pin="0"/><net_sink comp="1574" pin=3"/></net>

<net id="1587"><net_src comp="1571" pin="1"/><net_sink comp="1584" pin=0"/></net>

<net id="1597"><net_src comp="116" pin="0"/><net_sink comp="1591" pin=0"/></net>

<net id="1598"><net_src comp="1588" pin="1"/><net_sink comp="1591" pin=1"/></net>

<net id="1599"><net_src comp="118" pin="0"/><net_sink comp="1591" pin=2"/></net>

<net id="1600"><net_src comp="120" pin="0"/><net_sink comp="1591" pin=3"/></net>

<net id="1604"><net_src comp="1588" pin="1"/><net_sink comp="1601" pin=0"/></net>

<net id="1609"><net_src comp="1574" pin="4"/><net_sink comp="1605" pin=0"/></net>

<net id="1610"><net_src comp="80" pin="0"/><net_sink comp="1605" pin=1"/></net>

<net id="1615"><net_src comp="1584" pin="1"/><net_sink comp="1611" pin=0"/></net>

<net id="1616"><net_src comp="122" pin="0"/><net_sink comp="1611" pin=1"/></net>

<net id="1621"><net_src comp="1611" pin="2"/><net_sink comp="1617" pin=0"/></net>

<net id="1622"><net_src comp="1605" pin="2"/><net_sink comp="1617" pin=1"/></net>

<net id="1627"><net_src comp="1591" pin="4"/><net_sink comp="1623" pin=0"/></net>

<net id="1628"><net_src comp="80" pin="0"/><net_sink comp="1623" pin=1"/></net>

<net id="1633"><net_src comp="1601" pin="1"/><net_sink comp="1629" pin=0"/></net>

<net id="1634"><net_src comp="122" pin="0"/><net_sink comp="1629" pin=1"/></net>

<net id="1639"><net_src comp="1629" pin="2"/><net_sink comp="1635" pin=0"/></net>

<net id="1640"><net_src comp="1623" pin="2"/><net_sink comp="1635" pin=1"/></net>

<net id="1645"><net_src comp="1617" pin="2"/><net_sink comp="1641" pin=0"/></net>

<net id="1646"><net_src comp="1635" pin="2"/><net_sink comp="1641" pin=1"/></net>

<net id="1651"><net_src comp="1641" pin="2"/><net_sink comp="1647" pin=0"/></net>

<net id="1652"><net_src comp="570" pin="2"/><net_sink comp="1647" pin=1"/></net>

<net id="1658"><net_src comp="1647" pin="2"/><net_sink comp="1653" pin=0"/></net>

<net id="1664"><net_src comp="1653" pin="3"/><net_sink comp="1659" pin=1"/></net>

<net id="1670"><net_src comp="524" pin="2"/><net_sink comp="1665" pin=1"/></net>

<net id="1671"><net_src comp="128" pin="0"/><net_sink comp="1665" pin=2"/></net>

<net id="1681"><net_src comp="116" pin="0"/><net_sink comp="1675" pin=0"/></net>

<net id="1682"><net_src comp="1672" pin="1"/><net_sink comp="1675" pin=1"/></net>

<net id="1683"><net_src comp="118" pin="0"/><net_sink comp="1675" pin=2"/></net>

<net id="1684"><net_src comp="120" pin="0"/><net_sink comp="1675" pin=3"/></net>

<net id="1688"><net_src comp="1672" pin="1"/><net_sink comp="1685" pin=0"/></net>

<net id="1698"><net_src comp="116" pin="0"/><net_sink comp="1692" pin=0"/></net>

<net id="1699"><net_src comp="1689" pin="1"/><net_sink comp="1692" pin=1"/></net>

<net id="1700"><net_src comp="118" pin="0"/><net_sink comp="1692" pin=2"/></net>

<net id="1701"><net_src comp="120" pin="0"/><net_sink comp="1692" pin=3"/></net>

<net id="1705"><net_src comp="1689" pin="1"/><net_sink comp="1702" pin=0"/></net>

<net id="1710"><net_src comp="1675" pin="4"/><net_sink comp="1706" pin=0"/></net>

<net id="1711"><net_src comp="80" pin="0"/><net_sink comp="1706" pin=1"/></net>

<net id="1716"><net_src comp="1685" pin="1"/><net_sink comp="1712" pin=0"/></net>

<net id="1717"><net_src comp="122" pin="0"/><net_sink comp="1712" pin=1"/></net>

<net id="1722"><net_src comp="1712" pin="2"/><net_sink comp="1718" pin=0"/></net>

<net id="1723"><net_src comp="1706" pin="2"/><net_sink comp="1718" pin=1"/></net>

<net id="1728"><net_src comp="1692" pin="4"/><net_sink comp="1724" pin=0"/></net>

<net id="1729"><net_src comp="80" pin="0"/><net_sink comp="1724" pin=1"/></net>

<net id="1734"><net_src comp="1702" pin="1"/><net_sink comp="1730" pin=0"/></net>

<net id="1735"><net_src comp="122" pin="0"/><net_sink comp="1730" pin=1"/></net>

<net id="1740"><net_src comp="1730" pin="2"/><net_sink comp="1736" pin=0"/></net>

<net id="1741"><net_src comp="1724" pin="2"/><net_sink comp="1736" pin=1"/></net>

<net id="1746"><net_src comp="1718" pin="2"/><net_sink comp="1742" pin=0"/></net>

<net id="1747"><net_src comp="1736" pin="2"/><net_sink comp="1742" pin=1"/></net>

<net id="1752"><net_src comp="1742" pin="2"/><net_sink comp="1748" pin=0"/></net>

<net id="1753"><net_src comp="579" pin="2"/><net_sink comp="1748" pin=1"/></net>

<net id="1759"><net_src comp="1748" pin="2"/><net_sink comp="1754" pin=0"/></net>

<net id="1765"><net_src comp="1754" pin="3"/><net_sink comp="1760" pin=1"/></net>

<net id="1775"><net_src comp="116" pin="0"/><net_sink comp="1769" pin=0"/></net>

<net id="1776"><net_src comp="1766" pin="1"/><net_sink comp="1769" pin=1"/></net>

<net id="1777"><net_src comp="118" pin="0"/><net_sink comp="1769" pin=2"/></net>

<net id="1778"><net_src comp="120" pin="0"/><net_sink comp="1769" pin=3"/></net>

<net id="1782"><net_src comp="1766" pin="1"/><net_sink comp="1779" pin=0"/></net>

<net id="1792"><net_src comp="116" pin="0"/><net_sink comp="1786" pin=0"/></net>

<net id="1793"><net_src comp="1783" pin="1"/><net_sink comp="1786" pin=1"/></net>

<net id="1794"><net_src comp="118" pin="0"/><net_sink comp="1786" pin=2"/></net>

<net id="1795"><net_src comp="120" pin="0"/><net_sink comp="1786" pin=3"/></net>

<net id="1799"><net_src comp="1783" pin="1"/><net_sink comp="1796" pin=0"/></net>

<net id="1804"><net_src comp="1769" pin="4"/><net_sink comp="1800" pin=0"/></net>

<net id="1805"><net_src comp="80" pin="0"/><net_sink comp="1800" pin=1"/></net>

<net id="1810"><net_src comp="1779" pin="1"/><net_sink comp="1806" pin=0"/></net>

<net id="1811"><net_src comp="122" pin="0"/><net_sink comp="1806" pin=1"/></net>

<net id="1816"><net_src comp="1806" pin="2"/><net_sink comp="1812" pin=0"/></net>

<net id="1817"><net_src comp="1800" pin="2"/><net_sink comp="1812" pin=1"/></net>

<net id="1822"><net_src comp="1786" pin="4"/><net_sink comp="1818" pin=0"/></net>

<net id="1823"><net_src comp="80" pin="0"/><net_sink comp="1818" pin=1"/></net>

<net id="1828"><net_src comp="1796" pin="1"/><net_sink comp="1824" pin=0"/></net>

<net id="1829"><net_src comp="122" pin="0"/><net_sink comp="1824" pin=1"/></net>

<net id="1834"><net_src comp="1824" pin="2"/><net_sink comp="1830" pin=0"/></net>

<net id="1835"><net_src comp="1818" pin="2"/><net_sink comp="1830" pin=1"/></net>

<net id="1840"><net_src comp="574" pin="2"/><net_sink comp="1836" pin=0"/></net>

<net id="1841"><net_src comp="1812" pin="2"/><net_sink comp="1836" pin=1"/></net>

<net id="1846"><net_src comp="1836" pin="2"/><net_sink comp="1842" pin=0"/></net>

<net id="1847"><net_src comp="1830" pin="2"/><net_sink comp="1842" pin=1"/></net>

<net id="1853"><net_src comp="1842" pin="2"/><net_sink comp="1848" pin=0"/></net>

<net id="1859"><net_src comp="516" pin="2"/><net_sink comp="1854" pin=1"/></net>

<net id="1865"><net_src comp="520" pin="2"/><net_sink comp="1860" pin=1"/></net>

<net id="1871"><net_src comp="529" pin="2"/><net_sink comp="1866" pin=1"/></net>

<net id="1881"><net_src comp="116" pin="0"/><net_sink comp="1875" pin=0"/></net>

<net id="1882"><net_src comp="1872" pin="1"/><net_sink comp="1875" pin=1"/></net>

<net id="1883"><net_src comp="118" pin="0"/><net_sink comp="1875" pin=2"/></net>

<net id="1884"><net_src comp="120" pin="0"/><net_sink comp="1875" pin=3"/></net>

<net id="1888"><net_src comp="1872" pin="1"/><net_sink comp="1885" pin=0"/></net>

<net id="1893"><net_src comp="1875" pin="4"/><net_sink comp="1889" pin=0"/></net>

<net id="1894"><net_src comp="80" pin="0"/><net_sink comp="1889" pin=1"/></net>

<net id="1899"><net_src comp="1885" pin="1"/><net_sink comp="1895" pin=0"/></net>

<net id="1900"><net_src comp="122" pin="0"/><net_sink comp="1895" pin=1"/></net>

<net id="1905"><net_src comp="1895" pin="2"/><net_sink comp="1901" pin=0"/></net>

<net id="1906"><net_src comp="1889" pin="2"/><net_sink comp="1901" pin=1"/></net>

<net id="1911"><net_src comp="1901" pin="2"/><net_sink comp="1907" pin=0"/></net>

<net id="1912"><net_src comp="574" pin="2"/><net_sink comp="1907" pin=1"/></net>

<net id="1922"><net_src comp="130" pin="0"/><net_sink comp="1916" pin=0"/></net>

<net id="1923"><net_src comp="1913" pin="1"/><net_sink comp="1916" pin=1"/></net>

<net id="1924"><net_src comp="132" pin="0"/><net_sink comp="1916" pin=2"/></net>

<net id="1925"><net_src comp="134" pin="0"/><net_sink comp="1916" pin=3"/></net>

<net id="1929"><net_src comp="1913" pin="1"/><net_sink comp="1926" pin=0"/></net>

<net id="1934"><net_src comp="1916" pin="4"/><net_sink comp="1930" pin=0"/></net>

<net id="1935"><net_src comp="136" pin="0"/><net_sink comp="1930" pin=1"/></net>

<net id="1940"><net_src comp="1926" pin="1"/><net_sink comp="1936" pin=0"/></net>

<net id="1941"><net_src comp="138" pin="0"/><net_sink comp="1936" pin=1"/></net>

<net id="1950"><net_src comp="1942" pin="2"/><net_sink comp="1946" pin=0"/></net>

<net id="1951"><net_src comp="587" pin="2"/><net_sink comp="1946" pin=1"/></net>

<net id="1958"><net_src comp="116" pin="0"/><net_sink comp="1952" pin=0"/></net>

<net id="1959"><net_src comp="118" pin="0"/><net_sink comp="1952" pin=2"/></net>

<net id="1960"><net_src comp="120" pin="0"/><net_sink comp="1952" pin=3"/></net>

<net id="1968"><net_src comp="1952" pin="4"/><net_sink comp="1964" pin=0"/></net>

<net id="1969"><net_src comp="80" pin="0"/><net_sink comp="1964" pin=1"/></net>

<net id="1974"><net_src comp="1961" pin="1"/><net_sink comp="1970" pin=0"/></net>

<net id="1975"><net_src comp="122" pin="0"/><net_sink comp="1970" pin=1"/></net>

<net id="1985"><net_src comp="116" pin="0"/><net_sink comp="1979" pin=0"/></net>

<net id="1986"><net_src comp="1976" pin="1"/><net_sink comp="1979" pin=1"/></net>

<net id="1987"><net_src comp="118" pin="0"/><net_sink comp="1979" pin=2"/></net>

<net id="1988"><net_src comp="120" pin="0"/><net_sink comp="1979" pin=3"/></net>

<net id="1992"><net_src comp="1976" pin="1"/><net_sink comp="1989" pin=0"/></net>

<net id="1997"><net_src comp="1979" pin="4"/><net_sink comp="1993" pin=0"/></net>

<net id="1998"><net_src comp="80" pin="0"/><net_sink comp="1993" pin=1"/></net>

<net id="2003"><net_src comp="1989" pin="1"/><net_sink comp="1999" pin=0"/></net>

<net id="2004"><net_src comp="122" pin="0"/><net_sink comp="1999" pin=1"/></net>

<net id="2009"><net_src comp="1999" pin="2"/><net_sink comp="2005" pin=0"/></net>

<net id="2010"><net_src comp="1993" pin="2"/><net_sink comp="2005" pin=1"/></net>

<net id="2015"><net_src comp="2005" pin="2"/><net_sink comp="2011" pin=1"/></net>

<net id="2020"><net_src comp="2011" pin="2"/><net_sink comp="2016" pin=0"/></net>

<net id="2021"><net_src comp="579" pin="2"/><net_sink comp="2016" pin=1"/></net>

<net id="2031"><net_src comp="116" pin="0"/><net_sink comp="2025" pin=0"/></net>

<net id="2032"><net_src comp="2022" pin="1"/><net_sink comp="2025" pin=1"/></net>

<net id="2033"><net_src comp="118" pin="0"/><net_sink comp="2025" pin=2"/></net>

<net id="2034"><net_src comp="120" pin="0"/><net_sink comp="2025" pin=3"/></net>

<net id="2038"><net_src comp="2022" pin="1"/><net_sink comp="2035" pin=0"/></net>

<net id="2043"><net_src comp="2025" pin="4"/><net_sink comp="2039" pin=0"/></net>

<net id="2044"><net_src comp="80" pin="0"/><net_sink comp="2039" pin=1"/></net>

<net id="2049"><net_src comp="2035" pin="1"/><net_sink comp="2045" pin=0"/></net>

<net id="2050"><net_src comp="122" pin="0"/><net_sink comp="2045" pin=1"/></net>

<net id="2055"><net_src comp="2045" pin="2"/><net_sink comp="2051" pin=0"/></net>

<net id="2056"><net_src comp="2039" pin="2"/><net_sink comp="2051" pin=1"/></net>

<net id="2061"><net_src comp="2051" pin="2"/><net_sink comp="2057" pin=1"/></net>

<net id="2066"><net_src comp="2057" pin="2"/><net_sink comp="2062" pin=0"/></net>

<net id="2067"><net_src comp="583" pin="2"/><net_sink comp="2062" pin=1"/></net>

<net id="2077"><net_src comp="116" pin="0"/><net_sink comp="2071" pin=0"/></net>

<net id="2078"><net_src comp="2068" pin="1"/><net_sink comp="2071" pin=1"/></net>

<net id="2079"><net_src comp="118" pin="0"/><net_sink comp="2071" pin=2"/></net>

<net id="2080"><net_src comp="120" pin="0"/><net_sink comp="2071" pin=3"/></net>

<net id="2084"><net_src comp="2068" pin="1"/><net_sink comp="2081" pin=0"/></net>

<net id="2089"><net_src comp="2071" pin="4"/><net_sink comp="2085" pin=0"/></net>

<net id="2090"><net_src comp="80" pin="0"/><net_sink comp="2085" pin=1"/></net>

<net id="2095"><net_src comp="2081" pin="1"/><net_sink comp="2091" pin=0"/></net>

<net id="2096"><net_src comp="122" pin="0"/><net_sink comp="2091" pin=1"/></net>

<net id="2101"><net_src comp="2091" pin="2"/><net_sink comp="2097" pin=0"/></net>

<net id="2102"><net_src comp="2085" pin="2"/><net_sink comp="2097" pin=1"/></net>

<net id="2107"><net_src comp="2097" pin="2"/><net_sink comp="2103" pin=1"/></net>

<net id="2112"><net_src comp="2103" pin="2"/><net_sink comp="2108" pin=0"/></net>

<net id="2113"><net_src comp="579" pin="2"/><net_sink comp="2108" pin=1"/></net>

<net id="2123"><net_src comp="116" pin="0"/><net_sink comp="2117" pin=0"/></net>

<net id="2124"><net_src comp="2114" pin="1"/><net_sink comp="2117" pin=1"/></net>

<net id="2125"><net_src comp="118" pin="0"/><net_sink comp="2117" pin=2"/></net>

<net id="2126"><net_src comp="120" pin="0"/><net_sink comp="2117" pin=3"/></net>

<net id="2130"><net_src comp="2114" pin="1"/><net_sink comp="2127" pin=0"/></net>

<net id="2135"><net_src comp="2117" pin="4"/><net_sink comp="2131" pin=0"/></net>

<net id="2136"><net_src comp="80" pin="0"/><net_sink comp="2131" pin=1"/></net>

<net id="2141"><net_src comp="2127" pin="1"/><net_sink comp="2137" pin=0"/></net>

<net id="2142"><net_src comp="122" pin="0"/><net_sink comp="2137" pin=1"/></net>

<net id="2147"><net_src comp="2137" pin="2"/><net_sink comp="2143" pin=0"/></net>

<net id="2148"><net_src comp="2131" pin="2"/><net_sink comp="2143" pin=1"/></net>

<net id="2153"><net_src comp="2143" pin="2"/><net_sink comp="2149" pin=1"/></net>

<net id="2158"><net_src comp="2149" pin="2"/><net_sink comp="2154" pin=0"/></net>

<net id="2159"><net_src comp="583" pin="2"/><net_sink comp="2154" pin=1"/></net>

<net id="2168"><net_src comp="2160" pin="2"/><net_sink comp="2164" pin=1"/></net>

<net id="2173"><net_src comp="2164" pin="2"/><net_sink comp="2169" pin=0"/></net>

<net id="2174"><net_src comp="583" pin="2"/><net_sink comp="2169" pin=1"/></net>

<net id="2178"><net_src comp="2175" pin="1"/><net_sink comp="184" pin=2"/></net>

<net id="2182"><net_src comp="498" pin="2"/><net_sink comp="2179" pin=0"/></net>

<net id="2189"><net_src comp="148" pin="0"/><net_sink comp="2183" pin=0"/></net>

<net id="2190"><net_src comp="2175" pin="1"/><net_sink comp="2183" pin=1"/></net>

<net id="2191"><net_src comp="150" pin="0"/><net_sink comp="2183" pin=2"/></net>

<net id="2192"><net_src comp="152" pin="0"/><net_sink comp="2183" pin=3"/></net>

<net id="2197"><net_src comp="2183" pin="4"/><net_sink comp="2193" pin=0"/></net>

<net id="2198"><net_src comp="2179" pin="1"/><net_sink comp="2193" pin=1"/></net>

<net id="2205"><net_src comp="148" pin="0"/><net_sink comp="2199" pin=0"/></net>

<net id="2206"><net_src comp="2175" pin="1"/><net_sink comp="2199" pin=1"/></net>

<net id="2207"><net_src comp="154" pin="0"/><net_sink comp="2199" pin=2"/></net>

<net id="2208"><net_src comp="156" pin="0"/><net_sink comp="2199" pin=3"/></net>

<net id="2212"><net_src comp="2175" pin="1"/><net_sink comp="2209" pin=0"/></net>

<net id="2219"><net_src comp="158" pin="0"/><net_sink comp="2213" pin=0"/></net>

<net id="2220"><net_src comp="2199" pin="4"/><net_sink comp="2213" pin=1"/></net>

<net id="2221"><net_src comp="2193" pin="2"/><net_sink comp="2213" pin=2"/></net>

<net id="2222"><net_src comp="2209" pin="1"/><net_sink comp="2213" pin=3"/></net>

<net id="2226"><net_src comp="610" pin="1"/><net_sink comp="2223" pin=0"/></net>

<net id="2233"><net_src comp="148" pin="0"/><net_sink comp="2227" pin=0"/></net>

<net id="2234"><net_src comp="463" pin="6"/><net_sink comp="2227" pin=1"/></net>

<net id="2235"><net_src comp="150" pin="0"/><net_sink comp="2227" pin=2"/></net>

<net id="2236"><net_src comp="152" pin="0"/><net_sink comp="2227" pin=3"/></net>

<net id="2241"><net_src comp="2227" pin="4"/><net_sink comp="2237" pin=0"/></net>

<net id="2242"><net_src comp="2223" pin="1"/><net_sink comp="2237" pin=1"/></net>

<net id="2249"><net_src comp="148" pin="0"/><net_sink comp="2243" pin=0"/></net>

<net id="2250"><net_src comp="463" pin="6"/><net_sink comp="2243" pin=1"/></net>

<net id="2251"><net_src comp="154" pin="0"/><net_sink comp="2243" pin=2"/></net>

<net id="2252"><net_src comp="156" pin="0"/><net_sink comp="2243" pin=3"/></net>

<net id="2256"><net_src comp="463" pin="6"/><net_sink comp="2253" pin=0"/></net>

<net id="2263"><net_src comp="158" pin="0"/><net_sink comp="2257" pin=0"/></net>

<net id="2264"><net_src comp="2243" pin="4"/><net_sink comp="2257" pin=1"/></net>

<net id="2265"><net_src comp="2237" pin="2"/><net_sink comp="2257" pin=2"/></net>

<net id="2266"><net_src comp="2253" pin="1"/><net_sink comp="2257" pin=3"/></net>

<net id="2267"><net_src comp="2257" pin="4"/><net_sink comp="474" pin=2"/></net>

<net id="2271"><net_src comp="498" pin="2"/><net_sink comp="2268" pin=0"/></net>

<net id="2278"><net_src comp="148" pin="0"/><net_sink comp="2272" pin=0"/></net>

<net id="2279"><net_src comp="474" pin="6"/><net_sink comp="2272" pin=1"/></net>

<net id="2280"><net_src comp="150" pin="0"/><net_sink comp="2272" pin=2"/></net>

<net id="2281"><net_src comp="152" pin="0"/><net_sink comp="2272" pin=3"/></net>

<net id="2286"><net_src comp="2272" pin="4"/><net_sink comp="2282" pin=0"/></net>

<net id="2287"><net_src comp="2268" pin="1"/><net_sink comp="2282" pin=1"/></net>

<net id="2294"><net_src comp="148" pin="0"/><net_sink comp="2288" pin=0"/></net>

<net id="2295"><net_src comp="471" pin="1"/><net_sink comp="2288" pin=1"/></net>

<net id="2296"><net_src comp="154" pin="0"/><net_sink comp="2288" pin=2"/></net>

<net id="2297"><net_src comp="156" pin="0"/><net_sink comp="2288" pin=3"/></net>

<net id="2301"><net_src comp="471" pin="1"/><net_sink comp="2298" pin=0"/></net>

<net id="2308"><net_src comp="158" pin="0"/><net_sink comp="2302" pin=0"/></net>

<net id="2309"><net_src comp="2288" pin="4"/><net_sink comp="2302" pin=1"/></net>

<net id="2310"><net_src comp="2298" pin="1"/><net_sink comp="2302" pin=3"/></net>

<net id="2311"><net_src comp="2302" pin="4"/><net_sink comp="488" pin=2"/></net>

<net id="2316"><net_src comp="488" pin="6"/><net_sink comp="2312" pin=0"/></net>

<net id="2321"><net_src comp="488" pin="6"/><net_sink comp="2317" pin=0"/></net>

<net id="2325"><net_src comp="610" pin="1"/><net_sink comp="2322" pin=0"/></net>

<net id="2332"><net_src comp="148" pin="0"/><net_sink comp="2326" pin=0"/></net>

<net id="2333"><net_src comp="488" pin="6"/><net_sink comp="2326" pin=1"/></net>

<net id="2334"><net_src comp="150" pin="0"/><net_sink comp="2326" pin=2"/></net>

<net id="2335"><net_src comp="152" pin="0"/><net_sink comp="2326" pin=3"/></net>

<net id="2340"><net_src comp="2326" pin="4"/><net_sink comp="2336" pin=0"/></net>

<net id="2341"><net_src comp="2322" pin="1"/><net_sink comp="2336" pin=1"/></net>

<net id="2348"><net_src comp="148" pin="0"/><net_sink comp="2342" pin=0"/></net>

<net id="2349"><net_src comp="488" pin="6"/><net_sink comp="2342" pin=1"/></net>

<net id="2350"><net_src comp="154" pin="0"/><net_sink comp="2342" pin=2"/></net>

<net id="2351"><net_src comp="156" pin="0"/><net_sink comp="2342" pin=3"/></net>

<net id="2355"><net_src comp="488" pin="6"/><net_sink comp="2352" pin=0"/></net>

<net id="2362"><net_src comp="158" pin="0"/><net_sink comp="2356" pin=0"/></net>

<net id="2363"><net_src comp="2342" pin="4"/><net_sink comp="2356" pin=1"/></net>

<net id="2364"><net_src comp="2336" pin="2"/><net_sink comp="2356" pin=2"/></net>

<net id="2365"><net_src comp="2352" pin="1"/><net_sink comp="2356" pin=3"/></net>

<net id="2370"><net_src comp="2356" pin="4"/><net_sink comp="2366" pin=0"/></net>

<net id="2374"><net_src comp="162" pin="1"/><net_sink comp="2371" pin=0"/></net>

<net id="2375"><net_src comp="2371" pin="1"/><net_sink comp="629" pin=1"/></net>

<net id="2376"><net_src comp="2371" pin="1"/><net_sink comp="649" pin=0"/></net>

<net id="2377"><net_src comp="2371" pin="1"/><net_sink comp="735" pin=1"/></net>

<net id="2381"><net_src comp="166" pin="1"/><net_sink comp="2378" pin=0"/></net>

<net id="2382"><net_src comp="2378" pin="1"/><net_sink comp="624" pin=1"/></net>

<net id="2383"><net_src comp="2378" pin="1"/><net_sink comp="652" pin=0"/></net>

<net id="2384"><net_src comp="2378" pin="1"/><net_sink comp="730" pin=1"/></net>

<net id="2388"><net_src comp="170" pin="1"/><net_sink comp="2385" pin=0"/></net>

<net id="2389"><net_src comp="2385" pin="1"/><net_sink comp="619" pin=1"/></net>

<net id="2390"><net_src comp="2385" pin="1"/><net_sink comp="634" pin=0"/></net>

<net id="2391"><net_src comp="2385" pin="1"/><net_sink comp="725" pin=1"/></net>

<net id="2395"><net_src comp="174" pin="1"/><net_sink comp="2392" pin=0"/></net>

<net id="2396"><net_src comp="2392" pin="1"/><net_sink comp="614" pin=1"/></net>

<net id="2397"><net_src comp="2392" pin="1"/><net_sink comp="2175" pin=0"/></net>

<net id="2398"><net_src comp="2392" pin="1"/><net_sink comp="2312" pin=1"/></net>

<net id="2399"><net_src comp="2392" pin="1"/><net_sink comp="2317" pin=1"/></net>

<net id="2400"><net_src comp="2392" pin="1"/><net_sink comp="2366" pin=1"/></net>

<net id="2404"><net_src comp="637" pin="2"/><net_sink comp="2401" pin=0"/></net>

<net id="2408"><net_src comp="667" pin="3"/><net_sink comp="2405" pin=0"/></net>

<net id="2409"><net_src comp="2405" pin="1"/><net_sink comp="713" pin=0"/></net>

<net id="2410"><net_src comp="2405" pin="1"/><net_sink comp="816" pin=0"/></net>

<net id="2411"><net_src comp="2405" pin="1"/><net_sink comp="874" pin=0"/></net>

<net id="2412"><net_src comp="2405" pin="1"/><net_sink comp="1081" pin=0"/></net>

<net id="2416"><net_src comp="675" pin="3"/><net_sink comp="2413" pin=0"/></net>

<net id="2417"><net_src comp="2413" pin="1"/><net_sink comp="755" pin=0"/></net>

<net id="2418"><net_src comp="2413" pin="1"/><net_sink comp="774" pin=0"/></net>

<net id="2419"><net_src comp="2413" pin="1"/><net_sink comp="991" pin=1"/></net>

<net id="2420"><net_src comp="2413" pin="1"/><net_sink comp="1002" pin=1"/></net>

<net id="2424"><net_src comp="687" pin="2"/><net_sink comp="2421" pin=0"/></net>

<net id="2425"><net_src comp="2421" pin="1"/><net_sink comp="743" pin=0"/></net>

<net id="2426"><net_src comp="2421" pin="1"/><net_sink comp="931" pin=0"/></net>

<net id="2427"><net_src comp="2421" pin="1"/><net_sink comp="943" pin=0"/></net>

<net id="2431"><net_src comp="703" pin="4"/><net_sink comp="2428" pin=0"/></net>

<net id="2432"><net_src comp="2428" pin="1"/><net_sink comp="740" pin=0"/></net>

<net id="2436"><net_src comp="740" pin="1"/><net_sink comp="2433" pin=0"/></net>

<net id="2437"><net_src comp="2433" pin="1"/><net_sink comp="819" pin=1"/></net>

<net id="2438"><net_src comp="2433" pin="1"/><net_sink comp="830" pin=1"/></net>

<net id="2442"><net_src comp="191" pin="3"/><net_sink comp="2439" pin=0"/></net>

<net id="2443"><net_src comp="2439" pin="1"/><net_sink comp="212" pin=2"/></net>

<net id="2447"><net_src comp="198" pin="3"/><net_sink comp="2444" pin=0"/></net>

<net id="2448"><net_src comp="2444" pin="1"/><net_sink comp="222" pin=2"/></net>

<net id="2452"><net_src comp="205" pin="3"/><net_sink comp="2449" pin=0"/></net>

<net id="2453"><net_src comp="2449" pin="1"/><net_sink comp="232" pin=2"/></net>

<net id="2457"><net_src comp="212" pin="7"/><net_sink comp="2454" pin=0"/></net>

<net id="2458"><net_src comp="2454" pin="1"/><net_sink comp="793" pin=2"/></net>

<net id="2462"><net_src comp="222" pin="7"/><net_sink comp="2459" pin=0"/></net>

<net id="2463"><net_src comp="2459" pin="1"/><net_sink comp="793" pin=4"/></net>

<net id="2467"><net_src comp="232" pin="7"/><net_sink comp="2464" pin=0"/></net>

<net id="2468"><net_src comp="2464" pin="1"/><net_sink comp="793" pin=6"/></net>

<net id="2472"><net_src comp="758" pin="2"/><net_sink comp="2469" pin=0"/></net>

<net id="2473"><net_src comp="2469" pin="1"/><net_sink comp="1019" pin=0"/></net>

<net id="2474"><net_src comp="2469" pin="1"/><net_sink comp="1024" pin=1"/></net>

<net id="2475"><net_src comp="2469" pin="1"/><net_sink comp="1031" pin=1"/></net>

<net id="2479"><net_src comp="768" pin="2"/><net_sink comp="2476" pin=0"/></net>

<net id="2480"><net_src comp="2476" pin="1"/><net_sink comp="819" pin=0"/></net>

<net id="2484"><net_src comp="774" pin="2"/><net_sink comp="2481" pin=0"/></net>

<net id="2485"><net_src comp="2481" pin="1"/><net_sink comp="1048" pin=0"/></net>

<net id="2486"><net_src comp="2481" pin="1"/><net_sink comp="1053" pin=1"/></net>

<net id="2487"><net_src comp="2481" pin="1"/><net_sink comp="1064" pin=1"/></net>

<net id="2491"><net_src comp="789" pin="1"/><net_sink comp="2488" pin=0"/></net>

<net id="2492"><net_src comp="2488" pin="1"/><net_sink comp="847" pin=8"/></net>

<net id="2493"><net_src comp="2488" pin="1"/><net_sink comp="899" pin=8"/></net>

<net id="2494"><net_src comp="2488" pin="1"/><net_sink comp="947" pin=8"/></net>

<net id="2495"><net_src comp="2488" pin="1"/><net_sink comp="972" pin=8"/></net>

<net id="2499"><net_src comp="793" pin="9"/><net_sink comp="2496" pin=0"/></net>

<net id="2500"><net_src comp="2496" pin="1"/><net_sink comp="557" pin=0"/></net>

<net id="2504"><net_src comp="810" pin="2"/><net_sink comp="2501" pin=0"/></net>

<net id="2508"><net_src comp="242" pin="3"/><net_sink comp="2505" pin=0"/></net>

<net id="2509"><net_src comp="2505" pin="1"/><net_sink comp="212" pin=0"/></net>

<net id="2513"><net_src comp="830" pin="2"/><net_sink comp="2510" pin=0"/></net>

<net id="2514"><net_src comp="2510" pin="1"/><net_sink comp="841" pin=0"/></net>

<net id="2518"><net_src comp="249" pin="3"/><net_sink comp="2515" pin=0"/></net>

<net id="2519"><net_src comp="2515" pin="1"/><net_sink comp="222" pin=0"/></net>

<net id="2523"><net_src comp="256" pin="3"/><net_sink comp="2520" pin=0"/></net>

<net id="2524"><net_src comp="2520" pin="1"/><net_sink comp="232" pin=0"/></net>

<net id="2528"><net_src comp="835" pin="2"/><net_sink comp="2525" pin=0"/></net>

<net id="2529"><net_src comp="2525" pin="1"/><net_sink comp="866" pin=0"/></net>

<net id="2530"><net_src comp="2525" pin="1"/><net_sink comp="1146" pin=0"/></net>

<net id="2531"><net_src comp="2525" pin="1"/><net_sink comp="1350" pin=0"/></net>

<net id="2535"><net_src comp="266" pin="3"/><net_sink comp="2532" pin=0"/></net>

<net id="2536"><net_src comp="2532" pin="1"/><net_sink comp="212" pin=2"/></net>

<net id="2540"><net_src comp="273" pin="3"/><net_sink comp="2537" pin=0"/></net>

<net id="2541"><net_src comp="2537" pin="1"/><net_sink comp="222" pin=2"/></net>

<net id="2545"><net_src comp="280" pin="3"/><net_sink comp="2542" pin=0"/></net>

<net id="2546"><net_src comp="2542" pin="1"/><net_sink comp="232" pin=2"/></net>

<net id="2550"><net_src comp="847" pin="9"/><net_sink comp="2547" pin=0"/></net>

<net id="2551"><net_src comp="2547" pin="1"/><net_sink comp="557" pin=0"/></net>

<net id="2555"><net_src comp="869" pin="1"/><net_sink comp="2552" pin=0"/></net>

<net id="2556"><net_src comp="2552" pin="1"/><net_sink comp="592" pin=0"/></net>

<net id="2560"><net_src comp="874" pin="2"/><net_sink comp="2557" pin=0"/></net>

<net id="2561"><net_src comp="2557" pin="1"/><net_sink comp="1124" pin=0"/></net>

<net id="2562"><net_src comp="2557" pin="1"/><net_sink comp="1293" pin=0"/></net>

<net id="2566"><net_src comp="889" pin="4"/><net_sink comp="2563" pin=0"/></net>

<net id="2567"><net_src comp="2563" pin="1"/><net_sink comp="928" pin=0"/></net>

<net id="2571"><net_src comp="899" pin="9"/><net_sink comp="2568" pin=0"/></net>

<net id="2572"><net_src comp="2568" pin="1"/><net_sink comp="557" pin=0"/></net>

<net id="2576"><net_src comp="918" pin="4"/><net_sink comp="2573" pin=0"/></net>

<net id="2577"><net_src comp="2573" pin="1"/><net_sink comp="943" pin=1"/></net>

<net id="2581"><net_src comp="290" pin="3"/><net_sink comp="2578" pin=0"/></net>

<net id="2582"><net_src comp="2578" pin="1"/><net_sink comp="212" pin=0"/></net>

<net id="2586"><net_src comp="297" pin="3"/><net_sink comp="2583" pin=0"/></net>

<net id="2587"><net_src comp="2583" pin="1"/><net_sink comp="222" pin=0"/></net>

<net id="2591"><net_src comp="304" pin="3"/><net_sink comp="2588" pin=0"/></net>

<net id="2592"><net_src comp="2588" pin="1"/><net_sink comp="232" pin=0"/></net>

<net id="2596"><net_src comp="943" pin="2"/><net_sink comp="2593" pin=0"/></net>

<net id="2597"><net_src comp="2593" pin="1"/><net_sink comp="966" pin=0"/></net>

<net id="2601"><net_src comp="947" pin="9"/><net_sink comp="2598" pin=0"/></net>

<net id="2602"><net_src comp="2598" pin="1"/><net_sink comp="560" pin=0"/></net>

<net id="2606"><net_src comp="557" pin="1"/><net_sink comp="2603" pin=0"/></net>

<net id="2607"><net_src comp="2603" pin="1"/><net_sink comp="547" pin=0"/></net>

<net id="2611"><net_src comp="314" pin="3"/><net_sink comp="2608" pin=0"/></net>

<net id="2612"><net_src comp="2608" pin="1"/><net_sink comp="212" pin=0"/></net>

<net id="2616"><net_src comp="321" pin="3"/><net_sink comp="2613" pin=0"/></net>

<net id="2617"><net_src comp="2613" pin="1"/><net_sink comp="222" pin=0"/></net>

<net id="2621"><net_src comp="328" pin="3"/><net_sink comp="2618" pin=0"/></net>

<net id="2622"><net_src comp="2618" pin="1"/><net_sink comp="232" pin=0"/></net>

<net id="2626"><net_src comp="557" pin="1"/><net_sink comp="2623" pin=0"/></net>

<net id="2627"><net_src comp="2623" pin="1"/><net_sink comp="547" pin=0"/></net>

<net id="2631"><net_src comp="972" pin="9"/><net_sink comp="2628" pin=0"/></net>

<net id="2632"><net_src comp="2628" pin="1"/><net_sink comp="560" pin=0"/></net>

<net id="2636"><net_src comp="557" pin="1"/><net_sink comp="2633" pin=0"/></net>

<net id="2637"><net_src comp="2633" pin="1"/><net_sink comp="547" pin=0"/></net>

<net id="2641"><net_src comp="560" pin="1"/><net_sink comp="2638" pin=0"/></net>

<net id="2642"><net_src comp="2638" pin="1"/><net_sink comp="552" pin=0"/></net>

<net id="2646"><net_src comp="560" pin="1"/><net_sink comp="2643" pin=0"/></net>

<net id="2647"><net_src comp="2643" pin="1"/><net_sink comp="552" pin=0"/></net>

<net id="2651"><net_src comp="1013" pin="2"/><net_sink comp="2648" pin=0"/></net>

<net id="2652"><net_src comp="2648" pin="1"/><net_sink comp="1127" pin=0"/></net>

<net id="2653"><net_src comp="2648" pin="1"/><net_sink comp="1149" pin=0"/></net>

<net id="2657"><net_src comp="1019" pin="2"/><net_sink comp="2654" pin=0"/></net>

<net id="2658"><net_src comp="2654" pin="1"/><net_sink comp="1168" pin=0"/></net>

<net id="2662"><net_src comp="1048" pin="2"/><net_sink comp="2659" pin=0"/></net>

<net id="2663"><net_src comp="2659" pin="1"/><net_sink comp="1256" pin=0"/></net>

<net id="2667"><net_src comp="338" pin="3"/><net_sink comp="2664" pin=0"/></net>

<net id="2668"><net_src comp="2664" pin="1"/><net_sink comp="359" pin=2"/></net>

<net id="2672"><net_src comp="345" pin="3"/><net_sink comp="2669" pin=0"/></net>

<net id="2673"><net_src comp="2669" pin="1"/><net_sink comp="429" pin=0"/></net>

<net id="2677"><net_src comp="352" pin="3"/><net_sink comp="2674" pin=0"/></net>

<net id="2678"><net_src comp="2674" pin="1"/><net_sink comp="435" pin=0"/></net>

<net id="2682"><net_src comp="369" pin="3"/><net_sink comp="2679" pin=0"/></net>

<net id="2683"><net_src comp="2679" pin="1"/><net_sink comp="359" pin=0"/></net>

<net id="2687"><net_src comp="1109" pin="2"/><net_sink comp="2684" pin=0"/></net>

<net id="2688"><net_src comp="2684" pin="1"/><net_sink comp="1115" pin=0"/></net>

<net id="2692"><net_src comp="376" pin="3"/><net_sink comp="2689" pin=0"/></net>

<net id="2693"><net_src comp="2689" pin="1"/><net_sink comp="440" pin=0"/></net>

<net id="2697"><net_src comp="359" pin="7"/><net_sink comp="2694" pin=0"/></net>

<net id="2698"><net_src comp="2694" pin="1"/><net_sink comp="1120" pin=0"/></net>

<net id="2699"><net_src comp="2694" pin="1"/><net_sink comp="1952" pin=1"/></net>

<net id="2700"><net_src comp="2694" pin="1"/><net_sink comp="1961" pin=0"/></net>

<net id="2704"><net_src comp="547" pin="2"/><net_sink comp="2701" pin=0"/></net>

<net id="2705"><net_src comp="2701" pin="1"/><net_sink comp="508" pin=1"/></net>

<net id="2706"><net_src comp="2701" pin="1"/><net_sink comp="574" pin=0"/></net>

<net id="2707"><net_src comp="2701" pin="1"/><net_sink comp="1766" pin=0"/></net>

<net id="2708"><net_src comp="2701" pin="1"/><net_sink comp="1848" pin=1"/></net>

<net id="2712"><net_src comp="384" pin="3"/><net_sink comp="2709" pin=0"/></net>

<net id="2713"><net_src comp="2709" pin="1"/><net_sink comp="359" pin=0"/></net>

<net id="2717"><net_src comp="391" pin="3"/><net_sink comp="2714" pin=0"/></net>

<net id="2718"><net_src comp="2714" pin="1"/><net_sink comp="445" pin=0"/></net>

<net id="2722"><net_src comp="359" pin="3"/><net_sink comp="2719" pin=0"/></net>

<net id="2723"><net_src comp="2719" pin="1"/><net_sink comp="1138" pin=0"/></net>

<net id="2727"><net_src comp="1120" pin="1"/><net_sink comp="2724" pin=0"/></net>

<net id="2728"><net_src comp="2724" pin="1"/><net_sink comp="508" pin=0"/></net>

<net id="2729"><net_src comp="2724" pin="1"/><net_sink comp="1168" pin=1"/></net>

<net id="2730"><net_src comp="2724" pin="1"/><net_sink comp="1256" pin=1"/></net>

<net id="2731"><net_src comp="2724" pin="1"/><net_sink comp="1313" pin=1"/></net>

<net id="2732"><net_src comp="2724" pin="1"/><net_sink comp="1370" pin=1"/></net>

<net id="2733"><net_src comp="2724" pin="1"/><net_sink comp="520" pin=1"/></net>

<net id="2734"><net_src comp="2724" pin="1"/><net_sink comp="583" pin=1"/></net>

<net id="2738"><net_src comp="547" pin="2"/><net_sink comp="2735" pin=0"/></net>

<net id="2739"><net_src comp="2735" pin="1"/><net_sink comp="508" pin=1"/></net>

<net id="2743"><net_src comp="359" pin="3"/><net_sink comp="2740" pin=0"/></net>

<net id="2744"><net_src comp="2740" pin="1"/><net_sink comp="1142" pin=0"/></net>

<net id="2748"><net_src comp="399" pin="3"/><net_sink comp="2745" pin=0"/></net>

<net id="2749"><net_src comp="2745" pin="1"/><net_sink comp="359" pin=0"/></net>

<net id="2753"><net_src comp="406" pin="3"/><net_sink comp="2750" pin=0"/></net>

<net id="2754"><net_src comp="2750" pin="1"/><net_sink comp="455" pin=0"/></net>

<net id="2758"><net_src comp="1138" pin="1"/><net_sink comp="2755" pin=0"/></net>

<net id="2759"><net_src comp="2755" pin="1"/><net_sink comp="508" pin=0"/></net>

<net id="2763"><net_src comp="547" pin="2"/><net_sink comp="2760" pin=0"/></net>

<net id="2764"><net_src comp="2760" pin="1"/><net_sink comp="508" pin=1"/></net>

<net id="2768"><net_src comp="359" pin="3"/><net_sink comp="2765" pin=0"/></net>

<net id="2769"><net_src comp="2765" pin="1"/><net_sink comp="1160" pin=0"/></net>

<net id="2773"><net_src comp="1142" pin="1"/><net_sink comp="2770" pin=0"/></net>

<net id="2774"><net_src comp="2770" pin="1"/><net_sink comp="508" pin=0"/></net>

<net id="2778"><net_src comp="414" pin="3"/><net_sink comp="2775" pin=0"/></net>

<net id="2779"><net_src comp="2775" pin="1"/><net_sink comp="359" pin=2"/></net>

<net id="2783"><net_src comp="421" pin="3"/><net_sink comp="2780" pin=0"/></net>

<net id="2784"><net_src comp="2780" pin="1"/><net_sink comp="450" pin=0"/></net>

<net id="2788"><net_src comp="552" pin="2"/><net_sink comp="2785" pin=0"/></net>

<net id="2789"><net_src comp="2785" pin="1"/><net_sink comp="512" pin=1"/></net>

<net id="2793"><net_src comp="359" pin="7"/><net_sink comp="2790" pin=0"/></net>

<net id="2794"><net_src comp="2790" pin="1"/><net_sink comp="1164" pin=0"/></net>

<net id="2798"><net_src comp="1160" pin="1"/><net_sink comp="2795" pin=0"/></net>

<net id="2799"><net_src comp="2795" pin="1"/><net_sink comp="512" pin=0"/></net>

<net id="2803"><net_src comp="552" pin="2"/><net_sink comp="2800" pin=0"/></net>

<net id="2804"><net_src comp="2800" pin="1"/><net_sink comp="512" pin=1"/></net>

<net id="2808"><net_src comp="1164" pin="1"/><net_sink comp="2805" pin=0"/></net>

<net id="2809"><net_src comp="2805" pin="1"/><net_sink comp="512" pin=0"/></net>

<net id="2813"><net_src comp="508" pin="2"/><net_sink comp="2810" pin=0"/></net>

<net id="2814"><net_src comp="2810" pin="1"/><net_sink comp="566" pin=0"/></net>

<net id="2815"><net_src comp="2810" pin="1"/><net_sink comp="516" pin=0"/></net>

<net id="2816"><net_src comp="2810" pin="1"/><net_sink comp="1205" pin=0"/></net>

<net id="2817"><net_src comp="2810" pin="1"/><net_sink comp="512" pin=0"/></net>

<net id="2818"><net_src comp="2810" pin="1"/><net_sink comp="570" pin=0"/></net>

<net id="2819"><net_src comp="2810" pin="1"/><net_sink comp="520" pin=0"/></net>

<net id="2820"><net_src comp="2810" pin="1"/><net_sink comp="579" pin=0"/></net>

<net id="2821"><net_src comp="2810" pin="1"/><net_sink comp="583" pin=0"/></net>

<net id="2822"><net_src comp="2810" pin="1"/><net_sink comp="524" pin=0"/></net>

<net id="2823"><net_src comp="2810" pin="1"/><net_sink comp="529" pin=0"/></net>

<net id="2827"><net_src comp="508" pin="2"/><net_sink comp="2824" pin=0"/></net>

<net id="2828"><net_src comp="2824" pin="1"/><net_sink comp="1168" pin=2"/></net>

<net id="2829"><net_src comp="2824" pin="1"/><net_sink comp="579" pin=1"/></net>

<net id="2830"><net_src comp="2824" pin="1"/><net_sink comp="1976" pin=0"/></net>

<net id="2831"><net_src comp="2824" pin="1"/><net_sink comp="524" pin=1"/></net>

<net id="2835"><net_src comp="1168" pin="3"/><net_sink comp="2832" pin=0"/></net>

<net id="2836"><net_src comp="2832" pin="1"/><net_sink comp="566" pin=1"/></net>

<net id="2837"><net_src comp="2832" pin="1"/><net_sink comp="516" pin=1"/></net>

<net id="2841"><net_src comp="1193" pin="2"/><net_sink comp="2838" pin=0"/></net>

<net id="2842"><net_src comp="2838" pin="1"/><net_sink comp="1240" pin=1"/></net>

<net id="2846"><net_src comp="1199" pin="2"/><net_sink comp="2843" pin=0"/></net>

<net id="2847"><net_src comp="2843" pin="1"/><net_sink comp="1240" pin=0"/></net>

<net id="2851"><net_src comp="508" pin="2"/><net_sink comp="2848" pin=0"/></net>

<net id="2852"><net_src comp="2848" pin="1"/><net_sink comp="1256" pin=2"/></net>

<net id="2853"><net_src comp="2848" pin="1"/><net_sink comp="583" pin=1"/></net>

<net id="2854"><net_src comp="2848" pin="1"/><net_sink comp="2022" pin=0"/></net>

<net id="2855"><net_src comp="2848" pin="1"/><net_sink comp="529" pin=1"/></net>

<net id="2859"><net_src comp="1234" pin="2"/><net_sink comp="2856" pin=0"/></net>

<net id="2860"><net_src comp="2856" pin="1"/><net_sink comp="1302" pin=0"/></net>

<net id="2861"><net_src comp="2856" pin="1"/><net_sink comp="1359" pin=0"/></net>

<net id="2862"><net_src comp="2856" pin="1"/><net_sink comp="1411" pin=0"/></net>

<net id="2863"><net_src comp="2856" pin="1"/><net_sink comp="2011" pin=0"/></net>

<net id="2864"><net_src comp="2856" pin="1"/><net_sink comp="2057" pin=0"/></net>

<net id="2865"><net_src comp="2856" pin="1"/><net_sink comp="2103" pin=0"/></net>

<net id="2866"><net_src comp="2856" pin="1"/><net_sink comp="2149" pin=0"/></net>

<net id="2867"><net_src comp="2856" pin="1"/><net_sink comp="2164" pin=0"/></net>

<net id="2871"><net_src comp="1250" pin="2"/><net_sink comp="2868" pin=0"/></net>

<net id="2872"><net_src comp="2868" pin="1"/><net_sink comp="1470" pin=0"/></net>

<net id="2873"><net_src comp="2868" pin="1"/><net_sink comp="1665" pin=0"/></net>

<net id="2877"><net_src comp="1256" pin="3"/><net_sink comp="2874" pin=0"/></net>

<net id="2878"><net_src comp="2874" pin="1"/><net_sink comp="566" pin=1"/></net>

<net id="2879"><net_src comp="2874" pin="1"/><net_sink comp="516" pin=1"/></net>

<net id="2883"><net_src comp="1281" pin="2"/><net_sink comp="2880" pin=0"/></net>

<net id="2884"><net_src comp="2880" pin="1"/><net_sink comp="1298" pin=1"/></net>

<net id="2888"><net_src comp="1287" pin="2"/><net_sink comp="2885" pin=0"/></net>

<net id="2889"><net_src comp="2885" pin="1"/><net_sink comp="1298" pin=0"/></net>

<net id="2893"><net_src comp="1293" pin="2"/><net_sink comp="2890" pin=0"/></net>

<net id="2894"><net_src comp="2890" pin="1"/><net_sink comp="1313" pin=0"/></net>

<net id="2898"><net_src comp="512" pin="2"/><net_sink comp="2895" pin=0"/></net>

<net id="2899"><net_src comp="2895" pin="1"/><net_sink comp="1313" pin=2"/></net>

<net id="2900"><net_src comp="2895" pin="1"/><net_sink comp="583" pin=1"/></net>

<net id="2901"><net_src comp="2895" pin="1"/><net_sink comp="2114" pin=0"/></net>

<net id="2902"><net_src comp="2895" pin="1"/><net_sink comp="529" pin=1"/></net>

<net id="2906"><net_src comp="1307" pin="2"/><net_sink comp="2903" pin=0"/></net>

<net id="2907"><net_src comp="2903" pin="1"/><net_sink comp="1565" pin=0"/></net>

<net id="2908"><net_src comp="2903" pin="1"/><net_sink comp="1854" pin=0"/></net>

<net id="2912"><net_src comp="1313" pin="3"/><net_sink comp="2909" pin=0"/></net>

<net id="2913"><net_src comp="2909" pin="1"/><net_sink comp="566" pin=1"/></net>

<net id="2914"><net_src comp="2909" pin="1"/><net_sink comp="512" pin=1"/></net>

<net id="2918"><net_src comp="1338" pin="2"/><net_sink comp="2915" pin=0"/></net>

<net id="2919"><net_src comp="2915" pin="1"/><net_sink comp="1355" pin=1"/></net>

<net id="2923"><net_src comp="1344" pin="2"/><net_sink comp="2920" pin=0"/></net>

<net id="2924"><net_src comp="2920" pin="1"/><net_sink comp="1355" pin=0"/></net>

<net id="2928"><net_src comp="1350" pin="2"/><net_sink comp="2925" pin=0"/></net>

<net id="2929"><net_src comp="2925" pin="1"/><net_sink comp="1370" pin=0"/></net>

<net id="2933"><net_src comp="512" pin="2"/><net_sink comp="2930" pin=0"/></net>

<net id="2934"><net_src comp="2930" pin="1"/><net_sink comp="1370" pin=2"/></net>

<net id="2935"><net_src comp="2930" pin="1"/><net_sink comp="579" pin=1"/></net>

<net id="2936"><net_src comp="2930" pin="1"/><net_sink comp="2068" pin=0"/></net>

<net id="2937"><net_src comp="2930" pin="1"/><net_sink comp="524" pin=1"/></net>

<net id="2941"><net_src comp="1364" pin="2"/><net_sink comp="2938" pin=0"/></net>

<net id="2942"><net_src comp="2938" pin="1"/><net_sink comp="1760" pin=0"/></net>

<net id="2943"><net_src comp="2938" pin="1"/><net_sink comp="1866" pin=0"/></net>

<net id="2947"><net_src comp="1370" pin="3"/><net_sink comp="2944" pin=0"/></net>

<net id="2948"><net_src comp="2944" pin="1"/><net_sink comp="570" pin=1"/></net>

<net id="2949"><net_src comp="2944" pin="1"/><net_sink comp="520" pin=1"/></net>

<net id="2953"><net_src comp="1395" pin="2"/><net_sink comp="2950" pin=0"/></net>

<net id="2954"><net_src comp="2950" pin="1"/><net_sink comp="1407" pin=1"/></net>

<net id="2958"><net_src comp="1401" pin="2"/><net_sink comp="2955" pin=0"/></net>

<net id="2959"><net_src comp="2955" pin="1"/><net_sink comp="1407" pin=0"/></net>

<net id="2963"><net_src comp="1416" pin="2"/><net_sink comp="2960" pin=0"/></net>

<net id="2964"><net_src comp="2960" pin="1"/><net_sink comp="1659" pin=0"/></net>

<net id="2965"><net_src comp="2960" pin="1"/><net_sink comp="1860" pin=0"/></net>

<net id="2969"><net_src comp="516" pin="2"/><net_sink comp="2966" pin=0"/></net>

<net id="2970"><net_src comp="2966" pin="1"/><net_sink comp="524" pin=0"/></net>

<net id="2971"><net_src comp="2966" pin="1"/><net_sink comp="574" pin=0"/></net>

<net id="2972"><net_src comp="2966" pin="1"/><net_sink comp="1422" pin=0"/></net>

<net id="2973"><net_src comp="2966" pin="1"/><net_sink comp="1463" pin=2"/></net>

<net id="2977"><net_src comp="516" pin="2"/><net_sink comp="2974" pin=0"/></net>

<net id="2978"><net_src comp="2974" pin="1"/><net_sink comp="570" pin=1"/></net>

<net id="2979"><net_src comp="2974" pin="1"/><net_sink comp="1494" pin=0"/></net>

<net id="2980"><net_src comp="2974" pin="1"/><net_sink comp="1559" pin=2"/></net>

<net id="2981"><net_src comp="2974" pin="1"/><net_sink comp="516" pin=1"/></net>

<net id="2985"><net_src comp="1470" pin="3"/><net_sink comp="2982" pin=0"/></net>

<net id="2986"><net_src comp="2982" pin="1"/><net_sink comp="570" pin=0"/></net>

<net id="2987"><net_src comp="2982" pin="1"/><net_sink comp="1477" pin=0"/></net>

<net id="2988"><net_src comp="2982" pin="1"/><net_sink comp="1559" pin=1"/></net>

<net id="2989"><net_src comp="2982" pin="1"/><net_sink comp="1565" pin=2"/></net>

<net id="2993"><net_src comp="512" pin="2"/><net_sink comp="2990" pin=0"/></net>

<net id="2994"><net_src comp="2990" pin="1"/><net_sink comp="579" pin=1"/></net>

<net id="2995"><net_src comp="2990" pin="1"/><net_sink comp="1689" pin=0"/></net>

<net id="2996"><net_src comp="2990" pin="1"/><net_sink comp="1754" pin=2"/></net>

<net id="2997"><net_src comp="2990" pin="1"/><net_sink comp="529" pin=1"/></net>

<net id="3001"><net_src comp="1565" pin="3"/><net_sink comp="2998" pin=0"/></net>

<net id="3002"><net_src comp="2998" pin="1"/><net_sink comp="570" pin=0"/></net>

<net id="3003"><net_src comp="2998" pin="1"/><net_sink comp="1571" pin=0"/></net>

<net id="3004"><net_src comp="2998" pin="1"/><net_sink comp="1653" pin=1"/></net>

<net id="3005"><net_src comp="2998" pin="1"/><net_sink comp="1659" pin=2"/></net>

<net id="3009"><net_src comp="520" pin="2"/><net_sink comp="3006" pin=0"/></net>

<net id="3010"><net_src comp="3006" pin="1"/><net_sink comp="570" pin=1"/></net>

<net id="3011"><net_src comp="3006" pin="1"/><net_sink comp="1588" pin=0"/></net>

<net id="3012"><net_src comp="3006" pin="1"/><net_sink comp="1653" pin=2"/></net>

<net id="3013"><net_src comp="3006" pin="1"/><net_sink comp="520" pin=1"/></net>

<net id="3017"><net_src comp="1659" pin="3"/><net_sink comp="3014" pin=0"/></net>

<net id="3018"><net_src comp="3014" pin="1"/><net_sink comp="579" pin=0"/></net>

<net id="3019"><net_src comp="3014" pin="1"/><net_sink comp="1672" pin=0"/></net>

<net id="3020"><net_src comp="3014" pin="1"/><net_sink comp="1754" pin=1"/></net>

<net id="3021"><net_src comp="3014" pin="1"/><net_sink comp="1760" pin=2"/></net>

<net id="3025"><net_src comp="1665" pin="3"/><net_sink comp="3022" pin=0"/></net>

<net id="3026"><net_src comp="3022" pin="1"/><net_sink comp="516" pin=0"/></net>

<net id="3027"><net_src comp="3022" pin="1"/><net_sink comp="1854" pin=2"/></net>

<net id="3031"><net_src comp="1760" pin="3"/><net_sink comp="3028" pin=0"/></net>

<net id="3032"><net_src comp="3028" pin="1"/><net_sink comp="574" pin=1"/></net>

<net id="3033"><net_src comp="3028" pin="1"/><net_sink comp="1783" pin=0"/></net>

<net id="3034"><net_src comp="3028" pin="1"/><net_sink comp="1848" pin=2"/></net>

<net id="3038"><net_src comp="1848" pin="3"/><net_sink comp="3035" pin=0"/></net>

<net id="3039"><net_src comp="3035" pin="1"/><net_sink comp="552" pin=0"/></net>

<net id="3040"><net_src comp="3035" pin="1"/><net_sink comp="435" pin=1"/></net>

<net id="3044"><net_src comp="1854" pin="3"/><net_sink comp="3041" pin=0"/></net>

<net id="3045"><net_src comp="3041" pin="1"/><net_sink comp="520" pin=0"/></net>

<net id="3046"><net_src comp="3041" pin="1"/><net_sink comp="1860" pin=2"/></net>

<net id="3050"><net_src comp="1860" pin="3"/><net_sink comp="3047" pin=0"/></net>

<net id="3051"><net_src comp="3047" pin="1"/><net_sink comp="529" pin=0"/></net>

<net id="3052"><net_src comp="3047" pin="1"/><net_sink comp="1866" pin=2"/></net>

<net id="3056"><net_src comp="1866" pin="3"/><net_sink comp="3053" pin=0"/></net>

<net id="3057"><net_src comp="3053" pin="1"/><net_sink comp="574" pin=0"/></net>

<net id="3058"><net_src comp="3053" pin="1"/><net_sink comp="1872" pin=0"/></net>

<net id="3059"><net_src comp="3053" pin="1"/><net_sink comp="552" pin=1"/></net>

<net id="3063"><net_src comp="1907" pin="2"/><net_sink comp="3060" pin=0"/></net>

<net id="3067"><net_src comp="552" pin="2"/><net_sink comp="3064" pin=0"/></net>

<net id="3068"><net_src comp="3064" pin="1"/><net_sink comp="563" pin=0"/></net>

<net id="3069"><net_src comp="3064" pin="1"/><net_sink comp="533" pin=0"/></net>

<net id="3070"><net_src comp="3064" pin="1"/><net_sink comp="537" pin=0"/></net>

<net id="3071"><net_src comp="3064" pin="1"/><net_sink comp="541" pin=0"/></net>

<net id="3075"><net_src comp="563" pin="1"/><net_sink comp="3072" pin=0"/></net>

<net id="3076"><net_src comp="3072" pin="1"/><net_sink comp="1913" pin=0"/></net>

<net id="3077"><net_src comp="3072" pin="1"/><net_sink comp="587" pin=0"/></net>

<net id="3081"><net_src comp="1930" pin="2"/><net_sink comp="3078" pin=0"/></net>

<net id="3082"><net_src comp="3078" pin="1"/><net_sink comp="1942" pin=1"/></net>

<net id="3086"><net_src comp="1936" pin="2"/><net_sink comp="3083" pin=0"/></net>

<net id="3087"><net_src comp="3083" pin="1"/><net_sink comp="1942" pin=0"/></net>

<net id="3091"><net_src comp="1946" pin="2"/><net_sink comp="3088" pin=0"/></net>

<net id="3095"><net_src comp="1964" pin="2"/><net_sink comp="3092" pin=0"/></net>

<net id="3096"><net_src comp="3092" pin="1"/><net_sink comp="2160" pin=1"/></net>

<net id="3100"><net_src comp="1970" pin="2"/><net_sink comp="3097" pin=0"/></net>

<net id="3101"><net_src comp="3097" pin="1"/><net_sink comp="2160" pin=0"/></net>

<net id="3105"><net_src comp="2016" pin="2"/><net_sink comp="3102" pin=0"/></net>

<net id="3109"><net_src comp="2062" pin="2"/><net_sink comp="3106" pin=0"/></net>

<net id="3113"><net_src comp="2108" pin="2"/><net_sink comp="3110" pin=0"/></net>

<net id="3117"><net_src comp="2154" pin="2"/><net_sink comp="3114" pin=0"/></net>

<net id="3121"><net_src comp="2169" pin="2"/><net_sink comp="3118" pin=0"/></net>

<net id="3125"><net_src comp="520" pin="2"/><net_sink comp="3122" pin=0"/></net>

<net id="3126"><net_src comp="3122" pin="1"/><net_sink comp="533" pin=1"/></net>

<net id="3130"><net_src comp="524" pin="2"/><net_sink comp="3127" pin=0"/></net>

<net id="3131"><net_src comp="3127" pin="1"/><net_sink comp="533" pin=1"/></net>

<net id="3135"><net_src comp="529" pin="2"/><net_sink comp="3132" pin=0"/></net>

<net id="3136"><net_src comp="3132" pin="1"/><net_sink comp="537" pin=1"/></net>

<net id="3140"><net_src comp="524" pin="2"/><net_sink comp="3137" pin=0"/></net>

<net id="3141"><net_src comp="3137" pin="1"/><net_sink comp="537" pin=1"/></net>

<net id="3145"><net_src comp="529" pin="2"/><net_sink comp="3142" pin=0"/></net>

<net id="3146"><net_src comp="3142" pin="1"/><net_sink comp="541" pin=1"/></net>

<net id="3150"><net_src comp="533" pin="2"/><net_sink comp="3147" pin=0"/></net>

<net id="3151"><net_src comp="3147" pin="1"/><net_sink comp="541" pin=0"/></net>

<net id="3155"><net_src comp="541" pin="2"/><net_sink comp="3152" pin=0"/></net>

<net id="3156"><net_src comp="3152" pin="1"/><net_sink comp="455" pin=1"/></net>

<net id="3160"><net_src comp="541" pin="2"/><net_sink comp="3157" pin=0"/></net>

<net id="3161"><net_src comp="3157" pin="1"/><net_sink comp="533" pin=0"/></net>

<net id="3165"><net_src comp="2175" pin="1"/><net_sink comp="3162" pin=0"/></net>

<net id="3166"><net_src comp="3162" pin="1"/><net_sink comp="463" pin=0"/></net>

<net id="3167"><net_src comp="3162" pin="1"/><net_sink comp="463" pin=4"/></net>

<net id="3171"><net_src comp="2213" pin="4"/><net_sink comp="3168" pin=0"/></net>

<net id="3172"><net_src comp="3168" pin="1"/><net_sink comp="463" pin=2"/></net>

<net id="3176"><net_src comp="2282" pin="2"/><net_sink comp="3173" pin=0"/></net>

<net id="3177"><net_src comp="3173" pin="1"/><net_sink comp="2302" pin=2"/></net>

</net_list>

</model> 
---------------- Datapath Model END ------------------

* FSMD analyzer results:
  - Output states:
	Port: p_ground | {}
	Port: spillage_flag | {90 }
	Port: spillage_level | {90 }
	Port: spillage_from_neigh | {101 }
	Port: spillage_from_neigh_1 | {101 }
	Port: spillage_from_neigh_2 | {103 }
	Port: spillage_from_neigh_3 | {103 }
	Port: p_out | {109 }
 - Input state : 
	Port: do_compute_Pipeline_VITIS_LOOP_109_9_VITIS_LOOP_110_10 : empty | {1 }
	Port: do_compute_Pipeline_VITIS_LOOP_109_9_VITIS_LOOP_110_10 : p_ground | {26 27 28 29 30 31 }
	Port: do_compute_Pipeline_VITIS_LOOP_109_9_VITIS_LOOP_110_10 : water_level | {2 3 11 12 13 14 15 16 }
	Port: do_compute_Pipeline_VITIS_LOOP_109_9_VITIS_LOOP_110_10 : water_level_1 | {2 3 11 12 13 14 15 16 }
	Port: do_compute_Pipeline_VITIS_LOOP_109_9_VITIS_LOOP_110_10 : water_level_2 | {2 3 11 12 13 14 15 16 }
  - Chain level:
	State 1
		store_ln0 : 1
		store_ln72 : 1
		store_ln72 : 1
		indvar_flatten9_load : 1
		icmp_ln109 : 2
		add_ln109_1 : 2
		br_ln109 : 3
		new_col_load : 1
		new_row_2_load : 1
		add_ln109 : 2
		icmp_ln110 : 2
		select_ln52 : 3
		select_ln109 : 3
		zext_ln117 : 4
		mul_ln111 : 5
		zext_ln52 : 4
		mul_ln52 : 5
		tmp_60 : 6
		urem_ln52 : 4
		add_ln110 : 4
		store_ln109 : 3
		store_ln72 : 4
		store_ln72 : 5
	State 2
		add_ln111 : 1
		zext_ln111_1 : 2
		water_level_addr : 3
		water_level_1_addr : 3
		water_level_2_addr : 3
		water_level_load : 4
		water_level_1_load : 4
		water_level_2_load : 4
	State 3
	State 4
	State 5
	State 6
	State 7
	State 8
		new_row : 1
		new_row_cast2 : 2
		mul_ln134_1 : 3
	State 9
	State 10
	State 11
		zext_ln134_2 : 1
		mul_ln134 : 2
		trunc_ln52 : 1
		tmp_s : 2
		icmp_ln111 : 3
		br_ln111 : 4
		zext_ln134_5 : 1
		water_level_addr_1 : 2
		add_ln134_1 : 3
		water_level_1_addr_1 : 2
		water_level_2_addr_1 : 2
		water_level_load_1 : 3
		water_level_1_load_1 : 3
		water_level_2_load_1 : 3
		new_col_1 : 1
	State 12
		water_level_addr_2 : 1
		water_level_1_addr_2 : 1
		water_level_2_addr_2 : 1
		tmp_4 : 1
		water_level_load_2 : 2
		water_level_1_load_2 : 2
		water_level_2_load_2 : 2
		zext_ln72 : 1
		mul_ln72 : 2
		zext_ln72_1 : 1
		mul_ln72_1 : 2
		tmp_66 : 3
	State 13
		tmp_5 : 1
		udiv_ln1_cast : 1
		add_ln134_6 : 1
		zext_ln134_11 : 2
		water_level_addr_4 : 3
		water_level_1_addr_4 : 3
		water_level_2_addr_4 : 3
		water_level_load_4 : 4
		water_level_1_load_4 : 4
		water_level_2_load_4 : 4
	State 14
		tmp_11 : 1
	State 15
		water_level_addr_3 : 1
		water_level_1_addr_3 : 1
		water_level_2_addr_3 : 1
		water_level_load_3 : 2
		water_level_1_load_3 : 2
		water_level_2_load_3 : 2
	State 16
		tmp_6 : 1
	State 17
	State 18
	State 19
	State 20
	State 21
	State 22
	State 23
	State 24
	State 25
	State 26
		zext_ln117_1 : 1
		zext_ln117_2 : 1
		add_ln117_1 : 2
		zext_ln134_1 : 1
		add_ln134_8 : 2
		zext_ln134_3 : 1
		zext_ln134_4 : 1
		add_ln134_9 : 2
		add_ln117 : 3
		zext_ln117_4 : 4
		p_ground_addr : 5
		spillage_flag_addr : 5
		spillage_level_addr : 5
		p_ground_load : 6
		add_ln134_2 : 3
		zext_ln134_7 : 4
		p_ground_addr_1 : 5
		add_ln134_3 : 3
		spillage_from_neigh_addr : 5
		p_ground_load_1 : 6
	State 27
		p_ground_addr_2 : 1
		spillage_from_neigh_1_addr : 1
		p_ground_load_2 : 2
	State 28
		current_height : 1
		add_ln134_7 : 1
		zext_ln134_13 : 2
		p_ground_addr_4 : 3
		spillage_from_neigh_3_addr : 3
		p_ground_load_4 : 4
	State 29
		neighbor_height : 1
	State 30
		neighbor_height_2 : 1
		add_ln134_5 : 1
		zext_ln134 : 2
		p_ground_addr_3 : 3
		spillage_from_neigh_2_addr : 3
		p_ground_load_3 : 4
	State 31
		neighbor_height_6 : 1
	State 32
	State 33
		neighbor_height_4 : 1
	State 34
	State 35
	State 36
		bitcast_ln139_1 : 1
		tmp_33 : 2
		trunc_ln139_1 : 2
		icmp_ln139_2 : 3
		icmp_ln139_3 : 3
		tmp_34 : 1
		height_diff : 1
	State 37
		tmp_32 : 1
		trunc_ln139 : 1
		icmp_ln139 : 2
		icmp_ln139_1 : 2
		or_ln139 : 3
		and_ln139 : 3
		and_ln139_1 : 3
		bitcast_ln139_2 : 1
		tmp_38 : 2
		trunc_ln139_2 : 2
		icmp_ln139_4 : 3
		icmp_ln139_5 : 3
		tmp_39 : 1
		height_diff_1 : 1
	State 38
		bitcast_ln139_4 : 1
		tmp_48 : 2
		trunc_ln139_4 : 2
		icmp_ln139_8 : 3
		icmp_ln139_9 : 3
		tmp_50 : 1
		height_diff_3 : 1
	State 39
	State 40
		bitcast_ln139_3 : 1
		tmp_43 : 2
		trunc_ln139_3 : 2
		icmp_ln139_6 : 3
		icmp_ln139_7 : 3
		tmp_44 : 1
		height_diff_2 : 1
	State 41
	State 42
	State 43
	State 44
		tmp_35 : 1
		trunc_ln142 : 1
		icmp_ln142 : 2
		icmp_ln142_1 : 2
		or_ln142 : 3
		and_ln142 : 3
		my_spillage_level : 3
		my_spillage_level_1 : 4
	State 45
	State 46
		tmp_40 : 1
		trunc_ln142_1 : 1
		tmp_41 : 1
		trunc_ln142_2 : 1
		icmp_ln142_2 : 2
		icmp_ln142_3 : 2
		or_ln142_1 : 3
		icmp_ln142_4 : 2
		icmp_ln142_5 : 2
		or_ln142_2 : 3
		and_ln142_1 : 3
		and_ln142_2 : 3
		my_spillage_level_2 : 3
		my_spillage_level_3 : 4
	State 47
	State 48
		tmp_45 : 1
		trunc_ln142_3 : 1
		tmp_46 : 1
		trunc_ln142_4 : 1
		icmp_ln142_6 : 2
		icmp_ln142_7 : 2
		or_ln142_3 : 3
		icmp_ln142_8 : 2
		icmp_ln142_9 : 2
		or_ln142_4 : 3
		and_ln142_3 : 3
		and_ln142_4 : 3
		my_spillage_level_4 : 3
		my_spillage_level_5 : 4
	State 49
		sum_diff_1 : 1
	State 50
		tmp_55 : 1
		trunc_ln142_5 : 1
		tmp_56 : 1
		trunc_ln142_6 : 1
		icmp_ln142_10 : 2
		icmp_ln142_11 : 2
		or_ln142_5 : 3
		icmp_ln142_12 : 2
		icmp_ln142_13 : 2
		or_ln142_6 : 3
		and_ln142_5 : 3
		and_ln142_6 : 3
		my_spillage_level_6 : 3
		my_spillage_level_7 : 4
	State 51
	State 52
		tmp_58 : 1
		trunc_ln145 : 1
		tmp_59 : 1
		trunc_ln145_1 : 1
		icmp_ln145 : 2
		icmp_ln145_1 : 2
		or_ln145 : 3
		icmp_ln145_2 : 2
		icmp_ln145_3 : 2
		or_ln145_1 : 3
		and_ln145 : 3
		and_ln145_1 : 3
		my_spillage_level_8 : 3
	State 53
	State 54
	State 55
	State 56
		sum_diff_3 : 1
	State 57
	State 58
	State 59
	State 60
	State 61
	State 62
	State 63
		sum_diff_5 : 1
	State 64
	State 65
	State 66
	State 67
	State 68
	State 69
	State 70
		sum_diff_7 : 1
	State 71
	State 72
		tmp_62 : 1
		trunc_ln148 : 1
		icmp_ln148 : 2
		icmp_ln148_1 : 2
		or_ln148 : 3
		and_ln148 : 3
		br_ln148 : 3
	State 73
	State 74
	State 75
	State 76
	State 77
	State 78
	State 79
	State 80
	State 81
	State 82
	State 83
	State 84
	State 85
	State 86
	State 87
	State 88
		tmp_64 : 1
		trunc_ln151 : 1
		icmp_ln151 : 2
		icmp_ln151_1 : 2
	State 89
		and_ln151 : 1
		br_ln151 : 1
		notlhs178 : 1
		notrhs179 : 1
	State 90
		tmp_69 : 1
		trunc_ln175 : 1
		icmp_ln175 : 2
		icmp_ln175_1 : 2
		or_ln175 : 3
		and_ln175 : 3
		and_ln175_1 : 3
		br_ln175 : 3
		tmp_72 : 1
		trunc_ln175_1 : 1
		icmp_ln175_2 : 2
		icmp_ln175_3 : 2
		or_ln175_1 : 3
		and_ln175_2 : 3
		and_ln175_3 : 3
		br_ln175 : 3
	State 91
		tmp_75 : 1
		trunc_ln175_2 : 1
		icmp_ln175_4 : 2
		icmp_ln175_5 : 2
		or_ln175_2 : 3
		and_ln175_4 : 3
		and_ln175_5 : 3
		br_ln175 : 3
		tmp_78 : 1
		trunc_ln175_3 : 1
		icmp_ln175_6 : 2
		icmp_ln175_7 : 2
		or_ln175_3 : 3
		and_ln175_6 : 3
		and_ln175_7 : 3
		br_ln175 : 3
	State 92
	State 93
	State 94
	State 95
	State 96
	State 97
	State 98
	State 99
	State 100
	State 101
	State 102
	State 103
	State 104
	State 105
	State 106
	State 107
	State 108
	State 109
		sext_ln169 : 1
		trunc_ln : 1
		add_ln168 : 2
		tmp_71 : 1
		trunc_ln168 : 1
		or_ln2 : 3
		write_ln168 : 1
	State 110
		trunc_ln168_1 : 1
		add_ln168_1 : 2
		tmp_74 : 1
		trunc_ln168_4 : 1
		or_ln168_1 : 3
		empty_75 : 4
		sext_ln169_2 : 1
		trunc_ln168_2 : 5
		add_ln168_2 : 6
	State 111
		or_ln168_2 : 1
		empty_74 : 2
		store_ln168 : 3
		store_ln168 : 3
		trunc_ln168_3 : 3
		add_ln168_3 : 4
		tmp_80 : 3
		trunc_ln168_6 : 3
		or_ln168_3 : 5
		store_ln168 : 6


============================================================
+ Verbose Summary: Datapath Resource usage 
============================================================

* Functional unit list:
|----------|-----------------------------------|---------|---------|---------|
| Operation|          Functional Unit          |   DSP   |    FF   |   LUT   |
|----------|-----------------------------------|---------|---------|---------|
|          |             grp_fu_508            |    2    |   318   |   198   |
|          |             grp_fu_512            |    2    |   318   |   198   |
|   fadd   |             grp_fu_516            |    2    |   318   |   198   |
|          |             grp_fu_520            |    2    |   318   |   198   |
|          |             grp_fu_524            |    2    |   318   |   198   |
|          |             grp_fu_529            |    2    |   318   |   198   |
|----------|-----------------------------------|---------|---------|---------|
|          |         icmp_ln109_fu_637         |    0    |    0    |    20   |
|          |         icmp_ln110_fu_661         |    0    |    0    |    14   |
|          |         icmp_ln111_fu_810         |    0    |    0    |    39   |
|          |          empty_72_fu_1019         |    0    |    0    |    14   |
|          |          empty_73_fu_1048         |    0    |    0    |    13   |
|          |        icmp_ln139_2_fu_1193       |    0    |    0    |    15   |
|          |        icmp_ln139_3_fu_1199       |    0    |    0    |    30   |
|          |         icmp_ln139_fu_1222        |    0    |    0    |    15   |
|          |        icmp_ln139_1_fu_1228       |    0    |    0    |    30   |
|          |        icmp_ln139_4_fu_1281       |    0    |    0    |    15   |
|          |        icmp_ln139_5_fu_1287       |    0    |    0    |    30   |
|          |        icmp_ln128_1_fu_1293       |    0    |    0    |    14   |
|          |        icmp_ln139_8_fu_1338       |    0    |    0    |    15   |
|          |        icmp_ln139_9_fu_1344       |    0    |    0    |    30   |
|          |         icmp_ln128_fu_1350        |    0    |    0    |    15   |
|          |        icmp_ln139_6_fu_1395       |    0    |    0    |    15   |
|          |        icmp_ln139_7_fu_1401       |    0    |    0    |    30   |
|          |         icmp_ln142_fu_1439        |    0    |    0    |    15   |
|          |        icmp_ln142_1_fu_1445       |    0    |    0    |    30   |
|          |        icmp_ln142_2_fu_1511       |    0    |    0    |    15   |
|          |        icmp_ln142_3_fu_1517       |    0    |    0    |    30   |
|          |        icmp_ln142_4_fu_1529       |    0    |    0    |    15   |
|          |        icmp_ln142_5_fu_1535       |    0    |    0    |    30   |
|          |        icmp_ln142_6_fu_1605       |    0    |    0    |    15   |
|   icmp   |        icmp_ln142_7_fu_1611       |    0    |    0    |    30   |
|          |        icmp_ln142_8_fu_1623       |    0    |    0    |    15   |
|          |        icmp_ln142_9_fu_1629       |    0    |    0    |    30   |
|          |       icmp_ln142_10_fu_1706       |    0    |    0    |    15   |
|          |       icmp_ln142_11_fu_1712       |    0    |    0    |    30   |
|          |       icmp_ln142_12_fu_1724       |    0    |    0    |    15   |
|          |       icmp_ln142_13_fu_1730       |    0    |    0    |    30   |
|          |         icmp_ln145_fu_1800        |    0    |    0    |    15   |
|          |        icmp_ln145_1_fu_1806       |    0    |    0    |    30   |
|          |        icmp_ln145_2_fu_1818       |    0    |    0    |    15   |
|          |        icmp_ln145_3_fu_1824       |    0    |    0    |    30   |
|          |         icmp_ln148_fu_1889        |    0    |    0    |    15   |
|          |        icmp_ln148_1_fu_1895       |    0    |    0    |    30   |
|          |         icmp_ln151_fu_1930        |    0    |    0    |    18   |
|          |        icmp_ln151_1_fu_1936       |    0    |    0    |    59   |
|          |         notlhs178_fu_1964         |    0    |    0    |    15   |
|          |         notrhs179_fu_1970         |    0    |    0    |    30   |
|          |         icmp_ln175_fu_1993        |    0    |    0    |    15   |
|          |        icmp_ln175_1_fu_1999       |    0    |    0    |    30   |
|          |        icmp_ln175_2_fu_2039       |    0    |    0    |    15   |
|          |        icmp_ln175_3_fu_2045       |    0    |    0    |    30   |
|          |        icmp_ln175_4_fu_2085       |    0    |    0    |    15   |
|          |        icmp_ln175_5_fu_2091       |    0    |    0    |    30   |
|          |        icmp_ln175_6_fu_2131       |    0    |    0    |    15   |
|          |        icmp_ln175_7_fu_2137       |    0    |    0    |    30   |
|----------|-----------------------------------|---------|---------|---------|
|   call   | grp_p_hls_fptosi_float_i32_fu_498 |    0    |    33   |   326   |
|          | grp_p_hls_fptosi_float_i32_fu_503 |    0    |    33   |   326   |
|----------|-----------------------------------|---------|---------|---------|
|          |             grp_fu_533            |    3    |   143   |    78   |
|   fmul   |             grp_fu_537            |    3    |   143   |    78   |
|          |             grp_fu_541            |    3    |   143   |    78   |
|----------|-----------------------------------|---------|---------|---------|
|          |         add_ln109_1_fu_643        |    0    |    0    |    20   |
|          |          add_ln109_fu_655         |    0    |    0    |    13   |
|          |          add_ln110_fu_719         |    0    |    0    |    14   |
|          |          add_ln111_fu_743         |    0    |    0    |    18   |
|          |           new_row_fu_758          |    0    |    0    |    13   |
|          |          new_row_1_fu_774         |    0    |    0    |    13   |
|          |          add_ln134_fu_819         |    0    |    0    |    18   |
|          |         add_ln134_1_fu_830        |    0    |    0    |    18   |
|          |          new_col_1_fu_835         |    0    |    0    |    14   |
|          |          new_col_2_fu_874         |    0    |    0    |    14   |
|          |         add_ln134_6_fu_931        |    0    |    0    |    18   |
|    add   |         add_ln134_4_fu_943        |    0    |    0    |    18   |
|          |        add_ln117_1_fu_1013        |    0    |    0    |    19   |
|          |        add_ln134_8_fu_1042        |    0    |    0    |    20   |
|          |        add_ln134_9_fu_1075        |    0    |    0    |    19   |
|          |         add_ln117_fu_1084         |    0    |    0    |    20   |
|          |        add_ln134_2_fu_1097        |    0    |    0    |    20   |
|          |        add_ln134_3_fu_1109        |    0    |    0    |    20   |
|          |        add_ln134_7_fu_1127        |    0    |    0    |    20   |
|          |        add_ln134_5_fu_1149        |    0    |    0    |    20   |
|          |         add_ln168_fu_2193         |    0    |    0    |    71   |
|          |        add_ln168_1_fu_2237        |    0    |    0    |    71   |
|          |        add_ln168_2_fu_2282        |    0    |    0    |    71   |
|          |        add_ln168_3_fu_2336        |    0    |    0    |    71   |
|----------|-----------------------------------|---------|---------|---------|
|          |         select_ln52_fu_667        |    0    |    0    |    7    |
|          |        select_ln109_fu_675        |    0    |    0    |    6    |
|          |     neighbor_height_1_fu_1168     |    0    |    0    |    32   |
|          |     neighbor_height_3_fu_1256     |    0    |    0    |    32   |
|          |     neighbor_height_7_fu_1313     |    0    |    0    |    32   |
|          |     neighbor_height_5_fu_1370     |    0    |    0    |    32   |
|          |     my_spillage_level_fu_1463     |    0    |    0    |    32   |
|          |    my_spillage_level_1_fu_1470    |    0    |    0    |    32   |
|          |    my_spillage_level_2_fu_1559    |    0    |    0    |    32   |
|  select  |    my_spillage_level_3_fu_1565    |    0    |    0    |    32   |
|          |    my_spillage_level_4_fu_1653    |    0    |    0    |    32   |
|          |    my_spillage_level_5_fu_1659    |    0    |    0    |    32   |
|          |         sum_diff_1_fu_1665        |    0    |    0    |    32   |
|          |    my_spillage_level_6_fu_1754    |    0    |    0    |    32   |
|          |    my_spillage_level_7_fu_1760    |    0    |    0    |    32   |
|          |    my_spillage_level_8_fu_1848    |    0    |    0    |    32   |
|          |         sum_diff_3_fu_1854        |    0    |    0    |    32   |
|          |         sum_diff_5_fu_1860        |    0    |    0    |    32   |
|          |         sum_diff_7_fu_1866        |    0    |    0    |    32   |
|----------|-----------------------------------|---------|---------|---------|
|          |             grp_fu_592            |    4    |   173   |    53   |
|          |          mul_ln111_fu_687         |    0    |    0    |    23   |
|    mul   |          mul_ln52_fu_697          |    0    |    0    |    49   |
|          |         mul_ln134_1_fu_768        |    0    |    0    |    33   |
|          |          mul_ln134_fu_783         |    0    |    0    |    23   |
|          |         mul_ln72_1_fu_883         |    0    |    0    |    49   |
|----------|-----------------------------------|---------|---------|---------|
|   urem   |             grp_fu_713            |    0    |   158   |    87   |
|----------|-----------------------------------|---------|---------|---------|
|          |         and_ln139_fu_1244         |    0    |    0    |    2    |
|          |        and_ln139_1_fu_1250        |    0    |    0    |    2    |
|          |        and_ln139_2_fu_1302        |    0    |    0    |    2    |
|          |        and_ln139_3_fu_1307        |    0    |    0    |    2    |
|          |        and_ln139_6_fu_1359        |    0    |    0    |    2    |
|          |        and_ln139_7_fu_1364        |    0    |    0    |    2    |
|          |        and_ln139_4_fu_1411        |    0    |    0    |    2    |
|          |        and_ln139_5_fu_1416        |    0    |    0    |    2    |
|          |         and_ln142_fu_1457         |    0    |    0    |    2    |
|          |        and_ln142_1_fu_1547        |    0    |    0    |    2    |
|          |        and_ln142_2_fu_1553        |    0    |    0    |    2    |
|          |        and_ln142_3_fu_1641        |    0    |    0    |    2    |
|          |        and_ln142_4_fu_1647        |    0    |    0    |    2    |
|          |        and_ln142_5_fu_1742        |    0    |    0    |    2    |
|    and   |        and_ln142_6_fu_1748        |    0    |    0    |    2    |
|          |         and_ln145_fu_1836         |    0    |    0    |    2    |
|          |        and_ln145_1_fu_1842        |    0    |    0    |    2    |
|          |         and_ln148_fu_1907         |    0    |    0    |    2    |
|          |         and_ln151_fu_1946         |    0    |    0    |    2    |
|          |         and_ln175_fu_2011         |    0    |    0    |    2    |
|          |        and_ln175_1_fu_2016        |    0    |    0    |    2    |
|          |        and_ln175_2_fu_2057        |    0    |    0    |    2    |
|          |        and_ln175_3_fu_2062        |    0    |    0    |    2    |
|          |        and_ln175_4_fu_2103        |    0    |    0    |    2    |
|          |        and_ln175_5_fu_2108        |    0    |    0    |    2    |
|          |        and_ln175_6_fu_2149        |    0    |    0    |    2    |
|          |        and_ln175_7_fu_2154        |    0    |    0    |    2    |
|          |          empty_79_fu_2164         |    0    |    0    |    2    |
|          |          empty_80_fu_2169         |    0    |    0    |    2    |
|----------|-----------------------------------|---------|---------|---------|
|          |            tmp_s_fu_793           |    0    |    0    |    9    |
|          |            tmp_4_fu_847           |    0    |    0    |    9    |
| sparsemux|            tmp_5_fu_899           |    0    |    0    |    9    |
|          |           tmp_11_fu_947           |    0    |    0    |    9    |
|          |            tmp_6_fu_972           |    0    |    0    |    9    |
|----------|-----------------------------------|---------|---------|---------|
|          |          or_ln139_fu_1234         |    0    |    0    |    2    |
|          |         or_ln139_1_fu_1240        |    0    |    0    |    2    |
|          |         or_ln139_2_fu_1298        |    0    |    0    |    2    |
|          |         or_ln139_4_fu_1355        |    0    |    0    |    2    |
|          |         or_ln139_3_fu_1407        |    0    |    0    |    2    |
|          |          or_ln142_fu_1451         |    0    |    0    |    2    |
|          |         or_ln142_1_fu_1523        |    0    |    0    |    2    |
|          |         or_ln142_2_fu_1541        |    0    |    0    |    2    |
|          |         or_ln142_3_fu_1617        |    0    |    0    |    2    |
|          |         or_ln142_4_fu_1635        |    0    |    0    |    2    |
|    or    |         or_ln142_5_fu_1718        |    0    |    0    |    2    |
|          |         or_ln142_6_fu_1736        |    0    |    0    |    2    |
|          |          or_ln145_fu_1812         |    0    |    0    |    2    |
|          |         or_ln145_1_fu_1830        |    0    |    0    |    2    |
|          |          or_ln148_fu_1901         |    0    |    0    |    2    |
|          |          or_ln151_fu_1942         |    0    |    0    |    2    |
|          |          or_ln175_fu_2005         |    0    |    0    |    2    |
|          |         or_ln175_1_fu_2051        |    0    |    0    |    2    |
|          |         or_ln175_2_fu_2097        |    0    |    0    |    2    |
|          |         or_ln175_3_fu_2143        |    0    |    0    |    2    |
|          |          empty_78_fu_2160         |    0    |    0    |    2    |
|----------|-----------------------------------|---------|---------|---------|
|   read   |          tmp_read_fu_178          |    0    |    0    |    0    |
|----------|-----------------------------------|---------|---------|---------|
|   write  |      write_ln168_write_fu_184     |    0    |    0    |    0    |
|----------|-----------------------------------|---------|---------|---------|
|   fdiv   |             grp_fu_547            |    0    |    0    |    0    |
|          |             grp_fu_552            |    0    |    0    |    0    |
|----------|-----------------------------------|---------|---------|---------|
|  sitofp  |             grp_fu_557            |    0    |    0    |    0    |
|          |             grp_fu_560            |    0    |    0    |    0    |
|----------|-----------------------------------|---------|---------|---------|
|   fpext  |             grp_fu_563            |    0    |    0    |    0    |
|----------|-----------------------------------|---------|---------|---------|
|          |             grp_fu_566            |    0    |    0    |    0    |
|          |             grp_fu_570            |    0    |    0    |    0    |
|   fcmp   |             grp_fu_574            |    0    |    0    |    0    |
|          |             grp_fu_579            |    0    |    0    |    0    |
|          |             grp_fu_583            |    0    |    0    |    0    |
|----------|-----------------------------------|---------|---------|---------|
|   dcmp   |             grp_fu_587            |    0    |    0    |    0    |
|----------|-----------------------------------|---------|---------|---------|
|          |         zext_ln117_fu_683         |    0    |    0    |    0    |
|          |          zext_ln52_fu_693         |    0    |    0    |    0    |
|          |         zext_ln111_fu_740         |    0    |    0    |    0    |
|          |        zext_ln111_1_fu_748        |    0    |    0    |    0    |
|          |       row_pos_4_cast_fu_755       |    0    |    0    |    0    |
|          |        new_row_cast2_fu_764       |    0    |    0    |    0    |
|          |        zext_ln134_2_fu_779        |    0    |    0    |    0    |
|          |         zext_ln122_fu_816         |    0    |    0    |    0    |
|          |        zext_ln134_5_fu_823        |    0    |    0    |    0    |
|          |        zext_ln134_6_fu_841        |    0    |    0    |    0    |
|          |          zext_ln72_fu_869         |    0    |    0    |    0    |
|          |         zext_ln72_1_fu_879        |    0    |    0    |    0    |
|          |        zext_ln134_10_fu_928       |    0    |    0    |    0    |
|   zext   |        zext_ln134_11_fu_936       |    0    |    0    |    0    |
|          |        zext_ln134_9_fu_966        |    0    |    0    |    0    |
|          |        zext_ln117_1_fu_998        |    0    |    0    |    0    |
|          |        zext_ln117_2_fu_1009       |    0    |    0    |    0    |
|          |        zext_ln134_1_fu_1038       |    0    |    0    |    0    |
|          |        zext_ln134_3_fu_1060       |    0    |    0    |    0    |
|          |        zext_ln134_4_fu_1071       |    0    |    0    |    0    |
|          |        zext_ln117_3_fu_1081       |    0    |    0    |    0    |
|          |        zext_ln117_4_fu_1090       |    0    |    0    |    0    |
|          |        zext_ln134_7_fu_1103       |    0    |    0    |    0    |
|          |        zext_ln134_8_fu_1115       |    0    |    0    |    0    |
|          |       zext_ln134_12_fu_1124       |    0    |    0    |    0    |
|          |       zext_ln134_13_fu_1132       |    0    |    0    |    0    |
|          |         zext_ln134_fu_1154        |    0    |    0    |    0    |
|----------|-----------------------------------|---------|---------|---------|
|          |           tmp_60_fu_703           |    0    |    0    |    0    |
|          |           tmp_66_fu_889           |    0    |    0    |    0    |
|          |        udiv_ln1_cast_fu_918       |    0    |    0    |    0    |
|          |           tmp_33_fu_1179          |    0    |    0    |    0    |
|          |           tmp_32_fu_1208          |    0    |    0    |    0    |
|          |           tmp_38_fu_1267          |    0    |    0    |    0    |
|          |           tmp_48_fu_1324          |    0    |    0    |    0    |
|          |           tmp_43_fu_1381          |    0    |    0    |    0    |
|          |           tmp_35_fu_1425          |    0    |    0    |    0    |
|          |           tmp_40_fu_1480          |    0    |    0    |    0    |
|          |           tmp_41_fu_1497          |    0    |    0    |    0    |
|          |           tmp_45_fu_1574          |    0    |    0    |    0    |
|          |           tmp_46_fu_1591          |    0    |    0    |    0    |
|          |           tmp_55_fu_1675          |    0    |    0    |    0    |
|          |           tmp_56_fu_1692          |    0    |    0    |    0    |
|partselect|           tmp_58_fu_1769          |    0    |    0    |    0    |
|          |           tmp_59_fu_1786          |    0    |    0    |    0    |
|          |           tmp_62_fu_1875          |    0    |    0    |    0    |
|          |           tmp_64_fu_1916          |    0    |    0    |    0    |
|          |           tmp_67_fu_1952          |    0    |    0    |    0    |
|          |           tmp_69_fu_1979          |    0    |    0    |    0    |
|          |           tmp_72_fu_2025          |    0    |    0    |    0    |
|          |           tmp_75_fu_2071          |    0    |    0    |    0    |
|          |           tmp_78_fu_2117          |    0    |    0    |    0    |
|          |          trunc_ln_fu_2183         |    0    |    0    |    0    |
|          |           tmp_71_fu_2199          |    0    |    0    |    0    |
|          |       trunc_ln168_1_fu_2227       |    0    |    0    |    0    |
|          |           tmp_74_fu_2243          |    0    |    0    |    0    |
|          |       trunc_ln168_2_fu_2272       |    0    |    0    |    0    |
|          |           tmp_77_fu_2288          |    0    |    0    |    0    |
|          |       trunc_ln168_3_fu_2326       |    0    |    0    |    0    |
|          |           tmp_80_fu_2342          |    0    |    0    |    0    |
|----------|-----------------------------------|---------|---------|---------|
|          |         trunc_ln52_fu_789         |    0    |    0    |    0    |
|          |       trunc_ln139_1_fu_1189       |    0    |    0    |    0    |
|          |        trunc_ln139_fu_1218        |    0    |    0    |    0    |
|          |       trunc_ln139_2_fu_1277       |    0    |    0    |    0    |
|          |       trunc_ln139_4_fu_1334       |    0    |    0    |    0    |
|          |       trunc_ln139_3_fu_1391       |    0    |    0    |    0    |
|          |        trunc_ln142_fu_1435        |    0    |    0    |    0    |
|          |       trunc_ln142_1_fu_1490       |    0    |    0    |    0    |
|          |       trunc_ln142_2_fu_1507       |    0    |    0    |    0    |
|          |       trunc_ln142_3_fu_1584       |    0    |    0    |    0    |
|          |       trunc_ln142_4_fu_1601       |    0    |    0    |    0    |
|          |       trunc_ln142_5_fu_1685       |    0    |    0    |    0    |
|   trunc  |       trunc_ln142_6_fu_1702       |    0    |    0    |    0    |
|          |        trunc_ln145_fu_1779        |    0    |    0    |    0    |
|          |       trunc_ln145_1_fu_1796       |    0    |    0    |    0    |
|          |        trunc_ln148_fu_1885        |    0    |    0    |    0    |
|          |        trunc_ln151_fu_1926        |    0    |    0    |    0    |
|          |          empty_77_fu_1961         |    0    |    0    |    0    |
|          |        trunc_ln175_fu_1989        |    0    |    0    |    0    |
|          |       trunc_ln175_1_fu_2035       |    0    |    0    |    0    |
|          |       trunc_ln175_2_fu_2081       |    0    |    0    |    0    |
|          |       trunc_ln175_3_fu_2127       |    0    |    0    |    0    |
|          |        trunc_ln168_fu_2209        |    0    |    0    |    0    |
|          |       trunc_ln168_4_fu_2253       |    0    |    0    |    0    |
|          |       trunc_ln168_5_fu_2298       |    0    |    0    |    0    |
|          |       trunc_ln168_6_fu_2352       |    0    |    0    |    0    |
|----------|-----------------------------------|---------|---------|---------|
|          |          sext_ln72_fu_866         |    0    |    0    |    0    |
|          |         sext_ln134_fu_1146        |    0    |    0    |    0    |
|   sext   |         sext_ln169_fu_2179        |    0    |    0    |    0    |
|          |        sext_ln169_1_fu_2223       |    0    |    0    |    0    |
|          |        sext_ln169_2_fu_2268       |    0    |    0    |    0    |
|          |        sext_ln169_3_fu_2322       |    0    |    0    |    0    |
|----------|-----------------------------------|---------|---------|---------|
|          |           tmp_37_fu_991           |    0    |    0    |    0    |
|          |           tmp_49_fu_1002          |    0    |    0    |    0    |
|          |           tmp_51_fu_1024          |    0    |    0    |    0    |
|          |           tmp_52_fu_1031          |    0    |    0    |    0    |
|bitconcatenate|           tmp_53_fu_1053          |    0    |    0    |    0    |
|          |           tmp_54_fu_1064          |    0    |    0    |    0    |
|          |           or_ln2_fu_2213          |    0    |    0    |    0    |
|          |         or_ln168_1_fu_2257        |    0    |    0    |    0    |
|          |         or_ln168_2_fu_2302        |    0    |    0    |    0    |
|          |         or_ln168_3_fu_2356        |    0    |    0    |    0    |
|----------|-----------------------------------|---------|---------|---------|
|   Total  |                                   |    25   |   2734  |   4832  |
|----------|-----------------------------------|---------|---------|---------|

Memories:
N/A

* Register list:
+-----------------------------------+--------+
|                                   |   FF   |
+-----------------------------------+--------+
|        add_ln117_1_reg_2648       |   13   |
|        add_ln134_1_reg_2510       |   11   |
|        add_ln134_3_reg_2684       |   13   |
|        add_ln134_4_reg_2593       |   11   |
|        add_ln168_2_reg_3173       |   64   |
|        and_ln139_1_reg_2868       |    1   |
|        and_ln139_3_reg_2903       |    1   |
|        and_ln139_5_reg_2960       |    1   |
|        and_ln139_7_reg_2938       |    1   |
|         and_ln148_reg_3060        |    1   |
|         and_ln151_reg_3088        |    1   |
|        and_ln175_1_reg_3102       |    1   |
|        and_ln175_3_reg_3106       |    1   |
|        and_ln175_5_reg_3110       |    1   |
|        and_ln175_7_reg_3114       |    1   |
|      bitcast_ln134_1_reg_2770     |   32   |
|      bitcast_ln134_2_reg_2805     |   32   |
|      bitcast_ln134_3_reg_2795     |   32   |
|       bitcast_ln134_reg_2755      |   32   |
|         conv300_1_reg_2633        |   32   |
|         conv300_2_reg_2643        |   32   |
|         conv300_3_reg_2638        |   32   |
|           conv3_reg_2603          |   32   |
|           conv4_reg_2623          |   32   |
|           conv6_reg_3072          |   64   |
|      current_height_reg_2810      |   32   |
|         div301_1_reg_2760         |   32   |
|         div301_2_reg_2800         |   32   |
|         div301_3_reg_2785         |   32   |
|           div4_reg_2735           |   32   |
|           div7_reg_3157           |   32   |
|           div9_reg_2701           |   32   |
|         empty_71_reg_2392         |   416  |
|         empty_72_reg_2654         |    1   |
|         empty_73_reg_2659         |    1   |
|          empty_74_reg_485         |   416  |
|          empty_75_reg_471         |   416  |
|          empty_76_reg_460         |   416  |
|         empty_80_reg_3118         |    1   |
|       height_diff_1_reg_2974      |   32   |
|       height_diff_2_reg_3006      |   32   |
|       height_diff_3_reg_2990      |   32   |
|        height_diff_reg_2966       |   32   |
|        icmp_ln109_reg_2401        |    1   |
|        icmp_ln111_reg_2501        |    1   |
|       icmp_ln128_1_reg_2890       |    1   |
|        icmp_ln128_reg_2925        |    1   |
|       icmp_ln139_2_reg_2838       |    1   |
|       icmp_ln139_3_reg_2843       |    1   |
|       icmp_ln139_4_reg_2880       |    1   |
|       icmp_ln139_5_reg_2885       |    1   |
|       icmp_ln139_6_reg_2950       |    1   |
|       icmp_ln139_7_reg_2955       |    1   |
|       icmp_ln139_8_reg_2915       |    1   |
|       icmp_ln139_9_reg_2920       |    1   |
|       icmp_ln151_1_reg_3083       |    1   |
|        icmp_ln151_reg_3078        |    1   |
|      indvar_flatten9_reg_2385     |   13   |
|         mul401_3_reg_3152         |   32   |
|           mul7_reg_3147           |   32   |
|         mul_ln111_reg_2421        |   11   |
|        mul_ln134_1_reg_2476       |   11   |
|    my_spillage_level_1_reg_2982   |   32   |
|    my_spillage_level_3_reg_2998   |   32   |
|    my_spillage_level_5_reg_3014   |   32   |
|    my_spillage_level_7_reg_3028   |   32   |
|    my_spillage_level_8_reg_3035   |   32   |
|     neighbor_height_1_reg_2832    |   32   |
|     neighbor_height_2_reg_2848    |   32   |
|     neighbor_height_3_reg_2874    |   32   |
|     neighbor_height_4_reg_2930    |   32   |
|     neighbor_height_5_reg_2944    |   32   |
|     neighbor_height_6_reg_2895    |   32   |
|     neighbor_height_7_reg_2909    |   32   |
|     neighbor_height_8_reg_2724    |   32   |
|      neighbor_height_reg_2824     |   32   |
|         new_col_1_reg_2525        |    8   |
|         new_col_2_reg_2557        |    7   |
|          new_col_reg_2371         |    7   |
|         new_row_1_reg_2481        |    6   |
|         new_row_2_reg_2378        |    6   |
|          new_row_reg_2469         |    7   |
|         notlhs178_reg_3092        |    1   |
|         notrhs179_reg_3097        |    1   |
|         or_ln139_reg_2856         |    1   |
|          or_ln2_reg_3168          |   416  |
|      p_ground_addr_1_reg_2679     |   13   |
|      p_ground_addr_2_reg_2709     |   13   |
|      p_ground_addr_3_reg_2775     |   13   |
|      p_ground_addr_4_reg_2745     |   13   |
|       p_ground_addr_reg_2664      |   13   |
|      p_ground_load_1_reg_2719     |   32   |
|      p_ground_load_2_reg_2740     |   32   |
|      p_ground_load_3_reg_2790     |   32   |
|      p_ground_load_4_reg_2765     |   32   |
|       p_ground_load_reg_2694      |   32   |
|          p_load_reg_3162          |   416  |
|        proportion_reg_3064        |   32   |
|              reg_597              |   32   |
|              reg_604              |   32   |
|              reg_610              |   32   |
|       select_ln109_reg_2413       |    6   |
|        select_ln52_reg_2405       |    7   |
|    spillage_flag_addr_reg_2669    |   13   |
|spillage_from_neigh_1_addr_reg_2714|   13   |
|spillage_from_neigh_2_addr_reg_2780|   13   |
|spillage_from_neigh_3_addr_reg_2750|   13   |
| spillage_from_neigh_addr_reg_2689 |   13   |
|    spillage_level_addr_reg_2674   |   13   |
|         sub400_1_reg_3132         |   32   |
|         sub400_2_reg_3137         |   32   |
|         sub400_3_reg_3142         |   32   |
|           sub6_reg_3122           |   32   |
|           sub7_reg_3127           |   32   |
|        sum_diff_1_reg_3022        |   32   |
|        sum_diff_3_reg_3041        |   32   |
|        sum_diff_5_reg_3047        |   32   |
|        sum_diff_7_reg_3053        |   32   |
|          tmp_11_reg_2598          |   32   |
|           tmp_4_reg_2547          |   32   |
|           tmp_5_reg_2568          |   32   |
|          tmp_60_reg_2428          |    6   |
|          tmp_66_reg_2563          |    6   |
|           tmp_6_reg_2628          |   32   |
|           tmp_s_reg_2496          |   32   |
|        trunc_ln52_reg_2488        |    2   |
|       udiv_ln1_cast_reg_2573      |   11   |
|   water_level_1_addr_1_reg_2515   |   11   |
|   water_level_1_addr_2_reg_2537   |   11   |
|   water_level_1_addr_3_reg_2613   |   11   |
|   water_level_1_addr_4_reg_2583   |   11   |
|    water_level_1_addr_reg_2444    |   11   |
|    water_level_1_load_reg_2459    |   32   |
|   water_level_2_addr_1_reg_2520   |   11   |
|   water_level_2_addr_2_reg_2542   |   11   |
|   water_level_2_addr_3_reg_2618   |   11   |
|   water_level_2_addr_4_reg_2588   |   11   |
|    water_level_2_addr_reg_2449    |   11   |
|    water_level_2_load_reg_2464    |   32   |
|    water_level_addr_1_reg_2505    |   11   |
|    water_level_addr_2_reg_2532    |   11   |
|    water_level_addr_3_reg_2608    |   11   |
|    water_level_addr_4_reg_2578    |   11   |
|     water_level_addr_reg_2439     |   11   |
|     water_level_load_reg_2454     |   32   |
|        zext_ln111_reg_2433        |   11   |
|         zext_ln72_reg_2552        |   65   |
+-----------------------------------+--------+
|               Total               |  5184  |
+-----------------------------------+--------+

* Multiplexer (MUX) list: 
|-------------------|------|------|------|--------||---------||---------||---------|
|        Comp       |  Pin | Size |  BW  | S x BW ||  Delay  ||    FF   ||   LUT   |
|-------------------|------|------|------|--------||---------||---------||---------|
| grp_access_fu_212 |  p0  |   6  |  11  |   66   ||    0    ||    31   |
| grp_access_fu_212 |  p2  |   4  |   0  |    0   ||    0    ||    20   |
| grp_access_fu_222 |  p0  |   6  |  11  |   66   ||    0    ||    31   |
| grp_access_fu_222 |  p2  |   4  |   0  |    0   ||    0    ||    20   |
| grp_access_fu_232 |  p0  |   6  |  11  |   66   ||    0    ||    31   |
| grp_access_fu_232 |  p2  |   4  |   0  |    0   ||    0    ||    20   |
| grp_access_fu_359 |  p0  |   6  |  13  |   78   ||    0    ||    31   |
| grp_access_fu_359 |  p2  |   4  |   0  |    0   ||    0    ||    20   |
|     grp_fu_508    |  p0  |   6  |  32  |   192  ||    0    ||    31   |
|     grp_fu_508    |  p1  |   3  |  32  |   96   ||    0    ||    14   |
|     grp_fu_512    |  p0  |   5  |  32  |   160  ||    0    ||    26   |
|     grp_fu_512    |  p1  |   4  |  32  |   128  ||    0    ||    20   |
|     grp_fu_516    |  p0  |   2  |  32  |   64   ||    0    ||    9    |
|     grp_fu_516    |  p1  |   5  |  32  |   160  ||    0    ||    26   |
|     grp_fu_520    |  p0  |   2  |  32  |   64   ||    0    ||    9    |
|     grp_fu_520    |  p1  |   4  |  32  |   128  ||    0    ||    20   |
|     grp_fu_524    |  p0  |   2  |  32  |   64   ||    0    ||    9    |
|     grp_fu_524    |  p1  |   3  |  32  |   96   ||    0    ||    14   |
|     grp_fu_529    |  p0  |   2  |  32  |   64   ||    0    ||    9    |
|     grp_fu_529    |  p1  |   3  |  32  |   96   ||    0    ||    14   |
|     grp_fu_533    |  p0  |   2  |  32  |   64   ||    0    ||    9    |
|     grp_fu_533    |  p1  |   3  |  32  |   96   ||    0    ||    14   |
|     grp_fu_537    |  p1  |   2  |  32  |   64   ||    0    ||    9    |
|     grp_fu_541    |  p0  |   2  |  32  |   64   ||    0    ||    9    |
|     grp_fu_541    |  p1  |   2  |  32  |   64   ||    0    ||    9    |
|     grp_fu_547    |  p0  |   3  |  32  |   96   ||    0    ||    14   |
|     grp_fu_552    |  p0  |   3  |  32  |   96   ||    0    ||    14   |
|     grp_fu_552    |  p1  |   2  |  32  |   64   ||    0    ||    9    |
|     grp_fu_557    |  p0  |   3  |  32  |   96   ||    0    ||    14   |
|     grp_fu_560    |  p0  |   2  |  32  |   64   ||    0    ||    9    |
|     grp_fu_566    |  p1  |   6  |  32  |   192  ||    0    ||    31   |
|     grp_fu_570    |  p0  |   3  |  32  |   96   ||    0    ||    14   |
|     grp_fu_570    |  p1  |   4  |  32  |   128  ||    0    ||    20   |
|     grp_fu_574    |  p0  |   3  |  32  |   96   ||    0    ||    14   |
|     grp_fu_574    |  p1  |   2  |  32  |   64   ||    0    ||    9    |
|     grp_fu_579    |  p0  |   2  |  32  |   64   ||    0    ||    9    |
|     grp_fu_579    |  p1  |   3  |  32  |   96   ||    0    ||    14   |
|     grp_fu_583    |  p1  |   3  |  32  |   96   ||    0    ||    14   |
|     grp_fu_592    |  p0  |   2  |  32  |   64   ||    0    ||    9    |
|     grp_fu_713    |  p0  |   2  |   7  |   14   ||    0    ||    9    |
|-------------------|------|------|------|--------||---------||---------||---------|
|       Total       |      |      |      |  3266  || 17.2871 ||    0    ||   658   |
|-------------------|------|------|------|--------||---------||---------||---------|



* Summary:
+-----------+--------+--------+--------+--------+
|           |   DSP  |  Delay |   FF   |   LUT  |
+-----------+--------+--------+--------+--------+
|  Function |   25   |    -   |  2734  |  4832  |
|   Memory  |    -   |    -   |    -   |    -   |
|Multiplexer|    -   |   17   |    0   |   658  |
|  Register |    -   |    -   |  5184  |    -   |
+-----------+--------+--------+--------+--------+
|   Total   |   25   |   17   |  7918  |  5490  |
+-----------+--------+--------+--------+--------+
