

================================================================
== Vitis HLS Report for 'do_compute_Pipeline_PROPAGATION_ROWS_PROPAGATION_COLS'
================================================================
* Date:           Sun May 17 18:42:46 2026

* Version:        2024.1 (Build 5069499 on May 21 2024)
* Project:        .small_mountains_base_enabled
* Solution:       solution_FLOOD_HLS_base (Vivado IP Flow Target)
* Product family: virtexuplusHBM
* Target device:  xcu50-fsvh2104-2-e


================================================================
== Performance Estimates
================================================================
+ Timing: 
    * Summary: 
    +--------+---------+----------+------------+
    |  Clock |  Target | Estimated| Uncertainty|
    +--------+---------+----------+------------+
    |ap_clk  |  4.00 ns|  2.897 ns|     1.08 ns|
    +--------+---------+----------+------------+

+ Latency: 
    * Summary: 
    +---------+---------+-----------+-----------+------+------+-----------------------------------------------+
    |  Latency (cycles) |   Latency (absolute)  |   Interval  |                    Pipeline                   |
    |   min   |   max   |    min    |    max    |  min |  max |                      Type                     |
    +---------+---------+-----------+-----------+------+------+-----------------------------------------------+
    |     9617|     9617|  38.468 us|  38.468 us|  9602|  9602|  loop auto-rewind stp(delay=0 clock cycles(s))|
    +---------+---------+-----------+-----------+------+------+-----------------------------------------------+

    + Detail: 
        * Instance: 
        +-----------------------------------+------------------------+---------+---------+----------+----------+-----+-----+---------+
        |                                   |                        |  Latency (cycles) |  Latency (absolute) |  Interval | Pipeline|
        |              Instance             |         Module         |   min   |   max   |    min   |    max   | min | max |   Type  |
        +-----------------------------------+------------------------+---------+---------+----------+----------+-----+-----+---------+
        |grp_p_hls_fptosi_float_i32_fu_317  |p_hls_fptosi_float_i32  |        1|        1|  4.000 ns|  4.000 ns|    1|    1|      yes|
        |grp_p_hls_fptosi_float_i32_fu_322  |p_hls_fptosi_float_i32  |        1|        1|  4.000 ns|  4.000 ns|    1|    1|      yes|
        |grp_p_hls_fptosi_float_i32_fu_327  |p_hls_fptosi_float_i32  |        1|        1|  4.000 ns|  4.000 ns|    1|    1|      yes|
        +-----------------------------------+------------------------+---------+---------+----------+----------+-----+-----+---------+

        * Loop: 
        +-------------------------------------+---------+---------+----------+-----------+-----------+------+----------+
        |                                     |  Latency (cycles) | Iteration|  Initiation Interval  | Trip |          |
        |              Loop Name              |   min   |   max   |  Latency |  achieved |   target  | Count| Pipelined|
        +-------------------------------------+---------+---------+----------+-----------+-----------+------+----------+
        |- PROPAGATION_ROWS_PROPAGATION_COLS  |     9615|     9615|        18|          2|          1|  4800|       yes|
        +-------------------------------------+---------+---------+----------+-----------+-----------+------+----------+

============================================================
+ Verbose Summary: Synthesis Manager
============================================================
InlineROM: 1
ExposeGlobal: 0
============================================================
+ Verbose Summary: CDFG Model
============================================================
IsTopModel: 0
ResetActiveHigh: 1
IsCombinational: 0
IsDatapathOnly: 0
HasWiredReturn: 1
HasMFsm: 2
HasVarLatency: 1
IsPipeline: 0
IsRtlPipelined: 0
IsInstanceOverlapped: 0
IsDontTouch: 0
HasImplIP: 0
IsGatedGlobalClock: 0

+ Individual pipeline summary: 
  * Pipeline-0: initiation interval (II) = 2, depth = 18


============================================================
+ Verbose Summary: Schedule
============================================================
* Number of FSM states : 18
* Pipeline : 1
  Pipeline-0 : II = 2, D = 18, States = { 1 2 3 4 5 6 7 8 9 10 11 12 13 14 15 16 17 18 }
* Dataflow Pipeline: 0

* FSM state transitions: 
1 --> 2 
2 --> 3 
3 --> 4 
4 --> 5 
5 --> 6 
6 --> 7 
7 --> 8 
8 --> 9 
9 --> 10 
10 --> 11 
11 --> 12 
12 --> 13 
13 --> 14 
14 --> 15 
15 --> 16 
16 --> 17 
17 --> 18 
18 --> 

* FSM state operations: 

State 1 <SV = 0> <Delay = 2.61>
ST_1 : Operation 21 [1/1] (0.00ns)   --->   "%col_pos = alloca i32 1" [flood_HLS_base.cpp:52]   --->   Operation 21 'alloca' 'col_pos' <Predicate = true> <Delay = 0.00>
ST_1 : Operation 22 [1/1] (0.00ns)   --->   "%row_pos = alloca i32 1" [flood_HLS_base.cpp:52]   --->   Operation 22 'alloca' 'row_pos' <Predicate = true> <Delay = 0.00>
ST_1 : Operation 23 [1/1] (0.00ns)   --->   "%indvar_flatten18 = alloca i32 1"   --->   Operation 23 'alloca' 'indvar_flatten18' <Predicate = true> <Delay = 0.00>
ST_1 : Operation 24 [1/1] (0.00ns)   --->   "%empty_81 = alloca i32 1"   --->   Operation 24 'alloca' 'empty_81' <Predicate = true> <Delay = 0.00>
ST_1 : Operation 25 [1/1] (0.00ns)   --->   "%tmp = read i31 @_ssdm_op_Read.ap_auto.i31, i31 %empty"   --->   Operation 25 'read' 'tmp' <Predicate = true> <Delay = 0.00>
ST_1 : Operation 26 [1/1] (0.00ns)   --->   "%p_reload44_read = read i416 @_ssdm_op_Read.ap_auto.i416, i416 %p_reload44"   --->   Operation 26 'read' 'p_reload44_read' <Predicate = true> <Delay = 0.00>
ST_1 : Operation 27 [1/1] (0.38ns)   --->   "%store_ln27 = store i64 0, i64 %max_spillage_iter_3_out" [flood_HLS_base.cpp:27]   --->   Operation 27 'store' 'store_ln27' <Predicate = true> <Delay = 0.38>
ST_1 : Operation 28 [1/1] (0.38ns)   --->   "%store_ln0 = store i416 %p_reload44_read, i416 %empty_81"   --->   Operation 28 'store' 'store_ln0' <Predicate = true> <Delay = 0.38>
ST_1 : Operation 29 [1/1] (0.38ns)   --->   "%store_ln0 = store i13 0, i13 %indvar_flatten18"   --->   Operation 29 'store' 'store_ln0' <Predicate = true> <Delay = 0.38>
ST_1 : Operation 30 [1/1] (0.38ns)   --->   "%store_ln52 = store i6 0, i6 %row_pos" [flood_HLS_base.cpp:52]   --->   Operation 30 'store' 'store_ln52' <Predicate = true> <Delay = 0.38>
ST_1 : Operation 31 [1/1] (0.38ns)   --->   "%store_ln52 = store i7 0, i7 %col_pos" [flood_HLS_base.cpp:52]   --->   Operation 31 'store' 'store_ln52' <Predicate = true> <Delay = 0.38>
ST_1 : Operation 32 [1/1] (0.00ns)   --->   "%br_ln0 = br void %for.body427"   --->   Operation 32 'br' 'br_ln0' <Predicate = true> <Delay = 0.00>
ST_1 : Operation 33 [1/1] (0.00ns)   --->   "%indvar_flatten18_load = load i13 %indvar_flatten18" [flood_HLS_base.cpp:191]   --->   Operation 33 'load' 'indvar_flatten18_load' <Predicate = true> <Delay = 0.00>
ST_1 : Operation 34 [1/1] (0.75ns)   --->   "%icmp_ln191 = icmp_eq  i13 %indvar_flatten18_load, i13 4800" [flood_HLS_base.cpp:191]   --->   Operation 34 'icmp' 'icmp_ln191' <Predicate = true> <Delay = 0.75> <CoreInst = "Cmp">   --->   Core 9 'Cmp' <Latency = 0> <II = 1> <Delay = 0.75> <FuncUnit> <Opcode : 'seteq' 'setne' 'setle' 'setge' 'setlt' 'setgt'> <InPorts = 2> <OutPorts = 1>
ST_1 : Operation 35 [1/1] (0.75ns)   --->   "%add_ln191_1 = add i13 %indvar_flatten18_load, i13 1" [flood_HLS_base.cpp:191]   --->   Operation 35 'add' 'add_ln191_1' <Predicate = true> <Delay = 0.75> <CoreInst = "Adder">   --->   Core 1 'Adder' <Latency = 0> <II = 1> <Delay = 0.75> <FuncUnit> <Opcode : 'add' 'sub'> <InPorts = 2> <OutPorts = 1>
ST_1 : Operation 36 [1/1] (0.00ns)   --->   "%br_ln191 = br i1 %icmp_ln191, void %for.inc483, void %VITIS_LOOP_236_15.preheader.exitStub" [flood_HLS_base.cpp:191]   --->   Operation 36 'br' 'br_ln191' <Predicate = true> <Delay = 0.00>
ST_1 : Operation 37 [1/1] (0.00ns)   --->   "%col_pos_load = load i7 %col_pos" [flood_HLS_base.cpp:193]   --->   Operation 37 'load' 'col_pos_load' <Predicate = (!icmp_ln191)> <Delay = 0.00>
ST_1 : Operation 38 [1/1] (0.00ns)   --->   "%row_pos_load = load i6 %row_pos" [flood_HLS_base.cpp:191]   --->   Operation 38 'load' 'row_pos_load' <Predicate = (!icmp_ln191)> <Delay = 0.00>
ST_1 : Operation 39 [1/1] (0.70ns)   --->   "%add_ln191 = add i6 %row_pos_load, i6 1" [flood_HLS_base.cpp:191]   --->   Operation 39 'add' 'add_ln191' <Predicate = (!icmp_ln191)> <Delay = 0.70> <CoreInst = "Adder">   --->   Core 1 'Adder' <Latency = 0> <II = 1> <Delay = 0.70> <FuncUnit> <Opcode : 'add' 'sub'> <InPorts = 2> <OutPorts = 1>
ST_1 : Operation 40 [1/1] (0.70ns)   --->   "%icmp_ln193 = icmp_eq  i7 %col_pos_load, i7 80" [flood_HLS_base.cpp:193]   --->   Operation 40 'icmp' 'icmp_ln193' <Predicate = (!icmp_ln191)> <Delay = 0.70> <CoreInst = "Cmp">   --->   Core 9 'Cmp' <Latency = 0> <II = 1> <Delay = 0.70> <FuncUnit> <Opcode : 'seteq' 'setne' 'setle' 'setge' 'setlt' 'setgt'> <InPorts = 2> <OutPorts = 1>
ST_1 : Operation 41 [1/1] (0.30ns)   --->   "%select_ln52 = select i1 %icmp_ln193, i7 0, i7 %col_pos_load" [flood_HLS_base.cpp:52]   --->   Operation 41 'select' 'select_ln52' <Predicate = (!icmp_ln191)> <Delay = 0.30> <CoreInst = "Sel">   --->   Core 73 'Sel' <Latency = 0> <II = 1> <Delay = 0.30> <FuncUnit> <Opcode : 'select'> <InPorts = 3> <OutPorts = 1>
ST_1 : Operation 42 [1/1] (0.29ns)   --->   "%select_ln191 = select i1 %icmp_ln193, i6 %add_ln191, i6 %row_pos_load" [flood_HLS_base.cpp:191]   --->   Operation 42 'select' 'select_ln191' <Predicate = (!icmp_ln191)> <Delay = 0.29> <CoreInst = "Sel">   --->   Core 73 'Sel' <Latency = 0> <II = 1> <Delay = 0.29> <FuncUnit> <Opcode : 'select'> <InPorts = 3> <OutPorts = 1>
ST_1 : Operation 43 [1/1] (0.00ns)   --->   "%zext_ln196 = zext i6 %select_ln191" [flood_HLS_base.cpp:196]   --->   Operation 43 'zext' 'zext_ln196' <Predicate = (!icmp_ln191)> <Delay = 0.00>
ST_1 : Operation 44 [3/3] (0.99ns) (grouped into DSP with root node add_ln196)   --->   "%mul_ln196 = mul i11 %zext_ln196, i11 27" [flood_HLS_base.cpp:196]   --->   Operation 44 'mul' 'mul_ln196' <Predicate = (!icmp_ln191)> <Delay = 0.99> <CoreInst = "DSP48">   --->   Core 124 'DSP48' <Latency = 3> <II = 1> <Delay = 0.53> <IPBlock> <Opcode : '' 'add' 'sub' 'mul' 'select'> <InPorts = 0> <OutPorts = 1> <Sync> <CReg>
ST_1 : Operation 45 [11/11] (1.21ns)   --->   "%urem_ln52 = urem i7 %select_ln52, i7 3" [flood_HLS_base.cpp:52]   --->   Operation 45 'urem' 'urem_ln52' <Predicate = (!icmp_ln191)> <Delay = 1.21> <CoreInst = "Divider">   --->   Core 6 'Divider' <Latency = 10> <II = 1> <Delay = 1.21> <FuncUnit> <Opcode : 'udiv' 'sdiv' 'urem' 'srem'> <InPorts = 2> <OutPorts = 1>
ST_1 : Operation 46 [1/1] (0.70ns)   --->   "%add_ln193 = add i7 %select_ln52, i7 1" [flood_HLS_base.cpp:193]   --->   Operation 46 'add' 'add_ln193' <Predicate = (!icmp_ln191)> <Delay = 0.70> <CoreInst = "Adder">   --->   Core 1 'Adder' <Latency = 0> <II = 1> <Delay = 0.70> <FuncUnit> <Opcode : 'add' 'sub'> <InPorts = 2> <OutPorts = 1>
ST_1 : Operation 47 [1/1] (0.38ns)   --->   "%store_ln191 = store i13 %add_ln191_1, i13 %indvar_flatten18" [flood_HLS_base.cpp:191]   --->   Operation 47 'store' 'store_ln191' <Predicate = (!icmp_ln191)> <Delay = 0.38>
ST_1 : Operation 48 [1/1] (0.38ns)   --->   "%store_ln52 = store i6 %select_ln191, i6 %row_pos" [flood_HLS_base.cpp:52]   --->   Operation 48 'store' 'store_ln52' <Predicate = (!icmp_ln191)> <Delay = 0.38>
ST_1 : Operation 49 [1/1] (0.38ns)   --->   "%store_ln52 = store i7 %add_ln193, i7 %col_pos" [flood_HLS_base.cpp:52]   --->   Operation 49 'store' 'store_ln52' <Predicate = (!icmp_ln191)> <Delay = 0.38>
ST_1 : Operation 50 [1/1] (0.00ns)   --->   "%br_ln193 = br void %for.body427" [flood_HLS_base.cpp:193]   --->   Operation 50 'br' 'br_ln193' <Predicate = (!icmp_ln191)> <Delay = 0.00>

State 2 <SV = 1> <Delay = 1.98>
ST_2 : Operation 51 [2/3] (0.99ns) (grouped into DSP with root node add_ln196)   --->   "%mul_ln196 = mul i11 %zext_ln196, i11 27" [flood_HLS_base.cpp:196]   --->   Operation 51 'mul' 'mul_ln196' <Predicate = (!icmp_ln191)> <Delay = 0.99> <CoreInst = "DSP48">   --->   Core 124 'DSP48' <Latency = 3> <II = 1> <Delay = 0.53> <IPBlock> <Opcode : '' 'add' 'sub' 'mul' 'select'> <InPorts = 0> <OutPorts = 1> <Sync> <CReg>
ST_2 : Operation 52 [1/1] (0.00ns)   --->   "%tmp_67 = bitconcatenate i12 @_ssdm_op_BitConcatenate.i12.i6.i6, i6 %select_ln191, i6 0" [flood_HLS_base.cpp:199]   --->   Operation 52 'bitconcatenate' 'tmp_67' <Predicate = (!icmp_ln191)> <Delay = 0.00>
ST_2 : Operation 53 [1/1] (0.00ns)   --->   "%zext_ln199 = zext i12 %tmp_67" [flood_HLS_base.cpp:199]   --->   Operation 53 'zext' 'zext_ln199' <Predicate = (!icmp_ln191)> <Delay = 0.00>
ST_2 : Operation 54 [1/1] (0.00ns)   --->   "%tmp_68 = bitconcatenate i10 @_ssdm_op_BitConcatenate.i10.i6.i4, i6 %select_ln191, i4 0" [flood_HLS_base.cpp:199]   --->   Operation 54 'bitconcatenate' 'tmp_68' <Predicate = (!icmp_ln191)> <Delay = 0.00>
ST_2 : Operation 55 [1/1] (0.00ns)   --->   "%zext_ln199_1 = zext i10 %tmp_68" [flood_HLS_base.cpp:199]   --->   Operation 55 'zext' 'zext_ln199_1' <Predicate = (!icmp_ln191)> <Delay = 0.00>
ST_2 : Operation 56 [1/1] (0.00ns) (grouped into TernaryAdder)   --->   "%add_ln199_1 = add i13 %zext_ln199, i13 %zext_ln199_1" [flood_HLS_base.cpp:199]   --->   Operation 56 'add' 'add_ln199_1' <Predicate = (!icmp_ln191)> <Delay = 0.00> <CoreInst = "TAddSub">   --->   Core 10 'TAddSub' <Latency = 0> <II = 1> <Delay = 0.36> <IPBlock> <Opcode : '' 'add' 'sub'> <InPorts = 3> <OutPorts = 1> <Sync> <CReg>
ST_2 : Operation 57 [1/1] (0.00ns)   --->   "%zext_ln199_2 = zext i7 %select_ln52" [flood_HLS_base.cpp:199]   --->   Operation 57 'zext' 'zext_ln199_2' <Predicate = (!icmp_ln191)> <Delay = 0.00>
ST_2 : Operation 58 [1/1] (0.73ns) (root node of TernaryAdder)   --->   "%add_ln199 = add i13 %add_ln199_1, i13 %zext_ln199_2" [flood_HLS_base.cpp:199]   --->   Operation 58 'add' 'add_ln199' <Predicate = (!icmp_ln191)> <Delay = 0.73> <CoreInst = "TAddSub">   --->   Core 10 'TAddSub' <Latency = 0> <II = 1> <Delay = 0.36> <IPBlock> <Opcode : '' 'add' 'sub'> <InPorts = 3> <OutPorts = 1> <Sync> <CReg>
ST_2 : Operation 59 [1/1] (0.00ns)   --->   "%zext_ln199_3 = zext i13 %add_ln199" [flood_HLS_base.cpp:199]   --->   Operation 59 'zext' 'zext_ln199_3' <Predicate = (!icmp_ln191)> <Delay = 0.00>
ST_2 : Operation 60 [1/1] (0.00ns)   --->   "%spillage_flag_addr = getelementptr i32 %spillage_flag, i64 0, i64 %zext_ln199_3" [flood_HLS_base.cpp:199]   --->   Operation 60 'getelementptr' 'spillage_flag_addr' <Predicate = (!icmp_ln191)> <Delay = 0.00>
ST_2 : Operation 61 [1/1] (0.00ns)   --->   "%spillage_level_addr = getelementptr i32 %spillage_level, i64 0, i64 %zext_ln199_3" [flood_HLS_base.cpp:202]   --->   Operation 61 'getelementptr' 'spillage_level_addr' <Predicate = (!icmp_ln191)> <Delay = 0.00>
ST_2 : Operation 62 [1/1] (0.00ns)   --->   "%spillage_from_neigh_addr = getelementptr i32 %spillage_from_neigh, i64 0, i64 %zext_ln199_3" [flood_HLS_base.cpp:222]   --->   Operation 62 'getelementptr' 'spillage_from_neigh_addr' <Predicate = (!icmp_ln191)> <Delay = 0.00>
ST_2 : Operation 63 [1/1] (0.00ns)   --->   "%spillage_from_neigh_1_addr = getelementptr i32 %spillage_from_neigh_1, i64 0, i64 %zext_ln199_3" [flood_HLS_base.cpp:222]   --->   Operation 63 'getelementptr' 'spillage_from_neigh_1_addr' <Predicate = (!icmp_ln191)> <Delay = 0.00>
ST_2 : Operation 64 [1/1] (0.00ns)   --->   "%spillage_from_neigh_2_addr = getelementptr i32 %spillage_from_neigh_2, i64 0, i64 %zext_ln199_3" [flood_HLS_base.cpp:222]   --->   Operation 64 'getelementptr' 'spillage_from_neigh_2_addr' <Predicate = (!icmp_ln191)> <Delay = 0.00>
ST_2 : Operation 65 [1/1] (0.00ns)   --->   "%spillage_from_neigh_3_addr = getelementptr i32 %spillage_from_neigh_3, i64 0, i64 %zext_ln199_3" [flood_HLS_base.cpp:222]   --->   Operation 65 'getelementptr' 'spillage_from_neigh_3_addr' <Predicate = (!icmp_ln191)> <Delay = 0.00>
ST_2 : Operation 66 [1/1] (0.00ns)   --->   "%zext_ln52 = zext i7 %select_ln52" [flood_HLS_base.cpp:52]   --->   Operation 66 'zext' 'zext_ln52' <Predicate = (!icmp_ln191)> <Delay = 0.00>
ST_2 : Operation 67 [1/1] (1.46ns)   --->   "%mul_ln52 = mul i15 %zext_ln52, i15 171" [flood_HLS_base.cpp:52]   --->   Operation 67 'mul' 'mul_ln52' <Predicate = (!icmp_ln191)> <Delay = 1.46> <CoreInst = "Multiplier">   --->   Core 3 'Multiplier' <Latency = 0> <II = 1> <Delay = 1.46> <FuncUnit> <Opcode : 'mul'> <InPorts = 2> <OutPorts = 1>
ST_2 : Operation 68 [1/1] (0.00ns)   --->   "%tmp_69 = partselect i6 @_ssdm_op_PartSelect.i6.i15.i32.i32, i15 %mul_ln52, i32 9, i32 14" [flood_HLS_base.cpp:52]   --->   Operation 68 'partselect' 'tmp_69' <Predicate = (!icmp_ln191)> <Delay = 0.00>
ST_2 : Operation 69 [10/11] (1.21ns)   --->   "%urem_ln52 = urem i7 %select_ln52, i7 3" [flood_HLS_base.cpp:52]   --->   Operation 69 'urem' 'urem_ln52' <Predicate = (!icmp_ln191)> <Delay = 1.21> <CoreInst = "Divider">   --->   Core 6 'Divider' <Latency = 10> <II = 1> <Delay = 1.21> <FuncUnit> <Opcode : 'udiv' 'sdiv' 'urem' 'srem'> <InPorts = 2> <OutPorts = 1>
ST_2 : Operation 70 [2/2] (1.24ns)   --->   "%spillage_flag_load = load i13 %spillage_flag_addr" [flood_HLS_base.cpp:199]   --->   Operation 70 'load' 'spillage_flag_load' <Predicate = (!icmp_ln191)> <Delay = 1.24> <CoreInst = "RAM">   --->   Core 82 'RAM' <Latency = 1> <II = 1> <Delay = 1.24> <Storage> <Opcode : 'load' 'store'> <Ports = 2> <Width = 32> <Depth = 4800> <RAM>
ST_2 : Operation 71 [2/2] (1.24ns)   --->   "%spillage_from_neigh_load = load i13 %spillage_from_neigh_addr" [flood_HLS_base.cpp:222]   --->   Operation 71 'load' 'spillage_from_neigh_load' <Predicate = (!icmp_ln191)> <Delay = 1.24> <CoreInst = "RAM">   --->   Core 82 'RAM' <Latency = 1> <II = 1> <Delay = 1.24> <Storage> <Opcode : 'load' 'store'> <Ports = 2> <Width = 32> <Depth = 4800> <RAM>
ST_2 : Operation 72 [2/2] (1.24ns)   --->   "%spillage_from_neigh_1_load = load i13 %spillage_from_neigh_1_addr" [flood_HLS_base.cpp:222]   --->   Operation 72 'load' 'spillage_from_neigh_1_load' <Predicate = (!icmp_ln191)> <Delay = 1.24> <CoreInst = "RAM">   --->   Core 82 'RAM' <Latency = 1> <II = 1> <Delay = 1.24> <Storage> <Opcode : 'load' 'store'> <Ports = 2> <Width = 32> <Depth = 4800> <RAM>
ST_2 : Operation 73 [2/2] (1.24ns)   --->   "%spillage_from_neigh_2_load = load i13 %spillage_from_neigh_2_addr" [flood_HLS_base.cpp:222]   --->   Operation 73 'load' 'spillage_from_neigh_2_load' <Predicate = (!icmp_ln191)> <Delay = 1.24> <CoreInst = "RAM">   --->   Core 82 'RAM' <Latency = 1> <II = 1> <Delay = 1.24> <Storage> <Opcode : 'load' 'store'> <Ports = 2> <Width = 32> <Depth = 4800> <RAM>
ST_2 : Operation 74 [2/2] (1.24ns)   --->   "%spillage_from_neigh_3_load = load i13 %spillage_from_neigh_3_addr" [flood_HLS_base.cpp:222]   --->   Operation 74 'load' 'spillage_from_neigh_3_load' <Predicate = (!icmp_ln191)> <Delay = 1.24> <CoreInst = "RAM">   --->   Core 82 'RAM' <Latency = 1> <II = 1> <Delay = 1.24> <Storage> <Opcode : 'load' 'store'> <Ports = 2> <Width = 32> <Depth = 4800> <RAM>

State 3 <SV = 2> <Delay = 2.89>
ST_3 : Operation 75 [1/3] (0.00ns) (grouped into DSP with root node add_ln196)   --->   "%mul_ln196 = mul i11 %zext_ln196, i11 27" [flood_HLS_base.cpp:196]   --->   Operation 75 'mul' 'mul_ln196' <Predicate = (!icmp_ln191)> <Delay = 0.00> <CoreInst = "DSP48">   --->   Core 124 'DSP48' <Latency = 3> <II = 1> <Delay = 0.53> <IPBlock> <Opcode : '' 'add' 'sub' 'mul' 'select'> <InPorts = 0> <OutPorts = 1> <Sync> <CReg>
ST_3 : Operation 76 [1/1] (0.00ns)   --->   "%zext_ln196_1 = zext i6 %tmp_69" [flood_HLS_base.cpp:196]   --->   Operation 76 'zext' 'zext_ln196_1' <Predicate = (!icmp_ln191)> <Delay = 0.00>
ST_3 : Operation 77 [2/2] (0.64ns) (root node of the DSP)   --->   "%add_ln196 = add i11 %mul_ln196, i11 %zext_ln196_1" [flood_HLS_base.cpp:196]   --->   Operation 77 'add' 'add_ln196' <Predicate = (!icmp_ln191)> <Delay = 0.64> <CoreInst = "DSP48">   --->   Core 124 'DSP48' <Latency = 3> <II = 1> <Delay = 0.53> <IPBlock> <Opcode : '' 'add' 'sub' 'mul' 'select'> <InPorts = 0> <OutPorts = 1> <Sync> <CReg>
ST_3 : Operation 78 [9/11] (1.21ns)   --->   "%urem_ln52 = urem i7 %select_ln52, i7 3" [flood_HLS_base.cpp:52]   --->   Operation 78 'urem' 'urem_ln52' <Predicate = (!icmp_ln191)> <Delay = 1.21> <CoreInst = "Divider">   --->   Core 6 'Divider' <Latency = 10> <II = 1> <Delay = 1.21> <FuncUnit> <Opcode : 'udiv' 'sdiv' 'urem' 'srem'> <InPorts = 2> <OutPorts = 1>
ST_3 : Operation 79 [1/2] (1.24ns)   --->   "%spillage_flag_load = load i13 %spillage_flag_addr" [flood_HLS_base.cpp:199]   --->   Operation 79 'load' 'spillage_flag_load' <Predicate = (!icmp_ln191)> <Delay = 1.24> <CoreInst = "RAM">   --->   Core 82 'RAM' <Latency = 1> <II = 1> <Delay = 1.24> <Storage> <Opcode : 'load' 'store'> <Ports = 2> <Width = 32> <Depth = 4800> <RAM>
ST_3 : Operation 80 [1/1] (0.00ns)   --->   "%bitcast_ln199 = bitcast i32 %spillage_flag_load" [flood_HLS_base.cpp:199]   --->   Operation 80 'bitcast' 'bitcast_ln199' <Predicate = (!icmp_ln191)> <Delay = 0.00>
ST_3 : Operation 81 [1/1] (0.00ns)   --->   "%tmp_70 = partselect i8 @_ssdm_op_PartSelect.i8.i32.i32.i32, i32 %bitcast_ln199, i32 23, i32 30" [flood_HLS_base.cpp:199]   --->   Operation 81 'partselect' 'tmp_70' <Predicate = (!icmp_ln191)> <Delay = 0.00>
ST_3 : Operation 82 [1/1] (0.00ns)   --->   "%trunc_ln199 = trunc i32 %bitcast_ln199" [flood_HLS_base.cpp:199]   --->   Operation 82 'trunc' 'trunc_ln199' <Predicate = (!icmp_ln191)> <Delay = 0.00>
ST_3 : Operation 83 [1/1] (0.70ns)   --->   "%icmp_ln199 = icmp_ne  i8 %tmp_70, i8 255" [flood_HLS_base.cpp:199]   --->   Operation 83 'icmp' 'icmp_ln199' <Predicate = (!icmp_ln191)> <Delay = 0.70> <CoreInst = "Cmp">   --->   Core 9 'Cmp' <Latency = 0> <II = 1> <Delay = 0.70> <FuncUnit> <Opcode : 'seteq' 'setne' 'setle' 'setge' 'setlt' 'setgt'> <InPorts = 2> <OutPorts = 1>
ST_3 : Operation 84 [1/1] (0.82ns)   --->   "%icmp_ln199_1 = icmp_eq  i23 %trunc_ln199, i23 0" [flood_HLS_base.cpp:199]   --->   Operation 84 'icmp' 'icmp_ln199_1' <Predicate = (!icmp_ln191)> <Delay = 0.82> <CoreInst = "Cmp">   --->   Core 9 'Cmp' <Latency = 0> <II = 1> <Delay = 0.82> <FuncUnit> <Opcode : 'seteq' 'setne' 'setle' 'setge' 'setlt' 'setgt'> <InPorts = 2> <OutPorts = 1>
ST_3 : Operation 85 [2/2] (1.64ns)   --->   "%tmp_71 = fcmp_oeq  i32 %spillage_flag_load, i32 1" [flood_HLS_base.cpp:199]   --->   Operation 85 'fcmp' 'tmp_71' <Predicate = (!icmp_ln191)> <Delay = 1.64> <CoreInst = "FCompare">   --->   Core 19 'FCompare' <Latency = 1> <II = 1> <Delay = 1.64> <FuncUnit> <Opcode : 'fcmp'> <InPorts = 2> <OutPorts = 1>
ST_3 : Operation 86 [1/2] (1.24ns)   --->   "%spillage_from_neigh_load = load i13 %spillage_from_neigh_addr" [flood_HLS_base.cpp:222]   --->   Operation 86 'load' 'spillage_from_neigh_load' <Predicate = (!icmp_ln191)> <Delay = 1.24> <CoreInst = "RAM">   --->   Core 82 'RAM' <Latency = 1> <II = 1> <Delay = 1.24> <Storage> <Opcode : 'load' 'store'> <Ports = 2> <Width = 32> <Depth = 4800> <RAM>
ST_3 : Operation 87 [1/2] (1.24ns)   --->   "%spillage_from_neigh_1_load = load i13 %spillage_from_neigh_1_addr" [flood_HLS_base.cpp:222]   --->   Operation 87 'load' 'spillage_from_neigh_1_load' <Predicate = (!icmp_ln191)> <Delay = 1.24> <CoreInst = "RAM">   --->   Core 82 'RAM' <Latency = 1> <II = 1> <Delay = 1.24> <Storage> <Opcode : 'load' 'store'> <Ports = 2> <Width = 32> <Depth = 4800> <RAM>
ST_3 : Operation 88 [1/2] (1.24ns)   --->   "%spillage_from_neigh_2_load = load i13 %spillage_from_neigh_2_addr" [flood_HLS_base.cpp:222]   --->   Operation 88 'load' 'spillage_from_neigh_2_load' <Predicate = (!icmp_ln191)> <Delay = 1.24> <CoreInst = "RAM">   --->   Core 82 'RAM' <Latency = 1> <II = 1> <Delay = 1.24> <Storage> <Opcode : 'load' 'store'> <Ports = 2> <Width = 32> <Depth = 4800> <RAM>
ST_3 : Operation 89 [1/2] (1.24ns)   --->   "%spillage_from_neigh_3_load = load i13 %spillage_from_neigh_3_addr" [flood_HLS_base.cpp:222]   --->   Operation 89 'load' 'spillage_from_neigh_3_load' <Predicate = (!icmp_ln191)> <Delay = 1.24> <CoreInst = "RAM">   --->   Core 82 'RAM' <Latency = 1> <II = 1> <Delay = 1.24> <Storage> <Opcode : 'load' 'store'> <Ports = 2> <Width = 32> <Depth = 4800> <RAM>

State 4 <SV = 3> <Delay = 2.32>
ST_4 : Operation 90 [1/2] (0.64ns) (root node of the DSP)   --->   "%add_ln196 = add i11 %mul_ln196, i11 %zext_ln196_1" [flood_HLS_base.cpp:196]   --->   Operation 90 'add' 'add_ln196' <Predicate = (!icmp_ln191)> <Delay = 0.64> <CoreInst = "DSP48">   --->   Core 124 'DSP48' <Latency = 3> <II = 1> <Delay = 0.53> <IPBlock> <Opcode : '' 'add' 'sub' 'mul' 'select'> <InPorts = 0> <OutPorts = 1> <Sync> <CReg>
ST_4 : Operation 91 [1/1] (0.00ns)   --->   "%zext_ln196_2 = zext i11 %add_ln196" [flood_HLS_base.cpp:196]   --->   Operation 91 'zext' 'zext_ln196_2' <Predicate = (!icmp_ln191)> <Delay = 0.00>
ST_4 : Operation 92 [1/1] (0.00ns)   --->   "%water_level_addr_4 = getelementptr i32 %water_level, i64 0, i64 %zext_ln196_2" [flood_HLS_base.cpp:196]   --->   Operation 92 'getelementptr' 'water_level_addr_4' <Predicate = (!icmp_ln191)> <Delay = 0.00>
ST_4 : Operation 93 [1/1] (0.00ns)   --->   "%water_level_1_addr_4 = getelementptr i32 %water_level_1, i64 0, i64 %zext_ln196_2" [flood_HLS_base.cpp:196]   --->   Operation 93 'getelementptr' 'water_level_1_addr_4' <Predicate = (!icmp_ln191)> <Delay = 0.00>
ST_4 : Operation 94 [1/1] (0.00ns)   --->   "%water_level_2_addr_4 = getelementptr i32 %water_level_2, i64 0, i64 %zext_ln196_2" [flood_HLS_base.cpp:196]   --->   Operation 94 'getelementptr' 'water_level_2_addr_4' <Predicate = (!icmp_ln191)> <Delay = 0.00>
ST_4 : Operation 95 [8/11] (1.21ns)   --->   "%urem_ln52 = urem i7 %select_ln52, i7 3" [flood_HLS_base.cpp:52]   --->   Operation 95 'urem' 'urem_ln52' <Predicate = (!icmp_ln191)> <Delay = 1.21> <CoreInst = "Divider">   --->   Core 6 'Divider' <Latency = 10> <II = 1> <Delay = 1.21> <FuncUnit> <Opcode : 'udiv' 'sdiv' 'urem' 'srem'> <InPorts = 2> <OutPorts = 1>
ST_4 : Operation 96 [2/2] (1.20ns)   --->   "%water_level_load_3 = load i11 %water_level_addr_4" [flood_HLS_base.cpp:196]   --->   Operation 96 'load' 'water_level_load_3' <Predicate = (!icmp_ln191)> <Delay = 1.20> <CoreInst = "RAM_1WnR">   --->   Core 83 'RAM_1WnR' <Latency = 1> <II = 1> <Delay = 1.20> <Storage> <Opcode : 'load' 'store'> <Ports = 17> <Width = 32> <Depth = 1620> <RAM>
ST_4 : Operation 97 [2/2] (1.20ns)   --->   "%water_level_1_load_3 = load i11 %water_level_1_addr_4" [flood_HLS_base.cpp:196]   --->   Operation 97 'load' 'water_level_1_load_3' <Predicate = (!icmp_ln191)> <Delay = 1.20> <CoreInst = "RAM_1WnR">   --->   Core 83 'RAM_1WnR' <Latency = 1> <II = 1> <Delay = 1.20> <Storage> <Opcode : 'load' 'store'> <Ports = 17> <Width = 32> <Depth = 1620> <RAM>
ST_4 : Operation 98 [2/2] (1.20ns)   --->   "%water_level_2_load_3 = load i11 %water_level_2_addr_4" [flood_HLS_base.cpp:196]   --->   Operation 98 'load' 'water_level_2_load_3' <Predicate = (!icmp_ln191)> <Delay = 1.20> <CoreInst = "RAM_1WnR">   --->   Core 83 'RAM_1WnR' <Latency = 1> <II = 1> <Delay = 1.20> <Storage> <Opcode : 'load' 'store'> <Ports = 17> <Width = 32> <Depth = 1620> <RAM>
ST_4 : Operation 99 [1/1] (0.00ns) (grouped into LUT with out node and_ln199)   --->   "%or_ln199 = or i1 %icmp_ln199_1, i1 %icmp_ln199" [flood_HLS_base.cpp:199]   --->   Operation 99 'or' 'or_ln199' <Predicate = (!icmp_ln191)> <Delay = 0.00> <CoreInst = "LogicGate">   --->   Core 74 'LogicGate' <Latency = 0> <II = 1> <Delay = 0.12> <FuncUnit> <Opcode : 'and' 'or' 'xor'> <InPorts = 2> <OutPorts = 1>
ST_4 : Operation 100 [1/2] (1.64ns)   --->   "%tmp_71 = fcmp_oeq  i32 %spillage_flag_load, i32 1" [flood_HLS_base.cpp:199]   --->   Operation 100 'fcmp' 'tmp_71' <Predicate = (!icmp_ln191)> <Delay = 1.64> <CoreInst = "FCompare">   --->   Core 19 'FCompare' <Latency = 1> <II = 1> <Delay = 1.64> <FuncUnit> <Opcode : 'fcmp'> <InPorts = 2> <OutPorts = 1>
ST_4 : Operation 101 [1/1] (0.12ns) (out node of the LUT)   --->   "%and_ln199 = and i1 %or_ln199, i1 %tmp_71" [flood_HLS_base.cpp:199]   --->   Operation 101 'and' 'and_ln199' <Predicate = (!icmp_ln191)> <Delay = 0.12> <CoreInst = "LogicGate">   --->   Core 74 'LogicGate' <Latency = 0> <II = 1> <Delay = 0.12> <FuncUnit> <Opcode : 'and' 'or' 'xor'> <InPorts = 2> <OutPorts = 1>
ST_4 : Operation 102 [2/2] (1.24ns)   --->   "%spillage_level_load = load i13 %spillage_level_addr" [flood_HLS_base.cpp:202]   --->   Operation 102 'load' 'spillage_level_load' <Predicate = (!icmp_ln191 & and_ln199)> <Delay = 1.24> <CoreInst = "RAM">   --->   Core 82 'RAM' <Latency = 1> <II = 1> <Delay = 1.24> <Storage> <Opcode : 'load' 'store'> <Ports = 2> <Width = 32> <Depth = 4800> <RAM>
ST_4 : Operation 103 [4/4] (2.32ns)   --->   "%div5 = fmul i32 %spillage_from_neigh_load, i32 0.5" [flood_HLS_base.cpp:222]   --->   Operation 103 'fmul' 'div5' <Predicate = (!icmp_ln191)> <Delay = 2.32> <CoreInst = "FMul_maxdsp">   --->   Core 30 'FMul_maxdsp' <Latency = 3> <II = 1> <Delay = 2.32> <FuncUnit> <Opcode : 'fmul'> <InPorts = 2> <OutPorts = 1>
ST_4 : Operation 104 [4/4] (2.32ns)   --->   "%div468_1 = fmul i32 %spillage_from_neigh_1_load, i32 0.5" [flood_HLS_base.cpp:222]   --->   Operation 104 'fmul' 'div468_1' <Predicate = (!icmp_ln191)> <Delay = 2.32> <CoreInst = "FMul_maxdsp">   --->   Core 30 'FMul_maxdsp' <Latency = 3> <II = 1> <Delay = 2.32> <FuncUnit> <Opcode : 'fmul'> <InPorts = 2> <OutPorts = 1>
ST_4 : Operation 105 [4/4] (2.32ns)   --->   "%div468_2 = fmul i32 %spillage_from_neigh_2_load, i32 0.5" [flood_HLS_base.cpp:222]   --->   Operation 105 'fmul' 'div468_2' <Predicate = (!icmp_ln191)> <Delay = 2.32> <CoreInst = "FMul_maxdsp">   --->   Core 30 'FMul_maxdsp' <Latency = 3> <II = 1> <Delay = 2.32> <FuncUnit> <Opcode : 'fmul'> <InPorts = 2> <OutPorts = 1>
ST_4 : Operation 106 [4/4] (2.32ns)   --->   "%div468_3 = fmul i32 %spillage_from_neigh_3_load, i32 0.5" [flood_HLS_base.cpp:222]   --->   Operation 106 'fmul' 'div468_3' <Predicate = (!icmp_ln191)> <Delay = 2.32> <CoreInst = "FMul_maxdsp">   --->   Core 30 'FMul_maxdsp' <Latency = 3> <II = 1> <Delay = 2.32> <FuncUnit> <Opcode : 'fmul'> <InPorts = 2> <OutPorts = 1>

State 5 <SV = 4> <Delay = 2.32>
ST_5 : Operation 107 [7/11] (1.21ns)   --->   "%urem_ln52 = urem i7 %select_ln52, i7 3" [flood_HLS_base.cpp:52]   --->   Operation 107 'urem' 'urem_ln52' <Predicate = (!icmp_ln191)> <Delay = 1.21> <CoreInst = "Divider">   --->   Core 6 'Divider' <Latency = 10> <II = 1> <Delay = 1.21> <FuncUnit> <Opcode : 'udiv' 'sdiv' 'urem' 'srem'> <InPorts = 2> <OutPorts = 1>
ST_5 : Operation 108 [1/2] (1.20ns)   --->   "%water_level_load_3 = load i11 %water_level_addr_4" [flood_HLS_base.cpp:196]   --->   Operation 108 'load' 'water_level_load_3' <Predicate = (!icmp_ln191)> <Delay = 1.20> <CoreInst = "RAM_1WnR">   --->   Core 83 'RAM_1WnR' <Latency = 1> <II = 1> <Delay = 1.20> <Storage> <Opcode : 'load' 'store'> <Ports = 17> <Width = 32> <Depth = 1620> <RAM>
ST_5 : Operation 109 [1/2] (1.20ns)   --->   "%water_level_1_load_3 = load i11 %water_level_1_addr_4" [flood_HLS_base.cpp:196]   --->   Operation 109 'load' 'water_level_1_load_3' <Predicate = (!icmp_ln191)> <Delay = 1.20> <CoreInst = "RAM_1WnR">   --->   Core 83 'RAM_1WnR' <Latency = 1> <II = 1> <Delay = 1.20> <Storage> <Opcode : 'load' 'store'> <Ports = 17> <Width = 32> <Depth = 1620> <RAM>
ST_5 : Operation 110 [1/2] (1.20ns)   --->   "%water_level_2_load_3 = load i11 %water_level_2_addr_4" [flood_HLS_base.cpp:196]   --->   Operation 110 'load' 'water_level_2_load_3' <Predicate = (!icmp_ln191)> <Delay = 1.20> <CoreInst = "RAM_1WnR">   --->   Core 83 'RAM_1WnR' <Latency = 1> <II = 1> <Delay = 1.20> <Storage> <Opcode : 'load' 'store'> <Ports = 17> <Width = 32> <Depth = 1620> <RAM>
ST_5 : Operation 111 [1/2] (1.24ns)   --->   "%spillage_level_load = load i13 %spillage_level_addr" [flood_HLS_base.cpp:202]   --->   Operation 111 'load' 'spillage_level_load' <Predicate = (!icmp_ln191 & and_ln199)> <Delay = 1.24> <CoreInst = "RAM">   --->   Core 82 'RAM' <Latency = 1> <II = 1> <Delay = 1.24> <Storage> <Opcode : 'load' 'store'> <Ports = 2> <Width = 32> <Depth = 4800> <RAM>
ST_5 : Operation 112 [3/4] (2.32ns)   --->   "%div5 = fmul i32 %spillage_from_neigh_load, i32 0.5" [flood_HLS_base.cpp:222]   --->   Operation 112 'fmul' 'div5' <Predicate = (!icmp_ln191)> <Delay = 2.32> <CoreInst = "FMul_maxdsp">   --->   Core 30 'FMul_maxdsp' <Latency = 3> <II = 1> <Delay = 2.32> <FuncUnit> <Opcode : 'fmul'> <InPorts = 2> <OutPorts = 1>
ST_5 : Operation 113 [3/4] (2.32ns)   --->   "%div468_1 = fmul i32 %spillage_from_neigh_1_load, i32 0.5" [flood_HLS_base.cpp:222]   --->   Operation 113 'fmul' 'div468_1' <Predicate = (!icmp_ln191)> <Delay = 2.32> <CoreInst = "FMul_maxdsp">   --->   Core 30 'FMul_maxdsp' <Latency = 3> <II = 1> <Delay = 2.32> <FuncUnit> <Opcode : 'fmul'> <InPorts = 2> <OutPorts = 1>
ST_5 : Operation 114 [3/4] (2.32ns)   --->   "%div468_2 = fmul i32 %spillage_from_neigh_2_load, i32 0.5" [flood_HLS_base.cpp:222]   --->   Operation 114 'fmul' 'div468_2' <Predicate = (!icmp_ln191)> <Delay = 2.32> <CoreInst = "FMul_maxdsp">   --->   Core 30 'FMul_maxdsp' <Latency = 3> <II = 1> <Delay = 2.32> <FuncUnit> <Opcode : 'fmul'> <InPorts = 2> <OutPorts = 1>
ST_5 : Operation 115 [3/4] (2.32ns)   --->   "%div468_3 = fmul i32 %spillage_from_neigh_3_load, i32 0.5" [flood_HLS_base.cpp:222]   --->   Operation 115 'fmul' 'div468_3' <Predicate = (!icmp_ln191)> <Delay = 2.32> <CoreInst = "FMul_maxdsp">   --->   Core 30 'FMul_maxdsp' <Latency = 3> <II = 1> <Delay = 2.32> <FuncUnit> <Opcode : 'fmul'> <InPorts = 2> <OutPorts = 1>

State 6 <SV = 5> <Delay = 2.32>
ST_6 : Operation 116 [6/11] (1.21ns)   --->   "%urem_ln52 = urem i7 %select_ln52, i7 3" [flood_HLS_base.cpp:52]   --->   Operation 116 'urem' 'urem_ln52' <Predicate = (!icmp_ln191)> <Delay = 1.21> <CoreInst = "Divider">   --->   Core 6 'Divider' <Latency = 10> <II = 1> <Delay = 1.21> <FuncUnit> <Opcode : 'udiv' 'sdiv' 'urem' 'srem'> <InPorts = 2> <OutPorts = 1>
ST_6 : Operation 117 [4/4] (2.32ns)   --->   "%spill = fmul i32 %spillage_level_load, i32 0.5" [flood_HLS_base.cpp:202]   --->   Operation 117 'fmul' 'spill' <Predicate = (!icmp_ln191 & and_ln199)> <Delay = 2.32> <CoreInst = "FMul_maxdsp">   --->   Core 30 'FMul_maxdsp' <Latency = 3> <II = 1> <Delay = 2.32> <FuncUnit> <Opcode : 'fmul'> <InPorts = 2> <OutPorts = 1>
ST_6 : Operation 118 [2/4] (2.32ns)   --->   "%div5 = fmul i32 %spillage_from_neigh_load, i32 0.5" [flood_HLS_base.cpp:222]   --->   Operation 118 'fmul' 'div5' <Predicate = (!icmp_ln191)> <Delay = 2.32> <CoreInst = "FMul_maxdsp">   --->   Core 30 'FMul_maxdsp' <Latency = 3> <II = 1> <Delay = 2.32> <FuncUnit> <Opcode : 'fmul'> <InPorts = 2> <OutPorts = 1>
ST_6 : Operation 119 [2/4] (2.32ns)   --->   "%div468_1 = fmul i32 %spillage_from_neigh_1_load, i32 0.5" [flood_HLS_base.cpp:222]   --->   Operation 119 'fmul' 'div468_1' <Predicate = (!icmp_ln191)> <Delay = 2.32> <CoreInst = "FMul_maxdsp">   --->   Core 30 'FMul_maxdsp' <Latency = 3> <II = 1> <Delay = 2.32> <FuncUnit> <Opcode : 'fmul'> <InPorts = 2> <OutPorts = 1>
ST_6 : Operation 120 [2/4] (2.32ns)   --->   "%div468_2 = fmul i32 %spillage_from_neigh_2_load, i32 0.5" [flood_HLS_base.cpp:222]   --->   Operation 120 'fmul' 'div468_2' <Predicate = (!icmp_ln191)> <Delay = 2.32> <CoreInst = "FMul_maxdsp">   --->   Core 30 'FMul_maxdsp' <Latency = 3> <II = 1> <Delay = 2.32> <FuncUnit> <Opcode : 'fmul'> <InPorts = 2> <OutPorts = 1>
ST_6 : Operation 121 [2/4] (2.32ns)   --->   "%div468_3 = fmul i32 %spillage_from_neigh_3_load, i32 0.5" [flood_HLS_base.cpp:222]   --->   Operation 121 'fmul' 'div468_3' <Predicate = (!icmp_ln191)> <Delay = 2.32> <CoreInst = "FMul_maxdsp">   --->   Core 30 'FMul_maxdsp' <Latency = 3> <II = 1> <Delay = 2.32> <FuncUnit> <Opcode : 'fmul'> <InPorts = 2> <OutPorts = 1>

State 7 <SV = 6> <Delay = 2.32>
ST_7 : Operation 122 [5/11] (1.21ns)   --->   "%urem_ln52 = urem i7 %select_ln52, i7 3" [flood_HLS_base.cpp:52]   --->   Operation 122 'urem' 'urem_ln52' <Predicate = (!icmp_ln191)> <Delay = 1.21> <CoreInst = "Divider">   --->   Core 6 'Divider' <Latency = 10> <II = 1> <Delay = 1.21> <FuncUnit> <Opcode : 'udiv' 'sdiv' 'urem' 'srem'> <InPorts = 2> <OutPorts = 1>
ST_7 : Operation 123 [3/4] (2.32ns)   --->   "%spill = fmul i32 %spillage_level_load, i32 0.5" [flood_HLS_base.cpp:202]   --->   Operation 123 'fmul' 'spill' <Predicate = (!icmp_ln191 & and_ln199)> <Delay = 2.32> <CoreInst = "FMul_maxdsp">   --->   Core 30 'FMul_maxdsp' <Latency = 3> <II = 1> <Delay = 2.32> <FuncUnit> <Opcode : 'fmul'> <InPorts = 2> <OutPorts = 1>
ST_7 : Operation 124 [1/4] (2.32ns)   --->   "%div5 = fmul i32 %spillage_from_neigh_load, i32 0.5" [flood_HLS_base.cpp:222]   --->   Operation 124 'fmul' 'div5' <Predicate = (!icmp_ln191)> <Delay = 2.32> <CoreInst = "FMul_maxdsp">   --->   Core 30 'FMul_maxdsp' <Latency = 3> <II = 1> <Delay = 2.32> <FuncUnit> <Opcode : 'fmul'> <InPorts = 2> <OutPorts = 1>
ST_7 : Operation 125 [1/4] (2.32ns)   --->   "%div468_1 = fmul i32 %spillage_from_neigh_1_load, i32 0.5" [flood_HLS_base.cpp:222]   --->   Operation 125 'fmul' 'div468_1' <Predicate = (!icmp_ln191)> <Delay = 2.32> <CoreInst = "FMul_maxdsp">   --->   Core 30 'FMul_maxdsp' <Latency = 3> <II = 1> <Delay = 2.32> <FuncUnit> <Opcode : 'fmul'> <InPorts = 2> <OutPorts = 1>
ST_7 : Operation 126 [1/4] (2.32ns)   --->   "%div468_2 = fmul i32 %spillage_from_neigh_2_load, i32 0.5" [flood_HLS_base.cpp:222]   --->   Operation 126 'fmul' 'div468_2' <Predicate = (!icmp_ln191)> <Delay = 2.32> <CoreInst = "FMul_maxdsp">   --->   Core 30 'FMul_maxdsp' <Latency = 3> <II = 1> <Delay = 2.32> <FuncUnit> <Opcode : 'fmul'> <InPorts = 2> <OutPorts = 1>
ST_7 : Operation 127 [1/4] (2.32ns)   --->   "%div468_3 = fmul i32 %spillage_from_neigh_3_load, i32 0.5" [flood_HLS_base.cpp:222]   --->   Operation 127 'fmul' 'div468_3' <Predicate = (!icmp_ln191)> <Delay = 2.32> <CoreInst = "FMul_maxdsp">   --->   Core 30 'FMul_maxdsp' <Latency = 3> <II = 1> <Delay = 2.32> <FuncUnit> <Opcode : 'fmul'> <InPorts = 2> <OutPorts = 1>

State 8 <SV = 7> <Delay = 2.32>
ST_8 : Operation 128 [4/11] (1.21ns)   --->   "%urem_ln52 = urem i7 %select_ln52, i7 3" [flood_HLS_base.cpp:52]   --->   Operation 128 'urem' 'urem_ln52' <Predicate = (!icmp_ln191)> <Delay = 1.21> <CoreInst = "Divider">   --->   Core 6 'Divider' <Latency = 10> <II = 1> <Delay = 1.21> <FuncUnit> <Opcode : 'udiv' 'sdiv' 'urem' 'srem'> <InPorts = 2> <OutPorts = 1>
ST_8 : Operation 129 [2/4] (2.32ns)   --->   "%spill = fmul i32 %spillage_level_load, i32 0.5" [flood_HLS_base.cpp:202]   --->   Operation 129 'fmul' 'spill' <Predicate = (!icmp_ln191 & and_ln199)> <Delay = 2.32> <CoreInst = "FMul_maxdsp">   --->   Core 30 'FMul_maxdsp' <Latency = 3> <II = 1> <Delay = 2.32> <FuncUnit> <Opcode : 'fmul'> <InPorts = 2> <OutPorts = 1>

State 9 <SV = 8> <Delay = 2.32>
ST_9 : Operation 130 [3/11] (1.21ns)   --->   "%urem_ln52 = urem i7 %select_ln52, i7 3" [flood_HLS_base.cpp:52]   --->   Operation 130 'urem' 'urem_ln52' <Predicate = (!icmp_ln191)> <Delay = 1.21> <CoreInst = "Divider">   --->   Core 6 'Divider' <Latency = 10> <II = 1> <Delay = 1.21> <FuncUnit> <Opcode : 'udiv' 'sdiv' 'urem' 'srem'> <InPorts = 2> <OutPorts = 1>
ST_9 : Operation 131 [1/4] (2.32ns)   --->   "%spill = fmul i32 %spillage_level_load, i32 0.5" [flood_HLS_base.cpp:202]   --->   Operation 131 'fmul' 'spill' <Predicate = (!icmp_ln191 & and_ln199)> <Delay = 2.32> <CoreInst = "FMul_maxdsp">   --->   Core 30 'FMul_maxdsp' <Latency = 3> <II = 1> <Delay = 2.32> <FuncUnit> <Opcode : 'fmul'> <InPorts = 2> <OutPorts = 1>
ST_9 : Operation 132 [4/4] (2.32ns)   --->   "%mul6 = fmul i32 %div5, i32 1e+06" [flood_HLS_base.cpp:222]   --->   Operation 132 'fmul' 'mul6' <Predicate = (!icmp_ln191)> <Delay = 2.32> <CoreInst = "FMul_maxdsp">   --->   Core 30 'FMul_maxdsp' <Latency = 3> <II = 1> <Delay = 2.32> <FuncUnit> <Opcode : 'fmul'> <InPorts = 2> <OutPorts = 1>
ST_9 : Operation 133 [4/4] (2.32ns)   --->   "%mul469_1 = fmul i32 %div468_1, i32 1e+06" [flood_HLS_base.cpp:222]   --->   Operation 133 'fmul' 'mul469_1' <Predicate = (!icmp_ln191)> <Delay = 2.32> <CoreInst = "FMul_maxdsp">   --->   Core 30 'FMul_maxdsp' <Latency = 3> <II = 1> <Delay = 2.32> <FuncUnit> <Opcode : 'fmul'> <InPorts = 2> <OutPorts = 1>
ST_9 : Operation 134 [4/4] (2.32ns)   --->   "%mul469_2 = fmul i32 %div468_2, i32 1e+06" [flood_HLS_base.cpp:222]   --->   Operation 134 'fmul' 'mul469_2' <Predicate = (!icmp_ln191)> <Delay = 2.32> <CoreInst = "FMul_maxdsp">   --->   Core 30 'FMul_maxdsp' <Latency = 3> <II = 1> <Delay = 2.32> <FuncUnit> <Opcode : 'fmul'> <InPorts = 2> <OutPorts = 1>
ST_9 : Operation 135 [4/4] (2.32ns)   --->   "%mul469_3 = fmul i32 %div468_3, i32 1e+06" [flood_HLS_base.cpp:222]   --->   Operation 135 'fmul' 'mul469_3' <Predicate = (!icmp_ln191)> <Delay = 2.32> <CoreInst = "FMul_maxdsp">   --->   Core 30 'FMul_maxdsp' <Latency = 3> <II = 1> <Delay = 2.32> <FuncUnit> <Opcode : 'fmul'> <InPorts = 2> <OutPorts = 1>

State 10 <SV = 9> <Delay = 2.32>
ST_10 : Operation 136 [2/11] (1.21ns)   --->   "%urem_ln52 = urem i7 %select_ln52, i7 3" [flood_HLS_base.cpp:52]   --->   Operation 136 'urem' 'urem_ln52' <Predicate = (!icmp_ln191)> <Delay = 1.21> <CoreInst = "Divider">   --->   Core 6 'Divider' <Latency = 10> <II = 1> <Delay = 1.21> <FuncUnit> <Opcode : 'udiv' 'sdiv' 'urem' 'srem'> <InPorts = 2> <OutPorts = 1>
ST_10 : Operation 137 [2/2] (1.54ns)   --->   "%max_spillage_iter = fpext i32 %spill" [flood_HLS_base.cpp:207]   --->   Operation 137 'fpext' 'max_spillage_iter' <Predicate = (!icmp_ln191 & and_ln199)> <Delay = 1.54> <CoreInst = "Float2Double">   --->   Core 64 'Float2Double' <Latency = 1> <II = 1> <Delay = 1.54> <FuncUnit> <Opcode : 'fpext'> <InPorts = 1> <OutPorts = 1>
ST_10 : Operation 138 [3/4] (2.32ns)   --->   "%mul6 = fmul i32 %div5, i32 1e+06" [flood_HLS_base.cpp:222]   --->   Operation 138 'fmul' 'mul6' <Predicate = (!icmp_ln191)> <Delay = 2.32> <CoreInst = "FMul_maxdsp">   --->   Core 30 'FMul_maxdsp' <Latency = 3> <II = 1> <Delay = 2.32> <FuncUnit> <Opcode : 'fmul'> <InPorts = 2> <OutPorts = 1>
ST_10 : Operation 139 [3/4] (2.32ns)   --->   "%mul469_1 = fmul i32 %div468_1, i32 1e+06" [flood_HLS_base.cpp:222]   --->   Operation 139 'fmul' 'mul469_1' <Predicate = (!icmp_ln191)> <Delay = 2.32> <CoreInst = "FMul_maxdsp">   --->   Core 30 'FMul_maxdsp' <Latency = 3> <II = 1> <Delay = 2.32> <FuncUnit> <Opcode : 'fmul'> <InPorts = 2> <OutPorts = 1>
ST_10 : Operation 140 [3/4] (2.32ns)   --->   "%mul469_2 = fmul i32 %div468_2, i32 1e+06" [flood_HLS_base.cpp:222]   --->   Operation 140 'fmul' 'mul469_2' <Predicate = (!icmp_ln191)> <Delay = 2.32> <CoreInst = "FMul_maxdsp">   --->   Core 30 'FMul_maxdsp' <Latency = 3> <II = 1> <Delay = 2.32> <FuncUnit> <Opcode : 'fmul'> <InPorts = 2> <OutPorts = 1>
ST_10 : Operation 141 [3/4] (2.32ns)   --->   "%mul469_3 = fmul i32 %div468_3, i32 1e+06" [flood_HLS_base.cpp:222]   --->   Operation 141 'fmul' 'mul469_3' <Predicate = (!icmp_ln191)> <Delay = 2.32> <CoreInst = "FMul_maxdsp">   --->   Core 30 'FMul_maxdsp' <Latency = 3> <II = 1> <Delay = 2.32> <FuncUnit> <Opcode : 'fmul'> <InPorts = 2> <OutPorts = 1>

State 11 <SV = 10> <Delay = 2.32>
ST_11 : Operation 142 [1/1] (0.00ns)   --->   "%specloopname_ln0 = specloopname void @_ssdm_op_SpecLoopName, void @PROPAGATION_ROWS_PROPAGATION_COLS_str"   --->   Operation 142 'specloopname' 'specloopname_ln0' <Predicate = (!icmp_ln191)> <Delay = 0.00>
ST_11 : Operation 143 [1/1] (0.00ns)   --->   "%speclooptripcount_ln0 = speclooptripcount void @_ssdm_op_SpecLoopTripCount, i64 4800, i64 4800, i64 4800"   --->   Operation 143 'speclooptripcount' 'speclooptripcount_ln0' <Predicate = (!icmp_ln191)> <Delay = 0.00>
ST_11 : Operation 144 [1/1] (0.00ns)   --->   "%specpipeline_ln52 = specpipeline void @_ssdm_op_SpecPipeline, i32 4294967295, i32 0, i32 0, i32 0, void @empty_3" [flood_HLS_base.cpp:52]   --->   Operation 144 'specpipeline' 'specpipeline_ln52' <Predicate = (!icmp_ln191)> <Delay = 0.00>
ST_11 : Operation 145 [1/11] (1.21ns)   --->   "%urem_ln52 = urem i7 %select_ln52, i7 3" [flood_HLS_base.cpp:52]   --->   Operation 145 'urem' 'urem_ln52' <Predicate = (!icmp_ln191)> <Delay = 1.21> <CoreInst = "Divider">   --->   Core 6 'Divider' <Latency = 10> <II = 1> <Delay = 1.21> <FuncUnit> <Opcode : 'udiv' 'sdiv' 'urem' 'srem'> <InPorts = 2> <OutPorts = 1>
ST_11 : Operation 146 [1/1] (0.00ns)   --->   "%trunc_ln52 = trunc i2 %urem_ln52" [flood_HLS_base.cpp:52]   --->   Operation 146 'trunc' 'trunc_ln52' <Predicate = (!icmp_ln191)> <Delay = 0.00>
ST_11 : Operation 147 [1/1] (0.38ns)   --->   "%wl = sparsemux i32 @_ssdm_op_SparseMux.ap_auto.3i32.i32.i2, i2 0, i32 %water_level_load_3, i2 1, i32 %water_level_1_load_3, i2 2, i32 %water_level_2_load_3, i32 0, i2 %trunc_ln52" [flood_HLS_base.cpp:196]   --->   Operation 147 'sparsemux' 'wl' <Predicate = (!icmp_ln191)> <Delay = 0.38> <CoreInst = "SparseMux">   --->   Core 144 'SparseMux' <Latency = 0> <II = 1> <Delay = 0.38> <FuncUnit> <Opcode : 'sparsemux'> <InPorts = 2> <OutPorts = 1>
ST_11 : Operation 148 [1/1] (0.38ns)   --->   "%br_ln199 = br i1 %and_ln199, void %for.inc472, void %if.then437" [flood_HLS_base.cpp:199]   --->   Operation 148 'br' 'br_ln199' <Predicate = (!icmp_ln191)> <Delay = 0.38>
ST_11 : Operation 149 [4/4] (2.32ns)   --->   "%mul5 = fmul i32 %spill, i32 1e+06" [flood_HLS_base.cpp:203]   --->   Operation 149 'fmul' 'mul5' <Predicate = (!icmp_ln191 & and_ln199)> <Delay = 2.32> <CoreInst = "FMul_maxdsp">   --->   Core 30 'FMul_maxdsp' <Latency = 3> <II = 1> <Delay = 2.32> <FuncUnit> <Opcode : 'fmul'> <InPorts = 2> <OutPorts = 1>
ST_11 : Operation 150 [1/2] (1.54ns)   --->   "%max_spillage_iter = fpext i32 %spill" [flood_HLS_base.cpp:207]   --->   Operation 150 'fpext' 'max_spillage_iter' <Predicate = (!icmp_ln191 & and_ln199)> <Delay = 1.54> <CoreInst = "Float2Double">   --->   Core 64 'Float2Double' <Latency = 1> <II = 1> <Delay = 1.54> <FuncUnit> <Opcode : 'fpext'> <InPorts = 1> <OutPorts = 1>
ST_11 : Operation 151 [2/4] (2.32ns)   --->   "%mul6 = fmul i32 %div5, i32 1e+06" [flood_HLS_base.cpp:222]   --->   Operation 151 'fmul' 'mul6' <Predicate = (!icmp_ln191)> <Delay = 2.32> <CoreInst = "FMul_maxdsp">   --->   Core 30 'FMul_maxdsp' <Latency = 3> <II = 1> <Delay = 2.32> <FuncUnit> <Opcode : 'fmul'> <InPorts = 2> <OutPorts = 1>
ST_11 : Operation 152 [2/4] (2.32ns)   --->   "%mul469_1 = fmul i32 %div468_1, i32 1e+06" [flood_HLS_base.cpp:222]   --->   Operation 152 'fmul' 'mul469_1' <Predicate = (!icmp_ln191)> <Delay = 2.32> <CoreInst = "FMul_maxdsp">   --->   Core 30 'FMul_maxdsp' <Latency = 3> <II = 1> <Delay = 2.32> <FuncUnit> <Opcode : 'fmul'> <InPorts = 2> <OutPorts = 1>
ST_11 : Operation 153 [2/4] (2.32ns)   --->   "%mul469_2 = fmul i32 %div468_2, i32 1e+06" [flood_HLS_base.cpp:222]   --->   Operation 153 'fmul' 'mul469_2' <Predicate = (!icmp_ln191)> <Delay = 2.32> <CoreInst = "FMul_maxdsp">   --->   Core 30 'FMul_maxdsp' <Latency = 3> <II = 1> <Delay = 2.32> <FuncUnit> <Opcode : 'fmul'> <InPorts = 2> <OutPorts = 1>
ST_11 : Operation 154 [2/4] (2.32ns)   --->   "%mul469_3 = fmul i32 %div468_3, i32 1e+06" [flood_HLS_base.cpp:222]   --->   Operation 154 'fmul' 'mul469_3' <Predicate = (!icmp_ln191)> <Delay = 2.32> <CoreInst = "FMul_maxdsp">   --->   Core 30 'FMul_maxdsp' <Latency = 3> <II = 1> <Delay = 2.32> <FuncUnit> <Opcode : 'fmul'> <InPorts = 2> <OutPorts = 1>
ST_11 : Operation 155 [1/1] (0.66ns)   --->   "%switch_ln229 = switch i2 %trunc_ln52, void %arrayidx4318.case.2, i2 0, void %arrayidx4318.case.0, i2 1, void %arrayidx4318.case.1" [flood_HLS_base.cpp:229]   --->   Operation 155 'switch' 'switch_ln229' <Predicate = (!icmp_ln191)> <Delay = 0.66>

State 12 <SV = 11> <Delay = 2.32>
ST_12 : Operation 156 [1/1] (0.00ns)   --->   "%p_load = load i416 %empty_81" [flood_HLS_base.cpp:213]   --->   Operation 156 'load' 'p_load' <Predicate = true> <Delay = 0.00>
ST_12 : Operation 157 [3/4] (2.32ns)   --->   "%mul5 = fmul i32 %spill, i32 1e+06" [flood_HLS_base.cpp:203]   --->   Operation 157 'fmul' 'mul5' <Predicate = (!icmp_ln191 & and_ln199)> <Delay = 2.32> <CoreInst = "FMul_maxdsp">   --->   Core 30 'FMul_maxdsp' <Latency = 3> <II = 1> <Delay = 2.32> <FuncUnit> <Opcode : 'fmul'> <InPorts = 2> <OutPorts = 1>
ST_12 : Operation 158 [1/1] (0.00ns)   --->   "%trunc_ln = partselect i64 @_ssdm_op_PartSelect.i64.i416.i32.i32, i416 %p_load, i32 64, i32 127" [flood_HLS_base.cpp:211]   --->   Operation 158 'partselect' 'trunc_ln' <Predicate = (!icmp_ln191 & and_ln199)> <Delay = 0.00>
ST_12 : Operation 159 [1/1] (0.00ns)   --->   "%bitcast_ln211 = bitcast i64 %trunc_ln" [flood_HLS_base.cpp:211]   --->   Operation 159 'bitcast' 'bitcast_ln211' <Predicate = (!icmp_ln191 & and_ln199)> <Delay = 0.00>
ST_12 : Operation 160 [1/1] (0.00ns)   --->   "%tmp_78 = partselect i11 @_ssdm_op_PartSelect.i11.i416.i32.i32, i416 %p_load, i32 116, i32 126" [flood_HLS_base.cpp:211]   --->   Operation 160 'partselect' 'tmp_78' <Predicate = (!icmp_ln191 & and_ln199)> <Delay = 0.00>
ST_12 : Operation 161 [1/1] (0.00ns)   --->   "%trunc_ln211_2 = partselect i52 @_ssdm_op_PartSelect.i52.i416.i32.i32, i416 %p_load, i32 64, i32 115" [flood_HLS_base.cpp:211]   --->   Operation 161 'partselect' 'trunc_ln211_2' <Predicate = (!icmp_ln191 & and_ln199)> <Delay = 0.00>
ST_12 : Operation 162 [1/1] (0.73ns)   --->   "%icmp_ln211 = icmp_ne  i11 %tmp_78, i11 2047" [flood_HLS_base.cpp:211]   --->   Operation 162 'icmp' 'icmp_ln211' <Predicate = (!icmp_ln191 & and_ln199)> <Delay = 0.73> <CoreInst = "Cmp">   --->   Core 9 'Cmp' <Latency = 0> <II = 1> <Delay = 0.73> <FuncUnit> <Opcode : 'seteq' 'setne' 'setle' 'setge' 'setlt' 'setgt'> <InPorts = 2> <OutPorts = 1>
ST_12 : Operation 163 [1/1] (0.98ns)   --->   "%icmp_ln211_1 = icmp_eq  i52 %trunc_ln211_2, i52 0" [flood_HLS_base.cpp:211]   --->   Operation 163 'icmp' 'icmp_ln211_1' <Predicate = (!icmp_ln191 & and_ln199)> <Delay = 0.98> <CoreInst = "Cmp">   --->   Core 9 'Cmp' <Latency = 0> <II = 1> <Delay = 0.98> <FuncUnit> <Opcode : 'seteq' 'setne' 'setle' 'setge' 'setlt' 'setgt'> <InPorts = 2> <OutPorts = 1>
ST_12 : Operation 164 [2/2] (2.01ns)   --->   "%tmp_79 = fcmp_ogt  i64 %max_spillage_iter, i64 %bitcast_ln211" [flood_HLS_base.cpp:211]   --->   Operation 164 'dcmp' 'tmp_79' <Predicate = (!icmp_ln191 & and_ln199)> <Delay = 2.01> <CoreInst = "DCompare">   --->   Core 38 'DCompare' <Latency = 1> <II = 1> <Delay = 2.01> <FuncUnit> <Opcode : 'dcmp'> <InPorts = 2> <OutPorts = 1>
ST_12 : Operation 165 [1/4] (2.32ns)   --->   "%mul6 = fmul i32 %div5, i32 1e+06" [flood_HLS_base.cpp:222]   --->   Operation 165 'fmul' 'mul6' <Predicate = (!icmp_ln191)> <Delay = 2.32> <CoreInst = "FMul_maxdsp">   --->   Core 30 'FMul_maxdsp' <Latency = 3> <II = 1> <Delay = 2.32> <FuncUnit> <Opcode : 'fmul'> <InPorts = 2> <OutPorts = 1>
ST_12 : Operation 166 [1/4] (2.32ns)   --->   "%mul469_1 = fmul i32 %div468_1, i32 1e+06" [flood_HLS_base.cpp:222]   --->   Operation 166 'fmul' 'mul469_1' <Predicate = (!icmp_ln191)> <Delay = 2.32> <CoreInst = "FMul_maxdsp">   --->   Core 30 'FMul_maxdsp' <Latency = 3> <II = 1> <Delay = 2.32> <FuncUnit> <Opcode : 'fmul'> <InPorts = 2> <OutPorts = 1>
ST_12 : Operation 167 [1/4] (2.32ns)   --->   "%mul469_2 = fmul i32 %div468_2, i32 1e+06" [flood_HLS_base.cpp:222]   --->   Operation 167 'fmul' 'mul469_2' <Predicate = (!icmp_ln191)> <Delay = 2.32> <CoreInst = "FMul_maxdsp">   --->   Core 30 'FMul_maxdsp' <Latency = 3> <II = 1> <Delay = 2.32> <FuncUnit> <Opcode : 'fmul'> <InPorts = 2> <OutPorts = 1>
ST_12 : Operation 168 [1/4] (2.32ns)   --->   "%mul469_3 = fmul i32 %div468_3, i32 1e+06" [flood_HLS_base.cpp:222]   --->   Operation 168 'fmul' 'mul469_3' <Predicate = (!icmp_ln191)> <Delay = 2.32> <CoreInst = "FMul_maxdsp">   --->   Core 30 'FMul_maxdsp' <Latency = 3> <II = 1> <Delay = 2.32> <FuncUnit> <Opcode : 'fmul'> <InPorts = 2> <OutPorts = 1>

State 13 <SV = 12> <Delay = 2.52>
ST_13 : Operation 169 [1/1] (0.00ns)   --->   "%max_spillage_iter_3_out_load = load i64 %max_spillage_iter_3_out" [flood_HLS_base.cpp:207]   --->   Operation 169 'load' 'max_spillage_iter_3_out_load' <Predicate = (!icmp_ln191 & and_ln199)> <Delay = 0.00>
ST_13 : Operation 170 [2/4] (2.32ns)   --->   "%mul5 = fmul i32 %spill, i32 1e+06" [flood_HLS_base.cpp:203]   --->   Operation 170 'fmul' 'mul5' <Predicate = (!icmp_ln191 & and_ln199)> <Delay = 2.32> <CoreInst = "FMul_maxdsp">   --->   Core 30 'FMul_maxdsp' <Latency = 3> <II = 1> <Delay = 2.32> <FuncUnit> <Opcode : 'fmul'> <InPorts = 2> <OutPorts = 1>
ST_13 : Operation 171 [1/1] (0.00ns)   --->   "%bitcast_ln207 = bitcast i64 %max_spillage_iter" [flood_HLS_base.cpp:207]   --->   Operation 171 'bitcast' 'bitcast_ln207' <Predicate = (!icmp_ln191 & and_ln199)> <Delay = 0.00>
ST_13 : Operation 172 [1/1] (0.00ns)   --->   "%tmp_75 = partselect i11 @_ssdm_op_PartSelect.i11.i64.i32.i32, i64 %bitcast_ln207, i32 52, i32 62" [flood_HLS_base.cpp:207]   --->   Operation 172 'partselect' 'tmp_75' <Predicate = (!icmp_ln191 & and_ln199)> <Delay = 0.00>
ST_13 : Operation 173 [1/1] (0.00ns)   --->   "%trunc_ln207 = trunc i64 %bitcast_ln207" [flood_HLS_base.cpp:207]   --->   Operation 173 'trunc' 'trunc_ln207' <Predicate = (!icmp_ln191 & and_ln199)> <Delay = 0.00>
ST_13 : Operation 174 [1/1] (0.73ns)   --->   "%icmp_ln207 = icmp_ne  i11 %tmp_75, i11 2047" [flood_HLS_base.cpp:207]   --->   Operation 174 'icmp' 'icmp_ln207' <Predicate = (!icmp_ln191 & and_ln199)> <Delay = 0.73> <CoreInst = "Cmp">   --->   Core 9 'Cmp' <Latency = 0> <II = 1> <Delay = 0.73> <FuncUnit> <Opcode : 'seteq' 'setne' 'setle' 'setge' 'setlt' 'setgt'> <InPorts = 2> <OutPorts = 1>
ST_13 : Operation 175 [1/1] (0.98ns)   --->   "%icmp_ln207_1 = icmp_eq  i52 %trunc_ln207, i52 0" [flood_HLS_base.cpp:207]   --->   Operation 175 'icmp' 'icmp_ln207_1' <Predicate = (!icmp_ln191 & and_ln199)> <Delay = 0.98> <CoreInst = "Cmp">   --->   Core 9 'Cmp' <Latency = 0> <II = 1> <Delay = 0.98> <FuncUnit> <Opcode : 'seteq' 'setne' 'setle' 'setge' 'setlt' 'setgt'> <InPorts = 2> <OutPorts = 1>
ST_13 : Operation 176 [1/1] (0.12ns)   --->   "%or_ln207 = or i1 %icmp_ln207_1, i1 %icmp_ln207" [flood_HLS_base.cpp:207]   --->   Operation 176 'or' 'or_ln207' <Predicate = (!icmp_ln191 & and_ln199)> <Delay = 0.12> <CoreInst = "LogicGate">   --->   Core 74 'LogicGate' <Latency = 0> <II = 1> <Delay = 0.12> <FuncUnit> <Opcode : 'and' 'or' 'xor'> <InPorts = 2> <OutPorts = 1>
ST_13 : Operation 177 [2/2] (2.01ns)   --->   "%tmp_77 = fcmp_ogt  i64 %max_spillage_iter, i64 %max_spillage_iter_3_out_load" [flood_HLS_base.cpp:207]   --->   Operation 177 'dcmp' 'tmp_77' <Predicate = (!icmp_ln191 & and_ln199)> <Delay = 2.01> <CoreInst = "DCompare">   --->   Core 38 'DCompare' <Latency = 1> <II = 1> <Delay = 2.01> <FuncUnit> <Opcode : 'dcmp'> <InPorts = 2> <OutPorts = 1>
ST_13 : Operation 178 [1/1] (0.00ns) (grouped into LUT with out node and_ln211_1)   --->   "%or_ln211 = or i1 %icmp_ln211_1, i1 %icmp_ln211" [flood_HLS_base.cpp:211]   --->   Operation 178 'or' 'or_ln211' <Predicate = (!icmp_ln191 & and_ln199)> <Delay = 0.00> <CoreInst = "LogicGate">   --->   Core 74 'LogicGate' <Latency = 0> <II = 1> <Delay = 0.12> <FuncUnit> <Opcode : 'and' 'or' 'xor'> <InPorts = 2> <OutPorts = 1>
ST_13 : Operation 179 [1/1] (0.00ns) (grouped into LUT with out node and_ln211_1)   --->   "%and_ln211 = and i1 %or_ln207, i1 %or_ln211" [flood_HLS_base.cpp:211]   --->   Operation 179 'and' 'and_ln211' <Predicate = (!icmp_ln191 & and_ln199)> <Delay = 0.00> <CoreInst = "LogicGate">   --->   Core 74 'LogicGate' <Latency = 0> <II = 1> <Delay = 0.12> <FuncUnit> <Opcode : 'and' 'or' 'xor'> <InPorts = 2> <OutPorts = 1>
ST_13 : Operation 180 [1/2] (2.01ns)   --->   "%tmp_79 = fcmp_ogt  i64 %max_spillage_iter, i64 %bitcast_ln211" [flood_HLS_base.cpp:211]   --->   Operation 180 'dcmp' 'tmp_79' <Predicate = (!icmp_ln191 & and_ln199)> <Delay = 2.01> <CoreInst = "DCompare">   --->   Core 38 'DCompare' <Latency = 1> <II = 1> <Delay = 2.01> <FuncUnit> <Opcode : 'dcmp'> <InPorts = 2> <OutPorts = 1>
ST_13 : Operation 181 [1/1] (0.12ns) (out node of the LUT)   --->   "%and_ln211_1 = and i1 %and_ln211, i1 %tmp_79" [flood_HLS_base.cpp:211]   --->   Operation 181 'and' 'and_ln211_1' <Predicate = (!icmp_ln191 & and_ln199)> <Delay = 0.12> <CoreInst = "LogicGate">   --->   Core 74 'LogicGate' <Latency = 0> <II = 1> <Delay = 0.12> <FuncUnit> <Opcode : 'and' 'or' 'xor'> <InPorts = 2> <OutPorts = 1>
ST_13 : Operation 182 [1/1] (0.00ns)   --->   "%tmp_s = partselect i256 @_ssdm_op_PartSelect.i256.i416.i32.i32, i416 %p_load, i32 160, i32 415" [flood_HLS_base.cpp:213]   --->   Operation 182 'partselect' 'tmp_s' <Predicate = (!icmp_ln191 & and_ln199 & and_ln211_1)> <Delay = 0.00>
ST_13 : Operation 183 [1/1] (0.00ns)   --->   "%trunc_ln213 = trunc i416 %p_load" [flood_HLS_base.cpp:213]   --->   Operation 183 'trunc' 'trunc_ln213' <Predicate = (!icmp_ln191 & and_ln199 & and_ln211_1)> <Delay = 0.00>
ST_13 : Operation 184 [1/1] (0.00ns)   --->   "%or_ln213_1 = bitconcatenate i416 @_ssdm_op_BitConcatenate.i416.i256.i1.i31.i64.i64, i256 %tmp_s, i1 0, i31 %tmp, i64 %bitcast_ln207, i64 %trunc_ln213" [flood_HLS_base.cpp:213]   --->   Operation 184 'bitconcatenate' 'or_ln213_1' <Predicate = (!icmp_ln191 & and_ln199 & and_ln211_1)> <Delay = 0.00>
ST_13 : Operation 185 [1/1] (0.38ns)   --->   "%store_ln213 = store i416 %or_ln213_1, i416 %empty_81" [flood_HLS_base.cpp:213]   --->   Operation 185 'store' 'store_ln213' <Predicate = (!icmp_ln191 & and_ln199 & and_ln211_1)> <Delay = 0.38>
ST_13 : Operation 186 [2/2] (2.28ns)   --->   "%spill_acc = call i32 @__hls_fptosi_float_i32, i32 %mul6" [flood_HLS_base.cpp:222]   --->   Operation 186 'call' 'spill_acc' <Predicate = (!icmp_ln191)> <Delay = 2.28> <CoreType = "Generic">   --->   Core 0 '' <Latency = 0> <II = 1> <Delay = 1.00> <Generic> <Opcode : >
ST_13 : Operation 187 [2/2] (2.28ns)   --->   "%tmp_17 = call i32 @__hls_fptosi_float_i32, i32 %mul469_1" [flood_HLS_base.cpp:222]   --->   Operation 187 'call' 'tmp_17' <Predicate = (!icmp_ln191)> <Delay = 2.28> <CoreType = "Generic">   --->   Core 0 '' <Latency = 0> <II = 1> <Delay = 1.00> <Generic> <Opcode : >
ST_13 : Operation 188 [2/2] (2.28ns)   --->   "%tmp_18 = call i32 @__hls_fptosi_float_i32, i32 %mul469_2" [flood_HLS_base.cpp:222]   --->   Operation 188 'call' 'tmp_18' <Predicate = (!icmp_ln191)> <Delay = 2.28> <CoreType = "Generic">   --->   Core 0 '' <Latency = 0> <II = 1> <Delay = 1.00> <Generic> <Opcode : >

State 14 <SV = 13> <Delay = 2.80>
ST_14 : Operation 189 [1/4] (2.32ns)   --->   "%mul5 = fmul i32 %spill, i32 1e+06" [flood_HLS_base.cpp:203]   --->   Operation 189 'fmul' 'mul5' <Predicate = (!icmp_ln191 & and_ln199)> <Delay = 2.32> <CoreInst = "FMul_maxdsp">   --->   Core 30 'FMul_maxdsp' <Latency = 3> <II = 1> <Delay = 2.32> <FuncUnit> <Opcode : 'fmul'> <InPorts = 2> <OutPorts = 1>
ST_14 : Operation 190 [1/1] (0.00ns)   --->   "%bitcast_ln207_1 = bitcast i64 %max_spillage_iter_3_out_load" [flood_HLS_base.cpp:207]   --->   Operation 190 'bitcast' 'bitcast_ln207_1' <Predicate = (!icmp_ln191 & and_ln199)> <Delay = 0.00>
ST_14 : Operation 191 [1/1] (0.00ns)   --->   "%tmp_76 = partselect i11 @_ssdm_op_PartSelect.i11.i64.i32.i32, i64 %bitcast_ln207_1, i32 52, i32 62" [flood_HLS_base.cpp:207]   --->   Operation 191 'partselect' 'tmp_76' <Predicate = (!icmp_ln191 & and_ln199)> <Delay = 0.00>
ST_14 : Operation 192 [1/1] (0.00ns)   --->   "%trunc_ln207_1 = trunc i64 %bitcast_ln207_1" [flood_HLS_base.cpp:207]   --->   Operation 192 'trunc' 'trunc_ln207_1' <Predicate = (!icmp_ln191 & and_ln199)> <Delay = 0.00>
ST_14 : Operation 193 [1/1] (0.73ns)   --->   "%icmp_ln207_2 = icmp_ne  i11 %tmp_76, i11 2047" [flood_HLS_base.cpp:207]   --->   Operation 193 'icmp' 'icmp_ln207_2' <Predicate = (!icmp_ln191 & and_ln199)> <Delay = 0.73> <CoreInst = "Cmp">   --->   Core 9 'Cmp' <Latency = 0> <II = 1> <Delay = 0.73> <FuncUnit> <Opcode : 'seteq' 'setne' 'setle' 'setge' 'setlt' 'setgt'> <InPorts = 2> <OutPorts = 1>
ST_14 : Operation 194 [1/1] (0.98ns)   --->   "%icmp_ln207_3 = icmp_eq  i52 %trunc_ln207_1, i52 0" [flood_HLS_base.cpp:207]   --->   Operation 194 'icmp' 'icmp_ln207_3' <Predicate = (!icmp_ln191 & and_ln199)> <Delay = 0.98> <CoreInst = "Cmp">   --->   Core 9 'Cmp' <Latency = 0> <II = 1> <Delay = 0.98> <FuncUnit> <Opcode : 'seteq' 'setne' 'setle' 'setge' 'setlt' 'setgt'> <InPorts = 2> <OutPorts = 1>
ST_14 : Operation 195 [1/1] (0.00ns) (grouped into LUT with out node max_spillage_iter_1)   --->   "%or_ln207_1 = or i1 %icmp_ln207_3, i1 %icmp_ln207_2" [flood_HLS_base.cpp:207]   --->   Operation 195 'or' 'or_ln207_1' <Predicate = (!icmp_ln191 & and_ln199)> <Delay = 0.00> <CoreInst = "LogicGate">   --->   Core 74 'LogicGate' <Latency = 0> <II = 1> <Delay = 0.12> <FuncUnit> <Opcode : 'and' 'or' 'xor'> <InPorts = 2> <OutPorts = 1>
ST_14 : Operation 196 [1/2] (2.01ns)   --->   "%tmp_77 = fcmp_ogt  i64 %max_spillage_iter, i64 %max_spillage_iter_3_out_load" [flood_HLS_base.cpp:207]   --->   Operation 196 'dcmp' 'tmp_77' <Predicate = (!icmp_ln191 & and_ln199)> <Delay = 2.01> <CoreInst = "DCompare">   --->   Core 38 'DCompare' <Latency = 1> <II = 1> <Delay = 2.01> <FuncUnit> <Opcode : 'dcmp'> <InPorts = 2> <OutPorts = 1>
ST_14 : Operation 197 [1/1] (0.00ns) (grouped into LUT with out node max_spillage_iter_1)   --->   "%and_ln207 = and i1 %or_ln207_1, i1 %or_ln207" [flood_HLS_base.cpp:207]   --->   Operation 197 'and' 'and_ln207' <Predicate = (!icmp_ln191 & and_ln199)> <Delay = 0.00> <CoreInst = "LogicGate">   --->   Core 74 'LogicGate' <Latency = 0> <II = 1> <Delay = 0.12> <FuncUnit> <Opcode : 'and' 'or' 'xor'> <InPorts = 2> <OutPorts = 1>
ST_14 : Operation 198 [1/1] (0.00ns) (grouped into LUT with out node max_spillage_iter_1)   --->   "%and_ln207_1 = and i1 %and_ln207, i1 %tmp_77" [flood_HLS_base.cpp:207]   --->   Operation 198 'and' 'and_ln207_1' <Predicate = (!icmp_ln191 & and_ln199)> <Delay = 0.00> <CoreInst = "LogicGate">   --->   Core 74 'LogicGate' <Latency = 0> <II = 1> <Delay = 0.12> <FuncUnit> <Opcode : 'and' 'or' 'xor'> <InPorts = 2> <OutPorts = 1>
ST_14 : Operation 199 [1/1] (0.41ns) (out node of the LUT)   --->   "%max_spillage_iter_1 = select i1 %and_ln207_1, i64 %max_spillage_iter, i64 %max_spillage_iter_3_out_load" [flood_HLS_base.cpp:207]   --->   Operation 199 'select' 'max_spillage_iter_1' <Predicate = (!icmp_ln191 & and_ln199)> <Delay = 0.41> <CoreInst = "Sel">   --->   Core 73 'Sel' <Latency = 0> <II = 1> <Delay = 0.41> <FuncUnit> <Opcode : 'select'> <InPorts = 3> <OutPorts = 1>
ST_14 : Operation 200 [1/1] (0.38ns)   --->   "%store_ln27 = store i64 %max_spillage_iter_1, i64 %max_spillage_iter_3_out" [flood_HLS_base.cpp:27]   --->   Operation 200 'store' 'store_ln27' <Predicate = (!icmp_ln191 & and_ln199)> <Delay = 0.38>
ST_14 : Operation 201 [1/2] (1.10ns)   --->   "%spill_acc = call i32 @__hls_fptosi_float_i32, i32 %mul6" [flood_HLS_base.cpp:222]   --->   Operation 201 'call' 'spill_acc' <Predicate = true> <Delay = 1.10> <CoreType = "Generic">   --->   Core 0 '' <Latency = 0> <II = 1> <Delay = 1.00> <Generic> <Opcode : >
ST_14 : Operation 202 [1/2] (1.10ns)   --->   "%tmp_17 = call i32 @__hls_fptosi_float_i32, i32 %mul469_1" [flood_HLS_base.cpp:222]   --->   Operation 202 'call' 'tmp_17' <Predicate = true> <Delay = 1.10> <CoreType = "Generic">   --->   Core 0 '' <Latency = 0> <II = 1> <Delay = 1.00> <Generic> <Opcode : >
ST_14 : Operation 203 [1/2] (1.10ns)   --->   "%tmp_18 = call i32 @__hls_fptosi_float_i32, i32 %mul469_2" [flood_HLS_base.cpp:222]   --->   Operation 203 'call' 'tmp_18' <Predicate = true> <Delay = 1.10> <CoreType = "Generic">   --->   Core 0 '' <Latency = 0> <II = 1> <Delay = 1.00> <Generic> <Opcode : >
ST_14 : Operation 204 [2/2] (2.28ns)   --->   "%tmp_19 = call i32 @__hls_fptosi_float_i32, i32 %mul469_3" [flood_HLS_base.cpp:222]   --->   Operation 204 'call' 'tmp_19' <Predicate = true> <Delay = 2.28> <CoreType = "Generic">   --->   Core 0 '' <Latency = 0> <II = 1> <Delay = 1.00> <Generic> <Opcode : >

State 15 <SV = 14> <Delay = 1.10>
ST_15 : Operation 205 [1/2] (1.10ns)   --->   "%tmp_19 = call i32 @__hls_fptosi_float_i32, i32 %mul469_3" [flood_HLS_base.cpp:222]   --->   Operation 205 'call' 'tmp_19' <Predicate = (!icmp_ln191)> <Delay = 1.10> <CoreType = "Generic">   --->   Core 0 '' <Latency = 0> <II = 1> <Delay = 1.00> <Generic> <Opcode : >

State 16 <SV = 15> <Delay = 2.28>
ST_16 : Operation 206 [2/2] (2.28ns)   --->   "%fixed_spill = call i32 @__hls_fptosi_float_i32, i32 %mul5" [flood_HLS_base.cpp:203]   --->   Operation 206 'call' 'fixed_spill' <Predicate = (!icmp_ln191 & and_ln199)> <Delay = 2.28> <CoreType = "Generic">   --->   Core 0 '' <Latency = 0> <II = 1> <Delay = 1.00> <Generic> <Opcode : >
ST_16 : Operation 222 [1/1] (0.00ns)   --->   "%store_ln213 = store i416 %p_load, i416 %p_out" [flood_HLS_base.cpp:213]   --->   Operation 222 'store' 'store_ln213' <Predicate = (icmp_ln191)> <Delay = 0.00>
ST_16 : Operation 223 [1/1] (0.38ns)   --->   "%ret_ln0 = ret"   --->   Operation 223 'ret' 'ret_ln0' <Predicate = (icmp_ln191)> <Delay = 0.38>

State 17 <SV = 16> <Delay = 1.98>
ST_17 : Operation 207 [1/2] (1.10ns)   --->   "%fixed_spill = call i32 @__hls_fptosi_float_i32, i32 %mul5" [flood_HLS_base.cpp:203]   --->   Operation 207 'call' 'fixed_spill' <Predicate = (!icmp_ln191 & and_ln199)> <Delay = 1.10> <CoreType = "Generic">   --->   Core 0 '' <Latency = 0> <II = 1> <Delay = 1.00> <Generic> <Opcode : >
ST_17 : Operation 208 [1/1] (0.88ns)   --->   "%wl_1 = sub i32 %wl, i32 %fixed_spill" [flood_HLS_base.cpp:204]   --->   Operation 208 'sub' 'wl_1' <Predicate = (!icmp_ln191 & and_ln199)> <Delay = 0.88> <CoreInst = "Adder">   --->   Core 1 'Adder' <Latency = 0> <II = 1> <Delay = 0.88> <FuncUnit> <Opcode : 'add' 'sub'> <InPorts = 2> <OutPorts = 1>
ST_17 : Operation 209 [1/1] (0.38ns)   --->   "%br_ln211 = br i1 %and_ln211_1, void %for.inc472, void %if.then453" [flood_HLS_base.cpp:211]   --->   Operation 209 'br' 'br_ln211' <Predicate = (!icmp_ln191 & and_ln199)> <Delay = 0.38>
ST_17 : Operation 210 [1/1] (0.38ns)   --->   "%br_ln214 = br void %for.inc472" [flood_HLS_base.cpp:214]   --->   Operation 210 'br' 'br_ln214' <Predicate = (!icmp_ln191 & and_ln199 & and_ln211_1)> <Delay = 0.38>

State 18 <SV = 17> <Delay = 2.66>
ST_18 : Operation 211 [1/1] (0.00ns)   --->   "%wl_2 = phi i32 %wl_1, void %if.then453, i32 %wl_1, void %if.then437, i32 %wl, void %for.inc483"   --->   Operation 211 'phi' 'wl_2' <Predicate = true> <Delay = 0.00>
ST_18 : Operation 212 [1/1] (0.00ns) (grouped into TernaryAdder)   --->   "%add_ln226 = add i32 %tmp_17, i32 %tmp_18" [flood_HLS_base.cpp:226]   --->   Operation 212 'add' 'add_ln226' <Predicate = true> <Delay = 0.00> <CoreInst = "TAddSub">   --->   Core 10 'TAddSub' <Latency = 0> <II = 1> <Delay = 0.36> <IPBlock> <Opcode : '' 'add' 'sub'> <InPorts = 3> <OutPorts = 1> <Sync> <CReg>
ST_18 : Operation 213 [1/1] (0.00ns) (grouped into TernaryAdder)   --->   "%add_ln226_1 = add i32 %spill_acc, i32 %tmp_19" [flood_HLS_base.cpp:226]   --->   Operation 213 'add' 'add_ln226_1' <Predicate = true> <Delay = 0.00> <CoreInst = "TAddSub">   --->   Core 10 'TAddSub' <Latency = 0> <II = 1> <Delay = 0.36> <IPBlock> <Opcode : '' 'add' 'sub'> <InPorts = 3> <OutPorts = 1> <Sync> <CReg>
ST_18 : Operation 214 [1/1] (0.73ns) (root node of TernaryAdder)   --->   "%add_ln226_2 = add i32 %add_ln226_1, i32 %wl_2" [flood_HLS_base.cpp:226]   --->   Operation 214 'add' 'add_ln226_2' <Predicate = true> <Delay = 0.73> <CoreInst = "TAddSub">   --->   Core 10 'TAddSub' <Latency = 0> <II = 1> <Delay = 0.36> <IPBlock> <Opcode : '' 'add' 'sub'> <InPorts = 3> <OutPorts = 1> <Sync> <CReg>
ST_18 : Operation 215 [1/1] (0.73ns) (root node of TernaryAdder)   --->   "%wl_3 = add i32 %add_ln226_2, i32 %add_ln226" [flood_HLS_base.cpp:226]   --->   Operation 215 'add' 'wl_3' <Predicate = true> <Delay = 0.73> <CoreInst = "TAddSub">   --->   Core 10 'TAddSub' <Latency = 0> <II = 1> <Delay = 0.36> <IPBlock> <Opcode : '' 'add' 'sub'> <InPorts = 3> <OutPorts = 1> <Sync> <CReg>
ST_18 : Operation 216 [1/1] (1.20ns)   --->   "%store_ln229 = store i32 %wl_3, i11 %water_level_1_addr_4" [flood_HLS_base.cpp:229]   --->   Operation 216 'store' 'store_ln229' <Predicate = (trunc_ln52 == 1)> <Delay = 1.20> <CoreInst = "RAM_1WnR">   --->   Core 83 'RAM_1WnR' <Latency = 1> <II = 1> <Delay = 1.20> <Storage> <Opcode : 'load' 'store'> <Ports = 17> <Width = 32> <Depth = 1620> <RAM>
ST_18 : Operation 217 [1/1] (0.00ns)   --->   "%br_ln229 = br void %arrayidx4318.exit" [flood_HLS_base.cpp:229]   --->   Operation 217 'br' 'br_ln229' <Predicate = (trunc_ln52 == 1)> <Delay = 0.00>
ST_18 : Operation 218 [1/1] (1.20ns)   --->   "%store_ln229 = store i32 %wl_3, i11 %water_level_addr_4" [flood_HLS_base.cpp:229]   --->   Operation 218 'store' 'store_ln229' <Predicate = (trunc_ln52 == 0)> <Delay = 1.20> <CoreInst = "RAM_1WnR">   --->   Core 83 'RAM_1WnR' <Latency = 1> <II = 1> <Delay = 1.20> <Storage> <Opcode : 'load' 'store'> <Ports = 17> <Width = 32> <Depth = 1620> <RAM>
ST_18 : Operation 219 [1/1] (0.00ns)   --->   "%br_ln229 = br void %arrayidx4318.exit" [flood_HLS_base.cpp:229]   --->   Operation 219 'br' 'br_ln229' <Predicate = (trunc_ln52 == 0)> <Delay = 0.00>
ST_18 : Operation 220 [1/1] (1.20ns)   --->   "%store_ln229 = store i32 %wl_3, i11 %water_level_2_addr_4" [flood_HLS_base.cpp:229]   --->   Operation 220 'store' 'store_ln229' <Predicate = (trunc_ln52 != 0 & trunc_ln52 != 1)> <Delay = 1.20> <CoreInst = "RAM_1WnR">   --->   Core 83 'RAM_1WnR' <Latency = 1> <II = 1> <Delay = 1.20> <Storage> <Opcode : 'load' 'store'> <Ports = 17> <Width = 32> <Depth = 1620> <RAM>
ST_18 : Operation 221 [1/1] (0.00ns)   --->   "%br_ln229 = br void %arrayidx4318.exit" [flood_HLS_base.cpp:229]   --->   Operation 221 'br' 'br_ln229' <Predicate = (trunc_ln52 != 0 & trunc_ln52 != 1)> <Delay = 0.00>


============================================================
+ Verbose Summary: Binding
============================================================
STG Binding: 
---------------- STG Properties BEGIN ----------------
- Is combinational: 0
- Is one-state seq: 0
- Is datapath-only: 0
- Is pipelined: 0
- Is top level: 0
Port [ Return ] is wired: 1; IO mode=ap_ctrl_hs:ce=0
Port [ p_reload44]:  wired=1; compound=0; hidden=0; nouse=0; global=0; static=0; extern=0; dir=0; type=0; pingpong=0; private_global=0; IO mode=ap_none:ce=0
Port [ spillage_flag]:  wired=1; compound=1; hidden=0; nouse=0; global=0; static=0; extern=0; dir=0; type=1; pingpong=0; private_global=0; MemPort=[13]; IO mode=ap_memory:ce=0
Port [ spillage_level]:  wired=1; compound=1; hidden=0; nouse=0; global=0; static=0; extern=0; dir=0; type=1; pingpong=0; private_global=0; MemPort=[13]; IO mode=ap_memory:ce=0
Port [ spillage_from_neigh]:  wired=1; compound=1; hidden=0; nouse=0; global=0; static=0; extern=0; dir=0; type=1; pingpong=0; private_global=0; MemPort=[13]; IO mode=ap_memory:ce=0
Port [ spillage_from_neigh_1]:  wired=1; compound=1; hidden=0; nouse=0; global=0; static=0; extern=0; dir=0; type=1; pingpong=0; private_global=0; MemPort=[13]; IO mode=ap_memory:ce=0
Port [ spillage_from_neigh_2]:  wired=1; compound=1; hidden=0; nouse=0; global=0; static=0; extern=0; dir=0; type=1; pingpong=0; private_global=0; MemPort=[13]; IO mode=ap_memory:ce=0
Port [ spillage_from_neigh_3]:  wired=1; compound=1; hidden=0; nouse=0; global=0; static=0; extern=0; dir=0; type=1; pingpong=0; private_global=0; MemPort=[13]; IO mode=ap_memory:ce=0
Port [ water_level]:  wired=1; compound=1; hidden=0; nouse=0; global=0; static=0; extern=0; dir=2; type=1; pingpong=0; private_global=0; MemPort=[01333333333333333]; IO mode=ap_memory:ce=0
Port [ water_level_1]:  wired=1; compound=1; hidden=0; nouse=0; global=0; static=0; extern=0; dir=2; type=1; pingpong=0; private_global=0; MemPort=[01333333333333333]; IO mode=ap_memory:ce=0
Port [ water_level_2]:  wired=1; compound=1; hidden=0; nouse=0; global=0; static=0; extern=0; dir=2; type=1; pingpong=0; private_global=0; MemPort=[01333333333333333]; IO mode=ap_memory:ce=0
Port [ empty]:  wired=1; compound=0; hidden=0; nouse=0; global=0; static=0; extern=0; dir=0; type=0; pingpong=0; private_global=0; IO mode=ap_none:ce=0
Port [ p_out]:  wired=1; compound=0; hidden=0; nouse=0; global=0; static=0; extern=0; dir=1; type=0; pingpong=0; private_global=0; IO mode=ap_vld:ce=0
Port [ max_spillage_iter_3_out]:  wired=1; compound=0; hidden=0; nouse=0; global=0; static=0; extern=0; dir=2; type=0; pingpong=0; private_global=0; IO mode=ap_ovld:ce=0
---------------- STG Properties END ------------------

---------------- Datapath Model BEGIN ----------------

<LifeTime>
<method=bitvector/>
col_pos                      (alloca           ) [ 0100000000000000000]
row_pos                      (alloca           ) [ 0100000000000000000]
indvar_flatten18             (alloca           ) [ 0100000000000000000]
empty_81                     (alloca           ) [ 0111111111111100000]
tmp                          (read             ) [ 0111111111111100000]
p_reload44_read              (read             ) [ 0000000000000000000]
store_ln27                   (store            ) [ 0000000000000000000]
store_ln0                    (store            ) [ 0000000000000000000]
store_ln0                    (store            ) [ 0000000000000000000]
store_ln52                   (store            ) [ 0000000000000000000]
store_ln52                   (store            ) [ 0000000000000000000]
br_ln0                       (br               ) [ 0000000000000000000]
indvar_flatten18_load        (load             ) [ 0000000000000000000]
icmp_ln191                   (icmp             ) [ 0111111111111111111]
add_ln191_1                  (add              ) [ 0000000000000000000]
br_ln191                     (br               ) [ 0000000000000000000]
col_pos_load                 (load             ) [ 0000000000000000000]
row_pos_load                 (load             ) [ 0000000000000000000]
add_ln191                    (add              ) [ 0000000000000000000]
icmp_ln193                   (icmp             ) [ 0000000000000000000]
select_ln52                  (select           ) [ 0111111111110000000]
select_ln191                 (select           ) [ 0010000000000000000]
zext_ln196                   (zext             ) [ 0111000000000000000]
add_ln193                    (add              ) [ 0000000000000000000]
store_ln191                  (store            ) [ 0000000000000000000]
store_ln52                   (store            ) [ 0000000000000000000]
store_ln52                   (store            ) [ 0000000000000000000]
br_ln193                     (br               ) [ 0000000000000000000]
tmp_67                       (bitconcatenate   ) [ 0000000000000000000]
zext_ln199                   (zext             ) [ 0000000000000000000]
tmp_68                       (bitconcatenate   ) [ 0000000000000000000]
zext_ln199_1                 (zext             ) [ 0000000000000000000]
add_ln199_1                  (add              ) [ 0000000000000000000]
zext_ln199_2                 (zext             ) [ 0000000000000000000]
add_ln199                    (add              ) [ 0000000000000000000]
zext_ln199_3                 (zext             ) [ 0000000000000000000]
spillage_flag_addr           (getelementptr    ) [ 0101000000000000000]
spillage_level_addr          (getelementptr    ) [ 0111110000000000000]
spillage_from_neigh_addr     (getelementptr    ) [ 0101000000000000000]
spillage_from_neigh_1_addr   (getelementptr    ) [ 0101000000000000000]
spillage_from_neigh_2_addr   (getelementptr    ) [ 0101000000000000000]
spillage_from_neigh_3_addr   (getelementptr    ) [ 0101000000000000000]
zext_ln52                    (zext             ) [ 0000000000000000000]
mul_ln52                     (mul              ) [ 0000000000000000000]
tmp_69                       (partselect       ) [ 0101000000000000000]
mul_ln196                    (mul              ) [ 0010100000000000000]
zext_ln196_1                 (zext             ) [ 0010100000000000000]
spillage_flag_load           (load             ) [ 0010100000000000000]
bitcast_ln199                (bitcast          ) [ 0000000000000000000]
tmp_70                       (partselect       ) [ 0000000000000000000]
trunc_ln199                  (trunc            ) [ 0000000000000000000]
icmp_ln199                   (icmp             ) [ 0010100000000000000]
icmp_ln199_1                 (icmp             ) [ 0010100000000000000]
spillage_from_neigh_load     (load             ) [ 0110111100000000000]
spillage_from_neigh_1_load   (load             ) [ 0110111100000000000]
spillage_from_neigh_2_load   (load             ) [ 0110111100000000000]
spillage_from_neigh_3_load   (load             ) [ 0110111100000000000]
add_ln196                    (add              ) [ 0000000000000000000]
zext_ln196_2                 (zext             ) [ 0000000000000000000]
water_level_addr_4           (getelementptr    ) [ 0110011111111111111]
water_level_1_addr_4         (getelementptr    ) [ 0110011111111111111]
water_level_2_addr_4         (getelementptr    ) [ 0110011111111111111]
or_ln199                     (or               ) [ 0000000000000000000]
tmp_71                       (fcmp             ) [ 0000000000000000000]
and_ln199                    (and              ) [ 0110111111111111111]
water_level_load_3           (load             ) [ 0110001111110000000]
water_level_1_load_3         (load             ) [ 0110001111110000000]
water_level_2_load_3         (load             ) [ 0110001111110000000]
spillage_level_load          (load             ) [ 0110001111000000000]
div5                         (fmul             ) [ 0110000011111000000]
div468_1                     (fmul             ) [ 0110000011111000000]
div468_2                     (fmul             ) [ 0110000011111000000]
div468_3                     (fmul             ) [ 0110000011111000000]
spill                        (fmul             ) [ 0110000000111110000]
specloopname_ln0             (specloopname     ) [ 0000000000000000000]
speclooptripcount_ln0        (speclooptripcount) [ 0000000000000000000]
specpipeline_ln52            (specpipeline     ) [ 0000000000000000000]
urem_ln52                    (urem             ) [ 0000000000000000000]
trunc_ln52                   (trunc            ) [ 0110000000001111111]
wl                           (sparsemux        ) [ 0110000000011111111]
br_ln199                     (br               ) [ 0110000000011111111]
max_spillage_iter            (fpext            ) [ 0110000000001110000]
switch_ln229                 (switch           ) [ 0000000000000000000]
p_load                       (load             ) [ 0110000000000111100]
trunc_ln                     (partselect       ) [ 0000000000000000000]
bitcast_ln211                (bitcast          ) [ 0100000000000100000]
tmp_78                       (partselect       ) [ 0000000000000000000]
trunc_ln211_2                (partselect       ) [ 0000000000000000000]
icmp_ln211                   (icmp             ) [ 0100000000000100000]
icmp_ln211_1                 (icmp             ) [ 0100000000000100000]
mul6                         (fmul             ) [ 0100000000000100000]
mul469_1                     (fmul             ) [ 0100000000000100000]
mul469_2                     (fmul             ) [ 0100000000000100000]
mul469_3                     (fmul             ) [ 0110000000000110000]
max_spillage_iter_3_out_load (load             ) [ 0010000000000010000]
bitcast_ln207                (bitcast          ) [ 0000000000000000000]
tmp_75                       (partselect       ) [ 0000000000000000000]
trunc_ln207                  (trunc            ) [ 0000000000000000000]
icmp_ln207                   (icmp             ) [ 0000000000000000000]
icmp_ln207_1                 (icmp             ) [ 0000000000000000000]
or_ln207                     (or               ) [ 0010000000000010000]
or_ln211                     (or               ) [ 0000000000000000000]
and_ln211                    (and              ) [ 0000000000000000000]
tmp_79                       (dcmp             ) [ 0000000000000000000]
and_ln211_1                  (and              ) [ 0110000000000111111]
tmp_s                        (partselect       ) [ 0000000000000000000]
trunc_ln213                  (trunc            ) [ 0000000000000000000]
or_ln213_1                   (bitconcatenate   ) [ 0000000000000000000]
store_ln213                  (store            ) [ 0000000000000000000]
mul5                         (fmul             ) [ 0110000000000001100]
bitcast_ln207_1              (bitcast          ) [ 0000000000000000000]
tmp_76                       (partselect       ) [ 0000000000000000000]
trunc_ln207_1                (trunc            ) [ 0000000000000000000]
icmp_ln207_2                 (icmp             ) [ 0000000000000000000]
icmp_ln207_3                 (icmp             ) [ 0000000000000000000]
or_ln207_1                   (or               ) [ 0000000000000000000]
tmp_77                       (dcmp             ) [ 0000000000000000000]
and_ln207                    (and              ) [ 0000000000000000000]
and_ln207_1                  (and              ) [ 0000000000000000000]
max_spillage_iter_1          (select           ) [ 0000000000000000000]
store_ln27                   (store            ) [ 0000000000000000000]
spill_acc                    (call             ) [ 0110000000000001111]
tmp_17                       (call             ) [ 0110000000000001111]
tmp_18                       (call             ) [ 0110000000000001111]
tmp_19                       (call             ) [ 0110000000000000111]
fixed_spill                  (call             ) [ 0000000000000000000]
wl_1                         (sub              ) [ 0110000000010000011]
br_ln211                     (br               ) [ 0110000000010000011]
br_ln214                     (br               ) [ 0110000000010000011]
wl_2                         (phi              ) [ 0010000000000000001]
add_ln226                    (add              ) [ 0000000000000000000]
add_ln226_1                  (add              ) [ 0000000000000000000]
add_ln226_2                  (add              ) [ 0000000000000000000]
wl_3                         (add              ) [ 0000000000000000000]
store_ln229                  (store            ) [ 0000000000000000000]
br_ln229                     (br               ) [ 0000000000000000000]
store_ln229                  (store            ) [ 0000000000000000000]
br_ln229                     (br               ) [ 0000000000000000000]
store_ln229                  (store            ) [ 0000000000000000000]
br_ln229                     (br               ) [ 0000000000000000000]
store_ln213                  (store            ) [ 0000000000000000000]
ret_ln0                      (ret              ) [ 0000000000000000000]
</LifeTime>

<model>

<comp_list>
<comp id="0" class="1000" name="p_reload44">
<pin_list>
<pin id="1" dir="1" index="0" bw="1" slack="0"/>
</pin_list>
<bind>
<StgValue><ssdm name="p_reload44"/></StgValue>
</bind>
</comp>

<comp id="2" class="1000" name="spillage_flag">
<pin_list>
<pin id="3" dir="1" index="0" bw="1" slack="0"/>
</pin_list>
<bind>
<StgValue><ssdm name="spillage_flag"/><MemPortTyVec>1 3 </MemPortTyVec>
</StgValue>
</bind>
</comp>

<comp id="4" class="1000" name="spillage_level">
<pin_list>
<pin id="5" dir="1" index="0" bw="1" slack="0"/>
</pin_list>
<bind>
<StgValue><ssdm name="spillage_level"/><MemPortTyVec>1 3 </MemPortTyVec>
</StgValue>
</bind>
</comp>

<comp id="6" class="1000" name="spillage_from_neigh">
<pin_list>
<pin id="7" dir="1" index="0" bw="1" slack="0"/>
</pin_list>
<bind>
<StgValue><ssdm name="spillage_from_neigh"/><MemPortTyVec>1 3 </MemPortTyVec>
</StgValue>
</bind>
</comp>

<comp id="8" class="1000" name="spillage_from_neigh_1">
<pin_list>
<pin id="9" dir="1" index="0" bw="1" slack="0"/>
</pin_list>
<bind>
<StgValue><ssdm name="spillage_from_neigh_1"/><MemPortTyVec>1 3 </MemPortTyVec>
</StgValue>
</bind>
</comp>

<comp id="10" class="1000" name="spillage_from_neigh_2">
<pin_list>
<pin id="11" dir="1" index="0" bw="1" slack="0"/>
</pin_list>
<bind>
<StgValue><ssdm name="spillage_from_neigh_2"/><MemPortTyVec>1 3 </MemPortTyVec>
</StgValue>
</bind>
</comp>

<comp id="12" class="1000" name="spillage_from_neigh_3">
<pin_list>
<pin id="13" dir="1" index="0" bw="1" slack="0"/>
</pin_list>
<bind>
<StgValue><ssdm name="spillage_from_neigh_3"/><MemPortTyVec>1 3 </MemPortTyVec>
</StgValue>
</bind>
</comp>

<comp id="14" class="1000" name="water_level">
<pin_list>
<pin id="15" dir="1" index="0" bw="1" slack="0"/>
</pin_list>
<bind>
<StgValue><ssdm name="water_level"/><MemPortTyVec>0 1 3 3 3 3 3 3 3 3 3 3 3 3 3 3 3 </MemPortTyVec>
</StgValue>
</bind>
</comp>

<comp id="16" class="1000" name="water_level_1">
<pin_list>
<pin id="17" dir="1" index="0" bw="1" slack="0"/>
</pin_list>
<bind>
<StgValue><ssdm name="water_level_1"/><MemPortTyVec>0 1 3 3 3 3 3 3 3 3 3 3 3 3 3 3 3 </MemPortTyVec>
</StgValue>
</bind>
</comp>

<comp id="18" class="1000" name="water_level_2">
<pin_list>
<pin id="19" dir="1" index="0" bw="1" slack="0"/>
</pin_list>
<bind>
<StgValue><ssdm name="water_level_2"/><MemPortTyVec>0 1 3 3 3 3 3 3 3 3 3 3 3 3 3 3 3 </MemPortTyVec>
</StgValue>
</bind>
</comp>

<comp id="20" class="1000" name="empty">
<pin_list>
<pin id="21" dir="1" index="0" bw="1" slack="0"/>
</pin_list>
<bind>
<StgValue><ssdm name="empty"/></StgValue>
</bind>
</comp>

<comp id="22" class="1000" name="p_out">
<pin_list>
<pin id="23" dir="1" index="0" bw="1" slack="0"/>
</pin_list>
<bind>
<StgValue><ssdm name="p_out"/></StgValue>
</bind>
</comp>

<comp id="24" class="1000" name="max_spillage_iter_3_out">
<pin_list>
<pin id="25" dir="1" index="0" bw="1" slack="0"/>
</pin_list>
<bind>
<StgValue><ssdm name="max_spillage_iter_3_out"/></StgValue>
</bind>
</comp>

<comp id="26" class="1001" name="const_26">
<pin_list>
<pin id="27" dir="1" index="0" bw="1" slack="0"/>
</pin_list>
<bind>
<StgValue><ssdm name=""/></StgValue>
</bind>
</comp>

<comp id="28" class="1001" name="const_28">
<pin_list>
<pin id="29" dir="1" index="0" bw="1" slack="0"/>
</pin_list>
<bind>
<StgValue><ssdm name="_ssdm_op_Read.ap_auto.i31"/></StgValue>
</bind>
</comp>

<comp id="30" class="1001" name="const_30">
<pin_list>
<pin id="31" dir="1" index="0" bw="1" slack="0"/>
</pin_list>
<bind>
<StgValue><ssdm name="_ssdm_op_Read.ap_auto.i416"/></StgValue>
</bind>
</comp>

<comp id="32" class="1001" name="const_32">
<pin_list>
<pin id="33" dir="1" index="0" bw="1" slack="0"/>
</pin_list>
<bind>
<StgValue><ssdm name=""/></StgValue>
</bind>
</comp>

<comp id="34" class="1001" name="const_34">
<pin_list>
<pin id="35" dir="1" index="0" bw="1" slack="0"/>
</pin_list>
<bind>
<StgValue><ssdm name=""/></StgValue>
</bind>
</comp>

<comp id="36" class="1001" name="const_36">
<pin_list>
<pin id="37" dir="1" index="0" bw="1" slack="0"/>
</pin_list>
<bind>
<StgValue><ssdm name=""/></StgValue>
</bind>
</comp>

<comp id="38" class="1001" name="const_38">
<pin_list>
<pin id="39" dir="1" index="0" bw="1" slack="0"/>
</pin_list>
<bind>
<StgValue><ssdm name=""/></StgValue>
</bind>
</comp>

<comp id="40" class="1001" name="const_40">
<pin_list>
<pin id="41" dir="1" index="0" bw="1" slack="0"/>
</pin_list>
<bind>
<StgValue><ssdm name=""/></StgValue>
</bind>
</comp>

<comp id="42" class="1001" name="const_42">
<pin_list>
<pin id="43" dir="1" index="0" bw="1" slack="0"/>
</pin_list>
<bind>
<StgValue><ssdm name=""/></StgValue>
</bind>
</comp>

<comp id="44" class="1001" name="const_44">
<pin_list>
<pin id="45" dir="1" index="0" bw="1" slack="0"/>
</pin_list>
<bind>
<StgValue><ssdm name=""/></StgValue>
</bind>
</comp>

<comp id="46" class="1001" name="const_46">
<pin_list>
<pin id="47" dir="1" index="0" bw="1" slack="0"/>
</pin_list>
<bind>
<StgValue><ssdm name=""/></StgValue>
</bind>
</comp>

<comp id="48" class="1001" name="const_48">
<pin_list>
<pin id="49" dir="1" index="0" bw="1" slack="0"/>
</pin_list>
<bind>
<StgValue><ssdm name=""/></StgValue>
</bind>
</comp>

<comp id="50" class="1001" name="const_50">
<pin_list>
<pin id="51" dir="1" index="0" bw="1" slack="0"/>
</pin_list>
<bind>
<StgValue><ssdm name=""/></StgValue>
</bind>
</comp>

<comp id="52" class="1001" name="const_52">
<pin_list>
<pin id="53" dir="1" index="0" bw="1" slack="0"/>
</pin_list>
<bind>
<StgValue><ssdm name=""/></StgValue>
</bind>
</comp>

<comp id="54" class="1001" name="const_54">
<pin_list>
<pin id="55" dir="1" index="0" bw="1" slack="0"/>
</pin_list>
<bind>
<StgValue><ssdm name="_ssdm_op_BitConcatenate.i12.i6.i6"/></StgValue>
</bind>
</comp>

<comp id="56" class="1001" name="const_56">
<pin_list>
<pin id="57" dir="1" index="0" bw="1" slack="0"/>
</pin_list>
<bind>
<StgValue><ssdm name="_ssdm_op_BitConcatenate.i10.i6.i4"/></StgValue>
</bind>
</comp>

<comp id="58" class="1001" name="const_58">
<pin_list>
<pin id="59" dir="1" index="0" bw="1" slack="0"/>
</pin_list>
<bind>
<StgValue><ssdm name=""/></StgValue>
</bind>
</comp>

<comp id="60" class="1001" name="const_60">
<pin_list>
<pin id="61" dir="1" index="0" bw="1" slack="0"/>
</pin_list>
<bind>
<StgValue><ssdm name=""/></StgValue>
</bind>
</comp>

<comp id="62" class="1001" name="const_62">
<pin_list>
<pin id="63" dir="1" index="0" bw="1" slack="0"/>
</pin_list>
<bind>
<StgValue><ssdm name=""/></StgValue>
</bind>
</comp>

<comp id="64" class="1001" name="const_64">
<pin_list>
<pin id="65" dir="1" index="0" bw="1" slack="0"/>
</pin_list>
<bind>
<StgValue><ssdm name="_ssdm_op_PartSelect.i6.i15.i32.i32"/></StgValue>
</bind>
</comp>

<comp id="66" class="1001" name="const_66">
<pin_list>
<pin id="67" dir="1" index="0" bw="1" slack="0"/>
</pin_list>
<bind>
<StgValue><ssdm name=""/></StgValue>
</bind>
</comp>

<comp id="68" class="1001" name="const_68">
<pin_list>
<pin id="69" dir="1" index="0" bw="1" slack="0"/>
</pin_list>
<bind>
<StgValue><ssdm name=""/></StgValue>
</bind>
</comp>

<comp id="70" class="1001" name="const_70">
<pin_list>
<pin id="71" dir="1" index="0" bw="1" slack="0"/>
</pin_list>
<bind>
<StgValue><ssdm name="_ssdm_op_PartSelect.i8.i32.i32.i32"/></StgValue>
</bind>
</comp>

<comp id="72" class="1001" name="const_72">
<pin_list>
<pin id="73" dir="1" index="0" bw="1" slack="0"/>
</pin_list>
<bind>
<StgValue><ssdm name=""/></StgValue>
</bind>
</comp>

<comp id="74" class="1001" name="const_74">
<pin_list>
<pin id="75" dir="1" index="0" bw="1" slack="0"/>
</pin_list>
<bind>
<StgValue><ssdm name=""/></StgValue>
</bind>
</comp>

<comp id="76" class="1001" name="const_76">
<pin_list>
<pin id="77" dir="1" index="0" bw="1" slack="0"/>
</pin_list>
<bind>
<StgValue><ssdm name=""/></StgValue>
</bind>
</comp>

<comp id="78" class="1001" name="const_78">
<pin_list>
<pin id="79" dir="1" index="0" bw="1" slack="0"/>
</pin_list>
<bind>
<StgValue><ssdm name=""/></StgValue>
</bind>
</comp>

<comp id="80" class="1001" name="const_80">
<pin_list>
<pin id="81" dir="1" index="0" bw="1" slack="0"/>
</pin_list>
<bind>
<StgValue><ssdm name=""/></StgValue>
</bind>
</comp>

<comp id="82" class="1001" name="const_82">
<pin_list>
<pin id="83" dir="1" index="0" bw="1" slack="0"/>
</pin_list>
<bind>
<StgValue><ssdm name=""/></StgValue>
</bind>
</comp>

<comp id="84" class="1001" name="const_84">
<pin_list>
<pin id="85" dir="1" index="0" bw="1" slack="0"/>
</pin_list>
<bind>
<StgValue><ssdm name=""/></StgValue>
</bind>
</comp>

<comp id="86" class="1001" name="const_86">
<pin_list>
<pin id="87" dir="1" index="0" bw="1" slack="2147483647"/>
</pin_list>
<bind>
<StgValue><ssdm name="_ssdm_op_SpecLoopName"/></StgValue>
</bind>
</comp>

<comp id="88" class="1001" name="const_88">
<pin_list>
<pin id="89" dir="1" index="0" bw="1" slack="2147483647"/>
</pin_list>
<bind>
<StgValue><ssdm name="PROPAGATION_ROWS_PROPAGATION_COLS_str"/></StgValue>
</bind>
</comp>

<comp id="90" class="1001" name="const_90">
<pin_list>
<pin id="91" dir="1" index="0" bw="1" slack="2147483647"/>
</pin_list>
<bind>
<StgValue><ssdm name="_ssdm_op_SpecLoopTripCount"/></StgValue>
</bind>
</comp>

<comp id="92" class="1001" name="const_92">
<pin_list>
<pin id="93" dir="1" index="0" bw="1" slack="2147483647"/>
</pin_list>
<bind>
<StgValue><ssdm name=""/></StgValue>
</bind>
</comp>

<comp id="94" class="1001" name="const_94">
<pin_list>
<pin id="95" dir="1" index="0" bw="1" slack="2147483647"/>
</pin_list>
<bind>
<StgValue><ssdm name="_ssdm_op_SpecPipeline"/></StgValue>
</bind>
</comp>

<comp id="96" class="1001" name="const_96">
<pin_list>
<pin id="97" dir="1" index="0" bw="1" slack="2147483647"/>
</pin_list>
<bind>
<StgValue><ssdm name=""/></StgValue>
</bind>
</comp>

<comp id="98" class="1001" name="const_98">
<pin_list>
<pin id="99" dir="1" index="0" bw="1" slack="2147483647"/>
</pin_list>
<bind>
<StgValue><ssdm name=""/></StgValue>
</bind>
</comp>

<comp id="100" class="1001" name="const_100">
<pin_list>
<pin id="101" dir="1" index="0" bw="1" slack="2147483647"/>
</pin_list>
<bind>
<StgValue><ssdm name="empty_3"/></StgValue>
</bind>
</comp>

<comp id="102" class="1001" name="const_102">
<pin_list>
<pin id="103" dir="1" index="0" bw="1" slack="0"/>
</pin_list>
<bind>
<StgValue><ssdm name="_ssdm_op_SparseMux.ap_auto.3i32.i32.i2"/></StgValue>
</bind>
</comp>

<comp id="104" class="1001" name="const_104">
<pin_list>
<pin id="105" dir="1" index="0" bw="1" slack="0"/>
</pin_list>
<bind>
<StgValue><ssdm name=""/></StgValue>
</bind>
</comp>

<comp id="106" class="1001" name="const_106">
<pin_list>
<pin id="107" dir="1" index="0" bw="1" slack="0"/>
</pin_list>
<bind>
<StgValue><ssdm name=""/></StgValue>
</bind>
</comp>

<comp id="108" class="1001" name="const_108">
<pin_list>
<pin id="109" dir="1" index="0" bw="1" slack="0"/>
</pin_list>
<bind>
<StgValue><ssdm name=""/></StgValue>
</bind>
</comp>

<comp id="110" class="1001" name="const_110">
<pin_list>
<pin id="111" dir="1" index="0" bw="1" slack="0"/>
</pin_list>
<bind>
<StgValue><ssdm name=""/></StgValue>
</bind>
</comp>

<comp id="112" class="1001" name="const_112">
<pin_list>
<pin id="113" dir="1" index="0" bw="1" slack="0"/>
</pin_list>
<bind>
<StgValue><ssdm name="_ssdm_op_PartSelect.i64.i416.i32.i32"/></StgValue>
</bind>
</comp>

<comp id="114" class="1001" name="const_114">
<pin_list>
<pin id="115" dir="1" index="0" bw="1" slack="0"/>
</pin_list>
<bind>
<StgValue><ssdm name=""/></StgValue>
</bind>
</comp>

<comp id="116" class="1001" name="const_116">
<pin_list>
<pin id="117" dir="1" index="0" bw="1" slack="0"/>
</pin_list>
<bind>
<StgValue><ssdm name=""/></StgValue>
</bind>
</comp>

<comp id="118" class="1001" name="const_118">
<pin_list>
<pin id="119" dir="1" index="0" bw="1" slack="0"/>
</pin_list>
<bind>
<StgValue><ssdm name="_ssdm_op_PartSelect.i11.i416.i32.i32"/></StgValue>
</bind>
</comp>

<comp id="120" class="1001" name="const_120">
<pin_list>
<pin id="121" dir="1" index="0" bw="1" slack="0"/>
</pin_list>
<bind>
<StgValue><ssdm name=""/></StgValue>
</bind>
</comp>

<comp id="122" class="1001" name="const_122">
<pin_list>
<pin id="123" dir="1" index="0" bw="1" slack="0"/>
</pin_list>
<bind>
<StgValue><ssdm name=""/></StgValue>
</bind>
</comp>

<comp id="124" class="1001" name="const_124">
<pin_list>
<pin id="125" dir="1" index="0" bw="1" slack="0"/>
</pin_list>
<bind>
<StgValue><ssdm name="_ssdm_op_PartSelect.i52.i416.i32.i32"/></StgValue>
</bind>
</comp>

<comp id="126" class="1001" name="const_126">
<pin_list>
<pin id="127" dir="1" index="0" bw="1" slack="0"/>
</pin_list>
<bind>
<StgValue><ssdm name=""/></StgValue>
</bind>
</comp>

<comp id="128" class="1001" name="const_128">
<pin_list>
<pin id="129" dir="1" index="0" bw="1" slack="0"/>
</pin_list>
<bind>
<StgValue><ssdm name=""/></StgValue>
</bind>
</comp>

<comp id="130" class="1001" name="const_130">
<pin_list>
<pin id="131" dir="1" index="0" bw="1" slack="0"/>
</pin_list>
<bind>
<StgValue><ssdm name=""/></StgValue>
</bind>
</comp>

<comp id="132" class="1001" name="const_132">
<pin_list>
<pin id="133" dir="1" index="0" bw="1" slack="0"/>
</pin_list>
<bind>
<StgValue><ssdm name="_ssdm_op_PartSelect.i11.i64.i32.i32"/></StgValue>
</bind>
</comp>

<comp id="134" class="1001" name="const_134">
<pin_list>
<pin id="135" dir="1" index="0" bw="1" slack="0"/>
</pin_list>
<bind>
<StgValue><ssdm name=""/></StgValue>
</bind>
</comp>

<comp id="136" class="1001" name="const_136">
<pin_list>
<pin id="137" dir="1" index="0" bw="1" slack="0"/>
</pin_list>
<bind>
<StgValue><ssdm name=""/></StgValue>
</bind>
</comp>

<comp id="138" class="1001" name="const_138">
<pin_list>
<pin id="139" dir="1" index="0" bw="1" slack="0"/>
</pin_list>
<bind>
<StgValue><ssdm name="_ssdm_op_PartSelect.i256.i416.i32.i32"/></StgValue>
</bind>
</comp>

<comp id="140" class="1001" name="const_140">
<pin_list>
<pin id="141" dir="1" index="0" bw="1" slack="0"/>
</pin_list>
<bind>
<StgValue><ssdm name=""/></StgValue>
</bind>
</comp>

<comp id="142" class="1001" name="const_142">
<pin_list>
<pin id="143" dir="1" index="0" bw="1" slack="0"/>
</pin_list>
<bind>
<StgValue><ssdm name=""/></StgValue>
</bind>
</comp>

<comp id="144" class="1001" name="const_144">
<pin_list>
<pin id="145" dir="1" index="0" bw="1" slack="0"/>
</pin_list>
<bind>
<StgValue><ssdm name="_ssdm_op_BitConcatenate.i416.i256.i1.i31.i64.i64"/></StgValue>
</bind>
</comp>

<comp id="146" class="1001" name="const_146">
<pin_list>
<pin id="147" dir="1" index="0" bw="1" slack="0"/>
</pin_list>
<bind>
<StgValue><ssdm name=""/></StgValue>
</bind>
</comp>

<comp id="148" class="1001" name="const_148">
<pin_list>
<pin id="149" dir="1" index="0" bw="1" slack="0"/>
</pin_list>
<bind>
<StgValue><ssdm name="__hls_fptosi_float_i32"/></StgValue>
</bind>
</comp>

<comp id="150" class="1004" name="col_pos_fu_150">
<pin_list>
<pin id="151" dir="0" index="0" bw="1" slack="0"/>
<pin id="152" dir="1" index="1" bw="7" slack="0"/>
</pin_list>
<bind>
<opcode="alloca(26) " fcode="alloca"/>
<opset="col_pos/1 "/>
</bind>
</comp>

<comp id="154" class="1004" name="row_pos_fu_154">
<pin_list>
<pin id="155" dir="0" index="0" bw="1" slack="0"/>
<pin id="156" dir="1" index="1" bw="6" slack="0"/>
</pin_list>
<bind>
<opcode="alloca(26) " fcode="alloca"/>
<opset="row_pos/1 "/>
</bind>
</comp>

<comp id="158" class="1004" name="indvar_flatten18_fu_158">
<pin_list>
<pin id="159" dir="0" index="0" bw="1" slack="0"/>
<pin id="160" dir="1" index="1" bw="13" slack="0"/>
</pin_list>
<bind>
<opcode="alloca(26) " fcode="alloca"/>
<opset="indvar_flatten18/1 "/>
</bind>
</comp>

<comp id="162" class="1004" name="empty_81_fu_162">
<pin_list>
<pin id="163" dir="0" index="0" bw="1" slack="0"/>
<pin id="164" dir="1" index="1" bw="416" slack="0"/>
</pin_list>
<bind>
<opcode="alloca(26) " fcode="alloca"/>
<opset="empty_81/1 "/>
</bind>
</comp>

<comp id="166" class="1004" name="tmp_read_fu_166">
<pin_list>
<pin id="167" dir="0" index="0" bw="31" slack="0"/>
<pin id="168" dir="0" index="1" bw="31" slack="0"/>
<pin id="169" dir="1" index="2" bw="31" slack="12"/>
</pin_list>
<bind>
<opcode="read(1150) " fcode="read"/>
<opset="tmp/1 "/>
</bind>
</comp>

<comp id="172" class="1004" name="p_reload44_read_read_fu_172">
<pin_list>
<pin id="173" dir="0" index="0" bw="416" slack="0"/>
<pin id="174" dir="0" index="1" bw="416" slack="0"/>
<pin id="175" dir="1" index="2" bw="416" slack="0"/>
</pin_list>
<bind>
<opcode="read(1150) " fcode="read"/>
<opset="p_reload44_read/1 "/>
</bind>
</comp>

<comp id="178" class="1004" name="spillage_flag_addr_gep_fu_178">
<pin_list>
<pin id="179" dir="0" index="0" bw="32" slack="0"/>
<pin id="180" dir="0" index="1" bw="1" slack="0"/>
<pin id="181" dir="0" index="2" bw="13" slack="0"/>
<pin id="182" dir="1" index="3" bw="13" slack="0"/>
</pin_list>
<bind>
<opcode="getelementptr(29) " fcode="getelementptr"/>
<opset="spillage_flag_addr/2 "/>
</bind>
</comp>

<comp id="185" class="1004" name="spillage_level_addr_gep_fu_185">
<pin_list>
<pin id="186" dir="0" index="0" bw="32" slack="0"/>
<pin id="187" dir="0" index="1" bw="1" slack="0"/>
<pin id="188" dir="0" index="2" bw="13" slack="0"/>
<pin id="189" dir="1" index="3" bw="13" slack="2"/>
</pin_list>
<bind>
<opcode="getelementptr(29) " fcode="getelementptr"/>
<opset="spillage_level_addr/2 "/>
</bind>
</comp>

<comp id="192" class="1004" name="spillage_from_neigh_addr_gep_fu_192">
<pin_list>
<pin id="193" dir="0" index="0" bw="32" slack="0"/>
<pin id="194" dir="0" index="1" bw="1" slack="0"/>
<pin id="195" dir="0" index="2" bw="13" slack="0"/>
<pin id="196" dir="1" index="3" bw="13" slack="0"/>
</pin_list>
<bind>
<opcode="getelementptr(29) " fcode="getelementptr"/>
<opset="spillage_from_neigh_addr/2 "/>
</bind>
</comp>

<comp id="199" class="1004" name="spillage_from_neigh_1_addr_gep_fu_199">
<pin_list>
<pin id="200" dir="0" index="0" bw="32" slack="0"/>
<pin id="201" dir="0" index="1" bw="1" slack="0"/>
<pin id="202" dir="0" index="2" bw="13" slack="0"/>
<pin id="203" dir="1" index="3" bw="13" slack="0"/>
</pin_list>
<bind>
<opcode="getelementptr(29) " fcode="getelementptr"/>
<opset="spillage_from_neigh_1_addr/2 "/>
</bind>
</comp>

<comp id="206" class="1004" name="spillage_from_neigh_2_addr_gep_fu_206">
<pin_list>
<pin id="207" dir="0" index="0" bw="32" slack="0"/>
<pin id="208" dir="0" index="1" bw="1" slack="0"/>
<pin id="209" dir="0" index="2" bw="13" slack="0"/>
<pin id="210" dir="1" index="3" bw="13" slack="0"/>
</pin_list>
<bind>
<opcode="getelementptr(29) " fcode="getelementptr"/>
<opset="spillage_from_neigh_2_addr/2 "/>
</bind>
</comp>

<comp id="213" class="1004" name="spillage_from_neigh_3_addr_gep_fu_213">
<pin_list>
<pin id="214" dir="0" index="0" bw="32" slack="0"/>
<pin id="215" dir="0" index="1" bw="1" slack="0"/>
<pin id="216" dir="0" index="2" bw="13" slack="0"/>
<pin id="217" dir="1" index="3" bw="13" slack="0"/>
</pin_list>
<bind>
<opcode="getelementptr(29) " fcode="getelementptr"/>
<opset="spillage_from_neigh_3_addr/2 "/>
</bind>
</comp>

<comp id="220" class="1004" name="grp_access_fu_220">
<pin_list>
<pin id="221" dir="0" index="0" bw="13" slack="0"/>
<pin id="222" dir="0" index="1" bw="32" slack="2147483647"/>
<pin id="223" dir="0" index="2" bw="0" slack="2147483647"/>
<pin id="224" dir="1" index="3" bw="32" slack="0"/>
</pin_list>
<bind>
<opcode="load(27) " fcode="load"/>
<opset="spillage_flag_load/2 "/>
</bind>
</comp>

<comp id="226" class="1004" name="grp_access_fu_226">
<pin_list>
<pin id="227" dir="0" index="0" bw="13" slack="0"/>
<pin id="228" dir="0" index="1" bw="32" slack="2147483647"/>
<pin id="229" dir="0" index="2" bw="0" slack="2147483647"/>
<pin id="230" dir="1" index="3" bw="32" slack="1"/>
</pin_list>
<bind>
<opcode="load(27) " fcode="load"/>
<opset="spillage_from_neigh_load/2 "/>
</bind>
</comp>

<comp id="232" class="1004" name="grp_access_fu_232">
<pin_list>
<pin id="233" dir="0" index="0" bw="13" slack="0"/>
<pin id="234" dir="0" index="1" bw="32" slack="2147483647"/>
<pin id="235" dir="0" index="2" bw="0" slack="2147483647"/>
<pin id="236" dir="1" index="3" bw="32" slack="1"/>
</pin_list>
<bind>
<opcode="load(27) " fcode="load"/>
<opset="spillage_from_neigh_1_load/2 "/>
</bind>
</comp>

<comp id="238" class="1004" name="grp_access_fu_238">
<pin_list>
<pin id="239" dir="0" index="0" bw="13" slack="0"/>
<pin id="240" dir="0" index="1" bw="32" slack="2147483647"/>
<pin id="241" dir="0" index="2" bw="0" slack="2147483647"/>
<pin id="242" dir="1" index="3" bw="32" slack="1"/>
</pin_list>
<bind>
<opcode="load(27) " fcode="load"/>
<opset="spillage_from_neigh_2_load/2 "/>
</bind>
</comp>

<comp id="244" class="1004" name="grp_access_fu_244">
<pin_list>
<pin id="245" dir="0" index="0" bw="13" slack="0"/>
<pin id="246" dir="0" index="1" bw="32" slack="2147483647"/>
<pin id="247" dir="0" index="2" bw="0" slack="2147483647"/>
<pin id="248" dir="1" index="3" bw="32" slack="1"/>
</pin_list>
<bind>
<opcode="load(27) " fcode="load"/>
<opset="spillage_from_neigh_3_load/2 "/>
</bind>
</comp>

<comp id="250" class="1004" name="water_level_addr_4_gep_fu_250">
<pin_list>
<pin id="251" dir="0" index="0" bw="32" slack="0"/>
<pin id="252" dir="0" index="1" bw="1" slack="0"/>
<pin id="253" dir="0" index="2" bw="11" slack="0"/>
<pin id="254" dir="1" index="3" bw="11" slack="0"/>
</pin_list>
<bind>
<opcode="getelementptr(29) " fcode="getelementptr"/>
<opset="water_level_addr_4/4 "/>
</bind>
</comp>

<comp id="257" class="1004" name="water_level_1_addr_4_gep_fu_257">
<pin_list>
<pin id="258" dir="0" index="0" bw="32" slack="0"/>
<pin id="259" dir="0" index="1" bw="1" slack="0"/>
<pin id="260" dir="0" index="2" bw="11" slack="0"/>
<pin id="261" dir="1" index="3" bw="11" slack="0"/>
</pin_list>
<bind>
<opcode="getelementptr(29) " fcode="getelementptr"/>
<opset="water_level_1_addr_4/4 "/>
</bind>
</comp>

<comp id="264" class="1004" name="water_level_2_addr_4_gep_fu_264">
<pin_list>
<pin id="265" dir="0" index="0" bw="32" slack="0"/>
<pin id="266" dir="0" index="1" bw="1" slack="0"/>
<pin id="267" dir="0" index="2" bw="11" slack="0"/>
<pin id="268" dir="1" index="3" bw="11" slack="0"/>
</pin_list>
<bind>
<opcode="getelementptr(29) " fcode="getelementptr"/>
<opset="water_level_2_addr_4/4 "/>
</bind>
</comp>

<comp id="271" class="1004" name="grp_access_fu_271">
<pin_list>
<pin id="272" dir="0" index="0" bw="11" slack="14"/>
<pin id="273" dir="0" index="1" bw="32" slack="0"/>
<pin id="274" dir="0" index="2" bw="0" slack="0"/>
<pin id="276" dir="0" index="4" bw="11" slack="2147483647"/>
<pin id="277" dir="0" index="5" bw="32" slack="2147483647"/>
<pin id="278" dir="0" index="6" bw="0" slack="2147483647"/>
<pin id="275" dir="1" index="3" bw="32" slack="2147483647"/>
<pin id="279" dir="1" index="7" bw="32" slack="6"/>
</pin_list>
<bind>
<opcode="load(27) store(28) " fcode="store"/>
<opset="water_level_load_3/4 store_ln229/18 "/>
</bind>
</comp>

<comp id="281" class="1004" name="grp_access_fu_281">
<pin_list>
<pin id="282" dir="0" index="0" bw="11" slack="14"/>
<pin id="283" dir="0" index="1" bw="32" slack="0"/>
<pin id="284" dir="0" index="2" bw="0" slack="0"/>
<pin id="286" dir="0" index="4" bw="11" slack="2147483647"/>
<pin id="287" dir="0" index="5" bw="32" slack="2147483647"/>
<pin id="288" dir="0" index="6" bw="0" slack="2147483647"/>
<pin id="285" dir="1" index="3" bw="32" slack="2147483647"/>
<pin id="289" dir="1" index="7" bw="32" slack="6"/>
</pin_list>
<bind>
<opcode="load(27) store(28) " fcode="store"/>
<opset="water_level_1_load_3/4 store_ln229/18 "/>
</bind>
</comp>

<comp id="291" class="1004" name="grp_access_fu_291">
<pin_list>
<pin id="292" dir="0" index="0" bw="11" slack="14"/>
<pin id="293" dir="0" index="1" bw="32" slack="0"/>
<pin id="294" dir="0" index="2" bw="0" slack="0"/>
<pin id="296" dir="0" index="4" bw="11" slack="2147483647"/>
<pin id="297" dir="0" index="5" bw="32" slack="2147483647"/>
<pin id="298" dir="0" index="6" bw="0" slack="2147483647"/>
<pin id="295" dir="1" index="3" bw="32" slack="2147483647"/>
<pin id="299" dir="1" index="7" bw="32" slack="6"/>
</pin_list>
<bind>
<opcode="load(27) store(28) " fcode="store"/>
<opset="water_level_2_load_3/4 store_ln229/18 "/>
</bind>
</comp>

<comp id="301" class="1004" name="grp_access_fu_301">
<pin_list>
<pin id="302" dir="0" index="0" bw="13" slack="2"/>
<pin id="303" dir="0" index="1" bw="32" slack="2147483647"/>
<pin id="304" dir="0" index="2" bw="0" slack="2147483647"/>
<pin id="305" dir="1" index="3" bw="32" slack="1"/>
</pin_list>
<bind>
<opcode="load(27) " fcode="load"/>
<opset="spillage_level_load/4 "/>
</bind>
</comp>

<comp id="306" class="1005" name="wl_2_reg_306">
<pin_list>
<pin id="307" dir="0" index="0" bw="32" slack="2147483647"/>
<pin id="308" dir="1" index="1" bw="32" slack="2147483647"/>
</pin_list>
<bind>
<opset="wl_2 (phireg) "/>
</bind>
</comp>

<comp id="309" class="1004" name="wl_2_phi_fu_309">
<pin_list>
<pin id="310" dir="0" index="0" bw="32" slack="1"/>
<pin id="311" dir="0" index="1" bw="0" slack="2147483647"/>
<pin id="312" dir="0" index="2" bw="32" slack="1"/>
<pin id="313" dir="0" index="3" bw="0" slack="2147483647"/>
<pin id="314" dir="0" index="4" bw="32" slack="7"/>
<pin id="315" dir="0" index="5" bw="0" slack="2147483647"/>
<pin id="316" dir="1" index="6" bw="32" slack="0"/>
</pin_list>
<bind>
<opcode="phi(47) " fcode="phi"/>
<opset="wl_2/18 "/>
</bind>
</comp>

<comp id="317" class="1004" name="grp_p_hls_fptosi_float_i32_fu_317">
<pin_list>
<pin id="318" dir="0" index="0" bw="32" slack="0"/>
<pin id="319" dir="0" index="1" bw="32" slack="1"/>
<pin id="320" dir="1" index="2" bw="32" slack="3"/>
</pin_list>
<bind>
<opcode="call(48) " fcode="call"/>
<opset="spill_acc/13 tmp_19/14 "/>
</bind>
</comp>

<comp id="322" class="1004" name="grp_p_hls_fptosi_float_i32_fu_322">
<pin_list>
<pin id="323" dir="0" index="0" bw="32" slack="0"/>
<pin id="324" dir="0" index="1" bw="32" slack="1"/>
<pin id="325" dir="1" index="2" bw="32" slack="0"/>
</pin_list>
<bind>
<opcode="call(48) " fcode="call"/>
<opset="tmp_17/13 fixed_spill/16 "/>
</bind>
</comp>

<comp id="327" class="1004" name="grp_p_hls_fptosi_float_i32_fu_327">
<pin_list>
<pin id="328" dir="0" index="0" bw="32" slack="0"/>
<pin id="329" dir="0" index="1" bw="32" slack="1"/>
<pin id="330" dir="1" index="2" bw="32" slack="4"/>
</pin_list>
<bind>
<opcode="call(48) " fcode="call"/>
<opset="tmp_18/13 "/>
</bind>
</comp>

<comp id="332" class="1004" name="grp_fu_332">
<pin_list>
<pin id="333" dir="0" index="0" bw="32" slack="1"/>
<pin id="334" dir="0" index="1" bw="32" slack="0"/>
<pin id="335" dir="1" index="2" bw="32" slack="1"/>
</pin_list>
<bind>
<opcode="fmul(13) " fcode="fmul"/>
<opset="div5/4 mul6/9 "/>
</bind>
</comp>

<comp id="337" class="1004" name="grp_fu_337">
<pin_list>
<pin id="338" dir="0" index="0" bw="32" slack="1"/>
<pin id="339" dir="0" index="1" bw="32" slack="0"/>
<pin id="340" dir="1" index="2" bw="32" slack="1"/>
</pin_list>
<bind>
<opcode="fmul(13) " fcode="fmul"/>
<opset="div468_1/4 mul469_1/9 "/>
</bind>
</comp>

<comp id="342" class="1004" name="grp_fu_342">
<pin_list>
<pin id="343" dir="0" index="0" bw="32" slack="1"/>
<pin id="344" dir="0" index="1" bw="32" slack="0"/>
<pin id="345" dir="1" index="2" bw="32" slack="1"/>
</pin_list>
<bind>
<opcode="fmul(13) " fcode="fmul"/>
<opset="div468_2/4 mul469_2/9 "/>
</bind>
</comp>

<comp id="347" class="1004" name="grp_fu_347">
<pin_list>
<pin id="348" dir="0" index="0" bw="32" slack="1"/>
<pin id="349" dir="0" index="1" bw="32" slack="0"/>
<pin id="350" dir="1" index="2" bw="32" slack="2"/>
</pin_list>
<bind>
<opcode="fmul(13) " fcode="fmul"/>
<opset="div468_3/4 mul469_3/9 "/>
</bind>
</comp>

<comp id="352" class="1004" name="grp_fu_352">
<pin_list>
<pin id="353" dir="0" index="0" bw="32" slack="1"/>
<pin id="354" dir="0" index="1" bw="32" slack="0"/>
<pin id="355" dir="1" index="2" bw="32" slack="1"/>
</pin_list>
<bind>
<opcode="fmul(13) " fcode="fmul"/>
<opset="spill/6 mul5/11 "/>
</bind>
</comp>

<comp id="362" class="1004" name="grp_fu_362">
<pin_list>
<pin id="363" dir="0" index="0" bw="32" slack="1"/>
<pin id="364" dir="1" index="1" bw="64" slack="1"/>
</pin_list>
<bind>
<opcode="fpext(41) " fcode="fpext"/>
<opset="max_spillage_iter/10 "/>
</bind>
</comp>

<comp id="365" class="1004" name="grp_fu_365">
<pin_list>
<pin id="366" dir="0" index="0" bw="32" slack="0"/>
<pin id="367" dir="0" index="1" bw="32" slack="0"/>
<pin id="368" dir="1" index="2" bw="1" slack="0"/>
</pin_list>
<bind>
<opcode="fcmp(46) " fcode="fcmp"/>
<opset="tmp_71/3 "/>
</bind>
</comp>

<comp id="371" class="1004" name="grp_fu_371">
<pin_list>
<pin id="372" dir="0" index="0" bw="64" slack="1"/>
<pin id="373" dir="0" index="1" bw="64" slack="0"/>
<pin id="374" dir="1" index="2" bw="1" slack="0"/>
</pin_list>
<bind>
<opcode="dcmp(513) " fcode="dcmp"/>
<opset="tmp_79/12 tmp_77/13 "/>
</bind>
</comp>

<comp id="375" class="1004" name="store_ln27_store_fu_375">
<pin_list>
<pin id="376" dir="0" index="0" bw="64" slack="0"/>
<pin id="377" dir="0" index="1" bw="64" slack="0"/>
<pin id="378" dir="1" index="2" bw="0" slack="2147483647"/>
</pin_list>
<bind>
<opcode="store(28) " fcode="store"/>
<opset="store_ln27/1 "/>
</bind>
</comp>

<comp id="381" class="1004" name="store_ln0_store_fu_381">
<pin_list>
<pin id="382" dir="0" index="0" bw="416" slack="0"/>
<pin id="383" dir="0" index="1" bw="416" slack="0"/>
<pin id="384" dir="1" index="2" bw="0" slack="2147483647"/>
</pin_list>
<bind>
<opcode="store(28) " fcode="store"/>
<opset="store_ln0/1 "/>
</bind>
</comp>

<comp id="386" class="1004" name="store_ln0_store_fu_386">
<pin_list>
<pin id="387" dir="0" index="0" bw="1" slack="0"/>
<pin id="388" dir="0" index="1" bw="13" slack="0"/>
<pin id="389" dir="1" index="2" bw="0" slack="2147483647"/>
</pin_list>
<bind>
<opcode="store(28) " fcode="store"/>
<opset="store_ln0/1 "/>
</bind>
</comp>

<comp id="391" class="1004" name="store_ln52_store_fu_391">
<pin_list>
<pin id="392" dir="0" index="0" bw="1" slack="0"/>
<pin id="393" dir="0" index="1" bw="6" slack="0"/>
<pin id="394" dir="1" index="2" bw="0" slack="2147483647"/>
</pin_list>
<bind>
<opcode="store(28) " fcode="store"/>
<opset="store_ln52/1 "/>
</bind>
</comp>

<comp id="396" class="1004" name="store_ln52_store_fu_396">
<pin_list>
<pin id="397" dir="0" index="0" bw="1" slack="0"/>
<pin id="398" dir="0" index="1" bw="7" slack="0"/>
<pin id="399" dir="1" index="2" bw="0" slack="2147483647"/>
</pin_list>
<bind>
<opcode="store(28) " fcode="store"/>
<opset="store_ln52/1 "/>
</bind>
</comp>

<comp id="401" class="1004" name="indvar_flatten18_load_load_fu_401">
<pin_list>
<pin id="402" dir="0" index="0" bw="13" slack="0"/>
<pin id="403" dir="1" index="1" bw="13" slack="0"/>
</pin_list>
<bind>
<opcode="load(27) " fcode="load"/>
<opset="indvar_flatten18_load/1 "/>
</bind>
</comp>

<comp id="404" class="1004" name="icmp_ln191_fu_404">
<pin_list>
<pin id="405" dir="0" index="0" bw="13" slack="0"/>
<pin id="406" dir="0" index="1" bw="13" slack="0"/>
<pin id="407" dir="1" index="2" bw="1" slack="1"/>
</pin_list>
<bind>
<opcode="icmp(45) " fcode="icmp"/>
<opset="icmp_ln191/1 "/>
</bind>
</comp>

<comp id="410" class="1004" name="add_ln191_1_fu_410">
<pin_list>
<pin id="411" dir="0" index="0" bw="13" slack="0"/>
<pin id="412" dir="0" index="1" bw="1" slack="0"/>
<pin id="413" dir="1" index="2" bw="13" slack="0"/>
</pin_list>
<bind>
<opcode="add(8) " fcode="add"/>
<opset="add_ln191_1/1 "/>
</bind>
</comp>

<comp id="416" class="1004" name="col_pos_load_load_fu_416">
<pin_list>
<pin id="417" dir="0" index="0" bw="7" slack="0"/>
<pin id="418" dir="1" index="1" bw="7" slack="0"/>
</pin_list>
<bind>
<opcode="load(27) " fcode="load"/>
<opset="col_pos_load/1 "/>
</bind>
</comp>

<comp id="419" class="1004" name="row_pos_load_load_fu_419">
<pin_list>
<pin id="420" dir="0" index="0" bw="6" slack="0"/>
<pin id="421" dir="1" index="1" bw="6" slack="0"/>
</pin_list>
<bind>
<opcode="load(27) " fcode="load"/>
<opset="row_pos_load/1 "/>
</bind>
</comp>

<comp id="422" class="1004" name="add_ln191_fu_422">
<pin_list>
<pin id="423" dir="0" index="0" bw="6" slack="0"/>
<pin id="424" dir="0" index="1" bw="1" slack="0"/>
<pin id="425" dir="1" index="2" bw="6" slack="0"/>
</pin_list>
<bind>
<opcode="add(8) " fcode="add"/>
<opset="add_ln191/1 "/>
</bind>
</comp>

<comp id="428" class="1004" name="icmp_ln193_fu_428">
<pin_list>
<pin id="429" dir="0" index="0" bw="7" slack="0"/>
<pin id="430" dir="0" index="1" bw="7" slack="0"/>
<pin id="431" dir="1" index="2" bw="1" slack="0"/>
</pin_list>
<bind>
<opcode="icmp(45) " fcode="icmp"/>
<opset="icmp_ln193/1 "/>
</bind>
</comp>

<comp id="434" class="1004" name="select_ln52_fu_434">
<pin_list>
<pin id="435" dir="0" index="0" bw="1" slack="0"/>
<pin id="436" dir="0" index="1" bw="1" slack="0"/>
<pin id="437" dir="0" index="2" bw="7" slack="0"/>
<pin id="438" dir="1" index="3" bw="7" slack="0"/>
</pin_list>
<bind>
<opcode="select(49) " fcode="select"/>
<opset="select_ln52/1 "/>
</bind>
</comp>

<comp id="442" class="1004" name="select_ln191_fu_442">
<pin_list>
<pin id="443" dir="0" index="0" bw="1" slack="0"/>
<pin id="444" dir="0" index="1" bw="6" slack="0"/>
<pin id="445" dir="0" index="2" bw="6" slack="0"/>
<pin id="446" dir="1" index="3" bw="6" slack="0"/>
</pin_list>
<bind>
<opcode="select(49) " fcode="select"/>
<opset="select_ln191/1 "/>
</bind>
</comp>

<comp id="450" class="1004" name="zext_ln196_fu_450">
<pin_list>
<pin id="451" dir="0" index="0" bw="6" slack="0"/>
<pin id="452" dir="1" index="1" bw="11" slack="0"/>
</pin_list>
<bind>
<opcode="zext(34) " fcode="zext"/>
<opset="zext_ln196/1 "/>
</bind>
</comp>

<comp id="454" class="1004" name="grp_fu_454">
<pin_list>
<pin id="455" dir="0" index="0" bw="7" slack="0"/>
<pin id="456" dir="0" index="1" bw="3" slack="0"/>
<pin id="457" dir="1" index="2" bw="2" slack="0"/>
</pin_list>
<bind>
<opcode="urem(17) " fcode="urem"/>
<opset="urem_ln52/1 "/>
</bind>
</comp>

<comp id="460" class="1004" name="add_ln193_fu_460">
<pin_list>
<pin id="461" dir="0" index="0" bw="7" slack="0"/>
<pin id="462" dir="0" index="1" bw="1" slack="0"/>
<pin id="463" dir="1" index="2" bw="7" slack="0"/>
</pin_list>
<bind>
<opcode="add(8) " fcode="add"/>
<opset="add_ln193/1 "/>
</bind>
</comp>

<comp id="466" class="1004" name="store_ln191_store_fu_466">
<pin_list>
<pin id="467" dir="0" index="0" bw="13" slack="0"/>
<pin id="468" dir="0" index="1" bw="13" slack="0"/>
<pin id="469" dir="1" index="2" bw="0" slack="2147483647"/>
</pin_list>
<bind>
<opcode="store(28) " fcode="store"/>
<opset="store_ln191/1 "/>
</bind>
</comp>

<comp id="471" class="1004" name="store_ln52_store_fu_471">
<pin_list>
<pin id="472" dir="0" index="0" bw="6" slack="0"/>
<pin id="473" dir="0" index="1" bw="6" slack="0"/>
<pin id="474" dir="1" index="2" bw="0" slack="2147483647"/>
</pin_list>
<bind>
<opcode="store(28) " fcode="store"/>
<opset="store_ln52/1 "/>
</bind>
</comp>

<comp id="476" class="1004" name="store_ln52_store_fu_476">
<pin_list>
<pin id="477" dir="0" index="0" bw="7" slack="0"/>
<pin id="478" dir="0" index="1" bw="7" slack="0"/>
<pin id="479" dir="1" index="2" bw="0" slack="2147483647"/>
</pin_list>
<bind>
<opcode="store(28) " fcode="store"/>
<opset="store_ln52/1 "/>
</bind>
</comp>

<comp id="481" class="1004" name="tmp_67_fu_481">
<pin_list>
<pin id="482" dir="0" index="0" bw="12" slack="0"/>
<pin id="483" dir="0" index="1" bw="6" slack="1"/>
<pin id="484" dir="0" index="2" bw="1" slack="0"/>
<pin id="485" dir="1" index="3" bw="12" slack="0"/>
</pin_list>
<bind>
<opcode="bitconcatenate(1004) " fcode="bitconcatenate"/>
<opset="tmp_67/2 "/>
</bind>
</comp>

<comp id="488" class="1004" name="zext_ln199_fu_488">
<pin_list>
<pin id="489" dir="0" index="0" bw="12" slack="0"/>
<pin id="490" dir="1" index="1" bw="13" slack="0"/>
</pin_list>
<bind>
<opcode="zext(34) " fcode="zext"/>
<opset="zext_ln199/2 "/>
</bind>
</comp>

<comp id="492" class="1004" name="tmp_68_fu_492">
<pin_list>
<pin id="493" dir="0" index="0" bw="10" slack="0"/>
<pin id="494" dir="0" index="1" bw="6" slack="1"/>
<pin id="495" dir="0" index="2" bw="1" slack="0"/>
<pin id="496" dir="1" index="3" bw="10" slack="0"/>
</pin_list>
<bind>
<opcode="bitconcatenate(1004) " fcode="bitconcatenate"/>
<opset="tmp_68/2 "/>
</bind>
</comp>

<comp id="499" class="1004" name="zext_ln199_1_fu_499">
<pin_list>
<pin id="500" dir="0" index="0" bw="10" slack="0"/>
<pin id="501" dir="1" index="1" bw="13" slack="0"/>
</pin_list>
<bind>
<opcode="zext(34) " fcode="zext"/>
<opset="zext_ln199_1/2 "/>
</bind>
</comp>

<comp id="503" class="1004" name="add_ln199_1_fu_503">
<pin_list>
<pin id="504" dir="0" index="0" bw="12" slack="0"/>
<pin id="505" dir="0" index="1" bw="10" slack="0"/>
<pin id="506" dir="1" index="2" bw="13" slack="0"/>
</pin_list>
<bind>
<opcode="add(8) " fcode="add"/>
<opset="add_ln199_1/2 "/>
</bind>
</comp>

<comp id="509" class="1004" name="zext_ln199_2_fu_509">
<pin_list>
<pin id="510" dir="0" index="0" bw="7" slack="1"/>
<pin id="511" dir="1" index="1" bw="13" slack="0"/>
</pin_list>
<bind>
<opcode="zext(34) " fcode="zext"/>
<opset="zext_ln199_2/2 "/>
</bind>
</comp>

<comp id="512" class="1004" name="add_ln199_fu_512">
<pin_list>
<pin id="513" dir="0" index="0" bw="13" slack="0"/>
<pin id="514" dir="0" index="1" bw="7" slack="0"/>
<pin id="515" dir="1" index="2" bw="13" slack="0"/>
</pin_list>
<bind>
<opcode="add(8) " fcode="add"/>
<opset="add_ln199/2 "/>
</bind>
</comp>

<comp id="518" class="1004" name="zext_ln199_3_fu_518">
<pin_list>
<pin id="519" dir="0" index="0" bw="13" slack="0"/>
<pin id="520" dir="1" index="1" bw="64" slack="0"/>
</pin_list>
<bind>
<opcode="zext(34) " fcode="zext"/>
<opset="zext_ln199_3/2 "/>
</bind>
</comp>

<comp id="528" class="1004" name="zext_ln52_fu_528">
<pin_list>
<pin id="529" dir="0" index="0" bw="7" slack="1"/>
<pin id="530" dir="1" index="1" bw="15" slack="0"/>
</pin_list>
<bind>
<opcode="zext(34) " fcode="zext"/>
<opset="zext_ln52/2 "/>
</bind>
</comp>

<comp id="531" class="1004" name="mul_ln52_fu_531">
<pin_list>
<pin id="532" dir="0" index="0" bw="7" slack="0"/>
<pin id="533" dir="0" index="1" bw="9" slack="0"/>
<pin id="534" dir="1" index="2" bw="15" slack="0"/>
</pin_list>
<bind>
<opcode="mul(12) " fcode="mul"/>
<opset="mul_ln52/2 "/>
</bind>
</comp>

<comp id="537" class="1004" name="tmp_69_fu_537">
<pin_list>
<pin id="538" dir="0" index="0" bw="6" slack="0"/>
<pin id="539" dir="0" index="1" bw="15" slack="0"/>
<pin id="540" dir="0" index="2" bw="5" slack="0"/>
<pin id="541" dir="0" index="3" bw="5" slack="0"/>
<pin id="542" dir="1" index="4" bw="6" slack="1"/>
</pin_list>
<bind>
<opcode="partselect(1002) " fcode="partselect"/>
<opset="tmp_69/2 "/>
</bind>
</comp>

<comp id="547" class="1004" name="zext_ln196_1_fu_547">
<pin_list>
<pin id="548" dir="0" index="0" bw="6" slack="1"/>
<pin id="549" dir="1" index="1" bw="11" slack="0"/>
</pin_list>
<bind>
<opcode="zext(34) " fcode="zext"/>
<opset="zext_ln196_1/3 "/>
</bind>
</comp>

<comp id="550" class="1004" name="bitcast_ln199_fu_550">
<pin_list>
<pin id="551" dir="0" index="0" bw="32" slack="0"/>
<pin id="552" dir="1" index="1" bw="32" slack="0"/>
</pin_list>
<bind>
<opcode="bitcast(44) " fcode="bitcast"/>
<opset="bitcast_ln199/3 "/>
</bind>
</comp>

<comp id="554" class="1004" name="tmp_70_fu_554">
<pin_list>
<pin id="555" dir="0" index="0" bw="8" slack="0"/>
<pin id="556" dir="0" index="1" bw="32" slack="0"/>
<pin id="557" dir="0" index="2" bw="6" slack="0"/>
<pin id="558" dir="0" index="3" bw="6" slack="0"/>
<pin id="559" dir="1" index="4" bw="8" slack="0"/>
</pin_list>
<bind>
<opcode="partselect(1002) " fcode="partselect"/>
<opset="tmp_70/3 "/>
</bind>
</comp>

<comp id="564" class="1004" name="trunc_ln199_fu_564">
<pin_list>
<pin id="565" dir="0" index="0" bw="32" slack="0"/>
<pin id="566" dir="1" index="1" bw="23" slack="0"/>
</pin_list>
<bind>
<opcode="trunc(33) " fcode="trunc"/>
<opset="trunc_ln199/3 "/>
</bind>
</comp>

<comp id="568" class="1004" name="icmp_ln199_fu_568">
<pin_list>
<pin id="569" dir="0" index="0" bw="8" slack="0"/>
<pin id="570" dir="0" index="1" bw="1" slack="0"/>
<pin id="571" dir="1" index="2" bw="1" slack="1"/>
</pin_list>
<bind>
<opcode="icmp(45) " fcode="icmp"/>
<opset="icmp_ln199/3 "/>
</bind>
</comp>

<comp id="574" class="1004" name="icmp_ln199_1_fu_574">
<pin_list>
<pin id="575" dir="0" index="0" bw="23" slack="0"/>
<pin id="576" dir="0" index="1" bw="1" slack="0"/>
<pin id="577" dir="1" index="2" bw="1" slack="1"/>
</pin_list>
<bind>
<opcode="icmp(45) " fcode="icmp"/>
<opset="icmp_ln199_1/3 "/>
</bind>
</comp>

<comp id="580" class="1004" name="zext_ln196_2_fu_580">
<pin_list>
<pin id="581" dir="0" index="0" bw="11" slack="0"/>
<pin id="582" dir="1" index="1" bw="64" slack="0"/>
</pin_list>
<bind>
<opcode="zext(34) " fcode="zext"/>
<opset="zext_ln196_2/4 "/>
</bind>
</comp>

<comp id="586" class="1004" name="or_ln199_fu_586">
<pin_list>
<pin id="587" dir="0" index="0" bw="1" slack="1"/>
<pin id="588" dir="0" index="1" bw="1" slack="1"/>
<pin id="589" dir="1" index="2" bw="1" slack="0"/>
</pin_list>
<bind>
<opcode="or(24) " fcode="or"/>
<opset="or_ln199/4 "/>
</bind>
</comp>

<comp id="590" class="1004" name="and_ln199_fu_590">
<pin_list>
<pin id="591" dir="0" index="0" bw="1" slack="0"/>
<pin id="592" dir="0" index="1" bw="1" slack="0"/>
<pin id="593" dir="1" index="2" bw="1" slack="1"/>
</pin_list>
<bind>
<opcode="and(23) " fcode="and"/>
<opset="and_ln199/4 "/>
</bind>
</comp>

<comp id="596" class="1004" name="trunc_ln52_fu_596">
<pin_list>
<pin id="597" dir="0" index="0" bw="2" slack="0"/>
<pin id="598" dir="1" index="1" bw="2" slack="0"/>
</pin_list>
<bind>
<opcode="trunc(33) " fcode="trunc"/>
<opset="trunc_ln52/11 "/>
</bind>
</comp>

<comp id="600" class="1004" name="wl_fu_600">
<pin_list>
<pin id="601" dir="0" index="0" bw="32" slack="0"/>
<pin id="602" dir="0" index="1" bw="2" slack="0"/>
<pin id="603" dir="0" index="2" bw="32" slack="6"/>
<pin id="604" dir="0" index="3" bw="2" slack="0"/>
<pin id="605" dir="0" index="4" bw="32" slack="6"/>
<pin id="606" dir="0" index="5" bw="2" slack="0"/>
<pin id="607" dir="0" index="6" bw="32" slack="6"/>
<pin id="608" dir="0" index="7" bw="32" slack="0"/>
<pin id="609" dir="0" index="8" bw="2" slack="0"/>
<pin id="610" dir="1" index="9" bw="32" slack="6"/>
</pin_list>
<bind>
<opcode="sparsemux(1197) " fcode="sparsemux"/>
<opset="wl/11 "/>
</bind>
</comp>

<comp id="617" class="1004" name="p_load_load_fu_617">
<pin_list>
<pin id="618" dir="0" index="0" bw="416" slack="11"/>
<pin id="619" dir="1" index="1" bw="416" slack="0"/>
</pin_list>
<bind>
<opcode="load(27) " fcode="load"/>
<opset="p_load/12 "/>
</bind>
</comp>

<comp id="620" class="1004" name="trunc_ln_fu_620">
<pin_list>
<pin id="621" dir="0" index="0" bw="64" slack="0"/>
<pin id="622" dir="0" index="1" bw="416" slack="0"/>
<pin id="623" dir="0" index="2" bw="8" slack="0"/>
<pin id="624" dir="0" index="3" bw="8" slack="0"/>
<pin id="625" dir="1" index="4" bw="64" slack="0"/>
</pin_list>
<bind>
<opcode="partselect(1002) " fcode="partselect"/>
<opset="trunc_ln/12 "/>
</bind>
</comp>

<comp id="630" class="1004" name="bitcast_ln211_fu_630">
<pin_list>
<pin id="631" dir="0" index="0" bw="64" slack="0"/>
<pin id="632" dir="1" index="1" bw="64" slack="0"/>
</pin_list>
<bind>
<opcode="bitcast(44) " fcode="bitcast"/>
<opset="bitcast_ln211/12 "/>
</bind>
</comp>

<comp id="635" class="1004" name="tmp_78_fu_635">
<pin_list>
<pin id="636" dir="0" index="0" bw="11" slack="0"/>
<pin id="637" dir="0" index="1" bw="416" slack="0"/>
<pin id="638" dir="0" index="2" bw="8" slack="0"/>
<pin id="639" dir="0" index="3" bw="8" slack="0"/>
<pin id="640" dir="1" index="4" bw="11" slack="0"/>
</pin_list>
<bind>
<opcode="partselect(1002) " fcode="partselect"/>
<opset="tmp_78/12 "/>
</bind>
</comp>

<comp id="645" class="1004" name="trunc_ln211_2_fu_645">
<pin_list>
<pin id="646" dir="0" index="0" bw="52" slack="0"/>
<pin id="647" dir="0" index="1" bw="416" slack="0"/>
<pin id="648" dir="0" index="2" bw="8" slack="0"/>
<pin id="649" dir="0" index="3" bw="8" slack="0"/>
<pin id="650" dir="1" index="4" bw="52" slack="0"/>
</pin_list>
<bind>
<opcode="partselect(1002) " fcode="partselect"/>
<opset="trunc_ln211_2/12 "/>
</bind>
</comp>

<comp id="655" class="1004" name="icmp_ln211_fu_655">
<pin_list>
<pin id="656" dir="0" index="0" bw="11" slack="0"/>
<pin id="657" dir="0" index="1" bw="1" slack="0"/>
<pin id="658" dir="1" index="2" bw="1" slack="1"/>
</pin_list>
<bind>
<opcode="icmp(45) " fcode="icmp"/>
<opset="icmp_ln211/12 "/>
</bind>
</comp>

<comp id="661" class="1004" name="icmp_ln211_1_fu_661">
<pin_list>
<pin id="662" dir="0" index="0" bw="52" slack="0"/>
<pin id="663" dir="0" index="1" bw="1" slack="0"/>
<pin id="664" dir="1" index="2" bw="1" slack="1"/>
</pin_list>
<bind>
<opcode="icmp(45) " fcode="icmp"/>
<opset="icmp_ln211_1/12 "/>
</bind>
</comp>

<comp id="667" class="1004" name="max_spillage_iter_3_out_load_load_fu_667">
<pin_list>
<pin id="668" dir="0" index="0" bw="64" slack="0"/>
<pin id="669" dir="1" index="1" bw="64" slack="0"/>
</pin_list>
<bind>
<opcode="load(27) " fcode="load"/>
<opset="max_spillage_iter_3_out_load/13 "/>
</bind>
</comp>

<comp id="672" class="1004" name="bitcast_ln207_fu_672">
<pin_list>
<pin id="673" dir="0" index="0" bw="64" slack="2"/>
<pin id="674" dir="1" index="1" bw="64" slack="0"/>
</pin_list>
<bind>
<opcode="bitcast(44) " fcode="bitcast"/>
<opset="bitcast_ln207/13 "/>
</bind>
</comp>

<comp id="675" class="1004" name="tmp_75_fu_675">
<pin_list>
<pin id="676" dir="0" index="0" bw="11" slack="0"/>
<pin id="677" dir="0" index="1" bw="64" slack="0"/>
<pin id="678" dir="0" index="2" bw="7" slack="0"/>
<pin id="679" dir="0" index="3" bw="7" slack="0"/>
<pin id="680" dir="1" index="4" bw="11" slack="0"/>
</pin_list>
<bind>
<opcode="partselect(1002) " fcode="partselect"/>
<opset="tmp_75/13 "/>
</bind>
</comp>

<comp id="685" class="1004" name="trunc_ln207_fu_685">
<pin_list>
<pin id="686" dir="0" index="0" bw="64" slack="0"/>
<pin id="687" dir="1" index="1" bw="52" slack="0"/>
</pin_list>
<bind>
<opcode="trunc(33) " fcode="trunc"/>
<opset="trunc_ln207/13 "/>
</bind>
</comp>

<comp id="689" class="1004" name="icmp_ln207_fu_689">
<pin_list>
<pin id="690" dir="0" index="0" bw="11" slack="0"/>
<pin id="691" dir="0" index="1" bw="1" slack="0"/>
<pin id="692" dir="1" index="2" bw="1" slack="0"/>
</pin_list>
<bind>
<opcode="icmp(45) " fcode="icmp"/>
<opset="icmp_ln207/13 "/>
</bind>
</comp>

<comp id="695" class="1004" name="icmp_ln207_1_fu_695">
<pin_list>
<pin id="696" dir="0" index="0" bw="52" slack="0"/>
<pin id="697" dir="0" index="1" bw="1" slack="0"/>
<pin id="698" dir="1" index="2" bw="1" slack="0"/>
</pin_list>
<bind>
<opcode="icmp(45) " fcode="icmp"/>
<opset="icmp_ln207_1/13 "/>
</bind>
</comp>

<comp id="701" class="1004" name="or_ln207_fu_701">
<pin_list>
<pin id="702" dir="0" index="0" bw="1" slack="0"/>
<pin id="703" dir="0" index="1" bw="1" slack="0"/>
<pin id="704" dir="1" index="2" bw="1" slack="0"/>
</pin_list>
<bind>
<opcode="or(24) " fcode="or"/>
<opset="or_ln207/13 "/>
</bind>
</comp>

<comp id="707" class="1004" name="or_ln211_fu_707">
<pin_list>
<pin id="708" dir="0" index="0" bw="1" slack="1"/>
<pin id="709" dir="0" index="1" bw="1" slack="1"/>
<pin id="710" dir="1" index="2" bw="1" slack="0"/>
</pin_list>
<bind>
<opcode="or(24) " fcode="or"/>
<opset="or_ln211/13 "/>
</bind>
</comp>

<comp id="711" class="1004" name="and_ln211_fu_711">
<pin_list>
<pin id="712" dir="0" index="0" bw="1" slack="0"/>
<pin id="713" dir="0" index="1" bw="1" slack="0"/>
<pin id="714" dir="1" index="2" bw="1" slack="0"/>
</pin_list>
<bind>
<opcode="and(23) " fcode="and"/>
<opset="and_ln211/13 "/>
</bind>
</comp>

<comp id="717" class="1004" name="and_ln211_1_fu_717">
<pin_list>
<pin id="718" dir="0" index="0" bw="1" slack="0"/>
<pin id="719" dir="0" index="1" bw="1" slack="0"/>
<pin id="720" dir="1" index="2" bw="1" slack="4"/>
</pin_list>
<bind>
<opcode="and(23) " fcode="and"/>
<opset="and_ln211_1/13 "/>
</bind>
</comp>

<comp id="723" class="1004" name="tmp_s_fu_723">
<pin_list>
<pin id="724" dir="0" index="0" bw="256" slack="0"/>
<pin id="725" dir="0" index="1" bw="416" slack="1"/>
<pin id="726" dir="0" index="2" bw="9" slack="0"/>
<pin id="727" dir="0" index="3" bw="10" slack="0"/>
<pin id="728" dir="1" index="4" bw="256" slack="0"/>
</pin_list>
<bind>
<opcode="partselect(1002) " fcode="partselect"/>
<opset="tmp_s/13 "/>
</bind>
</comp>

<comp id="732" class="1004" name="trunc_ln213_fu_732">
<pin_list>
<pin id="733" dir="0" index="0" bw="416" slack="1"/>
<pin id="734" dir="1" index="1" bw="64" slack="0"/>
</pin_list>
<bind>
<opcode="trunc(33) " fcode="trunc"/>
<opset="trunc_ln213/13 "/>
</bind>
</comp>

<comp id="735" class="1004" name="or_ln213_1_fu_735">
<pin_list>
<pin id="736" dir="0" index="0" bw="416" slack="0"/>
<pin id="737" dir="0" index="1" bw="256" slack="0"/>
<pin id="738" dir="0" index="2" bw="1" slack="0"/>
<pin id="739" dir="0" index="3" bw="31" slack="12"/>
<pin id="740" dir="0" index="4" bw="64" slack="0"/>
<pin id="741" dir="0" index="5" bw="64" slack="0"/>
<pin id="742" dir="1" index="6" bw="416" slack="0"/>
</pin_list>
<bind>
<opcode="bitconcatenate(1004) " fcode="bitconcatenate"/>
<opset="or_ln213_1/13 "/>
</bind>
</comp>

<comp id="748" class="1004" name="store_ln213_store_fu_748">
<pin_list>
<pin id="749" dir="0" index="0" bw="416" slack="0"/>
<pin id="750" dir="0" index="1" bw="416" slack="12"/>
<pin id="751" dir="1" index="2" bw="0" slack="2147483647"/>
</pin_list>
<bind>
<opcode="store(28) " fcode="store"/>
<opset="store_ln213/13 "/>
</bind>
</comp>

<comp id="753" class="1004" name="bitcast_ln207_1_fu_753">
<pin_list>
<pin id="754" dir="0" index="0" bw="64" slack="1"/>
<pin id="755" dir="1" index="1" bw="64" slack="0"/>
</pin_list>
<bind>
<opcode="bitcast(44) " fcode="bitcast"/>
<opset="bitcast_ln207_1/14 "/>
</bind>
</comp>

<comp id="756" class="1004" name="tmp_76_fu_756">
<pin_list>
<pin id="757" dir="0" index="0" bw="11" slack="0"/>
<pin id="758" dir="0" index="1" bw="64" slack="0"/>
<pin id="759" dir="0" index="2" bw="7" slack="0"/>
<pin id="760" dir="0" index="3" bw="7" slack="0"/>
<pin id="761" dir="1" index="4" bw="11" slack="0"/>
</pin_list>
<bind>
<opcode="partselect(1002) " fcode="partselect"/>
<opset="tmp_76/14 "/>
</bind>
</comp>

<comp id="766" class="1004" name="trunc_ln207_1_fu_766">
<pin_list>
<pin id="767" dir="0" index="0" bw="64" slack="0"/>
<pin id="768" dir="1" index="1" bw="52" slack="0"/>
</pin_list>
<bind>
<opcode="trunc(33) " fcode="trunc"/>
<opset="trunc_ln207_1/14 "/>
</bind>
</comp>

<comp id="770" class="1004" name="icmp_ln207_2_fu_770">
<pin_list>
<pin id="771" dir="0" index="0" bw="11" slack="0"/>
<pin id="772" dir="0" index="1" bw="1" slack="0"/>
<pin id="773" dir="1" index="2" bw="1" slack="0"/>
</pin_list>
<bind>
<opcode="icmp(45) " fcode="icmp"/>
<opset="icmp_ln207_2/14 "/>
</bind>
</comp>

<comp id="776" class="1004" name="icmp_ln207_3_fu_776">
<pin_list>
<pin id="777" dir="0" index="0" bw="52" slack="0"/>
<pin id="778" dir="0" index="1" bw="1" slack="0"/>
<pin id="779" dir="1" index="2" bw="1" slack="0"/>
</pin_list>
<bind>
<opcode="icmp(45) " fcode="icmp"/>
<opset="icmp_ln207_3/14 "/>
</bind>
</comp>

<comp id="782" class="1004" name="or_ln207_1_fu_782">
<pin_list>
<pin id="783" dir="0" index="0" bw="1" slack="0"/>
<pin id="784" dir="0" index="1" bw="1" slack="0"/>
<pin id="785" dir="1" index="2" bw="1" slack="0"/>
</pin_list>
<bind>
<opcode="or(24) " fcode="or"/>
<opset="or_ln207_1/14 "/>
</bind>
</comp>

<comp id="788" class="1004" name="and_ln207_fu_788">
<pin_list>
<pin id="789" dir="0" index="0" bw="1" slack="0"/>
<pin id="790" dir="0" index="1" bw="1" slack="1"/>
<pin id="791" dir="1" index="2" bw="1" slack="0"/>
</pin_list>
<bind>
<opcode="and(23) " fcode="and"/>
<opset="and_ln207/14 "/>
</bind>
</comp>

<comp id="793" class="1004" name="and_ln207_1_fu_793">
<pin_list>
<pin id="794" dir="0" index="0" bw="1" slack="0"/>
<pin id="795" dir="0" index="1" bw="1" slack="0"/>
<pin id="796" dir="1" index="2" bw="1" slack="0"/>
</pin_list>
<bind>
<opcode="and(23) " fcode="and"/>
<opset="and_ln207_1/14 "/>
</bind>
</comp>

<comp id="799" class="1004" name="max_spillage_iter_1_fu_799">
<pin_list>
<pin id="800" dir="0" index="0" bw="1" slack="0"/>
<pin id="801" dir="0" index="1" bw="64" slack="3"/>
<pin id="802" dir="0" index="2" bw="64" slack="1"/>
<pin id="803" dir="1" index="3" bw="64" slack="0"/>
</pin_list>
<bind>
<opcode="select(49) " fcode="select"/>
<opset="max_spillage_iter_1/14 "/>
</bind>
</comp>

<comp id="805" class="1004" name="store_ln27_store_fu_805">
<pin_list>
<pin id="806" dir="0" index="0" bw="64" slack="0"/>
<pin id="807" dir="0" index="1" bw="64" slack="0"/>
<pin id="808" dir="1" index="2" bw="0" slack="2147483647"/>
</pin_list>
<bind>
<opcode="store(28) " fcode="store"/>
<opset="store_ln27/14 "/>
</bind>
</comp>

<comp id="811" class="1004" name="wl_1_fu_811">
<pin_list>
<pin id="812" dir="0" index="0" bw="32" slack="6"/>
<pin id="813" dir="0" index="1" bw="32" slack="0"/>
<pin id="814" dir="1" index="2" bw="32" slack="1"/>
</pin_list>
<bind>
<opcode="sub(10) " fcode="sub"/>
<opset="wl_1/17 "/>
</bind>
</comp>

<comp id="816" class="1004" name="add_ln226_fu_816">
<pin_list>
<pin id="817" dir="0" index="0" bw="32" slack="4"/>
<pin id="818" dir="0" index="1" bw="32" slack="4"/>
<pin id="819" dir="1" index="2" bw="32" slack="0"/>
</pin_list>
<bind>
<opcode="add(8) " fcode="add"/>
<opset="add_ln226/18 "/>
</bind>
</comp>

<comp id="820" class="1004" name="add_ln226_1_fu_820">
<pin_list>
<pin id="821" dir="0" index="0" bw="32" slack="4"/>
<pin id="822" dir="0" index="1" bw="32" slack="3"/>
<pin id="823" dir="1" index="2" bw="32" slack="0"/>
</pin_list>
<bind>
<opcode="add(8) " fcode="add"/>
<opset="add_ln226_1/18 "/>
</bind>
</comp>

<comp id="824" class="1004" name="add_ln226_2_fu_824">
<pin_list>
<pin id="825" dir="0" index="0" bw="32" slack="0"/>
<pin id="826" dir="0" index="1" bw="32" slack="0"/>
<pin id="827" dir="1" index="2" bw="32" slack="0"/>
</pin_list>
<bind>
<opcode="add(8) " fcode="add"/>
<opset="add_ln226_2/18 "/>
</bind>
</comp>

<comp id="830" class="1004" name="wl_3_fu_830">
<pin_list>
<pin id="831" dir="0" index="0" bw="32" slack="0"/>
<pin id="832" dir="0" index="1" bw="32" slack="0"/>
<pin id="833" dir="1" index="2" bw="32" slack="0"/>
</pin_list>
<bind>
<opcode="add(8) " fcode="add"/>
<opset="wl_3/18 "/>
</bind>
</comp>

<comp id="839" class="1004" name="store_ln213_store_fu_839">
<pin_list>
<pin id="840" dir="0" index="0" bw="416" slack="4"/>
<pin id="841" dir="0" index="1" bw="416" slack="0"/>
<pin id="842" dir="1" index="2" bw="0" slack="2147483647"/>
</pin_list>
<bind>
<opcode="store(28) " fcode="store"/>
<opset="store_ln213/16 "/>
</bind>
</comp>

<comp id="844" class="1007" name="grp_fu_844">
<pin_list>
<pin id="845" dir="0" index="0" bw="6" slack="0"/>
<pin id="846" dir="0" index="1" bw="5" slack="0"/>
<pin id="847" dir="0" index="2" bw="6" slack="0"/>
<pin id="848" dir="1" index="3" bw="11" slack="0"/>
</pin_list>
<bind>
<opcode="muladd(1172) " fcode="muladd"/>
<opset="mul_ln196/1 add_ln196/3 "/>
</bind>
</comp>

<comp id="853" class="1005" name="col_pos_reg_853">
<pin_list>
<pin id="854" dir="0" index="0" bw="7" slack="0"/>
<pin id="855" dir="1" index="1" bw="7" slack="0"/>
</pin_list>
<bind>
<opset="col_pos "/>
</bind>
</comp>

<comp id="860" class="1005" name="row_pos_reg_860">
<pin_list>
<pin id="861" dir="0" index="0" bw="6" slack="0"/>
<pin id="862" dir="1" index="1" bw="6" slack="0"/>
</pin_list>
<bind>
<opset="row_pos "/>
</bind>
</comp>

<comp id="867" class="1005" name="indvar_flatten18_reg_867">
<pin_list>
<pin id="868" dir="0" index="0" bw="13" slack="0"/>
<pin id="869" dir="1" index="1" bw="13" slack="0"/>
</pin_list>
<bind>
<opset="indvar_flatten18 "/>
</bind>
</comp>

<comp id="874" class="1005" name="empty_81_reg_874">
<pin_list>
<pin id="875" dir="0" index="0" bw="416" slack="0"/>
<pin id="876" dir="1" index="1" bw="416" slack="0"/>
</pin_list>
<bind>
<opset="empty_81 "/>
</bind>
</comp>

<comp id="881" class="1005" name="tmp_reg_881">
<pin_list>
<pin id="882" dir="0" index="0" bw="31" slack="12"/>
<pin id="883" dir="1" index="1" bw="31" slack="12"/>
</pin_list>
<bind>
<opset="tmp "/>
</bind>
</comp>

<comp id="886" class="1005" name="icmp_ln191_reg_886">
<pin_list>
<pin id="887" dir="0" index="0" bw="1" slack="1"/>
<pin id="888" dir="1" index="1" bw="1" slack="2147483647"/>
</pin_list>
<bind>
<opset="icmp_ln191 "/>
</bind>
</comp>

<comp id="890" class="1005" name="select_ln52_reg_890">
<pin_list>
<pin id="891" dir="0" index="0" bw="7" slack="1"/>
<pin id="892" dir="1" index="1" bw="7" slack="1"/>
</pin_list>
<bind>
<opset="select_ln52 "/>
</bind>
</comp>

<comp id="897" class="1005" name="select_ln191_reg_897">
<pin_list>
<pin id="898" dir="0" index="0" bw="6" slack="1"/>
<pin id="899" dir="1" index="1" bw="6" slack="1"/>
</pin_list>
<bind>
<opset="select_ln191 "/>
</bind>
</comp>

<comp id="903" class="1005" name="zext_ln196_reg_903">
<pin_list>
<pin id="904" dir="0" index="0" bw="11" slack="1"/>
<pin id="905" dir="1" index="1" bw="11" slack="1"/>
</pin_list>
<bind>
<opset="zext_ln196 "/>
</bind>
</comp>

<comp id="908" class="1005" name="spillage_flag_addr_reg_908">
<pin_list>
<pin id="909" dir="0" index="0" bw="13" slack="1"/>
<pin id="910" dir="1" index="1" bw="13" slack="1"/>
</pin_list>
<bind>
<opset="spillage_flag_addr "/>
</bind>
</comp>

<comp id="913" class="1005" name="spillage_level_addr_reg_913">
<pin_list>
<pin id="914" dir="0" index="0" bw="13" slack="2"/>
<pin id="915" dir="1" index="1" bw="13" slack="2"/>
</pin_list>
<bind>
<opset="spillage_level_addr "/>
</bind>
</comp>

<comp id="918" class="1005" name="spillage_from_neigh_addr_reg_918">
<pin_list>
<pin id="919" dir="0" index="0" bw="13" slack="1"/>
<pin id="920" dir="1" index="1" bw="13" slack="1"/>
</pin_list>
<bind>
<opset="spillage_from_neigh_addr "/>
</bind>
</comp>

<comp id="923" class="1005" name="spillage_from_neigh_1_addr_reg_923">
<pin_list>
<pin id="924" dir="0" index="0" bw="13" slack="1"/>
<pin id="925" dir="1" index="1" bw="13" slack="1"/>
</pin_list>
<bind>
<opset="spillage_from_neigh_1_addr "/>
</bind>
</comp>

<comp id="928" class="1005" name="spillage_from_neigh_2_addr_reg_928">
<pin_list>
<pin id="929" dir="0" index="0" bw="13" slack="1"/>
<pin id="930" dir="1" index="1" bw="13" slack="1"/>
</pin_list>
<bind>
<opset="spillage_from_neigh_2_addr "/>
</bind>
</comp>

<comp id="933" class="1005" name="spillage_from_neigh_3_addr_reg_933">
<pin_list>
<pin id="934" dir="0" index="0" bw="13" slack="1"/>
<pin id="935" dir="1" index="1" bw="13" slack="1"/>
</pin_list>
<bind>
<opset="spillage_from_neigh_3_addr "/>
</bind>
</comp>

<comp id="938" class="1005" name="tmp_69_reg_938">
<pin_list>
<pin id="939" dir="0" index="0" bw="6" slack="1"/>
<pin id="940" dir="1" index="1" bw="6" slack="1"/>
</pin_list>
<bind>
<opset="tmp_69 "/>
</bind>
</comp>

<comp id="943" class="1005" name="zext_ln196_1_reg_943">
<pin_list>
<pin id="944" dir="0" index="0" bw="11" slack="1"/>
<pin id="945" dir="1" index="1" bw="11" slack="1"/>
</pin_list>
<bind>
<opset="zext_ln196_1 "/>
</bind>
</comp>

<comp id="948" class="1005" name="spillage_flag_load_reg_948">
<pin_list>
<pin id="949" dir="0" index="0" bw="32" slack="1"/>
<pin id="950" dir="1" index="1" bw="32" slack="1"/>
</pin_list>
<bind>
<opset="spillage_flag_load "/>
</bind>
</comp>

<comp id="953" class="1005" name="icmp_ln199_reg_953">
<pin_list>
<pin id="954" dir="0" index="0" bw="1" slack="1"/>
<pin id="955" dir="1" index="1" bw="1" slack="1"/>
</pin_list>
<bind>
<opset="icmp_ln199 "/>
</bind>
</comp>

<comp id="958" class="1005" name="icmp_ln199_1_reg_958">
<pin_list>
<pin id="959" dir="0" index="0" bw="1" slack="1"/>
<pin id="960" dir="1" index="1" bw="1" slack="1"/>
</pin_list>
<bind>
<opset="icmp_ln199_1 "/>
</bind>
</comp>

<comp id="963" class="1005" name="spillage_from_neigh_load_reg_963">
<pin_list>
<pin id="964" dir="0" index="0" bw="32" slack="1"/>
<pin id="965" dir="1" index="1" bw="32" slack="1"/>
</pin_list>
<bind>
<opset="spillage_from_neigh_load "/>
</bind>
</comp>

<comp id="968" class="1005" name="spillage_from_neigh_1_load_reg_968">
<pin_list>
<pin id="969" dir="0" index="0" bw="32" slack="1"/>
<pin id="970" dir="1" index="1" bw="32" slack="1"/>
</pin_list>
<bind>
<opset="spillage_from_neigh_1_load "/>
</bind>
</comp>

<comp id="973" class="1005" name="spillage_from_neigh_2_load_reg_973">
<pin_list>
<pin id="974" dir="0" index="0" bw="32" slack="1"/>
<pin id="975" dir="1" index="1" bw="32" slack="1"/>
</pin_list>
<bind>
<opset="spillage_from_neigh_2_load "/>
</bind>
</comp>

<comp id="978" class="1005" name="spillage_from_neigh_3_load_reg_978">
<pin_list>
<pin id="979" dir="0" index="0" bw="32" slack="1"/>
<pin id="980" dir="1" index="1" bw="32" slack="1"/>
</pin_list>
<bind>
<opset="spillage_from_neigh_3_load "/>
</bind>
</comp>

<comp id="983" class="1005" name="water_level_addr_4_reg_983">
<pin_list>
<pin id="984" dir="0" index="0" bw="11" slack="1"/>
<pin id="985" dir="1" index="1" bw="11" slack="1"/>
</pin_list>
<bind>
<opset="water_level_addr_4 "/>
</bind>
</comp>

<comp id="989" class="1005" name="water_level_1_addr_4_reg_989">
<pin_list>
<pin id="990" dir="0" index="0" bw="11" slack="1"/>
<pin id="991" dir="1" index="1" bw="11" slack="1"/>
</pin_list>
<bind>
<opset="water_level_1_addr_4 "/>
</bind>
</comp>

<comp id="995" class="1005" name="water_level_2_addr_4_reg_995">
<pin_list>
<pin id="996" dir="0" index="0" bw="11" slack="1"/>
<pin id="997" dir="1" index="1" bw="11" slack="1"/>
</pin_list>
<bind>
<opset="water_level_2_addr_4 "/>
</bind>
</comp>

<comp id="1001" class="1005" name="and_ln199_reg_1001">
<pin_list>
<pin id="1002" dir="0" index="0" bw="1" slack="1"/>
<pin id="1003" dir="1" index="1" bw="1" slack="2147483647"/>
</pin_list>
<bind>
<opset="and_ln199 "/>
</bind>
</comp>

<comp id="1005" class="1005" name="water_level_load_3_reg_1005">
<pin_list>
<pin id="1006" dir="0" index="0" bw="32" slack="6"/>
<pin id="1007" dir="1" index="1" bw="32" slack="6"/>
</pin_list>
<bind>
<opset="water_level_load_3 "/>
</bind>
</comp>

<comp id="1010" class="1005" name="water_level_1_load_3_reg_1010">
<pin_list>
<pin id="1011" dir="0" index="0" bw="32" slack="6"/>
<pin id="1012" dir="1" index="1" bw="32" slack="6"/>
</pin_list>
<bind>
<opset="water_level_1_load_3 "/>
</bind>
</comp>

<comp id="1015" class="1005" name="water_level_2_load_3_reg_1015">
<pin_list>
<pin id="1016" dir="0" index="0" bw="32" slack="6"/>
<pin id="1017" dir="1" index="1" bw="32" slack="6"/>
</pin_list>
<bind>
<opset="water_level_2_load_3 "/>
</bind>
</comp>

<comp id="1020" class="1005" name="spillage_level_load_reg_1020">
<pin_list>
<pin id="1021" dir="0" index="0" bw="32" slack="1"/>
<pin id="1022" dir="1" index="1" bw="32" slack="1"/>
</pin_list>
<bind>
<opset="spillage_level_load "/>
</bind>
</comp>

<comp id="1025" class="1005" name="div5_reg_1025">
<pin_list>
<pin id="1026" dir="0" index="0" bw="32" slack="2"/>
<pin id="1027" dir="1" index="1" bw="32" slack="2"/>
</pin_list>
<bind>
<opset="div5 "/>
</bind>
</comp>

<comp id="1030" class="1005" name="div468_1_reg_1030">
<pin_list>
<pin id="1031" dir="0" index="0" bw="32" slack="2"/>
<pin id="1032" dir="1" index="1" bw="32" slack="2"/>
</pin_list>
<bind>
<opset="div468_1 "/>
</bind>
</comp>

<comp id="1035" class="1005" name="div468_2_reg_1035">
<pin_list>
<pin id="1036" dir="0" index="0" bw="32" slack="2"/>
<pin id="1037" dir="1" index="1" bw="32" slack="2"/>
</pin_list>
<bind>
<opset="div468_2 "/>
</bind>
</comp>

<comp id="1040" class="1005" name="div468_3_reg_1040">
<pin_list>
<pin id="1041" dir="0" index="0" bw="32" slack="2"/>
<pin id="1042" dir="1" index="1" bw="32" slack="2"/>
</pin_list>
<bind>
<opset="div468_3 "/>
</bind>
</comp>

<comp id="1045" class="1005" name="spill_reg_1045">
<pin_list>
<pin id="1046" dir="0" index="0" bw="32" slack="1"/>
<pin id="1047" dir="1" index="1" bw="32" slack="1"/>
</pin_list>
<bind>
<opset="spill "/>
</bind>
</comp>

<comp id="1051" class="1005" name="trunc_ln52_reg_1051">
<pin_list>
<pin id="1052" dir="0" index="0" bw="2" slack="7"/>
<pin id="1053" dir="1" index="1" bw="2" slack="2147483647"/>
</pin_list>
<bind>
<opset="trunc_ln52 "/>
</bind>
</comp>

<comp id="1055" class="1005" name="wl_reg_1055">
<pin_list>
<pin id="1056" dir="0" index="0" bw="32" slack="6"/>
<pin id="1057" dir="1" index="1" bw="32" slack="6"/>
</pin_list>
<bind>
<opset="wl "/>
</bind>
</comp>

<comp id="1061" class="1005" name="max_spillage_iter_reg_1061">
<pin_list>
<pin id="1062" dir="0" index="0" bw="64" slack="1"/>
<pin id="1063" dir="1" index="1" bw="64" slack="1"/>
</pin_list>
<bind>
<opset="max_spillage_iter "/>
</bind>
</comp>

<comp id="1068" class="1005" name="p_load_reg_1068">
<pin_list>
<pin id="1069" dir="0" index="0" bw="416" slack="1"/>
<pin id="1070" dir="1" index="1" bw="416" slack="1"/>
</pin_list>
<bind>
<opset="p_load "/>
</bind>
</comp>

<comp id="1075" class="1005" name="bitcast_ln211_reg_1075">
<pin_list>
<pin id="1076" dir="0" index="0" bw="64" slack="1"/>
<pin id="1077" dir="1" index="1" bw="64" slack="1"/>
</pin_list>
<bind>
<opset="bitcast_ln211 "/>
</bind>
</comp>

<comp id="1080" class="1005" name="icmp_ln211_reg_1080">
<pin_list>
<pin id="1081" dir="0" index="0" bw="1" slack="1"/>
<pin id="1082" dir="1" index="1" bw="1" slack="1"/>
</pin_list>
<bind>
<opset="icmp_ln211 "/>
</bind>
</comp>

<comp id="1085" class="1005" name="icmp_ln211_1_reg_1085">
<pin_list>
<pin id="1086" dir="0" index="0" bw="1" slack="1"/>
<pin id="1087" dir="1" index="1" bw="1" slack="1"/>
</pin_list>
<bind>
<opset="icmp_ln211_1 "/>
</bind>
</comp>

<comp id="1090" class="1005" name="mul6_reg_1090">
<pin_list>
<pin id="1091" dir="0" index="0" bw="32" slack="1"/>
<pin id="1092" dir="1" index="1" bw="32" slack="1"/>
</pin_list>
<bind>
<opset="mul6 "/>
</bind>
</comp>

<comp id="1095" class="1005" name="mul469_1_reg_1095">
<pin_list>
<pin id="1096" dir="0" index="0" bw="32" slack="1"/>
<pin id="1097" dir="1" index="1" bw="32" slack="1"/>
</pin_list>
<bind>
<opset="mul469_1 "/>
</bind>
</comp>

<comp id="1100" class="1005" name="mul469_2_reg_1100">
<pin_list>
<pin id="1101" dir="0" index="0" bw="32" slack="1"/>
<pin id="1102" dir="1" index="1" bw="32" slack="1"/>
</pin_list>
<bind>
<opset="mul469_2 "/>
</bind>
</comp>

<comp id="1105" class="1005" name="mul469_3_reg_1105">
<pin_list>
<pin id="1106" dir="0" index="0" bw="32" slack="2"/>
<pin id="1107" dir="1" index="1" bw="32" slack="2"/>
</pin_list>
<bind>
<opset="mul469_3 "/>
</bind>
</comp>

<comp id="1110" class="1005" name="max_spillage_iter_3_out_load_reg_1110">
<pin_list>
<pin id="1111" dir="0" index="0" bw="64" slack="1"/>
<pin id="1112" dir="1" index="1" bw="64" slack="1"/>
</pin_list>
<bind>
<opset="max_spillage_iter_3_out_load "/>
</bind>
</comp>

<comp id="1117" class="1005" name="or_ln207_reg_1117">
<pin_list>
<pin id="1118" dir="0" index="0" bw="1" slack="1"/>
<pin id="1119" dir="1" index="1" bw="1" slack="1"/>
</pin_list>
<bind>
<opset="or_ln207 "/>
</bind>
</comp>

<comp id="1122" class="1005" name="and_ln211_1_reg_1122">
<pin_list>
<pin id="1123" dir="0" index="0" bw="1" slack="4"/>
<pin id="1124" dir="1" index="1" bw="1" slack="2147483647"/>
</pin_list>
<bind>
<opset="and_ln211_1 "/>
</bind>
</comp>

<comp id="1126" class="1005" name="mul5_reg_1126">
<pin_list>
<pin id="1127" dir="0" index="0" bw="32" slack="2"/>
<pin id="1128" dir="1" index="1" bw="32" slack="2"/>
</pin_list>
<bind>
<opset="mul5 "/>
</bind>
</comp>

<comp id="1131" class="1005" name="spill_acc_reg_1131">
<pin_list>
<pin id="1132" dir="0" index="0" bw="32" slack="4"/>
<pin id="1133" dir="1" index="1" bw="32" slack="4"/>
</pin_list>
<bind>
<opset="spill_acc "/>
</bind>
</comp>

<comp id="1136" class="1005" name="tmp_17_reg_1136">
<pin_list>
<pin id="1137" dir="0" index="0" bw="32" slack="4"/>
<pin id="1138" dir="1" index="1" bw="32" slack="4"/>
</pin_list>
<bind>
<opset="tmp_17 "/>
</bind>
</comp>

<comp id="1141" class="1005" name="tmp_18_reg_1141">
<pin_list>
<pin id="1142" dir="0" index="0" bw="32" slack="4"/>
<pin id="1143" dir="1" index="1" bw="32" slack="4"/>
</pin_list>
<bind>
<opset="tmp_18 "/>
</bind>
</comp>

<comp id="1146" class="1005" name="tmp_19_reg_1146">
<pin_list>
<pin id="1147" dir="0" index="0" bw="32" slack="3"/>
<pin id="1148" dir="1" index="1" bw="32" slack="3"/>
</pin_list>
<bind>
<opset="tmp_19 "/>
</bind>
</comp>

<comp id="1151" class="1005" name="wl_1_reg_1151">
<pin_list>
<pin id="1152" dir="0" index="0" bw="32" slack="1"/>
<pin id="1153" dir="1" index="1" bw="32" slack="1"/>
</pin_list>
<bind>
<opset="wl_1 "/>
</bind>
</comp>

</comp_list>

<net_list>
<net id="153"><net_src comp="26" pin="0"/><net_sink comp="150" pin=0"/></net>

<net id="157"><net_src comp="26" pin="0"/><net_sink comp="154" pin=0"/></net>

<net id="161"><net_src comp="26" pin="0"/><net_sink comp="158" pin=0"/></net>

<net id="165"><net_src comp="26" pin="0"/><net_sink comp="162" pin=0"/></net>

<net id="170"><net_src comp="28" pin="0"/><net_sink comp="166" pin=0"/></net>

<net id="171"><net_src comp="20" pin="0"/><net_sink comp="166" pin=1"/></net>

<net id="176"><net_src comp="30" pin="0"/><net_sink comp="172" pin=0"/></net>

<net id="177"><net_src comp="0" pin="0"/><net_sink comp="172" pin=1"/></net>

<net id="183"><net_src comp="2" pin="0"/><net_sink comp="178" pin=0"/></net>

<net id="184"><net_src comp="60" pin="0"/><net_sink comp="178" pin=1"/></net>

<net id="190"><net_src comp="4" pin="0"/><net_sink comp="185" pin=0"/></net>

<net id="191"><net_src comp="60" pin="0"/><net_sink comp="185" pin=1"/></net>

<net id="197"><net_src comp="6" pin="0"/><net_sink comp="192" pin=0"/></net>

<net id="198"><net_src comp="60" pin="0"/><net_sink comp="192" pin=1"/></net>

<net id="204"><net_src comp="8" pin="0"/><net_sink comp="199" pin=0"/></net>

<net id="205"><net_src comp="60" pin="0"/><net_sink comp="199" pin=1"/></net>

<net id="211"><net_src comp="10" pin="0"/><net_sink comp="206" pin=0"/></net>

<net id="212"><net_src comp="60" pin="0"/><net_sink comp="206" pin=1"/></net>

<net id="218"><net_src comp="12" pin="0"/><net_sink comp="213" pin=0"/></net>

<net id="219"><net_src comp="60" pin="0"/><net_sink comp="213" pin=1"/></net>

<net id="225"><net_src comp="178" pin="3"/><net_sink comp="220" pin=0"/></net>

<net id="231"><net_src comp="192" pin="3"/><net_sink comp="226" pin=0"/></net>

<net id="237"><net_src comp="199" pin="3"/><net_sink comp="232" pin=0"/></net>

<net id="243"><net_src comp="206" pin="3"/><net_sink comp="238" pin=0"/></net>

<net id="249"><net_src comp="213" pin="3"/><net_sink comp="244" pin=0"/></net>

<net id="255"><net_src comp="14" pin="0"/><net_sink comp="250" pin=0"/></net>

<net id="256"><net_src comp="60" pin="0"/><net_sink comp="250" pin=1"/></net>

<net id="262"><net_src comp="16" pin="0"/><net_sink comp="257" pin=0"/></net>

<net id="263"><net_src comp="60" pin="0"/><net_sink comp="257" pin=1"/></net>

<net id="269"><net_src comp="18" pin="0"/><net_sink comp="264" pin=0"/></net>

<net id="270"><net_src comp="60" pin="0"/><net_sink comp="264" pin=1"/></net>

<net id="280"><net_src comp="250" pin="3"/><net_sink comp="271" pin=2"/></net>

<net id="290"><net_src comp="257" pin="3"/><net_sink comp="281" pin=2"/></net>

<net id="300"><net_src comp="264" pin="3"/><net_sink comp="291" pin=2"/></net>

<net id="321"><net_src comp="148" pin="0"/><net_sink comp="317" pin=0"/></net>

<net id="326"><net_src comp="148" pin="0"/><net_sink comp="322" pin=0"/></net>

<net id="331"><net_src comp="148" pin="0"/><net_sink comp="327" pin=0"/></net>

<net id="336"><net_src comp="82" pin="0"/><net_sink comp="332" pin=1"/></net>

<net id="341"><net_src comp="82" pin="0"/><net_sink comp="337" pin=1"/></net>

<net id="346"><net_src comp="82" pin="0"/><net_sink comp="342" pin=1"/></net>

<net id="351"><net_src comp="82" pin="0"/><net_sink comp="347" pin=1"/></net>

<net id="356"><net_src comp="82" pin="0"/><net_sink comp="352" pin=1"/></net>

<net id="357"><net_src comp="84" pin="0"/><net_sink comp="332" pin=1"/></net>

<net id="358"><net_src comp="84" pin="0"/><net_sink comp="337" pin=1"/></net>

<net id="359"><net_src comp="84" pin="0"/><net_sink comp="342" pin=1"/></net>

<net id="360"><net_src comp="84" pin="0"/><net_sink comp="347" pin=1"/></net>

<net id="361"><net_src comp="84" pin="0"/><net_sink comp="352" pin=1"/></net>

<net id="369"><net_src comp="220" pin="3"/><net_sink comp="365" pin=0"/></net>

<net id="370"><net_src comp="80" pin="0"/><net_sink comp="365" pin=1"/></net>

<net id="379"><net_src comp="32" pin="0"/><net_sink comp="375" pin=0"/></net>

<net id="380"><net_src comp="24" pin="0"/><net_sink comp="375" pin=1"/></net>

<net id="385"><net_src comp="172" pin="2"/><net_sink comp="381" pin=0"/></net>

<net id="390"><net_src comp="34" pin="0"/><net_sink comp="386" pin=0"/></net>

<net id="395"><net_src comp="36" pin="0"/><net_sink comp="391" pin=0"/></net>

<net id="400"><net_src comp="38" pin="0"/><net_sink comp="396" pin=0"/></net>

<net id="408"><net_src comp="401" pin="1"/><net_sink comp="404" pin=0"/></net>

<net id="409"><net_src comp="40" pin="0"/><net_sink comp="404" pin=1"/></net>

<net id="414"><net_src comp="401" pin="1"/><net_sink comp="410" pin=0"/></net>

<net id="415"><net_src comp="42" pin="0"/><net_sink comp="410" pin=1"/></net>

<net id="426"><net_src comp="419" pin="1"/><net_sink comp="422" pin=0"/></net>

<net id="427"><net_src comp="44" pin="0"/><net_sink comp="422" pin=1"/></net>

<net id="432"><net_src comp="416" pin="1"/><net_sink comp="428" pin=0"/></net>

<net id="433"><net_src comp="46" pin="0"/><net_sink comp="428" pin=1"/></net>

<net id="439"><net_src comp="428" pin="2"/><net_sink comp="434" pin=0"/></net>

<net id="440"><net_src comp="38" pin="0"/><net_sink comp="434" pin=1"/></net>

<net id="441"><net_src comp="416" pin="1"/><net_sink comp="434" pin=2"/></net>

<net id="447"><net_src comp="428" pin="2"/><net_sink comp="442" pin=0"/></net>

<net id="448"><net_src comp="422" pin="2"/><net_sink comp="442" pin=1"/></net>

<net id="449"><net_src comp="419" pin="1"/><net_sink comp="442" pin=2"/></net>

<net id="453"><net_src comp="442" pin="3"/><net_sink comp="450" pin=0"/></net>

<net id="458"><net_src comp="434" pin="3"/><net_sink comp="454" pin=0"/></net>

<net id="459"><net_src comp="50" pin="0"/><net_sink comp="454" pin=1"/></net>

<net id="464"><net_src comp="434" pin="3"/><net_sink comp="460" pin=0"/></net>

<net id="465"><net_src comp="52" pin="0"/><net_sink comp="460" pin=1"/></net>

<net id="470"><net_src comp="410" pin="2"/><net_sink comp="466" pin=0"/></net>

<net id="475"><net_src comp="442" pin="3"/><net_sink comp="471" pin=0"/></net>

<net id="480"><net_src comp="460" pin="2"/><net_sink comp="476" pin=0"/></net>

<net id="486"><net_src comp="54" pin="0"/><net_sink comp="481" pin=0"/></net>

<net id="487"><net_src comp="36" pin="0"/><net_sink comp="481" pin=2"/></net>

<net id="491"><net_src comp="481" pin="3"/><net_sink comp="488" pin=0"/></net>

<net id="497"><net_src comp="56" pin="0"/><net_sink comp="492" pin=0"/></net>

<net id="498"><net_src comp="58" pin="0"/><net_sink comp="492" pin=2"/></net>

<net id="502"><net_src comp="492" pin="3"/><net_sink comp="499" pin=0"/></net>

<net id="507"><net_src comp="488" pin="1"/><net_sink comp="503" pin=0"/></net>

<net id="508"><net_src comp="499" pin="1"/><net_sink comp="503" pin=1"/></net>

<net id="516"><net_src comp="503" pin="2"/><net_sink comp="512" pin=0"/></net>

<net id="517"><net_src comp="509" pin="1"/><net_sink comp="512" pin=1"/></net>

<net id="521"><net_src comp="512" pin="2"/><net_sink comp="518" pin=0"/></net>

<net id="522"><net_src comp="518" pin="1"/><net_sink comp="178" pin=2"/></net>

<net id="523"><net_src comp="518" pin="1"/><net_sink comp="185" pin=2"/></net>

<net id="524"><net_src comp="518" pin="1"/><net_sink comp="192" pin=2"/></net>

<net id="525"><net_src comp="518" pin="1"/><net_sink comp="199" pin=2"/></net>

<net id="526"><net_src comp="518" pin="1"/><net_sink comp="206" pin=2"/></net>

<net id="527"><net_src comp="518" pin="1"/><net_sink comp="213" pin=2"/></net>

<net id="535"><net_src comp="528" pin="1"/><net_sink comp="531" pin=0"/></net>

<net id="536"><net_src comp="62" pin="0"/><net_sink comp="531" pin=1"/></net>

<net id="543"><net_src comp="64" pin="0"/><net_sink comp="537" pin=0"/></net>

<net id="544"><net_src comp="531" pin="2"/><net_sink comp="537" pin=1"/></net>

<net id="545"><net_src comp="66" pin="0"/><net_sink comp="537" pin=2"/></net>

<net id="546"><net_src comp="68" pin="0"/><net_sink comp="537" pin=3"/></net>

<net id="553"><net_src comp="220" pin="3"/><net_sink comp="550" pin=0"/></net>

<net id="560"><net_src comp="70" pin="0"/><net_sink comp="554" pin=0"/></net>

<net id="561"><net_src comp="550" pin="1"/><net_sink comp="554" pin=1"/></net>

<net id="562"><net_src comp="72" pin="0"/><net_sink comp="554" pin=2"/></net>

<net id="563"><net_src comp="74" pin="0"/><net_sink comp="554" pin=3"/></net>

<net id="567"><net_src comp="550" pin="1"/><net_sink comp="564" pin=0"/></net>

<net id="572"><net_src comp="554" pin="4"/><net_sink comp="568" pin=0"/></net>

<net id="573"><net_src comp="76" pin="0"/><net_sink comp="568" pin=1"/></net>

<net id="578"><net_src comp="564" pin="1"/><net_sink comp="574" pin=0"/></net>

<net id="579"><net_src comp="78" pin="0"/><net_sink comp="574" pin=1"/></net>

<net id="583"><net_src comp="580" pin="1"/><net_sink comp="250" pin=2"/></net>

<net id="584"><net_src comp="580" pin="1"/><net_sink comp="257" pin=2"/></net>

<net id="585"><net_src comp="580" pin="1"/><net_sink comp="264" pin=2"/></net>

<net id="594"><net_src comp="586" pin="2"/><net_sink comp="590" pin=0"/></net>

<net id="595"><net_src comp="365" pin="2"/><net_sink comp="590" pin=1"/></net>

<net id="599"><net_src comp="454" pin="2"/><net_sink comp="596" pin=0"/></net>

<net id="611"><net_src comp="102" pin="0"/><net_sink comp="600" pin=0"/></net>

<net id="612"><net_src comp="104" pin="0"/><net_sink comp="600" pin=1"/></net>

<net id="613"><net_src comp="106" pin="0"/><net_sink comp="600" pin=3"/></net>

<net id="614"><net_src comp="108" pin="0"/><net_sink comp="600" pin=5"/></net>

<net id="615"><net_src comp="110" pin="0"/><net_sink comp="600" pin=7"/></net>

<net id="616"><net_src comp="596" pin="1"/><net_sink comp="600" pin=8"/></net>

<net id="626"><net_src comp="112" pin="0"/><net_sink comp="620" pin=0"/></net>

<net id="627"><net_src comp="617" pin="1"/><net_sink comp="620" pin=1"/></net>

<net id="628"><net_src comp="114" pin="0"/><net_sink comp="620" pin=2"/></net>

<net id="629"><net_src comp="116" pin="0"/><net_sink comp="620" pin=3"/></net>

<net id="633"><net_src comp="620" pin="4"/><net_sink comp="630" pin=0"/></net>

<net id="634"><net_src comp="630" pin="1"/><net_sink comp="371" pin=1"/></net>

<net id="641"><net_src comp="118" pin="0"/><net_sink comp="635" pin=0"/></net>

<net id="642"><net_src comp="617" pin="1"/><net_sink comp="635" pin=1"/></net>

<net id="643"><net_src comp="120" pin="0"/><net_sink comp="635" pin=2"/></net>

<net id="644"><net_src comp="122" pin="0"/><net_sink comp="635" pin=3"/></net>

<net id="651"><net_src comp="124" pin="0"/><net_sink comp="645" pin=0"/></net>

<net id="652"><net_src comp="617" pin="1"/><net_sink comp="645" pin=1"/></net>

<net id="653"><net_src comp="114" pin="0"/><net_sink comp="645" pin=2"/></net>

<net id="654"><net_src comp="126" pin="0"/><net_sink comp="645" pin=3"/></net>

<net id="659"><net_src comp="635" pin="4"/><net_sink comp="655" pin=0"/></net>

<net id="660"><net_src comp="128" pin="0"/><net_sink comp="655" pin=1"/></net>

<net id="665"><net_src comp="645" pin="4"/><net_sink comp="661" pin=0"/></net>

<net id="666"><net_src comp="130" pin="0"/><net_sink comp="661" pin=1"/></net>

<net id="670"><net_src comp="24" pin="0"/><net_sink comp="667" pin=0"/></net>

<net id="671"><net_src comp="667" pin="1"/><net_sink comp="371" pin=1"/></net>

<net id="681"><net_src comp="132" pin="0"/><net_sink comp="675" pin=0"/></net>

<net id="682"><net_src comp="672" pin="1"/><net_sink comp="675" pin=1"/></net>

<net id="683"><net_src comp="134" pin="0"/><net_sink comp="675" pin=2"/></net>

<net id="684"><net_src comp="136" pin="0"/><net_sink comp="675" pin=3"/></net>

<net id="688"><net_src comp="672" pin="1"/><net_sink comp="685" pin=0"/></net>

<net id="693"><net_src comp="675" pin="4"/><net_sink comp="689" pin=0"/></net>

<net id="694"><net_src comp="128" pin="0"/><net_sink comp="689" pin=1"/></net>

<net id="699"><net_src comp="685" pin="1"/><net_sink comp="695" pin=0"/></net>

<net id="700"><net_src comp="130" pin="0"/><net_sink comp="695" pin=1"/></net>

<net id="705"><net_src comp="695" pin="2"/><net_sink comp="701" pin=0"/></net>

<net id="706"><net_src comp="689" pin="2"/><net_sink comp="701" pin=1"/></net>

<net id="715"><net_src comp="701" pin="2"/><net_sink comp="711" pin=0"/></net>

<net id="716"><net_src comp="707" pin="2"/><net_sink comp="711" pin=1"/></net>

<net id="721"><net_src comp="711" pin="2"/><net_sink comp="717" pin=0"/></net>

<net id="722"><net_src comp="371" pin="2"/><net_sink comp="717" pin=1"/></net>

<net id="729"><net_src comp="138" pin="0"/><net_sink comp="723" pin=0"/></net>

<net id="730"><net_src comp="140" pin="0"/><net_sink comp="723" pin=2"/></net>

<net id="731"><net_src comp="142" pin="0"/><net_sink comp="723" pin=3"/></net>

<net id="743"><net_src comp="144" pin="0"/><net_sink comp="735" pin=0"/></net>

<net id="744"><net_src comp="723" pin="4"/><net_sink comp="735" pin=1"/></net>

<net id="745"><net_src comp="146" pin="0"/><net_sink comp="735" pin=2"/></net>

<net id="746"><net_src comp="672" pin="1"/><net_sink comp="735" pin=4"/></net>

<net id="747"><net_src comp="732" pin="1"/><net_sink comp="735" pin=5"/></net>

<net id="752"><net_src comp="735" pin="6"/><net_sink comp="748" pin=0"/></net>

<net id="762"><net_src comp="132" pin="0"/><net_sink comp="756" pin=0"/></net>

<net id="763"><net_src comp="753" pin="1"/><net_sink comp="756" pin=1"/></net>

<net id="764"><net_src comp="134" pin="0"/><net_sink comp="756" pin=2"/></net>

<net id="765"><net_src comp="136" pin="0"/><net_sink comp="756" pin=3"/></net>

<net id="769"><net_src comp="753" pin="1"/><net_sink comp="766" pin=0"/></net>

<net id="774"><net_src comp="756" pin="4"/><net_sink comp="770" pin=0"/></net>

<net id="775"><net_src comp="128" pin="0"/><net_sink comp="770" pin=1"/></net>

<net id="780"><net_src comp="766" pin="1"/><net_sink comp="776" pin=0"/></net>

<net id="781"><net_src comp="130" pin="0"/><net_sink comp="776" pin=1"/></net>

<net id="786"><net_src comp="776" pin="2"/><net_sink comp="782" pin=0"/></net>

<net id="787"><net_src comp="770" pin="2"/><net_sink comp="782" pin=1"/></net>

<net id="792"><net_src comp="782" pin="2"/><net_sink comp="788" pin=0"/></net>

<net id="797"><net_src comp="788" pin="2"/><net_sink comp="793" pin=0"/></net>

<net id="798"><net_src comp="371" pin="2"/><net_sink comp="793" pin=1"/></net>

<net id="804"><net_src comp="793" pin="2"/><net_sink comp="799" pin=0"/></net>

<net id="809"><net_src comp="799" pin="3"/><net_sink comp="805" pin=0"/></net>

<net id="810"><net_src comp="24" pin="0"/><net_sink comp="805" pin=1"/></net>

<net id="815"><net_src comp="322" pin="2"/><net_sink comp="811" pin=1"/></net>

<net id="828"><net_src comp="820" pin="2"/><net_sink comp="824" pin=0"/></net>

<net id="829"><net_src comp="309" pin="6"/><net_sink comp="824" pin=1"/></net>

<net id="834"><net_src comp="824" pin="2"/><net_sink comp="830" pin=0"/></net>

<net id="835"><net_src comp="816" pin="2"/><net_sink comp="830" pin=1"/></net>

<net id="836"><net_src comp="830" pin="2"/><net_sink comp="281" pin=1"/></net>

<net id="837"><net_src comp="830" pin="2"/><net_sink comp="271" pin=1"/></net>

<net id="838"><net_src comp="830" pin="2"/><net_sink comp="291" pin=1"/></net>

<net id="843"><net_src comp="22" pin="0"/><net_sink comp="839" pin=1"/></net>

<net id="849"><net_src comp="450" pin="1"/><net_sink comp="844" pin=0"/></net>

<net id="850"><net_src comp="48" pin="0"/><net_sink comp="844" pin=1"/></net>

<net id="851"><net_src comp="547" pin="1"/><net_sink comp="844" pin=2"/></net>

<net id="852"><net_src comp="844" pin="3"/><net_sink comp="580" pin=0"/></net>

<net id="856"><net_src comp="150" pin="1"/><net_sink comp="853" pin=0"/></net>

<net id="857"><net_src comp="853" pin="1"/><net_sink comp="396" pin=1"/></net>

<net id="858"><net_src comp="853" pin="1"/><net_sink comp="416" pin=0"/></net>

<net id="859"><net_src comp="853" pin="1"/><net_sink comp="476" pin=1"/></net>

<net id="863"><net_src comp="154" pin="1"/><net_sink comp="860" pin=0"/></net>

<net id="864"><net_src comp="860" pin="1"/><net_sink comp="391" pin=1"/></net>

<net id="865"><net_src comp="860" pin="1"/><net_sink comp="419" pin=0"/></net>

<net id="866"><net_src comp="860" pin="1"/><net_sink comp="471" pin=1"/></net>

<net id="870"><net_src comp="158" pin="1"/><net_sink comp="867" pin=0"/></net>

<net id="871"><net_src comp="867" pin="1"/><net_sink comp="386" pin=1"/></net>

<net id="872"><net_src comp="867" pin="1"/><net_sink comp="401" pin=0"/></net>

<net id="873"><net_src comp="867" pin="1"/><net_sink comp="466" pin=1"/></net>

<net id="877"><net_src comp="162" pin="1"/><net_sink comp="874" pin=0"/></net>

<net id="878"><net_src comp="874" pin="1"/><net_sink comp="381" pin=1"/></net>

<net id="879"><net_src comp="874" pin="1"/><net_sink comp="617" pin=0"/></net>

<net id="880"><net_src comp="874" pin="1"/><net_sink comp="748" pin=1"/></net>

<net id="884"><net_src comp="166" pin="2"/><net_sink comp="881" pin=0"/></net>

<net id="885"><net_src comp="881" pin="1"/><net_sink comp="735" pin=3"/></net>

<net id="889"><net_src comp="404" pin="2"/><net_sink comp="886" pin=0"/></net>

<net id="893"><net_src comp="434" pin="3"/><net_sink comp="890" pin=0"/></net>

<net id="894"><net_src comp="890" pin="1"/><net_sink comp="509" pin=0"/></net>

<net id="895"><net_src comp="890" pin="1"/><net_sink comp="528" pin=0"/></net>

<net id="896"><net_src comp="890" pin="1"/><net_sink comp="454" pin=0"/></net>

<net id="900"><net_src comp="442" pin="3"/><net_sink comp="897" pin=0"/></net>

<net id="901"><net_src comp="897" pin="1"/><net_sink comp="481" pin=1"/></net>

<net id="902"><net_src comp="897" pin="1"/><net_sink comp="492" pin=1"/></net>

<net id="906"><net_src comp="450" pin="1"/><net_sink comp="903" pin=0"/></net>

<net id="907"><net_src comp="903" pin="1"/><net_sink comp="844" pin=0"/></net>

<net id="911"><net_src comp="178" pin="3"/><net_sink comp="908" pin=0"/></net>

<net id="912"><net_src comp="908" pin="1"/><net_sink comp="220" pin=0"/></net>

<net id="916"><net_src comp="185" pin="3"/><net_sink comp="913" pin=0"/></net>

<net id="917"><net_src comp="913" pin="1"/><net_sink comp="301" pin=0"/></net>

<net id="921"><net_src comp="192" pin="3"/><net_sink comp="918" pin=0"/></net>

<net id="922"><net_src comp="918" pin="1"/><net_sink comp="226" pin=0"/></net>

<net id="926"><net_src comp="199" pin="3"/><net_sink comp="923" pin=0"/></net>

<net id="927"><net_src comp="923" pin="1"/><net_sink comp="232" pin=0"/></net>

<net id="931"><net_src comp="206" pin="3"/><net_sink comp="928" pin=0"/></net>

<net id="932"><net_src comp="928" pin="1"/><net_sink comp="238" pin=0"/></net>

<net id="936"><net_src comp="213" pin="3"/><net_sink comp="933" pin=0"/></net>

<net id="937"><net_src comp="933" pin="1"/><net_sink comp="244" pin=0"/></net>

<net id="941"><net_src comp="537" pin="4"/><net_sink comp="938" pin=0"/></net>

<net id="942"><net_src comp="938" pin="1"/><net_sink comp="547" pin=0"/></net>

<net id="946"><net_src comp="547" pin="1"/><net_sink comp="943" pin=0"/></net>

<net id="947"><net_src comp="943" pin="1"/><net_sink comp="844" pin=1"/></net>

<net id="951"><net_src comp="220" pin="3"/><net_sink comp="948" pin=0"/></net>

<net id="952"><net_src comp="948" pin="1"/><net_sink comp="365" pin=0"/></net>

<net id="956"><net_src comp="568" pin="2"/><net_sink comp="953" pin=0"/></net>

<net id="957"><net_src comp="953" pin="1"/><net_sink comp="586" pin=1"/></net>

<net id="961"><net_src comp="574" pin="2"/><net_sink comp="958" pin=0"/></net>

<net id="962"><net_src comp="958" pin="1"/><net_sink comp="586" pin=0"/></net>

<net id="966"><net_src comp="226" pin="3"/><net_sink comp="963" pin=0"/></net>

<net id="967"><net_src comp="963" pin="1"/><net_sink comp="332" pin=0"/></net>

<net id="971"><net_src comp="232" pin="3"/><net_sink comp="968" pin=0"/></net>

<net id="972"><net_src comp="968" pin="1"/><net_sink comp="337" pin=0"/></net>

<net id="976"><net_src comp="238" pin="3"/><net_sink comp="973" pin=0"/></net>

<net id="977"><net_src comp="973" pin="1"/><net_sink comp="342" pin=0"/></net>

<net id="981"><net_src comp="244" pin="3"/><net_sink comp="978" pin=0"/></net>

<net id="982"><net_src comp="978" pin="1"/><net_sink comp="347" pin=0"/></net>

<net id="986"><net_src comp="250" pin="3"/><net_sink comp="983" pin=0"/></net>

<net id="987"><net_src comp="983" pin="1"/><net_sink comp="271" pin=2"/></net>

<net id="988"><net_src comp="983" pin="1"/><net_sink comp="271" pin=0"/></net>

<net id="992"><net_src comp="257" pin="3"/><net_sink comp="989" pin=0"/></net>

<net id="993"><net_src comp="989" pin="1"/><net_sink comp="281" pin=2"/></net>

<net id="994"><net_src comp="989" pin="1"/><net_sink comp="281" pin=0"/></net>

<net id="998"><net_src comp="264" pin="3"/><net_sink comp="995" pin=0"/></net>

<net id="999"><net_src comp="995" pin="1"/><net_sink comp="291" pin=2"/></net>

<net id="1000"><net_src comp="995" pin="1"/><net_sink comp="291" pin=0"/></net>

<net id="1004"><net_src comp="590" pin="2"/><net_sink comp="1001" pin=0"/></net>

<net id="1008"><net_src comp="271" pin="7"/><net_sink comp="1005" pin=0"/></net>

<net id="1009"><net_src comp="1005" pin="1"/><net_sink comp="600" pin=2"/></net>

<net id="1013"><net_src comp="281" pin="7"/><net_sink comp="1010" pin=0"/></net>

<net id="1014"><net_src comp="1010" pin="1"/><net_sink comp="600" pin=4"/></net>

<net id="1018"><net_src comp="291" pin="7"/><net_sink comp="1015" pin=0"/></net>

<net id="1019"><net_src comp="1015" pin="1"/><net_sink comp="600" pin=6"/></net>

<net id="1023"><net_src comp="301" pin="3"/><net_sink comp="1020" pin=0"/></net>

<net id="1024"><net_src comp="1020" pin="1"/><net_sink comp="352" pin=0"/></net>

<net id="1028"><net_src comp="332" pin="2"/><net_sink comp="1025" pin=0"/></net>

<net id="1029"><net_src comp="1025" pin="1"/><net_sink comp="332" pin=0"/></net>

<net id="1033"><net_src comp="337" pin="2"/><net_sink comp="1030" pin=0"/></net>

<net id="1034"><net_src comp="1030" pin="1"/><net_sink comp="337" pin=0"/></net>

<net id="1038"><net_src comp="342" pin="2"/><net_sink comp="1035" pin=0"/></net>

<net id="1039"><net_src comp="1035" pin="1"/><net_sink comp="342" pin=0"/></net>

<net id="1043"><net_src comp="347" pin="2"/><net_sink comp="1040" pin=0"/></net>

<net id="1044"><net_src comp="1040" pin="1"/><net_sink comp="347" pin=0"/></net>

<net id="1048"><net_src comp="352" pin="2"/><net_sink comp="1045" pin=0"/></net>

<net id="1049"><net_src comp="1045" pin="1"/><net_sink comp="362" pin=0"/></net>

<net id="1050"><net_src comp="1045" pin="1"/><net_sink comp="352" pin=0"/></net>

<net id="1054"><net_src comp="596" pin="1"/><net_sink comp="1051" pin=0"/></net>

<net id="1058"><net_src comp="600" pin="9"/><net_sink comp="1055" pin=0"/></net>

<net id="1059"><net_src comp="1055" pin="1"/><net_sink comp="811" pin=0"/></net>

<net id="1060"><net_src comp="1055" pin="1"/><net_sink comp="309" pin=4"/></net>

<net id="1064"><net_src comp="362" pin="1"/><net_sink comp="1061" pin=0"/></net>

<net id="1065"><net_src comp="1061" pin="1"/><net_sink comp="371" pin=0"/></net>

<net id="1066"><net_src comp="1061" pin="1"/><net_sink comp="672" pin=0"/></net>

<net id="1067"><net_src comp="1061" pin="1"/><net_sink comp="799" pin=1"/></net>

<net id="1071"><net_src comp="617" pin="1"/><net_sink comp="1068" pin=0"/></net>

<net id="1072"><net_src comp="1068" pin="1"/><net_sink comp="723" pin=1"/></net>

<net id="1073"><net_src comp="1068" pin="1"/><net_sink comp="732" pin=0"/></net>

<net id="1074"><net_src comp="1068" pin="1"/><net_sink comp="839" pin=0"/></net>

<net id="1078"><net_src comp="630" pin="1"/><net_sink comp="1075" pin=0"/></net>

<net id="1079"><net_src comp="1075" pin="1"/><net_sink comp="371" pin=1"/></net>

<net id="1083"><net_src comp="655" pin="2"/><net_sink comp="1080" pin=0"/></net>

<net id="1084"><net_src comp="1080" pin="1"/><net_sink comp="707" pin=1"/></net>

<net id="1088"><net_src comp="661" pin="2"/><net_sink comp="1085" pin=0"/></net>

<net id="1089"><net_src comp="1085" pin="1"/><net_sink comp="707" pin=0"/></net>

<net id="1093"><net_src comp="332" pin="2"/><net_sink comp="1090" pin=0"/></net>

<net id="1094"><net_src comp="1090" pin="1"/><net_sink comp="317" pin=1"/></net>

<net id="1098"><net_src comp="337" pin="2"/><net_sink comp="1095" pin=0"/></net>

<net id="1099"><net_src comp="1095" pin="1"/><net_sink comp="322" pin=1"/></net>

<net id="1103"><net_src comp="342" pin="2"/><net_sink comp="1100" pin=0"/></net>

<net id="1104"><net_src comp="1100" pin="1"/><net_sink comp="327" pin=1"/></net>

<net id="1108"><net_src comp="347" pin="2"/><net_sink comp="1105" pin=0"/></net>

<net id="1109"><net_src comp="1105" pin="1"/><net_sink comp="317" pin=1"/></net>

<net id="1113"><net_src comp="667" pin="1"/><net_sink comp="1110" pin=0"/></net>

<net id="1114"><net_src comp="1110" pin="1"/><net_sink comp="753" pin=0"/></net>

<net id="1115"><net_src comp="1110" pin="1"/><net_sink comp="371" pin=1"/></net>

<net id="1116"><net_src comp="1110" pin="1"/><net_sink comp="799" pin=2"/></net>

<net id="1120"><net_src comp="701" pin="2"/><net_sink comp="1117" pin=0"/></net>

<net id="1121"><net_src comp="1117" pin="1"/><net_sink comp="788" pin=1"/></net>

<net id="1125"><net_src comp="717" pin="2"/><net_sink comp="1122" pin=0"/></net>

<net id="1129"><net_src comp="352" pin="2"/><net_sink comp="1126" pin=0"/></net>

<net id="1130"><net_src comp="1126" pin="1"/><net_sink comp="322" pin=1"/></net>

<net id="1134"><net_src comp="317" pin="2"/><net_sink comp="1131" pin=0"/></net>

<net id="1135"><net_src comp="1131" pin="1"/><net_sink comp="820" pin=0"/></net>

<net id="1139"><net_src comp="322" pin="2"/><net_sink comp="1136" pin=0"/></net>

<net id="1140"><net_src comp="1136" pin="1"/><net_sink comp="816" pin=0"/></net>

<net id="1144"><net_src comp="327" pin="2"/><net_sink comp="1141" pin=0"/></net>

<net id="1145"><net_src comp="1141" pin="1"/><net_sink comp="816" pin=1"/></net>

<net id="1149"><net_src comp="317" pin="2"/><net_sink comp="1146" pin=0"/></net>

<net id="1150"><net_src comp="1146" pin="1"/><net_sink comp="820" pin=1"/></net>

<net id="1154"><net_src comp="811" pin="2"/><net_sink comp="1151" pin=0"/></net>

<net id="1155"><net_src comp="1151" pin="1"/><net_sink comp="309" pin=0"/></net>

<net id="1156"><net_src comp="1151" pin="1"/><net_sink comp="309" pin=2"/></net>

</net_list>

</model> 
---------------- Datapath Model END ------------------

* FSMD analyzer results:
  - Output states:
	Port: water_level | {18 }
	Port: water_level_1 | {18 }
	Port: water_level_2 | {18 }
	Port: p_out | {16 }
	Port: max_spillage_iter_3_out | {1 14 }
 - Input state : 
	Port: do_compute_Pipeline_PROPAGATION_ROWS_PROPAGATION_COLS : p_reload44 | {1 }
	Port: do_compute_Pipeline_PROPAGATION_ROWS_PROPAGATION_COLS : spillage_flag | {2 3 }
	Port: do_compute_Pipeline_PROPAGATION_ROWS_PROPAGATION_COLS : spillage_level | {4 5 }
	Port: do_compute_Pipeline_PROPAGATION_ROWS_PROPAGATION_COLS : spillage_from_neigh | {2 3 }
	Port: do_compute_Pipeline_PROPAGATION_ROWS_PROPAGATION_COLS : spillage_from_neigh_1 | {2 3 }
	Port: do_compute_Pipeline_PROPAGATION_ROWS_PROPAGATION_COLS : spillage_from_neigh_2 | {2 3 }
	Port: do_compute_Pipeline_PROPAGATION_ROWS_PROPAGATION_COLS : spillage_from_neigh_3 | {2 3 }
	Port: do_compute_Pipeline_PROPAGATION_ROWS_PROPAGATION_COLS : water_level | {4 5 }
	Port: do_compute_Pipeline_PROPAGATION_ROWS_PROPAGATION_COLS : water_level_1 | {4 5 }
	Port: do_compute_Pipeline_PROPAGATION_ROWS_PROPAGATION_COLS : water_level_2 | {4 5 }
	Port: do_compute_Pipeline_PROPAGATION_ROWS_PROPAGATION_COLS : empty | {1 }
	Port: do_compute_Pipeline_PROPAGATION_ROWS_PROPAGATION_COLS : max_spillage_iter_3_out | {13 }
  - Chain level:
	State 1
		store_ln0 : 1
		store_ln52 : 1
		store_ln52 : 1
		indvar_flatten18_load : 1
		icmp_ln191 : 2
		add_ln191_1 : 2
		br_ln191 : 3
		col_pos_load : 1
		row_pos_load : 1
		add_ln191 : 2
		icmp_ln193 : 2
		select_ln52 : 3
		select_ln191 : 3
		zext_ln196 : 4
		mul_ln196 : 5
		urem_ln52 : 4
		add_ln193 : 4
		store_ln191 : 3
		store_ln52 : 4
		store_ln52 : 5
	State 2
		zext_ln199 : 1
		zext_ln199_1 : 1
		add_ln199_1 : 2
		add_ln199 : 3
		zext_ln199_3 : 4
		spillage_flag_addr : 5
		spillage_level_addr : 5
		spillage_from_neigh_addr : 5
		spillage_from_neigh_1_addr : 5
		spillage_from_neigh_2_addr : 5
		spillage_from_neigh_3_addr : 5
		mul_ln52 : 1
		tmp_69 : 2
		spillage_flag_load : 6
		spillage_from_neigh_load : 6
		spillage_from_neigh_1_load : 6
		spillage_from_neigh_2_load : 6
		spillage_from_neigh_3_load : 6
	State 3
		add_ln196 : 1
		bitcast_ln199 : 1
		tmp_70 : 2
		trunc_ln199 : 2
		icmp_ln199 : 3
		icmp_ln199_1 : 3
		tmp_71 : 1
	State 4
		zext_ln196_2 : 1
		water_level_addr_4 : 2
		water_level_1_addr_4 : 2
		water_level_2_addr_4 : 2
		water_level_load_3 : 3
		water_level_1_load_3 : 3
		water_level_2_load_3 : 3
		and_ln199 : 1
	State 5
	State 6
	State 7
	State 8
	State 9
	State 10
	State 11
		trunc_ln52 : 1
		wl : 2
		switch_ln229 : 2
	State 12
		trunc_ln : 1
		bitcast_ln211 : 2
		tmp_78 : 1
		trunc_ln211_2 : 1
		icmp_ln211 : 2
		icmp_ln211_1 : 2
		tmp_79 : 3
	State 13
		tmp_75 : 1
		trunc_ln207 : 1
		icmp_ln207 : 2
		icmp_ln207_1 : 2
		or_ln207 : 3
		tmp_77 : 1
		and_ln211 : 3
		and_ln211_1 : 3
		or_ln213_1 : 1
		store_ln213 : 2
	State 14
		tmp_76 : 1
		trunc_ln207_1 : 1
		icmp_ln207_2 : 2
		icmp_ln207_3 : 2
		or_ln207_1 : 3
		and_ln207 : 3
		and_ln207_1 : 3
		max_spillage_iter_1 : 3
		store_ln27 : 4
	State 15
	State 16
	State 17
		wl_1 : 1
	State 18
		add_ln226_2 : 1
		wl_3 : 2
		store_ln229 : 3
		store_ln229 : 3
		store_ln229 : 3


============================================================
+ Verbose Summary: Datapath Resource usage 
============================================================

* Functional unit list:
|----------|-----------------------------------|---------|---------|---------|
| Operation|          Functional Unit          |   DSP   |    FF   |   LUT   |
|----------|-----------------------------------|---------|---------|---------|
|          |             grp_fu_332            |    3    |   143   |    78   |
|          |             grp_fu_337            |    3    |   143   |    78   |
|   fmul   |             grp_fu_342            |    3    |   143   |    78   |
|          |             grp_fu_347            |    3    |   143   |    78   |
|          |             grp_fu_352            |    3    |   143   |    78   |
|----------|-----------------------------------|---------|---------|---------|
|          | grp_p_hls_fptosi_float_i32_fu_317 |    0    |    33   |   326   |
|   call   | grp_p_hls_fptosi_float_i32_fu_322 |    0    |    33   |   326   |
|          | grp_p_hls_fptosi_float_i32_fu_327 |    0    |    33   |   326   |
|----------|-----------------------------------|---------|---------|---------|
|          |         icmp_ln191_fu_404         |    0    |    0    |    20   |
|          |         icmp_ln193_fu_428         |    0    |    0    |    14   |
|          |         icmp_ln199_fu_568         |    0    |    0    |    15   |
|          |        icmp_ln199_1_fu_574        |    0    |    0    |    30   |
|   icmp   |         icmp_ln211_fu_655         |    0    |    0    |    18   |
|          |        icmp_ln211_1_fu_661        |    0    |    0    |    59   |
|          |         icmp_ln207_fu_689         |    0    |    0    |    18   |
|          |        icmp_ln207_1_fu_695        |    0    |    0    |    59   |
|          |        icmp_ln207_2_fu_770        |    0    |    0    |    18   |
|          |        icmp_ln207_3_fu_776        |    0    |    0    |    59   |
|----------|-----------------------------------|---------|---------|---------|
|   urem   |             grp_fu_454            |    0    |   158   |    87   |
|----------|-----------------------------------|---------|---------|---------|
|          |         add_ln191_1_fu_410        |    0    |    0    |    20   |
|          |          add_ln191_fu_422         |    0    |    0    |    13   |
|          |          add_ln193_fu_460         |    0    |    0    |    14   |
|          |         add_ln199_1_fu_503        |    0    |    0    |    17   |
|    add   |          add_ln199_fu_512         |    0    |    0    |    17   |
|          |          add_ln226_fu_816         |    0    |    0    |    32   |
|          |         add_ln226_1_fu_820        |    0    |    0    |    32   |
|          |         add_ln226_2_fu_824        |    0    |    0    |    32   |
|          |            wl_3_fu_830            |    0    |    0    |    32   |
|----------|-----------------------------------|---------|---------|---------|
|          |         select_ln52_fu_434        |    0    |    0    |    7    |
|  select  |        select_ln191_fu_442        |    0    |    0    |    6    |
|          |     max_spillage_iter_1_fu_799    |    0    |    0    |    63   |
|----------|-----------------------------------|---------|---------|---------|
|    mul   |          mul_ln52_fu_531          |    0    |    0    |    49   |
|----------|-----------------------------------|---------|---------|---------|
|    sub   |            wl_1_fu_811            |    0    |    0    |    39   |
|----------|-----------------------------------|---------|---------|---------|
|          |          and_ln199_fu_590         |    0    |    0    |    2    |
|          |          and_ln211_fu_711         |    0    |    0    |    2    |
|    and   |         and_ln211_1_fu_717        |    0    |    0    |    2    |
|          |          and_ln207_fu_788         |    0    |    0    |    2    |
|          |         and_ln207_1_fu_793        |    0    |    0    |    2    |
|----------|-----------------------------------|---------|---------|---------|
| sparsemux|             wl_fu_600             |    0    |    0    |    9    |
|----------|-----------------------------------|---------|---------|---------|
|          |          or_ln199_fu_586          |    0    |    0    |    2    |
|    or    |          or_ln207_fu_701          |    0    |    0    |    2    |
|          |          or_ln211_fu_707          |    0    |    0    |    2    |
|          |         or_ln207_1_fu_782         |    0    |    0    |    2    |
|----------|-----------------------------------|---------|---------|---------|
|  muladd  |             grp_fu_844            |    1    |    0    |    0    |
|----------|-----------------------------------|---------|---------|---------|
|   read   |          tmp_read_fu_166          |    0    |    0    |    0    |
|          |    p_reload44_read_read_fu_172    |    0    |    0    |    0    |
|----------|-----------------------------------|---------|---------|---------|
|   fpext  |             grp_fu_362            |    0    |    0    |    0    |
|----------|-----------------------------------|---------|---------|---------|
|   fcmp   |             grp_fu_365            |    0    |    0    |    0    |
|----------|-----------------------------------|---------|---------|---------|
|   dcmp   |             grp_fu_371            |    0    |    0    |    0    |
|----------|-----------------------------------|---------|---------|---------|
|          |         zext_ln196_fu_450         |    0    |    0    |    0    |
|          |         zext_ln199_fu_488         |    0    |    0    |    0    |
|          |        zext_ln199_1_fu_499        |    0    |    0    |    0    |
|   zext   |        zext_ln199_2_fu_509        |    0    |    0    |    0    |
|          |        zext_ln199_3_fu_518        |    0    |    0    |    0    |
|          |          zext_ln52_fu_528         |    0    |    0    |    0    |
|          |        zext_ln196_1_fu_547        |    0    |    0    |    0    |
|          |        zext_ln196_2_fu_580        |    0    |    0    |    0    |
|----------|-----------------------------------|---------|---------|---------|
|          |           tmp_67_fu_481           |    0    |    0    |    0    |
|bitconcatenate|           tmp_68_fu_492           |    0    |    0    |    0    |
|          |         or_ln213_1_fu_735         |    0    |    0    |    0    |
|----------|-----------------------------------|---------|---------|---------|
|          |           tmp_69_fu_537           |    0    |    0    |    0    |
|          |           tmp_70_fu_554           |    0    |    0    |    0    |
|          |          trunc_ln_fu_620          |    0    |    0    |    0    |
|partselect|           tmp_78_fu_635           |    0    |    0    |    0    |
|          |        trunc_ln211_2_fu_645       |    0    |    0    |    0    |
|          |           tmp_75_fu_675           |    0    |    0    |    0    |
|          |            tmp_s_fu_723           |    0    |    0    |    0    |
|          |           tmp_76_fu_756           |    0    |    0    |    0    |
|----------|-----------------------------------|---------|---------|---------|
|          |         trunc_ln199_fu_564        |    0    |    0    |    0    |
|          |         trunc_ln52_fu_596         |    0    |    0    |    0    |
|   trunc  |         trunc_ln207_fu_685        |    0    |    0    |    0    |
|          |         trunc_ln213_fu_732        |    0    |    0    |    0    |
|          |        trunc_ln207_1_fu_766       |    0    |    0    |    0    |
|----------|-----------------------------------|---------|---------|---------|
|   Total  |                                   |    16   |   972   |   2165  |
|----------|-----------------------------------|---------|---------|---------|

Memories:
N/A

* Register list:
+-------------------------------------+--------+
|                                     |   FF   |
+-------------------------------------+--------+
|          and_ln199_reg_1001         |    1   |
|         and_ln211_1_reg_1122        |    1   |
|        bitcast_ln211_reg_1075       |   64   |
|           col_pos_reg_853           |    7   |
|          div468_1_reg_1030          |   32   |
|          div468_2_reg_1035          |   32   |
|          div468_3_reg_1040          |   32   |
|            div5_reg_1025            |   32   |
|           empty_81_reg_874          |   416  |
|          icmp_ln191_reg_886         |    1   |
|         icmp_ln199_1_reg_958        |    1   |
|          icmp_ln199_reg_953         |    1   |
|        icmp_ln211_1_reg_1085        |    1   |
|         icmp_ln211_reg_1080         |    1   |
|       indvar_flatten18_reg_867      |   13   |
|max_spillage_iter_3_out_load_reg_1110|   64   |
|      max_spillage_iter_reg_1061     |   64   |
|          mul469_1_reg_1095          |   32   |
|          mul469_2_reg_1100          |   32   |
|          mul469_3_reg_1105          |   32   |
|            mul5_reg_1126            |   32   |
|            mul6_reg_1090            |   32   |
|          or_ln207_reg_1117          |    1   |
|           p_load_reg_1068           |   416  |
|           row_pos_reg_860           |    6   |
|         select_ln191_reg_897        |    6   |
|         select_ln52_reg_890         |    7   |
|          spill_acc_reg_1131         |   32   |
|            spill_reg_1045           |   32   |
|      spillage_flag_addr_reg_908     |   13   |
|      spillage_flag_load_reg_948     |   32   |
|  spillage_from_neigh_1_addr_reg_923 |   13   |
|  spillage_from_neigh_1_load_reg_968 |   32   |
|  spillage_from_neigh_2_addr_reg_928 |   13   |
|  spillage_from_neigh_2_load_reg_973 |   32   |
|  spillage_from_neigh_3_addr_reg_933 |   13   |
|  spillage_from_neigh_3_load_reg_978 |   32   |
|   spillage_from_neigh_addr_reg_918  |   13   |
|   spillage_from_neigh_load_reg_963  |   32   |
|     spillage_level_addr_reg_913     |   13   |
|     spillage_level_load_reg_1020    |   32   |
|           tmp_17_reg_1136           |   32   |
|           tmp_18_reg_1141           |   32   |
|           tmp_19_reg_1146           |   32   |
|            tmp_69_reg_938           |    6   |
|             tmp_reg_881             |   31   |
|         trunc_ln52_reg_1051         |    2   |
|     water_level_1_addr_4_reg_989    |   11   |
|    water_level_1_load_3_reg_1010    |   32   |
|     water_level_2_addr_4_reg_995    |   11   |
|    water_level_2_load_3_reg_1015    |   32   |
|      water_level_addr_4_reg_983     |   11   |
|     water_level_load_3_reg_1005     |   32   |
|            wl_1_reg_1151            |   32   |
|             wl_2_reg_306            |   32   |
|             wl_reg_1055             |   32   |
|         zext_ln196_1_reg_943        |   11   |
|          zext_ln196_reg_903         |   11   |
+-------------------------------------+--------+
|                Total                |  2075  |
+-------------------------------------+--------+

* Multiplexer (MUX) list: 
|-----------------------------------|------|------|------|--------||---------||---------||---------|
|                Comp               |  Pin | Size |  BW  | S x BW ||  Delay  ||    FF   ||   LUT   |
|-----------------------------------|------|------|------|--------||---------||---------||---------|
|         grp_access_fu_220         |  p0  |   2  |  13  |   26   ||    0    ||    9    |
|         grp_access_fu_226         |  p0  |   2  |  13  |   26   ||    0    ||    9    |
|         grp_access_fu_232         |  p0  |   2  |  13  |   26   ||    0    ||    9    |
|         grp_access_fu_238         |  p0  |   2  |  13  |   26   ||    0    ||    9    |
|         grp_access_fu_244         |  p0  |   2  |  13  |   26   ||    0    ||    9    |
|         grp_access_fu_271         |  p2  |   2  |   0  |    0   ||    0    ||    9    |
|         grp_access_fu_281         |  p2  |   2  |   0  |    0   ||    0    ||    9    |
|         grp_access_fu_291         |  p2  |   2  |   0  |    0   ||    0    ||    9    |
| grp_p_hls_fptosi_float_i32_fu_317 |  p1  |   2  |  32  |   64   ||    0    ||    9    |
| grp_p_hls_fptosi_float_i32_fu_322 |  p1  |   2  |  32  |   64   ||    0    ||    9    |
|             grp_fu_332            |  p0  |   2  |  32  |   64   ||    0    ||    9    |
|             grp_fu_332            |  p1  |   2  |  32  |   64   |
|             grp_fu_337            |  p0  |   2  |  32  |   64   ||    0    ||    9    |
|             grp_fu_337            |  p1  |   2  |  32  |   64   |
|             grp_fu_342            |  p0  |   2  |  32  |   64   ||    0    ||    9    |
|             grp_fu_342            |  p1  |   2  |  32  |   64   |
|             grp_fu_347            |  p0  |   2  |  32  |   64   ||    0    ||    9    |
|             grp_fu_347            |  p1  |   2  |  32  |   64   |
|             grp_fu_352            |  p0  |   2  |  32  |   64   ||    0    ||    9    |
|             grp_fu_352            |  p1  |   2  |  32  |   64   |
|             grp_fu_365            |  p0  |   2  |  32  |   64   ||    0    ||    9    |
|             grp_fu_371            |  p1  |   4  |  64  |   256  ||    0    ||    20   |
|             grp_fu_454            |  p0  |   2  |   7  |   14   ||    0    ||    9    |
|             grp_fu_844            |  p0  |   2  |   6  |   12   ||    0    ||    9    |
|             grp_fu_844            |  p1  |   2  |   5  |   10   ||    0    ||    9    |
|-----------------------------------|------|------|------|--------||---------||---------||---------|
|               Total               |      |      |      |  1254  || 9.74071 ||    0    ||   191   |
|-----------------------------------|------|------|------|--------||---------||---------||---------|



* Summary:
+-----------+--------+--------+--------+--------+
|           |   DSP  |  Delay |   FF   |   LUT  |
+-----------+--------+--------+--------+--------+
|  Function |   16   |    -   |   972  |  2165  |
|   Memory  |    -   |    -   |    -   |    -   |
|Multiplexer|    -   |    9   |    0   |   191  |
|  Register |    -   |    -   |  2075  |    -   |
+-----------+--------+--------+--------+--------+
|   Total   |   16   |    9   |  3047  |  2356  |
+-----------+--------+--------+--------+--------+
