

================================================================
== Vitis HLS Report for 'do_compute_Pipeline_VITIS_LOOP_109_9_VITIS_LOOP_110_10'
================================================================
* Date:           Sun May 17 18:41:39 2026

* Version:        2024.1 (Build 5069499 on May 21 2024)
* Project:        .small_dam_base_enabled
* Solution:       solution_FLOOD_HLS_base (Vivado IP Flow Target)
* Product family: virtexuplusHBM
* Target device:  xcu50-fsvh2104-2-e


================================================================
== Performance Estimates
================================================================
+ Timing: 
    * Summary: 
    +--------+---------+----------+------------+
    |  Clock |  Target | Estimated| Uncertainty|
    +--------+---------+----------+------------+
    |ap_clk  |  4.00 ns|  2.861 ns|     1.08 ns|
    +--------+---------+----------+------------+

+ Latency: 
    * Summary: 
    +---------+---------+-----------+-----------+-------+-------+-----------------------------------------------+
    |  Latency (cycles) |   Latency (absolute)  |    Interval   |                    Pipeline                   |
    |   min   |   max   |    min    |    max    |  min  |  max  |                      Type                     |
    +---------+---------+-----------+-----------+-------+-------+-----------------------------------------------+
    |    24410|    24410|  97.640 us|  97.640 us|  24303|  24303|  loop auto-rewind stp(delay=0 clock cycles(s))|
    +---------+---------+-----------+-----------+-------+-------+-----------------------------------------------+

    + Detail: 
        * Instance: 
        +-----------------------------------+------------------------+---------+---------+----------+----------+-----+-----+---------+
        |                                   |                        |  Latency (cycles) |  Latency (absolute) |  Interval | Pipeline|
        |              Instance             |         Module         |   min   |   max   |    min   |    max   | min | max |   Type  |
        +-----------------------------------+------------------------+---------+---------+----------+----------+-----+-----+---------+
        |grp_p_hls_fptosi_float_i32_fu_488  |p_hls_fptosi_float_i32  |        1|        1|  4.000 ns|  4.000 ns|    1|    1|      yes|
        |grp_p_hls_fptosi_float_i32_fu_493  |p_hls_fptosi_float_i32  |        1|        1|  4.000 ns|  4.000 ns|    1|    1|      yes|
        +-----------------------------------+------------------------+---------+---------+----------+----------+-----+-----+---------+

        * Loop: 
        +--------------------------------------+---------+---------+----------+-----------+-----------+------+----------+
        |                                      |  Latency (cycles) | Iteration|  Initiation Interval  | Trip |          |
        |               Loop Name              |   min   |   max   |  Latency |  achieved |   target  | Count| Pipelined|
        +--------------------------------------+---------+---------+----------+-----------+-----------+------+----------+
        |- VITIS_LOOP_109_9_VITIS_LOOP_110_10  |    24408|    24408|       111|          3|          1|  8100|       yes|
        +--------------------------------------+---------+---------+----------+-----------+-----------+------+----------+

============================================================
+ Verbose Summary: Synthesis Manager
============================================================
InlineROM: 1
ExposeGlobal: 0
============================================================
+ Verbose Summary: CDFG Model
============================================================
IsTopModel: 0
ResetActiveHigh: 1
IsCombinational: 0
IsDatapathOnly: 0
HasWiredReturn: 1
HasMFsm: 2
HasVarLatency: 1
IsPipeline: 0
IsRtlPipelined: 0
IsInstanceOverlapped: 0
IsDontTouch: 0
HasImplIP: 0
IsGatedGlobalClock: 0

+ Individual pipeline summary: 
  * Pipeline-0: initiation interval (II) = 3, depth = 111


============================================================
+ Verbose Summary: Schedule
============================================================
* Number of FSM states : 111
* Pipeline : 1
  Pipeline-0 : II = 3, D = 111, States = { 1 2 3 4 5 6 7 8 9 10 11 12 13 14 15 16 17 18 19 20 21 22 23 24 25 26 27 28 29 30 31 32 33 34 35 36 37 38 39 40 41 42 43 44 45 46 47 48 49 50 51 52 53 54 55 56 57 58 59 60 61 62 63 64 65 66 67 68 69 70 71 72 73 74 75 76 77 78 79 80 81 82 83 84 85 86 87 88 89 90 91 92 93 94 95 96 97 98 99 100 101 102 103 104 105 106 107 108 109 110 111 }
* Dataflow Pipeline: 0

* FSM state transitions: 
1 --> 2 
2 --> 3 
3 --> 4 
4 --> 5 
5 --> 6 
6 --> 7 
7 --> 8 
8 --> 9 
9 --> 10 
10 --> 11 
11 --> 12 
12 --> 13 
13 --> 14 
14 --> 15 
15 --> 16 
16 --> 17 
17 --> 18 
18 --> 19 
19 --> 20 
20 --> 21 
21 --> 22 
22 --> 23 
23 --> 24 
24 --> 25 
25 --> 26 
26 --> 27 
27 --> 28 
28 --> 29 
29 --> 30 
30 --> 31 
31 --> 32 
32 --> 33 
33 --> 34 
34 --> 35 
35 --> 36 
36 --> 37 
37 --> 38 
38 --> 39 
39 --> 40 
40 --> 41 
41 --> 42 
42 --> 43 
43 --> 44 
44 --> 45 
45 --> 46 
46 --> 47 
47 --> 48 
48 --> 49 
49 --> 50 
50 --> 51 
51 --> 52 
52 --> 53 
53 --> 54 
54 --> 55 
55 --> 56 
56 --> 57 
57 --> 58 
58 --> 59 
59 --> 60 
60 --> 61 
61 --> 62 
62 --> 63 
63 --> 64 
64 --> 65 
65 --> 66 
66 --> 67 
67 --> 68 
68 --> 69 
69 --> 70 
70 --> 71 
71 --> 72 
72 --> 73 
73 --> 74 
74 --> 75 
75 --> 76 
76 --> 77 
77 --> 78 
78 --> 79 
79 --> 80 
80 --> 81 
81 --> 82 
82 --> 83 
83 --> 84 
84 --> 85 
85 --> 86 
86 --> 87 
87 --> 88 
88 --> 89 
89 --> 90 
90 --> 91 
91 --> 92 
92 --> 93 
93 --> 94 
94 --> 95 
95 --> 96 
96 --> 97 
97 --> 98 
98 --> 99 
99 --> 100 
100 --> 101 
101 --> 102 
102 --> 103 
103 --> 104 
104 --> 105 
105 --> 106 
106 --> 107 
107 --> 108 
108 --> 109 
109 --> 110 
110 --> 111 
111 --> 

* FSM state operations: 

State 1 <SV = 0> <Delay = 2.86>
ST_1 : Operation 114 [1/1] (0.00ns)   --->   "%new_col = alloca i32 1" [flood_HLS_base.cpp:72]   --->   Operation 114 'alloca' 'new_col' <Predicate = true> <Delay = 0.00>
ST_1 : Operation 115 [1/1] (0.00ns)   --->   "%new_row_2 = alloca i32 1" [flood_HLS_base.cpp:72]   --->   Operation 115 'alloca' 'new_row_2' <Predicate = true> <Delay = 0.00>
ST_1 : Operation 116 [1/1] (0.00ns)   --->   "%indvar_flatten9 = alloca i32 1"   --->   Operation 116 'alloca' 'indvar_flatten9' <Predicate = true> <Delay = 0.00>
ST_1 : Operation 117 [1/1] (0.00ns)   --->   "%empty_71 = alloca i32 1"   --->   Operation 117 'alloca' 'empty_71' <Predicate = true> <Delay = 0.00>
ST_1 : Operation 118 [1/1] (0.00ns)   --->   "%specinterface_ln0 = specinterface void @_ssdm_op_SpecInterface, i32 %p_ground, void @empty_4, i32 0, i32 0, void @empty_3, i32 4294967295, i32 0, void @empty_3, void @empty_3, void @empty_3, i32 0, i32 0, i32 0, i32 0, void @empty_3, void @empty_3, i32 4294967295, i32 0, i32 0"   --->   Operation 118 'specinterface' 'specinterface_ln0' <Predicate = true> <Delay = 0.00>
ST_1 : Operation 119 [1/1] (0.00ns)   --->   "%tmp = read i416 @_ssdm_op_Read.ap_auto.i416, i416 %empty"   --->   Operation 119 'read' 'tmp' <Predicate = true> <Delay = 0.00>
ST_1 : Operation 120 [1/1] (0.41ns)   --->   "%store_ln0 = store i416 %tmp, i416 %empty_71"   --->   Operation 120 'store' 'store_ln0' <Predicate = true> <Delay = 0.41>
ST_1 : Operation 121 [1/1] (0.38ns)   --->   "%store_ln0 = store i13 0, i13 %indvar_flatten9"   --->   Operation 121 'store' 'store_ln0' <Predicate = true> <Delay = 0.38>
ST_1 : Operation 122 [1/1] (0.38ns)   --->   "%store_ln72 = store i7 0, i7 %new_row_2" [flood_HLS_base.cpp:72]   --->   Operation 122 'store' 'store_ln72' <Predicate = true> <Delay = 0.38>
ST_1 : Operation 123 [1/1] (0.38ns)   --->   "%store_ln72 = store i7 0, i7 %new_col" [flood_HLS_base.cpp:72]   --->   Operation 123 'store' 'store_ln72' <Predicate = true> <Delay = 0.38>
ST_1 : Operation 124 [1/1] (0.00ns)   --->   "%br_ln0 = br void %for.body250"   --->   Operation 124 'br' 'br_ln0' <Predicate = true> <Delay = 0.00>
ST_1 : Operation 125 [1/1] (0.00ns)   --->   "%indvar_flatten9_load = load i13 %indvar_flatten9" [flood_HLS_base.cpp:109]   --->   Operation 125 'load' 'indvar_flatten9_load' <Predicate = true> <Delay = 0.00>
ST_1 : Operation 126 [1/1] (0.75ns)   --->   "%icmp_ln109 = icmp_eq  i13 %indvar_flatten9_load, i13 8100" [flood_HLS_base.cpp:109]   --->   Operation 126 'icmp' 'icmp_ln109' <Predicate = true> <Delay = 0.75> <CoreInst = "Cmp">   --->   Core 9 'Cmp' <Latency = 0> <II = 1> <Delay = 0.75> <FuncUnit> <Opcode : 'seteq' 'setne' 'setle' 'setge' 'setlt' 'setgt'> <InPorts = 2> <OutPorts = 1>
ST_1 : Operation 127 [1/1] (0.75ns)   --->   "%add_ln109_1 = add i13 %indvar_flatten9_load, i13 1" [flood_HLS_base.cpp:109]   --->   Operation 127 'add' 'add_ln109_1' <Predicate = true> <Delay = 0.75> <CoreInst = "Adder">   --->   Core 1 'Adder' <Latency = 0> <II = 1> <Delay = 0.75> <FuncUnit> <Opcode : 'add' 'sub'> <InPorts = 2> <OutPorts = 1>
ST_1 : Operation 128 [1/1] (0.00ns)   --->   "%br_ln109 = br i1 %icmp_ln109, void %for.inc419, void %for.body427.preheader.exitStub" [flood_HLS_base.cpp:109]   --->   Operation 128 'br' 'br_ln109' <Predicate = true> <Delay = 0.00>
ST_1 : Operation 129 [1/1] (0.00ns)   --->   "%new_col_load = load i7 %new_col" [flood_HLS_base.cpp:110]   --->   Operation 129 'load' 'new_col_load' <Predicate = (!icmp_ln109)> <Delay = 0.00>
ST_1 : Operation 130 [1/1] (0.00ns)   --->   "%new_row_2_load = load i7 %new_row_2" [flood_HLS_base.cpp:109]   --->   Operation 130 'load' 'new_row_2_load' <Predicate = (!icmp_ln109)> <Delay = 0.00>
ST_1 : Operation 131 [1/1] (0.70ns)   --->   "%add_ln109 = add i7 %new_row_2_load, i7 1" [flood_HLS_base.cpp:109]   --->   Operation 131 'add' 'add_ln109' <Predicate = (!icmp_ln109)> <Delay = 0.70> <CoreInst = "Adder">   --->   Core 1 'Adder' <Latency = 0> <II = 1> <Delay = 0.70> <FuncUnit> <Opcode : 'add' 'sub'> <InPorts = 2> <OutPorts = 1>
ST_1 : Operation 132 [1/1] (0.70ns)   --->   "%icmp_ln110 = icmp_eq  i7 %new_col_load, i7 90" [flood_HLS_base.cpp:110]   --->   Operation 132 'icmp' 'icmp_ln110' <Predicate = (!icmp_ln109)> <Delay = 0.70> <CoreInst = "Cmp">   --->   Core 9 'Cmp' <Latency = 0> <II = 1> <Delay = 0.70> <FuncUnit> <Opcode : 'seteq' 'setne' 'setle' 'setge' 'setlt' 'setgt'> <InPorts = 2> <OutPorts = 1>
ST_1 : Operation 133 [1/1] (0.30ns)   --->   "%select_ln52 = select i1 %icmp_ln110, i7 0, i7 %new_col_load" [flood_HLS_base.cpp:52]   --->   Operation 133 'select' 'select_ln52' <Predicate = (!icmp_ln109)> <Delay = 0.30> <CoreInst = "Sel">   --->   Core 73 'Sel' <Latency = 0> <II = 1> <Delay = 0.30> <FuncUnit> <Opcode : 'select'> <InPorts = 3> <OutPorts = 1>
ST_1 : Operation 134 [1/1] (0.30ns)   --->   "%select_ln109 = select i1 %icmp_ln110, i7 %add_ln109, i7 %new_row_2_load" [flood_HLS_base.cpp:109]   --->   Operation 134 'select' 'select_ln109' <Predicate = (!icmp_ln109)> <Delay = 0.30> <CoreInst = "Sel">   --->   Core 73 'Sel' <Latency = 0> <II = 1> <Delay = 0.30> <FuncUnit> <Opcode : 'select'> <InPorts = 3> <OutPorts = 1>
ST_1 : Operation 135 [1/1] (0.00ns)   --->   "%p_shl2 = bitconcatenate i12 @_ssdm_op_BitConcatenate.i12.i7.i5, i7 %select_ln109, i5 0" [flood_HLS_base.cpp:111]   --->   Operation 135 'bitconcatenate' 'p_shl2' <Predicate = (!icmp_ln109)> <Delay = 0.00>
ST_1 : Operation 136 [1/1] (0.00ns)   --->   "%tmp_36 = bitconcatenate i8 @_ssdm_op_BitConcatenate.i8.i7.i1, i7 %select_ln109, i1 0" [flood_HLS_base.cpp:111]   --->   Operation 136 'bitconcatenate' 'tmp_36' <Predicate = (!icmp_ln109)> <Delay = 0.00>
ST_1 : Operation 137 [1/1] (0.00ns)   --->   "%zext_ln111_1 = zext i8 %tmp_36" [flood_HLS_base.cpp:111]   --->   Operation 137 'zext' 'zext_ln111_1' <Predicate = (!icmp_ln109)> <Delay = 0.00>
ST_1 : Operation 138 [1/1] (0.74ns)   --->   "%sub_ln111 = sub i12 %p_shl2, i12 %zext_ln111_1" [flood_HLS_base.cpp:111]   --->   Operation 138 'sub' 'sub_ln111' <Predicate = (!icmp_ln109)> <Delay = 0.74> <CoreInst = "Adder">   --->   Core 1 'Adder' <Latency = 0> <II = 1> <Delay = 0.74> <FuncUnit> <Opcode : 'add' 'sub'> <InPorts = 2> <OutPorts = 1>
ST_1 : Operation 139 [1/1] (0.00ns)   --->   "%zext_ln52 = zext i7 %select_ln52" [flood_HLS_base.cpp:52]   --->   Operation 139 'zext' 'zext_ln52' <Predicate = (!icmp_ln109)> <Delay = 0.00>
ST_1 : Operation 140 [1/1] (1.46ns)   --->   "%mul_ln52 = mul i15 %zext_ln52, i15 171" [flood_HLS_base.cpp:52]   --->   Operation 140 'mul' 'mul_ln52' <Predicate = (!icmp_ln109)> <Delay = 1.46> <CoreInst = "Multiplier">   --->   Core 3 'Multiplier' <Latency = 0> <II = 1> <Delay = 1.46> <FuncUnit> <Opcode : 'mul'> <InPorts = 2> <OutPorts = 1>
ST_1 : Operation 141 [1/1] (0.00ns)   --->   "%tmp_52 = partselect i6 @_ssdm_op_PartSelect.i6.i15.i32.i32, i15 %mul_ln52, i32 9, i32 14" [flood_HLS_base.cpp:52]   --->   Operation 141 'partselect' 'tmp_52' <Predicate = (!icmp_ln109)> <Delay = 0.00>
ST_1 : Operation 142 [11/11] (1.21ns)   --->   "%urem_ln52 = urem i7 %select_ln52, i7 3" [flood_HLS_base.cpp:52]   --->   Operation 142 'urem' 'urem_ln52' <Predicate = (!icmp_ln109)> <Delay = 1.21> <CoreInst = "Divider">   --->   Core 6 'Divider' <Latency = 10> <II = 1> <Delay = 1.21> <FuncUnit> <Opcode : 'udiv' 'sdiv' 'urem' 'srem'> <InPorts = 2> <OutPorts = 1>
ST_1 : Operation 143 [1/1] (0.70ns)   --->   "%add_ln110 = add i7 %select_ln52, i7 1" [flood_HLS_base.cpp:110]   --->   Operation 143 'add' 'add_ln110' <Predicate = (!icmp_ln109)> <Delay = 0.70> <CoreInst = "Adder">   --->   Core 1 'Adder' <Latency = 0> <II = 1> <Delay = 0.70> <FuncUnit> <Opcode : 'add' 'sub'> <InPorts = 2> <OutPorts = 1>
ST_1 : Operation 144 [1/1] (0.38ns)   --->   "%store_ln109 = store i13 %add_ln109_1, i13 %indvar_flatten9" [flood_HLS_base.cpp:109]   --->   Operation 144 'store' 'store_ln109' <Predicate = (!icmp_ln109)> <Delay = 0.38>
ST_1 : Operation 145 [1/1] (0.38ns)   --->   "%store_ln72 = store i7 %select_ln109, i7 %new_row_2" [flood_HLS_base.cpp:72]   --->   Operation 145 'store' 'store_ln72' <Predicate = (!icmp_ln109)> <Delay = 0.38>
ST_1 : Operation 146 [1/1] (0.38ns)   --->   "%store_ln72 = store i7 %add_ln110, i7 %new_col" [flood_HLS_base.cpp:72]   --->   Operation 146 'store' 'store_ln72' <Predicate = (!icmp_ln109)> <Delay = 0.38>
ST_1 : Operation 147 [1/1] (0.00ns)   --->   "%br_ln110 = br void %for.body250" [flood_HLS_base.cpp:110]   --->   Operation 147 'br' 'br_ln110' <Predicate = (!icmp_ln109)> <Delay = 0.00>

State 2 <SV = 1> <Delay = 2.39>
ST_2 : Operation 148 [1/1] (0.00ns)   --->   "%zext_ln111_2 = zext i6 %tmp_52" [flood_HLS_base.cpp:111]   --->   Operation 148 'zext' 'zext_ln111_2' <Predicate = (!icmp_ln109)> <Delay = 0.00>
ST_2 : Operation 149 [1/1] (0.74ns)   --->   "%add_ln111 = add i12 %sub_ln111, i12 %zext_ln111_2" [flood_HLS_base.cpp:111]   --->   Operation 149 'add' 'add_ln111' <Predicate = (!icmp_ln109)> <Delay = 0.74> <CoreInst = "Adder">   --->   Core 1 'Adder' <Latency = 0> <II = 1> <Delay = 0.74> <FuncUnit> <Opcode : 'add' 'sub'> <InPorts = 2> <OutPorts = 1>
ST_2 : Operation 150 [1/1] (0.00ns)   --->   "%zext_ln111_3 = zext i12 %add_ln111" [flood_HLS_base.cpp:111]   --->   Operation 150 'zext' 'zext_ln111_3' <Predicate = (!icmp_ln109)> <Delay = 0.00>
ST_2 : Operation 151 [1/1] (0.00ns)   --->   "%water_level_addr = getelementptr i32 %water_level, i64 0, i64 %zext_ln111_3" [flood_HLS_base.cpp:111]   --->   Operation 151 'getelementptr' 'water_level_addr' <Predicate = (!icmp_ln109)> <Delay = 0.00>
ST_2 : Operation 152 [1/1] (0.00ns)   --->   "%water_level_1_addr = getelementptr i32 %water_level_1, i64 0, i64 %zext_ln111_3" [flood_HLS_base.cpp:111]   --->   Operation 152 'getelementptr' 'water_level_1_addr' <Predicate = (!icmp_ln109)> <Delay = 0.00>
ST_2 : Operation 153 [1/1] (0.00ns)   --->   "%water_level_2_addr = getelementptr i32 %water_level_2, i64 0, i64 %zext_ln111_3" [flood_HLS_base.cpp:111]   --->   Operation 153 'getelementptr' 'water_level_2_addr' <Predicate = (!icmp_ln109)> <Delay = 0.00>
ST_2 : Operation 154 [10/11] (1.21ns)   --->   "%urem_ln52 = urem i7 %select_ln52, i7 3" [flood_HLS_base.cpp:52]   --->   Operation 154 'urem' 'urem_ln52' <Predicate = (!icmp_ln109)> <Delay = 1.21> <CoreInst = "Divider">   --->   Core 6 'Divider' <Latency = 10> <II = 1> <Delay = 1.21> <FuncUnit> <Opcode : 'udiv' 'sdiv' 'urem' 'srem'> <InPorts = 2> <OutPorts = 1>
ST_2 : Operation 155 [2/2] (1.64ns)   --->   "%water_level_load = load i12 %water_level_addr" [flood_HLS_base.cpp:111]   --->   Operation 155 'load' 'water_level_load' <Predicate = (!icmp_ln109)> <Delay = 1.64> <CoreInst = "RAM_1WnR">   --->   Core 83 'RAM_1WnR' <Latency = 1> <II = 1> <Delay = 1.64> <Storage> <Opcode : 'load' 'store'> <Ports = 17> <Width = 32> <Depth = 2700> <RAM>
ST_2 : Operation 156 [2/2] (1.64ns)   --->   "%water_level_1_load = load i12 %water_level_1_addr" [flood_HLS_base.cpp:111]   --->   Operation 156 'load' 'water_level_1_load' <Predicate = (!icmp_ln109)> <Delay = 1.64> <CoreInst = "RAM_1WnR">   --->   Core 83 'RAM_1WnR' <Latency = 1> <II = 1> <Delay = 1.64> <Storage> <Opcode : 'load' 'store'> <Ports = 17> <Width = 32> <Depth = 2700> <RAM>
ST_2 : Operation 157 [2/2] (1.64ns)   --->   "%water_level_2_load = load i12 %water_level_2_addr" [flood_HLS_base.cpp:111]   --->   Operation 157 'load' 'water_level_2_load' <Predicate = (!icmp_ln109)> <Delay = 1.64> <CoreInst = "RAM_1WnR">   --->   Core 83 'RAM_1WnR' <Latency = 1> <II = 1> <Delay = 1.64> <Storage> <Opcode : 'load' 'store'> <Ports = 17> <Width = 32> <Depth = 2700> <RAM>

State 3 <SV = 2> <Delay = 1.64>
ST_3 : Operation 158 [9/11] (1.21ns)   --->   "%urem_ln52 = urem i7 %select_ln52, i7 3" [flood_HLS_base.cpp:52]   --->   Operation 158 'urem' 'urem_ln52' <Predicate = (!icmp_ln109)> <Delay = 1.21> <CoreInst = "Divider">   --->   Core 6 'Divider' <Latency = 10> <II = 1> <Delay = 1.21> <FuncUnit> <Opcode : 'udiv' 'sdiv' 'urem' 'srem'> <InPorts = 2> <OutPorts = 1>
ST_3 : Operation 159 [1/2] (1.64ns)   --->   "%water_level_load = load i12 %water_level_addr" [flood_HLS_base.cpp:111]   --->   Operation 159 'load' 'water_level_load' <Predicate = (!icmp_ln109)> <Delay = 1.64> <CoreInst = "RAM_1WnR">   --->   Core 83 'RAM_1WnR' <Latency = 1> <II = 1> <Delay = 1.64> <Storage> <Opcode : 'load' 'store'> <Ports = 17> <Width = 32> <Depth = 2700> <RAM>
ST_3 : Operation 160 [1/2] (1.64ns)   --->   "%water_level_1_load = load i12 %water_level_1_addr" [flood_HLS_base.cpp:111]   --->   Operation 160 'load' 'water_level_1_load' <Predicate = (!icmp_ln109)> <Delay = 1.64> <CoreInst = "RAM_1WnR">   --->   Core 83 'RAM_1WnR' <Latency = 1> <II = 1> <Delay = 1.64> <Storage> <Opcode : 'load' 'store'> <Ports = 17> <Width = 32> <Depth = 2700> <RAM>
ST_3 : Operation 161 [1/2] (1.64ns)   --->   "%water_level_2_load = load i12 %water_level_2_addr" [flood_HLS_base.cpp:111]   --->   Operation 161 'load' 'water_level_2_load' <Predicate = (!icmp_ln109)> <Delay = 1.64> <CoreInst = "RAM_1WnR">   --->   Core 83 'RAM_1WnR' <Latency = 1> <II = 1> <Delay = 1.64> <Storage> <Opcode : 'load' 'store'> <Ports = 17> <Width = 32> <Depth = 2700> <RAM>

State 4 <SV = 3> <Delay = 1.21>
ST_4 : Operation 162 [8/11] (1.21ns)   --->   "%urem_ln52 = urem i7 %select_ln52, i7 3" [flood_HLS_base.cpp:52]   --->   Operation 162 'urem' 'urem_ln52' <Predicate = (!icmp_ln109)> <Delay = 1.21> <CoreInst = "Divider">   --->   Core 6 'Divider' <Latency = 10> <II = 1> <Delay = 1.21> <FuncUnit> <Opcode : 'udiv' 'sdiv' 'urem' 'srem'> <InPorts = 2> <OutPorts = 1>

State 5 <SV = 4> <Delay = 1.21>
ST_5 : Operation 163 [7/11] (1.21ns)   --->   "%urem_ln52 = urem i7 %select_ln52, i7 3" [flood_HLS_base.cpp:52]   --->   Operation 163 'urem' 'urem_ln52' <Predicate = (!icmp_ln109)> <Delay = 1.21> <CoreInst = "Divider">   --->   Core 6 'Divider' <Latency = 10> <II = 1> <Delay = 1.21> <FuncUnit> <Opcode : 'udiv' 'sdiv' 'urem' 'srem'> <InPorts = 2> <OutPorts = 1>

State 6 <SV = 5> <Delay = 1.21>
ST_6 : Operation 164 [6/11] (1.21ns)   --->   "%urem_ln52 = urem i7 %select_ln52, i7 3" [flood_HLS_base.cpp:52]   --->   Operation 164 'urem' 'urem_ln52' <Predicate = (!icmp_ln109)> <Delay = 1.21> <CoreInst = "Divider">   --->   Core 6 'Divider' <Latency = 10> <II = 1> <Delay = 1.21> <FuncUnit> <Opcode : 'udiv' 'sdiv' 'urem' 'srem'> <InPorts = 2> <OutPorts = 1>

State 7 <SV = 6> <Delay = 1.21>
ST_7 : Operation 165 [5/11] (1.21ns)   --->   "%urem_ln52 = urem i7 %select_ln52, i7 3" [flood_HLS_base.cpp:52]   --->   Operation 165 'urem' 'urem_ln52' <Predicate = (!icmp_ln109)> <Delay = 1.21> <CoreInst = "Divider">   --->   Core 6 'Divider' <Latency = 10> <II = 1> <Delay = 1.21> <FuncUnit> <Opcode : 'udiv' 'sdiv' 'urem' 'srem'> <InPorts = 2> <OutPorts = 1>

State 8 <SV = 7> <Delay = 1.21>
ST_8 : Operation 166 [4/11] (1.21ns)   --->   "%urem_ln52 = urem i7 %select_ln52, i7 3" [flood_HLS_base.cpp:52]   --->   Operation 166 'urem' 'urem_ln52' <Predicate = (!icmp_ln109)> <Delay = 1.21> <CoreInst = "Divider">   --->   Core 6 'Divider' <Latency = 10> <II = 1> <Delay = 1.21> <FuncUnit> <Opcode : 'udiv' 'sdiv' 'urem' 'srem'> <InPorts = 2> <OutPorts = 1>

State 9 <SV = 8> <Delay = 1.21>
ST_9 : Operation 167 [3/11] (1.21ns)   --->   "%urem_ln52 = urem i7 %select_ln52, i7 3" [flood_HLS_base.cpp:52]   --->   Operation 167 'urem' 'urem_ln52' <Predicate = (!icmp_ln109)> <Delay = 1.21> <CoreInst = "Divider">   --->   Core 6 'Divider' <Latency = 10> <II = 1> <Delay = 1.21> <FuncUnit> <Opcode : 'udiv' 'sdiv' 'urem' 'srem'> <InPorts = 2> <OutPorts = 1>

State 10 <SV = 9> <Delay = 1.45>
ST_10 : Operation 168 [1/1] (0.00ns)   --->   "%row_pos_4_cast = zext i7 %select_ln109" [flood_HLS_base.cpp:109]   --->   Operation 168 'zext' 'row_pos_4_cast' <Predicate = (!icmp_ln109)> <Delay = 0.00>
ST_10 : Operation 169 [1/1] (0.70ns)   --->   "%new_row = add i8 %row_pos_4_cast, i8 255" [flood_HLS_base.cpp:109]   --->   Operation 169 'add' 'new_row' <Predicate = (!icmp_ln109)> <Delay = 0.70> <CoreInst = "Adder">   --->   Core 1 'Adder' <Latency = 0> <II = 1> <Delay = 0.70> <FuncUnit> <Opcode : 'add' 'sub'> <InPorts = 2> <OutPorts = 1>
ST_10 : Operation 170 [1/1] (0.00ns)   --->   "%trunc_ln134 = trunc i8 %new_row" [flood_HLS_base.cpp:134]   --->   Operation 170 'trunc' 'trunc_ln134' <Predicate = (!icmp_ln109)> <Delay = 0.00>
ST_10 : Operation 171 [1/1] (0.00ns)   --->   "%tmp_37 = bitconcatenate i9 @_ssdm_op_BitConcatenate.i9.i8.i1, i8 %new_row, i1 0" [flood_HLS_base.cpp:134]   --->   Operation 171 'bitconcatenate' 'tmp_37' <Predicate = (!icmp_ln109)> <Delay = 0.00>
ST_10 : Operation 172 [1/1] (0.00ns)   --->   "%tmp_49 = bitconcatenate i12 @_ssdm_op_BitConcatenate.i12.i7.i5, i7 %trunc_ln134, i5 0" [flood_HLS_base.cpp:134]   --->   Operation 172 'bitconcatenate' 'tmp_49' <Predicate = (!icmp_ln109)> <Delay = 0.00>
ST_10 : Operation 173 [1/1] (0.00ns)   --->   "%zext_ln134_2 = zext i9 %tmp_37" [flood_HLS_base.cpp:134]   --->   Operation 173 'zext' 'zext_ln134_2' <Predicate = (!icmp_ln109)> <Delay = 0.00>
ST_10 : Operation 174 [1/1] (0.74ns)   --->   "%sub_ln134 = sub i12 %tmp_49, i12 %zext_ln134_2" [flood_HLS_base.cpp:134]   --->   Operation 174 'sub' 'sub_ln134' <Predicate = (!icmp_ln109)> <Delay = 0.74> <CoreInst = "Adder">   --->   Core 1 'Adder' <Latency = 0> <II = 1> <Delay = 0.74> <FuncUnit> <Opcode : 'add' 'sub'> <InPorts = 2> <OutPorts = 1>
ST_10 : Operation 175 [2/11] (1.21ns)   --->   "%urem_ln52 = urem i7 %select_ln52, i7 3" [flood_HLS_base.cpp:52]   --->   Operation 175 'urem' 'urem_ln52' <Predicate = (!icmp_ln109)> <Delay = 1.21> <CoreInst = "Divider">   --->   Core 6 'Divider' <Latency = 10> <II = 1> <Delay = 1.21> <FuncUnit> <Opcode : 'udiv' 'sdiv' 'urem' 'srem'> <InPorts = 2> <OutPorts = 1>

State 11 <SV = 10> <Delay = 2.48>
ST_11 : Operation 176 [1/1] (0.70ns)   --->   "%new_row_1 = add i7 %select_ln109, i7 1" [flood_HLS_base.cpp:109]   --->   Operation 176 'add' 'new_row_1' <Predicate = (!icmp_ln109)> <Delay = 0.70> <CoreInst = "Adder">   --->   Core 1 'Adder' <Latency = 0> <II = 1> <Delay = 0.70> <FuncUnit> <Opcode : 'add' 'sub'> <InPorts = 2> <OutPorts = 1>
ST_11 : Operation 177 [1/1] (0.00ns)   --->   "%p_shl = bitconcatenate i12 @_ssdm_op_BitConcatenate.i12.i7.i5, i7 %new_row_1, i5 0" [flood_HLS_base.cpp:134]   --->   Operation 177 'bitconcatenate' 'p_shl' <Predicate = (!icmp_ln109)> <Delay = 0.00>
ST_11 : Operation 178 [1/1] (0.00ns)   --->   "%tmp_51 = bitconcatenate i8 @_ssdm_op_BitConcatenate.i8.i7.i1, i7 %new_row_1, i1 0" [flood_HLS_base.cpp:134]   --->   Operation 178 'bitconcatenate' 'tmp_51' <Predicate = (!icmp_ln109)> <Delay = 0.00>
ST_11 : Operation 179 [1/1] (0.00ns)   --->   "%zext_ln134_4 = zext i8 %tmp_51" [flood_HLS_base.cpp:134]   --->   Operation 179 'zext' 'zext_ln134_4' <Predicate = (!icmp_ln109)> <Delay = 0.00>
ST_11 : Operation 180 [1/1] (0.74ns)   --->   "%sub_ln134_1 = sub i12 %p_shl, i12 %zext_ln134_4" [flood_HLS_base.cpp:134]   --->   Operation 180 'sub' 'sub_ln134_1' <Predicate = (!icmp_ln109)> <Delay = 0.74> <CoreInst = "Adder">   --->   Core 1 'Adder' <Latency = 0> <II = 1> <Delay = 0.74> <FuncUnit> <Opcode : 'add' 'sub'> <InPorts = 2> <OutPorts = 1>
ST_11 : Operation 181 [1/11] (1.21ns)   --->   "%urem_ln52 = urem i7 %select_ln52, i7 3" [flood_HLS_base.cpp:52]   --->   Operation 181 'urem' 'urem_ln52' <Predicate = (!icmp_ln109)> <Delay = 1.21> <CoreInst = "Divider">   --->   Core 6 'Divider' <Latency = 10> <II = 1> <Delay = 1.21> <FuncUnit> <Opcode : 'udiv' 'sdiv' 'urem' 'srem'> <InPorts = 2> <OutPorts = 1>
ST_11 : Operation 182 [1/1] (0.00ns)   --->   "%trunc_ln52 = trunc i2 %urem_ln52" [flood_HLS_base.cpp:52]   --->   Operation 182 'trunc' 'trunc_ln52' <Predicate = (!icmp_ln109)> <Delay = 0.00>
ST_11 : Operation 183 [1/1] (0.38ns)   --->   "%tmp_s = sparsemux i32 @_ssdm_op_SparseMux.ap_auto.3i32.i32.i2, i2 0, i32 %water_level_load, i2 1, i32 %water_level_1_load, i2 2, i32 %water_level_2_load, i32 0, i2 %trunc_ln52" [flood_HLS_base.cpp:111]   --->   Operation 183 'sparsemux' 'tmp_s' <Predicate = (!icmp_ln109)> <Delay = 0.38> <CoreInst = "SparseMux">   --->   Core 144 'SparseMux' <Latency = 0> <II = 1> <Delay = 0.38> <FuncUnit> <Opcode : 'sparsemux'> <InPorts = 2> <OutPorts = 1>
ST_11 : Operation 184 [1/1] (0.88ns)   --->   "%icmp_ln111 = icmp_sgt  i32 %tmp_s, i32 0" [flood_HLS_base.cpp:111]   --->   Operation 184 'icmp' 'icmp_ln111' <Predicate = (!icmp_ln109)> <Delay = 0.88> <CoreInst = "Cmp">   --->   Core 9 'Cmp' <Latency = 0> <II = 1> <Delay = 0.88> <FuncUnit> <Opcode : 'seteq' 'setne' 'setle' 'setge' 'setlt' 'setgt'> <InPorts = 2> <OutPorts = 1>
ST_11 : Operation 185 [1/1] (0.00ns)   --->   "%br_ln111 = br i1 %icmp_ln111, void %for.inc416, void %VITIS_LOOP_121_11_ifconv" [flood_HLS_base.cpp:111]   --->   Operation 185 'br' 'br_ln111' <Predicate = (!icmp_ln109)> <Delay = 0.00>
ST_11 : Operation 186 [1/1] (0.00ns)   --->   "%zext_ln122 = zext i7 %select_ln52" [flood_HLS_base.cpp:122]   --->   Operation 186 'zext' 'zext_ln122' <Predicate = (!icmp_ln109 & icmp_ln111)> <Delay = 0.00>
ST_11 : Operation 187 [1/1] (0.74ns)   --->   "%add_ln134 = add i12 %sub_ln134, i12 %zext_ln111_2" [flood_HLS_base.cpp:134]   --->   Operation 187 'add' 'add_ln134' <Predicate = (!icmp_ln109 & icmp_ln111)> <Delay = 0.74> <CoreInst = "Adder">   --->   Core 1 'Adder' <Latency = 0> <II = 1> <Delay = 0.74> <FuncUnit> <Opcode : 'add' 'sub'> <InPorts = 2> <OutPorts = 1>
ST_11 : Operation 188 [1/1] (0.00ns)   --->   "%zext_ln134_5 = zext i12 %add_ln134" [flood_HLS_base.cpp:134]   --->   Operation 188 'zext' 'zext_ln134_5' <Predicate = (!icmp_ln109 & icmp_ln111)> <Delay = 0.00>
ST_11 : Operation 189 [1/1] (0.00ns)   --->   "%water_level_addr_1 = getelementptr i32 %water_level, i64 0, i64 %zext_ln134_5" [flood_HLS_base.cpp:134]   --->   Operation 189 'getelementptr' 'water_level_addr_1' <Predicate = (!icmp_ln109 & icmp_ln111)> <Delay = 0.00>
ST_11 : Operation 190 [1/1] (0.74ns)   --->   "%add_ln134_1 = add i12 %sub_ln134_1, i12 %zext_ln111_2" [flood_HLS_base.cpp:134]   --->   Operation 190 'add' 'add_ln134_1' <Predicate = (!icmp_ln109 & icmp_ln111)> <Delay = 0.74> <CoreInst = "Adder">   --->   Core 1 'Adder' <Latency = 0> <II = 1> <Delay = 0.74> <FuncUnit> <Opcode : 'add' 'sub'> <InPorts = 2> <OutPorts = 1>
ST_11 : Operation 191 [1/1] (0.00ns)   --->   "%water_level_1_addr_1 = getelementptr i32 %water_level_1, i64 0, i64 %zext_ln134_5" [flood_HLS_base.cpp:134]   --->   Operation 191 'getelementptr' 'water_level_1_addr_1' <Predicate = (!icmp_ln109 & icmp_ln111)> <Delay = 0.00>
ST_11 : Operation 192 [1/1] (0.00ns)   --->   "%water_level_2_addr_1 = getelementptr i32 %water_level_2, i64 0, i64 %zext_ln134_5" [flood_HLS_base.cpp:134]   --->   Operation 192 'getelementptr' 'water_level_2_addr_1' <Predicate = (!icmp_ln109 & icmp_ln111)> <Delay = 0.00>
ST_11 : Operation 193 [2/2] (1.64ns)   --->   "%water_level_load_1 = load i12 %water_level_addr_1" [flood_HLS_base.cpp:134]   --->   Operation 193 'load' 'water_level_load_1' <Predicate = (!icmp_ln109 & icmp_ln111)> <Delay = 1.64> <CoreInst = "RAM_1WnR">   --->   Core 83 'RAM_1WnR' <Latency = 1> <II = 1> <Delay = 1.64> <Storage> <Opcode : 'load' 'store'> <Ports = 17> <Width = 32> <Depth = 2700> <RAM>
ST_11 : Operation 194 [2/2] (1.64ns)   --->   "%water_level_1_load_1 = load i12 %water_level_1_addr_1" [flood_HLS_base.cpp:134]   --->   Operation 194 'load' 'water_level_1_load_1' <Predicate = (!icmp_ln109 & icmp_ln111)> <Delay = 1.64> <CoreInst = "RAM_1WnR">   --->   Core 83 'RAM_1WnR' <Latency = 1> <II = 1> <Delay = 1.64> <Storage> <Opcode : 'load' 'store'> <Ports = 17> <Width = 32> <Depth = 2700> <RAM>
ST_11 : Operation 195 [2/2] (1.64ns)   --->   "%water_level_2_load_1 = load i12 %water_level_2_addr_1" [flood_HLS_base.cpp:134]   --->   Operation 195 'load' 'water_level_2_load_1' <Predicate = (!icmp_ln109 & icmp_ln111)> <Delay = 1.64> <CoreInst = "RAM_1WnR">   --->   Core 83 'RAM_1WnR' <Latency = 1> <II = 1> <Delay = 1.64> <Storage> <Opcode : 'load' 'store'> <Ports = 17> <Width = 32> <Depth = 2700> <RAM>
ST_11 : Operation 196 [1/1] (0.70ns)   --->   "%new_col_1 = add i8 %zext_ln122, i8 255" [flood_HLS_base.cpp:123]   --->   Operation 196 'add' 'new_col_1' <Predicate = (!icmp_ln109 & icmp_ln111)> <Delay = 0.70> <CoreInst = "Adder">   --->   Core 1 'Adder' <Latency = 0> <II = 1> <Delay = 0.70> <FuncUnit> <Opcode : 'add' 'sub'> <InPorts = 2> <OutPorts = 1>

State 12 <SV = 11> <Delay = 2.66>
ST_12 : Operation 197 [4/4] (2.66ns)   --->   "%conv3 = sitofp i32 %tmp_s" [flood_HLS_base.cpp:117]   --->   Operation 197 'sitofp' 'conv3' <Predicate = (!icmp_ln109 & icmp_ln111)> <Delay = 2.66> <CoreInst = "Int2Float">   --->   Core 62 'Int2Float' <Latency = 3> <II = 1> <Delay = 2.66> <FuncUnit> <Opcode : 'uitofp' 'sitofp'> <InPorts = 1> <OutPorts = 1>
ST_12 : Operation 198 [1/1] (0.00ns)   --->   "%zext_ln134_6 = zext i12 %add_ln134_1" [flood_HLS_base.cpp:134]   --->   Operation 198 'zext' 'zext_ln134_6' <Predicate = (!icmp_ln109 & icmp_ln111)> <Delay = 0.00>
ST_12 : Operation 199 [1/1] (0.00ns)   --->   "%water_level_addr_2 = getelementptr i32 %water_level, i64 0, i64 %zext_ln134_6" [flood_HLS_base.cpp:134]   --->   Operation 199 'getelementptr' 'water_level_addr_2' <Predicate = (!icmp_ln109 & icmp_ln111 & trunc_ln52 == 0)> <Delay = 0.00>
ST_12 : Operation 200 [1/1] (0.00ns)   --->   "%water_level_1_addr_2 = getelementptr i32 %water_level_1, i64 0, i64 %zext_ln134_6" [flood_HLS_base.cpp:134]   --->   Operation 200 'getelementptr' 'water_level_1_addr_2' <Predicate = (!icmp_ln109 & icmp_ln111 & trunc_ln52 == 1)> <Delay = 0.00>
ST_12 : Operation 201 [1/1] (0.00ns)   --->   "%water_level_2_addr_2 = getelementptr i32 %water_level_2, i64 0, i64 %zext_ln134_6" [flood_HLS_base.cpp:134]   --->   Operation 201 'getelementptr' 'water_level_2_addr_2' <Predicate = (!icmp_ln109 & icmp_ln111 & trunc_ln52 == 2)> <Delay = 0.00>
ST_12 : Operation 202 [1/2] (1.64ns)   --->   "%water_level_load_1 = load i12 %water_level_addr_1" [flood_HLS_base.cpp:134]   --->   Operation 202 'load' 'water_level_load_1' <Predicate = (!icmp_ln109 & icmp_ln111)> <Delay = 1.64> <CoreInst = "RAM_1WnR">   --->   Core 83 'RAM_1WnR' <Latency = 1> <II = 1> <Delay = 1.64> <Storage> <Opcode : 'load' 'store'> <Ports = 17> <Width = 32> <Depth = 2700> <RAM>
ST_12 : Operation 203 [1/2] (1.64ns)   --->   "%water_level_1_load_1 = load i12 %water_level_1_addr_1" [flood_HLS_base.cpp:134]   --->   Operation 203 'load' 'water_level_1_load_1' <Predicate = (!icmp_ln109 & icmp_ln111)> <Delay = 1.64> <CoreInst = "RAM_1WnR">   --->   Core 83 'RAM_1WnR' <Latency = 1> <II = 1> <Delay = 1.64> <Storage> <Opcode : 'load' 'store'> <Ports = 17> <Width = 32> <Depth = 2700> <RAM>
ST_12 : Operation 204 [1/2] (1.64ns)   --->   "%water_level_2_load_1 = load i12 %water_level_2_addr_1" [flood_HLS_base.cpp:134]   --->   Operation 204 'load' 'water_level_2_load_1' <Predicate = (!icmp_ln109 & icmp_ln111)> <Delay = 1.64> <CoreInst = "RAM_1WnR">   --->   Core 83 'RAM_1WnR' <Latency = 1> <II = 1> <Delay = 1.64> <Storage> <Opcode : 'load' 'store'> <Ports = 17> <Width = 32> <Depth = 2700> <RAM>
ST_12 : Operation 205 [1/1] (0.38ns)   --->   "%tmp_4 = sparsemux i32 @_ssdm_op_SparseMux.ap_auto.3i32.i32.i2, i2 0, i32 %water_level_load_1, i2 1, i32 %water_level_1_load_1, i2 2, i32 %water_level_2_load_1, i32 0, i2 %trunc_ln52" [flood_HLS_base.cpp:134]   --->   Operation 205 'sparsemux' 'tmp_4' <Predicate = (!icmp_ln109 & icmp_ln111)> <Delay = 0.38> <CoreInst = "SparseMux">   --->   Core 144 'SparseMux' <Latency = 0> <II = 1> <Delay = 0.38> <FuncUnit> <Opcode : 'sparsemux'> <InPorts = 2> <OutPorts = 1>
ST_12 : Operation 206 [2/2] (1.64ns)   --->   "%water_level_load_2 = load i12 %water_level_addr_2" [flood_HLS_base.cpp:134]   --->   Operation 206 'load' 'water_level_load_2' <Predicate = (!icmp_ln109 & icmp_ln111 & trunc_ln52 == 0)> <Delay = 1.64> <CoreInst = "RAM_1WnR">   --->   Core 83 'RAM_1WnR' <Latency = 1> <II = 1> <Delay = 1.64> <Storage> <Opcode : 'load' 'store'> <Ports = 17> <Width = 32> <Depth = 2700> <RAM>
ST_12 : Operation 207 [2/2] (1.64ns)   --->   "%water_level_1_load_2 = load i12 %water_level_1_addr_2" [flood_HLS_base.cpp:134]   --->   Operation 207 'load' 'water_level_1_load_2' <Predicate = (!icmp_ln109 & icmp_ln111 & trunc_ln52 == 1)> <Delay = 1.64> <CoreInst = "RAM_1WnR">   --->   Core 83 'RAM_1WnR' <Latency = 1> <II = 1> <Delay = 1.64> <Storage> <Opcode : 'load' 'store'> <Ports = 17> <Width = 32> <Depth = 2700> <RAM>
ST_12 : Operation 208 [2/2] (1.64ns)   --->   "%water_level_2_load_2 = load i12 %water_level_2_addr_2" [flood_HLS_base.cpp:134]   --->   Operation 208 'load' 'water_level_2_load_2' <Predicate = (!icmp_ln109 & icmp_ln111 & trunc_ln52 == 2)> <Delay = 1.64> <CoreInst = "RAM_1WnR">   --->   Core 83 'RAM_1WnR' <Latency = 1> <II = 1> <Delay = 1.64> <Storage> <Opcode : 'load' 'store'> <Ports = 17> <Width = 32> <Depth = 2700> <RAM>
ST_12 : Operation 209 [1/1] (0.00ns)   --->   "%sext_ln72 = sext i8 %new_col_1" [flood_HLS_base.cpp:72]   --->   Operation 209 'sext' 'sext_ln72' <Predicate = (!icmp_ln109 & icmp_ln111)> <Delay = 0.00>
ST_12 : Operation 210 [1/1] (0.00ns)   --->   "%zext_ln72 = zext i32 %sext_ln72" [flood_HLS_base.cpp:72]   --->   Operation 210 'zext' 'zext_ln72' <Predicate = (!icmp_ln109 & icmp_ln111)> <Delay = 0.00>
ST_12 : Operation 211 [2/2] (2.27ns)   --->   "%mul_ln72 = mul i65 %zext_ln72, i65 5726623062" [flood_HLS_base.cpp:72]   --->   Operation 211 'mul' 'mul_ln72' <Predicate = (!icmp_ln109 & icmp_ln111)> <Delay = 2.27> <CoreInst = "Multiplier">   --->   Core 3 'Multiplier' <Latency = 1> <II = 1> <Delay = 2.27> <FuncUnit> <Opcode : 'mul'> <InPorts = 2> <OutPorts = 1>
ST_12 : Operation 212 [1/1] (0.70ns)   --->   "%new_col_2 = add i7 %select_ln52, i7 1" [flood_HLS_base.cpp:123]   --->   Operation 212 'add' 'new_col_2' <Predicate = (!icmp_ln109 & icmp_ln111)> <Delay = 0.70> <CoreInst = "Adder">   --->   Core 1 'Adder' <Latency = 0> <II = 1> <Delay = 0.70> <FuncUnit> <Opcode : 'add' 'sub'> <InPorts = 2> <OutPorts = 1>
ST_12 : Operation 213 [1/1] (0.00ns)   --->   "%zext_ln72_1 = zext i7 %new_col_2" [flood_HLS_base.cpp:72]   --->   Operation 213 'zext' 'zext_ln72_1' <Predicate = (!icmp_ln109 & icmp_ln111)> <Delay = 0.00>
ST_12 : Operation 214 [1/1] (1.46ns)   --->   "%mul_ln72_1 = mul i15 %zext_ln72_1, i15 171" [flood_HLS_base.cpp:72]   --->   Operation 214 'mul' 'mul_ln72_1' <Predicate = (!icmp_ln109 & icmp_ln111)> <Delay = 1.46> <CoreInst = "Multiplier">   --->   Core 3 'Multiplier' <Latency = 0> <II = 1> <Delay = 1.46> <FuncUnit> <Opcode : 'mul'> <InPorts = 2> <OutPorts = 1>
ST_12 : Operation 215 [1/1] (0.00ns)   --->   "%tmp_53 = partselect i6 @_ssdm_op_PartSelect.i6.i15.i32.i32, i15 %mul_ln72_1, i32 9, i32 14" [flood_HLS_base.cpp:72]   --->   Operation 215 'partselect' 'tmp_53' <Predicate = (!icmp_ln109 & icmp_ln111)> <Delay = 0.00>

State 13 <SV = 12> <Delay = 2.66>
ST_13 : Operation 216 [3/4] (2.66ns)   --->   "%conv3 = sitofp i32 %tmp_s" [flood_HLS_base.cpp:117]   --->   Operation 216 'sitofp' 'conv3' <Predicate = (!icmp_ln109 & icmp_ln111)> <Delay = 2.66> <CoreInst = "Int2Float">   --->   Core 62 'Int2Float' <Latency = 3> <II = 1> <Delay = 2.66> <FuncUnit> <Opcode : 'uitofp' 'sitofp'> <InPorts = 1> <OutPorts = 1>
ST_13 : Operation 217 [4/4] (2.66ns)   --->   "%conv4 = sitofp i32 %tmp_4" [flood_HLS_base.cpp:134]   --->   Operation 217 'sitofp' 'conv4' <Predicate = (!icmp_ln109 & icmp_ln111)> <Delay = 2.66> <CoreInst = "Int2Float">   --->   Core 62 'Int2Float' <Latency = 3> <II = 1> <Delay = 2.66> <FuncUnit> <Opcode : 'uitofp' 'sitofp'> <InPorts = 1> <OutPorts = 1>
ST_13 : Operation 218 [1/2] (1.64ns)   --->   "%water_level_load_2 = load i12 %water_level_addr_2" [flood_HLS_base.cpp:134]   --->   Operation 218 'load' 'water_level_load_2' <Predicate = (!icmp_ln109 & icmp_ln111 & trunc_ln52 == 0)> <Delay = 1.64> <CoreInst = "RAM_1WnR">   --->   Core 83 'RAM_1WnR' <Latency = 1> <II = 1> <Delay = 1.64> <Storage> <Opcode : 'load' 'store'> <Ports = 17> <Width = 32> <Depth = 2700> <RAM>
ST_13 : Operation 219 [1/2] (1.64ns)   --->   "%water_level_1_load_2 = load i12 %water_level_1_addr_2" [flood_HLS_base.cpp:134]   --->   Operation 219 'load' 'water_level_1_load_2' <Predicate = (!icmp_ln109 & icmp_ln111 & trunc_ln52 == 1)> <Delay = 1.64> <CoreInst = "RAM_1WnR">   --->   Core 83 'RAM_1WnR' <Latency = 1> <II = 1> <Delay = 1.64> <Storage> <Opcode : 'load' 'store'> <Ports = 17> <Width = 32> <Depth = 2700> <RAM>
ST_13 : Operation 220 [1/2] (1.64ns)   --->   "%water_level_2_load_2 = load i12 %water_level_2_addr_2" [flood_HLS_base.cpp:134]   --->   Operation 220 'load' 'water_level_2_load_2' <Predicate = (!icmp_ln109 & icmp_ln111 & trunc_ln52 == 2)> <Delay = 1.64> <CoreInst = "RAM_1WnR">   --->   Core 83 'RAM_1WnR' <Latency = 1> <II = 1> <Delay = 1.64> <Storage> <Opcode : 'load' 'store'> <Ports = 17> <Width = 32> <Depth = 2700> <RAM>
ST_13 : Operation 221 [1/1] (0.38ns)   --->   "%tmp_5 = sparsemux i32 @_ssdm_op_SparseMux.ap_auto.3i32.i32.i2, i2 0, i32 %water_level_load_2, i2 1, i32 %water_level_1_load_2, i2 2, i32 %water_level_2_load_2, i32 0, i2 %trunc_ln52" [flood_HLS_base.cpp:134]   --->   Operation 221 'sparsemux' 'tmp_5' <Predicate = (!icmp_ln109 & icmp_ln111)> <Delay = 0.38> <CoreInst = "SparseMux">   --->   Core 144 'SparseMux' <Latency = 0> <II = 1> <Delay = 0.38> <FuncUnit> <Opcode : 'sparsemux'> <InPorts = 2> <OutPorts = 1>
ST_13 : Operation 222 [1/2] (2.27ns)   --->   "%mul_ln72 = mul i65 %zext_ln72, i65 5726623062" [flood_HLS_base.cpp:72]   --->   Operation 222 'mul' 'mul_ln72' <Predicate = (!icmp_ln109 & icmp_ln111)> <Delay = 2.27> <CoreInst = "Multiplier">   --->   Core 3 'Multiplier' <Latency = 1> <II = 1> <Delay = 2.27> <FuncUnit> <Opcode : 'mul'> <InPorts = 2> <OutPorts = 1>
ST_13 : Operation 223 [1/1] (0.00ns)   --->   "%udiv_ln1_cast = partselect i12 @_ssdm_op_PartSelect.i12.i65.i32.i32, i65 %mul_ln72, i32 34, i32 45" [flood_HLS_base.cpp:134]   --->   Operation 223 'partselect' 'udiv_ln1_cast' <Predicate = (!icmp_ln109 & icmp_ln111)> <Delay = 0.00>
ST_13 : Operation 224 [1/1] (0.00ns)   --->   "%zext_ln134_10 = zext i6 %tmp_53" [flood_HLS_base.cpp:134]   --->   Operation 224 'zext' 'zext_ln134_10' <Predicate = (!icmp_ln109 & icmp_ln111)> <Delay = 0.00>
ST_13 : Operation 225 [1/1] (0.74ns)   --->   "%add_ln134_6 = add i12 %sub_ln111, i12 %zext_ln134_10" [flood_HLS_base.cpp:134]   --->   Operation 225 'add' 'add_ln134_6' <Predicate = (!icmp_ln109 & icmp_ln111)> <Delay = 0.74> <CoreInst = "Adder">   --->   Core 1 'Adder' <Latency = 0> <II = 1> <Delay = 0.74> <FuncUnit> <Opcode : 'add' 'sub'> <InPorts = 2> <OutPorts = 1>
ST_13 : Operation 226 [1/1] (0.00ns)   --->   "%zext_ln134_11 = zext i12 %add_ln134_6" [flood_HLS_base.cpp:134]   --->   Operation 226 'zext' 'zext_ln134_11' <Predicate = (!icmp_ln109 & icmp_ln111)> <Delay = 0.00>
ST_13 : Operation 227 [1/1] (0.00ns)   --->   "%water_level_addr_4 = getelementptr i32 %water_level, i64 0, i64 %zext_ln134_11" [flood_HLS_base.cpp:134]   --->   Operation 227 'getelementptr' 'water_level_addr_4' <Predicate = (!icmp_ln109 & icmp_ln111 & trunc_ln52 == 2)> <Delay = 0.00>
ST_13 : Operation 228 [1/1] (0.00ns)   --->   "%water_level_1_addr_4 = getelementptr i32 %water_level_1, i64 0, i64 %zext_ln134_11" [flood_HLS_base.cpp:134]   --->   Operation 228 'getelementptr' 'water_level_1_addr_4' <Predicate = (!icmp_ln109 & icmp_ln111 & trunc_ln52 == 0)> <Delay = 0.00>
ST_13 : Operation 229 [1/1] (0.00ns)   --->   "%water_level_2_addr_4 = getelementptr i32 %water_level_2, i64 0, i64 %zext_ln134_11" [flood_HLS_base.cpp:134]   --->   Operation 229 'getelementptr' 'water_level_2_addr_4' <Predicate = (!icmp_ln109 & icmp_ln111 & trunc_ln52 == 1)> <Delay = 0.00>
ST_13 : Operation 230 [2/2] (1.64ns)   --->   "%water_level_load_4 = load i12 %water_level_addr_4" [flood_HLS_base.cpp:134]   --->   Operation 230 'load' 'water_level_load_4' <Predicate = (!icmp_ln109 & icmp_ln111 & trunc_ln52 == 2)> <Delay = 1.64> <CoreInst = "RAM_1WnR">   --->   Core 83 'RAM_1WnR' <Latency = 1> <II = 1> <Delay = 1.64> <Storage> <Opcode : 'load' 'store'> <Ports = 17> <Width = 32> <Depth = 2700> <RAM>
ST_13 : Operation 231 [2/2] (1.64ns)   --->   "%water_level_1_load_4 = load i12 %water_level_1_addr_4" [flood_HLS_base.cpp:134]   --->   Operation 231 'load' 'water_level_1_load_4' <Predicate = (!icmp_ln109 & icmp_ln111 & trunc_ln52 == 0)> <Delay = 1.64> <CoreInst = "RAM_1WnR">   --->   Core 83 'RAM_1WnR' <Latency = 1> <II = 1> <Delay = 1.64> <Storage> <Opcode : 'load' 'store'> <Ports = 17> <Width = 32> <Depth = 2700> <RAM>
ST_13 : Operation 232 [2/2] (1.64ns)   --->   "%water_level_2_load_4 = load i12 %water_level_2_addr_4" [flood_HLS_base.cpp:134]   --->   Operation 232 'load' 'water_level_2_load_4' <Predicate = (!icmp_ln109 & icmp_ln111 & trunc_ln52 == 1)> <Delay = 1.64> <CoreInst = "RAM_1WnR">   --->   Core 83 'RAM_1WnR' <Latency = 1> <II = 1> <Delay = 1.64> <Storage> <Opcode : 'load' 'store'> <Ports = 17> <Width = 32> <Depth = 2700> <RAM>

State 14 <SV = 13> <Delay = 2.66>
ST_14 : Operation 233 [2/4] (2.66ns)   --->   "%conv3 = sitofp i32 %tmp_s" [flood_HLS_base.cpp:117]   --->   Operation 233 'sitofp' 'conv3' <Predicate = (!icmp_ln109 & icmp_ln111)> <Delay = 2.66> <CoreInst = "Int2Float">   --->   Core 62 'Int2Float' <Latency = 3> <II = 1> <Delay = 2.66> <FuncUnit> <Opcode : 'uitofp' 'sitofp'> <InPorts = 1> <OutPorts = 1>
ST_14 : Operation 234 [3/4] (2.66ns)   --->   "%conv4 = sitofp i32 %tmp_4" [flood_HLS_base.cpp:134]   --->   Operation 234 'sitofp' 'conv4' <Predicate = (!icmp_ln109 & icmp_ln111)> <Delay = 2.66> <CoreInst = "Int2Float">   --->   Core 62 'Int2Float' <Latency = 3> <II = 1> <Delay = 2.66> <FuncUnit> <Opcode : 'uitofp' 'sitofp'> <InPorts = 1> <OutPorts = 1>
ST_14 : Operation 235 [4/4] (2.66ns)   --->   "%conv300_1 = sitofp i32 %tmp_5" [flood_HLS_base.cpp:134]   --->   Operation 235 'sitofp' 'conv300_1' <Predicate = (!icmp_ln109 & icmp_ln111)> <Delay = 2.66> <CoreInst = "Int2Float">   --->   Core 62 'Int2Float' <Latency = 3> <II = 1> <Delay = 2.66> <FuncUnit> <Opcode : 'uitofp' 'sitofp'> <InPorts = 1> <OutPorts = 1>
ST_14 : Operation 236 [1/1] (0.74ns)   --->   "%add_ln134_4 = add i12 %sub_ln111, i12 %udiv_ln1_cast" [flood_HLS_base.cpp:134]   --->   Operation 236 'add' 'add_ln134_4' <Predicate = (!icmp_ln109 & icmp_ln111)> <Delay = 0.74> <CoreInst = "Adder">   --->   Core 1 'Adder' <Latency = 0> <II = 1> <Delay = 0.74> <FuncUnit> <Opcode : 'add' 'sub'> <InPorts = 2> <OutPorts = 1>
ST_14 : Operation 237 [1/2] (1.64ns)   --->   "%water_level_load_4 = load i12 %water_level_addr_4" [flood_HLS_base.cpp:134]   --->   Operation 237 'load' 'water_level_load_4' <Predicate = (!icmp_ln109 & icmp_ln111 & trunc_ln52 == 2)> <Delay = 1.64> <CoreInst = "RAM_1WnR">   --->   Core 83 'RAM_1WnR' <Latency = 1> <II = 1> <Delay = 1.64> <Storage> <Opcode : 'load' 'store'> <Ports = 17> <Width = 32> <Depth = 2700> <RAM>
ST_14 : Operation 238 [1/2] (1.64ns)   --->   "%water_level_1_load_4 = load i12 %water_level_1_addr_4" [flood_HLS_base.cpp:134]   --->   Operation 238 'load' 'water_level_1_load_4' <Predicate = (!icmp_ln109 & icmp_ln111 & trunc_ln52 == 0)> <Delay = 1.64> <CoreInst = "RAM_1WnR">   --->   Core 83 'RAM_1WnR' <Latency = 1> <II = 1> <Delay = 1.64> <Storage> <Opcode : 'load' 'store'> <Ports = 17> <Width = 32> <Depth = 2700> <RAM>
ST_14 : Operation 239 [1/2] (1.64ns)   --->   "%water_level_2_load_4 = load i12 %water_level_2_addr_4" [flood_HLS_base.cpp:134]   --->   Operation 239 'load' 'water_level_2_load_4' <Predicate = (!icmp_ln109 & icmp_ln111 & trunc_ln52 == 1)> <Delay = 1.64> <CoreInst = "RAM_1WnR">   --->   Core 83 'RAM_1WnR' <Latency = 1> <II = 1> <Delay = 1.64> <Storage> <Opcode : 'load' 'store'> <Ports = 17> <Width = 32> <Depth = 2700> <RAM>
ST_14 : Operation 240 [1/1] (0.38ns)   --->   "%tmp_11 = sparsemux i32 @_ssdm_op_SparseMux.ap_auto.3i32.i32.i2, i2 2, i32 %water_level_load_4, i2 0, i32 %water_level_1_load_4, i2 1, i32 %water_level_2_load_4, i32 0, i2 %trunc_ln52" [flood_HLS_base.cpp:134]   --->   Operation 240 'sparsemux' 'tmp_11' <Predicate = (!icmp_ln109 & icmp_ln111)> <Delay = 0.38> <CoreInst = "SparseMux">   --->   Core 144 'SparseMux' <Latency = 0> <II = 1> <Delay = 0.38> <FuncUnit> <Opcode : 'sparsemux'> <InPorts = 2> <OutPorts = 1>

State 15 <SV = 14> <Delay = 2.66>
ST_15 : Operation 241 [1/4] (2.66ns)   --->   "%conv3 = sitofp i32 %tmp_s" [flood_HLS_base.cpp:117]   --->   Operation 241 'sitofp' 'conv3' <Predicate = (!icmp_ln109 & icmp_ln111)> <Delay = 2.66> <CoreInst = "Int2Float">   --->   Core 62 'Int2Float' <Latency = 3> <II = 1> <Delay = 2.66> <FuncUnit> <Opcode : 'uitofp' 'sitofp'> <InPorts = 1> <OutPorts = 1>
ST_15 : Operation 242 [2/4] (2.66ns)   --->   "%conv4 = sitofp i32 %tmp_4" [flood_HLS_base.cpp:134]   --->   Operation 242 'sitofp' 'conv4' <Predicate = (!icmp_ln109 & icmp_ln111)> <Delay = 2.66> <CoreInst = "Int2Float">   --->   Core 62 'Int2Float' <Latency = 3> <II = 1> <Delay = 2.66> <FuncUnit> <Opcode : 'uitofp' 'sitofp'> <InPorts = 1> <OutPorts = 1>
ST_15 : Operation 243 [3/4] (2.66ns)   --->   "%conv300_1 = sitofp i32 %tmp_5" [flood_HLS_base.cpp:134]   --->   Operation 243 'sitofp' 'conv300_1' <Predicate = (!icmp_ln109 & icmp_ln111)> <Delay = 2.66> <CoreInst = "Int2Float">   --->   Core 62 'Int2Float' <Latency = 3> <II = 1> <Delay = 2.66> <FuncUnit> <Opcode : 'uitofp' 'sitofp'> <InPorts = 1> <OutPorts = 1>
ST_15 : Operation 244 [1/1] (0.00ns)   --->   "%zext_ln134_9 = zext i12 %add_ln134_4" [flood_HLS_base.cpp:134]   --->   Operation 244 'zext' 'zext_ln134_9' <Predicate = (!icmp_ln109 & icmp_ln111)> <Delay = 0.00>
ST_15 : Operation 245 [1/1] (0.00ns)   --->   "%water_level_addr_3 = getelementptr i32 %water_level, i64 0, i64 %zext_ln134_9" [flood_HLS_base.cpp:134]   --->   Operation 245 'getelementptr' 'water_level_addr_3' <Predicate = (!icmp_ln109 & icmp_ln111 & trunc_ln52 == 1)> <Delay = 0.00>
ST_15 : Operation 246 [1/1] (0.00ns)   --->   "%water_level_1_addr_3 = getelementptr i32 %water_level_1, i64 0, i64 %zext_ln134_9" [flood_HLS_base.cpp:134]   --->   Operation 246 'getelementptr' 'water_level_1_addr_3' <Predicate = (!icmp_ln109 & icmp_ln111 & trunc_ln52 == 2)> <Delay = 0.00>
ST_15 : Operation 247 [1/1] (0.00ns)   --->   "%water_level_2_addr_3 = getelementptr i32 %water_level_2, i64 0, i64 %zext_ln134_9" [flood_HLS_base.cpp:134]   --->   Operation 247 'getelementptr' 'water_level_2_addr_3' <Predicate = (!icmp_ln109 & icmp_ln111 & trunc_ln52 == 0)> <Delay = 0.00>
ST_15 : Operation 248 [2/2] (1.64ns)   --->   "%water_level_load_3 = load i12 %water_level_addr_3" [flood_HLS_base.cpp:134]   --->   Operation 248 'load' 'water_level_load_3' <Predicate = (!icmp_ln109 & icmp_ln111 & trunc_ln52 == 1)> <Delay = 1.64> <CoreInst = "RAM_1WnR">   --->   Core 83 'RAM_1WnR' <Latency = 1> <II = 1> <Delay = 1.64> <Storage> <Opcode : 'load' 'store'> <Ports = 17> <Width = 32> <Depth = 2700> <RAM>
ST_15 : Operation 249 [2/2] (1.64ns)   --->   "%water_level_1_load_3 = load i12 %water_level_1_addr_3" [flood_HLS_base.cpp:134]   --->   Operation 249 'load' 'water_level_1_load_3' <Predicate = (!icmp_ln109 & icmp_ln111 & trunc_ln52 == 2)> <Delay = 1.64> <CoreInst = "RAM_1WnR">   --->   Core 83 'RAM_1WnR' <Latency = 1> <II = 1> <Delay = 1.64> <Storage> <Opcode : 'load' 'store'> <Ports = 17> <Width = 32> <Depth = 2700> <RAM>
ST_15 : Operation 250 [2/2] (1.64ns)   --->   "%water_level_2_load_3 = load i12 %water_level_2_addr_3" [flood_HLS_base.cpp:134]   --->   Operation 250 'load' 'water_level_2_load_3' <Predicate = (!icmp_ln109 & icmp_ln111 & trunc_ln52 == 0)> <Delay = 1.64> <CoreInst = "RAM_1WnR">   --->   Core 83 'RAM_1WnR' <Latency = 1> <II = 1> <Delay = 1.64> <Storage> <Opcode : 'load' 'store'> <Ports = 17> <Width = 32> <Depth = 2700> <RAM>
ST_15 : Operation 251 [4/4] (2.66ns)   --->   "%conv300_3 = sitofp i32 %tmp_11" [flood_HLS_base.cpp:134]   --->   Operation 251 'sitofp' 'conv300_3' <Predicate = (!icmp_ln109 & icmp_ln111)> <Delay = 2.66> <CoreInst = "Int2Float">   --->   Core 62 'Int2Float' <Latency = 3> <II = 1> <Delay = 2.66> <FuncUnit> <Opcode : 'uitofp' 'sitofp'> <InPorts = 1> <OutPorts = 1>

State 16 <SV = 15> <Delay = 2.66>
ST_16 : Operation 252 [12/12] (2.32ns)   --->   "%div9 = fdiv i32 %conv3, i32 1e+06" [flood_HLS_base.cpp:117]   --->   Operation 252 'fdiv' 'div9' <Predicate = (!icmp_ln109 & icmp_ln111)> <Delay = 2.32> <CoreInst = "FDiv">   --->   Core 20 'FDiv' <Latency = 11> <II = 1> <Delay = 2.32> <FuncUnit> <Opcode : 'fdiv' 'frem'> <InPorts = 2> <OutPorts = 1>
ST_16 : Operation 253 [1/4] (2.66ns)   --->   "%conv4 = sitofp i32 %tmp_4" [flood_HLS_base.cpp:134]   --->   Operation 253 'sitofp' 'conv4' <Predicate = (!icmp_ln109 & icmp_ln111)> <Delay = 2.66> <CoreInst = "Int2Float">   --->   Core 62 'Int2Float' <Latency = 3> <II = 1> <Delay = 2.66> <FuncUnit> <Opcode : 'uitofp' 'sitofp'> <InPorts = 1> <OutPorts = 1>
ST_16 : Operation 254 [2/4] (2.66ns)   --->   "%conv300_1 = sitofp i32 %tmp_5" [flood_HLS_base.cpp:134]   --->   Operation 254 'sitofp' 'conv300_1' <Predicate = (!icmp_ln109 & icmp_ln111)> <Delay = 2.66> <CoreInst = "Int2Float">   --->   Core 62 'Int2Float' <Latency = 3> <II = 1> <Delay = 2.66> <FuncUnit> <Opcode : 'uitofp' 'sitofp'> <InPorts = 1> <OutPorts = 1>
ST_16 : Operation 255 [1/2] (1.64ns)   --->   "%water_level_load_3 = load i12 %water_level_addr_3" [flood_HLS_base.cpp:134]   --->   Operation 255 'load' 'water_level_load_3' <Predicate = (!icmp_ln109 & icmp_ln111 & trunc_ln52 == 1)> <Delay = 1.64> <CoreInst = "RAM_1WnR">   --->   Core 83 'RAM_1WnR' <Latency = 1> <II = 1> <Delay = 1.64> <Storage> <Opcode : 'load' 'store'> <Ports = 17> <Width = 32> <Depth = 2700> <RAM>
ST_16 : Operation 256 [1/2] (1.64ns)   --->   "%water_level_1_load_3 = load i12 %water_level_1_addr_3" [flood_HLS_base.cpp:134]   --->   Operation 256 'load' 'water_level_1_load_3' <Predicate = (!icmp_ln109 & icmp_ln111 & trunc_ln52 == 2)> <Delay = 1.64> <CoreInst = "RAM_1WnR">   --->   Core 83 'RAM_1WnR' <Latency = 1> <II = 1> <Delay = 1.64> <Storage> <Opcode : 'load' 'store'> <Ports = 17> <Width = 32> <Depth = 2700> <RAM>
ST_16 : Operation 257 [1/2] (1.64ns)   --->   "%water_level_2_load_3 = load i12 %water_level_2_addr_3" [flood_HLS_base.cpp:134]   --->   Operation 257 'load' 'water_level_2_load_3' <Predicate = (!icmp_ln109 & icmp_ln111 & trunc_ln52 == 0)> <Delay = 1.64> <CoreInst = "RAM_1WnR">   --->   Core 83 'RAM_1WnR' <Latency = 1> <II = 1> <Delay = 1.64> <Storage> <Opcode : 'load' 'store'> <Ports = 17> <Width = 32> <Depth = 2700> <RAM>
ST_16 : Operation 258 [1/1] (0.38ns)   --->   "%tmp_6 = sparsemux i32 @_ssdm_op_SparseMux.ap_auto.3i32.i32.i2, i2 1, i32 %water_level_load_3, i2 2, i32 %water_level_1_load_3, i2 0, i32 %water_level_2_load_3, i32 0, i2 %trunc_ln52" [flood_HLS_base.cpp:134]   --->   Operation 258 'sparsemux' 'tmp_6' <Predicate = (!icmp_ln109 & icmp_ln111)> <Delay = 0.38> <CoreInst = "SparseMux">   --->   Core 144 'SparseMux' <Latency = 0> <II = 1> <Delay = 0.38> <FuncUnit> <Opcode : 'sparsemux'> <InPorts = 2> <OutPorts = 1>
ST_16 : Operation 259 [3/4] (2.66ns)   --->   "%conv300_3 = sitofp i32 %tmp_11" [flood_HLS_base.cpp:134]   --->   Operation 259 'sitofp' 'conv300_3' <Predicate = (!icmp_ln109 & icmp_ln111)> <Delay = 2.66> <CoreInst = "Int2Float">   --->   Core 62 'Int2Float' <Latency = 3> <II = 1> <Delay = 2.66> <FuncUnit> <Opcode : 'uitofp' 'sitofp'> <InPorts = 1> <OutPorts = 1>

State 17 <SV = 16> <Delay = 2.66>
ST_17 : Operation 260 [11/12] (2.32ns)   --->   "%div9 = fdiv i32 %conv3, i32 1e+06" [flood_HLS_base.cpp:117]   --->   Operation 260 'fdiv' 'div9' <Predicate = (!icmp_ln109 & icmp_ln111)> <Delay = 2.32> <CoreInst = "FDiv">   --->   Core 20 'FDiv' <Latency = 11> <II = 1> <Delay = 2.32> <FuncUnit> <Opcode : 'fdiv' 'frem'> <InPorts = 2> <OutPorts = 1>
ST_17 : Operation 261 [12/12] (2.32ns)   --->   "%div4 = fdiv i32 %conv4, i32 1e+06" [flood_HLS_base.cpp:134]   --->   Operation 261 'fdiv' 'div4' <Predicate = (!icmp_ln109 & icmp_ln111)> <Delay = 2.32> <CoreInst = "FDiv">   --->   Core 20 'FDiv' <Latency = 11> <II = 1> <Delay = 2.32> <FuncUnit> <Opcode : 'fdiv' 'frem'> <InPorts = 2> <OutPorts = 1>
ST_17 : Operation 262 [1/4] (2.66ns)   --->   "%conv300_1 = sitofp i32 %tmp_5" [flood_HLS_base.cpp:134]   --->   Operation 262 'sitofp' 'conv300_1' <Predicate = (!icmp_ln109 & icmp_ln111)> <Delay = 2.66> <CoreInst = "Int2Float">   --->   Core 62 'Int2Float' <Latency = 3> <II = 1> <Delay = 2.66> <FuncUnit> <Opcode : 'uitofp' 'sitofp'> <InPorts = 1> <OutPorts = 1>
ST_17 : Operation 263 [4/4] (2.66ns)   --->   "%conv300_2 = sitofp i32 %tmp_6" [flood_HLS_base.cpp:134]   --->   Operation 263 'sitofp' 'conv300_2' <Predicate = (!icmp_ln109 & icmp_ln111)> <Delay = 2.66> <CoreInst = "Int2Float">   --->   Core 62 'Int2Float' <Latency = 3> <II = 1> <Delay = 2.66> <FuncUnit> <Opcode : 'uitofp' 'sitofp'> <InPorts = 1> <OutPorts = 1>
ST_17 : Operation 264 [2/4] (2.66ns)   --->   "%conv300_3 = sitofp i32 %tmp_11" [flood_HLS_base.cpp:134]   --->   Operation 264 'sitofp' 'conv300_3' <Predicate = (!icmp_ln109 & icmp_ln111)> <Delay = 2.66> <CoreInst = "Int2Float">   --->   Core 62 'Int2Float' <Latency = 3> <II = 1> <Delay = 2.66> <FuncUnit> <Opcode : 'uitofp' 'sitofp'> <InPorts = 1> <OutPorts = 1>

State 18 <SV = 17> <Delay = 2.66>
ST_18 : Operation 265 [10/12] (2.32ns)   --->   "%div9 = fdiv i32 %conv3, i32 1e+06" [flood_HLS_base.cpp:117]   --->   Operation 265 'fdiv' 'div9' <Predicate = (!icmp_ln109 & icmp_ln111)> <Delay = 2.32> <CoreInst = "FDiv">   --->   Core 20 'FDiv' <Latency = 11> <II = 1> <Delay = 2.32> <FuncUnit> <Opcode : 'fdiv' 'frem'> <InPorts = 2> <OutPorts = 1>
ST_18 : Operation 266 [11/12] (2.32ns)   --->   "%div4 = fdiv i32 %conv4, i32 1e+06" [flood_HLS_base.cpp:134]   --->   Operation 266 'fdiv' 'div4' <Predicate = (!icmp_ln109 & icmp_ln111)> <Delay = 2.32> <CoreInst = "FDiv">   --->   Core 20 'FDiv' <Latency = 11> <II = 1> <Delay = 2.32> <FuncUnit> <Opcode : 'fdiv' 'frem'> <InPorts = 2> <OutPorts = 1>
ST_18 : Operation 267 [12/12] (2.32ns)   --->   "%div301_1 = fdiv i32 %conv300_1, i32 1e+06" [flood_HLS_base.cpp:134]   --->   Operation 267 'fdiv' 'div301_1' <Predicate = (!icmp_ln109 & icmp_ln111)> <Delay = 2.32> <CoreInst = "FDiv">   --->   Core 20 'FDiv' <Latency = 11> <II = 1> <Delay = 2.32> <FuncUnit> <Opcode : 'fdiv' 'frem'> <InPorts = 2> <OutPorts = 1>
ST_18 : Operation 268 [3/4] (2.66ns)   --->   "%conv300_2 = sitofp i32 %tmp_6" [flood_HLS_base.cpp:134]   --->   Operation 268 'sitofp' 'conv300_2' <Predicate = (!icmp_ln109 & icmp_ln111)> <Delay = 2.66> <CoreInst = "Int2Float">   --->   Core 62 'Int2Float' <Latency = 3> <II = 1> <Delay = 2.66> <FuncUnit> <Opcode : 'uitofp' 'sitofp'> <InPorts = 1> <OutPorts = 1>
ST_18 : Operation 269 [1/4] (2.66ns)   --->   "%conv300_3 = sitofp i32 %tmp_11" [flood_HLS_base.cpp:134]   --->   Operation 269 'sitofp' 'conv300_3' <Predicate = (!icmp_ln109 & icmp_ln111)> <Delay = 2.66> <CoreInst = "Int2Float">   --->   Core 62 'Int2Float' <Latency = 3> <II = 1> <Delay = 2.66> <FuncUnit> <Opcode : 'uitofp' 'sitofp'> <InPorts = 1> <OutPorts = 1>

State 19 <SV = 18> <Delay = 2.66>
ST_19 : Operation 270 [9/12] (2.32ns)   --->   "%div9 = fdiv i32 %conv3, i32 1e+06" [flood_HLS_base.cpp:117]   --->   Operation 270 'fdiv' 'div9' <Predicate = (!icmp_ln109 & icmp_ln111)> <Delay = 2.32> <CoreInst = "FDiv">   --->   Core 20 'FDiv' <Latency = 11> <II = 1> <Delay = 2.32> <FuncUnit> <Opcode : 'fdiv' 'frem'> <InPorts = 2> <OutPorts = 1>
ST_19 : Operation 271 [10/12] (2.32ns)   --->   "%div4 = fdiv i32 %conv4, i32 1e+06" [flood_HLS_base.cpp:134]   --->   Operation 271 'fdiv' 'div4' <Predicate = (!icmp_ln109 & icmp_ln111)> <Delay = 2.32> <CoreInst = "FDiv">   --->   Core 20 'FDiv' <Latency = 11> <II = 1> <Delay = 2.32> <FuncUnit> <Opcode : 'fdiv' 'frem'> <InPorts = 2> <OutPorts = 1>
ST_19 : Operation 272 [11/12] (2.32ns)   --->   "%div301_1 = fdiv i32 %conv300_1, i32 1e+06" [flood_HLS_base.cpp:134]   --->   Operation 272 'fdiv' 'div301_1' <Predicate = (!icmp_ln109 & icmp_ln111)> <Delay = 2.32> <CoreInst = "FDiv">   --->   Core 20 'FDiv' <Latency = 11> <II = 1> <Delay = 2.32> <FuncUnit> <Opcode : 'fdiv' 'frem'> <InPorts = 2> <OutPorts = 1>
ST_19 : Operation 273 [2/4] (2.66ns)   --->   "%conv300_2 = sitofp i32 %tmp_6" [flood_HLS_base.cpp:134]   --->   Operation 273 'sitofp' 'conv300_2' <Predicate = (!icmp_ln109 & icmp_ln111)> <Delay = 2.66> <CoreInst = "Int2Float">   --->   Core 62 'Int2Float' <Latency = 3> <II = 1> <Delay = 2.66> <FuncUnit> <Opcode : 'uitofp' 'sitofp'> <InPorts = 1> <OutPorts = 1>
ST_19 : Operation 274 [12/12] (2.32ns)   --->   "%div301_3 = fdiv i32 %conv300_3, i32 1e+06" [flood_HLS_base.cpp:134]   --->   Operation 274 'fdiv' 'div301_3' <Predicate = (!icmp_ln109 & icmp_ln111)> <Delay = 2.32> <CoreInst = "FDiv">   --->   Core 20 'FDiv' <Latency = 11> <II = 1> <Delay = 2.32> <FuncUnit> <Opcode : 'fdiv' 'frem'> <InPorts = 2> <OutPorts = 1>

State 20 <SV = 19> <Delay = 2.66>
ST_20 : Operation 275 [8/12] (2.32ns)   --->   "%div9 = fdiv i32 %conv3, i32 1e+06" [flood_HLS_base.cpp:117]   --->   Operation 275 'fdiv' 'div9' <Predicate = (!icmp_ln109 & icmp_ln111)> <Delay = 2.32> <CoreInst = "FDiv">   --->   Core 20 'FDiv' <Latency = 11> <II = 1> <Delay = 2.32> <FuncUnit> <Opcode : 'fdiv' 'frem'> <InPorts = 2> <OutPorts = 1>
ST_20 : Operation 276 [9/12] (2.32ns)   --->   "%div4 = fdiv i32 %conv4, i32 1e+06" [flood_HLS_base.cpp:134]   --->   Operation 276 'fdiv' 'div4' <Predicate = (!icmp_ln109 & icmp_ln111)> <Delay = 2.32> <CoreInst = "FDiv">   --->   Core 20 'FDiv' <Latency = 11> <II = 1> <Delay = 2.32> <FuncUnit> <Opcode : 'fdiv' 'frem'> <InPorts = 2> <OutPorts = 1>
ST_20 : Operation 277 [10/12] (2.32ns)   --->   "%div301_1 = fdiv i32 %conv300_1, i32 1e+06" [flood_HLS_base.cpp:134]   --->   Operation 277 'fdiv' 'div301_1' <Predicate = (!icmp_ln109 & icmp_ln111)> <Delay = 2.32> <CoreInst = "FDiv">   --->   Core 20 'FDiv' <Latency = 11> <II = 1> <Delay = 2.32> <FuncUnit> <Opcode : 'fdiv' 'frem'> <InPorts = 2> <OutPorts = 1>
ST_20 : Operation 278 [1/4] (2.66ns)   --->   "%conv300_2 = sitofp i32 %tmp_6" [flood_HLS_base.cpp:134]   --->   Operation 278 'sitofp' 'conv300_2' <Predicate = (!icmp_ln109 & icmp_ln111)> <Delay = 2.66> <CoreInst = "Int2Float">   --->   Core 62 'Int2Float' <Latency = 3> <II = 1> <Delay = 2.66> <FuncUnit> <Opcode : 'uitofp' 'sitofp'> <InPorts = 1> <OutPorts = 1>
ST_20 : Operation 279 [11/12] (2.32ns)   --->   "%div301_3 = fdiv i32 %conv300_3, i32 1e+06" [flood_HLS_base.cpp:134]   --->   Operation 279 'fdiv' 'div301_3' <Predicate = (!icmp_ln109 & icmp_ln111)> <Delay = 2.32> <CoreInst = "FDiv">   --->   Core 20 'FDiv' <Latency = 11> <II = 1> <Delay = 2.32> <FuncUnit> <Opcode : 'fdiv' 'frem'> <InPorts = 2> <OutPorts = 1>

State 21 <SV = 20> <Delay = 2.32>
ST_21 : Operation 280 [7/12] (2.32ns)   --->   "%div9 = fdiv i32 %conv3, i32 1e+06" [flood_HLS_base.cpp:117]   --->   Operation 280 'fdiv' 'div9' <Predicate = (!icmp_ln109 & icmp_ln111)> <Delay = 2.32> <CoreInst = "FDiv">   --->   Core 20 'FDiv' <Latency = 11> <II = 1> <Delay = 2.32> <FuncUnit> <Opcode : 'fdiv' 'frem'> <InPorts = 2> <OutPorts = 1>
ST_21 : Operation 281 [8/12] (2.32ns)   --->   "%div4 = fdiv i32 %conv4, i32 1e+06" [flood_HLS_base.cpp:134]   --->   Operation 281 'fdiv' 'div4' <Predicate = (!icmp_ln109 & icmp_ln111)> <Delay = 2.32> <CoreInst = "FDiv">   --->   Core 20 'FDiv' <Latency = 11> <II = 1> <Delay = 2.32> <FuncUnit> <Opcode : 'fdiv' 'frem'> <InPorts = 2> <OutPorts = 1>
ST_21 : Operation 282 [9/12] (2.32ns)   --->   "%div301_1 = fdiv i32 %conv300_1, i32 1e+06" [flood_HLS_base.cpp:134]   --->   Operation 282 'fdiv' 'div301_1' <Predicate = (!icmp_ln109 & icmp_ln111)> <Delay = 2.32> <CoreInst = "FDiv">   --->   Core 20 'FDiv' <Latency = 11> <II = 1> <Delay = 2.32> <FuncUnit> <Opcode : 'fdiv' 'frem'> <InPorts = 2> <OutPorts = 1>
ST_21 : Operation 283 [12/12] (2.32ns)   --->   "%div301_2 = fdiv i32 %conv300_2, i32 1e+06" [flood_HLS_base.cpp:134]   --->   Operation 283 'fdiv' 'div301_2' <Predicate = (!icmp_ln109 & icmp_ln111)> <Delay = 2.32> <CoreInst = "FDiv">   --->   Core 20 'FDiv' <Latency = 11> <II = 1> <Delay = 2.32> <FuncUnit> <Opcode : 'fdiv' 'frem'> <InPorts = 2> <OutPorts = 1>
ST_21 : Operation 284 [10/12] (2.32ns)   --->   "%div301_3 = fdiv i32 %conv300_3, i32 1e+06" [flood_HLS_base.cpp:134]   --->   Operation 284 'fdiv' 'div301_3' <Predicate = (!icmp_ln109 & icmp_ln111)> <Delay = 2.32> <CoreInst = "FDiv">   --->   Core 20 'FDiv' <Latency = 11> <II = 1> <Delay = 2.32> <FuncUnit> <Opcode : 'fdiv' 'frem'> <InPorts = 2> <OutPorts = 1>

State 22 <SV = 21> <Delay = 2.32>
ST_22 : Operation 285 [6/12] (2.32ns)   --->   "%div9 = fdiv i32 %conv3, i32 1e+06" [flood_HLS_base.cpp:117]   --->   Operation 285 'fdiv' 'div9' <Predicate = (!icmp_ln109 & icmp_ln111)> <Delay = 2.32> <CoreInst = "FDiv">   --->   Core 20 'FDiv' <Latency = 11> <II = 1> <Delay = 2.32> <FuncUnit> <Opcode : 'fdiv' 'frem'> <InPorts = 2> <OutPorts = 1>
ST_22 : Operation 286 [7/12] (2.32ns)   --->   "%div4 = fdiv i32 %conv4, i32 1e+06" [flood_HLS_base.cpp:134]   --->   Operation 286 'fdiv' 'div4' <Predicate = (!icmp_ln109 & icmp_ln111)> <Delay = 2.32> <CoreInst = "FDiv">   --->   Core 20 'FDiv' <Latency = 11> <II = 1> <Delay = 2.32> <FuncUnit> <Opcode : 'fdiv' 'frem'> <InPorts = 2> <OutPorts = 1>
ST_22 : Operation 287 [8/12] (2.32ns)   --->   "%div301_1 = fdiv i32 %conv300_1, i32 1e+06" [flood_HLS_base.cpp:134]   --->   Operation 287 'fdiv' 'div301_1' <Predicate = (!icmp_ln109 & icmp_ln111)> <Delay = 2.32> <CoreInst = "FDiv">   --->   Core 20 'FDiv' <Latency = 11> <II = 1> <Delay = 2.32> <FuncUnit> <Opcode : 'fdiv' 'frem'> <InPorts = 2> <OutPorts = 1>
ST_22 : Operation 288 [11/12] (2.32ns)   --->   "%div301_2 = fdiv i32 %conv300_2, i32 1e+06" [flood_HLS_base.cpp:134]   --->   Operation 288 'fdiv' 'div301_2' <Predicate = (!icmp_ln109 & icmp_ln111)> <Delay = 2.32> <CoreInst = "FDiv">   --->   Core 20 'FDiv' <Latency = 11> <II = 1> <Delay = 2.32> <FuncUnit> <Opcode : 'fdiv' 'frem'> <InPorts = 2> <OutPorts = 1>
ST_22 : Operation 289 [9/12] (2.32ns)   --->   "%div301_3 = fdiv i32 %conv300_3, i32 1e+06" [flood_HLS_base.cpp:134]   --->   Operation 289 'fdiv' 'div301_3' <Predicate = (!icmp_ln109 & icmp_ln111)> <Delay = 2.32> <CoreInst = "FDiv">   --->   Core 20 'FDiv' <Latency = 11> <II = 1> <Delay = 2.32> <FuncUnit> <Opcode : 'fdiv' 'frem'> <InPorts = 2> <OutPorts = 1>

State 23 <SV = 22> <Delay = 2.32>
ST_23 : Operation 290 [1/1] (0.00ns)   --->   "%zext_ln111 = zext i7 %select_ln109" [flood_HLS_base.cpp:111]   --->   Operation 290 'zext' 'zext_ln111' <Predicate = (!icmp_ln109)> <Delay = 0.00>
ST_23 : Operation 291 [1/1] (1.55ns)   --->   "%mul_ln111_1 = mul i13 %zext_ln111, i13 90" [flood_HLS_base.cpp:111]   --->   Operation 291 'mul' 'mul_ln111_1' <Predicate = (!icmp_ln109)> <Delay = 1.55> <CoreInst = "Multiplier">   --->   Core 3 'Multiplier' <Latency = 0> <II = 1> <Delay = 1.55> <FuncUnit> <Opcode : 'mul'> <InPorts = 2> <OutPorts = 1>
ST_23 : Operation 292 [1/1] (0.70ns)   --->   "%empty_72 = icmp_ugt  i8 %new_row, i8 89" [flood_HLS_base.cpp:109]   --->   Operation 292 'icmp' 'empty_72' <Predicate = (!icmp_ln109)> <Delay = 0.70> <CoreInst = "Cmp">   --->   Core 9 'Cmp' <Latency = 0> <II = 1> <Delay = 0.70> <FuncUnit> <Opcode : 'seteq' 'setne' 'setle' 'setge' 'setlt' 'setgt'> <InPorts = 2> <OutPorts = 1>
ST_23 : Operation 293 [1/1] (0.00ns)   --->   "%zext_ln134_1 = zext i8 %new_row" [flood_HLS_base.cpp:134]   --->   Operation 293 'zext' 'zext_ln134_1' <Predicate = (!icmp_ln109)> <Delay = 0.00>
ST_23 : Operation 294 [1/1] (1.55ns)   --->   "%mul_ln134 = mul i13 %zext_ln134_1, i13 90" [flood_HLS_base.cpp:134]   --->   Operation 294 'mul' 'mul_ln134' <Predicate = (!icmp_ln109)> <Delay = 1.55> <CoreInst = "Multiplier">   --->   Core 3 'Multiplier' <Latency = 0> <II = 1> <Delay = 1.55> <FuncUnit> <Opcode : 'mul'> <InPorts = 2> <OutPorts = 1>
ST_23 : Operation 295 [5/12] (2.32ns)   --->   "%div9 = fdiv i32 %conv3, i32 1e+06" [flood_HLS_base.cpp:117]   --->   Operation 295 'fdiv' 'div9' <Predicate = (!icmp_ln109 & icmp_ln111)> <Delay = 2.32> <CoreInst = "FDiv">   --->   Core 20 'FDiv' <Latency = 11> <II = 1> <Delay = 2.32> <FuncUnit> <Opcode : 'fdiv' 'frem'> <InPorts = 2> <OutPorts = 1>
ST_23 : Operation 296 [6/12] (2.32ns)   --->   "%div4 = fdiv i32 %conv4, i32 1e+06" [flood_HLS_base.cpp:134]   --->   Operation 296 'fdiv' 'div4' <Predicate = (!icmp_ln109 & icmp_ln111)> <Delay = 2.32> <CoreInst = "FDiv">   --->   Core 20 'FDiv' <Latency = 11> <II = 1> <Delay = 2.32> <FuncUnit> <Opcode : 'fdiv' 'frem'> <InPorts = 2> <OutPorts = 1>
ST_23 : Operation 297 [7/12] (2.32ns)   --->   "%div301_1 = fdiv i32 %conv300_1, i32 1e+06" [flood_HLS_base.cpp:134]   --->   Operation 297 'fdiv' 'div301_1' <Predicate = (!icmp_ln109 & icmp_ln111)> <Delay = 2.32> <CoreInst = "FDiv">   --->   Core 20 'FDiv' <Latency = 11> <II = 1> <Delay = 2.32> <FuncUnit> <Opcode : 'fdiv' 'frem'> <InPorts = 2> <OutPorts = 1>
ST_23 : Operation 298 [10/12] (2.32ns)   --->   "%div301_2 = fdiv i32 %conv300_2, i32 1e+06" [flood_HLS_base.cpp:134]   --->   Operation 298 'fdiv' 'div301_2' <Predicate = (!icmp_ln109 & icmp_ln111)> <Delay = 2.32> <CoreInst = "FDiv">   --->   Core 20 'FDiv' <Latency = 11> <II = 1> <Delay = 2.32> <FuncUnit> <Opcode : 'fdiv' 'frem'> <InPorts = 2> <OutPorts = 1>
ST_23 : Operation 299 [8/12] (2.32ns)   --->   "%div301_3 = fdiv i32 %conv300_3, i32 1e+06" [flood_HLS_base.cpp:134]   --->   Operation 299 'fdiv' 'div301_3' <Predicate = (!icmp_ln109 & icmp_ln111)> <Delay = 2.32> <CoreInst = "FDiv">   --->   Core 20 'FDiv' <Latency = 11> <II = 1> <Delay = 2.32> <FuncUnit> <Opcode : 'fdiv' 'frem'> <InPorts = 2> <OutPorts = 1>

State 24 <SV = 23> <Delay = 2.32>
ST_24 : Operation 300 [4/12] (2.32ns)   --->   "%div9 = fdiv i32 %conv3, i32 1e+06" [flood_HLS_base.cpp:117]   --->   Operation 300 'fdiv' 'div9' <Predicate = (!icmp_ln109 & icmp_ln111)> <Delay = 2.32> <CoreInst = "FDiv">   --->   Core 20 'FDiv' <Latency = 11> <II = 1> <Delay = 2.32> <FuncUnit> <Opcode : 'fdiv' 'frem'> <InPorts = 2> <OutPorts = 1>
ST_24 : Operation 301 [5/12] (2.32ns)   --->   "%div4 = fdiv i32 %conv4, i32 1e+06" [flood_HLS_base.cpp:134]   --->   Operation 301 'fdiv' 'div4' <Predicate = (!icmp_ln109 & icmp_ln111)> <Delay = 2.32> <CoreInst = "FDiv">   --->   Core 20 'FDiv' <Latency = 11> <II = 1> <Delay = 2.32> <FuncUnit> <Opcode : 'fdiv' 'frem'> <InPorts = 2> <OutPorts = 1>
ST_24 : Operation 302 [6/12] (2.32ns)   --->   "%div301_1 = fdiv i32 %conv300_1, i32 1e+06" [flood_HLS_base.cpp:134]   --->   Operation 302 'fdiv' 'div301_1' <Predicate = (!icmp_ln109 & icmp_ln111)> <Delay = 2.32> <CoreInst = "FDiv">   --->   Core 20 'FDiv' <Latency = 11> <II = 1> <Delay = 2.32> <FuncUnit> <Opcode : 'fdiv' 'frem'> <InPorts = 2> <OutPorts = 1>
ST_24 : Operation 303 [9/12] (2.32ns)   --->   "%div301_2 = fdiv i32 %conv300_2, i32 1e+06" [flood_HLS_base.cpp:134]   --->   Operation 303 'fdiv' 'div301_2' <Predicate = (!icmp_ln109 & icmp_ln111)> <Delay = 2.32> <CoreInst = "FDiv">   --->   Core 20 'FDiv' <Latency = 11> <II = 1> <Delay = 2.32> <FuncUnit> <Opcode : 'fdiv' 'frem'> <InPorts = 2> <OutPorts = 1>
ST_24 : Operation 304 [7/12] (2.32ns)   --->   "%div301_3 = fdiv i32 %conv300_3, i32 1e+06" [flood_HLS_base.cpp:134]   --->   Operation 304 'fdiv' 'div301_3' <Predicate = (!icmp_ln109 & icmp_ln111)> <Delay = 2.32> <CoreInst = "FDiv">   --->   Core 20 'FDiv' <Latency = 11> <II = 1> <Delay = 2.32> <FuncUnit> <Opcode : 'fdiv' 'frem'> <InPorts = 2> <OutPorts = 1>

State 25 <SV = 24> <Delay = 2.32>
ST_25 : Operation 305 [1/1] (0.70ns)   --->   "%empty_73 = icmp_ugt  i7 %new_row_1, i7 89" [flood_HLS_base.cpp:109]   --->   Operation 305 'icmp' 'empty_73' <Predicate = (!icmp_ln109)> <Delay = 0.70> <CoreInst = "Cmp">   --->   Core 9 'Cmp' <Latency = 0> <II = 1> <Delay = 0.70> <FuncUnit> <Opcode : 'seteq' 'setne' 'setle' 'setge' 'setlt' 'setgt'> <InPorts = 2> <OutPorts = 1>
ST_25 : Operation 306 [1/1] (0.00ns)   --->   "%zext_ln134_3 = zext i7 %new_row_1" [flood_HLS_base.cpp:134]   --->   Operation 306 'zext' 'zext_ln134_3' <Predicate = (!icmp_ln109)> <Delay = 0.00>
ST_25 : Operation 307 [1/1] (1.55ns)   --->   "%mul_ln134_1 = mul i13 %zext_ln134_3, i13 90" [flood_HLS_base.cpp:134]   --->   Operation 307 'mul' 'mul_ln134_1' <Predicate = (!icmp_ln109)> <Delay = 1.55> <CoreInst = "Multiplier">   --->   Core 3 'Multiplier' <Latency = 0> <II = 1> <Delay = 1.55> <FuncUnit> <Opcode : 'mul'> <InPorts = 2> <OutPorts = 1>
ST_25 : Operation 308 [3/12] (2.32ns)   --->   "%div9 = fdiv i32 %conv3, i32 1e+06" [flood_HLS_base.cpp:117]   --->   Operation 308 'fdiv' 'div9' <Predicate = (!icmp_ln109 & icmp_ln111)> <Delay = 2.32> <CoreInst = "FDiv">   --->   Core 20 'FDiv' <Latency = 11> <II = 1> <Delay = 2.32> <FuncUnit> <Opcode : 'fdiv' 'frem'> <InPorts = 2> <OutPorts = 1>
ST_25 : Operation 309 [4/12] (2.32ns)   --->   "%div4 = fdiv i32 %conv4, i32 1e+06" [flood_HLS_base.cpp:134]   --->   Operation 309 'fdiv' 'div4' <Predicate = (!icmp_ln109 & icmp_ln111)> <Delay = 2.32> <CoreInst = "FDiv">   --->   Core 20 'FDiv' <Latency = 11> <II = 1> <Delay = 2.32> <FuncUnit> <Opcode : 'fdiv' 'frem'> <InPorts = 2> <OutPorts = 1>
ST_25 : Operation 310 [5/12] (2.32ns)   --->   "%div301_1 = fdiv i32 %conv300_1, i32 1e+06" [flood_HLS_base.cpp:134]   --->   Operation 310 'fdiv' 'div301_1' <Predicate = (!icmp_ln109 & icmp_ln111)> <Delay = 2.32> <CoreInst = "FDiv">   --->   Core 20 'FDiv' <Latency = 11> <II = 1> <Delay = 2.32> <FuncUnit> <Opcode : 'fdiv' 'frem'> <InPorts = 2> <OutPorts = 1>
ST_25 : Operation 311 [8/12] (2.32ns)   --->   "%div301_2 = fdiv i32 %conv300_2, i32 1e+06" [flood_HLS_base.cpp:134]   --->   Operation 311 'fdiv' 'div301_2' <Predicate = (!icmp_ln109 & icmp_ln111)> <Delay = 2.32> <CoreInst = "FDiv">   --->   Core 20 'FDiv' <Latency = 11> <II = 1> <Delay = 2.32> <FuncUnit> <Opcode : 'fdiv' 'frem'> <InPorts = 2> <OutPorts = 1>
ST_25 : Operation 312 [6/12] (2.32ns)   --->   "%div301_3 = fdiv i32 %conv300_3, i32 1e+06" [flood_HLS_base.cpp:134]   --->   Operation 312 'fdiv' 'div301_3' <Predicate = (!icmp_ln109 & icmp_ln111)> <Delay = 2.32> <CoreInst = "FDiv">   --->   Core 20 'FDiv' <Latency = 11> <II = 1> <Delay = 2.32> <FuncUnit> <Opcode : 'fdiv' 'frem'> <InPorts = 2> <OutPorts = 1>

State 26 <SV = 25> <Delay = 2.32>
ST_26 : Operation 313 [1/1] (0.00ns)   --->   "%specloopname_ln0 = specloopname void @_ssdm_op_SpecLoopName, void @VITIS_LOOP_109_9_VITIS_LOOP_110_10_str"   --->   Operation 313 'specloopname' 'specloopname_ln0' <Predicate = (!icmp_ln109)> <Delay = 0.00>
ST_26 : Operation 314 [1/1] (0.00ns)   --->   "%speclooptripcount_ln0 = speclooptripcount void @_ssdm_op_SpecLoopTripCount, i64 8100, i64 8100, i64 8100"   --->   Operation 314 'speclooptripcount' 'speclooptripcount_ln0' <Predicate = (!icmp_ln109)> <Delay = 0.00>
ST_26 : Operation 315 [1/1] (0.00ns)   --->   "%zext_ln117 = zext i7 %select_ln52" [flood_HLS_base.cpp:117]   --->   Operation 315 'zext' 'zext_ln117' <Predicate = (!icmp_ln109)> <Delay = 0.00>
ST_26 : Operation 316 [1/1] (0.75ns)   --->   "%add_ln117 = add i13 %mul_ln111_1, i13 %zext_ln117" [flood_HLS_base.cpp:117]   --->   Operation 316 'add' 'add_ln117' <Predicate = (!icmp_ln109)> <Delay = 0.75> <CoreInst = "Adder">   --->   Core 1 'Adder' <Latency = 0> <II = 1> <Delay = 0.75> <FuncUnit> <Opcode : 'add' 'sub'> <InPorts = 2> <OutPorts = 1>
ST_26 : Operation 317 [1/1] (0.00ns)   --->   "%zext_ln117_1 = zext i13 %add_ln117" [flood_HLS_base.cpp:117]   --->   Operation 317 'zext' 'zext_ln117_1' <Predicate = (!icmp_ln109)> <Delay = 0.00>
ST_26 : Operation 318 [1/1] (0.00ns)   --->   "%p_ground_addr = getelementptr i32 %p_ground, i64 0, i64 %zext_ln117_1" [flood_HLS_base.cpp:117]   --->   Operation 318 'getelementptr' 'p_ground_addr' <Predicate = (!icmp_ln109)> <Delay = 0.00>
ST_26 : Operation 319 [1/1] (0.00ns)   --->   "%spillage_flag_addr = getelementptr i32 %spillage_flag, i64 0, i64 %zext_ln117_1" [flood_HLS_base.cpp:152]   --->   Operation 319 'getelementptr' 'spillage_flag_addr' <Predicate = (!icmp_ln109)> <Delay = 0.00>
ST_26 : Operation 320 [1/1] (0.00ns)   --->   "%spillage_level_addr = getelementptr i32 %spillage_level, i64 0, i64 %zext_ln117_1" [flood_HLS_base.cpp:153]   --->   Operation 320 'getelementptr' 'spillage_level_addr' <Predicate = (!icmp_ln109)> <Delay = 0.00>
ST_26 : Operation 321 [1/1] (0.00ns)   --->   "%specpipeline_ln52 = specpipeline void @_ssdm_op_SpecPipeline, i32 4294967295, i32 0, i32 0, i32 0, void @empty_3" [flood_HLS_base.cpp:52]   --->   Operation 321 'specpipeline' 'specpipeline_ln52' <Predicate = (!icmp_ln109)> <Delay = 0.00>
ST_26 : Operation 322 [2/2] (1.24ns)   --->   "%p_ground_load = load i13 %p_ground_addr" [flood_HLS_base.cpp:117]   --->   Operation 322 'load' 'p_ground_load' <Predicate = (!icmp_ln109 & icmp_ln111)> <Delay = 1.24> <CoreInst = "RAM">   --->   Core 82 'RAM' <Latency = 1> <II = 1> <Delay = 1.24> <Storage> <Opcode : 'load' 'store'> <Ports = 2> <Width = 32> <Depth = 8100> <RAM>
ST_26 : Operation 323 [2/12] (2.32ns)   --->   "%div9 = fdiv i32 %conv3, i32 1e+06" [flood_HLS_base.cpp:117]   --->   Operation 323 'fdiv' 'div9' <Predicate = (!icmp_ln109 & icmp_ln111)> <Delay = 2.32> <CoreInst = "FDiv">   --->   Core 20 'FDiv' <Latency = 11> <II = 1> <Delay = 2.32> <FuncUnit> <Opcode : 'fdiv' 'frem'> <InPorts = 2> <OutPorts = 1>
ST_26 : Operation 324 [1/1] (0.75ns)   --->   "%add_ln134_2 = add i13 %mul_ln134, i13 %zext_ln117" [flood_HLS_base.cpp:134]   --->   Operation 324 'add' 'add_ln134_2' <Predicate = (!icmp_ln109 & icmp_ln111)> <Delay = 0.75> <CoreInst = "Adder">   --->   Core 1 'Adder' <Latency = 0> <II = 1> <Delay = 0.75> <FuncUnit> <Opcode : 'add' 'sub'> <InPorts = 2> <OutPorts = 1>
ST_26 : Operation 325 [1/1] (0.00ns)   --->   "%zext_ln134_7 = zext i13 %add_ln134_2" [flood_HLS_base.cpp:134]   --->   Operation 325 'zext' 'zext_ln134_7' <Predicate = (!icmp_ln109 & icmp_ln111)> <Delay = 0.00>
ST_26 : Operation 326 [1/1] (0.00ns)   --->   "%p_ground_addr_1 = getelementptr i32 %p_ground, i64 0, i64 %zext_ln134_7" [flood_HLS_base.cpp:134]   --->   Operation 326 'getelementptr' 'p_ground_addr_1' <Predicate = (!icmp_ln109 & icmp_ln111)> <Delay = 0.00>
ST_26 : Operation 327 [1/1] (0.75ns)   --->   "%add_ln134_3 = add i13 %mul_ln134_1, i13 %zext_ln117" [flood_HLS_base.cpp:134]   --->   Operation 327 'add' 'add_ln134_3' <Predicate = (!icmp_ln109 & icmp_ln111)> <Delay = 0.75> <CoreInst = "Adder">   --->   Core 1 'Adder' <Latency = 0> <II = 1> <Delay = 0.75> <FuncUnit> <Opcode : 'add' 'sub'> <InPorts = 2> <OutPorts = 1>
ST_26 : Operation 328 [1/1] (0.00ns)   --->   "%spillage_from_neigh_addr = getelementptr i32 %spillage_from_neigh, i64 0, i64 %zext_ln134_7" [flood_HLS_base.cpp:177]   --->   Operation 328 'getelementptr' 'spillage_from_neigh_addr' <Predicate = (!icmp_ln109 & icmp_ln111)> <Delay = 0.00>
ST_26 : Operation 329 [2/2] (1.24ns)   --->   "%p_ground_load_1 = load i13 %p_ground_addr_1" [flood_HLS_base.cpp:134]   --->   Operation 329 'load' 'p_ground_load_1' <Predicate = (!icmp_ln109 & icmp_ln111)> <Delay = 1.24> <CoreInst = "RAM">   --->   Core 82 'RAM' <Latency = 1> <II = 1> <Delay = 1.24> <Storage> <Opcode : 'load' 'store'> <Ports = 2> <Width = 32> <Depth = 8100> <RAM>
ST_26 : Operation 330 [3/12] (2.32ns)   --->   "%div4 = fdiv i32 %conv4, i32 1e+06" [flood_HLS_base.cpp:134]   --->   Operation 330 'fdiv' 'div4' <Predicate = (!icmp_ln109 & icmp_ln111)> <Delay = 2.32> <CoreInst = "FDiv">   --->   Core 20 'FDiv' <Latency = 11> <II = 1> <Delay = 2.32> <FuncUnit> <Opcode : 'fdiv' 'frem'> <InPorts = 2> <OutPorts = 1>
ST_26 : Operation 331 [4/12] (2.32ns)   --->   "%div301_1 = fdiv i32 %conv300_1, i32 1e+06" [flood_HLS_base.cpp:134]   --->   Operation 331 'fdiv' 'div301_1' <Predicate = (!icmp_ln109 & icmp_ln111)> <Delay = 2.32> <CoreInst = "FDiv">   --->   Core 20 'FDiv' <Latency = 11> <II = 1> <Delay = 2.32> <FuncUnit> <Opcode : 'fdiv' 'frem'> <InPorts = 2> <OutPorts = 1>
ST_26 : Operation 332 [7/12] (2.32ns)   --->   "%div301_2 = fdiv i32 %conv300_2, i32 1e+06" [flood_HLS_base.cpp:134]   --->   Operation 332 'fdiv' 'div301_2' <Predicate = (!icmp_ln109 & icmp_ln111)> <Delay = 2.32> <CoreInst = "FDiv">   --->   Core 20 'FDiv' <Latency = 11> <II = 1> <Delay = 2.32> <FuncUnit> <Opcode : 'fdiv' 'frem'> <InPorts = 2> <OutPorts = 1>
ST_26 : Operation 333 [5/12] (2.32ns)   --->   "%div301_3 = fdiv i32 %conv300_3, i32 1e+06" [flood_HLS_base.cpp:134]   --->   Operation 333 'fdiv' 'div301_3' <Predicate = (!icmp_ln109 & icmp_ln111)> <Delay = 2.32> <CoreInst = "FDiv">   --->   Core 20 'FDiv' <Latency = 11> <II = 1> <Delay = 2.32> <FuncUnit> <Opcode : 'fdiv' 'frem'> <InPorts = 2> <OutPorts = 1>

State 27 <SV = 26> <Delay = 2.32>
ST_27 : Operation 334 [1/2] (1.24ns)   --->   "%p_ground_load = load i13 %p_ground_addr" [flood_HLS_base.cpp:117]   --->   Operation 334 'load' 'p_ground_load' <Predicate = (!icmp_ln109 & icmp_ln111)> <Delay = 1.24> <CoreInst = "RAM">   --->   Core 82 'RAM' <Latency = 1> <II = 1> <Delay = 1.24> <Storage> <Opcode : 'load' 'store'> <Ports = 2> <Width = 32> <Depth = 8100> <RAM>
ST_27 : Operation 335 [1/12] (2.32ns)   --->   "%div9 = fdiv i32 %conv3, i32 1e+06" [flood_HLS_base.cpp:117]   --->   Operation 335 'fdiv' 'div9' <Predicate = (!icmp_ln109 & icmp_ln111)> <Delay = 2.32> <CoreInst = "FDiv">   --->   Core 20 'FDiv' <Latency = 11> <II = 1> <Delay = 2.32> <FuncUnit> <Opcode : 'fdiv' 'frem'> <InPorts = 2> <OutPorts = 1>
ST_27 : Operation 336 [1/1] (0.00ns)   --->   "%zext_ln134_8 = zext i13 %add_ln134_3" [flood_HLS_base.cpp:134]   --->   Operation 336 'zext' 'zext_ln134_8' <Predicate = (!icmp_ln109 & icmp_ln111)> <Delay = 0.00>
ST_27 : Operation 337 [1/1] (0.00ns)   --->   "%p_ground_addr_2 = getelementptr i32 %p_ground, i64 0, i64 %zext_ln134_8" [flood_HLS_base.cpp:134]   --->   Operation 337 'getelementptr' 'p_ground_addr_2' <Predicate = (!icmp_ln109 & icmp_ln111)> <Delay = 0.00>
ST_27 : Operation 338 [1/1] (0.00ns)   --->   "%spillage_from_neigh_1_addr = getelementptr i32 %spillage_from_neigh_1, i64 0, i64 %zext_ln134_8" [flood_HLS_base.cpp:177]   --->   Operation 338 'getelementptr' 'spillage_from_neigh_1_addr' <Predicate = (!icmp_ln109 & icmp_ln111)> <Delay = 0.00>
ST_27 : Operation 339 [1/2] (1.24ns)   --->   "%p_ground_load_1 = load i13 %p_ground_addr_1" [flood_HLS_base.cpp:134]   --->   Operation 339 'load' 'p_ground_load_1' <Predicate = (!icmp_ln109 & icmp_ln111)> <Delay = 1.24> <CoreInst = "RAM">   --->   Core 82 'RAM' <Latency = 1> <II = 1> <Delay = 1.24> <Storage> <Opcode : 'load' 'store'> <Ports = 2> <Width = 32> <Depth = 8100> <RAM>
ST_27 : Operation 340 [2/12] (2.32ns)   --->   "%div4 = fdiv i32 %conv4, i32 1e+06" [flood_HLS_base.cpp:134]   --->   Operation 340 'fdiv' 'div4' <Predicate = (!icmp_ln109 & icmp_ln111)> <Delay = 2.32> <CoreInst = "FDiv">   --->   Core 20 'FDiv' <Latency = 11> <II = 1> <Delay = 2.32> <FuncUnit> <Opcode : 'fdiv' 'frem'> <InPorts = 2> <OutPorts = 1>
ST_27 : Operation 341 [2/2] (1.24ns)   --->   "%p_ground_load_2 = load i13 %p_ground_addr_2" [flood_HLS_base.cpp:134]   --->   Operation 341 'load' 'p_ground_load_2' <Predicate = (!icmp_ln109 & icmp_ln111)> <Delay = 1.24> <CoreInst = "RAM">   --->   Core 82 'RAM' <Latency = 1> <II = 1> <Delay = 1.24> <Storage> <Opcode : 'load' 'store'> <Ports = 2> <Width = 32> <Depth = 8100> <RAM>
ST_27 : Operation 342 [3/12] (2.32ns)   --->   "%div301_1 = fdiv i32 %conv300_1, i32 1e+06" [flood_HLS_base.cpp:134]   --->   Operation 342 'fdiv' 'div301_1' <Predicate = (!icmp_ln109 & icmp_ln111)> <Delay = 2.32> <CoreInst = "FDiv">   --->   Core 20 'FDiv' <Latency = 11> <II = 1> <Delay = 2.32> <FuncUnit> <Opcode : 'fdiv' 'frem'> <InPorts = 2> <OutPorts = 1>
ST_27 : Operation 343 [6/12] (2.32ns)   --->   "%div301_2 = fdiv i32 %conv300_2, i32 1e+06" [flood_HLS_base.cpp:134]   --->   Operation 343 'fdiv' 'div301_2' <Predicate = (!icmp_ln109 & icmp_ln111)> <Delay = 2.32> <CoreInst = "FDiv">   --->   Core 20 'FDiv' <Latency = 11> <II = 1> <Delay = 2.32> <FuncUnit> <Opcode : 'fdiv' 'frem'> <InPorts = 2> <OutPorts = 1>
ST_27 : Operation 344 [4/12] (2.32ns)   --->   "%div301_3 = fdiv i32 %conv300_3, i32 1e+06" [flood_HLS_base.cpp:134]   --->   Operation 344 'fdiv' 'div301_3' <Predicate = (!icmp_ln109 & icmp_ln111)> <Delay = 2.32> <CoreInst = "FDiv">   --->   Core 20 'FDiv' <Latency = 11> <II = 1> <Delay = 2.32> <FuncUnit> <Opcode : 'fdiv' 'frem'> <InPorts = 2> <OutPorts = 1>

State 28 <SV = 27> <Delay = 2.34>
ST_28 : Operation 345 [1/1] (0.00ns)   --->   "%neighbor_height_8 = bitcast i32 %p_ground_load" [flood_HLS_base.cpp:117]   --->   Operation 345 'bitcast' 'neighbor_height_8' <Predicate = (!icmp_ln109 & icmp_ln111)> <Delay = 0.00>
ST_28 : Operation 346 [7/7] (2.34ns)   --->   "%current_height = fadd i32 %neighbor_height_8, i32 %div9" [flood_HLS_base.cpp:117]   --->   Operation 346 'fadd' 'current_height' <Predicate = (!icmp_ln109 & icmp_ln111)> <Delay = 2.34> <CoreInst = "FAddSub_fulldsp">   --->   Core 18 'FAddSub_fulldsp' <Latency = 6> <II = 1> <Delay = 2.34> <FuncUnit> <Opcode : 'fadd' 'fsub'> <InPorts = 2> <OutPorts = 1>
ST_28 : Operation 347 [1/12] (2.32ns)   --->   "%div4 = fdiv i32 %conv4, i32 1e+06" [flood_HLS_base.cpp:134]   --->   Operation 347 'fdiv' 'div4' <Predicate = (!icmp_ln109 & icmp_ln111)> <Delay = 2.32> <CoreInst = "FDiv">   --->   Core 20 'FDiv' <Latency = 11> <II = 1> <Delay = 2.32> <FuncUnit> <Opcode : 'fdiv' 'frem'> <InPorts = 2> <OutPorts = 1>
ST_28 : Operation 348 [1/2] (1.24ns)   --->   "%p_ground_load_2 = load i13 %p_ground_addr_2" [flood_HLS_base.cpp:134]   --->   Operation 348 'load' 'p_ground_load_2' <Predicate = (!icmp_ln109 & icmp_ln111)> <Delay = 1.24> <CoreInst = "RAM">   --->   Core 82 'RAM' <Latency = 1> <II = 1> <Delay = 1.24> <Storage> <Opcode : 'load' 'store'> <Ports = 2> <Width = 32> <Depth = 8100> <RAM>
ST_28 : Operation 349 [2/12] (2.32ns)   --->   "%div301_1 = fdiv i32 %conv300_1, i32 1e+06" [flood_HLS_base.cpp:134]   --->   Operation 349 'fdiv' 'div301_1' <Predicate = (!icmp_ln109 & icmp_ln111)> <Delay = 2.32> <CoreInst = "FDiv">   --->   Core 20 'FDiv' <Latency = 11> <II = 1> <Delay = 2.32> <FuncUnit> <Opcode : 'fdiv' 'frem'> <InPorts = 2> <OutPorts = 1>
ST_28 : Operation 350 [5/12] (2.32ns)   --->   "%div301_2 = fdiv i32 %conv300_2, i32 1e+06" [flood_HLS_base.cpp:134]   --->   Operation 350 'fdiv' 'div301_2' <Predicate = (!icmp_ln109 & icmp_ln111)> <Delay = 2.32> <CoreInst = "FDiv">   --->   Core 20 'FDiv' <Latency = 11> <II = 1> <Delay = 2.32> <FuncUnit> <Opcode : 'fdiv' 'frem'> <InPorts = 2> <OutPorts = 1>
ST_28 : Operation 351 [1/1] (0.00ns)   --->   "%zext_ln134_12 = zext i7 %new_col_2" [flood_HLS_base.cpp:134]   --->   Operation 351 'zext' 'zext_ln134_12' <Predicate = (!icmp_ln109 & icmp_ln111)> <Delay = 0.00>
ST_28 : Operation 352 [1/1] (0.75ns)   --->   "%add_ln134_7 = add i13 %mul_ln111_1, i13 %zext_ln134_12" [flood_HLS_base.cpp:134]   --->   Operation 352 'add' 'add_ln134_7' <Predicate = (!icmp_ln109 & icmp_ln111)> <Delay = 0.75> <CoreInst = "Adder">   --->   Core 1 'Adder' <Latency = 0> <II = 1> <Delay = 0.75> <FuncUnit> <Opcode : 'add' 'sub'> <InPorts = 2> <OutPorts = 1>
ST_28 : Operation 353 [1/1] (0.00ns)   --->   "%zext_ln134_13 = zext i13 %add_ln134_7" [flood_HLS_base.cpp:134]   --->   Operation 353 'zext' 'zext_ln134_13' <Predicate = (!icmp_ln109 & icmp_ln111)> <Delay = 0.00>
ST_28 : Operation 354 [1/1] (0.00ns)   --->   "%p_ground_addr_4 = getelementptr i32 %p_ground, i64 0, i64 %zext_ln134_13" [flood_HLS_base.cpp:134]   --->   Operation 354 'getelementptr' 'p_ground_addr_4' <Predicate = (!icmp_ln109 & icmp_ln111)> <Delay = 0.00>
ST_28 : Operation 355 [1/1] (0.00ns)   --->   "%spillage_from_neigh_3_addr = getelementptr i32 %spillage_from_neigh_3, i64 0, i64 %zext_ln134_13" [flood_HLS_base.cpp:177]   --->   Operation 355 'getelementptr' 'spillage_from_neigh_3_addr' <Predicate = (!icmp_ln109 & icmp_ln111)> <Delay = 0.00>
ST_28 : Operation 356 [2/2] (1.24ns)   --->   "%p_ground_load_4 = load i13 %p_ground_addr_4" [flood_HLS_base.cpp:134]   --->   Operation 356 'load' 'p_ground_load_4' <Predicate = (!icmp_ln109 & icmp_ln111)> <Delay = 1.24> <CoreInst = "RAM">   --->   Core 82 'RAM' <Latency = 1> <II = 1> <Delay = 1.24> <Storage> <Opcode : 'load' 'store'> <Ports = 2> <Width = 32> <Depth = 8100> <RAM>
ST_28 : Operation 357 [3/12] (2.32ns)   --->   "%div301_3 = fdiv i32 %conv300_3, i32 1e+06" [flood_HLS_base.cpp:134]   --->   Operation 357 'fdiv' 'div301_3' <Predicate = (!icmp_ln109 & icmp_ln111)> <Delay = 2.32> <CoreInst = "FDiv">   --->   Core 20 'FDiv' <Latency = 11> <II = 1> <Delay = 2.32> <FuncUnit> <Opcode : 'fdiv' 'frem'> <InPorts = 2> <OutPorts = 1>

State 29 <SV = 28> <Delay = 2.34>
ST_29 : Operation 358 [6/7] (2.34ns)   --->   "%current_height = fadd i32 %neighbor_height_8, i32 %div9" [flood_HLS_base.cpp:117]   --->   Operation 358 'fadd' 'current_height' <Predicate = (!icmp_ln109 & icmp_ln111)> <Delay = 2.34> <CoreInst = "FAddSub_fulldsp">   --->   Core 18 'FAddSub_fulldsp' <Latency = 6> <II = 1> <Delay = 2.34> <FuncUnit> <Opcode : 'fadd' 'fsub'> <InPorts = 2> <OutPorts = 1>
ST_29 : Operation 359 [1/1] (0.00ns)   --->   "%bitcast_ln134 = bitcast i32 %p_ground_load_1" [flood_HLS_base.cpp:134]   --->   Operation 359 'bitcast' 'bitcast_ln134' <Predicate = (!icmp_ln109 & icmp_ln111)> <Delay = 0.00>
ST_29 : Operation 360 [7/7] (2.34ns)   --->   "%neighbor_height = fadd i32 %bitcast_ln134, i32 %div4" [flood_HLS_base.cpp:134]   --->   Operation 360 'fadd' 'neighbor_height' <Predicate = (!icmp_ln109 & icmp_ln111)> <Delay = 2.34> <CoreInst = "FAddSub_fulldsp">   --->   Core 18 'FAddSub_fulldsp' <Latency = 6> <II = 1> <Delay = 2.34> <FuncUnit> <Opcode : 'fadd' 'fsub'> <InPorts = 2> <OutPorts = 1>
ST_29 : Operation 361 [1/12] (2.32ns)   --->   "%div301_1 = fdiv i32 %conv300_1, i32 1e+06" [flood_HLS_base.cpp:134]   --->   Operation 361 'fdiv' 'div301_1' <Predicate = (!icmp_ln109 & icmp_ln111)> <Delay = 2.32> <CoreInst = "FDiv">   --->   Core 20 'FDiv' <Latency = 11> <II = 1> <Delay = 2.32> <FuncUnit> <Opcode : 'fdiv' 'frem'> <InPorts = 2> <OutPorts = 1>
ST_29 : Operation 362 [4/12] (2.32ns)   --->   "%div301_2 = fdiv i32 %conv300_2, i32 1e+06" [flood_HLS_base.cpp:134]   --->   Operation 362 'fdiv' 'div301_2' <Predicate = (!icmp_ln109 & icmp_ln111)> <Delay = 2.32> <CoreInst = "FDiv">   --->   Core 20 'FDiv' <Latency = 11> <II = 1> <Delay = 2.32> <FuncUnit> <Opcode : 'fdiv' 'frem'> <InPorts = 2> <OutPorts = 1>
ST_29 : Operation 363 [1/2] (1.24ns)   --->   "%p_ground_load_4 = load i13 %p_ground_addr_4" [flood_HLS_base.cpp:134]   --->   Operation 363 'load' 'p_ground_load_4' <Predicate = (!icmp_ln109 & icmp_ln111)> <Delay = 1.24> <CoreInst = "RAM">   --->   Core 82 'RAM' <Latency = 1> <II = 1> <Delay = 1.24> <Storage> <Opcode : 'load' 'store'> <Ports = 2> <Width = 32> <Depth = 8100> <RAM>
ST_29 : Operation 364 [2/12] (2.32ns)   --->   "%div301_3 = fdiv i32 %conv300_3, i32 1e+06" [flood_HLS_base.cpp:134]   --->   Operation 364 'fdiv' 'div301_3' <Predicate = (!icmp_ln109 & icmp_ln111)> <Delay = 2.32> <CoreInst = "FDiv">   --->   Core 20 'FDiv' <Latency = 11> <II = 1> <Delay = 2.32> <FuncUnit> <Opcode : 'fdiv' 'frem'> <InPorts = 2> <OutPorts = 1>

State 30 <SV = 29> <Delay = 2.34>
ST_30 : Operation 365 [5/7] (2.34ns)   --->   "%current_height = fadd i32 %neighbor_height_8, i32 %div9" [flood_HLS_base.cpp:117]   --->   Operation 365 'fadd' 'current_height' <Predicate = (!icmp_ln109 & icmp_ln111)> <Delay = 2.34> <CoreInst = "FAddSub_fulldsp">   --->   Core 18 'FAddSub_fulldsp' <Latency = 6> <II = 1> <Delay = 2.34> <FuncUnit> <Opcode : 'fadd' 'fsub'> <InPorts = 2> <OutPorts = 1>
ST_30 : Operation 366 [6/7] (2.34ns)   --->   "%neighbor_height = fadd i32 %bitcast_ln134, i32 %div4" [flood_HLS_base.cpp:134]   --->   Operation 366 'fadd' 'neighbor_height' <Predicate = (!icmp_ln109 & icmp_ln111)> <Delay = 2.34> <CoreInst = "FAddSub_fulldsp">   --->   Core 18 'FAddSub_fulldsp' <Latency = 6> <II = 1> <Delay = 2.34> <FuncUnit> <Opcode : 'fadd' 'fsub'> <InPorts = 2> <OutPorts = 1>
ST_30 : Operation 367 [1/1] (0.00ns)   --->   "%bitcast_ln134_1 = bitcast i32 %p_ground_load_2" [flood_HLS_base.cpp:134]   --->   Operation 367 'bitcast' 'bitcast_ln134_1' <Predicate = (!icmp_ln109 & icmp_ln111)> <Delay = 0.00>
ST_30 : Operation 368 [7/7] (2.34ns)   --->   "%neighbor_height_2 = fadd i32 %bitcast_ln134_1, i32 %div301_1" [flood_HLS_base.cpp:134]   --->   Operation 368 'fadd' 'neighbor_height_2' <Predicate = (!icmp_ln109 & icmp_ln111)> <Delay = 2.34> <CoreInst = "FAddSub_fulldsp">   --->   Core 18 'FAddSub_fulldsp' <Latency = 6> <II = 1> <Delay = 2.34> <FuncUnit> <Opcode : 'fadd' 'fsub'> <InPorts = 2> <OutPorts = 1>
ST_30 : Operation 369 [1/1] (0.00ns)   --->   "%sext_ln134 = sext i8 %new_col_1" [flood_HLS_base.cpp:134]   --->   Operation 369 'sext' 'sext_ln134' <Predicate = (!icmp_ln109 & icmp_ln111)> <Delay = 0.00>
ST_30 : Operation 370 [1/1] (0.75ns)   --->   "%add_ln134_5 = add i13 %mul_ln111_1, i13 %sext_ln134" [flood_HLS_base.cpp:134]   --->   Operation 370 'add' 'add_ln134_5' <Predicate = (!icmp_ln109 & icmp_ln111)> <Delay = 0.75> <CoreInst = "Adder">   --->   Core 1 'Adder' <Latency = 0> <II = 1> <Delay = 0.75> <FuncUnit> <Opcode : 'add' 'sub'> <InPorts = 2> <OutPorts = 1>
ST_30 : Operation 371 [1/1] (0.00ns)   --->   "%zext_ln134 = zext i13 %add_ln134_5" [flood_HLS_base.cpp:134]   --->   Operation 371 'zext' 'zext_ln134' <Predicate = (!icmp_ln109 & icmp_ln111)> <Delay = 0.00>
ST_30 : Operation 372 [1/1] (0.00ns)   --->   "%p_ground_addr_3 = getelementptr i32 %p_ground, i64 0, i64 %zext_ln134" [flood_HLS_base.cpp:134]   --->   Operation 372 'getelementptr' 'p_ground_addr_3' <Predicate = (!icmp_ln109 & icmp_ln111)> <Delay = 0.00>
ST_30 : Operation 373 [1/1] (0.00ns)   --->   "%spillage_from_neigh_2_addr = getelementptr i32 %spillage_from_neigh_2, i64 0, i64 %zext_ln134" [flood_HLS_base.cpp:177]   --->   Operation 373 'getelementptr' 'spillage_from_neigh_2_addr' <Predicate = (!icmp_ln109 & icmp_ln111)> <Delay = 0.00>
ST_30 : Operation 374 [2/2] (1.24ns)   --->   "%p_ground_load_3 = load i13 %p_ground_addr_3" [flood_HLS_base.cpp:134]   --->   Operation 374 'load' 'p_ground_load_3' <Predicate = (!icmp_ln109 & icmp_ln111)> <Delay = 1.24> <CoreInst = "RAM">   --->   Core 82 'RAM' <Latency = 1> <II = 1> <Delay = 1.24> <Storage> <Opcode : 'load' 'store'> <Ports = 2> <Width = 32> <Depth = 8100> <RAM>
ST_30 : Operation 375 [3/12] (2.32ns)   --->   "%div301_2 = fdiv i32 %conv300_2, i32 1e+06" [flood_HLS_base.cpp:134]   --->   Operation 375 'fdiv' 'div301_2' <Predicate = (!icmp_ln109 & icmp_ln111)> <Delay = 2.32> <CoreInst = "FDiv">   --->   Core 20 'FDiv' <Latency = 11> <II = 1> <Delay = 2.32> <FuncUnit> <Opcode : 'fdiv' 'frem'> <InPorts = 2> <OutPorts = 1>
ST_30 : Operation 376 [1/12] (2.32ns)   --->   "%div301_3 = fdiv i32 %conv300_3, i32 1e+06" [flood_HLS_base.cpp:134]   --->   Operation 376 'fdiv' 'div301_3' <Predicate = (!icmp_ln109 & icmp_ln111)> <Delay = 2.32> <CoreInst = "FDiv">   --->   Core 20 'FDiv' <Latency = 11> <II = 1> <Delay = 2.32> <FuncUnit> <Opcode : 'fdiv' 'frem'> <InPorts = 2> <OutPorts = 1>

State 31 <SV = 30> <Delay = 2.34>
ST_31 : Operation 377 [4/7] (2.34ns)   --->   "%current_height = fadd i32 %neighbor_height_8, i32 %div9" [flood_HLS_base.cpp:117]   --->   Operation 377 'fadd' 'current_height' <Predicate = (!icmp_ln109 & icmp_ln111)> <Delay = 2.34> <CoreInst = "FAddSub_fulldsp">   --->   Core 18 'FAddSub_fulldsp' <Latency = 6> <II = 1> <Delay = 2.34> <FuncUnit> <Opcode : 'fadd' 'fsub'> <InPorts = 2> <OutPorts = 1>
ST_31 : Operation 378 [5/7] (2.34ns)   --->   "%neighbor_height = fadd i32 %bitcast_ln134, i32 %div4" [flood_HLS_base.cpp:134]   --->   Operation 378 'fadd' 'neighbor_height' <Predicate = (!icmp_ln109 & icmp_ln111)> <Delay = 2.34> <CoreInst = "FAddSub_fulldsp">   --->   Core 18 'FAddSub_fulldsp' <Latency = 6> <II = 1> <Delay = 2.34> <FuncUnit> <Opcode : 'fadd' 'fsub'> <InPorts = 2> <OutPorts = 1>
ST_31 : Operation 379 [6/7] (2.34ns)   --->   "%neighbor_height_2 = fadd i32 %bitcast_ln134_1, i32 %div301_1" [flood_HLS_base.cpp:134]   --->   Operation 379 'fadd' 'neighbor_height_2' <Predicate = (!icmp_ln109 & icmp_ln111)> <Delay = 2.34> <CoreInst = "FAddSub_fulldsp">   --->   Core 18 'FAddSub_fulldsp' <Latency = 6> <II = 1> <Delay = 2.34> <FuncUnit> <Opcode : 'fadd' 'fsub'> <InPorts = 2> <OutPorts = 1>
ST_31 : Operation 380 [1/2] (1.24ns)   --->   "%p_ground_load_3 = load i13 %p_ground_addr_3" [flood_HLS_base.cpp:134]   --->   Operation 380 'load' 'p_ground_load_3' <Predicate = (!icmp_ln109 & icmp_ln111)> <Delay = 1.24> <CoreInst = "RAM">   --->   Core 82 'RAM' <Latency = 1> <II = 1> <Delay = 1.24> <Storage> <Opcode : 'load' 'store'> <Ports = 2> <Width = 32> <Depth = 8100> <RAM>
ST_31 : Operation 381 [2/12] (2.32ns)   --->   "%div301_2 = fdiv i32 %conv300_2, i32 1e+06" [flood_HLS_base.cpp:134]   --->   Operation 381 'fdiv' 'div301_2' <Predicate = (!icmp_ln109 & icmp_ln111)> <Delay = 2.32> <CoreInst = "FDiv">   --->   Core 20 'FDiv' <Latency = 11> <II = 1> <Delay = 2.32> <FuncUnit> <Opcode : 'fdiv' 'frem'> <InPorts = 2> <OutPorts = 1>
ST_31 : Operation 382 [1/1] (0.00ns)   --->   "%bitcast_ln134_3 = bitcast i32 %p_ground_load_4" [flood_HLS_base.cpp:134]   --->   Operation 382 'bitcast' 'bitcast_ln134_3' <Predicate = (!icmp_ln109 & icmp_ln111)> <Delay = 0.00>
ST_31 : Operation 383 [7/7] (2.34ns)   --->   "%neighbor_height_6 = fadd i32 %bitcast_ln134_3, i32 %div301_3" [flood_HLS_base.cpp:134]   --->   Operation 383 'fadd' 'neighbor_height_6' <Predicate = (!icmp_ln109 & icmp_ln111)> <Delay = 2.34> <CoreInst = "FAddSub_fulldsp">   --->   Core 18 'FAddSub_fulldsp' <Latency = 6> <II = 1> <Delay = 2.34> <FuncUnit> <Opcode : 'fadd' 'fsub'> <InPorts = 2> <OutPorts = 1>

State 32 <SV = 31> <Delay = 2.34>
ST_32 : Operation 384 [3/7] (2.34ns)   --->   "%current_height = fadd i32 %neighbor_height_8, i32 %div9" [flood_HLS_base.cpp:117]   --->   Operation 384 'fadd' 'current_height' <Predicate = (!icmp_ln109 & icmp_ln111)> <Delay = 2.34> <CoreInst = "FAddSub_fulldsp">   --->   Core 18 'FAddSub_fulldsp' <Latency = 6> <II = 1> <Delay = 2.34> <FuncUnit> <Opcode : 'fadd' 'fsub'> <InPorts = 2> <OutPorts = 1>
ST_32 : Operation 385 [4/7] (2.34ns)   --->   "%neighbor_height = fadd i32 %bitcast_ln134, i32 %div4" [flood_HLS_base.cpp:134]   --->   Operation 385 'fadd' 'neighbor_height' <Predicate = (!icmp_ln109 & icmp_ln111)> <Delay = 2.34> <CoreInst = "FAddSub_fulldsp">   --->   Core 18 'FAddSub_fulldsp' <Latency = 6> <II = 1> <Delay = 2.34> <FuncUnit> <Opcode : 'fadd' 'fsub'> <InPorts = 2> <OutPorts = 1>
ST_32 : Operation 386 [5/7] (2.34ns)   --->   "%neighbor_height_2 = fadd i32 %bitcast_ln134_1, i32 %div301_1" [flood_HLS_base.cpp:134]   --->   Operation 386 'fadd' 'neighbor_height_2' <Predicate = (!icmp_ln109 & icmp_ln111)> <Delay = 2.34> <CoreInst = "FAddSub_fulldsp">   --->   Core 18 'FAddSub_fulldsp' <Latency = 6> <II = 1> <Delay = 2.34> <FuncUnit> <Opcode : 'fadd' 'fsub'> <InPorts = 2> <OutPorts = 1>
ST_32 : Operation 387 [1/12] (2.32ns)   --->   "%div301_2 = fdiv i32 %conv300_2, i32 1e+06" [flood_HLS_base.cpp:134]   --->   Operation 387 'fdiv' 'div301_2' <Predicate = (!icmp_ln109 & icmp_ln111)> <Delay = 2.32> <CoreInst = "FDiv">   --->   Core 20 'FDiv' <Latency = 11> <II = 1> <Delay = 2.32> <FuncUnit> <Opcode : 'fdiv' 'frem'> <InPorts = 2> <OutPorts = 1>
ST_32 : Operation 388 [6/7] (2.34ns)   --->   "%neighbor_height_6 = fadd i32 %bitcast_ln134_3, i32 %div301_3" [flood_HLS_base.cpp:134]   --->   Operation 388 'fadd' 'neighbor_height_6' <Predicate = (!icmp_ln109 & icmp_ln111)> <Delay = 2.34> <CoreInst = "FAddSub_fulldsp">   --->   Core 18 'FAddSub_fulldsp' <Latency = 6> <II = 1> <Delay = 2.34> <FuncUnit> <Opcode : 'fadd' 'fsub'> <InPorts = 2> <OutPorts = 1>

State 33 <SV = 32> <Delay = 2.34>
ST_33 : Operation 389 [2/7] (2.34ns)   --->   "%current_height = fadd i32 %neighbor_height_8, i32 %div9" [flood_HLS_base.cpp:117]   --->   Operation 389 'fadd' 'current_height' <Predicate = (!icmp_ln109 & icmp_ln111)> <Delay = 2.34> <CoreInst = "FAddSub_fulldsp">   --->   Core 18 'FAddSub_fulldsp' <Latency = 6> <II = 1> <Delay = 2.34> <FuncUnit> <Opcode : 'fadd' 'fsub'> <InPorts = 2> <OutPorts = 1>
ST_33 : Operation 390 [3/7] (2.34ns)   --->   "%neighbor_height = fadd i32 %bitcast_ln134, i32 %div4" [flood_HLS_base.cpp:134]   --->   Operation 390 'fadd' 'neighbor_height' <Predicate = (!icmp_ln109 & icmp_ln111)> <Delay = 2.34> <CoreInst = "FAddSub_fulldsp">   --->   Core 18 'FAddSub_fulldsp' <Latency = 6> <II = 1> <Delay = 2.34> <FuncUnit> <Opcode : 'fadd' 'fsub'> <InPorts = 2> <OutPorts = 1>
ST_33 : Operation 391 [4/7] (2.34ns)   --->   "%neighbor_height_2 = fadd i32 %bitcast_ln134_1, i32 %div301_1" [flood_HLS_base.cpp:134]   --->   Operation 391 'fadd' 'neighbor_height_2' <Predicate = (!icmp_ln109 & icmp_ln111)> <Delay = 2.34> <CoreInst = "FAddSub_fulldsp">   --->   Core 18 'FAddSub_fulldsp' <Latency = 6> <II = 1> <Delay = 2.34> <FuncUnit> <Opcode : 'fadd' 'fsub'> <InPorts = 2> <OutPorts = 1>
ST_33 : Operation 392 [1/1] (0.00ns)   --->   "%bitcast_ln134_2 = bitcast i32 %p_ground_load_3" [flood_HLS_base.cpp:134]   --->   Operation 392 'bitcast' 'bitcast_ln134_2' <Predicate = (!icmp_ln109 & icmp_ln111)> <Delay = 0.00>
ST_33 : Operation 393 [7/7] (2.34ns)   --->   "%neighbor_height_4 = fadd i32 %bitcast_ln134_2, i32 %div301_2" [flood_HLS_base.cpp:134]   --->   Operation 393 'fadd' 'neighbor_height_4' <Predicate = (!icmp_ln109 & icmp_ln111)> <Delay = 2.34> <CoreInst = "FAddSub_fulldsp">   --->   Core 18 'FAddSub_fulldsp' <Latency = 6> <II = 1> <Delay = 2.34> <FuncUnit> <Opcode : 'fadd' 'fsub'> <InPorts = 2> <OutPorts = 1>
ST_33 : Operation 394 [5/7] (2.34ns)   --->   "%neighbor_height_6 = fadd i32 %bitcast_ln134_3, i32 %div301_3" [flood_HLS_base.cpp:134]   --->   Operation 394 'fadd' 'neighbor_height_6' <Predicate = (!icmp_ln109 & icmp_ln111)> <Delay = 2.34> <CoreInst = "FAddSub_fulldsp">   --->   Core 18 'FAddSub_fulldsp' <Latency = 6> <II = 1> <Delay = 2.34> <FuncUnit> <Opcode : 'fadd' 'fsub'> <InPorts = 2> <OutPorts = 1>

State 34 <SV = 33> <Delay = 2.34>
ST_34 : Operation 395 [1/7] (2.34ns)   --->   "%current_height = fadd i32 %neighbor_height_8, i32 %div9" [flood_HLS_base.cpp:117]   --->   Operation 395 'fadd' 'current_height' <Predicate = (!icmp_ln109 & icmp_ln111)> <Delay = 2.34> <CoreInst = "FAddSub_fulldsp">   --->   Core 18 'FAddSub_fulldsp' <Latency = 6> <II = 1> <Delay = 2.34> <FuncUnit> <Opcode : 'fadd' 'fsub'> <InPorts = 2> <OutPorts = 1>
ST_34 : Operation 396 [2/7] (2.34ns)   --->   "%neighbor_height = fadd i32 %bitcast_ln134, i32 %div4" [flood_HLS_base.cpp:134]   --->   Operation 396 'fadd' 'neighbor_height' <Predicate = (!icmp_ln109 & icmp_ln111)> <Delay = 2.34> <CoreInst = "FAddSub_fulldsp">   --->   Core 18 'FAddSub_fulldsp' <Latency = 6> <II = 1> <Delay = 2.34> <FuncUnit> <Opcode : 'fadd' 'fsub'> <InPorts = 2> <OutPorts = 1>
ST_34 : Operation 397 [3/7] (2.34ns)   --->   "%neighbor_height_2 = fadd i32 %bitcast_ln134_1, i32 %div301_1" [flood_HLS_base.cpp:134]   --->   Operation 397 'fadd' 'neighbor_height_2' <Predicate = (!icmp_ln109 & icmp_ln111)> <Delay = 2.34> <CoreInst = "FAddSub_fulldsp">   --->   Core 18 'FAddSub_fulldsp' <Latency = 6> <II = 1> <Delay = 2.34> <FuncUnit> <Opcode : 'fadd' 'fsub'> <InPorts = 2> <OutPorts = 1>
ST_34 : Operation 398 [6/7] (2.34ns)   --->   "%neighbor_height_4 = fadd i32 %bitcast_ln134_2, i32 %div301_2" [flood_HLS_base.cpp:134]   --->   Operation 398 'fadd' 'neighbor_height_4' <Predicate = (!icmp_ln109 & icmp_ln111)> <Delay = 2.34> <CoreInst = "FAddSub_fulldsp">   --->   Core 18 'FAddSub_fulldsp' <Latency = 6> <II = 1> <Delay = 2.34> <FuncUnit> <Opcode : 'fadd' 'fsub'> <InPorts = 2> <OutPorts = 1>
ST_34 : Operation 399 [4/7] (2.34ns)   --->   "%neighbor_height_6 = fadd i32 %bitcast_ln134_3, i32 %div301_3" [flood_HLS_base.cpp:134]   --->   Operation 399 'fadd' 'neighbor_height_6' <Predicate = (!icmp_ln109 & icmp_ln111)> <Delay = 2.34> <CoreInst = "FAddSub_fulldsp">   --->   Core 18 'FAddSub_fulldsp' <Latency = 6> <II = 1> <Delay = 2.34> <FuncUnit> <Opcode : 'fadd' 'fsub'> <InPorts = 2> <OutPorts = 1>

State 35 <SV = 34> <Delay = 2.34>
ST_35 : Operation 400 [1/7] (2.34ns)   --->   "%neighbor_height = fadd i32 %bitcast_ln134, i32 %div4" [flood_HLS_base.cpp:134]   --->   Operation 400 'fadd' 'neighbor_height' <Predicate = (!icmp_ln109 & icmp_ln111)> <Delay = 2.34> <CoreInst = "FAddSub_fulldsp">   --->   Core 18 'FAddSub_fulldsp' <Latency = 6> <II = 1> <Delay = 2.34> <FuncUnit> <Opcode : 'fadd' 'fsub'> <InPorts = 2> <OutPorts = 1>
ST_35 : Operation 401 [2/7] (2.34ns)   --->   "%neighbor_height_2 = fadd i32 %bitcast_ln134_1, i32 %div301_1" [flood_HLS_base.cpp:134]   --->   Operation 401 'fadd' 'neighbor_height_2' <Predicate = (!icmp_ln109 & icmp_ln111)> <Delay = 2.34> <CoreInst = "FAddSub_fulldsp">   --->   Core 18 'FAddSub_fulldsp' <Latency = 6> <II = 1> <Delay = 2.34> <FuncUnit> <Opcode : 'fadd' 'fsub'> <InPorts = 2> <OutPorts = 1>
ST_35 : Operation 402 [5/7] (2.34ns)   --->   "%neighbor_height_4 = fadd i32 %bitcast_ln134_2, i32 %div301_2" [flood_HLS_base.cpp:134]   --->   Operation 402 'fadd' 'neighbor_height_4' <Predicate = (!icmp_ln109 & icmp_ln111)> <Delay = 2.34> <CoreInst = "FAddSub_fulldsp">   --->   Core 18 'FAddSub_fulldsp' <Latency = 6> <II = 1> <Delay = 2.34> <FuncUnit> <Opcode : 'fadd' 'fsub'> <InPorts = 2> <OutPorts = 1>
ST_35 : Operation 403 [3/7] (2.34ns)   --->   "%neighbor_height_6 = fadd i32 %bitcast_ln134_3, i32 %div301_3" [flood_HLS_base.cpp:134]   --->   Operation 403 'fadd' 'neighbor_height_6' <Predicate = (!icmp_ln109 & icmp_ln111)> <Delay = 2.34> <CoreInst = "FAddSub_fulldsp">   --->   Core 18 'FAddSub_fulldsp' <Latency = 6> <II = 1> <Delay = 2.34> <FuncUnit> <Opcode : 'fadd' 'fsub'> <InPorts = 2> <OutPorts = 1>

State 36 <SV = 35> <Delay = 2.56>
ST_36 : Operation 404 [1/1] (0.22ns)   --->   "%neighbor_height_1 = select i1 %empty_72, i32 %neighbor_height_8, i32 %neighbor_height" [flood_HLS_base.cpp:109]   --->   Operation 404 'select' 'neighbor_height_1' <Predicate = (!icmp_ln109 & icmp_ln111)> <Delay = 0.22> <CoreInst = "Sel">   --->   Core 73 'Sel' <Latency = 0> <II = 1> <Delay = 0.22> <FuncUnit> <Opcode : 'select'> <InPorts = 3> <OutPorts = 1>
ST_36 : Operation 405 [1/1] (0.00ns)   --->   "%bitcast_ln139_1 = bitcast i32 %neighbor_height_1" [flood_HLS_base.cpp:139]   --->   Operation 405 'bitcast' 'bitcast_ln139_1' <Predicate = (!icmp_ln109 & icmp_ln111)> <Delay = 0.00>
ST_36 : Operation 406 [1/1] (0.00ns)   --->   "%tmp_33 = partselect i8 @_ssdm_op_PartSelect.i8.i32.i32.i32, i32 %bitcast_ln139_1, i32 23, i32 30" [flood_HLS_base.cpp:139]   --->   Operation 406 'partselect' 'tmp_33' <Predicate = (!icmp_ln109 & icmp_ln111)> <Delay = 0.00>
ST_36 : Operation 407 [1/1] (0.00ns)   --->   "%trunc_ln139_1 = trunc i32 %bitcast_ln139_1" [flood_HLS_base.cpp:139]   --->   Operation 407 'trunc' 'trunc_ln139_1' <Predicate = (!icmp_ln109 & icmp_ln111)> <Delay = 0.00>
ST_36 : Operation 408 [1/1] (0.70ns)   --->   "%icmp_ln139_2 = icmp_ne  i8 %tmp_33, i8 255" [flood_HLS_base.cpp:139]   --->   Operation 408 'icmp' 'icmp_ln139_2' <Predicate = (!icmp_ln109 & icmp_ln111)> <Delay = 0.70> <CoreInst = "Cmp">   --->   Core 9 'Cmp' <Latency = 0> <II = 1> <Delay = 0.70> <FuncUnit> <Opcode : 'seteq' 'setne' 'setle' 'setge' 'setlt' 'setgt'> <InPorts = 2> <OutPorts = 1>
ST_36 : Operation 409 [1/1] (0.82ns)   --->   "%icmp_ln139_3 = icmp_eq  i23 %trunc_ln139_1, i23 0" [flood_HLS_base.cpp:139]   --->   Operation 409 'icmp' 'icmp_ln139_3' <Predicate = (!icmp_ln109 & icmp_ln111)> <Delay = 0.82> <CoreInst = "Cmp">   --->   Core 9 'Cmp' <Latency = 0> <II = 1> <Delay = 0.82> <FuncUnit> <Opcode : 'seteq' 'setne' 'setle' 'setge' 'setlt' 'setgt'> <InPorts = 2> <OutPorts = 1>
ST_36 : Operation 410 [2/2] (1.64ns)   --->   "%tmp_34 = fcmp_oge  i32 %current_height, i32 %neighbor_height_1" [flood_HLS_base.cpp:139]   --->   Operation 410 'fcmp' 'tmp_34' <Predicate = (!icmp_ln109 & icmp_ln111)> <Delay = 1.64> <CoreInst = "FCompare">   --->   Core 19 'FCompare' <Latency = 1> <II = 1> <Delay = 1.64> <FuncUnit> <Opcode : 'fcmp'> <InPorts = 2> <OutPorts = 1>
ST_36 : Operation 411 [7/7] (2.34ns)   --->   "%height_diff = fsub i32 %current_height, i32 %neighbor_height_1" [flood_HLS_base.cpp:140]   --->   Operation 411 'fsub' 'height_diff' <Predicate = (!icmp_ln109 & icmp_ln111)> <Delay = 2.34> <CoreInst = "FAddSub_fulldsp">   --->   Core 18 'FAddSub_fulldsp' <Latency = 6> <II = 1> <Delay = 2.34> <FuncUnit> <Opcode : 'fadd' 'fsub'> <InPorts = 2> <OutPorts = 1>
ST_36 : Operation 412 [1/7] (2.34ns)   --->   "%neighbor_height_2 = fadd i32 %bitcast_ln134_1, i32 %div301_1" [flood_HLS_base.cpp:134]   --->   Operation 412 'fadd' 'neighbor_height_2' <Predicate = (!icmp_ln109 & icmp_ln111)> <Delay = 2.34> <CoreInst = "FAddSub_fulldsp">   --->   Core 18 'FAddSub_fulldsp' <Latency = 6> <II = 1> <Delay = 2.34> <FuncUnit> <Opcode : 'fadd' 'fsub'> <InPorts = 2> <OutPorts = 1>
ST_36 : Operation 413 [4/7] (2.34ns)   --->   "%neighbor_height_4 = fadd i32 %bitcast_ln134_2, i32 %div301_2" [flood_HLS_base.cpp:134]   --->   Operation 413 'fadd' 'neighbor_height_4' <Predicate = (!icmp_ln109 & icmp_ln111)> <Delay = 2.34> <CoreInst = "FAddSub_fulldsp">   --->   Core 18 'FAddSub_fulldsp' <Latency = 6> <II = 1> <Delay = 2.34> <FuncUnit> <Opcode : 'fadd' 'fsub'> <InPorts = 2> <OutPorts = 1>
ST_36 : Operation 414 [2/7] (2.34ns)   --->   "%neighbor_height_6 = fadd i32 %bitcast_ln134_3, i32 %div301_3" [flood_HLS_base.cpp:134]   --->   Operation 414 'fadd' 'neighbor_height_6' <Predicate = (!icmp_ln109 & icmp_ln111)> <Delay = 2.34> <CoreInst = "FAddSub_fulldsp">   --->   Core 18 'FAddSub_fulldsp' <Latency = 6> <II = 1> <Delay = 2.34> <FuncUnit> <Opcode : 'fadd' 'fsub'> <InPorts = 2> <OutPorts = 1>

State 37 <SV = 36> <Delay = 2.56>
ST_37 : Operation 415 [1/1] (0.00ns)   --->   "%bitcast_ln139 = bitcast i32 %current_height" [flood_HLS_base.cpp:139]   --->   Operation 415 'bitcast' 'bitcast_ln139' <Predicate = (!icmp_ln109 & icmp_ln111)> <Delay = 0.00>
ST_37 : Operation 416 [1/1] (0.00ns)   --->   "%tmp_32 = partselect i8 @_ssdm_op_PartSelect.i8.i32.i32.i32, i32 %bitcast_ln139, i32 23, i32 30" [flood_HLS_base.cpp:139]   --->   Operation 416 'partselect' 'tmp_32' <Predicate = (!icmp_ln109 & icmp_ln111)> <Delay = 0.00>
ST_37 : Operation 417 [1/1] (0.00ns)   --->   "%trunc_ln139 = trunc i32 %bitcast_ln139" [flood_HLS_base.cpp:139]   --->   Operation 417 'trunc' 'trunc_ln139' <Predicate = (!icmp_ln109 & icmp_ln111)> <Delay = 0.00>
ST_37 : Operation 418 [1/1] (0.70ns)   --->   "%icmp_ln139 = icmp_ne  i8 %tmp_32, i8 255" [flood_HLS_base.cpp:139]   --->   Operation 418 'icmp' 'icmp_ln139' <Predicate = (!icmp_ln109 & icmp_ln111)> <Delay = 0.70> <CoreInst = "Cmp">   --->   Core 9 'Cmp' <Latency = 0> <II = 1> <Delay = 0.70> <FuncUnit> <Opcode : 'seteq' 'setne' 'setle' 'setge' 'setlt' 'setgt'> <InPorts = 2> <OutPorts = 1>
ST_37 : Operation 419 [1/1] (0.82ns)   --->   "%icmp_ln139_1 = icmp_eq  i23 %trunc_ln139, i23 0" [flood_HLS_base.cpp:139]   --->   Operation 419 'icmp' 'icmp_ln139_1' <Predicate = (!icmp_ln109 & icmp_ln111)> <Delay = 0.82> <CoreInst = "Cmp">   --->   Core 9 'Cmp' <Latency = 0> <II = 1> <Delay = 0.82> <FuncUnit> <Opcode : 'seteq' 'setne' 'setle' 'setge' 'setlt' 'setgt'> <InPorts = 2> <OutPorts = 1>
ST_37 : Operation 420 [1/1] (0.12ns)   --->   "%or_ln139 = or i1 %icmp_ln139_1, i1 %icmp_ln139" [flood_HLS_base.cpp:139]   --->   Operation 420 'or' 'or_ln139' <Predicate = (!icmp_ln109 & icmp_ln111)> <Delay = 0.12> <CoreInst = "LogicGate">   --->   Core 74 'LogicGate' <Latency = 0> <II = 1> <Delay = 0.12> <FuncUnit> <Opcode : 'and' 'or' 'xor'> <InPorts = 2> <OutPorts = 1>
ST_37 : Operation 421 [1/1] (0.00ns) (grouped into LUT with out node and_ln139_1)   --->   "%or_ln139_1 = or i1 %icmp_ln139_3, i1 %icmp_ln139_2" [flood_HLS_base.cpp:139]   --->   Operation 421 'or' 'or_ln139_1' <Predicate = (!icmp_ln109 & icmp_ln111)> <Delay = 0.00> <CoreInst = "LogicGate">   --->   Core 74 'LogicGate' <Latency = 0> <II = 1> <Delay = 0.12> <FuncUnit> <Opcode : 'and' 'or' 'xor'> <InPorts = 2> <OutPorts = 1>
ST_37 : Operation 422 [1/1] (0.00ns) (grouped into LUT with out node and_ln139_1)   --->   "%and_ln139 = and i1 %or_ln139, i1 %or_ln139_1" [flood_HLS_base.cpp:139]   --->   Operation 422 'and' 'and_ln139' <Predicate = (!icmp_ln109 & icmp_ln111)> <Delay = 0.00> <CoreInst = "LogicGate">   --->   Core 74 'LogicGate' <Latency = 0> <II = 1> <Delay = 0.12> <FuncUnit> <Opcode : 'and' 'or' 'xor'> <InPorts = 2> <OutPorts = 1>
ST_37 : Operation 423 [1/2] (1.64ns)   --->   "%tmp_34 = fcmp_oge  i32 %current_height, i32 %neighbor_height_1" [flood_HLS_base.cpp:139]   --->   Operation 423 'fcmp' 'tmp_34' <Predicate = (!icmp_ln109 & icmp_ln111)> <Delay = 1.64> <CoreInst = "FCompare">   --->   Core 19 'FCompare' <Latency = 1> <II = 1> <Delay = 1.64> <FuncUnit> <Opcode : 'fcmp'> <InPorts = 2> <OutPorts = 1>
ST_37 : Operation 424 [1/1] (0.12ns) (out node of the LUT)   --->   "%and_ln139_1 = and i1 %and_ln139, i1 %tmp_34" [flood_HLS_base.cpp:139]   --->   Operation 424 'and' 'and_ln139_1' <Predicate = (!icmp_ln109 & icmp_ln111)> <Delay = 0.12> <CoreInst = "LogicGate">   --->   Core 74 'LogicGate' <Latency = 0> <II = 1> <Delay = 0.12> <FuncUnit> <Opcode : 'and' 'or' 'xor'> <InPorts = 2> <OutPorts = 1>
ST_37 : Operation 425 [6/7] (2.34ns)   --->   "%height_diff = fsub i32 %current_height, i32 %neighbor_height_1" [flood_HLS_base.cpp:140]   --->   Operation 425 'fsub' 'height_diff' <Predicate = (!icmp_ln109 & icmp_ln111)> <Delay = 2.34> <CoreInst = "FAddSub_fulldsp">   --->   Core 18 'FAddSub_fulldsp' <Latency = 6> <II = 1> <Delay = 2.34> <FuncUnit> <Opcode : 'fadd' 'fsub'> <InPorts = 2> <OutPorts = 1>
ST_37 : Operation 426 [1/1] (0.22ns)   --->   "%neighbor_height_3 = select i1 %empty_73, i32 %neighbor_height_8, i32 %neighbor_height_2" [flood_HLS_base.cpp:109]   --->   Operation 426 'select' 'neighbor_height_3' <Predicate = (!icmp_ln109 & icmp_ln111)> <Delay = 0.22> <CoreInst = "Sel">   --->   Core 73 'Sel' <Latency = 0> <II = 1> <Delay = 0.22> <FuncUnit> <Opcode : 'select'> <InPorts = 3> <OutPorts = 1>
ST_37 : Operation 427 [1/1] (0.00ns)   --->   "%bitcast_ln139_2 = bitcast i32 %neighbor_height_3" [flood_HLS_base.cpp:139]   --->   Operation 427 'bitcast' 'bitcast_ln139_2' <Predicate = (!icmp_ln109 & icmp_ln111)> <Delay = 0.00>
ST_37 : Operation 428 [1/1] (0.00ns)   --->   "%tmp_39 = partselect i8 @_ssdm_op_PartSelect.i8.i32.i32.i32, i32 %bitcast_ln139_2, i32 23, i32 30" [flood_HLS_base.cpp:139]   --->   Operation 428 'partselect' 'tmp_39' <Predicate = (!icmp_ln109 & icmp_ln111)> <Delay = 0.00>
ST_37 : Operation 429 [1/1] (0.00ns)   --->   "%trunc_ln139_2 = trunc i32 %bitcast_ln139_2" [flood_HLS_base.cpp:139]   --->   Operation 429 'trunc' 'trunc_ln139_2' <Predicate = (!icmp_ln109 & icmp_ln111)> <Delay = 0.00>
ST_37 : Operation 430 [1/1] (0.70ns)   --->   "%icmp_ln139_4 = icmp_ne  i8 %tmp_39, i8 255" [flood_HLS_base.cpp:139]   --->   Operation 430 'icmp' 'icmp_ln139_4' <Predicate = (!icmp_ln109 & icmp_ln111)> <Delay = 0.70> <CoreInst = "Cmp">   --->   Core 9 'Cmp' <Latency = 0> <II = 1> <Delay = 0.70> <FuncUnit> <Opcode : 'seteq' 'setne' 'setle' 'setge' 'setlt' 'setgt'> <InPorts = 2> <OutPorts = 1>
ST_37 : Operation 431 [1/1] (0.82ns)   --->   "%icmp_ln139_5 = icmp_eq  i23 %trunc_ln139_2, i23 0" [flood_HLS_base.cpp:139]   --->   Operation 431 'icmp' 'icmp_ln139_5' <Predicate = (!icmp_ln109 & icmp_ln111)> <Delay = 0.82> <CoreInst = "Cmp">   --->   Core 9 'Cmp' <Latency = 0> <II = 1> <Delay = 0.82> <FuncUnit> <Opcode : 'seteq' 'setne' 'setle' 'setge' 'setlt' 'setgt'> <InPorts = 2> <OutPorts = 1>
ST_37 : Operation 432 [2/2] (1.64ns)   --->   "%tmp_40 = fcmp_oge  i32 %current_height, i32 %neighbor_height_3" [flood_HLS_base.cpp:139]   --->   Operation 432 'fcmp' 'tmp_40' <Predicate = (!icmp_ln109 & icmp_ln111)> <Delay = 1.64> <CoreInst = "FCompare">   --->   Core 19 'FCompare' <Latency = 1> <II = 1> <Delay = 1.64> <FuncUnit> <Opcode : 'fcmp'> <InPorts = 2> <OutPorts = 1>
ST_37 : Operation 433 [7/7] (2.34ns)   --->   "%height_diff_1 = fsub i32 %current_height, i32 %neighbor_height_3" [flood_HLS_base.cpp:140]   --->   Operation 433 'fsub' 'height_diff_1' <Predicate = (!icmp_ln109 & icmp_ln111)> <Delay = 2.34> <CoreInst = "FAddSub_fulldsp">   --->   Core 18 'FAddSub_fulldsp' <Latency = 6> <II = 1> <Delay = 2.34> <FuncUnit> <Opcode : 'fadd' 'fsub'> <InPorts = 2> <OutPorts = 1>
ST_37 : Operation 434 [3/7] (2.34ns)   --->   "%neighbor_height_4 = fadd i32 %bitcast_ln134_2, i32 %div301_2" [flood_HLS_base.cpp:134]   --->   Operation 434 'fadd' 'neighbor_height_4' <Predicate = (!icmp_ln109 & icmp_ln111)> <Delay = 2.34> <CoreInst = "FAddSub_fulldsp">   --->   Core 18 'FAddSub_fulldsp' <Latency = 6> <II = 1> <Delay = 2.34> <FuncUnit> <Opcode : 'fadd' 'fsub'> <InPorts = 2> <OutPorts = 1>
ST_37 : Operation 435 [1/1] (0.70ns)   --->   "%icmp_ln128_1 = icmp_ugt  i7 %new_col_2, i7 89" [flood_HLS_base.cpp:128]   --->   Operation 435 'icmp' 'icmp_ln128_1' <Predicate = (!icmp_ln109 & icmp_ln111)> <Delay = 0.70> <CoreInst = "Cmp">   --->   Core 9 'Cmp' <Latency = 0> <II = 1> <Delay = 0.70> <FuncUnit> <Opcode : 'seteq' 'setne' 'setle' 'setge' 'setlt' 'setgt'> <InPorts = 2> <OutPorts = 1>
ST_37 : Operation 436 [1/7] (2.34ns)   --->   "%neighbor_height_6 = fadd i32 %bitcast_ln134_3, i32 %div301_3" [flood_HLS_base.cpp:134]   --->   Operation 436 'fadd' 'neighbor_height_6' <Predicate = (!icmp_ln109 & icmp_ln111)> <Delay = 2.34> <CoreInst = "FAddSub_fulldsp">   --->   Core 18 'FAddSub_fulldsp' <Latency = 6> <II = 1> <Delay = 2.34> <FuncUnit> <Opcode : 'fadd' 'fsub'> <InPorts = 2> <OutPorts = 1>

State 38 <SV = 37> <Delay = 2.56>
ST_38 : Operation 437 [5/7] (2.34ns)   --->   "%height_diff = fsub i32 %current_height, i32 %neighbor_height_1" [flood_HLS_base.cpp:140]   --->   Operation 437 'fsub' 'height_diff' <Predicate = (!icmp_ln109 & icmp_ln111)> <Delay = 2.34> <CoreInst = "FAddSub_fulldsp">   --->   Core 18 'FAddSub_fulldsp' <Latency = 6> <II = 1> <Delay = 2.34> <FuncUnit> <Opcode : 'fadd' 'fsub'> <InPorts = 2> <OutPorts = 1>
ST_38 : Operation 438 [1/1] (0.00ns) (grouped into LUT with out node and_ln139_3)   --->   "%or_ln139_2 = or i1 %icmp_ln139_5, i1 %icmp_ln139_4" [flood_HLS_base.cpp:139]   --->   Operation 438 'or' 'or_ln139_2' <Predicate = (!icmp_ln109 & icmp_ln111)> <Delay = 0.00> <CoreInst = "LogicGate">   --->   Core 74 'LogicGate' <Latency = 0> <II = 1> <Delay = 0.12> <FuncUnit> <Opcode : 'and' 'or' 'xor'> <InPorts = 2> <OutPorts = 1>
ST_38 : Operation 439 [1/1] (0.00ns) (grouped into LUT with out node and_ln139_3)   --->   "%and_ln139_2 = and i1 %or_ln139, i1 %or_ln139_2" [flood_HLS_base.cpp:139]   --->   Operation 439 'and' 'and_ln139_2' <Predicate = (!icmp_ln109 & icmp_ln111)> <Delay = 0.00> <CoreInst = "LogicGate">   --->   Core 74 'LogicGate' <Latency = 0> <II = 1> <Delay = 0.12> <FuncUnit> <Opcode : 'and' 'or' 'xor'> <InPorts = 2> <OutPorts = 1>
ST_38 : Operation 440 [1/2] (1.64ns)   --->   "%tmp_40 = fcmp_oge  i32 %current_height, i32 %neighbor_height_3" [flood_HLS_base.cpp:139]   --->   Operation 440 'fcmp' 'tmp_40' <Predicate = (!icmp_ln109 & icmp_ln111)> <Delay = 1.64> <CoreInst = "FCompare">   --->   Core 19 'FCompare' <Latency = 1> <II = 1> <Delay = 1.64> <FuncUnit> <Opcode : 'fcmp'> <InPorts = 2> <OutPorts = 1>
ST_38 : Operation 441 [1/1] (0.12ns) (out node of the LUT)   --->   "%and_ln139_3 = and i1 %and_ln139_2, i1 %tmp_40" [flood_HLS_base.cpp:139]   --->   Operation 441 'and' 'and_ln139_3' <Predicate = (!icmp_ln109 & icmp_ln111)> <Delay = 0.12> <CoreInst = "LogicGate">   --->   Core 74 'LogicGate' <Latency = 0> <II = 1> <Delay = 0.12> <FuncUnit> <Opcode : 'and' 'or' 'xor'> <InPorts = 2> <OutPorts = 1>
ST_38 : Operation 442 [6/7] (2.34ns)   --->   "%height_diff_1 = fsub i32 %current_height, i32 %neighbor_height_3" [flood_HLS_base.cpp:140]   --->   Operation 442 'fsub' 'height_diff_1' <Predicate = (!icmp_ln109 & icmp_ln111)> <Delay = 2.34> <CoreInst = "FAddSub_fulldsp">   --->   Core 18 'FAddSub_fulldsp' <Latency = 6> <II = 1> <Delay = 2.34> <FuncUnit> <Opcode : 'fadd' 'fsub'> <InPorts = 2> <OutPorts = 1>
ST_38 : Operation 443 [2/7] (2.34ns)   --->   "%neighbor_height_4 = fadd i32 %bitcast_ln134_2, i32 %div301_2" [flood_HLS_base.cpp:134]   --->   Operation 443 'fadd' 'neighbor_height_4' <Predicate = (!icmp_ln109 & icmp_ln111)> <Delay = 2.34> <CoreInst = "FAddSub_fulldsp">   --->   Core 18 'FAddSub_fulldsp' <Latency = 6> <II = 1> <Delay = 2.34> <FuncUnit> <Opcode : 'fadd' 'fsub'> <InPorts = 2> <OutPorts = 1>
ST_38 : Operation 444 [1/1] (0.22ns)   --->   "%neighbor_height_7 = select i1 %icmp_ln128_1, i32 %neighbor_height_8, i32 %neighbor_height_6" [flood_HLS_base.cpp:128]   --->   Operation 444 'select' 'neighbor_height_7' <Predicate = (!icmp_ln109 & icmp_ln111)> <Delay = 0.22> <CoreInst = "Sel">   --->   Core 73 'Sel' <Latency = 0> <II = 1> <Delay = 0.22> <FuncUnit> <Opcode : 'select'> <InPorts = 3> <OutPorts = 1>
ST_38 : Operation 445 [1/1] (0.00ns)   --->   "%bitcast_ln139_4 = bitcast i32 %neighbor_height_7" [flood_HLS_base.cpp:139]   --->   Operation 445 'bitcast' 'bitcast_ln139_4' <Predicate = (!icmp_ln109 & icmp_ln111)> <Delay = 0.00>
ST_38 : Operation 446 [1/1] (0.00ns)   --->   "%tmp_50 = partselect i8 @_ssdm_op_PartSelect.i8.i32.i32.i32, i32 %bitcast_ln139_4, i32 23, i32 30" [flood_HLS_base.cpp:139]   --->   Operation 446 'partselect' 'tmp_50' <Predicate = (!icmp_ln109 & icmp_ln111)> <Delay = 0.00>
ST_38 : Operation 447 [1/1] (0.00ns)   --->   "%trunc_ln139_4 = trunc i32 %bitcast_ln139_4" [flood_HLS_base.cpp:139]   --->   Operation 447 'trunc' 'trunc_ln139_4' <Predicate = (!icmp_ln109 & icmp_ln111)> <Delay = 0.00>
ST_38 : Operation 448 [1/1] (0.70ns)   --->   "%icmp_ln139_8 = icmp_ne  i8 %tmp_50, i8 255" [flood_HLS_base.cpp:139]   --->   Operation 448 'icmp' 'icmp_ln139_8' <Predicate = (!icmp_ln109 & icmp_ln111)> <Delay = 0.70> <CoreInst = "Cmp">   --->   Core 9 'Cmp' <Latency = 0> <II = 1> <Delay = 0.70> <FuncUnit> <Opcode : 'seteq' 'setne' 'setle' 'setge' 'setlt' 'setgt'> <InPorts = 2> <OutPorts = 1>
ST_38 : Operation 449 [1/1] (0.82ns)   --->   "%icmp_ln139_9 = icmp_eq  i23 %trunc_ln139_4, i23 0" [flood_HLS_base.cpp:139]   --->   Operation 449 'icmp' 'icmp_ln139_9' <Predicate = (!icmp_ln109 & icmp_ln111)> <Delay = 0.82> <CoreInst = "Cmp">   --->   Core 9 'Cmp' <Latency = 0> <II = 1> <Delay = 0.82> <FuncUnit> <Opcode : 'seteq' 'setne' 'setle' 'setge' 'setlt' 'setgt'> <InPorts = 2> <OutPorts = 1>
ST_38 : Operation 450 [2/2] (1.64ns)   --->   "%tmp_54 = fcmp_oge  i32 %current_height, i32 %neighbor_height_7" [flood_HLS_base.cpp:139]   --->   Operation 450 'fcmp' 'tmp_54' <Predicate = (!icmp_ln109 & icmp_ln111)> <Delay = 1.64> <CoreInst = "FCompare">   --->   Core 19 'FCompare' <Latency = 1> <II = 1> <Delay = 1.64> <FuncUnit> <Opcode : 'fcmp'> <InPorts = 2> <OutPorts = 1>
ST_38 : Operation 451 [7/7] (2.34ns)   --->   "%height_diff_3 = fsub i32 %current_height, i32 %neighbor_height_7" [flood_HLS_base.cpp:140]   --->   Operation 451 'fsub' 'height_diff_3' <Predicate = (!icmp_ln109 & icmp_ln111)> <Delay = 2.34> <CoreInst = "FAddSub_fulldsp">   --->   Core 18 'FAddSub_fulldsp' <Latency = 6> <II = 1> <Delay = 2.34> <FuncUnit> <Opcode : 'fadd' 'fsub'> <InPorts = 2> <OutPorts = 1>

State 39 <SV = 38> <Delay = 2.34>
ST_39 : Operation 452 [4/7] (2.34ns)   --->   "%height_diff = fsub i32 %current_height, i32 %neighbor_height_1" [flood_HLS_base.cpp:140]   --->   Operation 452 'fsub' 'height_diff' <Predicate = (!icmp_ln109 & icmp_ln111)> <Delay = 2.34> <CoreInst = "FAddSub_fulldsp">   --->   Core 18 'FAddSub_fulldsp' <Latency = 6> <II = 1> <Delay = 2.34> <FuncUnit> <Opcode : 'fadd' 'fsub'> <InPorts = 2> <OutPorts = 1>
ST_39 : Operation 453 [5/7] (2.34ns)   --->   "%height_diff_1 = fsub i32 %current_height, i32 %neighbor_height_3" [flood_HLS_base.cpp:140]   --->   Operation 453 'fsub' 'height_diff_1' <Predicate = (!icmp_ln109 & icmp_ln111)> <Delay = 2.34> <CoreInst = "FAddSub_fulldsp">   --->   Core 18 'FAddSub_fulldsp' <Latency = 6> <II = 1> <Delay = 2.34> <FuncUnit> <Opcode : 'fadd' 'fsub'> <InPorts = 2> <OutPorts = 1>
ST_39 : Operation 454 [1/1] (0.70ns)   --->   "%icmp_ln128 = icmp_ugt  i8 %new_col_1, i8 89" [flood_HLS_base.cpp:128]   --->   Operation 454 'icmp' 'icmp_ln128' <Predicate = (!icmp_ln109 & icmp_ln111)> <Delay = 0.70> <CoreInst = "Cmp">   --->   Core 9 'Cmp' <Latency = 0> <II = 1> <Delay = 0.70> <FuncUnit> <Opcode : 'seteq' 'setne' 'setle' 'setge' 'setlt' 'setgt'> <InPorts = 2> <OutPorts = 1>
ST_39 : Operation 455 [1/7] (2.34ns)   --->   "%neighbor_height_4 = fadd i32 %bitcast_ln134_2, i32 %div301_2" [flood_HLS_base.cpp:134]   --->   Operation 455 'fadd' 'neighbor_height_4' <Predicate = (!icmp_ln109 & icmp_ln111)> <Delay = 2.34> <CoreInst = "FAddSub_fulldsp">   --->   Core 18 'FAddSub_fulldsp' <Latency = 6> <II = 1> <Delay = 2.34> <FuncUnit> <Opcode : 'fadd' 'fsub'> <InPorts = 2> <OutPorts = 1>
ST_39 : Operation 456 [1/1] (0.00ns) (grouped into LUT with out node and_ln139_7)   --->   "%or_ln139_4 = or i1 %icmp_ln139_9, i1 %icmp_ln139_8" [flood_HLS_base.cpp:139]   --->   Operation 456 'or' 'or_ln139_4' <Predicate = (!icmp_ln109 & icmp_ln111)> <Delay = 0.00> <CoreInst = "LogicGate">   --->   Core 74 'LogicGate' <Latency = 0> <II = 1> <Delay = 0.12> <FuncUnit> <Opcode : 'and' 'or' 'xor'> <InPorts = 2> <OutPorts = 1>
ST_39 : Operation 457 [1/1] (0.00ns) (grouped into LUT with out node and_ln139_7)   --->   "%and_ln139_6 = and i1 %or_ln139, i1 %or_ln139_4" [flood_HLS_base.cpp:139]   --->   Operation 457 'and' 'and_ln139_6' <Predicate = (!icmp_ln109 & icmp_ln111)> <Delay = 0.00> <CoreInst = "LogicGate">   --->   Core 74 'LogicGate' <Latency = 0> <II = 1> <Delay = 0.12> <FuncUnit> <Opcode : 'and' 'or' 'xor'> <InPorts = 2> <OutPorts = 1>
ST_39 : Operation 458 [1/2] (1.64ns)   --->   "%tmp_54 = fcmp_oge  i32 %current_height, i32 %neighbor_height_7" [flood_HLS_base.cpp:139]   --->   Operation 458 'fcmp' 'tmp_54' <Predicate = (!icmp_ln109 & icmp_ln111)> <Delay = 1.64> <CoreInst = "FCompare">   --->   Core 19 'FCompare' <Latency = 1> <II = 1> <Delay = 1.64> <FuncUnit> <Opcode : 'fcmp'> <InPorts = 2> <OutPorts = 1>
ST_39 : Operation 459 [1/1] (0.12ns) (out node of the LUT)   --->   "%and_ln139_7 = and i1 %and_ln139_6, i1 %tmp_54" [flood_HLS_base.cpp:139]   --->   Operation 459 'and' 'and_ln139_7' <Predicate = (!icmp_ln109 & icmp_ln111)> <Delay = 0.12> <CoreInst = "LogicGate">   --->   Core 74 'LogicGate' <Latency = 0> <II = 1> <Delay = 0.12> <FuncUnit> <Opcode : 'and' 'or' 'xor'> <InPorts = 2> <OutPorts = 1>
ST_39 : Operation 460 [6/7] (2.34ns)   --->   "%height_diff_3 = fsub i32 %current_height, i32 %neighbor_height_7" [flood_HLS_base.cpp:140]   --->   Operation 460 'fsub' 'height_diff_3' <Predicate = (!icmp_ln109 & icmp_ln111)> <Delay = 2.34> <CoreInst = "FAddSub_fulldsp">   --->   Core 18 'FAddSub_fulldsp' <Latency = 6> <II = 1> <Delay = 2.34> <FuncUnit> <Opcode : 'fadd' 'fsub'> <InPorts = 2> <OutPorts = 1>

State 40 <SV = 39> <Delay = 2.56>
ST_40 : Operation 461 [3/7] (2.34ns)   --->   "%height_diff = fsub i32 %current_height, i32 %neighbor_height_1" [flood_HLS_base.cpp:140]   --->   Operation 461 'fsub' 'height_diff' <Predicate = (!icmp_ln109 & icmp_ln111)> <Delay = 2.34> <CoreInst = "FAddSub_fulldsp">   --->   Core 18 'FAddSub_fulldsp' <Latency = 6> <II = 1> <Delay = 2.34> <FuncUnit> <Opcode : 'fadd' 'fsub'> <InPorts = 2> <OutPorts = 1>
ST_40 : Operation 462 [4/7] (2.34ns)   --->   "%height_diff_1 = fsub i32 %current_height, i32 %neighbor_height_3" [flood_HLS_base.cpp:140]   --->   Operation 462 'fsub' 'height_diff_1' <Predicate = (!icmp_ln109 & icmp_ln111)> <Delay = 2.34> <CoreInst = "FAddSub_fulldsp">   --->   Core 18 'FAddSub_fulldsp' <Latency = 6> <II = 1> <Delay = 2.34> <FuncUnit> <Opcode : 'fadd' 'fsub'> <InPorts = 2> <OutPorts = 1>
ST_40 : Operation 463 [1/1] (0.22ns)   --->   "%neighbor_height_5 = select i1 %icmp_ln128, i32 %neighbor_height_8, i32 %neighbor_height_4" [flood_HLS_base.cpp:128]   --->   Operation 463 'select' 'neighbor_height_5' <Predicate = (!icmp_ln109 & icmp_ln111)> <Delay = 0.22> <CoreInst = "Sel">   --->   Core 73 'Sel' <Latency = 0> <II = 1> <Delay = 0.22> <FuncUnit> <Opcode : 'select'> <InPorts = 3> <OutPorts = 1>
ST_40 : Operation 464 [1/1] (0.00ns)   --->   "%bitcast_ln139_3 = bitcast i32 %neighbor_height_5" [flood_HLS_base.cpp:139]   --->   Operation 464 'bitcast' 'bitcast_ln139_3' <Predicate = (!icmp_ln109 & icmp_ln111)> <Delay = 0.00>
ST_40 : Operation 465 [1/1] (0.00ns)   --->   "%tmp_44 = partselect i8 @_ssdm_op_PartSelect.i8.i32.i32.i32, i32 %bitcast_ln139_3, i32 23, i32 30" [flood_HLS_base.cpp:139]   --->   Operation 465 'partselect' 'tmp_44' <Predicate = (!icmp_ln109 & icmp_ln111)> <Delay = 0.00>
ST_40 : Operation 466 [1/1] (0.00ns)   --->   "%trunc_ln139_3 = trunc i32 %bitcast_ln139_3" [flood_HLS_base.cpp:139]   --->   Operation 466 'trunc' 'trunc_ln139_3' <Predicate = (!icmp_ln109 & icmp_ln111)> <Delay = 0.00>
ST_40 : Operation 467 [1/1] (0.70ns)   --->   "%icmp_ln139_6 = icmp_ne  i8 %tmp_44, i8 255" [flood_HLS_base.cpp:139]   --->   Operation 467 'icmp' 'icmp_ln139_6' <Predicate = (!icmp_ln109 & icmp_ln111)> <Delay = 0.70> <CoreInst = "Cmp">   --->   Core 9 'Cmp' <Latency = 0> <II = 1> <Delay = 0.70> <FuncUnit> <Opcode : 'seteq' 'setne' 'setle' 'setge' 'setlt' 'setgt'> <InPorts = 2> <OutPorts = 1>
ST_40 : Operation 468 [1/1] (0.82ns)   --->   "%icmp_ln139_7 = icmp_eq  i23 %trunc_ln139_3, i23 0" [flood_HLS_base.cpp:139]   --->   Operation 468 'icmp' 'icmp_ln139_7' <Predicate = (!icmp_ln109 & icmp_ln111)> <Delay = 0.82> <CoreInst = "Cmp">   --->   Core 9 'Cmp' <Latency = 0> <II = 1> <Delay = 0.82> <FuncUnit> <Opcode : 'seteq' 'setne' 'setle' 'setge' 'setlt' 'setgt'> <InPorts = 2> <OutPorts = 1>
ST_40 : Operation 469 [2/2] (1.64ns)   --->   "%tmp_45 = fcmp_oge  i32 %current_height, i32 %neighbor_height_5" [flood_HLS_base.cpp:139]   --->   Operation 469 'fcmp' 'tmp_45' <Predicate = (!icmp_ln109 & icmp_ln111)> <Delay = 1.64> <CoreInst = "FCompare">   --->   Core 19 'FCompare' <Latency = 1> <II = 1> <Delay = 1.64> <FuncUnit> <Opcode : 'fcmp'> <InPorts = 2> <OutPorts = 1>
ST_40 : Operation 470 [7/7] (2.34ns)   --->   "%height_diff_2 = fsub i32 %current_height, i32 %neighbor_height_5" [flood_HLS_base.cpp:140]   --->   Operation 470 'fsub' 'height_diff_2' <Predicate = (!icmp_ln109 & icmp_ln111)> <Delay = 2.34> <CoreInst = "FAddSub_fulldsp">   --->   Core 18 'FAddSub_fulldsp' <Latency = 6> <II = 1> <Delay = 2.34> <FuncUnit> <Opcode : 'fadd' 'fsub'> <InPorts = 2> <OutPorts = 1>
ST_40 : Operation 471 [5/7] (2.34ns)   --->   "%height_diff_3 = fsub i32 %current_height, i32 %neighbor_height_7" [flood_HLS_base.cpp:140]   --->   Operation 471 'fsub' 'height_diff_3' <Predicate = (!icmp_ln109 & icmp_ln111)> <Delay = 2.34> <CoreInst = "FAddSub_fulldsp">   --->   Core 18 'FAddSub_fulldsp' <Latency = 6> <II = 1> <Delay = 2.34> <FuncUnit> <Opcode : 'fadd' 'fsub'> <InPorts = 2> <OutPorts = 1>

State 41 <SV = 40> <Delay = 2.34>
ST_41 : Operation 472 [2/7] (2.34ns)   --->   "%height_diff = fsub i32 %current_height, i32 %neighbor_height_1" [flood_HLS_base.cpp:140]   --->   Operation 472 'fsub' 'height_diff' <Predicate = (!icmp_ln109 & icmp_ln111)> <Delay = 2.34> <CoreInst = "FAddSub_fulldsp">   --->   Core 18 'FAddSub_fulldsp' <Latency = 6> <II = 1> <Delay = 2.34> <FuncUnit> <Opcode : 'fadd' 'fsub'> <InPorts = 2> <OutPorts = 1>
ST_41 : Operation 473 [3/7] (2.34ns)   --->   "%height_diff_1 = fsub i32 %current_height, i32 %neighbor_height_3" [flood_HLS_base.cpp:140]   --->   Operation 473 'fsub' 'height_diff_1' <Predicate = (!icmp_ln109 & icmp_ln111)> <Delay = 2.34> <CoreInst = "FAddSub_fulldsp">   --->   Core 18 'FAddSub_fulldsp' <Latency = 6> <II = 1> <Delay = 2.34> <FuncUnit> <Opcode : 'fadd' 'fsub'> <InPorts = 2> <OutPorts = 1>
ST_41 : Operation 474 [1/1] (0.00ns) (grouped into LUT with out node and_ln139_5)   --->   "%or_ln139_3 = or i1 %icmp_ln139_7, i1 %icmp_ln139_6" [flood_HLS_base.cpp:139]   --->   Operation 474 'or' 'or_ln139_3' <Predicate = (!icmp_ln109 & icmp_ln111)> <Delay = 0.00> <CoreInst = "LogicGate">   --->   Core 74 'LogicGate' <Latency = 0> <II = 1> <Delay = 0.12> <FuncUnit> <Opcode : 'and' 'or' 'xor'> <InPorts = 2> <OutPorts = 1>
ST_41 : Operation 475 [1/1] (0.00ns) (grouped into LUT with out node and_ln139_5)   --->   "%and_ln139_4 = and i1 %or_ln139, i1 %or_ln139_3" [flood_HLS_base.cpp:139]   --->   Operation 475 'and' 'and_ln139_4' <Predicate = (!icmp_ln109 & icmp_ln111)> <Delay = 0.00> <CoreInst = "LogicGate">   --->   Core 74 'LogicGate' <Latency = 0> <II = 1> <Delay = 0.12> <FuncUnit> <Opcode : 'and' 'or' 'xor'> <InPorts = 2> <OutPorts = 1>
ST_41 : Operation 476 [1/2] (1.64ns)   --->   "%tmp_45 = fcmp_oge  i32 %current_height, i32 %neighbor_height_5" [flood_HLS_base.cpp:139]   --->   Operation 476 'fcmp' 'tmp_45' <Predicate = (!icmp_ln109 & icmp_ln111)> <Delay = 1.64> <CoreInst = "FCompare">   --->   Core 19 'FCompare' <Latency = 1> <II = 1> <Delay = 1.64> <FuncUnit> <Opcode : 'fcmp'> <InPorts = 2> <OutPorts = 1>
ST_41 : Operation 477 [1/1] (0.12ns) (out node of the LUT)   --->   "%and_ln139_5 = and i1 %and_ln139_4, i1 %tmp_45" [flood_HLS_base.cpp:139]   --->   Operation 477 'and' 'and_ln139_5' <Predicate = (!icmp_ln109 & icmp_ln111)> <Delay = 0.12> <CoreInst = "LogicGate">   --->   Core 74 'LogicGate' <Latency = 0> <II = 1> <Delay = 0.12> <FuncUnit> <Opcode : 'and' 'or' 'xor'> <InPorts = 2> <OutPorts = 1>
ST_41 : Operation 478 [6/7] (2.34ns)   --->   "%height_diff_2 = fsub i32 %current_height, i32 %neighbor_height_5" [flood_HLS_base.cpp:140]   --->   Operation 478 'fsub' 'height_diff_2' <Predicate = (!icmp_ln109 & icmp_ln111)> <Delay = 2.34> <CoreInst = "FAddSub_fulldsp">   --->   Core 18 'FAddSub_fulldsp' <Latency = 6> <II = 1> <Delay = 2.34> <FuncUnit> <Opcode : 'fadd' 'fsub'> <InPorts = 2> <OutPorts = 1>
ST_41 : Operation 479 [4/7] (2.34ns)   --->   "%height_diff_3 = fsub i32 %current_height, i32 %neighbor_height_7" [flood_HLS_base.cpp:140]   --->   Operation 479 'fsub' 'height_diff_3' <Predicate = (!icmp_ln109 & icmp_ln111)> <Delay = 2.34> <CoreInst = "FAddSub_fulldsp">   --->   Core 18 'FAddSub_fulldsp' <Latency = 6> <II = 1> <Delay = 2.34> <FuncUnit> <Opcode : 'fadd' 'fsub'> <InPorts = 2> <OutPorts = 1>

State 42 <SV = 41> <Delay = 2.34>
ST_42 : Operation 480 [1/7] (2.34ns)   --->   "%height_diff = fsub i32 %current_height, i32 %neighbor_height_1" [flood_HLS_base.cpp:140]   --->   Operation 480 'fsub' 'height_diff' <Predicate = (!icmp_ln109 & icmp_ln111)> <Delay = 2.34> <CoreInst = "FAddSub_fulldsp">   --->   Core 18 'FAddSub_fulldsp' <Latency = 6> <II = 1> <Delay = 2.34> <FuncUnit> <Opcode : 'fadd' 'fsub'> <InPorts = 2> <OutPorts = 1>
ST_42 : Operation 481 [2/7] (2.34ns)   --->   "%height_diff_1 = fsub i32 %current_height, i32 %neighbor_height_3" [flood_HLS_base.cpp:140]   --->   Operation 481 'fsub' 'height_diff_1' <Predicate = (!icmp_ln109 & icmp_ln111)> <Delay = 2.34> <CoreInst = "FAddSub_fulldsp">   --->   Core 18 'FAddSub_fulldsp' <Latency = 6> <II = 1> <Delay = 2.34> <FuncUnit> <Opcode : 'fadd' 'fsub'> <InPorts = 2> <OutPorts = 1>
ST_42 : Operation 482 [5/7] (2.34ns)   --->   "%height_diff_2 = fsub i32 %current_height, i32 %neighbor_height_5" [flood_HLS_base.cpp:140]   --->   Operation 482 'fsub' 'height_diff_2' <Predicate = (!icmp_ln109 & icmp_ln111)> <Delay = 2.34> <CoreInst = "FAddSub_fulldsp">   --->   Core 18 'FAddSub_fulldsp' <Latency = 6> <II = 1> <Delay = 2.34> <FuncUnit> <Opcode : 'fadd' 'fsub'> <InPorts = 2> <OutPorts = 1>
ST_42 : Operation 483 [3/7] (2.34ns)   --->   "%height_diff_3 = fsub i32 %current_height, i32 %neighbor_height_7" [flood_HLS_base.cpp:140]   --->   Operation 483 'fsub' 'height_diff_3' <Predicate = (!icmp_ln109 & icmp_ln111)> <Delay = 2.34> <CoreInst = "FAddSub_fulldsp">   --->   Core 18 'FAddSub_fulldsp' <Latency = 6> <II = 1> <Delay = 2.34> <FuncUnit> <Opcode : 'fadd' 'fsub'> <InPorts = 2> <OutPorts = 1>

State 43 <SV = 42> <Delay = 2.34>
ST_43 : Operation 484 [7/7] (2.34ns)   --->   "%sum_diff = fadd i32 %height_diff, i32 0" [flood_HLS_base.cpp:141]   --->   Operation 484 'fadd' 'sum_diff' <Predicate = (!icmp_ln109 & icmp_ln111 & and_ln139_1)> <Delay = 2.34> <CoreInst = "FAddSub_fulldsp">   --->   Core 18 'FAddSub_fulldsp' <Latency = 6> <II = 1> <Delay = 2.34> <FuncUnit> <Opcode : 'fadd' 'fsub'> <InPorts = 2> <OutPorts = 1>
ST_43 : Operation 485 [2/2] (1.64ns)   --->   "%tmp_38 = fcmp_olt  i32 %height_diff, i32 0" [flood_HLS_base.cpp:142]   --->   Operation 485 'fcmp' 'tmp_38' <Predicate = (!icmp_ln109 & icmp_ln111 & and_ln139_1)> <Delay = 1.64> <CoreInst = "FCompare">   --->   Core 19 'FCompare' <Latency = 1> <II = 1> <Delay = 1.64> <FuncUnit> <Opcode : 'fcmp'> <InPorts = 2> <OutPorts = 1>
ST_43 : Operation 486 [1/7] (2.34ns)   --->   "%height_diff_1 = fsub i32 %current_height, i32 %neighbor_height_3" [flood_HLS_base.cpp:140]   --->   Operation 486 'fsub' 'height_diff_1' <Predicate = (!icmp_ln109 & icmp_ln111)> <Delay = 2.34> <CoreInst = "FAddSub_fulldsp">   --->   Core 18 'FAddSub_fulldsp' <Latency = 6> <II = 1> <Delay = 2.34> <FuncUnit> <Opcode : 'fadd' 'fsub'> <InPorts = 2> <OutPorts = 1>
ST_43 : Operation 487 [4/7] (2.34ns)   --->   "%height_diff_2 = fsub i32 %current_height, i32 %neighbor_height_5" [flood_HLS_base.cpp:140]   --->   Operation 487 'fsub' 'height_diff_2' <Predicate = (!icmp_ln109 & icmp_ln111)> <Delay = 2.34> <CoreInst = "FAddSub_fulldsp">   --->   Core 18 'FAddSub_fulldsp' <Latency = 6> <II = 1> <Delay = 2.34> <FuncUnit> <Opcode : 'fadd' 'fsub'> <InPorts = 2> <OutPorts = 1>
ST_43 : Operation 488 [2/7] (2.34ns)   --->   "%height_diff_3 = fsub i32 %current_height, i32 %neighbor_height_7" [flood_HLS_base.cpp:140]   --->   Operation 488 'fsub' 'height_diff_3' <Predicate = (!icmp_ln109 & icmp_ln111)> <Delay = 2.34> <CoreInst = "FAddSub_fulldsp">   --->   Core 18 'FAddSub_fulldsp' <Latency = 6> <II = 1> <Delay = 2.34> <FuncUnit> <Opcode : 'fadd' 'fsub'> <InPorts = 2> <OutPorts = 1>

State 44 <SV = 43> <Delay = 2.34>
ST_44 : Operation 489 [6/7] (2.34ns)   --->   "%sum_diff = fadd i32 %height_diff, i32 0" [flood_HLS_base.cpp:141]   --->   Operation 489 'fadd' 'sum_diff' <Predicate = (!icmp_ln109 & icmp_ln111 & and_ln139_1)> <Delay = 2.34> <CoreInst = "FAddSub_fulldsp">   --->   Core 18 'FAddSub_fulldsp' <Latency = 6> <II = 1> <Delay = 2.34> <FuncUnit> <Opcode : 'fadd' 'fsub'> <InPorts = 2> <OutPorts = 1>
ST_44 : Operation 490 [1/1] (0.00ns)   --->   "%bitcast_ln142 = bitcast i32 %height_diff" [flood_HLS_base.cpp:142]   --->   Operation 490 'bitcast' 'bitcast_ln142' <Predicate = (!icmp_ln109 & icmp_ln111 & and_ln139_1)> <Delay = 0.00>
ST_44 : Operation 491 [1/1] (0.00ns)   --->   "%tmp_35 = partselect i8 @_ssdm_op_PartSelect.i8.i32.i32.i32, i32 %bitcast_ln142, i32 23, i32 30" [flood_HLS_base.cpp:142]   --->   Operation 491 'partselect' 'tmp_35' <Predicate = (!icmp_ln109 & icmp_ln111 & and_ln139_1)> <Delay = 0.00>
ST_44 : Operation 492 [1/1] (0.00ns)   --->   "%trunc_ln142 = trunc i32 %bitcast_ln142" [flood_HLS_base.cpp:142]   --->   Operation 492 'trunc' 'trunc_ln142' <Predicate = (!icmp_ln109 & icmp_ln111 & and_ln139_1)> <Delay = 0.00>
ST_44 : Operation 493 [1/1] (0.70ns)   --->   "%icmp_ln142 = icmp_ne  i8 %tmp_35, i8 255" [flood_HLS_base.cpp:142]   --->   Operation 493 'icmp' 'icmp_ln142' <Predicate = (!icmp_ln109 & icmp_ln111 & and_ln139_1)> <Delay = 0.70> <CoreInst = "Cmp">   --->   Core 9 'Cmp' <Latency = 0> <II = 1> <Delay = 0.70> <FuncUnit> <Opcode : 'seteq' 'setne' 'setle' 'setge' 'setlt' 'setgt'> <InPorts = 2> <OutPorts = 1>
ST_44 : Operation 494 [1/1] (0.82ns)   --->   "%icmp_ln142_1 = icmp_eq  i23 %trunc_ln142, i23 0" [flood_HLS_base.cpp:142]   --->   Operation 494 'icmp' 'icmp_ln142_1' <Predicate = (!icmp_ln109 & icmp_ln111 & and_ln139_1)> <Delay = 0.82> <CoreInst = "Cmp">   --->   Core 9 'Cmp' <Latency = 0> <II = 1> <Delay = 0.82> <FuncUnit> <Opcode : 'seteq' 'setne' 'setle' 'setge' 'setlt' 'setgt'> <InPorts = 2> <OutPorts = 1>
ST_44 : Operation 495 [1/1] (0.00ns) (grouped into LUT with out node my_spillage_level_1)   --->   "%or_ln142 = or i1 %icmp_ln142_1, i1 %icmp_ln142" [flood_HLS_base.cpp:142]   --->   Operation 495 'or' 'or_ln142' <Predicate = (!icmp_ln109 & icmp_ln111 & and_ln139_1)> <Delay = 0.00> <CoreInst = "LogicGate">   --->   Core 74 'LogicGate' <Latency = 0> <II = 1> <Delay = 0.12> <FuncUnit> <Opcode : 'and' 'or' 'xor'> <InPorts = 2> <OutPorts = 1>
ST_44 : Operation 496 [1/2] (1.64ns)   --->   "%tmp_38 = fcmp_olt  i32 %height_diff, i32 0" [flood_HLS_base.cpp:142]   --->   Operation 496 'fcmp' 'tmp_38' <Predicate = (!icmp_ln109 & icmp_ln111 & and_ln139_1)> <Delay = 1.64> <CoreInst = "FCompare">   --->   Core 19 'FCompare' <Latency = 1> <II = 1> <Delay = 1.64> <FuncUnit> <Opcode : 'fcmp'> <InPorts = 2> <OutPorts = 1>
ST_44 : Operation 497 [1/1] (0.00ns) (grouped into LUT with out node my_spillage_level_1)   --->   "%and_ln142 = and i1 %or_ln142, i1 %tmp_38" [flood_HLS_base.cpp:142]   --->   Operation 497 'and' 'and_ln142' <Predicate = (!icmp_ln109 & icmp_ln111 & and_ln139_1)> <Delay = 0.00> <CoreInst = "LogicGate">   --->   Core 74 'LogicGate' <Latency = 0> <II = 1> <Delay = 0.12> <FuncUnit> <Opcode : 'and' 'or' 'xor'> <InPorts = 2> <OutPorts = 1>
ST_44 : Operation 498 [1/1] (0.00ns) (grouped into LUT with out node my_spillage_level_1)   --->   "%my_spillage_level = select i1 %and_ln142, i32 0, i32 %height_diff" [flood_HLS_base.cpp:142]   --->   Operation 498 'select' 'my_spillage_level' <Predicate = (!icmp_ln109 & icmp_ln111 & and_ln139_1)> <Delay = 0.00> <CoreInst = "Sel">   --->   Core 73 'Sel' <Latency = 0> <II = 1> <Delay = 0.22> <FuncUnit> <Opcode : 'select'> <InPorts = 3> <OutPorts = 1>
ST_44 : Operation 499 [1/1] (0.22ns) (out node of the LUT)   --->   "%my_spillage_level_1 = select i1 %and_ln139_1, i32 %my_spillage_level, i32 0" [flood_HLS_base.cpp:139]   --->   Operation 499 'select' 'my_spillage_level_1' <Predicate = (!icmp_ln109 & icmp_ln111)> <Delay = 0.22> <CoreInst = "Sel">   --->   Core 73 'Sel' <Latency = 0> <II = 1> <Delay = 0.22> <FuncUnit> <Opcode : 'select'> <InPorts = 3> <OutPorts = 1>
ST_44 : Operation 500 [3/7] (2.34ns)   --->   "%height_diff_2 = fsub i32 %current_height, i32 %neighbor_height_5" [flood_HLS_base.cpp:140]   --->   Operation 500 'fsub' 'height_diff_2' <Predicate = (!icmp_ln109 & icmp_ln111)> <Delay = 2.34> <CoreInst = "FAddSub_fulldsp">   --->   Core 18 'FAddSub_fulldsp' <Latency = 6> <II = 1> <Delay = 2.34> <FuncUnit> <Opcode : 'fadd' 'fsub'> <InPorts = 2> <OutPorts = 1>
ST_44 : Operation 501 [1/7] (2.34ns)   --->   "%height_diff_3 = fsub i32 %current_height, i32 %neighbor_height_7" [flood_HLS_base.cpp:140]   --->   Operation 501 'fsub' 'height_diff_3' <Predicate = (!icmp_ln109 & icmp_ln111)> <Delay = 2.34> <CoreInst = "FAddSub_fulldsp">   --->   Core 18 'FAddSub_fulldsp' <Latency = 6> <II = 1> <Delay = 2.34> <FuncUnit> <Opcode : 'fadd' 'fsub'> <InPorts = 2> <OutPorts = 1>

State 45 <SV = 44> <Delay = 2.34>
ST_45 : Operation 502 [5/7] (2.34ns)   --->   "%sum_diff = fadd i32 %height_diff, i32 0" [flood_HLS_base.cpp:141]   --->   Operation 502 'fadd' 'sum_diff' <Predicate = (!icmp_ln109 & icmp_ln111 & and_ln139_1)> <Delay = 2.34> <CoreInst = "FAddSub_fulldsp">   --->   Core 18 'FAddSub_fulldsp' <Latency = 6> <II = 1> <Delay = 2.34> <FuncUnit> <Opcode : 'fadd' 'fsub'> <InPorts = 2> <OutPorts = 1>
ST_45 : Operation 503 [2/2] (1.64ns)   --->   "%tmp_43 = fcmp_ogt  i32 %my_spillage_level_1, i32 %height_diff_1" [flood_HLS_base.cpp:142]   --->   Operation 503 'fcmp' 'tmp_43' <Predicate = (!icmp_ln109 & icmp_ln111 & and_ln139_3)> <Delay = 1.64> <CoreInst = "FCompare">   --->   Core 19 'FCompare' <Latency = 1> <II = 1> <Delay = 1.64> <FuncUnit> <Opcode : 'fcmp'> <InPorts = 2> <OutPorts = 1>
ST_45 : Operation 504 [2/7] (2.34ns)   --->   "%height_diff_2 = fsub i32 %current_height, i32 %neighbor_height_5" [flood_HLS_base.cpp:140]   --->   Operation 504 'fsub' 'height_diff_2' <Predicate = (!icmp_ln109 & icmp_ln111)> <Delay = 2.34> <CoreInst = "FAddSub_fulldsp">   --->   Core 18 'FAddSub_fulldsp' <Latency = 6> <II = 1> <Delay = 2.34> <FuncUnit> <Opcode : 'fadd' 'fsub'> <InPorts = 2> <OutPorts = 1>

State 46 <SV = 45> <Delay = 2.34>
ST_46 : Operation 505 [4/7] (2.34ns)   --->   "%sum_diff = fadd i32 %height_diff, i32 0" [flood_HLS_base.cpp:141]   --->   Operation 505 'fadd' 'sum_diff' <Predicate = (!icmp_ln109 & icmp_ln111 & and_ln139_1)> <Delay = 2.34> <CoreInst = "FAddSub_fulldsp">   --->   Core 18 'FAddSub_fulldsp' <Latency = 6> <II = 1> <Delay = 2.34> <FuncUnit> <Opcode : 'fadd' 'fsub'> <InPorts = 2> <OutPorts = 1>
ST_46 : Operation 506 [1/1] (0.00ns)   --->   "%bitcast_ln142_1 = bitcast i32 %my_spillage_level_1" [flood_HLS_base.cpp:142]   --->   Operation 506 'bitcast' 'bitcast_ln142_1' <Predicate = (!icmp_ln109 & icmp_ln111 & and_ln139_3)> <Delay = 0.00>
ST_46 : Operation 507 [1/1] (0.00ns)   --->   "%tmp_41 = partselect i8 @_ssdm_op_PartSelect.i8.i32.i32.i32, i32 %bitcast_ln142_1, i32 23, i32 30" [flood_HLS_base.cpp:142]   --->   Operation 507 'partselect' 'tmp_41' <Predicate = (!icmp_ln109 & icmp_ln111 & and_ln139_3)> <Delay = 0.00>
ST_46 : Operation 508 [1/1] (0.00ns)   --->   "%trunc_ln142_1 = trunc i32 %bitcast_ln142_1" [flood_HLS_base.cpp:142]   --->   Operation 508 'trunc' 'trunc_ln142_1' <Predicate = (!icmp_ln109 & icmp_ln111 & and_ln139_3)> <Delay = 0.00>
ST_46 : Operation 509 [1/1] (0.00ns)   --->   "%bitcast_ln142_2 = bitcast i32 %height_diff_1" [flood_HLS_base.cpp:142]   --->   Operation 509 'bitcast' 'bitcast_ln142_2' <Predicate = (!icmp_ln109 & icmp_ln111 & and_ln139_3)> <Delay = 0.00>
ST_46 : Operation 510 [1/1] (0.00ns)   --->   "%tmp_42 = partselect i8 @_ssdm_op_PartSelect.i8.i32.i32.i32, i32 %bitcast_ln142_2, i32 23, i32 30" [flood_HLS_base.cpp:142]   --->   Operation 510 'partselect' 'tmp_42' <Predicate = (!icmp_ln109 & icmp_ln111 & and_ln139_3)> <Delay = 0.00>
ST_46 : Operation 511 [1/1] (0.00ns)   --->   "%trunc_ln142_2 = trunc i32 %bitcast_ln142_2" [flood_HLS_base.cpp:142]   --->   Operation 511 'trunc' 'trunc_ln142_2' <Predicate = (!icmp_ln109 & icmp_ln111 & and_ln139_3)> <Delay = 0.00>
ST_46 : Operation 512 [1/1] (0.70ns)   --->   "%icmp_ln142_2 = icmp_ne  i8 %tmp_41, i8 255" [flood_HLS_base.cpp:142]   --->   Operation 512 'icmp' 'icmp_ln142_2' <Predicate = (!icmp_ln109 & icmp_ln111 & and_ln139_3)> <Delay = 0.70> <CoreInst = "Cmp">   --->   Core 9 'Cmp' <Latency = 0> <II = 1> <Delay = 0.70> <FuncUnit> <Opcode : 'seteq' 'setne' 'setle' 'setge' 'setlt' 'setgt'> <InPorts = 2> <OutPorts = 1>
ST_46 : Operation 513 [1/1] (0.82ns)   --->   "%icmp_ln142_3 = icmp_eq  i23 %trunc_ln142_1, i23 0" [flood_HLS_base.cpp:142]   --->   Operation 513 'icmp' 'icmp_ln142_3' <Predicate = (!icmp_ln109 & icmp_ln111 & and_ln139_3)> <Delay = 0.82> <CoreInst = "Cmp">   --->   Core 9 'Cmp' <Latency = 0> <II = 1> <Delay = 0.82> <FuncUnit> <Opcode : 'seteq' 'setne' 'setle' 'setge' 'setlt' 'setgt'> <InPorts = 2> <OutPorts = 1>
ST_46 : Operation 514 [1/1] (0.00ns) (grouped into LUT with out node and_ln142_2)   --->   "%or_ln142_1 = or i1 %icmp_ln142_3, i1 %icmp_ln142_2" [flood_HLS_base.cpp:142]   --->   Operation 514 'or' 'or_ln142_1' <Predicate = (!icmp_ln109 & icmp_ln111 & and_ln139_3)> <Delay = 0.00> <CoreInst = "LogicGate">   --->   Core 74 'LogicGate' <Latency = 0> <II = 1> <Delay = 0.12> <FuncUnit> <Opcode : 'and' 'or' 'xor'> <InPorts = 2> <OutPorts = 1>
ST_46 : Operation 515 [1/1] (0.70ns)   --->   "%icmp_ln142_4 = icmp_ne  i8 %tmp_42, i8 255" [flood_HLS_base.cpp:142]   --->   Operation 515 'icmp' 'icmp_ln142_4' <Predicate = (!icmp_ln109 & icmp_ln111 & and_ln139_3)> <Delay = 0.70> <CoreInst = "Cmp">   --->   Core 9 'Cmp' <Latency = 0> <II = 1> <Delay = 0.70> <FuncUnit> <Opcode : 'seteq' 'setne' 'setle' 'setge' 'setlt' 'setgt'> <InPorts = 2> <OutPorts = 1>
ST_46 : Operation 516 [1/1] (0.82ns)   --->   "%icmp_ln142_5 = icmp_eq  i23 %trunc_ln142_2, i23 0" [flood_HLS_base.cpp:142]   --->   Operation 516 'icmp' 'icmp_ln142_5' <Predicate = (!icmp_ln109 & icmp_ln111 & and_ln139_3)> <Delay = 0.82> <CoreInst = "Cmp">   --->   Core 9 'Cmp' <Latency = 0> <II = 1> <Delay = 0.82> <FuncUnit> <Opcode : 'seteq' 'setne' 'setle' 'setge' 'setlt' 'setgt'> <InPorts = 2> <OutPorts = 1>
ST_46 : Operation 517 [1/1] (0.00ns) (grouped into LUT with out node and_ln142_2)   --->   "%or_ln142_2 = or i1 %icmp_ln142_5, i1 %icmp_ln142_4" [flood_HLS_base.cpp:142]   --->   Operation 517 'or' 'or_ln142_2' <Predicate = (!icmp_ln109 & icmp_ln111 & and_ln139_3)> <Delay = 0.00> <CoreInst = "LogicGate">   --->   Core 74 'LogicGate' <Latency = 0> <II = 1> <Delay = 0.12> <FuncUnit> <Opcode : 'and' 'or' 'xor'> <InPorts = 2> <OutPorts = 1>
ST_46 : Operation 518 [1/2] (1.64ns)   --->   "%tmp_43 = fcmp_ogt  i32 %my_spillage_level_1, i32 %height_diff_1" [flood_HLS_base.cpp:142]   --->   Operation 518 'fcmp' 'tmp_43' <Predicate = (!icmp_ln109 & icmp_ln111 & and_ln139_3)> <Delay = 1.64> <CoreInst = "FCompare">   --->   Core 19 'FCompare' <Latency = 1> <II = 1> <Delay = 1.64> <FuncUnit> <Opcode : 'fcmp'> <InPorts = 2> <OutPorts = 1>
ST_46 : Operation 519 [1/1] (0.00ns) (grouped into LUT with out node and_ln142_2)   --->   "%and_ln142_1 = and i1 %or_ln142_1, i1 %or_ln142_2" [flood_HLS_base.cpp:142]   --->   Operation 519 'and' 'and_ln142_1' <Predicate = (!icmp_ln109 & icmp_ln111 & and_ln139_3)> <Delay = 0.00> <CoreInst = "LogicGate">   --->   Core 74 'LogicGate' <Latency = 0> <II = 1> <Delay = 0.12> <FuncUnit> <Opcode : 'and' 'or' 'xor'> <InPorts = 2> <OutPorts = 1>
ST_46 : Operation 520 [1/1] (0.12ns) (out node of the LUT)   --->   "%and_ln142_2 = and i1 %and_ln142_1, i1 %tmp_43" [flood_HLS_base.cpp:142]   --->   Operation 520 'and' 'and_ln142_2' <Predicate = (!icmp_ln109 & icmp_ln111 & and_ln139_3)> <Delay = 0.12> <CoreInst = "LogicGate">   --->   Core 74 'LogicGate' <Latency = 0> <II = 1> <Delay = 0.12> <FuncUnit> <Opcode : 'and' 'or' 'xor'> <InPorts = 2> <OutPorts = 1>
ST_46 : Operation 521 [1/1] (0.00ns) (grouped into LUT with out node my_spillage_level_3)   --->   "%my_spillage_level_2 = select i1 %and_ln142_2, i32 %my_spillage_level_1, i32 %height_diff_1" [flood_HLS_base.cpp:142]   --->   Operation 521 'select' 'my_spillage_level_2' <Predicate = (!icmp_ln109 & icmp_ln111 & and_ln139_3)> <Delay = 0.00> <CoreInst = "Sel">   --->   Core 73 'Sel' <Latency = 0> <II = 1> <Delay = 0.22> <FuncUnit> <Opcode : 'select'> <InPorts = 3> <OutPorts = 1>
ST_46 : Operation 522 [1/1] (0.22ns) (out node of the LUT)   --->   "%my_spillage_level_3 = select i1 %and_ln139_3, i32 %my_spillage_level_2, i32 %my_spillage_level_1" [flood_HLS_base.cpp:139]   --->   Operation 522 'select' 'my_spillage_level_3' <Predicate = (!icmp_ln109 & icmp_ln111)> <Delay = 0.22> <CoreInst = "Sel">   --->   Core 73 'Sel' <Latency = 0> <II = 1> <Delay = 0.22> <FuncUnit> <Opcode : 'select'> <InPorts = 3> <OutPorts = 1>
ST_46 : Operation 523 [1/7] (2.34ns)   --->   "%height_diff_2 = fsub i32 %current_height, i32 %neighbor_height_5" [flood_HLS_base.cpp:140]   --->   Operation 523 'fsub' 'height_diff_2' <Predicate = (!icmp_ln109 & icmp_ln111)> <Delay = 2.34> <CoreInst = "FAddSub_fulldsp">   --->   Core 18 'FAddSub_fulldsp' <Latency = 6> <II = 1> <Delay = 2.34> <FuncUnit> <Opcode : 'fadd' 'fsub'> <InPorts = 2> <OutPorts = 1>

State 47 <SV = 46> <Delay = 2.34>
ST_47 : Operation 524 [3/7] (2.34ns)   --->   "%sum_diff = fadd i32 %height_diff, i32 0" [flood_HLS_base.cpp:141]   --->   Operation 524 'fadd' 'sum_diff' <Predicate = (!icmp_ln109 & icmp_ln111 & and_ln139_1)> <Delay = 2.34> <CoreInst = "FAddSub_fulldsp">   --->   Core 18 'FAddSub_fulldsp' <Latency = 6> <II = 1> <Delay = 2.34> <FuncUnit> <Opcode : 'fadd' 'fsub'> <InPorts = 2> <OutPorts = 1>
ST_47 : Operation 525 [2/2] (1.64ns)   --->   "%tmp_48 = fcmp_ogt  i32 %my_spillage_level_3, i32 %height_diff_2" [flood_HLS_base.cpp:142]   --->   Operation 525 'fcmp' 'tmp_48' <Predicate = (!icmp_ln109 & icmp_ln111 & and_ln139_5)> <Delay = 1.64> <CoreInst = "FCompare">   --->   Core 19 'FCompare' <Latency = 1> <II = 1> <Delay = 1.64> <FuncUnit> <Opcode : 'fcmp'> <InPorts = 2> <OutPorts = 1>

State 48 <SV = 47> <Delay = 2.34>
ST_48 : Operation 526 [2/7] (2.34ns)   --->   "%sum_diff = fadd i32 %height_diff, i32 0" [flood_HLS_base.cpp:141]   --->   Operation 526 'fadd' 'sum_diff' <Predicate = (!icmp_ln109 & icmp_ln111 & and_ln139_1)> <Delay = 2.34> <CoreInst = "FAddSub_fulldsp">   --->   Core 18 'FAddSub_fulldsp' <Latency = 6> <II = 1> <Delay = 2.34> <FuncUnit> <Opcode : 'fadd' 'fsub'> <InPorts = 2> <OutPorts = 1>
ST_48 : Operation 527 [1/1] (0.00ns)   --->   "%bitcast_ln142_3 = bitcast i32 %my_spillage_level_3" [flood_HLS_base.cpp:142]   --->   Operation 527 'bitcast' 'bitcast_ln142_3' <Predicate = (!icmp_ln109 & icmp_ln111 & and_ln139_5)> <Delay = 0.00>
ST_48 : Operation 528 [1/1] (0.00ns)   --->   "%tmp_46 = partselect i8 @_ssdm_op_PartSelect.i8.i32.i32.i32, i32 %bitcast_ln142_3, i32 23, i32 30" [flood_HLS_base.cpp:142]   --->   Operation 528 'partselect' 'tmp_46' <Predicate = (!icmp_ln109 & icmp_ln111 & and_ln139_5)> <Delay = 0.00>
ST_48 : Operation 529 [1/1] (0.00ns)   --->   "%trunc_ln142_3 = trunc i32 %bitcast_ln142_3" [flood_HLS_base.cpp:142]   --->   Operation 529 'trunc' 'trunc_ln142_3' <Predicate = (!icmp_ln109 & icmp_ln111 & and_ln139_5)> <Delay = 0.00>
ST_48 : Operation 530 [1/1] (0.00ns)   --->   "%bitcast_ln142_4 = bitcast i32 %height_diff_2" [flood_HLS_base.cpp:142]   --->   Operation 530 'bitcast' 'bitcast_ln142_4' <Predicate = (!icmp_ln109 & icmp_ln111 & and_ln139_5)> <Delay = 0.00>
ST_48 : Operation 531 [1/1] (0.00ns)   --->   "%tmp_47 = partselect i8 @_ssdm_op_PartSelect.i8.i32.i32.i32, i32 %bitcast_ln142_4, i32 23, i32 30" [flood_HLS_base.cpp:142]   --->   Operation 531 'partselect' 'tmp_47' <Predicate = (!icmp_ln109 & icmp_ln111 & and_ln139_5)> <Delay = 0.00>
ST_48 : Operation 532 [1/1] (0.00ns)   --->   "%trunc_ln142_4 = trunc i32 %bitcast_ln142_4" [flood_HLS_base.cpp:142]   --->   Operation 532 'trunc' 'trunc_ln142_4' <Predicate = (!icmp_ln109 & icmp_ln111 & and_ln139_5)> <Delay = 0.00>
ST_48 : Operation 533 [1/1] (0.70ns)   --->   "%icmp_ln142_6 = icmp_ne  i8 %tmp_46, i8 255" [flood_HLS_base.cpp:142]   --->   Operation 533 'icmp' 'icmp_ln142_6' <Predicate = (!icmp_ln109 & icmp_ln111 & and_ln139_5)> <Delay = 0.70> <CoreInst = "Cmp">   --->   Core 9 'Cmp' <Latency = 0> <II = 1> <Delay = 0.70> <FuncUnit> <Opcode : 'seteq' 'setne' 'setle' 'setge' 'setlt' 'setgt'> <InPorts = 2> <OutPorts = 1>
ST_48 : Operation 534 [1/1] (0.82ns)   --->   "%icmp_ln142_7 = icmp_eq  i23 %trunc_ln142_3, i23 0" [flood_HLS_base.cpp:142]   --->   Operation 534 'icmp' 'icmp_ln142_7' <Predicate = (!icmp_ln109 & icmp_ln111 & and_ln139_5)> <Delay = 0.82> <CoreInst = "Cmp">   --->   Core 9 'Cmp' <Latency = 0> <II = 1> <Delay = 0.82> <FuncUnit> <Opcode : 'seteq' 'setne' 'setle' 'setge' 'setlt' 'setgt'> <InPorts = 2> <OutPorts = 1>
ST_48 : Operation 535 [1/1] (0.00ns) (grouped into LUT with out node and_ln142_4)   --->   "%or_ln142_3 = or i1 %icmp_ln142_7, i1 %icmp_ln142_6" [flood_HLS_base.cpp:142]   --->   Operation 535 'or' 'or_ln142_3' <Predicate = (!icmp_ln109 & icmp_ln111 & and_ln139_5)> <Delay = 0.00> <CoreInst = "LogicGate">   --->   Core 74 'LogicGate' <Latency = 0> <II = 1> <Delay = 0.12> <FuncUnit> <Opcode : 'and' 'or' 'xor'> <InPorts = 2> <OutPorts = 1>
ST_48 : Operation 536 [1/1] (0.70ns)   --->   "%icmp_ln142_8 = icmp_ne  i8 %tmp_47, i8 255" [flood_HLS_base.cpp:142]   --->   Operation 536 'icmp' 'icmp_ln142_8' <Predicate = (!icmp_ln109 & icmp_ln111 & and_ln139_5)> <Delay = 0.70> <CoreInst = "Cmp">   --->   Core 9 'Cmp' <Latency = 0> <II = 1> <Delay = 0.70> <FuncUnit> <Opcode : 'seteq' 'setne' 'setle' 'setge' 'setlt' 'setgt'> <InPorts = 2> <OutPorts = 1>
ST_48 : Operation 537 [1/1] (0.82ns)   --->   "%icmp_ln142_9 = icmp_eq  i23 %trunc_ln142_4, i23 0" [flood_HLS_base.cpp:142]   --->   Operation 537 'icmp' 'icmp_ln142_9' <Predicate = (!icmp_ln109 & icmp_ln111 & and_ln139_5)> <Delay = 0.82> <CoreInst = "Cmp">   --->   Core 9 'Cmp' <Latency = 0> <II = 1> <Delay = 0.82> <FuncUnit> <Opcode : 'seteq' 'setne' 'setle' 'setge' 'setlt' 'setgt'> <InPorts = 2> <OutPorts = 1>
ST_48 : Operation 538 [1/1] (0.00ns) (grouped into LUT with out node and_ln142_4)   --->   "%or_ln142_4 = or i1 %icmp_ln142_9, i1 %icmp_ln142_8" [flood_HLS_base.cpp:142]   --->   Operation 538 'or' 'or_ln142_4' <Predicate = (!icmp_ln109 & icmp_ln111 & and_ln139_5)> <Delay = 0.00> <CoreInst = "LogicGate">   --->   Core 74 'LogicGate' <Latency = 0> <II = 1> <Delay = 0.12> <FuncUnit> <Opcode : 'and' 'or' 'xor'> <InPorts = 2> <OutPorts = 1>
ST_48 : Operation 539 [1/2] (1.64ns)   --->   "%tmp_48 = fcmp_ogt  i32 %my_spillage_level_3, i32 %height_diff_2" [flood_HLS_base.cpp:142]   --->   Operation 539 'fcmp' 'tmp_48' <Predicate = (!icmp_ln109 & icmp_ln111 & and_ln139_5)> <Delay = 1.64> <CoreInst = "FCompare">   --->   Core 19 'FCompare' <Latency = 1> <II = 1> <Delay = 1.64> <FuncUnit> <Opcode : 'fcmp'> <InPorts = 2> <OutPorts = 1>
ST_48 : Operation 540 [1/1] (0.00ns) (grouped into LUT with out node and_ln142_4)   --->   "%and_ln142_3 = and i1 %or_ln142_3, i1 %or_ln142_4" [flood_HLS_base.cpp:142]   --->   Operation 540 'and' 'and_ln142_3' <Predicate = (!icmp_ln109 & icmp_ln111 & and_ln139_5)> <Delay = 0.00> <CoreInst = "LogicGate">   --->   Core 74 'LogicGate' <Latency = 0> <II = 1> <Delay = 0.12> <FuncUnit> <Opcode : 'and' 'or' 'xor'> <InPorts = 2> <OutPorts = 1>
ST_48 : Operation 541 [1/1] (0.12ns) (out node of the LUT)   --->   "%and_ln142_4 = and i1 %and_ln142_3, i1 %tmp_48" [flood_HLS_base.cpp:142]   --->   Operation 541 'and' 'and_ln142_4' <Predicate = (!icmp_ln109 & icmp_ln111 & and_ln139_5)> <Delay = 0.12> <CoreInst = "LogicGate">   --->   Core 74 'LogicGate' <Latency = 0> <II = 1> <Delay = 0.12> <FuncUnit> <Opcode : 'and' 'or' 'xor'> <InPorts = 2> <OutPorts = 1>
ST_48 : Operation 542 [1/1] (0.00ns) (grouped into LUT with out node my_spillage_level_5)   --->   "%my_spillage_level_4 = select i1 %and_ln142_4, i32 %my_spillage_level_3, i32 %height_diff_2" [flood_HLS_base.cpp:142]   --->   Operation 542 'select' 'my_spillage_level_4' <Predicate = (!icmp_ln109 & icmp_ln111 & and_ln139_5)> <Delay = 0.00> <CoreInst = "Sel">   --->   Core 73 'Sel' <Latency = 0> <II = 1> <Delay = 0.22> <FuncUnit> <Opcode : 'select'> <InPorts = 3> <OutPorts = 1>
ST_48 : Operation 543 [1/1] (0.22ns) (out node of the LUT)   --->   "%my_spillage_level_5 = select i1 %and_ln139_5, i32 %my_spillage_level_4, i32 %my_spillage_level_3" [flood_HLS_base.cpp:139]   --->   Operation 543 'select' 'my_spillage_level_5' <Predicate = (!icmp_ln109 & icmp_ln111)> <Delay = 0.22> <CoreInst = "Sel">   --->   Core 73 'Sel' <Latency = 0> <II = 1> <Delay = 0.22> <FuncUnit> <Opcode : 'select'> <InPorts = 3> <OutPorts = 1>

State 49 <SV = 48> <Delay = 2.56>
ST_49 : Operation 544 [1/7] (2.34ns)   --->   "%sum_diff = fadd i32 %height_diff, i32 0" [flood_HLS_base.cpp:141]   --->   Operation 544 'fadd' 'sum_diff' <Predicate = (!icmp_ln109 & icmp_ln111 & and_ln139_1)> <Delay = 2.34> <CoreInst = "FAddSub_fulldsp">   --->   Core 18 'FAddSub_fulldsp' <Latency = 6> <II = 1> <Delay = 2.34> <FuncUnit> <Opcode : 'fadd' 'fsub'> <InPorts = 2> <OutPorts = 1>
ST_49 : Operation 545 [1/1] (0.22ns)   --->   "%sum_diff_1 = select i1 %and_ln139_1, i32 %sum_diff, i32 0" [flood_HLS_base.cpp:139]   --->   Operation 545 'select' 'sum_diff_1' <Predicate = (!icmp_ln109 & icmp_ln111)> <Delay = 0.22> <CoreInst = "Sel">   --->   Core 73 'Sel' <Latency = 0> <II = 1> <Delay = 0.22> <FuncUnit> <Opcode : 'select'> <InPorts = 3> <OutPorts = 1>
ST_49 : Operation 546 [2/2] (1.64ns)   --->   "%tmp_57 = fcmp_ogt  i32 %my_spillage_level_5, i32 %height_diff_3" [flood_HLS_base.cpp:142]   --->   Operation 546 'fcmp' 'tmp_57' <Predicate = (!icmp_ln109 & icmp_ln111 & and_ln139_7)> <Delay = 1.64> <CoreInst = "FCompare">   --->   Core 19 'FCompare' <Latency = 1> <II = 1> <Delay = 1.64> <FuncUnit> <Opcode : 'fcmp'> <InPorts = 2> <OutPorts = 1>

State 50 <SV = 49> <Delay = 2.34>
ST_50 : Operation 547 [7/7] (2.34ns)   --->   "%sum_diff_2 = fadd i32 %sum_diff_1, i32 %height_diff_1" [flood_HLS_base.cpp:141]   --->   Operation 547 'fadd' 'sum_diff_2' <Predicate = (!icmp_ln109 & icmp_ln111 & and_ln139_3)> <Delay = 2.34> <CoreInst = "FAddSub_fulldsp">   --->   Core 18 'FAddSub_fulldsp' <Latency = 6> <II = 1> <Delay = 2.34> <FuncUnit> <Opcode : 'fadd' 'fsub'> <InPorts = 2> <OutPorts = 1>
ST_50 : Operation 548 [1/1] (0.00ns)   --->   "%bitcast_ln142_5 = bitcast i32 %my_spillage_level_5" [flood_HLS_base.cpp:142]   --->   Operation 548 'bitcast' 'bitcast_ln142_5' <Predicate = (!icmp_ln109 & icmp_ln111 & and_ln139_7)> <Delay = 0.00>
ST_50 : Operation 549 [1/1] (0.00ns)   --->   "%tmp_55 = partselect i8 @_ssdm_op_PartSelect.i8.i32.i32.i32, i32 %bitcast_ln142_5, i32 23, i32 30" [flood_HLS_base.cpp:142]   --->   Operation 549 'partselect' 'tmp_55' <Predicate = (!icmp_ln109 & icmp_ln111 & and_ln139_7)> <Delay = 0.00>
ST_50 : Operation 550 [1/1] (0.00ns)   --->   "%trunc_ln142_5 = trunc i32 %bitcast_ln142_5" [flood_HLS_base.cpp:142]   --->   Operation 550 'trunc' 'trunc_ln142_5' <Predicate = (!icmp_ln109 & icmp_ln111 & and_ln139_7)> <Delay = 0.00>
ST_50 : Operation 551 [1/1] (0.00ns)   --->   "%bitcast_ln142_6 = bitcast i32 %height_diff_3" [flood_HLS_base.cpp:142]   --->   Operation 551 'bitcast' 'bitcast_ln142_6' <Predicate = (!icmp_ln109 & icmp_ln111 & and_ln139_7)> <Delay = 0.00>
ST_50 : Operation 552 [1/1] (0.00ns)   --->   "%tmp_56 = partselect i8 @_ssdm_op_PartSelect.i8.i32.i32.i32, i32 %bitcast_ln142_6, i32 23, i32 30" [flood_HLS_base.cpp:142]   --->   Operation 552 'partselect' 'tmp_56' <Predicate = (!icmp_ln109 & icmp_ln111 & and_ln139_7)> <Delay = 0.00>
ST_50 : Operation 553 [1/1] (0.00ns)   --->   "%trunc_ln142_6 = trunc i32 %bitcast_ln142_6" [flood_HLS_base.cpp:142]   --->   Operation 553 'trunc' 'trunc_ln142_6' <Predicate = (!icmp_ln109 & icmp_ln111 & and_ln139_7)> <Delay = 0.00>
ST_50 : Operation 554 [1/1] (0.70ns)   --->   "%icmp_ln142_10 = icmp_ne  i8 %tmp_55, i8 255" [flood_HLS_base.cpp:142]   --->   Operation 554 'icmp' 'icmp_ln142_10' <Predicate = (!icmp_ln109 & icmp_ln111 & and_ln139_7)> <Delay = 0.70> <CoreInst = "Cmp">   --->   Core 9 'Cmp' <Latency = 0> <II = 1> <Delay = 0.70> <FuncUnit> <Opcode : 'seteq' 'setne' 'setle' 'setge' 'setlt' 'setgt'> <InPorts = 2> <OutPorts = 1>
ST_50 : Operation 555 [1/1] (0.82ns)   --->   "%icmp_ln142_11 = icmp_eq  i23 %trunc_ln142_5, i23 0" [flood_HLS_base.cpp:142]   --->   Operation 555 'icmp' 'icmp_ln142_11' <Predicate = (!icmp_ln109 & icmp_ln111 & and_ln139_7)> <Delay = 0.82> <CoreInst = "Cmp">   --->   Core 9 'Cmp' <Latency = 0> <II = 1> <Delay = 0.82> <FuncUnit> <Opcode : 'seteq' 'setne' 'setle' 'setge' 'setlt' 'setgt'> <InPorts = 2> <OutPorts = 1>
ST_50 : Operation 556 [1/1] (0.00ns) (grouped into LUT with out node and_ln142_6)   --->   "%or_ln142_5 = or i1 %icmp_ln142_11, i1 %icmp_ln142_10" [flood_HLS_base.cpp:142]   --->   Operation 556 'or' 'or_ln142_5' <Predicate = (!icmp_ln109 & icmp_ln111 & and_ln139_7)> <Delay = 0.00> <CoreInst = "LogicGate">   --->   Core 74 'LogicGate' <Latency = 0> <II = 1> <Delay = 0.12> <FuncUnit> <Opcode : 'and' 'or' 'xor'> <InPorts = 2> <OutPorts = 1>
ST_50 : Operation 557 [1/1] (0.70ns)   --->   "%icmp_ln142_12 = icmp_ne  i8 %tmp_56, i8 255" [flood_HLS_base.cpp:142]   --->   Operation 557 'icmp' 'icmp_ln142_12' <Predicate = (!icmp_ln109 & icmp_ln111 & and_ln139_7)> <Delay = 0.70> <CoreInst = "Cmp">   --->   Core 9 'Cmp' <Latency = 0> <II = 1> <Delay = 0.70> <FuncUnit> <Opcode : 'seteq' 'setne' 'setle' 'setge' 'setlt' 'setgt'> <InPorts = 2> <OutPorts = 1>
ST_50 : Operation 558 [1/1] (0.82ns)   --->   "%icmp_ln142_13 = icmp_eq  i23 %trunc_ln142_6, i23 0" [flood_HLS_base.cpp:142]   --->   Operation 558 'icmp' 'icmp_ln142_13' <Predicate = (!icmp_ln109 & icmp_ln111 & and_ln139_7)> <Delay = 0.82> <CoreInst = "Cmp">   --->   Core 9 'Cmp' <Latency = 0> <II = 1> <Delay = 0.82> <FuncUnit> <Opcode : 'seteq' 'setne' 'setle' 'setge' 'setlt' 'setgt'> <InPorts = 2> <OutPorts = 1>
ST_50 : Operation 559 [1/1] (0.00ns) (grouped into LUT with out node and_ln142_6)   --->   "%or_ln142_6 = or i1 %icmp_ln142_13, i1 %icmp_ln142_12" [flood_HLS_base.cpp:142]   --->   Operation 559 'or' 'or_ln142_6' <Predicate = (!icmp_ln109 & icmp_ln111 & and_ln139_7)> <Delay = 0.00> <CoreInst = "LogicGate">   --->   Core 74 'LogicGate' <Latency = 0> <II = 1> <Delay = 0.12> <FuncUnit> <Opcode : 'and' 'or' 'xor'> <InPorts = 2> <OutPorts = 1>
ST_50 : Operation 560 [1/2] (1.64ns)   --->   "%tmp_57 = fcmp_ogt  i32 %my_spillage_level_5, i32 %height_diff_3" [flood_HLS_base.cpp:142]   --->   Operation 560 'fcmp' 'tmp_57' <Predicate = (!icmp_ln109 & icmp_ln111 & and_ln139_7)> <Delay = 1.64> <CoreInst = "FCompare">   --->   Core 19 'FCompare' <Latency = 1> <II = 1> <Delay = 1.64> <FuncUnit> <Opcode : 'fcmp'> <InPorts = 2> <OutPorts = 1>
ST_50 : Operation 561 [1/1] (0.00ns) (grouped into LUT with out node and_ln142_6)   --->   "%and_ln142_5 = and i1 %or_ln142_5, i1 %or_ln142_6" [flood_HLS_base.cpp:142]   --->   Operation 561 'and' 'and_ln142_5' <Predicate = (!icmp_ln109 & icmp_ln111 & and_ln139_7)> <Delay = 0.00> <CoreInst = "LogicGate">   --->   Core 74 'LogicGate' <Latency = 0> <II = 1> <Delay = 0.12> <FuncUnit> <Opcode : 'and' 'or' 'xor'> <InPorts = 2> <OutPorts = 1>
ST_50 : Operation 562 [1/1] (0.12ns) (out node of the LUT)   --->   "%and_ln142_6 = and i1 %and_ln142_5, i1 %tmp_57" [flood_HLS_base.cpp:142]   --->   Operation 562 'and' 'and_ln142_6' <Predicate = (!icmp_ln109 & icmp_ln111 & and_ln139_7)> <Delay = 0.12> <CoreInst = "LogicGate">   --->   Core 74 'LogicGate' <Latency = 0> <II = 1> <Delay = 0.12> <FuncUnit> <Opcode : 'and' 'or' 'xor'> <InPorts = 2> <OutPorts = 1>
ST_50 : Operation 563 [1/1] (0.00ns) (grouped into LUT with out node my_spillage_level_7)   --->   "%my_spillage_level_6 = select i1 %and_ln142_6, i32 %my_spillage_level_5, i32 %height_diff_3" [flood_HLS_base.cpp:142]   --->   Operation 563 'select' 'my_spillage_level_6' <Predicate = (!icmp_ln109 & icmp_ln111 & and_ln139_7)> <Delay = 0.00> <CoreInst = "Sel">   --->   Core 73 'Sel' <Latency = 0> <II = 1> <Delay = 0.22> <FuncUnit> <Opcode : 'select'> <InPorts = 3> <OutPorts = 1>
ST_50 : Operation 564 [1/1] (0.22ns) (out node of the LUT)   --->   "%my_spillage_level_7 = select i1 %and_ln139_7, i32 %my_spillage_level_6, i32 %my_spillage_level_5" [flood_HLS_base.cpp:139]   --->   Operation 564 'select' 'my_spillage_level_7' <Predicate = (!icmp_ln109 & icmp_ln111)> <Delay = 0.22> <CoreInst = "Sel">   --->   Core 73 'Sel' <Latency = 0> <II = 1> <Delay = 0.22> <FuncUnit> <Opcode : 'select'> <InPorts = 3> <OutPorts = 1>

State 51 <SV = 50> <Delay = 2.34>
ST_51 : Operation 565 [6/7] (2.34ns)   --->   "%sum_diff_2 = fadd i32 %sum_diff_1, i32 %height_diff_1" [flood_HLS_base.cpp:141]   --->   Operation 565 'fadd' 'sum_diff_2' <Predicate = (!icmp_ln109 & icmp_ln111 & and_ln139_3)> <Delay = 2.34> <CoreInst = "FAddSub_fulldsp">   --->   Core 18 'FAddSub_fulldsp' <Latency = 6> <II = 1> <Delay = 2.34> <FuncUnit> <Opcode : 'fadd' 'fsub'> <InPorts = 2> <OutPorts = 1>
ST_51 : Operation 566 [2/2] (1.64ns)   --->   "%tmp_60 = fcmp_olt  i32 %div9, i32 %my_spillage_level_7" [flood_HLS_base.cpp:145]   --->   Operation 566 'fcmp' 'tmp_60' <Predicate = (!icmp_ln109 & icmp_ln111)> <Delay = 1.64> <CoreInst = "FCompare">   --->   Core 19 'FCompare' <Latency = 1> <II = 1> <Delay = 1.64> <FuncUnit> <Opcode : 'fcmp'> <InPorts = 2> <OutPorts = 1>

State 52 <SV = 51> <Delay = 2.34>
ST_52 : Operation 567 [5/7] (2.34ns)   --->   "%sum_diff_2 = fadd i32 %sum_diff_1, i32 %height_diff_1" [flood_HLS_base.cpp:141]   --->   Operation 567 'fadd' 'sum_diff_2' <Predicate = (!icmp_ln109 & icmp_ln111 & and_ln139_3)> <Delay = 2.34> <CoreInst = "FAddSub_fulldsp">   --->   Core 18 'FAddSub_fulldsp' <Latency = 6> <II = 1> <Delay = 2.34> <FuncUnit> <Opcode : 'fadd' 'fsub'> <InPorts = 2> <OutPorts = 1>
ST_52 : Operation 568 [1/1] (0.00ns)   --->   "%bitcast_ln145 = bitcast i32 %div9" [flood_HLS_base.cpp:145]   --->   Operation 568 'bitcast' 'bitcast_ln145' <Predicate = (!icmp_ln109 & icmp_ln111)> <Delay = 0.00>
ST_52 : Operation 569 [1/1] (0.00ns)   --->   "%tmp_58 = partselect i8 @_ssdm_op_PartSelect.i8.i32.i32.i32, i32 %bitcast_ln145, i32 23, i32 30" [flood_HLS_base.cpp:145]   --->   Operation 569 'partselect' 'tmp_58' <Predicate = (!icmp_ln109 & icmp_ln111)> <Delay = 0.00>
ST_52 : Operation 570 [1/1] (0.00ns)   --->   "%trunc_ln145 = trunc i32 %bitcast_ln145" [flood_HLS_base.cpp:145]   --->   Operation 570 'trunc' 'trunc_ln145' <Predicate = (!icmp_ln109 & icmp_ln111)> <Delay = 0.00>
ST_52 : Operation 571 [1/1] (0.00ns)   --->   "%bitcast_ln145_1 = bitcast i32 %my_spillage_level_7" [flood_HLS_base.cpp:145]   --->   Operation 571 'bitcast' 'bitcast_ln145_1' <Predicate = (!icmp_ln109 & icmp_ln111)> <Delay = 0.00>
ST_52 : Operation 572 [1/1] (0.00ns)   --->   "%tmp_59 = partselect i8 @_ssdm_op_PartSelect.i8.i32.i32.i32, i32 %bitcast_ln145_1, i32 23, i32 30" [flood_HLS_base.cpp:145]   --->   Operation 572 'partselect' 'tmp_59' <Predicate = (!icmp_ln109 & icmp_ln111)> <Delay = 0.00>
ST_52 : Operation 573 [1/1] (0.00ns)   --->   "%trunc_ln145_1 = trunc i32 %bitcast_ln145_1" [flood_HLS_base.cpp:145]   --->   Operation 573 'trunc' 'trunc_ln145_1' <Predicate = (!icmp_ln109 & icmp_ln111)> <Delay = 0.00>
ST_52 : Operation 574 [1/1] (0.70ns)   --->   "%icmp_ln145 = icmp_ne  i8 %tmp_58, i8 255" [flood_HLS_base.cpp:145]   --->   Operation 574 'icmp' 'icmp_ln145' <Predicate = (!icmp_ln109 & icmp_ln111)> <Delay = 0.70> <CoreInst = "Cmp">   --->   Core 9 'Cmp' <Latency = 0> <II = 1> <Delay = 0.70> <FuncUnit> <Opcode : 'seteq' 'setne' 'setle' 'setge' 'setlt' 'setgt'> <InPorts = 2> <OutPorts = 1>
ST_52 : Operation 575 [1/1] (0.82ns)   --->   "%icmp_ln145_1 = icmp_eq  i23 %trunc_ln145, i23 0" [flood_HLS_base.cpp:145]   --->   Operation 575 'icmp' 'icmp_ln145_1' <Predicate = (!icmp_ln109 & icmp_ln111)> <Delay = 0.82> <CoreInst = "Cmp">   --->   Core 9 'Cmp' <Latency = 0> <II = 1> <Delay = 0.82> <FuncUnit> <Opcode : 'seteq' 'setne' 'setle' 'setge' 'setlt' 'setgt'> <InPorts = 2> <OutPorts = 1>
ST_52 : Operation 576 [1/1] (0.00ns) (grouped into LUT with out node and_ln145_1)   --->   "%or_ln145 = or i1 %icmp_ln145_1, i1 %icmp_ln145" [flood_HLS_base.cpp:145]   --->   Operation 576 'or' 'or_ln145' <Predicate = (!icmp_ln109 & icmp_ln111)> <Delay = 0.00> <CoreInst = "LogicGate">   --->   Core 74 'LogicGate' <Latency = 0> <II = 1> <Delay = 0.12> <FuncUnit> <Opcode : 'and' 'or' 'xor'> <InPorts = 2> <OutPorts = 1>
ST_52 : Operation 577 [1/1] (0.70ns)   --->   "%icmp_ln145_2 = icmp_ne  i8 %tmp_59, i8 255" [flood_HLS_base.cpp:145]   --->   Operation 577 'icmp' 'icmp_ln145_2' <Predicate = (!icmp_ln109 & icmp_ln111)> <Delay = 0.70> <CoreInst = "Cmp">   --->   Core 9 'Cmp' <Latency = 0> <II = 1> <Delay = 0.70> <FuncUnit> <Opcode : 'seteq' 'setne' 'setle' 'setge' 'setlt' 'setgt'> <InPorts = 2> <OutPorts = 1>
ST_52 : Operation 578 [1/1] (0.82ns)   --->   "%icmp_ln145_3 = icmp_eq  i23 %trunc_ln145_1, i23 0" [flood_HLS_base.cpp:145]   --->   Operation 578 'icmp' 'icmp_ln145_3' <Predicate = (!icmp_ln109 & icmp_ln111)> <Delay = 0.82> <CoreInst = "Cmp">   --->   Core 9 'Cmp' <Latency = 0> <II = 1> <Delay = 0.82> <FuncUnit> <Opcode : 'seteq' 'setne' 'setle' 'setge' 'setlt' 'setgt'> <InPorts = 2> <OutPorts = 1>
ST_52 : Operation 579 [1/1] (0.00ns) (grouped into LUT with out node and_ln145_1)   --->   "%or_ln145_1 = or i1 %icmp_ln145_3, i1 %icmp_ln145_2" [flood_HLS_base.cpp:145]   --->   Operation 579 'or' 'or_ln145_1' <Predicate = (!icmp_ln109 & icmp_ln111)> <Delay = 0.00> <CoreInst = "LogicGate">   --->   Core 74 'LogicGate' <Latency = 0> <II = 1> <Delay = 0.12> <FuncUnit> <Opcode : 'and' 'or' 'xor'> <InPorts = 2> <OutPorts = 1>
ST_52 : Operation 580 [1/2] (1.64ns)   --->   "%tmp_60 = fcmp_olt  i32 %div9, i32 %my_spillage_level_7" [flood_HLS_base.cpp:145]   --->   Operation 580 'fcmp' 'tmp_60' <Predicate = (!icmp_ln109 & icmp_ln111)> <Delay = 1.64> <CoreInst = "FCompare">   --->   Core 19 'FCompare' <Latency = 1> <II = 1> <Delay = 1.64> <FuncUnit> <Opcode : 'fcmp'> <InPorts = 2> <OutPorts = 1>
ST_52 : Operation 581 [1/1] (0.00ns) (grouped into LUT with out node and_ln145_1)   --->   "%and_ln145 = and i1 %tmp_60, i1 %or_ln145" [flood_HLS_base.cpp:145]   --->   Operation 581 'and' 'and_ln145' <Predicate = (!icmp_ln109 & icmp_ln111)> <Delay = 0.00> <CoreInst = "LogicGate">   --->   Core 74 'LogicGate' <Latency = 0> <II = 1> <Delay = 0.12> <FuncUnit> <Opcode : 'and' 'or' 'xor'> <InPorts = 2> <OutPorts = 1>
ST_52 : Operation 582 [1/1] (0.12ns) (out node of the LUT)   --->   "%and_ln145_1 = and i1 %and_ln145, i1 %or_ln145_1" [flood_HLS_base.cpp:145]   --->   Operation 582 'and' 'and_ln145_1' <Predicate = (!icmp_ln109 & icmp_ln111)> <Delay = 0.12> <CoreInst = "LogicGate">   --->   Core 74 'LogicGate' <Latency = 0> <II = 1> <Delay = 0.12> <FuncUnit> <Opcode : 'and' 'or' 'xor'> <InPorts = 2> <OutPorts = 1>
ST_52 : Operation 583 [1/1] (0.22ns) (out node of the LUT)   --->   "%my_spillage_level_8 = select i1 %and_ln145_1, i32 %div9, i32 %my_spillage_level_7" [flood_HLS_base.cpp:145]   --->   Operation 583 'select' 'my_spillage_level_8' <Predicate = (!icmp_ln109 & icmp_ln111)> <Delay = 0.22> <CoreInst = "Sel">   --->   Core 73 'Sel' <Latency = 0> <II = 1> <Delay = 0.22> <FuncUnit> <Opcode : 'select'> <InPorts = 3> <OutPorts = 1>

State 53 <SV = 52> <Delay = 2.34>
ST_53 : Operation 584 [4/7] (2.34ns)   --->   "%sum_diff_2 = fadd i32 %sum_diff_1, i32 %height_diff_1" [flood_HLS_base.cpp:141]   --->   Operation 584 'fadd' 'sum_diff_2' <Predicate = (!icmp_ln109 & icmp_ln111 & and_ln139_3)> <Delay = 2.34> <CoreInst = "FAddSub_fulldsp">   --->   Core 18 'FAddSub_fulldsp' <Latency = 6> <II = 1> <Delay = 2.34> <FuncUnit> <Opcode : 'fadd' 'fsub'> <InPorts = 2> <OutPorts = 1>

State 54 <SV = 53> <Delay = 2.34>
ST_54 : Operation 585 [3/7] (2.34ns)   --->   "%sum_diff_2 = fadd i32 %sum_diff_1, i32 %height_diff_1" [flood_HLS_base.cpp:141]   --->   Operation 585 'fadd' 'sum_diff_2' <Predicate = (!icmp_ln109 & icmp_ln111 & and_ln139_3)> <Delay = 2.34> <CoreInst = "FAddSub_fulldsp">   --->   Core 18 'FAddSub_fulldsp' <Latency = 6> <II = 1> <Delay = 2.34> <FuncUnit> <Opcode : 'fadd' 'fsub'> <InPorts = 2> <OutPorts = 1>

State 55 <SV = 54> <Delay = 2.34>
ST_55 : Operation 586 [2/7] (2.34ns)   --->   "%sum_diff_2 = fadd i32 %sum_diff_1, i32 %height_diff_1" [flood_HLS_base.cpp:141]   --->   Operation 586 'fadd' 'sum_diff_2' <Predicate = (!icmp_ln109 & icmp_ln111 & and_ln139_3)> <Delay = 2.34> <CoreInst = "FAddSub_fulldsp">   --->   Core 18 'FAddSub_fulldsp' <Latency = 6> <II = 1> <Delay = 2.34> <FuncUnit> <Opcode : 'fadd' 'fsub'> <InPorts = 2> <OutPorts = 1>

State 56 <SV = 55> <Delay = 2.56>
ST_56 : Operation 587 [1/7] (2.34ns)   --->   "%sum_diff_2 = fadd i32 %sum_diff_1, i32 %height_diff_1" [flood_HLS_base.cpp:141]   --->   Operation 587 'fadd' 'sum_diff_2' <Predicate = (!icmp_ln109 & icmp_ln111 & and_ln139_3)> <Delay = 2.34> <CoreInst = "FAddSub_fulldsp">   --->   Core 18 'FAddSub_fulldsp' <Latency = 6> <II = 1> <Delay = 2.34> <FuncUnit> <Opcode : 'fadd' 'fsub'> <InPorts = 2> <OutPorts = 1>
ST_56 : Operation 588 [1/1] (0.22ns)   --->   "%sum_diff_3 = select i1 %and_ln139_3, i32 %sum_diff_2, i32 %sum_diff_1" [flood_HLS_base.cpp:139]   --->   Operation 588 'select' 'sum_diff_3' <Predicate = (!icmp_ln109 & icmp_ln111)> <Delay = 0.22> <CoreInst = "Sel">   --->   Core 73 'Sel' <Latency = 0> <II = 1> <Delay = 0.22> <FuncUnit> <Opcode : 'select'> <InPorts = 3> <OutPorts = 1>

State 57 <SV = 56> <Delay = 2.34>
ST_57 : Operation 589 [7/7] (2.34ns)   --->   "%sum_diff_4 = fadd i32 %sum_diff_3, i32 %height_diff_2" [flood_HLS_base.cpp:141]   --->   Operation 589 'fadd' 'sum_diff_4' <Predicate = (!icmp_ln109 & icmp_ln111 & and_ln139_5)> <Delay = 2.34> <CoreInst = "FAddSub_fulldsp">   --->   Core 18 'FAddSub_fulldsp' <Latency = 6> <II = 1> <Delay = 2.34> <FuncUnit> <Opcode : 'fadd' 'fsub'> <InPorts = 2> <OutPorts = 1>

State 58 <SV = 57> <Delay = 2.34>
ST_58 : Operation 590 [6/7] (2.34ns)   --->   "%sum_diff_4 = fadd i32 %sum_diff_3, i32 %height_diff_2" [flood_HLS_base.cpp:141]   --->   Operation 590 'fadd' 'sum_diff_4' <Predicate = (!icmp_ln109 & icmp_ln111 & and_ln139_5)> <Delay = 2.34> <CoreInst = "FAddSub_fulldsp">   --->   Core 18 'FAddSub_fulldsp' <Latency = 6> <II = 1> <Delay = 2.34> <FuncUnit> <Opcode : 'fadd' 'fsub'> <InPorts = 2> <OutPorts = 1>

State 59 <SV = 58> <Delay = 2.34>
ST_59 : Operation 591 [5/7] (2.34ns)   --->   "%sum_diff_4 = fadd i32 %sum_diff_3, i32 %height_diff_2" [flood_HLS_base.cpp:141]   --->   Operation 591 'fadd' 'sum_diff_4' <Predicate = (!icmp_ln109 & icmp_ln111 & and_ln139_5)> <Delay = 2.34> <CoreInst = "FAddSub_fulldsp">   --->   Core 18 'FAddSub_fulldsp' <Latency = 6> <II = 1> <Delay = 2.34> <FuncUnit> <Opcode : 'fadd' 'fsub'> <InPorts = 2> <OutPorts = 1>

State 60 <SV = 59> <Delay = 2.34>
ST_60 : Operation 592 [4/7] (2.34ns)   --->   "%sum_diff_4 = fadd i32 %sum_diff_3, i32 %height_diff_2" [flood_HLS_base.cpp:141]   --->   Operation 592 'fadd' 'sum_diff_4' <Predicate = (!icmp_ln109 & icmp_ln111 & and_ln139_5)> <Delay = 2.34> <CoreInst = "FAddSub_fulldsp">   --->   Core 18 'FAddSub_fulldsp' <Latency = 6> <II = 1> <Delay = 2.34> <FuncUnit> <Opcode : 'fadd' 'fsub'> <InPorts = 2> <OutPorts = 1>

State 61 <SV = 60> <Delay = 2.34>
ST_61 : Operation 593 [3/7] (2.34ns)   --->   "%sum_diff_4 = fadd i32 %sum_diff_3, i32 %height_diff_2" [flood_HLS_base.cpp:141]   --->   Operation 593 'fadd' 'sum_diff_4' <Predicate = (!icmp_ln109 & icmp_ln111 & and_ln139_5)> <Delay = 2.34> <CoreInst = "FAddSub_fulldsp">   --->   Core 18 'FAddSub_fulldsp' <Latency = 6> <II = 1> <Delay = 2.34> <FuncUnit> <Opcode : 'fadd' 'fsub'> <InPorts = 2> <OutPorts = 1>

State 62 <SV = 61> <Delay = 2.34>
ST_62 : Operation 594 [2/7] (2.34ns)   --->   "%sum_diff_4 = fadd i32 %sum_diff_3, i32 %height_diff_2" [flood_HLS_base.cpp:141]   --->   Operation 594 'fadd' 'sum_diff_4' <Predicate = (!icmp_ln109 & icmp_ln111 & and_ln139_5)> <Delay = 2.34> <CoreInst = "FAddSub_fulldsp">   --->   Core 18 'FAddSub_fulldsp' <Latency = 6> <II = 1> <Delay = 2.34> <FuncUnit> <Opcode : 'fadd' 'fsub'> <InPorts = 2> <OutPorts = 1>

State 63 <SV = 62> <Delay = 2.56>
ST_63 : Operation 595 [1/7] (2.34ns)   --->   "%sum_diff_4 = fadd i32 %sum_diff_3, i32 %height_diff_2" [flood_HLS_base.cpp:141]   --->   Operation 595 'fadd' 'sum_diff_4' <Predicate = (!icmp_ln109 & icmp_ln111 & and_ln139_5)> <Delay = 2.34> <CoreInst = "FAddSub_fulldsp">   --->   Core 18 'FAddSub_fulldsp' <Latency = 6> <II = 1> <Delay = 2.34> <FuncUnit> <Opcode : 'fadd' 'fsub'> <InPorts = 2> <OutPorts = 1>
ST_63 : Operation 596 [1/1] (0.22ns)   --->   "%sum_diff_5 = select i1 %and_ln139_5, i32 %sum_diff_4, i32 %sum_diff_3" [flood_HLS_base.cpp:139]   --->   Operation 596 'select' 'sum_diff_5' <Predicate = (!icmp_ln109 & icmp_ln111)> <Delay = 0.22> <CoreInst = "Sel">   --->   Core 73 'Sel' <Latency = 0> <II = 1> <Delay = 0.22> <FuncUnit> <Opcode : 'select'> <InPorts = 3> <OutPorts = 1>

State 64 <SV = 63> <Delay = 2.34>
ST_64 : Operation 597 [7/7] (2.34ns)   --->   "%sum_diff_6 = fadd i32 %sum_diff_5, i32 %height_diff_3" [flood_HLS_base.cpp:141]   --->   Operation 597 'fadd' 'sum_diff_6' <Predicate = (!icmp_ln109 & icmp_ln111 & and_ln139_7)> <Delay = 2.34> <CoreInst = "FAddSub_fulldsp">   --->   Core 18 'FAddSub_fulldsp' <Latency = 6> <II = 1> <Delay = 2.34> <FuncUnit> <Opcode : 'fadd' 'fsub'> <InPorts = 2> <OutPorts = 1>

State 65 <SV = 64> <Delay = 2.34>
ST_65 : Operation 598 [6/7] (2.34ns)   --->   "%sum_diff_6 = fadd i32 %sum_diff_5, i32 %height_diff_3" [flood_HLS_base.cpp:141]   --->   Operation 598 'fadd' 'sum_diff_6' <Predicate = (!icmp_ln109 & icmp_ln111 & and_ln139_7)> <Delay = 2.34> <CoreInst = "FAddSub_fulldsp">   --->   Core 18 'FAddSub_fulldsp' <Latency = 6> <II = 1> <Delay = 2.34> <FuncUnit> <Opcode : 'fadd' 'fsub'> <InPorts = 2> <OutPorts = 1>

State 66 <SV = 65> <Delay = 2.34>
ST_66 : Operation 599 [5/7] (2.34ns)   --->   "%sum_diff_6 = fadd i32 %sum_diff_5, i32 %height_diff_3" [flood_HLS_base.cpp:141]   --->   Operation 599 'fadd' 'sum_diff_6' <Predicate = (!icmp_ln109 & icmp_ln111 & and_ln139_7)> <Delay = 2.34> <CoreInst = "FAddSub_fulldsp">   --->   Core 18 'FAddSub_fulldsp' <Latency = 6> <II = 1> <Delay = 2.34> <FuncUnit> <Opcode : 'fadd' 'fsub'> <InPorts = 2> <OutPorts = 1>

State 67 <SV = 66> <Delay = 2.34>
ST_67 : Operation 600 [4/7] (2.34ns)   --->   "%sum_diff_6 = fadd i32 %sum_diff_5, i32 %height_diff_3" [flood_HLS_base.cpp:141]   --->   Operation 600 'fadd' 'sum_diff_6' <Predicate = (!icmp_ln109 & icmp_ln111 & and_ln139_7)> <Delay = 2.34> <CoreInst = "FAddSub_fulldsp">   --->   Core 18 'FAddSub_fulldsp' <Latency = 6> <II = 1> <Delay = 2.34> <FuncUnit> <Opcode : 'fadd' 'fsub'> <InPorts = 2> <OutPorts = 1>

State 68 <SV = 67> <Delay = 2.34>
ST_68 : Operation 601 [3/7] (2.34ns)   --->   "%sum_diff_6 = fadd i32 %sum_diff_5, i32 %height_diff_3" [flood_HLS_base.cpp:141]   --->   Operation 601 'fadd' 'sum_diff_6' <Predicate = (!icmp_ln109 & icmp_ln111 & and_ln139_7)> <Delay = 2.34> <CoreInst = "FAddSub_fulldsp">   --->   Core 18 'FAddSub_fulldsp' <Latency = 6> <II = 1> <Delay = 2.34> <FuncUnit> <Opcode : 'fadd' 'fsub'> <InPorts = 2> <OutPorts = 1>

State 69 <SV = 68> <Delay = 2.34>
ST_69 : Operation 602 [2/7] (2.34ns)   --->   "%sum_diff_6 = fadd i32 %sum_diff_5, i32 %height_diff_3" [flood_HLS_base.cpp:141]   --->   Operation 602 'fadd' 'sum_diff_6' <Predicate = (!icmp_ln109 & icmp_ln111 & and_ln139_7)> <Delay = 2.34> <CoreInst = "FAddSub_fulldsp">   --->   Core 18 'FAddSub_fulldsp' <Latency = 6> <II = 1> <Delay = 2.34> <FuncUnit> <Opcode : 'fadd' 'fsub'> <InPorts = 2> <OutPorts = 1>

State 70 <SV = 69> <Delay = 2.56>
ST_70 : Operation 603 [1/7] (2.34ns)   --->   "%sum_diff_6 = fadd i32 %sum_diff_5, i32 %height_diff_3" [flood_HLS_base.cpp:141]   --->   Operation 603 'fadd' 'sum_diff_6' <Predicate = (!icmp_ln109 & icmp_ln111 & and_ln139_7)> <Delay = 2.34> <CoreInst = "FAddSub_fulldsp">   --->   Core 18 'FAddSub_fulldsp' <Latency = 6> <II = 1> <Delay = 2.34> <FuncUnit> <Opcode : 'fadd' 'fsub'> <InPorts = 2> <OutPorts = 1>
ST_70 : Operation 604 [1/1] (0.22ns)   --->   "%sum_diff_7 = select i1 %and_ln139_7, i32 %sum_diff_6, i32 %sum_diff_5" [flood_HLS_base.cpp:139]   --->   Operation 604 'select' 'sum_diff_7' <Predicate = (!icmp_ln109 & icmp_ln111)> <Delay = 0.22> <CoreInst = "Sel">   --->   Core 73 'Sel' <Latency = 0> <II = 1> <Delay = 0.22> <FuncUnit> <Opcode : 'select'> <InPorts = 3> <OutPorts = 1>

State 71 <SV = 70> <Delay = 1.64>
ST_71 : Operation 605 [2/2] (1.64ns)   --->   "%tmp_62 = fcmp_ogt  i32 %sum_diff_7, i32 0" [flood_HLS_base.cpp:148]   --->   Operation 605 'fcmp' 'tmp_62' <Predicate = (!icmp_ln109 & icmp_ln111)> <Delay = 1.64> <CoreInst = "FCompare">   --->   Core 19 'FCompare' <Latency = 1> <II = 1> <Delay = 1.64> <FuncUnit> <Opcode : 'fcmp'> <InPorts = 2> <OutPorts = 1>

State 72 <SV = 71> <Delay = 1.77>
ST_72 : Operation 606 [1/1] (0.00ns)   --->   "%bitcast_ln148 = bitcast i32 %sum_diff_7" [flood_HLS_base.cpp:148]   --->   Operation 606 'bitcast' 'bitcast_ln148' <Predicate = (!icmp_ln109 & icmp_ln111)> <Delay = 0.00>
ST_72 : Operation 607 [1/1] (0.00ns)   --->   "%tmp_61 = partselect i8 @_ssdm_op_PartSelect.i8.i32.i32.i32, i32 %bitcast_ln148, i32 23, i32 30" [flood_HLS_base.cpp:148]   --->   Operation 607 'partselect' 'tmp_61' <Predicate = (!icmp_ln109 & icmp_ln111)> <Delay = 0.00>
ST_72 : Operation 608 [1/1] (0.00ns)   --->   "%trunc_ln148 = trunc i32 %bitcast_ln148" [flood_HLS_base.cpp:148]   --->   Operation 608 'trunc' 'trunc_ln148' <Predicate = (!icmp_ln109 & icmp_ln111)> <Delay = 0.00>
ST_72 : Operation 609 [1/1] (0.70ns)   --->   "%icmp_ln148 = icmp_ne  i8 %tmp_61, i8 255" [flood_HLS_base.cpp:148]   --->   Operation 609 'icmp' 'icmp_ln148' <Predicate = (!icmp_ln109 & icmp_ln111)> <Delay = 0.70> <CoreInst = "Cmp">   --->   Core 9 'Cmp' <Latency = 0> <II = 1> <Delay = 0.70> <FuncUnit> <Opcode : 'seteq' 'setne' 'setle' 'setge' 'setlt' 'setgt'> <InPorts = 2> <OutPorts = 1>
ST_72 : Operation 610 [1/1] (0.82ns)   --->   "%icmp_ln148_1 = icmp_eq  i23 %trunc_ln148, i23 0" [flood_HLS_base.cpp:148]   --->   Operation 610 'icmp' 'icmp_ln148_1' <Predicate = (!icmp_ln109 & icmp_ln111)> <Delay = 0.82> <CoreInst = "Cmp">   --->   Core 9 'Cmp' <Latency = 0> <II = 1> <Delay = 0.82> <FuncUnit> <Opcode : 'seteq' 'setne' 'setle' 'setge' 'setlt' 'setgt'> <InPorts = 2> <OutPorts = 1>
ST_72 : Operation 611 [1/1] (0.00ns) (grouped into LUT with out node and_ln148)   --->   "%or_ln148 = or i1 %icmp_ln148_1, i1 %icmp_ln148" [flood_HLS_base.cpp:148]   --->   Operation 611 'or' 'or_ln148' <Predicate = (!icmp_ln109 & icmp_ln111)> <Delay = 0.00> <CoreInst = "LogicGate">   --->   Core 74 'LogicGate' <Latency = 0> <II = 1> <Delay = 0.12> <FuncUnit> <Opcode : 'and' 'or' 'xor'> <InPorts = 2> <OutPorts = 1>
ST_72 : Operation 612 [1/2] (1.64ns)   --->   "%tmp_62 = fcmp_ogt  i32 %sum_diff_7, i32 0" [flood_HLS_base.cpp:148]   --->   Operation 612 'fcmp' 'tmp_62' <Predicate = (!icmp_ln109 & icmp_ln111)> <Delay = 1.64> <CoreInst = "FCompare">   --->   Core 19 'FCompare' <Latency = 1> <II = 1> <Delay = 1.64> <FuncUnit> <Opcode : 'fcmp'> <InPorts = 2> <OutPorts = 1>
ST_72 : Operation 613 [1/1] (0.12ns) (out node of the LUT)   --->   "%and_ln148 = and i1 %or_ln148, i1 %tmp_62" [flood_HLS_base.cpp:148]   --->   Operation 613 'and' 'and_ln148' <Predicate = (!icmp_ln109 & icmp_ln111)> <Delay = 0.12> <CoreInst = "LogicGate">   --->   Core 74 'LogicGate' <Latency = 0> <II = 1> <Delay = 0.12> <FuncUnit> <Opcode : 'and' 'or' 'xor'> <InPorts = 2> <OutPorts = 1>
ST_72 : Operation 614 [1/1] (0.00ns)   --->   "%br_ln148 = br i1 %and_ln148, void %for.inc416, void %if.then336" [flood_HLS_base.cpp:148]   --->   Operation 614 'br' 'br_ln148' <Predicate = (!icmp_ln109 & icmp_ln111)> <Delay = 0.00>

State 73 <SV = 72> <Delay = 0.00>

State 74 <SV = 73> <Delay = 2.32>
ST_74 : Operation 615 [12/12] (2.32ns)   --->   "%proportion = fdiv i32 %my_spillage_level_8, i32 %sum_diff_7" [flood_HLS_base.cpp:149]   --->   Operation 615 'fdiv' 'proportion' <Predicate = (!icmp_ln109 & icmp_ln111 & and_ln148)> <Delay = 2.32> <CoreInst = "FDiv">   --->   Core 20 'FDiv' <Latency = 11> <II = 1> <Delay = 2.32> <FuncUnit> <Opcode : 'fdiv' 'frem'> <InPorts = 2> <OutPorts = 1>

State 75 <SV = 74> <Delay = 2.32>
ST_75 : Operation 616 [11/12] (2.32ns)   --->   "%proportion = fdiv i32 %my_spillage_level_8, i32 %sum_diff_7" [flood_HLS_base.cpp:149]   --->   Operation 616 'fdiv' 'proportion' <Predicate = (!icmp_ln109 & icmp_ln111 & and_ln148)> <Delay = 2.32> <CoreInst = "FDiv">   --->   Core 20 'FDiv' <Latency = 11> <II = 1> <Delay = 2.32> <FuncUnit> <Opcode : 'fdiv' 'frem'> <InPorts = 2> <OutPorts = 1>

State 76 <SV = 75> <Delay = 2.32>
ST_76 : Operation 617 [10/12] (2.32ns)   --->   "%proportion = fdiv i32 %my_spillage_level_8, i32 %sum_diff_7" [flood_HLS_base.cpp:149]   --->   Operation 617 'fdiv' 'proportion' <Predicate = (!icmp_ln109 & icmp_ln111 & and_ln148)> <Delay = 2.32> <CoreInst = "FDiv">   --->   Core 20 'FDiv' <Latency = 11> <II = 1> <Delay = 2.32> <FuncUnit> <Opcode : 'fdiv' 'frem'> <InPorts = 2> <OutPorts = 1>

State 77 <SV = 76> <Delay = 2.32>
ST_77 : Operation 618 [9/12] (2.32ns)   --->   "%proportion = fdiv i32 %my_spillage_level_8, i32 %sum_diff_7" [flood_HLS_base.cpp:149]   --->   Operation 618 'fdiv' 'proportion' <Predicate = (!icmp_ln109 & icmp_ln111 & and_ln148)> <Delay = 2.32> <CoreInst = "FDiv">   --->   Core 20 'FDiv' <Latency = 11> <II = 1> <Delay = 2.32> <FuncUnit> <Opcode : 'fdiv' 'frem'> <InPorts = 2> <OutPorts = 1>

State 78 <SV = 77> <Delay = 2.32>
ST_78 : Operation 619 [8/12] (2.32ns)   --->   "%proportion = fdiv i32 %my_spillage_level_8, i32 %sum_diff_7" [flood_HLS_base.cpp:149]   --->   Operation 619 'fdiv' 'proportion' <Predicate = (!icmp_ln109 & icmp_ln111 & and_ln148)> <Delay = 2.32> <CoreInst = "FDiv">   --->   Core 20 'FDiv' <Latency = 11> <II = 1> <Delay = 2.32> <FuncUnit> <Opcode : 'fdiv' 'frem'> <InPorts = 2> <OutPorts = 1>

State 79 <SV = 78> <Delay = 2.32>
ST_79 : Operation 620 [7/12] (2.32ns)   --->   "%proportion = fdiv i32 %my_spillage_level_8, i32 %sum_diff_7" [flood_HLS_base.cpp:149]   --->   Operation 620 'fdiv' 'proportion' <Predicate = (!icmp_ln109 & icmp_ln111 & and_ln148)> <Delay = 2.32> <CoreInst = "FDiv">   --->   Core 20 'FDiv' <Latency = 11> <II = 1> <Delay = 2.32> <FuncUnit> <Opcode : 'fdiv' 'frem'> <InPorts = 2> <OutPorts = 1>

State 80 <SV = 79> <Delay = 2.32>
ST_80 : Operation 621 [6/12] (2.32ns)   --->   "%proportion = fdiv i32 %my_spillage_level_8, i32 %sum_diff_7" [flood_HLS_base.cpp:149]   --->   Operation 621 'fdiv' 'proportion' <Predicate = (!icmp_ln109 & icmp_ln111 & and_ln148)> <Delay = 2.32> <CoreInst = "FDiv">   --->   Core 20 'FDiv' <Latency = 11> <II = 1> <Delay = 2.32> <FuncUnit> <Opcode : 'fdiv' 'frem'> <InPorts = 2> <OutPorts = 1>

State 81 <SV = 80> <Delay = 2.32>
ST_81 : Operation 622 [5/12] (2.32ns)   --->   "%proportion = fdiv i32 %my_spillage_level_8, i32 %sum_diff_7" [flood_HLS_base.cpp:149]   --->   Operation 622 'fdiv' 'proportion' <Predicate = (!icmp_ln109 & icmp_ln111 & and_ln148)> <Delay = 2.32> <CoreInst = "FDiv">   --->   Core 20 'FDiv' <Latency = 11> <II = 1> <Delay = 2.32> <FuncUnit> <Opcode : 'fdiv' 'frem'> <InPorts = 2> <OutPorts = 1>

State 82 <SV = 81> <Delay = 2.32>
ST_82 : Operation 623 [4/12] (2.32ns)   --->   "%proportion = fdiv i32 %my_spillage_level_8, i32 %sum_diff_7" [flood_HLS_base.cpp:149]   --->   Operation 623 'fdiv' 'proportion' <Predicate = (!icmp_ln109 & icmp_ln111 & and_ln148)> <Delay = 2.32> <CoreInst = "FDiv">   --->   Core 20 'FDiv' <Latency = 11> <II = 1> <Delay = 2.32> <FuncUnit> <Opcode : 'fdiv' 'frem'> <InPorts = 2> <OutPorts = 1>

State 83 <SV = 82> <Delay = 2.32>
ST_83 : Operation 624 [3/12] (2.32ns)   --->   "%proportion = fdiv i32 %my_spillage_level_8, i32 %sum_diff_7" [flood_HLS_base.cpp:149]   --->   Operation 624 'fdiv' 'proportion' <Predicate = (!icmp_ln109 & icmp_ln111 & and_ln148)> <Delay = 2.32> <CoreInst = "FDiv">   --->   Core 20 'FDiv' <Latency = 11> <II = 1> <Delay = 2.32> <FuncUnit> <Opcode : 'fdiv' 'frem'> <InPorts = 2> <OutPorts = 1>

State 84 <SV = 83> <Delay = 2.32>
ST_84 : Operation 625 [2/12] (2.32ns)   --->   "%proportion = fdiv i32 %my_spillage_level_8, i32 %sum_diff_7" [flood_HLS_base.cpp:149]   --->   Operation 625 'fdiv' 'proportion' <Predicate = (!icmp_ln109 & icmp_ln111 & and_ln148)> <Delay = 2.32> <CoreInst = "FDiv">   --->   Core 20 'FDiv' <Latency = 11> <II = 1> <Delay = 2.32> <FuncUnit> <Opcode : 'fdiv' 'frem'> <InPorts = 2> <OutPorts = 1>

State 85 <SV = 84> <Delay = 2.32>
ST_85 : Operation 626 [1/12] (2.32ns)   --->   "%proportion = fdiv i32 %my_spillage_level_8, i32 %sum_diff_7" [flood_HLS_base.cpp:149]   --->   Operation 626 'fdiv' 'proportion' <Predicate = (!icmp_ln109 & icmp_ln111 & and_ln148)> <Delay = 2.32> <CoreInst = "FDiv">   --->   Core 20 'FDiv' <Latency = 11> <II = 1> <Delay = 2.32> <FuncUnit> <Opcode : 'fdiv' 'frem'> <InPorts = 2> <OutPorts = 1>

State 86 <SV = 85> <Delay = 1.54>
ST_86 : Operation 627 [2/2] (1.54ns)   --->   "%conv6 = fpext i32 %proportion" [flood_HLS_base.cpp:151]   --->   Operation 627 'fpext' 'conv6' <Predicate = (!icmp_ln109 & icmp_ln111 & and_ln148)> <Delay = 1.54> <CoreInst = "Float2Double">   --->   Core 64 'Float2Double' <Latency = 1> <II = 1> <Delay = 1.54> <FuncUnit> <Opcode : 'fpext'> <InPorts = 1> <OutPorts = 1>

State 87 <SV = 86> <Delay = 1.54>
ST_87 : Operation 628 [1/2] (1.54ns)   --->   "%conv6 = fpext i32 %proportion" [flood_HLS_base.cpp:151]   --->   Operation 628 'fpext' 'conv6' <Predicate = (!icmp_ln109 & icmp_ln111 & and_ln148)> <Delay = 1.54> <CoreInst = "Float2Double">   --->   Core 64 'Float2Double' <Latency = 1> <II = 1> <Delay = 1.54> <FuncUnit> <Opcode : 'fpext'> <InPorts = 1> <OutPorts = 1>

State 88 <SV = 87> <Delay = 2.01>
ST_88 : Operation 629 [1/1] (0.00ns)   --->   "%bitcast_ln151 = bitcast i64 %conv6" [flood_HLS_base.cpp:151]   --->   Operation 629 'bitcast' 'bitcast_ln151' <Predicate = (!icmp_ln109 & icmp_ln111 & and_ln148)> <Delay = 0.00>
ST_88 : Operation 630 [1/1] (0.00ns)   --->   "%tmp_63 = partselect i11 @_ssdm_op_PartSelect.i11.i64.i32.i32, i64 %bitcast_ln151, i32 52, i32 62" [flood_HLS_base.cpp:151]   --->   Operation 630 'partselect' 'tmp_63' <Predicate = (!icmp_ln109 & icmp_ln111 & and_ln148)> <Delay = 0.00>
ST_88 : Operation 631 [1/1] (0.00ns)   --->   "%trunc_ln151 = trunc i64 %bitcast_ln151" [flood_HLS_base.cpp:151]   --->   Operation 631 'trunc' 'trunc_ln151' <Predicate = (!icmp_ln109 & icmp_ln111 & and_ln148)> <Delay = 0.00>
ST_88 : Operation 632 [1/1] (0.73ns)   --->   "%icmp_ln151 = icmp_ne  i11 %tmp_63, i11 2047" [flood_HLS_base.cpp:151]   --->   Operation 632 'icmp' 'icmp_ln151' <Predicate = (!icmp_ln109 & icmp_ln111 & and_ln148)> <Delay = 0.73> <CoreInst = "Cmp">   --->   Core 9 'Cmp' <Latency = 0> <II = 1> <Delay = 0.73> <FuncUnit> <Opcode : 'seteq' 'setne' 'setle' 'setge' 'setlt' 'setgt'> <InPorts = 2> <OutPorts = 1>
ST_88 : Operation 633 [1/1] (0.98ns)   --->   "%icmp_ln151_1 = icmp_eq  i52 %trunc_ln151, i52 0" [flood_HLS_base.cpp:151]   --->   Operation 633 'icmp' 'icmp_ln151_1' <Predicate = (!icmp_ln109 & icmp_ln111 & and_ln148)> <Delay = 0.98> <CoreInst = "Cmp">   --->   Core 9 'Cmp' <Latency = 0> <II = 1> <Delay = 0.98> <FuncUnit> <Opcode : 'seteq' 'setne' 'setle' 'setge' 'setlt' 'setgt'> <InPorts = 2> <OutPorts = 1>
ST_88 : Operation 634 [2/2] (2.01ns)   --->   "%tmp_64 = fcmp_ogt  i64 %conv6, i64 1e-08" [flood_HLS_base.cpp:151]   --->   Operation 634 'dcmp' 'tmp_64' <Predicate = (!icmp_ln109 & icmp_ln111 & and_ln148)> <Delay = 2.01> <CoreInst = "DCompare">   --->   Core 38 'DCompare' <Latency = 1> <II = 1> <Delay = 2.01> <FuncUnit> <Opcode : 'dcmp'> <InPorts = 2> <OutPorts = 1>

State 89 <SV = 88> <Delay = 2.34>
ST_89 : Operation 635 [1/1] (0.00ns) (grouped into LUT with out node and_ln151)   --->   "%or_ln151 = or i1 %icmp_ln151_1, i1 %icmp_ln151" [flood_HLS_base.cpp:151]   --->   Operation 635 'or' 'or_ln151' <Predicate = (!icmp_ln109 & icmp_ln111 & and_ln148)> <Delay = 0.00> <CoreInst = "LogicGate">   --->   Core 74 'LogicGate' <Latency = 0> <II = 1> <Delay = 0.12> <FuncUnit> <Opcode : 'and' 'or' 'xor'> <InPorts = 2> <OutPorts = 1>
ST_89 : Operation 636 [1/2] (2.01ns)   --->   "%tmp_64 = fcmp_ogt  i64 %conv6, i64 1e-08" [flood_HLS_base.cpp:151]   --->   Operation 636 'dcmp' 'tmp_64' <Predicate = (!icmp_ln109 & icmp_ln111 & and_ln148)> <Delay = 2.01> <CoreInst = "DCompare">   --->   Core 38 'DCompare' <Latency = 1> <II = 1> <Delay = 2.01> <FuncUnit> <Opcode : 'dcmp'> <InPorts = 2> <OutPorts = 1>
ST_89 : Operation 637 [1/1] (0.12ns) (out node of the LUT)   --->   "%and_ln151 = and i1 %or_ln151, i1 %tmp_64" [flood_HLS_base.cpp:151]   --->   Operation 637 'and' 'and_ln151' <Predicate = (!icmp_ln109 & icmp_ln111 & and_ln148)> <Delay = 0.12> <CoreInst = "LogicGate">   --->   Core 74 'LogicGate' <Latency = 0> <II = 1> <Delay = 0.12> <FuncUnit> <Opcode : 'and' 'or' 'xor'> <InPorts = 2> <OutPorts = 1>
ST_89 : Operation 638 [1/1] (0.00ns)   --->   "%br_ln151 = br i1 %and_ln151, void %for.inc416, void %VITIS_LOOP_156_12" [flood_HLS_base.cpp:151]   --->   Operation 638 'br' 'br_ln151' <Predicate = (!icmp_ln109 & icmp_ln111 & and_ln148)> <Delay = 0.00>
ST_89 : Operation 639 [1/1] (0.00ns)   --->   "%tmp_65 = partselect i8 @_ssdm_op_PartSelect.i8.i32.i32.i32, i32 %p_ground_load, i32 23, i32 30" [flood_HLS_base.cpp:117]   --->   Operation 639 'partselect' 'tmp_65' <Predicate = (!icmp_ln109 & icmp_ln111 & and_ln148 & and_ln151)> <Delay = 0.00>
ST_89 : Operation 640 [1/1] (0.00ns)   --->   "%empty_77 = trunc i32 %p_ground_load" [flood_HLS_base.cpp:117]   --->   Operation 640 'trunc' 'empty_77' <Predicate = (!icmp_ln109 & icmp_ln111 & and_ln148 & and_ln151)> <Delay = 0.00>
ST_89 : Operation 641 [1/1] (0.70ns)   --->   "%notlhs178 = icmp_ne  i8 %tmp_65, i8 255" [flood_HLS_base.cpp:117]   --->   Operation 641 'icmp' 'notlhs178' <Predicate = (!icmp_ln109 & icmp_ln111 & and_ln148 & and_ln151)> <Delay = 0.70> <CoreInst = "Cmp">   --->   Core 9 'Cmp' <Latency = 0> <II = 1> <Delay = 0.70> <FuncUnit> <Opcode : 'seteq' 'setne' 'setle' 'setge' 'setlt' 'setgt'> <InPorts = 2> <OutPorts = 1>
ST_89 : Operation 642 [1/1] (0.82ns)   --->   "%notrhs179 = icmp_eq  i23 %empty_77, i23 0" [flood_HLS_base.cpp:117]   --->   Operation 642 'icmp' 'notrhs179' <Predicate = (!icmp_ln109 & icmp_ln111 & and_ln148 & and_ln151)> <Delay = 0.82> <CoreInst = "Cmp">   --->   Core 9 'Cmp' <Latency = 0> <II = 1> <Delay = 0.82> <FuncUnit> <Opcode : 'seteq' 'setne' 'setle' 'setge' 'setlt' 'setgt'> <InPorts = 2> <OutPorts = 1>
ST_89 : Operation 643 [7/7] (2.34ns)   --->   "%sub6 = fsub i32 %current_height, i32 %neighbor_height_8" [flood_HLS_base.cpp:117]   --->   Operation 643 'fsub' 'sub6' <Predicate = (!icmp_ln109 & icmp_ln111 & and_ln148 & and_ln151)> <Delay = 2.34> <CoreInst = "FAddSub_fulldsp">   --->   Core 18 'FAddSub_fulldsp' <Latency = 6> <II = 1> <Delay = 2.34> <FuncUnit> <Opcode : 'fadd' 'fsub'> <InPorts = 2> <OutPorts = 1>
ST_89 : Operation 644 [1/1] (0.00ns)   --->   "%br_ln163 = br i1 %empty_72, void %if.else384, void %if.then368" [flood_HLS_base.cpp:163]   --->   Operation 644 'br' 'br_ln163' <Predicate = (!icmp_ln109 & icmp_ln111 & and_ln148 & and_ln151)> <Delay = 0.00>
ST_89 : Operation 645 [2/2] (1.64ns)   --->   "%tmp_68 = fcmp_oge  i32 %current_height, i32 %neighbor_height" [flood_HLS_base.cpp:175]   --->   Operation 645 'fcmp' 'tmp_68' <Predicate = (!icmp_ln109 & icmp_ln111 & and_ln148 & and_ln151 & !empty_72)> <Delay = 1.64> <CoreInst = "FCompare">   --->   Core 19 'FCompare' <Latency = 1> <II = 1> <Delay = 1.64> <FuncUnit> <Opcode : 'fcmp'> <InPorts = 2> <OutPorts = 1>
ST_89 : Operation 646 [1/1] (0.00ns)   --->   "%br_ln163 = br i1 %empty_73, void %if.else384.1, void %if.then368.1" [flood_HLS_base.cpp:163]   --->   Operation 646 'br' 'br_ln163' <Predicate = (!icmp_ln109 & icmp_ln111 & and_ln148 & and_ln151)> <Delay = 0.00>
ST_89 : Operation 647 [2/2] (1.64ns)   --->   "%tmp_71 = fcmp_oge  i32 %current_height, i32 %neighbor_height_2" [flood_HLS_base.cpp:175]   --->   Operation 647 'fcmp' 'tmp_71' <Predicate = (!icmp_ln109 & icmp_ln111 & and_ln148 & and_ln151 & !empty_73)> <Delay = 1.64> <CoreInst = "FCompare">   --->   Core 19 'FCompare' <Latency = 1> <II = 1> <Delay = 1.64> <FuncUnit> <Opcode : 'fcmp'> <InPorts = 2> <OutPorts = 1>
ST_89 : Operation 648 [1/1] (0.00ns)   --->   "%br_ln163 = br i1 %icmp_ln128_1, void %if.else384.3, void %if.then368.3" [flood_HLS_base.cpp:163]   --->   Operation 648 'br' 'br_ln163' <Predicate = (!icmp_ln109 & icmp_ln111 & and_ln148 & and_ln151)> <Delay = 0.00>

State 90 <SV = 89> <Delay = 2.34>
ST_90 : Operation 649 [1/1] (1.24ns)   --->   "%store_ln152 = store i32 1, i13 %spillage_flag_addr" [flood_HLS_base.cpp:152]   --->   Operation 649 'store' 'store_ln152' <Predicate = (!icmp_ln109 & icmp_ln111 & and_ln148 & and_ln151)> <Delay = 1.24> <CoreInst = "RAM">   --->   Core 82 'RAM' <Latency = 1> <II = 1> <Delay = 1.24> <Storage> <Opcode : 'load' 'store'> <Ports = 2> <Width = 32> <Depth = 8100> <RAM>
ST_90 : Operation 650 [1/1] (1.24ns)   --->   "%store_ln153 = store i32 %my_spillage_level_8, i13 %spillage_level_addr" [flood_HLS_base.cpp:153]   --->   Operation 650 'store' 'store_ln153' <Predicate = (!icmp_ln109 & icmp_ln111 & and_ln148 & and_ln151)> <Delay = 1.24> <CoreInst = "RAM">   --->   Core 82 'RAM' <Latency = 1> <II = 1> <Delay = 1.24> <Storage> <Opcode : 'load' 'store'> <Ports = 2> <Width = 32> <Depth = 8100> <RAM>
ST_90 : Operation 651 [6/7] (2.34ns)   --->   "%sub6 = fsub i32 %current_height, i32 %neighbor_height_8" [flood_HLS_base.cpp:117]   --->   Operation 651 'fsub' 'sub6' <Predicate = (!icmp_ln109 & icmp_ln111 & and_ln148 & and_ln151)> <Delay = 2.34> <CoreInst = "FAddSub_fulldsp">   --->   Core 18 'FAddSub_fulldsp' <Latency = 6> <II = 1> <Delay = 2.34> <FuncUnit> <Opcode : 'fadd' 'fsub'> <InPorts = 2> <OutPorts = 1>
ST_90 : Operation 652 [1/1] (0.00ns)   --->   "%bitcast_ln175 = bitcast i32 %neighbor_height" [flood_HLS_base.cpp:175]   --->   Operation 652 'bitcast' 'bitcast_ln175' <Predicate = (!icmp_ln109 & icmp_ln111 & and_ln148 & and_ln151 & !empty_72)> <Delay = 0.00>
ST_90 : Operation 653 [1/1] (0.00ns)   --->   "%tmp_67 = partselect i8 @_ssdm_op_PartSelect.i8.i32.i32.i32, i32 %bitcast_ln175, i32 23, i32 30" [flood_HLS_base.cpp:175]   --->   Operation 653 'partselect' 'tmp_67' <Predicate = (!icmp_ln109 & icmp_ln111 & and_ln148 & and_ln151 & !empty_72)> <Delay = 0.00>
ST_90 : Operation 654 [1/1] (0.00ns)   --->   "%trunc_ln175 = trunc i32 %bitcast_ln175" [flood_HLS_base.cpp:175]   --->   Operation 654 'trunc' 'trunc_ln175' <Predicate = (!icmp_ln109 & icmp_ln111 & and_ln148 & and_ln151 & !empty_72)> <Delay = 0.00>
ST_90 : Operation 655 [1/1] (0.70ns)   --->   "%icmp_ln175 = icmp_ne  i8 %tmp_67, i8 255" [flood_HLS_base.cpp:175]   --->   Operation 655 'icmp' 'icmp_ln175' <Predicate = (!icmp_ln109 & icmp_ln111 & and_ln148 & and_ln151 & !empty_72)> <Delay = 0.70> <CoreInst = "Cmp">   --->   Core 9 'Cmp' <Latency = 0> <II = 1> <Delay = 0.70> <FuncUnit> <Opcode : 'seteq' 'setne' 'setle' 'setge' 'setlt' 'setgt'> <InPorts = 2> <OutPorts = 1>
ST_90 : Operation 656 [1/1] (0.82ns)   --->   "%icmp_ln175_1 = icmp_eq  i23 %trunc_ln175, i23 0" [flood_HLS_base.cpp:175]   --->   Operation 656 'icmp' 'icmp_ln175_1' <Predicate = (!icmp_ln109 & icmp_ln111 & and_ln148 & and_ln151 & !empty_72)> <Delay = 0.82> <CoreInst = "Cmp">   --->   Core 9 'Cmp' <Latency = 0> <II = 1> <Delay = 0.82> <FuncUnit> <Opcode : 'seteq' 'setne' 'setle' 'setge' 'setlt' 'setgt'> <InPorts = 2> <OutPorts = 1>
ST_90 : Operation 657 [1/1] (0.00ns) (grouped into LUT with out node and_ln175_1)   --->   "%or_ln175 = or i1 %icmp_ln175_1, i1 %icmp_ln175" [flood_HLS_base.cpp:175]   --->   Operation 657 'or' 'or_ln175' <Predicate = (!icmp_ln109 & icmp_ln111 & and_ln148 & and_ln151 & !empty_72)> <Delay = 0.00> <CoreInst = "LogicGate">   --->   Core 74 'LogicGate' <Latency = 0> <II = 1> <Delay = 0.12> <FuncUnit> <Opcode : 'and' 'or' 'xor'> <InPorts = 2> <OutPorts = 1>
ST_90 : Operation 658 [1/1] (0.00ns) (grouped into LUT with out node and_ln175_1)   --->   "%and_ln175 = and i1 %or_ln139, i1 %or_ln175" [flood_HLS_base.cpp:175]   --->   Operation 658 'and' 'and_ln175' <Predicate = (!icmp_ln109 & icmp_ln111 & and_ln148 & and_ln151 & !empty_72)> <Delay = 0.00> <CoreInst = "LogicGate">   --->   Core 74 'LogicGate' <Latency = 0> <II = 1> <Delay = 0.12> <FuncUnit> <Opcode : 'and' 'or' 'xor'> <InPorts = 2> <OutPorts = 1>
ST_90 : Operation 659 [1/2] (1.64ns)   --->   "%tmp_68 = fcmp_oge  i32 %current_height, i32 %neighbor_height" [flood_HLS_base.cpp:175]   --->   Operation 659 'fcmp' 'tmp_68' <Predicate = (!icmp_ln109 & icmp_ln111 & and_ln148 & and_ln151 & !empty_72)> <Delay = 1.64> <CoreInst = "FCompare">   --->   Core 19 'FCompare' <Latency = 1> <II = 1> <Delay = 1.64> <FuncUnit> <Opcode : 'fcmp'> <InPorts = 2> <OutPorts = 1>
ST_90 : Operation 660 [1/1] (0.12ns) (out node of the LUT)   --->   "%and_ln175_1 = and i1 %and_ln175, i1 %tmp_68" [flood_HLS_base.cpp:175]   --->   Operation 660 'and' 'and_ln175_1' <Predicate = (!icmp_ln109 & icmp_ln111 & and_ln148 & and_ln151 & !empty_72)> <Delay = 0.12> <CoreInst = "LogicGate">   --->   Core 74 'LogicGate' <Latency = 0> <II = 1> <Delay = 0.12> <FuncUnit> <Opcode : 'and' 'or' 'xor'> <InPorts = 2> <OutPorts = 1>
ST_90 : Operation 661 [1/1] (0.00ns)   --->   "%br_ln175 = br i1 %and_ln175_1, void %if.end408, void %if.then398" [flood_HLS_base.cpp:175]   --->   Operation 661 'br' 'br_ln175' <Predicate = (!icmp_ln109 & icmp_ln111 & and_ln148 & and_ln151 & !empty_72)> <Delay = 0.00>
ST_90 : Operation 662 [7/7] (2.34ns)   --->   "%sub7 = fsub i32 %current_height, i32 %neighbor_height" [flood_HLS_base.cpp:177]   --->   Operation 662 'fsub' 'sub7' <Predicate = (!icmp_ln109 & icmp_ln111 & and_ln148 & and_ln151 & !empty_72 & and_ln175_1)> <Delay = 2.34> <CoreInst = "FAddSub_fulldsp">   --->   Core 18 'FAddSub_fulldsp' <Latency = 6> <II = 1> <Delay = 2.34> <FuncUnit> <Opcode : 'fadd' 'fsub'> <InPorts = 2> <OutPorts = 1>
ST_90 : Operation 663 [1/1] (0.00ns)   --->   "%bitcast_ln175_1 = bitcast i32 %neighbor_height_2" [flood_HLS_base.cpp:175]   --->   Operation 663 'bitcast' 'bitcast_ln175_1' <Predicate = (!icmp_ln109 & icmp_ln111 & and_ln148 & and_ln151 & !empty_73)> <Delay = 0.00>
ST_90 : Operation 664 [1/1] (0.00ns)   --->   "%tmp_70 = partselect i8 @_ssdm_op_PartSelect.i8.i32.i32.i32, i32 %bitcast_ln175_1, i32 23, i32 30" [flood_HLS_base.cpp:175]   --->   Operation 664 'partselect' 'tmp_70' <Predicate = (!icmp_ln109 & icmp_ln111 & and_ln148 & and_ln151 & !empty_73)> <Delay = 0.00>
ST_90 : Operation 665 [1/1] (0.00ns)   --->   "%trunc_ln175_1 = trunc i32 %bitcast_ln175_1" [flood_HLS_base.cpp:175]   --->   Operation 665 'trunc' 'trunc_ln175_1' <Predicate = (!icmp_ln109 & icmp_ln111 & and_ln148 & and_ln151 & !empty_73)> <Delay = 0.00>
ST_90 : Operation 666 [1/1] (0.70ns)   --->   "%icmp_ln175_2 = icmp_ne  i8 %tmp_70, i8 255" [flood_HLS_base.cpp:175]   --->   Operation 666 'icmp' 'icmp_ln175_2' <Predicate = (!icmp_ln109 & icmp_ln111 & and_ln148 & and_ln151 & !empty_73)> <Delay = 0.70> <CoreInst = "Cmp">   --->   Core 9 'Cmp' <Latency = 0> <II = 1> <Delay = 0.70> <FuncUnit> <Opcode : 'seteq' 'setne' 'setle' 'setge' 'setlt' 'setgt'> <InPorts = 2> <OutPorts = 1>
ST_90 : Operation 667 [1/1] (0.82ns)   --->   "%icmp_ln175_3 = icmp_eq  i23 %trunc_ln175_1, i23 0" [flood_HLS_base.cpp:175]   --->   Operation 667 'icmp' 'icmp_ln175_3' <Predicate = (!icmp_ln109 & icmp_ln111 & and_ln148 & and_ln151 & !empty_73)> <Delay = 0.82> <CoreInst = "Cmp">   --->   Core 9 'Cmp' <Latency = 0> <II = 1> <Delay = 0.82> <FuncUnit> <Opcode : 'seteq' 'setne' 'setle' 'setge' 'setlt' 'setgt'> <InPorts = 2> <OutPorts = 1>
ST_90 : Operation 668 [1/1] (0.00ns) (grouped into LUT with out node and_ln175_3)   --->   "%or_ln175_1 = or i1 %icmp_ln175_3, i1 %icmp_ln175_2" [flood_HLS_base.cpp:175]   --->   Operation 668 'or' 'or_ln175_1' <Predicate = (!icmp_ln109 & icmp_ln111 & and_ln148 & and_ln151 & !empty_73)> <Delay = 0.00> <CoreInst = "LogicGate">   --->   Core 74 'LogicGate' <Latency = 0> <II = 1> <Delay = 0.12> <FuncUnit> <Opcode : 'and' 'or' 'xor'> <InPorts = 2> <OutPorts = 1>
ST_90 : Operation 669 [1/1] (0.00ns) (grouped into LUT with out node and_ln175_3)   --->   "%and_ln175_2 = and i1 %or_ln139, i1 %or_ln175_1" [flood_HLS_base.cpp:175]   --->   Operation 669 'and' 'and_ln175_2' <Predicate = (!icmp_ln109 & icmp_ln111 & and_ln148 & and_ln151 & !empty_73)> <Delay = 0.00> <CoreInst = "LogicGate">   --->   Core 74 'LogicGate' <Latency = 0> <II = 1> <Delay = 0.12> <FuncUnit> <Opcode : 'and' 'or' 'xor'> <InPorts = 2> <OutPorts = 1>
ST_90 : Operation 670 [1/2] (1.64ns)   --->   "%tmp_71 = fcmp_oge  i32 %current_height, i32 %neighbor_height_2" [flood_HLS_base.cpp:175]   --->   Operation 670 'fcmp' 'tmp_71' <Predicate = (!icmp_ln109 & icmp_ln111 & and_ln148 & and_ln151 & !empty_73)> <Delay = 1.64> <CoreInst = "FCompare">   --->   Core 19 'FCompare' <Latency = 1> <II = 1> <Delay = 1.64> <FuncUnit> <Opcode : 'fcmp'> <InPorts = 2> <OutPorts = 1>
ST_90 : Operation 671 [1/1] (0.12ns) (out node of the LUT)   --->   "%and_ln175_3 = and i1 %and_ln175_2, i1 %tmp_71" [flood_HLS_base.cpp:175]   --->   Operation 671 'and' 'and_ln175_3' <Predicate = (!icmp_ln109 & icmp_ln111 & and_ln148 & and_ln151 & !empty_73)> <Delay = 0.12> <CoreInst = "LogicGate">   --->   Core 74 'LogicGate' <Latency = 0> <II = 1> <Delay = 0.12> <FuncUnit> <Opcode : 'and' 'or' 'xor'> <InPorts = 2> <OutPorts = 1>
ST_90 : Operation 672 [1/1] (0.00ns)   --->   "%br_ln175 = br i1 %and_ln175_3, void %if.end408.1, void %if.then398.1" [flood_HLS_base.cpp:175]   --->   Operation 672 'br' 'br_ln175' <Predicate = (!icmp_ln109 & icmp_ln111 & and_ln148 & and_ln151 & !empty_73)> <Delay = 0.00>
ST_90 : Operation 673 [7/7] (2.34ns)   --->   "%sub400_1 = fsub i32 %current_height, i32 %neighbor_height_2" [flood_HLS_base.cpp:177]   --->   Operation 673 'fsub' 'sub400_1' <Predicate = (!icmp_ln109 & icmp_ln111 & and_ln148 & and_ln151 & !empty_73 & and_ln175_3)> <Delay = 2.34> <CoreInst = "FAddSub_fulldsp">   --->   Core 18 'FAddSub_fulldsp' <Latency = 6> <II = 1> <Delay = 2.34> <FuncUnit> <Opcode : 'fadd' 'fsub'> <InPorts = 2> <OutPorts = 1>
ST_90 : Operation 674 [2/2] (1.64ns)   --->   "%tmp_74 = fcmp_oge  i32 %current_height, i32 %neighbor_height_4" [flood_HLS_base.cpp:175]   --->   Operation 674 'fcmp' 'tmp_74' <Predicate = (!icmp_ln109 & icmp_ln111 & and_ln148 & and_ln151 & !icmp_ln128)> <Delay = 1.64> <CoreInst = "FCompare">   --->   Core 19 'FCompare' <Latency = 1> <II = 1> <Delay = 1.64> <FuncUnit> <Opcode : 'fcmp'> <InPorts = 2> <OutPorts = 1>
ST_90 : Operation 675 [2/2] (1.64ns)   --->   "%tmp_77 = fcmp_oge  i32 %current_height, i32 %neighbor_height_6" [flood_HLS_base.cpp:175]   --->   Operation 675 'fcmp' 'tmp_77' <Predicate = (!icmp_ln109 & icmp_ln111 & and_ln148 & and_ln151 & !icmp_ln128_1)> <Delay = 1.64> <CoreInst = "FCompare">   --->   Core 19 'FCompare' <Latency = 1> <II = 1> <Delay = 1.64> <FuncUnit> <Opcode : 'fcmp'> <InPorts = 2> <OutPorts = 1>

State 91 <SV = 90> <Delay = 2.34>
ST_91 : Operation 676 [2/2] (1.64ns)   --->   "%tmp_66 = fcmp_oge  i32 %current_height, i32 %neighbor_height_8" [flood_HLS_base.cpp:117]   --->   Operation 676 'fcmp' 'tmp_66' <Predicate = (!icmp_ln109 & icmp_ln111 & and_ln148 & and_ln151)> <Delay = 1.64> <CoreInst = "FCompare">   --->   Core 19 'FCompare' <Latency = 1> <II = 1> <Delay = 1.64> <FuncUnit> <Opcode : 'fcmp'> <InPorts = 2> <OutPorts = 1>
ST_91 : Operation 677 [5/7] (2.34ns)   --->   "%sub6 = fsub i32 %current_height, i32 %neighbor_height_8" [flood_HLS_base.cpp:117]   --->   Operation 677 'fsub' 'sub6' <Predicate = (!icmp_ln109 & icmp_ln111 & and_ln148 & and_ln151)> <Delay = 2.34> <CoreInst = "FAddSub_fulldsp">   --->   Core 18 'FAddSub_fulldsp' <Latency = 6> <II = 1> <Delay = 2.34> <FuncUnit> <Opcode : 'fadd' 'fsub'> <InPorts = 2> <OutPorts = 1>
ST_91 : Operation 678 [6/7] (2.34ns)   --->   "%sub7 = fsub i32 %current_height, i32 %neighbor_height" [flood_HLS_base.cpp:177]   --->   Operation 678 'fsub' 'sub7' <Predicate = (!icmp_ln109 & icmp_ln111 & and_ln148 & and_ln151 & !empty_72 & and_ln175_1)> <Delay = 2.34> <CoreInst = "FAddSub_fulldsp">   --->   Core 18 'FAddSub_fulldsp' <Latency = 6> <II = 1> <Delay = 2.34> <FuncUnit> <Opcode : 'fadd' 'fsub'> <InPorts = 2> <OutPorts = 1>
ST_91 : Operation 679 [6/7] (2.34ns)   --->   "%sub400_1 = fsub i32 %current_height, i32 %neighbor_height_2" [flood_HLS_base.cpp:177]   --->   Operation 679 'fsub' 'sub400_1' <Predicate = (!icmp_ln109 & icmp_ln111 & and_ln148 & and_ln151 & !empty_73 & and_ln175_3)> <Delay = 2.34> <CoreInst = "FAddSub_fulldsp">   --->   Core 18 'FAddSub_fulldsp' <Latency = 6> <II = 1> <Delay = 2.34> <FuncUnit> <Opcode : 'fadd' 'fsub'> <InPorts = 2> <OutPorts = 1>
ST_91 : Operation 680 [1/1] (0.00ns)   --->   "%bitcast_ln175_2 = bitcast i32 %neighbor_height_4" [flood_HLS_base.cpp:175]   --->   Operation 680 'bitcast' 'bitcast_ln175_2' <Predicate = (!icmp_ln109 & icmp_ln111 & and_ln148 & and_ln151 & !icmp_ln128)> <Delay = 0.00>
ST_91 : Operation 681 [1/1] (0.00ns)   --->   "%tmp_73 = partselect i8 @_ssdm_op_PartSelect.i8.i32.i32.i32, i32 %bitcast_ln175_2, i32 23, i32 30" [flood_HLS_base.cpp:175]   --->   Operation 681 'partselect' 'tmp_73' <Predicate = (!icmp_ln109 & icmp_ln111 & and_ln148 & and_ln151 & !icmp_ln128)> <Delay = 0.00>
ST_91 : Operation 682 [1/1] (0.00ns)   --->   "%trunc_ln175_2 = trunc i32 %bitcast_ln175_2" [flood_HLS_base.cpp:175]   --->   Operation 682 'trunc' 'trunc_ln175_2' <Predicate = (!icmp_ln109 & icmp_ln111 & and_ln148 & and_ln151 & !icmp_ln128)> <Delay = 0.00>
ST_91 : Operation 683 [1/1] (0.70ns)   --->   "%icmp_ln175_4 = icmp_ne  i8 %tmp_73, i8 255" [flood_HLS_base.cpp:175]   --->   Operation 683 'icmp' 'icmp_ln175_4' <Predicate = (!icmp_ln109 & icmp_ln111 & and_ln148 & and_ln151 & !icmp_ln128)> <Delay = 0.70> <CoreInst = "Cmp">   --->   Core 9 'Cmp' <Latency = 0> <II = 1> <Delay = 0.70> <FuncUnit> <Opcode : 'seteq' 'setne' 'setle' 'setge' 'setlt' 'setgt'> <InPorts = 2> <OutPorts = 1>
ST_91 : Operation 684 [1/1] (0.82ns)   --->   "%icmp_ln175_5 = icmp_eq  i23 %trunc_ln175_2, i23 0" [flood_HLS_base.cpp:175]   --->   Operation 684 'icmp' 'icmp_ln175_5' <Predicate = (!icmp_ln109 & icmp_ln111 & and_ln148 & and_ln151 & !icmp_ln128)> <Delay = 0.82> <CoreInst = "Cmp">   --->   Core 9 'Cmp' <Latency = 0> <II = 1> <Delay = 0.82> <FuncUnit> <Opcode : 'seteq' 'setne' 'setle' 'setge' 'setlt' 'setgt'> <InPorts = 2> <OutPorts = 1>
ST_91 : Operation 685 [1/1] (0.00ns) (grouped into LUT with out node and_ln175_5)   --->   "%or_ln175_2 = or i1 %icmp_ln175_5, i1 %icmp_ln175_4" [flood_HLS_base.cpp:175]   --->   Operation 685 'or' 'or_ln175_2' <Predicate = (!icmp_ln109 & icmp_ln111 & and_ln148 & and_ln151 & !icmp_ln128)> <Delay = 0.00> <CoreInst = "LogicGate">   --->   Core 74 'LogicGate' <Latency = 0> <II = 1> <Delay = 0.12> <FuncUnit> <Opcode : 'and' 'or' 'xor'> <InPorts = 2> <OutPorts = 1>
ST_91 : Operation 686 [1/1] (0.00ns) (grouped into LUT with out node and_ln175_5)   --->   "%and_ln175_4 = and i1 %or_ln139, i1 %or_ln175_2" [flood_HLS_base.cpp:175]   --->   Operation 686 'and' 'and_ln175_4' <Predicate = (!icmp_ln109 & icmp_ln111 & and_ln148 & and_ln151 & !icmp_ln128)> <Delay = 0.00> <CoreInst = "LogicGate">   --->   Core 74 'LogicGate' <Latency = 0> <II = 1> <Delay = 0.12> <FuncUnit> <Opcode : 'and' 'or' 'xor'> <InPorts = 2> <OutPorts = 1>
ST_91 : Operation 687 [1/2] (1.64ns)   --->   "%tmp_74 = fcmp_oge  i32 %current_height, i32 %neighbor_height_4" [flood_HLS_base.cpp:175]   --->   Operation 687 'fcmp' 'tmp_74' <Predicate = (!icmp_ln109 & icmp_ln111 & and_ln148 & and_ln151 & !icmp_ln128)> <Delay = 1.64> <CoreInst = "FCompare">   --->   Core 19 'FCompare' <Latency = 1> <II = 1> <Delay = 1.64> <FuncUnit> <Opcode : 'fcmp'> <InPorts = 2> <OutPorts = 1>
ST_91 : Operation 688 [1/1] (0.12ns) (out node of the LUT)   --->   "%and_ln175_5 = and i1 %and_ln175_4, i1 %tmp_74" [flood_HLS_base.cpp:175]   --->   Operation 688 'and' 'and_ln175_5' <Predicate = (!icmp_ln109 & icmp_ln111 & and_ln148 & and_ln151 & !icmp_ln128)> <Delay = 0.12> <CoreInst = "LogicGate">   --->   Core 74 'LogicGate' <Latency = 0> <II = 1> <Delay = 0.12> <FuncUnit> <Opcode : 'and' 'or' 'xor'> <InPorts = 2> <OutPorts = 1>
ST_91 : Operation 689 [1/1] (0.00ns)   --->   "%br_ln175 = br i1 %and_ln175_5, void %if.end408.2, void %if.then398.2" [flood_HLS_base.cpp:175]   --->   Operation 689 'br' 'br_ln175' <Predicate = (!icmp_ln109 & icmp_ln111 & and_ln148 & and_ln151 & !icmp_ln128)> <Delay = 0.00>
ST_91 : Operation 690 [1/1] (0.00ns)   --->   "%bitcast_ln175_3 = bitcast i32 %neighbor_height_6" [flood_HLS_base.cpp:175]   --->   Operation 690 'bitcast' 'bitcast_ln175_3' <Predicate = (!icmp_ln109 & icmp_ln111 & and_ln148 & and_ln151 & !icmp_ln128_1)> <Delay = 0.00>
ST_91 : Operation 691 [1/1] (0.00ns)   --->   "%tmp_76 = partselect i8 @_ssdm_op_PartSelect.i8.i32.i32.i32, i32 %bitcast_ln175_3, i32 23, i32 30" [flood_HLS_base.cpp:175]   --->   Operation 691 'partselect' 'tmp_76' <Predicate = (!icmp_ln109 & icmp_ln111 & and_ln148 & and_ln151 & !icmp_ln128_1)> <Delay = 0.00>
ST_91 : Operation 692 [1/1] (0.00ns)   --->   "%trunc_ln175_3 = trunc i32 %bitcast_ln175_3" [flood_HLS_base.cpp:175]   --->   Operation 692 'trunc' 'trunc_ln175_3' <Predicate = (!icmp_ln109 & icmp_ln111 & and_ln148 & and_ln151 & !icmp_ln128_1)> <Delay = 0.00>
ST_91 : Operation 693 [1/1] (0.70ns)   --->   "%icmp_ln175_6 = icmp_ne  i8 %tmp_76, i8 255" [flood_HLS_base.cpp:175]   --->   Operation 693 'icmp' 'icmp_ln175_6' <Predicate = (!icmp_ln109 & icmp_ln111 & and_ln148 & and_ln151 & !icmp_ln128_1)> <Delay = 0.70> <CoreInst = "Cmp">   --->   Core 9 'Cmp' <Latency = 0> <II = 1> <Delay = 0.70> <FuncUnit> <Opcode : 'seteq' 'setne' 'setle' 'setge' 'setlt' 'setgt'> <InPorts = 2> <OutPorts = 1>
ST_91 : Operation 694 [1/1] (0.82ns)   --->   "%icmp_ln175_7 = icmp_eq  i23 %trunc_ln175_3, i23 0" [flood_HLS_base.cpp:175]   --->   Operation 694 'icmp' 'icmp_ln175_7' <Predicate = (!icmp_ln109 & icmp_ln111 & and_ln148 & and_ln151 & !icmp_ln128_1)> <Delay = 0.82> <CoreInst = "Cmp">   --->   Core 9 'Cmp' <Latency = 0> <II = 1> <Delay = 0.82> <FuncUnit> <Opcode : 'seteq' 'setne' 'setle' 'setge' 'setlt' 'setgt'> <InPorts = 2> <OutPorts = 1>
ST_91 : Operation 695 [1/1] (0.00ns) (grouped into LUT with out node and_ln175_7)   --->   "%or_ln175_3 = or i1 %icmp_ln175_7, i1 %icmp_ln175_6" [flood_HLS_base.cpp:175]   --->   Operation 695 'or' 'or_ln175_3' <Predicate = (!icmp_ln109 & icmp_ln111 & and_ln148 & and_ln151 & !icmp_ln128_1)> <Delay = 0.00> <CoreInst = "LogicGate">   --->   Core 74 'LogicGate' <Latency = 0> <II = 1> <Delay = 0.12> <FuncUnit> <Opcode : 'and' 'or' 'xor'> <InPorts = 2> <OutPorts = 1>
ST_91 : Operation 696 [1/1] (0.00ns) (grouped into LUT with out node and_ln175_7)   --->   "%and_ln175_6 = and i1 %or_ln139, i1 %or_ln175_3" [flood_HLS_base.cpp:175]   --->   Operation 696 'and' 'and_ln175_6' <Predicate = (!icmp_ln109 & icmp_ln111 & and_ln148 & and_ln151 & !icmp_ln128_1)> <Delay = 0.00> <CoreInst = "LogicGate">   --->   Core 74 'LogicGate' <Latency = 0> <II = 1> <Delay = 0.12> <FuncUnit> <Opcode : 'and' 'or' 'xor'> <InPorts = 2> <OutPorts = 1>
ST_91 : Operation 697 [1/2] (1.64ns)   --->   "%tmp_77 = fcmp_oge  i32 %current_height, i32 %neighbor_height_6" [flood_HLS_base.cpp:175]   --->   Operation 697 'fcmp' 'tmp_77' <Predicate = (!icmp_ln109 & icmp_ln111 & and_ln148 & and_ln151 & !icmp_ln128_1)> <Delay = 1.64> <CoreInst = "FCompare">   --->   Core 19 'FCompare' <Latency = 1> <II = 1> <Delay = 1.64> <FuncUnit> <Opcode : 'fcmp'> <InPorts = 2> <OutPorts = 1>
ST_91 : Operation 698 [1/1] (0.12ns) (out node of the LUT)   --->   "%and_ln175_7 = and i1 %and_ln175_6, i1 %tmp_77" [flood_HLS_base.cpp:175]   --->   Operation 698 'and' 'and_ln175_7' <Predicate = (!icmp_ln109 & icmp_ln111 & and_ln148 & and_ln151 & !icmp_ln128_1)> <Delay = 0.12> <CoreInst = "LogicGate">   --->   Core 74 'LogicGate' <Latency = 0> <II = 1> <Delay = 0.12> <FuncUnit> <Opcode : 'and' 'or' 'xor'> <InPorts = 2> <OutPorts = 1>
ST_91 : Operation 699 [1/1] (0.00ns)   --->   "%br_ln175 = br i1 %and_ln175_7, void %if.end408.3, void %if.then398.3" [flood_HLS_base.cpp:175]   --->   Operation 699 'br' 'br_ln175' <Predicate = (!icmp_ln109 & icmp_ln111 & and_ln148 & and_ln151 & !icmp_ln128_1)> <Delay = 0.00>

State 92 <SV = 91> <Delay = 2.34>
ST_92 : Operation 700 [1/1] (0.00ns) (grouped into LUT with out node empty_80)   --->   "%empty_78 = or i1 %notrhs179, i1 %notlhs178" [flood_HLS_base.cpp:117]   --->   Operation 700 'or' 'empty_78' <Predicate = (!icmp_ln109 & icmp_ln111 & and_ln148 & and_ln151)> <Delay = 0.00> <CoreInst = "LogicGate">   --->   Core 74 'LogicGate' <Latency = 0> <II = 1> <Delay = 0.12> <FuncUnit> <Opcode : 'and' 'or' 'xor'> <InPorts = 2> <OutPorts = 1>
ST_92 : Operation 701 [1/1] (0.00ns) (grouped into LUT with out node empty_80)   --->   "%empty_79 = and i1 %or_ln139, i1 %empty_78" [flood_HLS_base.cpp:139]   --->   Operation 701 'and' 'empty_79' <Predicate = (!icmp_ln109 & icmp_ln111 & and_ln148 & and_ln151)> <Delay = 0.00> <CoreInst = "LogicGate">   --->   Core 74 'LogicGate' <Latency = 0> <II = 1> <Delay = 0.12> <FuncUnit> <Opcode : 'and' 'or' 'xor'> <InPorts = 2> <OutPorts = 1>
ST_92 : Operation 702 [1/2] (1.64ns)   --->   "%tmp_66 = fcmp_oge  i32 %current_height, i32 %neighbor_height_8" [flood_HLS_base.cpp:117]   --->   Operation 702 'fcmp' 'tmp_66' <Predicate = (!icmp_ln109 & icmp_ln111 & and_ln148 & and_ln151)> <Delay = 1.64> <CoreInst = "FCompare">   --->   Core 19 'FCompare' <Latency = 1> <II = 1> <Delay = 1.64> <FuncUnit> <Opcode : 'fcmp'> <InPorts = 2> <OutPorts = 1>
ST_92 : Operation 703 [1/1] (0.12ns) (out node of the LUT)   --->   "%empty_80 = and i1 %empty_79, i1 %tmp_66" [flood_HLS_base.cpp:139]   --->   Operation 703 'and' 'empty_80' <Predicate = (!icmp_ln109 & icmp_ln111 & and_ln148 & and_ln151)> <Delay = 0.12> <CoreInst = "LogicGate">   --->   Core 74 'LogicGate' <Latency = 0> <II = 1> <Delay = 0.12> <FuncUnit> <Opcode : 'and' 'or' 'xor'> <InPorts = 2> <OutPorts = 1>
ST_92 : Operation 704 [4/7] (2.34ns)   --->   "%sub6 = fsub i32 %current_height, i32 %neighbor_height_8" [flood_HLS_base.cpp:117]   --->   Operation 704 'fsub' 'sub6' <Predicate = (!icmp_ln109 & icmp_ln111 & and_ln148 & and_ln151)> <Delay = 2.34> <CoreInst = "FAddSub_fulldsp">   --->   Core 18 'FAddSub_fulldsp' <Latency = 6> <II = 1> <Delay = 2.34> <FuncUnit> <Opcode : 'fadd' 'fsub'> <InPorts = 2> <OutPorts = 1>
ST_92 : Operation 705 [5/7] (2.34ns)   --->   "%sub7 = fsub i32 %current_height, i32 %neighbor_height" [flood_HLS_base.cpp:177]   --->   Operation 705 'fsub' 'sub7' <Predicate = (!icmp_ln109 & icmp_ln111 & and_ln148 & and_ln151 & !empty_72 & and_ln175_1)> <Delay = 2.34> <CoreInst = "FAddSub_fulldsp">   --->   Core 18 'FAddSub_fulldsp' <Latency = 6> <II = 1> <Delay = 2.34> <FuncUnit> <Opcode : 'fadd' 'fsub'> <InPorts = 2> <OutPorts = 1>
ST_92 : Operation 706 [5/7] (2.34ns)   --->   "%sub400_1 = fsub i32 %current_height, i32 %neighbor_height_2" [flood_HLS_base.cpp:177]   --->   Operation 706 'fsub' 'sub400_1' <Predicate = (!icmp_ln109 & icmp_ln111 & and_ln148 & and_ln151 & !empty_73 & and_ln175_3)> <Delay = 2.34> <CoreInst = "FAddSub_fulldsp">   --->   Core 18 'FAddSub_fulldsp' <Latency = 6> <II = 1> <Delay = 2.34> <FuncUnit> <Opcode : 'fadd' 'fsub'> <InPorts = 2> <OutPorts = 1>
ST_92 : Operation 707 [7/7] (2.34ns)   --->   "%sub400_2 = fsub i32 %current_height, i32 %neighbor_height_4" [flood_HLS_base.cpp:177]   --->   Operation 707 'fsub' 'sub400_2' <Predicate = (!icmp_ln109 & icmp_ln111 & and_ln148 & and_ln151 & !icmp_ln128 & and_ln175_5)> <Delay = 2.34> <CoreInst = "FAddSub_fulldsp">   --->   Core 18 'FAddSub_fulldsp' <Latency = 6> <II = 1> <Delay = 2.34> <FuncUnit> <Opcode : 'fadd' 'fsub'> <InPorts = 2> <OutPorts = 1>
ST_92 : Operation 708 [7/7] (2.34ns)   --->   "%sub400_3 = fsub i32 %current_height, i32 %neighbor_height_6" [flood_HLS_base.cpp:177]   --->   Operation 708 'fsub' 'sub400_3' <Predicate = (!icmp_ln109 & icmp_ln111 & and_ln148 & and_ln151 & !icmp_ln128_1 & and_ln175_7)> <Delay = 2.34> <CoreInst = "FAddSub_fulldsp">   --->   Core 18 'FAddSub_fulldsp' <Latency = 6> <II = 1> <Delay = 2.34> <FuncUnit> <Opcode : 'fadd' 'fsub'> <InPorts = 2> <OutPorts = 1>
ST_92 : Operation 709 [1/1] (0.00ns)   --->   "%br_ln167 = br i1 %empty_80, void %if.then368.3.for.inc416_crit_edge, void %if.then375.3" [flood_HLS_base.cpp:167]   --->   Operation 709 'br' 'br_ln167' <Predicate = (!icmp_ln109 & icmp_ln111 & and_ln148 & and_ln151 & icmp_ln128_1)> <Delay = 0.00>

State 93 <SV = 92> <Delay = 2.34>
ST_93 : Operation 710 [3/7] (2.34ns)   --->   "%sub6 = fsub i32 %current_height, i32 %neighbor_height_8" [flood_HLS_base.cpp:117]   --->   Operation 710 'fsub' 'sub6' <Predicate = (!icmp_ln109 & icmp_ln111 & and_ln148 & and_ln151)> <Delay = 2.34> <CoreInst = "FAddSub_fulldsp">   --->   Core 18 'FAddSub_fulldsp' <Latency = 6> <II = 1> <Delay = 2.34> <FuncUnit> <Opcode : 'fadd' 'fsub'> <InPorts = 2> <OutPorts = 1>
ST_93 : Operation 711 [4/7] (2.34ns)   --->   "%sub7 = fsub i32 %current_height, i32 %neighbor_height" [flood_HLS_base.cpp:177]   --->   Operation 711 'fsub' 'sub7' <Predicate = (!icmp_ln109 & icmp_ln111 & and_ln148 & and_ln151 & !empty_72 & and_ln175_1)> <Delay = 2.34> <CoreInst = "FAddSub_fulldsp">   --->   Core 18 'FAddSub_fulldsp' <Latency = 6> <II = 1> <Delay = 2.34> <FuncUnit> <Opcode : 'fadd' 'fsub'> <InPorts = 2> <OutPorts = 1>
ST_93 : Operation 712 [4/7] (2.34ns)   --->   "%sub400_1 = fsub i32 %current_height, i32 %neighbor_height_2" [flood_HLS_base.cpp:177]   --->   Operation 712 'fsub' 'sub400_1' <Predicate = (!icmp_ln109 & icmp_ln111 & and_ln148 & and_ln151 & !empty_73 & and_ln175_3)> <Delay = 2.34> <CoreInst = "FAddSub_fulldsp">   --->   Core 18 'FAddSub_fulldsp' <Latency = 6> <II = 1> <Delay = 2.34> <FuncUnit> <Opcode : 'fadd' 'fsub'> <InPorts = 2> <OutPorts = 1>
ST_93 : Operation 713 [6/7] (2.34ns)   --->   "%sub400_2 = fsub i32 %current_height, i32 %neighbor_height_4" [flood_HLS_base.cpp:177]   --->   Operation 713 'fsub' 'sub400_2' <Predicate = (!icmp_ln109 & icmp_ln111 & and_ln148 & and_ln151 & !icmp_ln128 & and_ln175_5)> <Delay = 2.34> <CoreInst = "FAddSub_fulldsp">   --->   Core 18 'FAddSub_fulldsp' <Latency = 6> <II = 1> <Delay = 2.34> <FuncUnit> <Opcode : 'fadd' 'fsub'> <InPorts = 2> <OutPorts = 1>
ST_93 : Operation 714 [6/7] (2.34ns)   --->   "%sub400_3 = fsub i32 %current_height, i32 %neighbor_height_6" [flood_HLS_base.cpp:177]   --->   Operation 714 'fsub' 'sub400_3' <Predicate = (!icmp_ln109 & icmp_ln111 & and_ln148 & and_ln151 & !icmp_ln128_1 & and_ln175_7)> <Delay = 2.34> <CoreInst = "FAddSub_fulldsp">   --->   Core 18 'FAddSub_fulldsp' <Latency = 6> <II = 1> <Delay = 2.34> <FuncUnit> <Opcode : 'fadd' 'fsub'> <InPorts = 2> <OutPorts = 1>

State 94 <SV = 93> <Delay = 2.34>
ST_94 : Operation 715 [2/7] (2.34ns)   --->   "%sub6 = fsub i32 %current_height, i32 %neighbor_height_8" [flood_HLS_base.cpp:117]   --->   Operation 715 'fsub' 'sub6' <Predicate = (!icmp_ln109 & icmp_ln111 & and_ln148 & and_ln151)> <Delay = 2.34> <CoreInst = "FAddSub_fulldsp">   --->   Core 18 'FAddSub_fulldsp' <Latency = 6> <II = 1> <Delay = 2.34> <FuncUnit> <Opcode : 'fadd' 'fsub'> <InPorts = 2> <OutPorts = 1>
ST_94 : Operation 716 [3/7] (2.34ns)   --->   "%sub7 = fsub i32 %current_height, i32 %neighbor_height" [flood_HLS_base.cpp:177]   --->   Operation 716 'fsub' 'sub7' <Predicate = (!icmp_ln109 & icmp_ln111 & and_ln148 & and_ln151 & !empty_72 & and_ln175_1)> <Delay = 2.34> <CoreInst = "FAddSub_fulldsp">   --->   Core 18 'FAddSub_fulldsp' <Latency = 6> <II = 1> <Delay = 2.34> <FuncUnit> <Opcode : 'fadd' 'fsub'> <InPorts = 2> <OutPorts = 1>
ST_94 : Operation 717 [3/7] (2.34ns)   --->   "%sub400_1 = fsub i32 %current_height, i32 %neighbor_height_2" [flood_HLS_base.cpp:177]   --->   Operation 717 'fsub' 'sub400_1' <Predicate = (!icmp_ln109 & icmp_ln111 & and_ln148 & and_ln151 & !empty_73 & and_ln175_3)> <Delay = 2.34> <CoreInst = "FAddSub_fulldsp">   --->   Core 18 'FAddSub_fulldsp' <Latency = 6> <II = 1> <Delay = 2.34> <FuncUnit> <Opcode : 'fadd' 'fsub'> <InPorts = 2> <OutPorts = 1>
ST_94 : Operation 718 [5/7] (2.34ns)   --->   "%sub400_2 = fsub i32 %current_height, i32 %neighbor_height_4" [flood_HLS_base.cpp:177]   --->   Operation 718 'fsub' 'sub400_2' <Predicate = (!icmp_ln109 & icmp_ln111 & and_ln148 & and_ln151 & !icmp_ln128 & and_ln175_5)> <Delay = 2.34> <CoreInst = "FAddSub_fulldsp">   --->   Core 18 'FAddSub_fulldsp' <Latency = 6> <II = 1> <Delay = 2.34> <FuncUnit> <Opcode : 'fadd' 'fsub'> <InPorts = 2> <OutPorts = 1>
ST_94 : Operation 719 [5/7] (2.34ns)   --->   "%sub400_3 = fsub i32 %current_height, i32 %neighbor_height_6" [flood_HLS_base.cpp:177]   --->   Operation 719 'fsub' 'sub400_3' <Predicate = (!icmp_ln109 & icmp_ln111 & and_ln148 & and_ln151 & !icmp_ln128_1 & and_ln175_7)> <Delay = 2.34> <CoreInst = "FAddSub_fulldsp">   --->   Core 18 'FAddSub_fulldsp' <Latency = 6> <II = 1> <Delay = 2.34> <FuncUnit> <Opcode : 'fadd' 'fsub'> <InPorts = 2> <OutPorts = 1>

State 95 <SV = 94> <Delay = 2.34>
ST_95 : Operation 720 [1/7] (2.34ns)   --->   "%sub6 = fsub i32 %current_height, i32 %neighbor_height_8" [flood_HLS_base.cpp:117]   --->   Operation 720 'fsub' 'sub6' <Predicate = (!icmp_ln109 & icmp_ln111 & and_ln148 & and_ln151)> <Delay = 2.34> <CoreInst = "FAddSub_fulldsp">   --->   Core 18 'FAddSub_fulldsp' <Latency = 6> <II = 1> <Delay = 2.34> <FuncUnit> <Opcode : 'fadd' 'fsub'> <InPorts = 2> <OutPorts = 1>
ST_95 : Operation 721 [2/7] (2.34ns)   --->   "%sub7 = fsub i32 %current_height, i32 %neighbor_height" [flood_HLS_base.cpp:177]   --->   Operation 721 'fsub' 'sub7' <Predicate = (!icmp_ln109 & icmp_ln111 & and_ln148 & and_ln151 & !empty_72 & and_ln175_1)> <Delay = 2.34> <CoreInst = "FAddSub_fulldsp">   --->   Core 18 'FAddSub_fulldsp' <Latency = 6> <II = 1> <Delay = 2.34> <FuncUnit> <Opcode : 'fadd' 'fsub'> <InPorts = 2> <OutPorts = 1>
ST_95 : Operation 722 [2/7] (2.34ns)   --->   "%sub400_1 = fsub i32 %current_height, i32 %neighbor_height_2" [flood_HLS_base.cpp:177]   --->   Operation 722 'fsub' 'sub400_1' <Predicate = (!icmp_ln109 & icmp_ln111 & and_ln148 & and_ln151 & !empty_73 & and_ln175_3)> <Delay = 2.34> <CoreInst = "FAddSub_fulldsp">   --->   Core 18 'FAddSub_fulldsp' <Latency = 6> <II = 1> <Delay = 2.34> <FuncUnit> <Opcode : 'fadd' 'fsub'> <InPorts = 2> <OutPorts = 1>
ST_95 : Operation 723 [4/7] (2.34ns)   --->   "%sub400_2 = fsub i32 %current_height, i32 %neighbor_height_4" [flood_HLS_base.cpp:177]   --->   Operation 723 'fsub' 'sub400_2' <Predicate = (!icmp_ln109 & icmp_ln111 & and_ln148 & and_ln151 & !icmp_ln128 & and_ln175_5)> <Delay = 2.34> <CoreInst = "FAddSub_fulldsp">   --->   Core 18 'FAddSub_fulldsp' <Latency = 6> <II = 1> <Delay = 2.34> <FuncUnit> <Opcode : 'fadd' 'fsub'> <InPorts = 2> <OutPorts = 1>
ST_95 : Operation 724 [4/7] (2.34ns)   --->   "%sub400_3 = fsub i32 %current_height, i32 %neighbor_height_6" [flood_HLS_base.cpp:177]   --->   Operation 724 'fsub' 'sub400_3' <Predicate = (!icmp_ln109 & icmp_ln111 & and_ln148 & and_ln151 & !icmp_ln128_1 & and_ln175_7)> <Delay = 2.34> <CoreInst = "FAddSub_fulldsp">   --->   Core 18 'FAddSub_fulldsp' <Latency = 6> <II = 1> <Delay = 2.34> <FuncUnit> <Opcode : 'fadd' 'fsub'> <InPorts = 2> <OutPorts = 1>

State 96 <SV = 95> <Delay = 2.34>
ST_96 : Operation 725 [4/4] (2.32ns)   --->   "%mul7 = fmul i32 %proportion, i32 %sub6" [flood_HLS_base.cpp:149]   --->   Operation 725 'fmul' 'mul7' <Predicate = (!icmp_ln109 & icmp_ln111 & and_ln148 & and_ln151)> <Delay = 2.32> <CoreInst = "FMul_maxdsp">   --->   Core 30 'FMul_maxdsp' <Latency = 3> <II = 1> <Delay = 2.32> <FuncUnit> <Opcode : 'fmul'> <InPorts = 2> <OutPorts = 1>
ST_96 : Operation 726 [1/7] (2.34ns)   --->   "%sub7 = fsub i32 %current_height, i32 %neighbor_height" [flood_HLS_base.cpp:177]   --->   Operation 726 'fsub' 'sub7' <Predicate = (!icmp_ln109 & icmp_ln111 & and_ln148 & and_ln151 & !empty_72 & and_ln175_1)> <Delay = 2.34> <CoreInst = "FAddSub_fulldsp">   --->   Core 18 'FAddSub_fulldsp' <Latency = 6> <II = 1> <Delay = 2.34> <FuncUnit> <Opcode : 'fadd' 'fsub'> <InPorts = 2> <OutPorts = 1>
ST_96 : Operation 727 [1/7] (2.34ns)   --->   "%sub400_1 = fsub i32 %current_height, i32 %neighbor_height_2" [flood_HLS_base.cpp:177]   --->   Operation 727 'fsub' 'sub400_1' <Predicate = (!icmp_ln109 & icmp_ln111 & and_ln148 & and_ln151 & !empty_73 & and_ln175_3)> <Delay = 2.34> <CoreInst = "FAddSub_fulldsp">   --->   Core 18 'FAddSub_fulldsp' <Latency = 6> <II = 1> <Delay = 2.34> <FuncUnit> <Opcode : 'fadd' 'fsub'> <InPorts = 2> <OutPorts = 1>
ST_96 : Operation 728 [3/7] (2.34ns)   --->   "%sub400_2 = fsub i32 %current_height, i32 %neighbor_height_4" [flood_HLS_base.cpp:177]   --->   Operation 728 'fsub' 'sub400_2' <Predicate = (!icmp_ln109 & icmp_ln111 & and_ln148 & and_ln151 & !icmp_ln128 & and_ln175_5)> <Delay = 2.34> <CoreInst = "FAddSub_fulldsp">   --->   Core 18 'FAddSub_fulldsp' <Latency = 6> <II = 1> <Delay = 2.34> <FuncUnit> <Opcode : 'fadd' 'fsub'> <InPorts = 2> <OutPorts = 1>
ST_96 : Operation 729 [3/7] (2.34ns)   --->   "%sub400_3 = fsub i32 %current_height, i32 %neighbor_height_6" [flood_HLS_base.cpp:177]   --->   Operation 729 'fsub' 'sub400_3' <Predicate = (!icmp_ln109 & icmp_ln111 & and_ln148 & and_ln151 & !icmp_ln128_1 & and_ln175_7)> <Delay = 2.34> <CoreInst = "FAddSub_fulldsp">   --->   Core 18 'FAddSub_fulldsp' <Latency = 6> <II = 1> <Delay = 2.34> <FuncUnit> <Opcode : 'fadd' 'fsub'> <InPorts = 2> <OutPorts = 1>

State 97 <SV = 96> <Delay = 2.34>
ST_97 : Operation 730 [3/4] (2.32ns)   --->   "%mul7 = fmul i32 %proportion, i32 %sub6" [flood_HLS_base.cpp:149]   --->   Operation 730 'fmul' 'mul7' <Predicate = (!icmp_ln109 & icmp_ln111 & and_ln148 & and_ln151)> <Delay = 2.32> <CoreInst = "FMul_maxdsp">   --->   Core 30 'FMul_maxdsp' <Latency = 3> <II = 1> <Delay = 2.32> <FuncUnit> <Opcode : 'fmul'> <InPorts = 2> <OutPorts = 1>
ST_97 : Operation 731 [4/4] (2.32ns)   --->   "%mul9 = fmul i32 %proportion, i32 %sub7" [flood_HLS_base.cpp:177]   --->   Operation 731 'fmul' 'mul9' <Predicate = (!icmp_ln109 & icmp_ln111 & and_ln148 & and_ln151 & !empty_72 & and_ln175_1)> <Delay = 2.32> <CoreInst = "FMul_maxdsp">   --->   Core 30 'FMul_maxdsp' <Latency = 3> <II = 1> <Delay = 2.32> <FuncUnit> <Opcode : 'fmul'> <InPorts = 2> <OutPorts = 1>
ST_97 : Operation 732 [4/4] (2.32ns)   --->   "%mul401_1 = fmul i32 %proportion, i32 %sub400_1" [flood_HLS_base.cpp:177]   --->   Operation 732 'fmul' 'mul401_1' <Predicate = (!icmp_ln109 & icmp_ln111 & and_ln148 & and_ln151 & !empty_73 & and_ln175_3)> <Delay = 2.32> <CoreInst = "FMul_maxdsp">   --->   Core 30 'FMul_maxdsp' <Latency = 3> <II = 1> <Delay = 2.32> <FuncUnit> <Opcode : 'fmul'> <InPorts = 2> <OutPorts = 1>
ST_97 : Operation 733 [2/7] (2.34ns)   --->   "%sub400_2 = fsub i32 %current_height, i32 %neighbor_height_4" [flood_HLS_base.cpp:177]   --->   Operation 733 'fsub' 'sub400_2' <Predicate = (!icmp_ln109 & icmp_ln111 & and_ln148 & and_ln151 & !icmp_ln128 & and_ln175_5)> <Delay = 2.34> <CoreInst = "FAddSub_fulldsp">   --->   Core 18 'FAddSub_fulldsp' <Latency = 6> <II = 1> <Delay = 2.34> <FuncUnit> <Opcode : 'fadd' 'fsub'> <InPorts = 2> <OutPorts = 1>
ST_97 : Operation 734 [2/7] (2.34ns)   --->   "%sub400_3 = fsub i32 %current_height, i32 %neighbor_height_6" [flood_HLS_base.cpp:177]   --->   Operation 734 'fsub' 'sub400_3' <Predicate = (!icmp_ln109 & icmp_ln111 & and_ln148 & and_ln151 & !icmp_ln128_1 & and_ln175_7)> <Delay = 2.34> <CoreInst = "FAddSub_fulldsp">   --->   Core 18 'FAddSub_fulldsp' <Latency = 6> <II = 1> <Delay = 2.34> <FuncUnit> <Opcode : 'fadd' 'fsub'> <InPorts = 2> <OutPorts = 1>

State 98 <SV = 97> <Delay = 2.34>
ST_98 : Operation 735 [2/4] (2.32ns)   --->   "%mul7 = fmul i32 %proportion, i32 %sub6" [flood_HLS_base.cpp:149]   --->   Operation 735 'fmul' 'mul7' <Predicate = (!icmp_ln109 & icmp_ln111 & and_ln148 & and_ln151)> <Delay = 2.32> <CoreInst = "FMul_maxdsp">   --->   Core 30 'FMul_maxdsp' <Latency = 3> <II = 1> <Delay = 2.32> <FuncUnit> <Opcode : 'fmul'> <InPorts = 2> <OutPorts = 1>
ST_98 : Operation 736 [3/4] (2.32ns)   --->   "%mul9 = fmul i32 %proportion, i32 %sub7" [flood_HLS_base.cpp:177]   --->   Operation 736 'fmul' 'mul9' <Predicate = (!icmp_ln109 & icmp_ln111 & and_ln148 & and_ln151 & !empty_72 & and_ln175_1)> <Delay = 2.32> <CoreInst = "FMul_maxdsp">   --->   Core 30 'FMul_maxdsp' <Latency = 3> <II = 1> <Delay = 2.32> <FuncUnit> <Opcode : 'fmul'> <InPorts = 2> <OutPorts = 1>
ST_98 : Operation 737 [3/4] (2.32ns)   --->   "%mul401_1 = fmul i32 %proportion, i32 %sub400_1" [flood_HLS_base.cpp:177]   --->   Operation 737 'fmul' 'mul401_1' <Predicate = (!icmp_ln109 & icmp_ln111 & and_ln148 & and_ln151 & !empty_73 & and_ln175_3)> <Delay = 2.32> <CoreInst = "FMul_maxdsp">   --->   Core 30 'FMul_maxdsp' <Latency = 3> <II = 1> <Delay = 2.32> <FuncUnit> <Opcode : 'fmul'> <InPorts = 2> <OutPorts = 1>
ST_98 : Operation 738 [1/7] (2.34ns)   --->   "%sub400_2 = fsub i32 %current_height, i32 %neighbor_height_4" [flood_HLS_base.cpp:177]   --->   Operation 738 'fsub' 'sub400_2' <Predicate = (!icmp_ln109 & icmp_ln111 & and_ln148 & and_ln151 & !icmp_ln128 & and_ln175_5)> <Delay = 2.34> <CoreInst = "FAddSub_fulldsp">   --->   Core 18 'FAddSub_fulldsp' <Latency = 6> <II = 1> <Delay = 2.34> <FuncUnit> <Opcode : 'fadd' 'fsub'> <InPorts = 2> <OutPorts = 1>
ST_98 : Operation 739 [1/7] (2.34ns)   --->   "%sub400_3 = fsub i32 %current_height, i32 %neighbor_height_6" [flood_HLS_base.cpp:177]   --->   Operation 739 'fsub' 'sub400_3' <Predicate = (!icmp_ln109 & icmp_ln111 & and_ln148 & and_ln151 & !icmp_ln128_1 & and_ln175_7)> <Delay = 2.34> <CoreInst = "FAddSub_fulldsp">   --->   Core 18 'FAddSub_fulldsp' <Latency = 6> <II = 1> <Delay = 2.34> <FuncUnit> <Opcode : 'fadd' 'fsub'> <InPorts = 2> <OutPorts = 1>

State 99 <SV = 98> <Delay = 2.32>
ST_99 : Operation 740 [1/4] (2.32ns)   --->   "%mul7 = fmul i32 %proportion, i32 %sub6" [flood_HLS_base.cpp:149]   --->   Operation 740 'fmul' 'mul7' <Predicate = (!icmp_ln109 & icmp_ln111 & and_ln148 & and_ln151)> <Delay = 2.32> <CoreInst = "FMul_maxdsp">   --->   Core 30 'FMul_maxdsp' <Latency = 3> <II = 1> <Delay = 2.32> <FuncUnit> <Opcode : 'fmul'> <InPorts = 2> <OutPorts = 1>
ST_99 : Operation 741 [2/4] (2.32ns)   --->   "%mul9 = fmul i32 %proportion, i32 %sub7" [flood_HLS_base.cpp:177]   --->   Operation 741 'fmul' 'mul9' <Predicate = (!icmp_ln109 & icmp_ln111 & and_ln148 & and_ln151 & !empty_72 & and_ln175_1)> <Delay = 2.32> <CoreInst = "FMul_maxdsp">   --->   Core 30 'FMul_maxdsp' <Latency = 3> <II = 1> <Delay = 2.32> <FuncUnit> <Opcode : 'fmul'> <InPorts = 2> <OutPorts = 1>
ST_99 : Operation 742 [2/4] (2.32ns)   --->   "%mul401_1 = fmul i32 %proportion, i32 %sub400_1" [flood_HLS_base.cpp:177]   --->   Operation 742 'fmul' 'mul401_1' <Predicate = (!icmp_ln109 & icmp_ln111 & and_ln148 & and_ln151 & !empty_73 & and_ln175_3)> <Delay = 2.32> <CoreInst = "FMul_maxdsp">   --->   Core 30 'FMul_maxdsp' <Latency = 3> <II = 1> <Delay = 2.32> <FuncUnit> <Opcode : 'fmul'> <InPorts = 2> <OutPorts = 1>
ST_99 : Operation 743 [4/4] (2.32ns)   --->   "%mul401_2 = fmul i32 %proportion, i32 %sub400_2" [flood_HLS_base.cpp:177]   --->   Operation 743 'fmul' 'mul401_2' <Predicate = (!icmp_ln109 & icmp_ln111 & and_ln148 & and_ln151 & !icmp_ln128 & and_ln175_5)> <Delay = 2.32> <CoreInst = "FMul_maxdsp">   --->   Core 30 'FMul_maxdsp' <Latency = 3> <II = 1> <Delay = 2.32> <FuncUnit> <Opcode : 'fmul'> <InPorts = 2> <OutPorts = 1>
ST_99 : Operation 744 [4/4] (2.32ns)   --->   "%mul401_3 = fmul i32 %proportion, i32 %sub400_3" [flood_HLS_base.cpp:177]   --->   Operation 744 'fmul' 'mul401_3' <Predicate = (!icmp_ln109 & icmp_ln111 & and_ln148 & and_ln151 & !icmp_ln128_1 & and_ln175_7)> <Delay = 2.32> <CoreInst = "FMul_maxdsp">   --->   Core 30 'FMul_maxdsp' <Latency = 3> <II = 1> <Delay = 2.32> <FuncUnit> <Opcode : 'fmul'> <InPorts = 2> <OutPorts = 1>

State 100 <SV = 99> <Delay = 2.32>
ST_100 : Operation 745 [4/4] (2.32ns)   --->   "%div7 = fmul i32 %mul7, i32 0.5" [flood_HLS_base.cpp:149]   --->   Operation 745 'fmul' 'div7' <Predicate = (!icmp_ln109 & icmp_ln111 & and_ln148 & and_ln151)> <Delay = 2.32> <CoreInst = "FMul_maxdsp">   --->   Core 30 'FMul_maxdsp' <Latency = 3> <II = 1> <Delay = 2.32> <FuncUnit> <Opcode : 'fmul'> <InPorts = 2> <OutPorts = 1>
ST_100 : Operation 746 [1/4] (2.32ns)   --->   "%mul9 = fmul i32 %proportion, i32 %sub7" [flood_HLS_base.cpp:177]   --->   Operation 746 'fmul' 'mul9' <Predicate = (!icmp_ln109 & icmp_ln111 & and_ln148 & and_ln151 & !empty_72 & and_ln175_1)> <Delay = 2.32> <CoreInst = "FMul_maxdsp">   --->   Core 30 'FMul_maxdsp' <Latency = 3> <II = 1> <Delay = 2.32> <FuncUnit> <Opcode : 'fmul'> <InPorts = 2> <OutPorts = 1>
ST_100 : Operation 747 [1/4] (2.32ns)   --->   "%mul401_1 = fmul i32 %proportion, i32 %sub400_1" [flood_HLS_base.cpp:177]   --->   Operation 747 'fmul' 'mul401_1' <Predicate = (!icmp_ln109 & icmp_ln111 & and_ln148 & and_ln151 & !empty_73 & and_ln175_3)> <Delay = 2.32> <CoreInst = "FMul_maxdsp">   --->   Core 30 'FMul_maxdsp' <Latency = 3> <II = 1> <Delay = 2.32> <FuncUnit> <Opcode : 'fmul'> <InPorts = 2> <OutPorts = 1>
ST_100 : Operation 748 [3/4] (2.32ns)   --->   "%mul401_2 = fmul i32 %proportion, i32 %sub400_2" [flood_HLS_base.cpp:177]   --->   Operation 748 'fmul' 'mul401_2' <Predicate = (!icmp_ln109 & icmp_ln111 & and_ln148 & and_ln151 & !icmp_ln128 & and_ln175_5)> <Delay = 2.32> <CoreInst = "FMul_maxdsp">   --->   Core 30 'FMul_maxdsp' <Latency = 3> <II = 1> <Delay = 2.32> <FuncUnit> <Opcode : 'fmul'> <InPorts = 2> <OutPorts = 1>
ST_100 : Operation 749 [3/4] (2.32ns)   --->   "%mul401_3 = fmul i32 %proportion, i32 %sub400_3" [flood_HLS_base.cpp:177]   --->   Operation 749 'fmul' 'mul401_3' <Predicate = (!icmp_ln109 & icmp_ln111 & and_ln148 & and_ln151 & !icmp_ln128_1 & and_ln175_7)> <Delay = 2.32> <CoreInst = "FMul_maxdsp">   --->   Core 30 'FMul_maxdsp' <Latency = 3> <II = 1> <Delay = 2.32> <FuncUnit> <Opcode : 'fmul'> <InPorts = 2> <OutPorts = 1>

State 101 <SV = 100> <Delay = 2.32>
ST_101 : Operation 750 [3/4] (2.32ns)   --->   "%div7 = fmul i32 %mul7, i32 0.5" [flood_HLS_base.cpp:149]   --->   Operation 750 'fmul' 'div7' <Predicate = (!icmp_ln109 & icmp_ln111 & and_ln148 & and_ln151)> <Delay = 2.32> <CoreInst = "FMul_maxdsp">   --->   Core 30 'FMul_maxdsp' <Latency = 3> <II = 1> <Delay = 2.32> <FuncUnit> <Opcode : 'fmul'> <InPorts = 2> <OutPorts = 1>
ST_101 : Operation 751 [1/1] (1.24ns)   --->   "%store_ln177 = store i32 %mul9, i13 %spillage_from_neigh_addr" [flood_HLS_base.cpp:177]   --->   Operation 751 'store' 'store_ln177' <Predicate = (!icmp_ln109 & icmp_ln111 & and_ln148 & and_ln151 & !empty_72 & and_ln175_1)> <Delay = 1.24> <CoreInst = "RAM">   --->   Core 82 'RAM' <Latency = 1> <II = 1> <Delay = 1.24> <Storage> <Opcode : 'load' 'store'> <Ports = 2> <Width = 32> <Depth = 8100> <RAM>
ST_101 : Operation 752 [1/1] (0.00ns)   --->   "%br_ln179 = br void %if.end408" [flood_HLS_base.cpp:179]   --->   Operation 752 'br' 'br_ln179' <Predicate = (!icmp_ln109 & icmp_ln111 & and_ln148 & and_ln151 & !empty_72 & and_ln175_1)> <Delay = 0.00>
ST_101 : Operation 753 [1/1] (1.24ns)   --->   "%store_ln177 = store i32 %mul401_1, i13 %spillage_from_neigh_1_addr" [flood_HLS_base.cpp:177]   --->   Operation 753 'store' 'store_ln177' <Predicate = (!icmp_ln109 & icmp_ln111 & and_ln148 & and_ln151 & !empty_73 & and_ln175_3)> <Delay = 1.24> <CoreInst = "RAM">   --->   Core 82 'RAM' <Latency = 1> <II = 1> <Delay = 1.24> <Storage> <Opcode : 'load' 'store'> <Ports = 2> <Width = 32> <Depth = 8100> <RAM>
ST_101 : Operation 754 [1/1] (0.00ns)   --->   "%br_ln179 = br void %if.end408.1" [flood_HLS_base.cpp:179]   --->   Operation 754 'br' 'br_ln179' <Predicate = (!icmp_ln109 & icmp_ln111 & and_ln148 & and_ln151 & !empty_73 & and_ln175_3)> <Delay = 0.00>
ST_101 : Operation 755 [2/4] (2.32ns)   --->   "%mul401_2 = fmul i32 %proportion, i32 %sub400_2" [flood_HLS_base.cpp:177]   --->   Operation 755 'fmul' 'mul401_2' <Predicate = (!icmp_ln109 & icmp_ln111 & and_ln148 & and_ln151 & !icmp_ln128 & and_ln175_5)> <Delay = 2.32> <CoreInst = "FMul_maxdsp">   --->   Core 30 'FMul_maxdsp' <Latency = 3> <II = 1> <Delay = 2.32> <FuncUnit> <Opcode : 'fmul'> <InPorts = 2> <OutPorts = 1>
ST_101 : Operation 756 [2/4] (2.32ns)   --->   "%mul401_3 = fmul i32 %proportion, i32 %sub400_3" [flood_HLS_base.cpp:177]   --->   Operation 756 'fmul' 'mul401_3' <Predicate = (!icmp_ln109 & icmp_ln111 & and_ln148 & and_ln151 & !icmp_ln128_1 & and_ln175_7)> <Delay = 2.32> <CoreInst = "FMul_maxdsp">   --->   Core 30 'FMul_maxdsp' <Latency = 3> <II = 1> <Delay = 2.32> <FuncUnit> <Opcode : 'fmul'> <InPorts = 2> <OutPorts = 1>

State 102 <SV = 101> <Delay = 2.32>
ST_102 : Operation 757 [2/4] (2.32ns)   --->   "%div7 = fmul i32 %mul7, i32 0.5" [flood_HLS_base.cpp:149]   --->   Operation 757 'fmul' 'div7' <Predicate = (!icmp_ln109 & icmp_ln111 & and_ln148 & and_ln151)> <Delay = 2.32> <CoreInst = "FMul_maxdsp">   --->   Core 30 'FMul_maxdsp' <Latency = 3> <II = 1> <Delay = 2.32> <FuncUnit> <Opcode : 'fmul'> <InPorts = 2> <OutPorts = 1>
ST_102 : Operation 758 [1/4] (2.32ns)   --->   "%mul401_2 = fmul i32 %proportion, i32 %sub400_2" [flood_HLS_base.cpp:177]   --->   Operation 758 'fmul' 'mul401_2' <Predicate = (!icmp_ln109 & icmp_ln111 & and_ln148 & and_ln151 & !icmp_ln128 & and_ln175_5)> <Delay = 2.32> <CoreInst = "FMul_maxdsp">   --->   Core 30 'FMul_maxdsp' <Latency = 3> <II = 1> <Delay = 2.32> <FuncUnit> <Opcode : 'fmul'> <InPorts = 2> <OutPorts = 1>
ST_102 : Operation 759 [1/4] (2.32ns)   --->   "%mul401_3 = fmul i32 %proportion, i32 %sub400_3" [flood_HLS_base.cpp:177]   --->   Operation 759 'fmul' 'mul401_3' <Predicate = (!icmp_ln109 & icmp_ln111 & and_ln148 & and_ln151 & !icmp_ln128_1 & and_ln175_7)> <Delay = 2.32> <CoreInst = "FMul_maxdsp">   --->   Core 30 'FMul_maxdsp' <Latency = 3> <II = 1> <Delay = 2.32> <FuncUnit> <Opcode : 'fmul'> <InPorts = 2> <OutPorts = 1>

State 103 <SV = 102> <Delay = 2.32>
ST_103 : Operation 760 [1/4] (2.32ns)   --->   "%div7 = fmul i32 %mul7, i32 0.5" [flood_HLS_base.cpp:149]   --->   Operation 760 'fmul' 'div7' <Predicate = (!icmp_ln109 & icmp_ln111 & and_ln148 & and_ln151)> <Delay = 2.32> <CoreInst = "FMul_maxdsp">   --->   Core 30 'FMul_maxdsp' <Latency = 3> <II = 1> <Delay = 2.32> <FuncUnit> <Opcode : 'fmul'> <InPorts = 2> <OutPorts = 1>
ST_103 : Operation 761 [1/1] (1.24ns)   --->   "%store_ln177 = store i32 %mul401_2, i13 %spillage_from_neigh_2_addr" [flood_HLS_base.cpp:177]   --->   Operation 761 'store' 'store_ln177' <Predicate = (!icmp_ln109 & icmp_ln111 & and_ln148 & and_ln151 & !icmp_ln128 & and_ln175_5)> <Delay = 1.24> <CoreInst = "RAM">   --->   Core 82 'RAM' <Latency = 1> <II = 1> <Delay = 1.24> <Storage> <Opcode : 'load' 'store'> <Ports = 2> <Width = 32> <Depth = 8100> <RAM>
ST_103 : Operation 762 [1/1] (0.00ns)   --->   "%br_ln179 = br void %if.end408.2" [flood_HLS_base.cpp:179]   --->   Operation 762 'br' 'br_ln179' <Predicate = (!icmp_ln109 & icmp_ln111 & and_ln148 & and_ln151 & !icmp_ln128 & and_ln175_5)> <Delay = 0.00>
ST_103 : Operation 763 [1/1] (1.24ns)   --->   "%store_ln177 = store i32 %mul401_3, i13 %spillage_from_neigh_3_addr" [flood_HLS_base.cpp:177]   --->   Operation 763 'store' 'store_ln177' <Predicate = (!icmp_ln109 & icmp_ln111 & and_ln148 & and_ln151 & !icmp_ln128_1 & and_ln175_7)> <Delay = 1.24> <CoreInst = "RAM">   --->   Core 82 'RAM' <Latency = 1> <II = 1> <Delay = 1.24> <Storage> <Opcode : 'load' 'store'> <Ports = 2> <Width = 32> <Depth = 8100> <RAM>
ST_103 : Operation 764 [1/1] (0.00ns)   --->   "%br_ln179 = br void %if.end408.3" [flood_HLS_base.cpp:179]   --->   Operation 764 'br' 'br_ln179' <Predicate = (!icmp_ln109 & icmp_ln111 & and_ln148 & and_ln151 & !icmp_ln128_1 & and_ln175_7)> <Delay = 0.00>

State 104 <SV = 103> <Delay = 2.32>
ST_104 : Operation 765 [4/4] (2.32ns)   --->   "%mul8 = fmul i32 %div7, i32 1e+06" [flood_HLS_base.cpp:149]   --->   Operation 765 'fmul' 'mul8' <Predicate = (!icmp_ln109 & icmp_ln111 & and_ln148 & and_ln151)> <Delay = 2.32> <CoreInst = "FMul_maxdsp">   --->   Core 30 'FMul_maxdsp' <Latency = 3> <II = 1> <Delay = 2.32> <FuncUnit> <Opcode : 'fmul'> <InPorts = 2> <OutPorts = 1>

State 105 <SV = 104> <Delay = 2.32>
ST_105 : Operation 766 [3/4] (2.32ns)   --->   "%mul8 = fmul i32 %div7, i32 1e+06" [flood_HLS_base.cpp:149]   --->   Operation 766 'fmul' 'mul8' <Predicate = (!icmp_ln109 & icmp_ln111 & and_ln148 & and_ln151)> <Delay = 2.32> <CoreInst = "FMul_maxdsp">   --->   Core 30 'FMul_maxdsp' <Latency = 3> <II = 1> <Delay = 2.32> <FuncUnit> <Opcode : 'fmul'> <InPorts = 2> <OutPorts = 1>

State 106 <SV = 105> <Delay = 2.32>
ST_106 : Operation 767 [2/4] (2.32ns)   --->   "%mul8 = fmul i32 %div7, i32 1e+06" [flood_HLS_base.cpp:149]   --->   Operation 767 'fmul' 'mul8' <Predicate = (!icmp_ln109 & icmp_ln111 & and_ln148 & and_ln151)> <Delay = 2.32> <CoreInst = "FMul_maxdsp">   --->   Core 30 'FMul_maxdsp' <Latency = 3> <II = 1> <Delay = 2.32> <FuncUnit> <Opcode : 'fmul'> <InPorts = 2> <OutPorts = 1>

State 107 <SV = 106> <Delay = 2.32>
ST_107 : Operation 768 [1/4] (2.32ns)   --->   "%mul8 = fmul i32 %div7, i32 1e+06" [flood_HLS_base.cpp:149]   --->   Operation 768 'fmul' 'mul8' <Predicate = (!icmp_ln109 & icmp_ln111 & and_ln148 & and_ln151)> <Delay = 2.32> <CoreInst = "FMul_maxdsp">   --->   Core 30 'FMul_maxdsp' <Latency = 3> <II = 1> <Delay = 2.32> <FuncUnit> <Opcode : 'fmul'> <InPorts = 2> <OutPorts = 1>

State 108 <SV = 107> <Delay = 2.28>
ST_108 : Operation 769 [2/2] (2.28ns)   --->   "%tmp_20 = call i32 @__hls_fptosi_float_i32, i32 %mul8" [flood_HLS_base.cpp:169]   --->   Operation 769 'call' 'tmp_20' <Predicate = (!icmp_ln109 & icmp_ln111 & and_ln148 & and_ln151 & empty_72 & empty_80)> <Delay = 2.28> <CoreType = "Generic">   --->   Core 0 '' <Latency = 0> <II = 1> <Delay = 1.00> <Generic> <Opcode : >
ST_108 : Operation 770 [2/2] (2.28ns)   --->   "%tmp_21 = call i32 @__hls_fptosi_float_i32, i32 %mul8" [flood_HLS_base.cpp:169]   --->   Operation 770 'call' 'tmp_21' <Predicate = (!icmp_ln109 & icmp_ln111 & and_ln148 & and_ln151 & empty_80 & empty_73)> <Delay = 2.28> <CoreType = "Generic">   --->   Core 0 '' <Latency = 0> <II = 1> <Delay = 1.00> <Generic> <Opcode : >

State 109 <SV = 108> <Delay = 2.28>
ST_109 : Operation 771 [1/1] (0.00ns)   --->   "%p_load = load i416 %empty_71" [flood_HLS_base.cpp:168]   --->   Operation 771 'load' 'p_load' <Predicate = true> <Delay = 0.00>
ST_109 : Operation 772 [1/1] (0.38ns)   --->   "%br_ln0 = br void %for.inc410"   --->   Operation 772 'br' 'br_ln0' <Predicate = (!icmp_ln109 & icmp_ln111 & and_ln148 & and_ln151 & !empty_72)> <Delay = 0.38>
ST_109 : Operation 773 [1/1] (0.38ns)   --->   "%br_ln167 = br i1 %empty_80, void %for.inc410, void %if.then375" [flood_HLS_base.cpp:167]   --->   Operation 773 'br' 'br_ln167' <Predicate = (!icmp_ln109 & icmp_ln111 & and_ln148 & and_ln151 & empty_72)> <Delay = 0.38>
ST_109 : Operation 774 [1/2] (1.10ns)   --->   "%tmp_20 = call i32 @__hls_fptosi_float_i32, i32 %mul8" [flood_HLS_base.cpp:169]   --->   Operation 774 'call' 'tmp_20' <Predicate = (!icmp_ln109 & icmp_ln111 & and_ln148 & and_ln151 & empty_72 & empty_80)> <Delay = 1.10> <CoreType = "Generic">   --->   Core 0 '' <Latency = 0> <II = 1> <Delay = 1.00> <Generic> <Opcode : >
ST_109 : Operation 775 [1/1] (0.00ns)   --->   "%sext_ln169 = sext i32 %tmp_20" [flood_HLS_base.cpp:169]   --->   Operation 775 'sext' 'sext_ln169' <Predicate = (!icmp_ln109 & icmp_ln111 & and_ln148 & and_ln151 & empty_72 & empty_80)> <Delay = 0.00>
ST_109 : Operation 776 [1/1] (0.00ns)   --->   "%trunc_ln = partselect i64 @_ssdm_op_PartSelect.i64.i416.i32.i32, i416 %p_load, i32 288, i32 351" [flood_HLS_base.cpp:168]   --->   Operation 776 'partselect' 'trunc_ln' <Predicate = (!icmp_ln109 & icmp_ln111 & and_ln148 & and_ln151 & empty_72 & empty_80)> <Delay = 0.00>
ST_109 : Operation 777 [1/1] (1.14ns)   --->   "%add_ln168 = add i64 %trunc_ln, i64 %sext_ln169" [flood_HLS_base.cpp:168]   --->   Operation 777 'add' 'add_ln168' <Predicate = (!icmp_ln109 & icmp_ln111 & and_ln148 & and_ln151 & empty_72 & empty_80)> <Delay = 1.14> <CoreInst = "Adder">   --->   Core 1 'Adder' <Latency = 0> <II = 1> <Delay = 1.14> <FuncUnit> <Opcode : 'add' 'sub'> <InPorts = 2> <OutPorts = 1>
ST_109 : Operation 778 [1/1] (0.00ns)   --->   "%tmp_69 = partselect i64 @_ssdm_op_PartSelect.i64.i416.i32.i32, i416 %p_load, i32 352, i32 415" [flood_HLS_base.cpp:168]   --->   Operation 778 'partselect' 'tmp_69' <Predicate = (!icmp_ln109 & icmp_ln111 & and_ln148 & and_ln151 & empty_72 & empty_80)> <Delay = 0.00>
ST_109 : Operation 779 [1/1] (0.00ns)   --->   "%trunc_ln168 = trunc i416 %p_load" [flood_HLS_base.cpp:168]   --->   Operation 779 'trunc' 'trunc_ln168' <Predicate = (!icmp_ln109 & icmp_ln111 & and_ln148 & and_ln151 & empty_72 & empty_80)> <Delay = 0.00>
ST_109 : Operation 780 [1/1] (0.00ns)   --->   "%or_ln2 = bitconcatenate i416 @_ssdm_op_BitConcatenate.i416.i64.i64.i288, i64 %tmp_69, i64 %add_ln168, i288 %trunc_ln168" [flood_HLS_base.cpp:168]   --->   Operation 780 'bitconcatenate' 'or_ln2' <Predicate = (!icmp_ln109 & icmp_ln111 & and_ln148 & and_ln151 & empty_72 & empty_80)> <Delay = 0.00>
ST_109 : Operation 781 [1/1] (0.38ns)   --->   "%br_ln170 = br void %for.inc410" [flood_HLS_base.cpp:170]   --->   Operation 781 'br' 'br_ln170' <Predicate = (!icmp_ln109 & icmp_ln111 & and_ln148 & and_ln151 & empty_72 & empty_80)> <Delay = 0.38>
ST_109 : Operation 782 [1/2] (1.10ns)   --->   "%tmp_21 = call i32 @__hls_fptosi_float_i32, i32 %mul8" [flood_HLS_base.cpp:169]   --->   Operation 782 'call' 'tmp_21' <Predicate = (!icmp_ln109 & icmp_ln111 & and_ln148 & and_ln151 & empty_80 & empty_73)> <Delay = 1.10> <CoreType = "Generic">   --->   Core 0 '' <Latency = 0> <II = 1> <Delay = 1.00> <Generic> <Opcode : >
ST_109 : Operation 783 [2/2] (2.28ns)   --->   "%tmp_22 = call i32 @__hls_fptosi_float_i32, i32 %mul8" [flood_HLS_base.cpp:169]   --->   Operation 783 'call' 'tmp_22' <Predicate = (!icmp_ln109 & icmp_ln111 & and_ln148 & and_ln151 & empty_80 & icmp_ln128)> <Delay = 2.28> <CoreType = "Generic">   --->   Core 0 '' <Latency = 0> <II = 1> <Delay = 1.00> <Generic> <Opcode : >
ST_109 : Operation 784 [2/2] (2.28ns)   --->   "%tmp_23 = call i32 @__hls_fptosi_float_i32, i32 %mul8" [flood_HLS_base.cpp:169]   --->   Operation 784 'call' 'tmp_23' <Predicate = (!icmp_ln109 & icmp_ln111 & and_ln148 & and_ln151 & empty_80 & icmp_ln128_1)> <Delay = 2.28> <CoreType = "Generic">   --->   Core 0 '' <Latency = 0> <II = 1> <Delay = 1.00> <Generic> <Opcode : >
ST_109 : Operation 821 [1/1] (0.00ns)   --->   "%write_ln168 = write void @_ssdm_op_Write.ap_auto.i416P0A, i416 %p_out, i416 %p_load" [flood_HLS_base.cpp:168]   --->   Operation 821 'write' 'write_ln168' <Predicate = (icmp_ln109)> <Delay = 0.00>
ST_109 : Operation 822 [1/1] (0.38ns)   --->   "%ret_ln0 = ret"   --->   Operation 822 'ret' 'ret_ln0' <Predicate = (icmp_ln109)> <Delay = 0.38>

State 110 <SV = 109> <Delay = 2.68>
ST_110 : Operation 785 [1/1] (0.00ns)   --->   "%empty_76 = phi i416 %p_load, void %if.end408, i416 %or_ln2, void %if.then375, i416 %p_load, void %if.then368" [flood_HLS_base.cpp:168]   --->   Operation 785 'phi' 'empty_76' <Predicate = (!icmp_ln109 & icmp_ln111 & and_ln148 & and_ln151)> <Delay = 0.00>
ST_110 : Operation 786 [1/1] (0.38ns)   --->   "%br_ln0 = br void %for.inc410.1"   --->   Operation 786 'br' 'br_ln0' <Predicate = (!icmp_ln109 & icmp_ln111 & and_ln148 & and_ln151 & !empty_73)> <Delay = 0.38>
ST_110 : Operation 787 [1/1] (0.38ns)   --->   "%br_ln167 = br i1 %empty_80, void %for.inc410.1, void %if.then375.1" [flood_HLS_base.cpp:167]   --->   Operation 787 'br' 'br_ln167' <Predicate = (!icmp_ln109 & icmp_ln111 & and_ln148 & and_ln151 & empty_73)> <Delay = 0.38>
ST_110 : Operation 788 [1/1] (0.00ns)   --->   "%sext_ln169_1 = sext i32 %tmp_21" [flood_HLS_base.cpp:169]   --->   Operation 788 'sext' 'sext_ln169_1' <Predicate = (!icmp_ln109 & icmp_ln111 & and_ln148 & and_ln151 & empty_80 & empty_73)> <Delay = 0.00>
ST_110 : Operation 789 [1/1] (0.00ns)   --->   "%trunc_ln168_1 = partselect i64 @_ssdm_op_PartSelect.i64.i416.i32.i32, i416 %empty_76, i32 288, i32 351" [flood_HLS_base.cpp:168]   --->   Operation 789 'partselect' 'trunc_ln168_1' <Predicate = (!icmp_ln109 & icmp_ln111 & and_ln148 & and_ln151 & empty_80 & empty_73)> <Delay = 0.00>
ST_110 : Operation 790 [1/1] (1.14ns)   --->   "%add_ln168_1 = add i64 %trunc_ln168_1, i64 %sext_ln169_1" [flood_HLS_base.cpp:168]   --->   Operation 790 'add' 'add_ln168_1' <Predicate = (!icmp_ln109 & icmp_ln111 & and_ln148 & and_ln151 & empty_80 & empty_73)> <Delay = 1.14> <CoreInst = "Adder">   --->   Core 1 'Adder' <Latency = 0> <II = 1> <Delay = 1.14> <FuncUnit> <Opcode : 'add' 'sub'> <InPorts = 2> <OutPorts = 1>
ST_110 : Operation 791 [1/1] (0.00ns)   --->   "%tmp_72 = partselect i64 @_ssdm_op_PartSelect.i64.i416.i32.i32, i416 %empty_76, i32 352, i32 415" [flood_HLS_base.cpp:168]   --->   Operation 791 'partselect' 'tmp_72' <Predicate = (!icmp_ln109 & icmp_ln111 & and_ln148 & and_ln151 & empty_80 & empty_73)> <Delay = 0.00>
ST_110 : Operation 792 [1/1] (0.00ns)   --->   "%trunc_ln168_4 = trunc i416 %empty_76" [flood_HLS_base.cpp:168]   --->   Operation 792 'trunc' 'trunc_ln168_4' <Predicate = (!icmp_ln109 & icmp_ln111 & and_ln148 & and_ln151 & empty_80 & empty_73)> <Delay = 0.00>
ST_110 : Operation 793 [1/1] (0.00ns)   --->   "%or_ln168_1 = bitconcatenate i416 @_ssdm_op_BitConcatenate.i416.i64.i64.i288, i64 %tmp_72, i64 %add_ln168_1, i288 %trunc_ln168_4" [flood_HLS_base.cpp:168]   --->   Operation 793 'bitconcatenate' 'or_ln168_1' <Predicate = (!icmp_ln109 & icmp_ln111 & and_ln148 & and_ln151 & empty_80 & empty_73)> <Delay = 0.00>
ST_110 : Operation 794 [1/1] (0.38ns)   --->   "%br_ln170 = br void %for.inc410.1" [flood_HLS_base.cpp:170]   --->   Operation 794 'br' 'br_ln170' <Predicate = (!icmp_ln109 & icmp_ln111 & and_ln148 & and_ln151 & empty_80 & empty_73)> <Delay = 0.38>
ST_110 : Operation 795 [1/1] (0.00ns)   --->   "%empty_75 = phi i416 %empty_76, void %if.end408.1, i416 %or_ln168_1, void %if.then375.1, i416 %empty_76, void %if.then368.1" [flood_HLS_base.cpp:168]   --->   Operation 795 'phi' 'empty_75' <Predicate = (!icmp_ln109 & icmp_ln111 & and_ln148 & and_ln151)> <Delay = 0.00>
ST_110 : Operation 796 [1/1] (0.00ns)   --->   "%br_ln163 = br i1 %icmp_ln128, void %if.else384.2, void %if.then368.2" [flood_HLS_base.cpp:163]   --->   Operation 796 'br' 'br_ln163' <Predicate = (!icmp_ln109 & icmp_ln111 & and_ln148 & and_ln151)> <Delay = 0.00>
ST_110 : Operation 797 [1/1] (0.38ns)   --->   "%br_ln0 = br void %for.inc410.2"   --->   Operation 797 'br' 'br_ln0' <Predicate = (!icmp_ln109 & icmp_ln111 & and_ln148 & and_ln151 & !icmp_ln128)> <Delay = 0.38>
ST_110 : Operation 798 [1/1] (0.38ns)   --->   "%br_ln167 = br i1 %empty_80, void %for.inc410.2, void %if.then375.2" [flood_HLS_base.cpp:167]   --->   Operation 798 'br' 'br_ln167' <Predicate = (!icmp_ln109 & icmp_ln111 & and_ln148 & and_ln151 & icmp_ln128)> <Delay = 0.38>
ST_110 : Operation 799 [1/2] (1.10ns)   --->   "%tmp_22 = call i32 @__hls_fptosi_float_i32, i32 %mul8" [flood_HLS_base.cpp:169]   --->   Operation 799 'call' 'tmp_22' <Predicate = (!icmp_ln109 & icmp_ln111 & and_ln148 & and_ln151 & empty_80 & icmp_ln128)> <Delay = 1.10> <CoreType = "Generic">   --->   Core 0 '' <Latency = 0> <II = 1> <Delay = 1.00> <Generic> <Opcode : >
ST_110 : Operation 800 [1/1] (0.00ns)   --->   "%sext_ln169_2 = sext i32 %tmp_22" [flood_HLS_base.cpp:169]   --->   Operation 800 'sext' 'sext_ln169_2' <Predicate = (!icmp_ln109 & icmp_ln111 & and_ln148 & and_ln151 & empty_80 & icmp_ln128)> <Delay = 0.00>
ST_110 : Operation 801 [1/1] (0.00ns)   --->   "%trunc_ln168_2 = partselect i64 @_ssdm_op_PartSelect.i64.i416.i32.i32, i416 %empty_75, i32 288, i32 351" [flood_HLS_base.cpp:168]   --->   Operation 801 'partselect' 'trunc_ln168_2' <Predicate = (!icmp_ln109 & icmp_ln111 & and_ln148 & and_ln151 & empty_80 & icmp_ln128)> <Delay = 0.00>
ST_110 : Operation 802 [1/1] (1.14ns)   --->   "%add_ln168_2 = add i64 %trunc_ln168_2, i64 %sext_ln169_2" [flood_HLS_base.cpp:168]   --->   Operation 802 'add' 'add_ln168_2' <Predicate = (!icmp_ln109 & icmp_ln111 & and_ln148 & and_ln151 & empty_80 & icmp_ln128)> <Delay = 1.14> <CoreInst = "Adder">   --->   Core 1 'Adder' <Latency = 0> <II = 1> <Delay = 1.14> <FuncUnit> <Opcode : 'add' 'sub'> <InPorts = 2> <OutPorts = 1>
ST_110 : Operation 803 [1/2] (1.10ns)   --->   "%tmp_23 = call i32 @__hls_fptosi_float_i32, i32 %mul8" [flood_HLS_base.cpp:169]   --->   Operation 803 'call' 'tmp_23' <Predicate = (!icmp_ln109 & icmp_ln111 & and_ln148 & and_ln151 & empty_80 & icmp_ln128_1)> <Delay = 1.10> <CoreType = "Generic">   --->   Core 0 '' <Latency = 0> <II = 1> <Delay = 1.00> <Generic> <Opcode : >

State 111 <SV = 110> <Delay = 1.95>
ST_111 : Operation 804 [1/1] (0.00ns)   --->   "%tmp_75 = partselect i64 @_ssdm_op_PartSelect.i64.i416.i32.i32, i416 %empty_75, i32 352, i32 415" [flood_HLS_base.cpp:168]   --->   Operation 804 'partselect' 'tmp_75' <Predicate = (!icmp_ln109 & icmp_ln111 & and_ln148 & and_ln151 & empty_80 & icmp_ln128)> <Delay = 0.00>
ST_111 : Operation 805 [1/1] (0.00ns)   --->   "%trunc_ln168_5 = trunc i416 %empty_75" [flood_HLS_base.cpp:168]   --->   Operation 805 'trunc' 'trunc_ln168_5' <Predicate = (!icmp_ln109 & icmp_ln111 & and_ln148 & and_ln151 & empty_80 & icmp_ln128)> <Delay = 0.00>
ST_111 : Operation 806 [1/1] (0.00ns)   --->   "%or_ln168_2 = bitconcatenate i416 @_ssdm_op_BitConcatenate.i416.i64.i64.i288, i64 %tmp_75, i64 %add_ln168_2, i288 %trunc_ln168_5" [flood_HLS_base.cpp:168]   --->   Operation 806 'bitconcatenate' 'or_ln168_2' <Predicate = (!icmp_ln109 & icmp_ln111 & and_ln148 & and_ln151 & empty_80 & icmp_ln128)> <Delay = 0.00>
ST_111 : Operation 807 [1/1] (0.38ns)   --->   "%br_ln170 = br void %for.inc410.2" [flood_HLS_base.cpp:170]   --->   Operation 807 'br' 'br_ln170' <Predicate = (!icmp_ln109 & icmp_ln111 & and_ln148 & and_ln151 & empty_80 & icmp_ln128)> <Delay = 0.38>
ST_111 : Operation 808 [1/1] (0.00ns)   --->   "%empty_74 = phi i416 %empty_75, void %if.end408.2, i416 %or_ln168_2, void %if.then375.2, i416 %empty_75, void %if.then368.2" [flood_HLS_base.cpp:168]   --->   Operation 808 'phi' 'empty_74' <Predicate = (!icmp_ln109 & icmp_ln111 & and_ln148 & and_ln151)> <Delay = 0.00>
ST_111 : Operation 809 [1/1] (0.41ns)   --->   "%store_ln168 = store i416 %empty_74, i416 %empty_71" [flood_HLS_base.cpp:168]   --->   Operation 809 'store' 'store_ln168' <Predicate = (!icmp_ln109 & icmp_ln111 & and_ln148 & and_ln151 & !icmp_ln128_1)> <Delay = 0.41>
ST_111 : Operation 810 [1/1] (0.00ns)   --->   "%br_ln0 = br void %for.inc416"   --->   Operation 810 'br' 'br_ln0' <Predicate = (!icmp_ln109 & icmp_ln111 & and_ln148 & and_ln151 & !icmp_ln128_1)> <Delay = 0.00>
ST_111 : Operation 811 [1/1] (0.41ns)   --->   "%store_ln168 = store i416 %empty_74, i416 %empty_71" [flood_HLS_base.cpp:168]   --->   Operation 811 'store' 'store_ln168' <Predicate = (!icmp_ln109 & icmp_ln111 & and_ln148 & and_ln151 & !empty_80 & icmp_ln128_1)> <Delay = 0.41>
ST_111 : Operation 812 [1/1] (0.00ns)   --->   "%br_ln167 = br void %for.inc416" [flood_HLS_base.cpp:167]   --->   Operation 812 'br' 'br_ln167' <Predicate = (!icmp_ln109 & icmp_ln111 & and_ln148 & and_ln151 & !empty_80 & icmp_ln128_1)> <Delay = 0.00>
ST_111 : Operation 813 [1/1] (0.00ns)   --->   "%sext_ln169_3 = sext i32 %tmp_23" [flood_HLS_base.cpp:169]   --->   Operation 813 'sext' 'sext_ln169_3' <Predicate = (!icmp_ln109 & icmp_ln111 & and_ln148 & and_ln151 & empty_80 & icmp_ln128_1)> <Delay = 0.00>
ST_111 : Operation 814 [1/1] (0.00ns)   --->   "%trunc_ln168_3 = partselect i64 @_ssdm_op_PartSelect.i64.i416.i32.i32, i416 %empty_74, i32 288, i32 351" [flood_HLS_base.cpp:168]   --->   Operation 814 'partselect' 'trunc_ln168_3' <Predicate = (!icmp_ln109 & icmp_ln111 & and_ln148 & and_ln151 & empty_80 & icmp_ln128_1)> <Delay = 0.00>
ST_111 : Operation 815 [1/1] (1.14ns)   --->   "%add_ln168_3 = add i64 %trunc_ln168_3, i64 %sext_ln169_3" [flood_HLS_base.cpp:168]   --->   Operation 815 'add' 'add_ln168_3' <Predicate = (!icmp_ln109 & icmp_ln111 & and_ln148 & and_ln151 & empty_80 & icmp_ln128_1)> <Delay = 1.14> <CoreInst = "Adder">   --->   Core 1 'Adder' <Latency = 0> <II = 1> <Delay = 1.14> <FuncUnit> <Opcode : 'add' 'sub'> <InPorts = 2> <OutPorts = 1>
ST_111 : Operation 816 [1/1] (0.00ns)   --->   "%tmp_78 = partselect i64 @_ssdm_op_PartSelect.i64.i416.i32.i32, i416 %empty_74, i32 352, i32 415" [flood_HLS_base.cpp:168]   --->   Operation 816 'partselect' 'tmp_78' <Predicate = (!icmp_ln109 & icmp_ln111 & and_ln148 & and_ln151 & empty_80 & icmp_ln128_1)> <Delay = 0.00>
ST_111 : Operation 817 [1/1] (0.00ns)   --->   "%trunc_ln168_6 = trunc i416 %empty_74" [flood_HLS_base.cpp:168]   --->   Operation 817 'trunc' 'trunc_ln168_6' <Predicate = (!icmp_ln109 & icmp_ln111 & and_ln148 & and_ln151 & empty_80 & icmp_ln128_1)> <Delay = 0.00>
ST_111 : Operation 818 [1/1] (0.00ns)   --->   "%or_ln168_3 = bitconcatenate i416 @_ssdm_op_BitConcatenate.i416.i64.i64.i288, i64 %tmp_78, i64 %add_ln168_3, i288 %trunc_ln168_6" [flood_HLS_base.cpp:168]   --->   Operation 818 'bitconcatenate' 'or_ln168_3' <Predicate = (!icmp_ln109 & icmp_ln111 & and_ln148 & and_ln151 & empty_80 & icmp_ln128_1)> <Delay = 0.00>
ST_111 : Operation 819 [1/1] (0.41ns)   --->   "%store_ln168 = store i416 %or_ln168_3, i416 %empty_71" [flood_HLS_base.cpp:168]   --->   Operation 819 'store' 'store_ln168' <Predicate = (!icmp_ln109 & icmp_ln111 & and_ln148 & and_ln151 & empty_80 & icmp_ln128_1)> <Delay = 0.41>
ST_111 : Operation 820 [1/1] (0.00ns)   --->   "%br_ln170 = br void %for.inc416" [flood_HLS_base.cpp:170]   --->   Operation 820 'br' 'br_ln170' <Predicate = (!icmp_ln109 & icmp_ln111 & and_ln148 & and_ln151 & empty_80 & icmp_ln128_1)> <Delay = 0.00>


============================================================
+ Verbose Summary: Binding
============================================================
STG Binding: 
---------------- STG Properties BEGIN ----------------
- Is combinational: 0
- Is one-state seq: 0
- Is datapath-only: 0
- Is pipelined: 0
- Is top level: 0
Port [ Return ] is wired: 1; IO mode=ap_ctrl_hs:ce=0
Port [ empty]:  wired=1; compound=0; hidden=0; nouse=0; global=0; static=0; extern=0; dir=0; type=0; pingpong=0; private_global=0; IO mode=ap_none:ce=0
Port [ p_ground]:  wired=1; compound=1; hidden=0; nouse=0; global=0; static=0; extern=0; dir=0; type=1; pingpong=0; private_global=0; MemPort=[11]; IO mode=ap_memory:ce=0
Port [ spillage_flag]:  wired=1; compound=1; hidden=0; nouse=0; global=0; static=0; extern=0; dir=1; type=1; pingpong=0; private_global=0; MemPort=[03]; IO mode=ap_memory:ce=0
Port [ spillage_level]:  wired=1; compound=1; hidden=0; nouse=0; global=0; static=0; extern=0; dir=1; type=1; pingpong=0; private_global=0; MemPort=[03]; IO mode=ap_memory:ce=0
Port [ water_level]:  wired=1; compound=1; hidden=0; nouse=0; global=0; static=0; extern=0; dir=0; type=1; pingpong=0; private_global=0; MemPort=[11333333333333333]; IO mode=ap_memory:ce=0
Port [ water_level_1]:  wired=1; compound=1; hidden=0; nouse=0; global=0; static=0; extern=0; dir=0; type=1; pingpong=0; private_global=0; MemPort=[11333333333333333]; IO mode=ap_memory:ce=0
Port [ water_level_2]:  wired=1; compound=1; hidden=0; nouse=0; global=0; static=0; extern=0; dir=0; type=1; pingpong=0; private_global=0; MemPort=[11333333333333333]; IO mode=ap_memory:ce=0
Port [ spillage_from_neigh]:  wired=1; compound=1; hidden=0; nouse=0; global=0; static=0; extern=0; dir=1; type=1; pingpong=0; private_global=0; MemPort=[03]; IO mode=ap_memory:ce=0
Port [ spillage_from_neigh_1]:  wired=1; compound=1; hidden=0; nouse=0; global=0; static=0; extern=0; dir=1; type=1; pingpong=0; private_global=0; MemPort=[03]; IO mode=ap_memory:ce=0
Port [ spillage_from_neigh_2]:  wired=1; compound=1; hidden=0; nouse=0; global=0; static=0; extern=0; dir=1; type=1; pingpong=0; private_global=0; MemPort=[03]; IO mode=ap_memory:ce=0
Port [ spillage_from_neigh_3]:  wired=1; compound=1; hidden=0; nouse=0; global=0; static=0; extern=0; dir=1; type=1; pingpong=0; private_global=0; MemPort=[03]; IO mode=ap_memory:ce=0
Port [ p_out]:  wired=1; compound=0; hidden=0; nouse=0; global=0; static=0; extern=0; dir=1; type=0; pingpong=0; private_global=0; IO mode=ap_vld:ce=0
---------------- STG Properties END ------------------

---------------- Datapath Model BEGIN ----------------

<LifeTime>
<method=bitvector/>
new_col                    (alloca           ) [ 0100000000000000000000000000000000000000000000000000000000000000000000000000000000000000000000000000000000000000]
new_row_2                  (alloca           ) [ 0100000000000000000000000000000000000000000000000000000000000000000000000000000000000000000000000000000000000000]
indvar_flatten9            (alloca           ) [ 0100000000000000000000000000000000000000000000000000000000000000000000000000000000000000000000000000000000000000]
empty_71                   (alloca           ) [ 0111111111111111111111111111111111111111111111111111111111111111111111111111111111111111111111111111111111111111]
specinterface_ln0          (specinterface    ) [ 0000000000000000000000000000000000000000000000000000000000000000000000000000000000000000000000000000000000000000]
tmp                        (read             ) [ 0000000000000000000000000000000000000000000000000000000000000000000000000000000000000000000000000000000000000000]
store_ln0                  (store            ) [ 0000000000000000000000000000000000000000000000000000000000000000000000000000000000000000000000000000000000000000]
store_ln0                  (store            ) [ 0000000000000000000000000000000000000000000000000000000000000000000000000000000000000000000000000000000000000000]
store_ln72                 (store            ) [ 0000000000000000000000000000000000000000000000000000000000000000000000000000000000000000000000000000000000000000]
store_ln72                 (store            ) [ 0000000000000000000000000000000000000000000000000000000000000000000000000000000000000000000000000000000000000000]
br_ln0                     (br               ) [ 0000000000000000000000000000000000000000000000000000000000000000000000000000000000000000000000000000000000000000]
indvar_flatten9_load       (load             ) [ 0000000000000000000000000000000000000000000000000000000000000000000000000000000000000000000000000000000000000000]
icmp_ln109                 (icmp             ) [ 0111111111111111111111111111111111111111111111111111111111111111111111111111111111111111111111111111111111111111]
add_ln109_1                (add              ) [ 0000000000000000000000000000000000000000000000000000000000000000000000000000000000000000000000000000000000000000]
br_ln109                   (br               ) [ 0000000000000000000000000000000000000000000000000000000000000000000000000000000000000000000000000000000000000000]
new_col_load               (load             ) [ 0000000000000000000000000000000000000000000000000000000000000000000000000000000000000000000000000000000000000000]
new_row_2_load             (load             ) [ 0000000000000000000000000000000000000000000000000000000000000000000000000000000000000000000000000000000000000000]
add_ln109                  (add              ) [ 0000000000000000000000000000000000000000000000000000000000000000000000000000000000000000000000000000000000000000]
icmp_ln110                 (icmp             ) [ 0000000000000000000000000000000000000000000000000000000000000000000000000000000000000000000000000000000000000000]
select_ln52                (select           ) [ 0111111111111111111111111110000000000000000000000000000000000000000000000000000000000000000000000000000000000000]
select_ln109               (select           ) [ 0111111111111111111111110000000000000000000000000000000000000000000000000000000000000000000000000000000000000000]
p_shl2                     (bitconcatenate   ) [ 0000000000000000000000000000000000000000000000000000000000000000000000000000000000000000000000000000000000000000]
tmp_36                     (bitconcatenate   ) [ 0000000000000000000000000000000000000000000000000000000000000000000000000000000000000000000000000000000000000000]
zext_ln111_1               (zext             ) [ 0000000000000000000000000000000000000000000000000000000000000000000000000000000000000000000000000000000000000000]
sub_ln111                  (sub              ) [ 0111111111111110000000000000000000000000000000000000000000000000000000000000000000000000000000000000000000000000]
zext_ln52                  (zext             ) [ 0000000000000000000000000000000000000000000000000000000000000000000000000000000000000000000000000000000000000000]
mul_ln52                   (mul              ) [ 0000000000000000000000000000000000000000000000000000000000000000000000000000000000000000000000000000000000000000]
tmp_52                     (partselect       ) [ 0010000000000000000000000000000000000000000000000000000000000000000000000000000000000000000000000000000000000000]
add_ln110                  (add              ) [ 0000000000000000000000000000000000000000000000000000000000000000000000000000000000000000000000000000000000000000]
store_ln109                (store            ) [ 0000000000000000000000000000000000000000000000000000000000000000000000000000000000000000000000000000000000000000]
store_ln72                 (store            ) [ 0000000000000000000000000000000000000000000000000000000000000000000000000000000000000000000000000000000000000000]
store_ln72                 (store            ) [ 0000000000000000000000000000000000000000000000000000000000000000000000000000000000000000000000000000000000000000]
br_ln110                   (br               ) [ 0000000000000000000000000000000000000000000000000000000000000000000000000000000000000000000000000000000000000000]
zext_ln111_2               (zext             ) [ 0111111111110000000000000000000000000000000000000000000000000000000000000000000000000000000000000000000000000000]
add_ln111                  (add              ) [ 0000000000000000000000000000000000000000000000000000000000000000000000000000000000000000000000000000000000000000]
zext_ln111_3               (zext             ) [ 0000000000000000000000000000000000000000000000000000000000000000000000000000000000000000000000000000000000000000]
water_level_addr           (getelementptr    ) [ 0001000000000000000000000000000000000000000000000000000000000000000000000000000000000000000000000000000000000000]
water_level_1_addr         (getelementptr    ) [ 0001000000000000000000000000000000000000000000000000000000000000000000000000000000000000000000000000000000000000]
water_level_2_addr         (getelementptr    ) [ 0001000000000000000000000000000000000000000000000000000000000000000000000000000000000000000000000000000000000000]
water_level_load           (load             ) [ 0111111111110000000000000000000000000000000000000000000000000000000000000000000000000000000000000000000000000000]
water_level_1_load         (load             ) [ 0111111111110000000000000000000000000000000000000000000000000000000000000000000000000000000000000000000000000000]
water_level_2_load         (load             ) [ 0111111111110000000000000000000000000000000000000000000000000000000000000000000000000000000000000000000000000000]
row_pos_4_cast             (zext             ) [ 0000000000000000000000000000000000000000000000000000000000000000000000000000000000000000000000000000000000000000]
new_row                    (add              ) [ 0111000000011111111111110000000000000000000000000000000000000000000000000000000000000000000000000000000000000000]
trunc_ln134                (trunc            ) [ 0000000000000000000000000000000000000000000000000000000000000000000000000000000000000000000000000000000000000000]
tmp_37                     (bitconcatenate   ) [ 0000000000000000000000000000000000000000000000000000000000000000000000000000000000000000000000000000000000000000]
tmp_49                     (bitconcatenate   ) [ 0000000000000000000000000000000000000000000000000000000000000000000000000000000000000000000000000000000000000000]
zext_ln134_2               (zext             ) [ 0000000000000000000000000000000000000000000000000000000000000000000000000000000000000000000000000000000000000000]
sub_ln134                  (sub              ) [ 0010000000010000000000000000000000000000000000000000000000000000000000000000000000000000000000000000000000000000]
new_row_1                  (add              ) [ 0111000000001111111111111100000000000000000000000000000000000000000000000000000000000000000000000000000000000000]
p_shl                      (bitconcatenate   ) [ 0000000000000000000000000000000000000000000000000000000000000000000000000000000000000000000000000000000000000000]
tmp_51                     (bitconcatenate   ) [ 0000000000000000000000000000000000000000000000000000000000000000000000000000000000000000000000000000000000000000]
zext_ln134_4               (zext             ) [ 0000000000000000000000000000000000000000000000000000000000000000000000000000000000000000000000000000000000000000]
sub_ln134_1                (sub              ) [ 0000000000000000000000000000000000000000000000000000000000000000000000000000000000000000000000000000000000000000]
urem_ln52                  (urem             ) [ 0000000000000000000000000000000000000000000000000000000000000000000000000000000000000000000000000000000000000000]
trunc_ln52                 (trunc            ) [ 0111000000001111100000000000000000000000000000000000000000000000000000000000000000000000000000000000000000000000]
tmp_s                      (sparsemux        ) [ 0111000000001111000000000000000000000000000000000000000000000000000000000000000000000000000000000000000000000000]
icmp_ln111                 (icmp             ) [ 0111000000011111111111111111111111111111111111111111111111111111111111111111111111111111111111111111111111111111]
br_ln111                   (br               ) [ 0000000000000000000000000000000000000000000000000000000000000000000000000000000000000000000000000000000000000000]
zext_ln122                 (zext             ) [ 0000000000000000000000000000000000000000000000000000000000000000000000000000000000000000000000000000000000000000]
add_ln134                  (add              ) [ 0000000000000000000000000000000000000000000000000000000000000000000000000000000000000000000000000000000000000000]
zext_ln134_5               (zext             ) [ 0000000000000000000000000000000000000000000000000000000000000000000000000000000000000000000000000000000000000000]
water_level_addr_1         (getelementptr    ) [ 0001000000001000000000000000000000000000000000000000000000000000000000000000000000000000000000000000000000000000]
add_ln134_1                (add              ) [ 0001000000001000000000000000000000000000000000000000000000000000000000000000000000000000000000000000000000000000]
water_level_1_addr_1       (getelementptr    ) [ 0001000000001000000000000000000000000000000000000000000000000000000000000000000000000000000000000000000000000000]
water_level_2_addr_1       (getelementptr    ) [ 0001000000001000000000000000000000000000000000000000000000000000000000000000000000000000000000000000000000000000]
new_col_1                  (add              ) [ 0111000000001111111111111111111111111111000000000000000000000000000000000000000000000000000000000000000000000000]
zext_ln134_6               (zext             ) [ 0000000000000000000000000000000000000000000000000000000000000000000000000000000000000000000000000000000000000000]
water_level_addr_2         (getelementptr    ) [ 0100000000000100000000000000000000000000000000000000000000000000000000000000000000000000000000000000000000000000]
water_level_1_addr_2       (getelementptr    ) [ 0100000000000100000000000000000000000000000000000000000000000000000000000000000000000000000000000000000000000000]
water_level_2_addr_2       (getelementptr    ) [ 0100000000000100000000000000000000000000000000000000000000000000000000000000000000000000000000000000000000000000]
water_level_load_1         (load             ) [ 0000000000000000000000000000000000000000000000000000000000000000000000000000000000000000000000000000000000000000]
water_level_1_load_1       (load             ) [ 0000000000000000000000000000000000000000000000000000000000000000000000000000000000000000000000000000000000000000]
water_level_2_load_1       (load             ) [ 0000000000000000000000000000000000000000000000000000000000000000000000000000000000000000000000000000000000000000]
tmp_4                      (sparsemux        ) [ 0111000000000111100000000000000000000000000000000000000000000000000000000000000000000000000000000000000000000000]
sext_ln72                  (sext             ) [ 0000000000000000000000000000000000000000000000000000000000000000000000000000000000000000000000000000000000000000]
zext_ln72                  (zext             ) [ 0100000000000100000000000000000000000000000000000000000000000000000000000000000000000000000000000000000000000000]
new_col_2                  (add              ) [ 0111000000000111111111111111111111111100000000000000000000000000000000000000000000000000000000000000000000000000]
zext_ln72_1                (zext             ) [ 0000000000000000000000000000000000000000000000000000000000000000000000000000000000000000000000000000000000000000]
mul_ln72_1                 (mul              ) [ 0000000000000000000000000000000000000000000000000000000000000000000000000000000000000000000000000000000000000000]
tmp_53                     (partselect       ) [ 0100000000000100000000000000000000000000000000000000000000000000000000000000000000000000000000000000000000000000]
water_level_load_2         (load             ) [ 0000000000000000000000000000000000000000000000000000000000000000000000000000000000000000000000000000000000000000]
water_level_1_load_2       (load             ) [ 0000000000000000000000000000000000000000000000000000000000000000000000000000000000000000000000000000000000000000]
water_level_2_load_2       (load             ) [ 0000000000000000000000000000000000000000000000000000000000000000000000000000000000000000000000000000000000000000]
tmp_5                      (sparsemux        ) [ 0111000000000011110000000000000000000000000000000000000000000000000000000000000000000000000000000000000000000000]
mul_ln72                   (mul              ) [ 0000000000000000000000000000000000000000000000000000000000000000000000000000000000000000000000000000000000000000]
udiv_ln1_cast              (partselect       ) [ 0010000000000010000000000000000000000000000000000000000000000000000000000000000000000000000000000000000000000000]
zext_ln134_10              (zext             ) [ 0000000000000000000000000000000000000000000000000000000000000000000000000000000000000000000000000000000000000000]
add_ln134_6                (add              ) [ 0000000000000000000000000000000000000000000000000000000000000000000000000000000000000000000000000000000000000000]
zext_ln134_11              (zext             ) [ 0000000000000000000000000000000000000000000000000000000000000000000000000000000000000000000000000000000000000000]
water_level_addr_4         (getelementptr    ) [ 0010000000000010000000000000000000000000000000000000000000000000000000000000000000000000000000000000000000000000]
water_level_1_addr_4       (getelementptr    ) [ 0010000000000010000000000000000000000000000000000000000000000000000000000000000000000000000000000000000000000000]
water_level_2_addr_4       (getelementptr    ) [ 0010000000000010000000000000000000000000000000000000000000000000000000000000000000000000000000000000000000000000]
add_ln134_4                (add              ) [ 0001000000000001000000000000000000000000000000000000000000000000000000000000000000000000000000000000000000000000]
water_level_load_4         (load             ) [ 0000000000000000000000000000000000000000000000000000000000000000000000000000000000000000000000000000000000000000]
water_level_1_load_4       (load             ) [ 0000000000000000000000000000000000000000000000000000000000000000000000000000000000000000000000000000000000000000]
water_level_2_load_4       (load             ) [ 0000000000000000000000000000000000000000000000000000000000000000000000000000000000000000000000000000000000000000]
tmp_11                     (sparsemux        ) [ 0111000000000001111000000000000000000000000000000000000000000000000000000000000000000000000000000000000000000000]
conv3                      (sitofp           ) [ 0111000000000000111111111111000000000000000000000000000000000000000000000000000000000000000000000000000000000000]
zext_ln134_9               (zext             ) [ 0000000000000000000000000000000000000000000000000000000000000000000000000000000000000000000000000000000000000000]
water_level_addr_3         (getelementptr    ) [ 0100000000000000100000000000000000000000000000000000000000000000000000000000000000000000000000000000000000000000]
water_level_1_addr_3       (getelementptr    ) [ 0100000000000000100000000000000000000000000000000000000000000000000000000000000000000000000000000000000000000000]
water_level_2_addr_3       (getelementptr    ) [ 0100000000000000100000000000000000000000000000000000000000000000000000000000000000000000000000000000000000000000]
conv4                      (sitofp           ) [ 0111000000000000011111111111100000000000000000000000000000000000000000000000000000000000000000000000000000000000]
water_level_load_3         (load             ) [ 0000000000000000000000000000000000000000000000000000000000000000000000000000000000000000000000000000000000000000]
water_level_1_load_3       (load             ) [ 0000000000000000000000000000000000000000000000000000000000000000000000000000000000000000000000000000000000000000]
water_level_2_load_3       (load             ) [ 0000000000000000000000000000000000000000000000000000000000000000000000000000000000000000000000000000000000000000]
tmp_6                      (sparsemux        ) [ 0111000000000000011110000000000000000000000000000000000000000000000000000000000000000000000000000000000000000000]
conv300_1                  (sitofp           ) [ 0111000000000000001111111111110000000000000000000000000000000000000000000000000000000000000000000000000000000000]
conv300_3                  (sitofp           ) [ 0111000000000000000111111111111000000000000000000000000000000000000000000000000000000000000000000000000000000000]
conv300_2                  (sitofp           ) [ 0111000000000000000001111111111110000000000000000000000000000000000000000000000000000000000000000000000000000000]
zext_ln111                 (zext             ) [ 0000000000000000000000000000000000000000000000000000000000000000000000000000000000000000000000000000000000000000]
mul_ln111_1                (mul              ) [ 0111000000000000000000001111111000000000000000000000000000000000000000000000000000000000000000000000000000000000]
empty_72                   (icmp             ) [ 0111000000000000000000001111111111111111111111111111111111111111111111111111111111111111111111111111111111111111]
zext_ln134_1               (zext             ) [ 0000000000000000000000000000000000000000000000000000000000000000000000000000000000000000000000000000000000000000]
mul_ln134                  (mul              ) [ 0111000000000000000000001110000000000000000000000000000000000000000000000000000000000000000000000000000000000000]
empty_73                   (icmp             ) [ 0111000000000000000000000011111111111111111111111111111111111111111111111111111111111111111111111111111111111111]
zext_ln134_3               (zext             ) [ 0000000000000000000000000000000000000000000000000000000000000000000000000000000000000000000000000000000000000000]
mul_ln134_1                (mul              ) [ 0010000000000000000000000010000000000000000000000000000000000000000000000000000000000000000000000000000000000000]
specloopname_ln0           (specloopname     ) [ 0000000000000000000000000000000000000000000000000000000000000000000000000000000000000000000000000000000000000000]
speclooptripcount_ln0      (speclooptripcount) [ 0000000000000000000000000000000000000000000000000000000000000000000000000000000000000000000000000000000000000000]
zext_ln117                 (zext             ) [ 0000000000000000000000000000000000000000000000000000000000000000000000000000000000000000000000000000000000000000]
add_ln117                  (add              ) [ 0000000000000000000000000000000000000000000000000000000000000000000000000000000000000000000000000000000000000000]
zext_ln117_1               (zext             ) [ 0000000000000000000000000000000000000000000000000000000000000000000000000000000000000000000000000000000000000000]
p_ground_addr              (getelementptr    ) [ 0001000000000000000000000001000000000000000000000000000000000000000000000000000000000000000000000000000000000000]
spillage_flag_addr         (getelementptr    ) [ 0111000000000000000000000001111111111111111111111111111111111111111111111111111111111111111000000000000000000000]
spillage_level_addr        (getelementptr    ) [ 0111000000000000000000000001111111111111111111111111111111111111111111111111111111111111111000000000000000000000]
specpipeline_ln52          (specpipeline     ) [ 0000000000000000000000000000000000000000000000000000000000000000000000000000000000000000000000000000000000000000]
add_ln134_2                (add              ) [ 0000000000000000000000000000000000000000000000000000000000000000000000000000000000000000000000000000000000000000]
zext_ln134_7               (zext             ) [ 0000000000000000000000000000000000000000000000000000000000000000000000000000000000000000000000000000000000000000]
p_ground_addr_1            (getelementptr    ) [ 0001000000000000000000000001000000000000000000000000000000000000000000000000000000000000000000000000000000000000]
add_ln134_3                (add              ) [ 0001000000000000000000000001000000000000000000000000000000000000000000000000000000000000000000000000000000000000]
spillage_from_neigh_addr   (getelementptr    ) [ 0111000000000000000000000001111111111111111111111111111111111111111111111111111111111111111111111111110000000000]
p_ground_load              (load             ) [ 0111000000000000000000000000111111111111111111111111111111111111111111111111111111111111110000000000000000000000]
div9                       (fdiv             ) [ 0111000000000000000000000000111111111111111111111111100000000000000000000000000000000000000000000000000000000000]
zext_ln134_8               (zext             ) [ 0000000000000000000000000000000000000000000000000000000000000000000000000000000000000000000000000000000000000000]
p_ground_addr_2            (getelementptr    ) [ 0100000000000000000000000000100000000000000000000000000000000000000000000000000000000000000000000000000000000000]
spillage_from_neigh_1_addr (getelementptr    ) [ 0111000000000000000000000000111111111111111111111111111111111111111111111111111111111111111111111111110000000000]
p_ground_load_1            (load             ) [ 0110000000000000000000000000110000000000000000000000000000000000000000000000000000000000000000000000000000000000]
neighbor_height_8          (bitcast          ) [ 0111000000000000000000000000011111111111111111111111111111111111111111111111111111111111111111110000000000000000]
div4                       (fdiv             ) [ 0111000000000000000000000000011111110000000000000000000000000000000000000000000000000000000000000000000000000000]
p_ground_load_2            (load             ) [ 0011000000000000000000000000011000000000000000000000000000000000000000000000000000000000000000000000000000000000]
zext_ln134_12              (zext             ) [ 0000000000000000000000000000000000000000000000000000000000000000000000000000000000000000000000000000000000000000]
add_ln134_7                (add              ) [ 0000000000000000000000000000000000000000000000000000000000000000000000000000000000000000000000000000000000000000]
zext_ln134_13              (zext             ) [ 0000000000000000000000000000000000000000000000000000000000000000000000000000000000000000000000000000000000000000]
p_ground_addr_4            (getelementptr    ) [ 0010000000000000000000000000010000000000000000000000000000000000000000000000000000000000000000000000000000000000]
spillage_from_neigh_3_addr (getelementptr    ) [ 0111000000000000000000000000011111111111111111111111111111111111111111111111111111111111111111111111111100000000]
bitcast_ln134              (bitcast          ) [ 0111000000000000000000000000001111110000000000000000000000000000000000000000000000000000000000000000000000000000]
div301_1                   (fdiv             ) [ 0111000000000000000000000000001111111000000000000000000000000000000000000000000000000000000000000000000000000000]
p_ground_load_4            (load             ) [ 0101000000000000000000000000001100000000000000000000000000000000000000000000000000000000000000000000000000000000]
bitcast_ln134_1            (bitcast          ) [ 0111000000000000000000000000000111111000000000000000000000000000000000000000000000000000000000000000000000000000]
sext_ln134                 (sext             ) [ 0000000000000000000000000000000000000000000000000000000000000000000000000000000000000000000000000000000000000000]
add_ln134_5                (add              ) [ 0000000000000000000000000000000000000000000000000000000000000000000000000000000000000000000000000000000000000000]
zext_ln134                 (zext             ) [ 0000000000000000000000000000000000000000000000000000000000000000000000000000000000000000000000000000000000000000]
p_ground_addr_3            (getelementptr    ) [ 0100000000000000000000000000000100000000000000000000000000000000000000000000000000000000000000000000000000000000]
spillage_from_neigh_2_addr (getelementptr    ) [ 0111000000000000000000000000000111111111111111111111111111111111111111111111111111111111111111111111111100000000]
div301_3                   (fdiv             ) [ 0111000000000000000000000000000111111100000000000000000000000000000000000000000000000000000000000000000000000000]
p_ground_load_3            (load             ) [ 0011000000000000000000000000000011000000000000000000000000000000000000000000000000000000000000000000000000000000]
bitcast_ln134_3            (bitcast          ) [ 0111000000000000000000000000000011111100000000000000000000000000000000000000000000000000000000000000000000000000]
div301_2                   (fdiv             ) [ 0111000000000000000000000000000001111111000000000000000000000000000000000000000000000000000000000000000000000000]
bitcast_ln134_2            (bitcast          ) [ 0111000000000000000000000000000000111111000000000000000000000000000000000000000000000000000000000000000000000000]
current_height             (fadd             ) [ 0111000000000000000000000000000000011111111111111111111111111111111111111111111111111111111111111110000000000000]
neighbor_height            (fadd             ) [ 0111000000000000000000000000000000001111111111111111111111111111111111111111111111111111111111111000000000000000]
neighbor_height_1          (select           ) [ 0111000000000000000000000000000000000111111000000000000000000000000000000000000000000000000000000000000000000000]
bitcast_ln139_1            (bitcast          ) [ 0000000000000000000000000000000000000000000000000000000000000000000000000000000000000000000000000000000000000000]
tmp_33                     (partselect       ) [ 0000000000000000000000000000000000000000000000000000000000000000000000000000000000000000000000000000000000000000]
trunc_ln139_1              (trunc            ) [ 0000000000000000000000000000000000000000000000000000000000000000000000000000000000000000000000000000000000000000]
icmp_ln139_2               (icmp             ) [ 0100000000000000000000000000000000000100000000000000000000000000000000000000000000000000000000000000000000000000]
icmp_ln139_3               (icmp             ) [ 0100000000000000000000000000000000000100000000000000000000000000000000000000000000000000000000000000000000000000]
neighbor_height_2          (fadd             ) [ 0111000000000000000000000000000000000111111111111111111111111111111111111111111111111111111111111000000000000000]
bitcast_ln139              (bitcast          ) [ 0000000000000000000000000000000000000000000000000000000000000000000000000000000000000000000000000000000000000000]
tmp_32                     (partselect       ) [ 0000000000000000000000000000000000000000000000000000000000000000000000000000000000000000000000000000000000000000]
trunc_ln139                (trunc            ) [ 0000000000000000000000000000000000000000000000000000000000000000000000000000000000000000000000000000000000000000]
icmp_ln139                 (icmp             ) [ 0000000000000000000000000000000000000000000000000000000000000000000000000000000000000000000000000000000000000000]
icmp_ln139_1               (icmp             ) [ 0000000000000000000000000000000000000000000000000000000000000000000000000000000000000000000000000000000000000000]
or_ln139                   (or               ) [ 0111000000000000000000000000000000000011111111111111111111111111111111111111111111111111111110000000000000000000]
or_ln139_1                 (or               ) [ 0000000000000000000000000000000000000000000000000000000000000000000000000000000000000000000000000000000000000000]
and_ln139                  (and              ) [ 0000000000000000000000000000000000000000000000000000000000000000000000000000000000000000000000000000000000000000]
tmp_34                     (fcmp             ) [ 0000000000000000000000000000000000000000000000000000000000000000000000000000000000000000000000000000000000000000]
and_ln139_1                (and              ) [ 0111000000000000000000000000000000000011111111111100000000000000000000000000000000000000000000000000000000000000]
neighbor_height_3          (select           ) [ 0111000000000000000000000000000000000011111100000000000000000000000000000000000000000000000000000000000000000000]
bitcast_ln139_2            (bitcast          ) [ 0000000000000000000000000000000000000000000000000000000000000000000000000000000000000000000000000000000000000000]
tmp_39                     (partselect       ) [ 0000000000000000000000000000000000000000000000000000000000000000000000000000000000000000000000000000000000000000]
trunc_ln139_2              (trunc            ) [ 0000000000000000000000000000000000000000000000000000000000000000000000000000000000000000000000000000000000000000]
icmp_ln139_4               (icmp             ) [ 0010000000000000000000000000000000000010000000000000000000000000000000000000000000000000000000000000000000000000]
icmp_ln139_5               (icmp             ) [ 0010000000000000000000000000000000000010000000000000000000000000000000000000000000000000000000000000000000000000]
icmp_ln128_1               (icmp             ) [ 0111000000000000000000000000000000000011111111111111111111111111111111111111111111111111111111111111111111111111]
neighbor_height_6          (fadd             ) [ 0111000000000000000000000000000000000011111111111111111111111111111111111111111111111111111111111110000000000000]
or_ln139_2                 (or               ) [ 0000000000000000000000000000000000000000000000000000000000000000000000000000000000000000000000000000000000000000]
and_ln139_2                (and              ) [ 0000000000000000000000000000000000000000000000000000000000000000000000000000000000000000000000000000000000000000]
tmp_40                     (fcmp             ) [ 0000000000000000000000000000000000000000000000000000000000000000000000000000000000000000000000000000000000000000]
and_ln139_3                (and              ) [ 0111000000000000000000000000000000000001111111111111111110000000000000000000000000000000000000000000000000000000]
neighbor_height_7          (select           ) [ 0111000000000000000000000000000000000001111110000000000000000000000000000000000000000000000000000000000000000000]
bitcast_ln139_4            (bitcast          ) [ 0000000000000000000000000000000000000000000000000000000000000000000000000000000000000000000000000000000000000000]
tmp_50                     (partselect       ) [ 0000000000000000000000000000000000000000000000000000000000000000000000000000000000000000000000000000000000000000]
trunc_ln139_4              (trunc            ) [ 0000000000000000000000000000000000000000000000000000000000000000000000000000000000000000000000000000000000000000]
icmp_ln139_8               (icmp             ) [ 0001000000000000000000000000000000000001000000000000000000000000000000000000000000000000000000000000000000000000]
icmp_ln139_9               (icmp             ) [ 0001000000000000000000000000000000000001000000000000000000000000000000000000000000000000000000000000000000000000]
icmp_ln128                 (icmp             ) [ 0111000000000000000000000000000000000000111111111111111111111111111111111111111111111111111111111111111111111111]
neighbor_height_4          (fadd             ) [ 0111000000000000000000000000000000000000111111111111111111111111111111111111111111111111111111111110000000000000]
or_ln139_4                 (or               ) [ 0000000000000000000000000000000000000000000000000000000000000000000000000000000000000000000000000000000000000000]
and_ln139_6                (and              ) [ 0000000000000000000000000000000000000000000000000000000000000000000000000000000000000000000000000000000000000000]
tmp_54                     (fcmp             ) [ 0000000000000000000000000000000000000000000000000000000000000000000000000000000000000000000000000000000000000000]
and_ln139_7                (and              ) [ 0111000000000000000000000000000000000000111111111111111111111111111111100000000000000000000000000000000000000000]
neighbor_height_5          (select           ) [ 0111000000000000000000000000000000000000011111100000000000000000000000000000000000000000000000000000000000000000]
bitcast_ln139_3            (bitcast          ) [ 0000000000000000000000000000000000000000000000000000000000000000000000000000000000000000000000000000000000000000]
tmp_44                     (partselect       ) [ 0000000000000000000000000000000000000000000000000000000000000000000000000000000000000000000000000000000000000000]
trunc_ln139_3              (trunc            ) [ 0000000000000000000000000000000000000000000000000000000000000000000000000000000000000000000000000000000000000000]
icmp_ln139_6               (icmp             ) [ 0010000000000000000000000000000000000000010000000000000000000000000000000000000000000000000000000000000000000000]
icmp_ln139_7               (icmp             ) [ 0010000000000000000000000000000000000000010000000000000000000000000000000000000000000000000000000000000000000000]
or_ln139_3                 (or               ) [ 0000000000000000000000000000000000000000000000000000000000000000000000000000000000000000000000000000000000000000]
and_ln139_4                (and              ) [ 0000000000000000000000000000000000000000000000000000000000000000000000000000000000000000000000000000000000000000]
tmp_45                     (fcmp             ) [ 0000000000000000000000000000000000000000000000000000000000000000000000000000000000000000000000000000000000000000]
and_ln139_5                (and              ) [ 0111000000000000000000000000000000000000001111111111111111111111000000000000000000000000000000000000000000000000]
height_diff                (fsub             ) [ 0111000000000000000000000000000000000000000111111100000000000000000000000000000000000000000000000000000000000000]
height_diff_1              (fsub             ) [ 0111000000000000000000000000000000000000000011111111111110000000000000000000000000000000000000000000000000000000]
bitcast_ln142              (bitcast          ) [ 0000000000000000000000000000000000000000000000000000000000000000000000000000000000000000000000000000000000000000]
tmp_35                     (partselect       ) [ 0000000000000000000000000000000000000000000000000000000000000000000000000000000000000000000000000000000000000000]
trunc_ln142                (trunc            ) [ 0000000000000000000000000000000000000000000000000000000000000000000000000000000000000000000000000000000000000000]
icmp_ln142                 (icmp             ) [ 0000000000000000000000000000000000000000000000000000000000000000000000000000000000000000000000000000000000000000]
icmp_ln142_1               (icmp             ) [ 0000000000000000000000000000000000000000000000000000000000000000000000000000000000000000000000000000000000000000]
or_ln142                   (or               ) [ 0000000000000000000000000000000000000000000000000000000000000000000000000000000000000000000000000000000000000000]
tmp_38                     (fcmp             ) [ 0000000000000000000000000000000000000000000000000000000000000000000000000000000000000000000000000000000000000000]
and_ln142                  (and              ) [ 0000000000000000000000000000000000000000000000000000000000000000000000000000000000000000000000000000000000000000]
my_spillage_level          (select           ) [ 0000000000000000000000000000000000000000000000000000000000000000000000000000000000000000000000000000000000000000]
my_spillage_level_1        (select           ) [ 0101000000000000000000000000000000000000000001100000000000000000000000000000000000000000000000000000000000000000]
height_diff_3              (fsub             ) [ 0111000000000000000000000000000000000000000001111111111111111111111111100000000000000000000000000000000000000000]
bitcast_ln142_1            (bitcast          ) [ 0000000000000000000000000000000000000000000000000000000000000000000000000000000000000000000000000000000000000000]
tmp_41                     (partselect       ) [ 0000000000000000000000000000000000000000000000000000000000000000000000000000000000000000000000000000000000000000]
trunc_ln142_1              (trunc            ) [ 0000000000000000000000000000000000000000000000000000000000000000000000000000000000000000000000000000000000000000]
bitcast_ln142_2            (bitcast          ) [ 0000000000000000000000000000000000000000000000000000000000000000000000000000000000000000000000000000000000000000]
tmp_42                     (partselect       ) [ 0000000000000000000000000000000000000000000000000000000000000000000000000000000000000000000000000000000000000000]
trunc_ln142_2              (trunc            ) [ 0000000000000000000000000000000000000000000000000000000000000000000000000000000000000000000000000000000000000000]
icmp_ln142_2               (icmp             ) [ 0000000000000000000000000000000000000000000000000000000000000000000000000000000000000000000000000000000000000000]
icmp_ln142_3               (icmp             ) [ 0000000000000000000000000000000000000000000000000000000000000000000000000000000000000000000000000000000000000000]
or_ln142_1                 (or               ) [ 0000000000000000000000000000000000000000000000000000000000000000000000000000000000000000000000000000000000000000]
icmp_ln142_4               (icmp             ) [ 0000000000000000000000000000000000000000000000000000000000000000000000000000000000000000000000000000000000000000]
icmp_ln142_5               (icmp             ) [ 0000000000000000000000000000000000000000000000000000000000000000000000000000000000000000000000000000000000000000]
or_ln142_2                 (or               ) [ 0000000000000000000000000000000000000000000000000000000000000000000000000000000000000000000000000000000000000000]
tmp_43                     (fcmp             ) [ 0000000000000000000000000000000000000000000000000000000000000000000000000000000000000000000000000000000000000000]
and_ln142_1                (and              ) [ 0000000000000000000000000000000000000000000000000000000000000000000000000000000000000000000000000000000000000000]
and_ln142_2                (and              ) [ 0000000000000000000000000000000000000000000000000000000000000000000000000000000000000000000000000000000000000000]
my_spillage_level_2        (select           ) [ 0000000000000000000000000000000000000000000000000000000000000000000000000000000000000000000000000000000000000000]
my_spillage_level_3        (select           ) [ 0011000000000000000000000000000000000000000000011000000000000000000000000000000000000000000000000000000000000000]
height_diff_2              (fsub             ) [ 0111000000000000000000000000000000000000000000011111111111111111000000000000000000000000000000000000000000000000]
bitcast_ln142_3            (bitcast          ) [ 0000000000000000000000000000000000000000000000000000000000000000000000000000000000000000000000000000000000000000]
tmp_46                     (partselect       ) [ 0000000000000000000000000000000000000000000000000000000000000000000000000000000000000000000000000000000000000000]
trunc_ln142_3              (trunc            ) [ 0000000000000000000000000000000000000000000000000000000000000000000000000000000000000000000000000000000000000000]
bitcast_ln142_4            (bitcast          ) [ 0000000000000000000000000000000000000000000000000000000000000000000000000000000000000000000000000000000000000000]
tmp_47                     (partselect       ) [ 0000000000000000000000000000000000000000000000000000000000000000000000000000000000000000000000000000000000000000]
trunc_ln142_4              (trunc            ) [ 0000000000000000000000000000000000000000000000000000000000000000000000000000000000000000000000000000000000000000]
icmp_ln142_6               (icmp             ) [ 0000000000000000000000000000000000000000000000000000000000000000000000000000000000000000000000000000000000000000]
icmp_ln142_7               (icmp             ) [ 0000000000000000000000000000000000000000000000000000000000000000000000000000000000000000000000000000000000000000]
or_ln142_3                 (or               ) [ 0000000000000000000000000000000000000000000000000000000000000000000000000000000000000000000000000000000000000000]
icmp_ln142_8               (icmp             ) [ 0000000000000000000000000000000000000000000000000000000000000000000000000000000000000000000000000000000000000000]
icmp_ln142_9               (icmp             ) [ 0000000000000000000000000000000000000000000000000000000000000000000000000000000000000000000000000000000000000000]
or_ln142_4                 (or               ) [ 0000000000000000000000000000000000000000000000000000000000000000000000000000000000000000000000000000000000000000]
tmp_48                     (fcmp             ) [ 0000000000000000000000000000000000000000000000000000000000000000000000000000000000000000000000000000000000000000]
and_ln142_3                (and              ) [ 0000000000000000000000000000000000000000000000000000000000000000000000000000000000000000000000000000000000000000]
and_ln142_4                (and              ) [ 0000000000000000000000000000000000000000000000000000000000000000000000000000000000000000000000000000000000000000]
my_spillage_level_4        (select           ) [ 0000000000000000000000000000000000000000000000000000000000000000000000000000000000000000000000000000000000000000]
my_spillage_level_5        (select           ) [ 0110000000000000000000000000000000000000000000000110000000000000000000000000000000000000000000000000000000000000]
sum_diff                   (fadd             ) [ 0000000000000000000000000000000000000000000000000000000000000000000000000000000000000000000000000000000000000000]
sum_diff_1                 (select           ) [ 0111000000000000000000000000000000000000000000000011111110000000000000000000000000000000000000000000000000000000]
bitcast_ln142_5            (bitcast          ) [ 0000000000000000000000000000000000000000000000000000000000000000000000000000000000000000000000000000000000000000]
tmp_55                     (partselect       ) [ 0000000000000000000000000000000000000000000000000000000000000000000000000000000000000000000000000000000000000000]
trunc_ln142_5              (trunc            ) [ 0000000000000000000000000000000000000000000000000000000000000000000000000000000000000000000000000000000000000000]
bitcast_ln142_6            (bitcast          ) [ 0000000000000000000000000000000000000000000000000000000000000000000000000000000000000000000000000000000000000000]
tmp_56                     (partselect       ) [ 0000000000000000000000000000000000000000000000000000000000000000000000000000000000000000000000000000000000000000]
trunc_ln142_6              (trunc            ) [ 0000000000000000000000000000000000000000000000000000000000000000000000000000000000000000000000000000000000000000]
icmp_ln142_10              (icmp             ) [ 0000000000000000000000000000000000000000000000000000000000000000000000000000000000000000000000000000000000000000]
icmp_ln142_11              (icmp             ) [ 0000000000000000000000000000000000000000000000000000000000000000000000000000000000000000000000000000000000000000]
or_ln142_5                 (or               ) [ 0000000000000000000000000000000000000000000000000000000000000000000000000000000000000000000000000000000000000000]
icmp_ln142_12              (icmp             ) [ 0000000000000000000000000000000000000000000000000000000000000000000000000000000000000000000000000000000000000000]
icmp_ln142_13              (icmp             ) [ 0000000000000000000000000000000000000000000000000000000000000000000000000000000000000000000000000000000000000000]
or_ln142_6                 (or               ) [ 0000000000000000000000000000000000000000000000000000000000000000000000000000000000000000000000000000000000000000]
tmp_57                     (fcmp             ) [ 0000000000000000000000000000000000000000000000000000000000000000000000000000000000000000000000000000000000000000]
and_ln142_5                (and              ) [ 0000000000000000000000000000000000000000000000000000000000000000000000000000000000000000000000000000000000000000]
and_ln142_6                (and              ) [ 0000000000000000000000000000000000000000000000000000000000000000000000000000000000000000000000000000000000000000]
my_spillage_level_6        (select           ) [ 0000000000000000000000000000000000000000000000000000000000000000000000000000000000000000000000000000000000000000]
my_spillage_level_7        (select           ) [ 0101000000000000000000000000000000000000000000000001100000000000000000000000000000000000000000000000000000000000]
bitcast_ln145              (bitcast          ) [ 0000000000000000000000000000000000000000000000000000000000000000000000000000000000000000000000000000000000000000]
tmp_58                     (partselect       ) [ 0000000000000000000000000000000000000000000000000000000000000000000000000000000000000000000000000000000000000000]
trunc_ln145                (trunc            ) [ 0000000000000000000000000000000000000000000000000000000000000000000000000000000000000000000000000000000000000000]
bitcast_ln145_1            (bitcast          ) [ 0000000000000000000000000000000000000000000000000000000000000000000000000000000000000000000000000000000000000000]
tmp_59                     (partselect       ) [ 0000000000000000000000000000000000000000000000000000000000000000000000000000000000000000000000000000000000000000]
trunc_ln145_1              (trunc            ) [ 0000000000000000000000000000000000000000000000000000000000000000000000000000000000000000000000000000000000000000]
icmp_ln145                 (icmp             ) [ 0000000000000000000000000000000000000000000000000000000000000000000000000000000000000000000000000000000000000000]
icmp_ln145_1               (icmp             ) [ 0000000000000000000000000000000000000000000000000000000000000000000000000000000000000000000000000000000000000000]
or_ln145                   (or               ) [ 0000000000000000000000000000000000000000000000000000000000000000000000000000000000000000000000000000000000000000]
icmp_ln145_2               (icmp             ) [ 0000000000000000000000000000000000000000000000000000000000000000000000000000000000000000000000000000000000000000]
icmp_ln145_3               (icmp             ) [ 0000000000000000000000000000000000000000000000000000000000000000000000000000000000000000000000000000000000000000]
or_ln145_1                 (or               ) [ 0000000000000000000000000000000000000000000000000000000000000000000000000000000000000000000000000000000000000000]
tmp_60                     (fcmp             ) [ 0000000000000000000000000000000000000000000000000000000000000000000000000000000000000000000000000000000000000000]
and_ln145                  (and              ) [ 0000000000000000000000000000000000000000000000000000000000000000000000000000000000000000000000000000000000000000]
and_ln145_1                (and              ) [ 0000000000000000000000000000000000000000000000000000000000000000000000000000000000000000000000000000000000000000]
my_spillage_level_8        (select           ) [ 0111000000000000000000000000000000000000000000000000011111111111111111111111111111111111111000000000000000000000]
sum_diff_2                 (fadd             ) [ 0000000000000000000000000000000000000000000000000000000000000000000000000000000000000000000000000000000000000000]
sum_diff_3                 (select           ) [ 0111000000000000000000000000000000000000000000000000000001111111000000000000000000000000000000000000000000000000]
sum_diff_4                 (fadd             ) [ 0000000000000000000000000000000000000000000000000000000000000000000000000000000000000000000000000000000000000000]
sum_diff_5                 (select           ) [ 0111000000000000000000000000000000000000000000000000000000000000111111100000000000000000000000000000000000000000]
sum_diff_6                 (fadd             ) [ 0000000000000000000000000000000000000000000000000000000000000000000000000000000000000000000000000000000000000000]
sum_diff_7                 (select           ) [ 0111000000000000000000000000000000000000000000000000000000000000000000011111111111111100000000000000000000000000]
bitcast_ln148              (bitcast          ) [ 0000000000000000000000000000000000000000000000000000000000000000000000000000000000000000000000000000000000000000]
tmp_61                     (partselect       ) [ 0000000000000000000000000000000000000000000000000000000000000000000000000000000000000000000000000000000000000000]
trunc_ln148                (trunc            ) [ 0000000000000000000000000000000000000000000000000000000000000000000000000000000000000000000000000000000000000000]
icmp_ln148                 (icmp             ) [ 0000000000000000000000000000000000000000000000000000000000000000000000000000000000000000000000000000000000000000]
icmp_ln148_1               (icmp             ) [ 0000000000000000000000000000000000000000000000000000000000000000000000000000000000000000000000000000000000000000]
or_ln148                   (or               ) [ 0000000000000000000000000000000000000000000000000000000000000000000000000000000000000000000000000000000000000000]
tmp_62                     (fcmp             ) [ 0000000000000000000000000000000000000000000000000000000000000000000000000000000000000000000000000000000000000000]
and_ln148                  (and              ) [ 0111000000000000000000000000000000000000000000000000000000000000000000000111111111111111111111111111111111111111]
br_ln148                   (br               ) [ 0000000000000000000000000000000000000000000000000000000000000000000000000000000000000000000000000000000000000000]
proportion                 (fdiv             ) [ 0111000000000000000000000000000000000000000000000000000000000000000000000000000000000011111111111111111000000000]
conv6                      (fpext            ) [ 0110000000000000000000000000000000000000000000000000000000000000000000000000000000000000110000000000000000000000]
bitcast_ln151              (bitcast          ) [ 0000000000000000000000000000000000000000000000000000000000000000000000000000000000000000000000000000000000000000]
tmp_63                     (partselect       ) [ 0000000000000000000000000000000000000000000000000000000000000000000000000000000000000000000000000000000000000000]
trunc_ln151                (trunc            ) [ 0000000000000000000000000000000000000000000000000000000000000000000000000000000000000000000000000000000000000000]
icmp_ln151                 (icmp             ) [ 0010000000000000000000000000000000000000000000000000000000000000000000000000000000000000010000000000000000000000]
icmp_ln151_1               (icmp             ) [ 0010000000000000000000000000000000000000000000000000000000000000000000000000000000000000010000000000000000000000]
or_ln151                   (or               ) [ 0000000000000000000000000000000000000000000000000000000000000000000000000000000000000000000000000000000000000000]
tmp_64                     (dcmp             ) [ 0000000000000000000000000000000000000000000000000000000000000000000000000000000000000000000000000000000000000000]
and_ln151                  (and              ) [ 0111000000000000000000000000000000000000000000000000000000000000000000000000000000000000011111111111111111111111]
br_ln151                   (br               ) [ 0000000000000000000000000000000000000000000000000000000000000000000000000000000000000000000000000000000000000000]
tmp_65                     (partselect       ) [ 0000000000000000000000000000000000000000000000000000000000000000000000000000000000000000000000000000000000000000]
empty_77                   (trunc            ) [ 0000000000000000000000000000000000000000000000000000000000000000000000000000000000000000000000000000000000000000]
notlhs178                  (icmp             ) [ 0111000000000000000000000000000000000000000000000000000000000000000000000000000000000000001110000000000000000000]
notrhs179                  (icmp             ) [ 0111000000000000000000000000000000000000000000000000000000000000000000000000000000000000001110000000000000000000]
br_ln163                   (br               ) [ 0000000000000000000000000000000000000000000000000000000000000000000000000000000000000000000000000000000000000000]
br_ln163                   (br               ) [ 0000000000000000000000000000000000000000000000000000000000000000000000000000000000000000000000000000000000000000]
br_ln163                   (br               ) [ 0000000000000000000000000000000000000000000000000000000000000000000000000000000000000000000000000000000000000000]
store_ln152                (store            ) [ 0000000000000000000000000000000000000000000000000000000000000000000000000000000000000000000000000000000000000000]
store_ln153                (store            ) [ 0000000000000000000000000000000000000000000000000000000000000000000000000000000000000000000000000000000000000000]
bitcast_ln175              (bitcast          ) [ 0000000000000000000000000000000000000000000000000000000000000000000000000000000000000000000000000000000000000000]
tmp_67                     (partselect       ) [ 0000000000000000000000000000000000000000000000000000000000000000000000000000000000000000000000000000000000000000]
trunc_ln175                (trunc            ) [ 0000000000000000000000000000000000000000000000000000000000000000000000000000000000000000000000000000000000000000]
icmp_ln175                 (icmp             ) [ 0000000000000000000000000000000000000000000000000000000000000000000000000000000000000000000000000000000000000000]
icmp_ln175_1               (icmp             ) [ 0000000000000000000000000000000000000000000000000000000000000000000000000000000000000000000000000000000000000000]
or_ln175                   (or               ) [ 0000000000000000000000000000000000000000000000000000000000000000000000000000000000000000000000000000000000000000]
and_ln175                  (and              ) [ 0000000000000000000000000000000000000000000000000000000000000000000000000000000000000000000000000000000000000000]
tmp_68                     (fcmp             ) [ 0000000000000000000000000000000000000000000000000000000000000000000000000000000000000000000000000000000000000000]
and_ln175_1                (and              ) [ 0111000000000000000000000000000000000000000000000000000000000000000000000000000000000000001111111111110000000000]
br_ln175                   (br               ) [ 0000000000000000000000000000000000000000000000000000000000000000000000000000000000000000000000000000000000000000]
bitcast_ln175_1            (bitcast          ) [ 0000000000000000000000000000000000000000000000000000000000000000000000000000000000000000000000000000000000000000]
tmp_70                     (partselect       ) [ 0000000000000000000000000000000000000000000000000000000000000000000000000000000000000000000000000000000000000000]
trunc_ln175_1              (trunc            ) [ 0000000000000000000000000000000000000000000000000000000000000000000000000000000000000000000000000000000000000000]
icmp_ln175_2               (icmp             ) [ 0000000000000000000000000000000000000000000000000000000000000000000000000000000000000000000000000000000000000000]
icmp_ln175_3               (icmp             ) [ 0000000000000000000000000000000000000000000000000000000000000000000000000000000000000000000000000000000000000000]
or_ln175_1                 (or               ) [ 0000000000000000000000000000000000000000000000000000000000000000000000000000000000000000000000000000000000000000]
and_ln175_2                (and              ) [ 0000000000000000000000000000000000000000000000000000000000000000000000000000000000000000000000000000000000000000]
tmp_71                     (fcmp             ) [ 0000000000000000000000000000000000000000000000000000000000000000000000000000000000000000000000000000000000000000]
and_ln175_3                (and              ) [ 0111000000000000000000000000000000000000000000000000000000000000000000000000000000000000001111111111110000000000]
br_ln175                   (br               ) [ 0000000000000000000000000000000000000000000000000000000000000000000000000000000000000000000000000000000000000000]
bitcast_ln175_2            (bitcast          ) [ 0000000000000000000000000000000000000000000000000000000000000000000000000000000000000000000000000000000000000000]
tmp_73                     (partselect       ) [ 0000000000000000000000000000000000000000000000000000000000000000000000000000000000000000000000000000000000000000]
trunc_ln175_2              (trunc            ) [ 0000000000000000000000000000000000000000000000000000000000000000000000000000000000000000000000000000000000000000]
icmp_ln175_4               (icmp             ) [ 0000000000000000000000000000000000000000000000000000000000000000000000000000000000000000000000000000000000000000]
icmp_ln175_5               (icmp             ) [ 0000000000000000000000000000000000000000000000000000000000000000000000000000000000000000000000000000000000000000]
or_ln175_2                 (or               ) [ 0000000000000000000000000000000000000000000000000000000000000000000000000000000000000000000000000000000000000000]
and_ln175_4                (and              ) [ 0000000000000000000000000000000000000000000000000000000000000000000000000000000000000000000000000000000000000000]
tmp_74                     (fcmp             ) [ 0000000000000000000000000000000000000000000000000000000000000000000000000000000000000000000000000000000000000000]
and_ln175_5                (and              ) [ 0111000000000000000000000000000000000000000000000000000000000000000000000000000000000000000011111111111100000000]
br_ln175                   (br               ) [ 0000000000000000000000000000000000000000000000000000000000000000000000000000000000000000000000000000000000000000]
bitcast_ln175_3            (bitcast          ) [ 0000000000000000000000000000000000000000000000000000000000000000000000000000000000000000000000000000000000000000]
tmp_76                     (partselect       ) [ 0000000000000000000000000000000000000000000000000000000000000000000000000000000000000000000000000000000000000000]
trunc_ln175_3              (trunc            ) [ 0000000000000000000000000000000000000000000000000000000000000000000000000000000000000000000000000000000000000000]
icmp_ln175_6               (icmp             ) [ 0000000000000000000000000000000000000000000000000000000000000000000000000000000000000000000000000000000000000000]
icmp_ln175_7               (icmp             ) [ 0000000000000000000000000000000000000000000000000000000000000000000000000000000000000000000000000000000000000000]
or_ln175_3                 (or               ) [ 0000000000000000000000000000000000000000000000000000000000000000000000000000000000000000000000000000000000000000]
and_ln175_6                (and              ) [ 0000000000000000000000000000000000000000000000000000000000000000000000000000000000000000000000000000000000000000]
tmp_77                     (fcmp             ) [ 0000000000000000000000000000000000000000000000000000000000000000000000000000000000000000000000000000000000000000]
and_ln175_7                (and              ) [ 0111000000000000000000000000000000000000000000000000000000000000000000000000000000000000000011111111111100000000]
br_ln175                   (br               ) [ 0000000000000000000000000000000000000000000000000000000000000000000000000000000000000000000000000000000000000000]
empty_78                   (or               ) [ 0000000000000000000000000000000000000000000000000000000000000000000000000000000000000000000000000000000000000000]
empty_79                   (and              ) [ 0000000000000000000000000000000000000000000000000000000000000000000000000000000000000000000000000000000000000000]
tmp_66                     (fcmp             ) [ 0000000000000000000000000000000000000000000000000000000000000000000000000000000000000000000000000000000000000000]
empty_80                   (and              ) [ 0111000000000000000000000000000000000000000000000000000000000000000000000000000000000000000001111111111111111111]
br_ln167                   (br               ) [ 0000000000000000000000000000000000000000000000000000000000000000000000000000000000000000000000000000000000000000]
sub6                       (fsub             ) [ 0111000000000000000000000000000000000000000000000000000000000000000000000000000000000000000000001111000000000000]
sub7                       (fsub             ) [ 0111000000000000000000000000000000000000000000000000000000000000000000000000000000000000000000000111100000000000]
sub400_1                   (fsub             ) [ 0111000000000000000000000000000000000000000000000000000000000000000000000000000000000000000000000111100000000000]
sub400_2                   (fsub             ) [ 0111000000000000000000000000000000000000000000000000000000000000000000000000000000000000000000000001111000000000]
sub400_3                   (fsub             ) [ 0111000000000000000000000000000000000000000000000000000000000000000000000000000000000000000000000001111000000000]
mul7                       (fmul             ) [ 0111000000000000000000000000000000000000000000000000000000000000000000000000000000000000000000000000111100000000]
mul9                       (fmul             ) [ 0010000000000000000000000000000000000000000000000000000000000000000000000000000000000000000000000000010000000000]
mul401_1                   (fmul             ) [ 0010000000000000000000000000000000000000000000000000000000000000000000000000000000000000000000000000010000000000]
store_ln177                (store            ) [ 0000000000000000000000000000000000000000000000000000000000000000000000000000000000000000000000000000000000000000]
br_ln179                   (br               ) [ 0000000000000000000000000000000000000000000000000000000000000000000000000000000000000000000000000000000000000000]
store_ln177                (store            ) [ 0000000000000000000000000000000000000000000000000000000000000000000000000000000000000000000000000000000000000000]
br_ln179                   (br               ) [ 0000000000000000000000000000000000000000000000000000000000000000000000000000000000000000000000000000000000000000]
mul401_2                   (fmul             ) [ 0100000000000000000000000000000000000000000000000000000000000000000000000000000000000000000000000000000100000000]
mul401_3                   (fmul             ) [ 0100000000000000000000000000000000000000000000000000000000000000000000000000000000000000000000000000000100000000]
div7                       (fmul             ) [ 0111000000000000000000000000000000000000000000000000000000000000000000000000000000000000000000000000000011110000]
store_ln177                (store            ) [ 0000000000000000000000000000000000000000000000000000000000000000000000000000000000000000000000000000000000000000]
br_ln179                   (br               ) [ 0000000000000000000000000000000000000000000000000000000000000000000000000000000000000000000000000000000000000000]
store_ln177                (store            ) [ 0000000000000000000000000000000000000000000000000000000000000000000000000000000000000000000000000000000000000000]
br_ln179                   (br               ) [ 0000000000000000000000000000000000000000000000000000000000000000000000000000000000000000000000000000000000000000]
mul8                       (fmul             ) [ 0101000000000000000000000000000000000000000000000000000000000000000000000000000000000000000000000000000000001100]
p_load                     (load             ) [ 0110000000000000000000000000000000000000000000000000000000000000000000000000000000000000000000000000000000000110]
br_ln0                     (br               ) [ 0110000000000000000000000000000000000000000000000000000000000000000000000000000000000000000000000000000000000110]
br_ln167                   (br               ) [ 0110000000000000000000000000000000000000000000000000000000000000000000000000000000000000000000000000000000000110]
tmp_20                     (call             ) [ 0000000000000000000000000000000000000000000000000000000000000000000000000000000000000000000000000000000000000000]
sext_ln169                 (sext             ) [ 0000000000000000000000000000000000000000000000000000000000000000000000000000000000000000000000000000000000000000]
trunc_ln                   (partselect       ) [ 0000000000000000000000000000000000000000000000000000000000000000000000000000000000000000000000000000000000000000]
add_ln168                  (add              ) [ 0000000000000000000000000000000000000000000000000000000000000000000000000000000000000000000000000000000000000000]
tmp_69                     (partselect       ) [ 0000000000000000000000000000000000000000000000000000000000000000000000000000000000000000000000000000000000000000]
trunc_ln168                (trunc            ) [ 0000000000000000000000000000000000000000000000000000000000000000000000000000000000000000000000000000000000000000]
or_ln2                     (bitconcatenate   ) [ 0110000000000000000000000000000000000000000000000000000000000000000000000000000000000000000000000000000000000110]
br_ln170                   (br               ) [ 0110000000000000000000000000000000000000000000000000000000000000000000000000000000000000000000000000000000000110]
tmp_21                     (call             ) [ 0010000000000000000000000000000000000000000000000000000000000000000000000000000000000000000000000000000000000010]
empty_76                   (phi              ) [ 0010000000000000000000000000000000000000000000000000000000000000000000000000000000000000000000000000000000000010]
br_ln0                     (br               ) [ 0000000000000000000000000000000000000000000000000000000000000000000000000000000000000000000000000000000000000000]
br_ln167                   (br               ) [ 0000000000000000000000000000000000000000000000000000000000000000000000000000000000000000000000000000000000000000]
sext_ln169_1               (sext             ) [ 0000000000000000000000000000000000000000000000000000000000000000000000000000000000000000000000000000000000000000]
trunc_ln168_1              (partselect       ) [ 0000000000000000000000000000000000000000000000000000000000000000000000000000000000000000000000000000000000000000]
add_ln168_1                (add              ) [ 0000000000000000000000000000000000000000000000000000000000000000000000000000000000000000000000000000000000000000]
tmp_72                     (partselect       ) [ 0000000000000000000000000000000000000000000000000000000000000000000000000000000000000000000000000000000000000000]
trunc_ln168_4              (trunc            ) [ 0000000000000000000000000000000000000000000000000000000000000000000000000000000000000000000000000000000000000000]
or_ln168_1                 (bitconcatenate   ) [ 0000000000000000000000000000000000000000000000000000000000000000000000000000000000000000000000000000000000000000]
br_ln170                   (br               ) [ 0000000000000000000000000000000000000000000000000000000000000000000000000000000000000000000000000000000000000000]
empty_75                   (phi              ) [ 0011000000000000000000000000000000000000000000000000000000000000000000000000000000000000000000000000000000000011]
br_ln163                   (br               ) [ 0000000000000000000000000000000000000000000000000000000000000000000000000000000000000000000000000000000000000000]
br_ln0                     (br               ) [ 0011000000000000000000000000000000000000000000000000000000000000000000000000000000000000000000000000000000000011]
br_ln167                   (br               ) [ 0011000000000000000000000000000000000000000000000000000000000000000000000000000000000000000000000000000000000011]
tmp_22                     (call             ) [ 0000000000000000000000000000000000000000000000000000000000000000000000000000000000000000000000000000000000000000]
sext_ln169_2               (sext             ) [ 0000000000000000000000000000000000000000000000000000000000000000000000000000000000000000000000000000000000000000]
trunc_ln168_2              (partselect       ) [ 0000000000000000000000000000000000000000000000000000000000000000000000000000000000000000000000000000000000000000]
add_ln168_2                (add              ) [ 0001000000000000000000000000000000000000000000000000000000000000000000000000000000000000000000000000000000000001]
tmp_23                     (call             ) [ 0001000000000000000000000000000000000000000000000000000000000000000000000000000000000000000000000000000000000001]
tmp_75                     (partselect       ) [ 0000000000000000000000000000000000000000000000000000000000000000000000000000000000000000000000000000000000000000]
trunc_ln168_5              (trunc            ) [ 0000000000000000000000000000000000000000000000000000000000000000000000000000000000000000000000000000000000000000]
or_ln168_2                 (bitconcatenate   ) [ 0000000000000000000000000000000000000000000000000000000000000000000000000000000000000000000000000000000000000000]
br_ln170                   (br               ) [ 0000000000000000000000000000000000000000000000000000000000000000000000000000000000000000000000000000000000000000]
empty_74                   (phi              ) [ 0001000000000000000000000000000000000000000000000000000000000000000000000000000000000000000000000000000000000001]
store_ln168                (store            ) [ 0000000000000000000000000000000000000000000000000000000000000000000000000000000000000000000000000000000000000000]
br_ln0                     (br               ) [ 0000000000000000000000000000000000000000000000000000000000000000000000000000000000000000000000000000000000000000]
store_ln168                (store            ) [ 0000000000000000000000000000000000000000000000000000000000000000000000000000000000000000000000000000000000000000]
br_ln167                   (br               ) [ 0000000000000000000000000000000000000000000000000000000000000000000000000000000000000000000000000000000000000000]
sext_ln169_3               (sext             ) [ 0000000000000000000000000000000000000000000000000000000000000000000000000000000000000000000000000000000000000000]
trunc_ln168_3              (partselect       ) [ 0000000000000000000000000000000000000000000000000000000000000000000000000000000000000000000000000000000000000000]
add_ln168_3                (add              ) [ 0000000000000000000000000000000000000000000000000000000000000000000000000000000000000000000000000000000000000000]
tmp_78                     (partselect       ) [ 0000000000000000000000000000000000000000000000000000000000000000000000000000000000000000000000000000000000000000]
trunc_ln168_6              (trunc            ) [ 0000000000000000000000000000000000000000000000000000000000000000000000000000000000000000000000000000000000000000]
or_ln168_3                 (bitconcatenate   ) [ 0000000000000000000000000000000000000000000000000000000000000000000000000000000000000000000000000000000000000000]
store_ln168                (store            ) [ 0000000000000000000000000000000000000000000000000000000000000000000000000000000000000000000000000000000000000000]
br_ln170                   (br               ) [ 0000000000000000000000000000000000000000000000000000000000000000000000000000000000000000000000000000000000000000]
write_ln168                (write            ) [ 0000000000000000000000000000000000000000000000000000000000000000000000000000000000000000000000000000000000000000]
ret_ln0                    (ret              ) [ 0000000000000000000000000000000000000000000000000000000000000000000000000000000000000000000000000000000000000000]
</LifeTime>

<model>

<comp_list>
<comp id="0" class="1000" name="empty">
<pin_list>
<pin id="1" dir="1" index="0" bw="1" slack="0"/>
</pin_list>
<bind>
<StgValue><ssdm name="empty"/></StgValue>
</bind>
</comp>

<comp id="2" class="1000" name="p_ground">
<pin_list>
<pin id="3" dir="1" index="0" bw="1" slack="0"/>
</pin_list>
<bind>
<StgValue><ssdm name="p_ground"/><MemPortTyVec>1 1 </MemPortTyVec>
</StgValue>
</bind>
</comp>

<comp id="4" class="1000" name="spillage_flag">
<pin_list>
<pin id="5" dir="1" index="0" bw="1" slack="0"/>
</pin_list>
<bind>
<StgValue><ssdm name="spillage_flag"/><MemPortTyVec>0 3 </MemPortTyVec>
</StgValue>
</bind>
</comp>

<comp id="6" class="1000" name="spillage_level">
<pin_list>
<pin id="7" dir="1" index="0" bw="1" slack="0"/>
</pin_list>
<bind>
<StgValue><ssdm name="spillage_level"/><MemPortTyVec>0 3 </MemPortTyVec>
</StgValue>
</bind>
</comp>

<comp id="8" class="1000" name="water_level">
<pin_list>
<pin id="9" dir="1" index="0" bw="1" slack="0"/>
</pin_list>
<bind>
<StgValue><ssdm name="water_level"/><MemPortTyVec>1 1 3 3 3 3 3 3 3 3 3 3 3 3 3 3 3 </MemPortTyVec>
</StgValue>
</bind>
</comp>

<comp id="10" class="1000" name="water_level_1">
<pin_list>
<pin id="11" dir="1" index="0" bw="1" slack="0"/>
</pin_list>
<bind>
<StgValue><ssdm name="water_level_1"/><MemPortTyVec>1 1 3 3 3 3 3 3 3 3 3 3 3 3 3 3 3 </MemPortTyVec>
</StgValue>
</bind>
</comp>

<comp id="12" class="1000" name="water_level_2">
<pin_list>
<pin id="13" dir="1" index="0" bw="1" slack="0"/>
</pin_list>
<bind>
<StgValue><ssdm name="water_level_2"/><MemPortTyVec>1 1 3 3 3 3 3 3 3 3 3 3 3 3 3 3 3 </MemPortTyVec>
</StgValue>
</bind>
</comp>

<comp id="14" class="1000" name="spillage_from_neigh">
<pin_list>
<pin id="15" dir="1" index="0" bw="1" slack="0"/>
</pin_list>
<bind>
<StgValue><ssdm name="spillage_from_neigh"/><MemPortTyVec>0 3 </MemPortTyVec>
</StgValue>
</bind>
</comp>

<comp id="16" class="1000" name="spillage_from_neigh_1">
<pin_list>
<pin id="17" dir="1" index="0" bw="1" slack="0"/>
</pin_list>
<bind>
<StgValue><ssdm name="spillage_from_neigh_1"/><MemPortTyVec>0 3 </MemPortTyVec>
</StgValue>
</bind>
</comp>

<comp id="18" class="1000" name="spillage_from_neigh_2">
<pin_list>
<pin id="19" dir="1" index="0" bw="1" slack="0"/>
</pin_list>
<bind>
<StgValue><ssdm name="spillage_from_neigh_2"/><MemPortTyVec>0 3 </MemPortTyVec>
</StgValue>
</bind>
</comp>

<comp id="20" class="1000" name="spillage_from_neigh_3">
<pin_list>
<pin id="21" dir="1" index="0" bw="1" slack="0"/>
</pin_list>
<bind>
<StgValue><ssdm name="spillage_from_neigh_3"/><MemPortTyVec>0 3 </MemPortTyVec>
</StgValue>
</bind>
</comp>

<comp id="22" class="1000" name="p_out">
<pin_list>
<pin id="23" dir="1" index="0" bw="1" slack="0"/>
</pin_list>
<bind>
<StgValue><ssdm name="p_out"/></StgValue>
</bind>
</comp>

<comp id="24" class="1001" name="const_24">
<pin_list>
<pin id="25" dir="1" index="0" bw="1" slack="0"/>
</pin_list>
<bind>
<StgValue><ssdm name=""/></StgValue>
</bind>
</comp>

<comp id="26" class="1001" name="const_26">
<pin_list>
<pin id="27" dir="1" index="0" bw="1" slack="2147483647"/>
</pin_list>
<bind>
<StgValue><ssdm name="_ssdm_op_SpecInterface"/></StgValue>
</bind>
</comp>

<comp id="28" class="1001" name="const_28">
<pin_list>
<pin id="29" dir="1" index="0" bw="1" slack="2147483647"/>
</pin_list>
<bind>
<StgValue><ssdm name="empty_4"/></StgValue>
</bind>
</comp>

<comp id="30" class="1001" name="const_30">
<pin_list>
<pin id="31" dir="1" index="0" bw="1" slack="0"/>
</pin_list>
<bind>
<StgValue><ssdm name=""/></StgValue>
</bind>
</comp>

<comp id="32" class="1001" name="const_32">
<pin_list>
<pin id="33" dir="1" index="0" bw="1" slack="2147483647"/>
</pin_list>
<bind>
<StgValue><ssdm name="empty_3"/></StgValue>
</bind>
</comp>

<comp id="34" class="1001" name="const_34">
<pin_list>
<pin id="35" dir="1" index="0" bw="1" slack="2147483647"/>
</pin_list>
<bind>
<StgValue><ssdm name=""/></StgValue>
</bind>
</comp>

<comp id="36" class="1001" name="const_36">
<pin_list>
<pin id="37" dir="1" index="0" bw="1" slack="0"/>
</pin_list>
<bind>
<StgValue><ssdm name="_ssdm_op_Read.ap_auto.i416"/></StgValue>
</bind>
</comp>

<comp id="38" class="1001" name="const_38">
<pin_list>
<pin id="39" dir="1" index="0" bw="1" slack="0"/>
</pin_list>
<bind>
<StgValue><ssdm name=""/></StgValue>
</bind>
</comp>

<comp id="40" class="1001" name="const_40">
<pin_list>
<pin id="41" dir="1" index="0" bw="1" slack="0"/>
</pin_list>
<bind>
<StgValue><ssdm name=""/></StgValue>
</bind>
</comp>

<comp id="42" class="1001" name="const_42">
<pin_list>
<pin id="43" dir="1" index="0" bw="1" slack="0"/>
</pin_list>
<bind>
<StgValue><ssdm name=""/></StgValue>
</bind>
</comp>

<comp id="44" class="1001" name="const_44">
<pin_list>
<pin id="45" dir="1" index="0" bw="1" slack="0"/>
</pin_list>
<bind>
<StgValue><ssdm name=""/></StgValue>
</bind>
</comp>

<comp id="46" class="1001" name="const_46">
<pin_list>
<pin id="47" dir="1" index="0" bw="1" slack="0"/>
</pin_list>
<bind>
<StgValue><ssdm name=""/></StgValue>
</bind>
</comp>

<comp id="48" class="1001" name="const_48">
<pin_list>
<pin id="49" dir="1" index="0" bw="1" slack="0"/>
</pin_list>
<bind>
<StgValue><ssdm name=""/></StgValue>
</bind>
</comp>

<comp id="50" class="1001" name="const_50">
<pin_list>
<pin id="51" dir="1" index="0" bw="1" slack="0"/>
</pin_list>
<bind>
<StgValue><ssdm name="_ssdm_op_BitConcatenate.i12.i7.i5"/></StgValue>
</bind>
</comp>

<comp id="52" class="1001" name="const_52">
<pin_list>
<pin id="53" dir="1" index="0" bw="1" slack="0"/>
</pin_list>
<bind>
<StgValue><ssdm name=""/></StgValue>
</bind>
</comp>

<comp id="54" class="1001" name="const_54">
<pin_list>
<pin id="55" dir="1" index="0" bw="1" slack="0"/>
</pin_list>
<bind>
<StgValue><ssdm name="_ssdm_op_BitConcatenate.i8.i7.i1"/></StgValue>
</bind>
</comp>

<comp id="56" class="1001" name="const_56">
<pin_list>
<pin id="57" dir="1" index="0" bw="1" slack="0"/>
</pin_list>
<bind>
<StgValue><ssdm name=""/></StgValue>
</bind>
</comp>

<comp id="58" class="1001" name="const_58">
<pin_list>
<pin id="59" dir="1" index="0" bw="1" slack="0"/>
</pin_list>
<bind>
<StgValue><ssdm name=""/></StgValue>
</bind>
</comp>

<comp id="60" class="1001" name="const_60">
<pin_list>
<pin id="61" dir="1" index="0" bw="1" slack="0"/>
</pin_list>
<bind>
<StgValue><ssdm name="_ssdm_op_PartSelect.i6.i15.i32.i32"/></StgValue>
</bind>
</comp>

<comp id="62" class="1001" name="const_62">
<pin_list>
<pin id="63" dir="1" index="0" bw="1" slack="0"/>
</pin_list>
<bind>
<StgValue><ssdm name=""/></StgValue>
</bind>
</comp>

<comp id="64" class="1001" name="const_64">
<pin_list>
<pin id="65" dir="1" index="0" bw="1" slack="0"/>
</pin_list>
<bind>
<StgValue><ssdm name=""/></StgValue>
</bind>
</comp>

<comp id="66" class="1001" name="const_66">
<pin_list>
<pin id="67" dir="1" index="0" bw="1" slack="0"/>
</pin_list>
<bind>
<StgValue><ssdm name=""/></StgValue>
</bind>
</comp>

<comp id="68" class="1001" name="const_68">
<pin_list>
<pin id="69" dir="1" index="0" bw="1" slack="0"/>
</pin_list>
<bind>
<StgValue><ssdm name=""/></StgValue>
</bind>
</comp>

<comp id="70" class="1001" name="const_70">
<pin_list>
<pin id="71" dir="1" index="0" bw="1" slack="0"/>
</pin_list>
<bind>
<StgValue><ssdm name=""/></StgValue>
</bind>
</comp>

<comp id="72" class="1001" name="const_72">
<pin_list>
<pin id="73" dir="1" index="0" bw="1" slack="0"/>
</pin_list>
<bind>
<StgValue><ssdm name="_ssdm_op_BitConcatenate.i9.i8.i1"/></StgValue>
</bind>
</comp>

<comp id="74" class="1001" name="const_74">
<pin_list>
<pin id="75" dir="1" index="0" bw="1" slack="0"/>
</pin_list>
<bind>
<StgValue><ssdm name="_ssdm_op_SparseMux.ap_auto.3i32.i32.i2"/></StgValue>
</bind>
</comp>

<comp id="76" class="1001" name="const_76">
<pin_list>
<pin id="77" dir="1" index="0" bw="1" slack="0"/>
</pin_list>
<bind>
<StgValue><ssdm name=""/></StgValue>
</bind>
</comp>

<comp id="78" class="1001" name="const_78">
<pin_list>
<pin id="79" dir="1" index="0" bw="1" slack="0"/>
</pin_list>
<bind>
<StgValue><ssdm name=""/></StgValue>
</bind>
</comp>

<comp id="80" class="1001" name="const_80">
<pin_list>
<pin id="81" dir="1" index="0" bw="1" slack="0"/>
</pin_list>
<bind>
<StgValue><ssdm name=""/></StgValue>
</bind>
</comp>

<comp id="82" class="1001" name="const_82">
<pin_list>
<pin id="83" dir="1" index="0" bw="1" slack="0"/>
</pin_list>
<bind>
<StgValue><ssdm name=""/></StgValue>
</bind>
</comp>

<comp id="84" class="1001" name="const_84">
<pin_list>
<pin id="85" dir="1" index="0" bw="1" slack="0"/>
</pin_list>
<bind>
<StgValue><ssdm name=""/></StgValue>
</bind>
</comp>

<comp id="86" class="1001" name="const_86">
<pin_list>
<pin id="87" dir="1" index="0" bw="1" slack="0"/>
</pin_list>
<bind>
<StgValue><ssdm name="_ssdm_op_PartSelect.i12.i65.i32.i32"/></StgValue>
</bind>
</comp>

<comp id="88" class="1001" name="const_88">
<pin_list>
<pin id="89" dir="1" index="0" bw="1" slack="0"/>
</pin_list>
<bind>
<StgValue><ssdm name=""/></StgValue>
</bind>
</comp>

<comp id="90" class="1001" name="const_90">
<pin_list>
<pin id="91" dir="1" index="0" bw="1" slack="0"/>
</pin_list>
<bind>
<StgValue><ssdm name=""/></StgValue>
</bind>
</comp>

<comp id="92" class="1001" name="const_92">
<pin_list>
<pin id="93" dir="1" index="0" bw="1" slack="0"/>
</pin_list>
<bind>
<StgValue><ssdm name=""/></StgValue>
</bind>
</comp>

<comp id="94" class="1001" name="const_94">
<pin_list>
<pin id="95" dir="1" index="0" bw="1" slack="0"/>
</pin_list>
<bind>
<StgValue><ssdm name=""/></StgValue>
</bind>
</comp>

<comp id="96" class="1001" name="const_96">
<pin_list>
<pin id="97" dir="1" index="0" bw="1" slack="0"/>
</pin_list>
<bind>
<StgValue><ssdm name=""/></StgValue>
</bind>
</comp>

<comp id="98" class="1001" name="const_98">
<pin_list>
<pin id="99" dir="1" index="0" bw="1" slack="0"/>
</pin_list>
<bind>
<StgValue><ssdm name=""/></StgValue>
</bind>
</comp>

<comp id="100" class="1001" name="const_100">
<pin_list>
<pin id="101" dir="1" index="0" bw="1" slack="2147483647"/>
</pin_list>
<bind>
<StgValue><ssdm name="_ssdm_op_SpecLoopName"/></StgValue>
</bind>
</comp>

<comp id="102" class="1001" name="const_102">
<pin_list>
<pin id="103" dir="1" index="0" bw="1" slack="2147483647"/>
</pin_list>
<bind>
<StgValue><ssdm name="VITIS_LOOP_109_9_VITIS_LOOP_110_10_str"/></StgValue>
</bind>
</comp>

<comp id="104" class="1001" name="const_104">
<pin_list>
<pin id="105" dir="1" index="0" bw="1" slack="2147483647"/>
</pin_list>
<bind>
<StgValue><ssdm name="_ssdm_op_SpecLoopTripCount"/></StgValue>
</bind>
</comp>

<comp id="106" class="1001" name="const_106">
<pin_list>
<pin id="107" dir="1" index="0" bw="1" slack="2147483647"/>
</pin_list>
<bind>
<StgValue><ssdm name=""/></StgValue>
</bind>
</comp>

<comp id="108" class="1001" name="const_108">
<pin_list>
<pin id="109" dir="1" index="0" bw="1" slack="2147483647"/>
</pin_list>
<bind>
<StgValue><ssdm name="_ssdm_op_SpecPipeline"/></StgValue>
</bind>
</comp>

<comp id="110" class="1001" name="const_110">
<pin_list>
<pin id="111" dir="1" index="0" bw="1" slack="0"/>
</pin_list>
<bind>
<StgValue><ssdm name="_ssdm_op_PartSelect.i8.i32.i32.i32"/></StgValue>
</bind>
</comp>

<comp id="112" class="1001" name="const_112">
<pin_list>
<pin id="113" dir="1" index="0" bw="1" slack="0"/>
</pin_list>
<bind>
<StgValue><ssdm name=""/></StgValue>
</bind>
</comp>

<comp id="114" class="1001" name="const_114">
<pin_list>
<pin id="115" dir="1" index="0" bw="1" slack="0"/>
</pin_list>
<bind>
<StgValue><ssdm name=""/></StgValue>
</bind>
</comp>

<comp id="116" class="1001" name="const_116">
<pin_list>
<pin id="117" dir="1" index="0" bw="1" slack="0"/>
</pin_list>
<bind>
<StgValue><ssdm name=""/></StgValue>
</bind>
</comp>

<comp id="118" class="1001" name="const_118">
<pin_list>
<pin id="119" dir="1" index="0" bw="1" slack="0"/>
</pin_list>
<bind>
<StgValue><ssdm name=""/></StgValue>
</bind>
</comp>

<comp id="120" class="1001" name="const_120">
<pin_list>
<pin id="121" dir="1" index="0" bw="1" slack="0"/>
</pin_list>
<bind>
<StgValue><ssdm name="_ssdm_op_PartSelect.i11.i64.i32.i32"/></StgValue>
</bind>
</comp>

<comp id="122" class="1001" name="const_122">
<pin_list>
<pin id="123" dir="1" index="0" bw="1" slack="0"/>
</pin_list>
<bind>
<StgValue><ssdm name=""/></StgValue>
</bind>
</comp>

<comp id="124" class="1001" name="const_124">
<pin_list>
<pin id="125" dir="1" index="0" bw="1" slack="0"/>
</pin_list>
<bind>
<StgValue><ssdm name=""/></StgValue>
</bind>
</comp>

<comp id="126" class="1001" name="const_126">
<pin_list>
<pin id="127" dir="1" index="0" bw="1" slack="0"/>
</pin_list>
<bind>
<StgValue><ssdm name=""/></StgValue>
</bind>
</comp>

<comp id="128" class="1001" name="const_128">
<pin_list>
<pin id="129" dir="1" index="0" bw="1" slack="0"/>
</pin_list>
<bind>
<StgValue><ssdm name=""/></StgValue>
</bind>
</comp>

<comp id="130" class="1001" name="const_130">
<pin_list>
<pin id="131" dir="1" index="0" bw="1" slack="0"/>
</pin_list>
<bind>
<StgValue><ssdm name=""/></StgValue>
</bind>
</comp>

<comp id="132" class="1001" name="const_132">
<pin_list>
<pin id="133" dir="1" index="0" bw="1" slack="0"/>
</pin_list>
<bind>
<StgValue><ssdm name=""/></StgValue>
</bind>
</comp>

<comp id="134" class="1001" name="const_134">
<pin_list>
<pin id="135" dir="1" index="0" bw="1" slack="0"/>
</pin_list>
<bind>
<StgValue><ssdm name=""/></StgValue>
</bind>
</comp>

<comp id="136" class="1001" name="const_136">
<pin_list>
<pin id="137" dir="1" index="0" bw="1" slack="0"/>
</pin_list>
<bind>
<StgValue><ssdm name="__hls_fptosi_float_i32"/></StgValue>
</bind>
</comp>

<comp id="138" class="1001" name="const_138">
<pin_list>
<pin id="139" dir="1" index="0" bw="1" slack="0"/>
</pin_list>
<bind>
<StgValue><ssdm name="_ssdm_op_PartSelect.i64.i416.i32.i32"/></StgValue>
</bind>
</comp>

<comp id="140" class="1001" name="const_140">
<pin_list>
<pin id="141" dir="1" index="0" bw="1" slack="0"/>
</pin_list>
<bind>
<StgValue><ssdm name=""/></StgValue>
</bind>
</comp>

<comp id="142" class="1001" name="const_142">
<pin_list>
<pin id="143" dir="1" index="0" bw="1" slack="0"/>
</pin_list>
<bind>
<StgValue><ssdm name=""/></StgValue>
</bind>
</comp>

<comp id="144" class="1001" name="const_144">
<pin_list>
<pin id="145" dir="1" index="0" bw="1" slack="0"/>
</pin_list>
<bind>
<StgValue><ssdm name=""/></StgValue>
</bind>
</comp>

<comp id="146" class="1001" name="const_146">
<pin_list>
<pin id="147" dir="1" index="0" bw="1" slack="0"/>
</pin_list>
<bind>
<StgValue><ssdm name=""/></StgValue>
</bind>
</comp>

<comp id="148" class="1001" name="const_148">
<pin_list>
<pin id="149" dir="1" index="0" bw="1" slack="0"/>
</pin_list>
<bind>
<StgValue><ssdm name="_ssdm_op_BitConcatenate.i416.i64.i64.i288"/></StgValue>
</bind>
</comp>

<comp id="150" class="1001" name="const_150">
<pin_list>
<pin id="151" dir="1" index="0" bw="1" slack="0"/>
</pin_list>
<bind>
<StgValue><ssdm name="_ssdm_op_Write.ap_auto.i416P0A"/></StgValue>
</bind>
</comp>

<comp id="152" class="1004" name="new_col_fu_152">
<pin_list>
<pin id="153" dir="0" index="0" bw="1" slack="0"/>
<pin id="154" dir="1" index="1" bw="7" slack="0"/>
</pin_list>
<bind>
<opcode="alloca(26) " fcode="alloca"/>
<opset="new_col/1 "/>
</bind>
</comp>

<comp id="156" class="1004" name="new_row_2_fu_156">
<pin_list>
<pin id="157" dir="0" index="0" bw="1" slack="0"/>
<pin id="158" dir="1" index="1" bw="7" slack="0"/>
</pin_list>
<bind>
<opcode="alloca(26) " fcode="alloca"/>
<opset="new_row_2/1 "/>
</bind>
</comp>

<comp id="160" class="1004" name="indvar_flatten9_fu_160">
<pin_list>
<pin id="161" dir="0" index="0" bw="1" slack="0"/>
<pin id="162" dir="1" index="1" bw="13" slack="0"/>
</pin_list>
<bind>
<opcode="alloca(26) " fcode="alloca"/>
<opset="indvar_flatten9/1 "/>
</bind>
</comp>

<comp id="164" class="1004" name="empty_71_fu_164">
<pin_list>
<pin id="165" dir="0" index="0" bw="1" slack="0"/>
<pin id="166" dir="1" index="1" bw="416" slack="0"/>
</pin_list>
<bind>
<opcode="alloca(26) " fcode="alloca"/>
<opset="empty_71/1 "/>
</bind>
</comp>

<comp id="168" class="1004" name="tmp_read_fu_168">
<pin_list>
<pin id="169" dir="0" index="0" bw="416" slack="0"/>
<pin id="170" dir="0" index="1" bw="416" slack="0"/>
<pin id="171" dir="1" index="2" bw="416" slack="0"/>
</pin_list>
<bind>
<opcode="read(1150) " fcode="read"/>
<opset="tmp/1 "/>
</bind>
</comp>

<comp id="174" class="1004" name="write_ln168_write_fu_174">
<pin_list>
<pin id="175" dir="0" index="0" bw="0" slack="0"/>
<pin id="176" dir="0" index="1" bw="416" slack="0"/>
<pin id="177" dir="0" index="2" bw="416" slack="0"/>
<pin id="178" dir="1" index="3" bw="0" slack="2147483647"/>
</pin_list>
<bind>
<opcode="write(1151) " fcode="write"/>
<opset="write_ln168/109 "/>
</bind>
</comp>

<comp id="181" class="1004" name="water_level_addr_gep_fu_181">
<pin_list>
<pin id="182" dir="0" index="0" bw="32" slack="0"/>
<pin id="183" dir="0" index="1" bw="1" slack="0"/>
<pin id="184" dir="0" index="2" bw="12" slack="0"/>
<pin id="185" dir="1" index="3" bw="12" slack="0"/>
</pin_list>
<bind>
<opcode="getelementptr(29) " fcode="getelementptr"/>
<opset="water_level_addr/2 "/>
</bind>
</comp>

<comp id="188" class="1004" name="water_level_1_addr_gep_fu_188">
<pin_list>
<pin id="189" dir="0" index="0" bw="32" slack="0"/>
<pin id="190" dir="0" index="1" bw="1" slack="0"/>
<pin id="191" dir="0" index="2" bw="12" slack="0"/>
<pin id="192" dir="1" index="3" bw="12" slack="0"/>
</pin_list>
<bind>
<opcode="getelementptr(29) " fcode="getelementptr"/>
<opset="water_level_1_addr/2 "/>
</bind>
</comp>

<comp id="195" class="1004" name="water_level_2_addr_gep_fu_195">
<pin_list>
<pin id="196" dir="0" index="0" bw="32" slack="0"/>
<pin id="197" dir="0" index="1" bw="1" slack="0"/>
<pin id="198" dir="0" index="2" bw="12" slack="0"/>
<pin id="199" dir="1" index="3" bw="12" slack="0"/>
</pin_list>
<bind>
<opcode="getelementptr(29) " fcode="getelementptr"/>
<opset="water_level_2_addr/2 "/>
</bind>
</comp>

<comp id="202" class="1004" name="grp_access_fu_202">
<pin_list>
<pin id="203" dir="0" index="0" bw="12" slack="0"/>
<pin id="204" dir="0" index="1" bw="32" slack="2147483647"/>
<pin id="205" dir="0" index="2" bw="0" slack="0"/>
<pin id="207" dir="0" index="4" bw="12" slack="2147483647"/>
<pin id="208" dir="0" index="5" bw="32" slack="2147483647"/>
<pin id="209" dir="0" index="6" bw="0" slack="2147483647"/>
<pin id="206" dir="1" index="3" bw="32" slack="0"/>
<pin id="210" dir="1" index="7" bw="32" slack="0"/>
</pin_list>
<bind>
<opcode="load(27) " fcode="load"/>
<opset="water_level_load/2 water_level_load_1/11 water_level_load_2/12 water_level_load_4/13 water_level_load_3/15 "/>
</bind>
</comp>

<comp id="212" class="1004" name="grp_access_fu_212">
<pin_list>
<pin id="213" dir="0" index="0" bw="12" slack="0"/>
<pin id="214" dir="0" index="1" bw="32" slack="2147483647"/>
<pin id="215" dir="0" index="2" bw="0" slack="0"/>
<pin id="217" dir="0" index="4" bw="12" slack="2147483647"/>
<pin id="218" dir="0" index="5" bw="32" slack="2147483647"/>
<pin id="219" dir="0" index="6" bw="0" slack="2147483647"/>
<pin id="216" dir="1" index="3" bw="32" slack="0"/>
<pin id="220" dir="1" index="7" bw="32" slack="0"/>
</pin_list>
<bind>
<opcode="load(27) " fcode="load"/>
<opset="water_level_1_load/2 water_level_1_load_1/11 water_level_1_load_2/12 water_level_1_load_4/13 water_level_1_load_3/15 "/>
</bind>
</comp>

<comp id="222" class="1004" name="grp_access_fu_222">
<pin_list>
<pin id="223" dir="0" index="0" bw="12" slack="0"/>
<pin id="224" dir="0" index="1" bw="32" slack="2147483647"/>
<pin id="225" dir="0" index="2" bw="0" slack="0"/>
<pin id="227" dir="0" index="4" bw="12" slack="2147483647"/>
<pin id="228" dir="0" index="5" bw="32" slack="2147483647"/>
<pin id="229" dir="0" index="6" bw="0" slack="2147483647"/>
<pin id="226" dir="1" index="3" bw="32" slack="0"/>
<pin id="230" dir="1" index="7" bw="32" slack="0"/>
</pin_list>
<bind>
<opcode="load(27) " fcode="load"/>
<opset="water_level_2_load/2 water_level_2_load_1/11 water_level_2_load_2/12 water_level_2_load_4/13 water_level_2_load_3/15 "/>
</bind>
</comp>

<comp id="232" class="1004" name="water_level_addr_1_gep_fu_232">
<pin_list>
<pin id="233" dir="0" index="0" bw="32" slack="0"/>
<pin id="234" dir="0" index="1" bw="1" slack="0"/>
<pin id="235" dir="0" index="2" bw="12" slack="0"/>
<pin id="236" dir="1" index="3" bw="12" slack="0"/>
</pin_list>
<bind>
<opcode="getelementptr(29) " fcode="getelementptr"/>
<opset="water_level_addr_1/11 "/>
</bind>
</comp>

<comp id="239" class="1004" name="water_level_1_addr_1_gep_fu_239">
<pin_list>
<pin id="240" dir="0" index="0" bw="32" slack="0"/>
<pin id="241" dir="0" index="1" bw="1" slack="0"/>
<pin id="242" dir="0" index="2" bw="12" slack="0"/>
<pin id="243" dir="1" index="3" bw="12" slack="0"/>
</pin_list>
<bind>
<opcode="getelementptr(29) " fcode="getelementptr"/>
<opset="water_level_1_addr_1/11 "/>
</bind>
</comp>

<comp id="246" class="1004" name="water_level_2_addr_1_gep_fu_246">
<pin_list>
<pin id="247" dir="0" index="0" bw="32" slack="0"/>
<pin id="248" dir="0" index="1" bw="1" slack="0"/>
<pin id="249" dir="0" index="2" bw="12" slack="0"/>
<pin id="250" dir="1" index="3" bw="12" slack="0"/>
</pin_list>
<bind>
<opcode="getelementptr(29) " fcode="getelementptr"/>
<opset="water_level_2_addr_1/11 "/>
</bind>
</comp>

<comp id="256" class="1004" name="water_level_addr_2_gep_fu_256">
<pin_list>
<pin id="257" dir="0" index="0" bw="32" slack="0"/>
<pin id="258" dir="0" index="1" bw="1" slack="0"/>
<pin id="259" dir="0" index="2" bw="12" slack="0"/>
<pin id="260" dir="1" index="3" bw="12" slack="0"/>
</pin_list>
<bind>
<opcode="getelementptr(29) " fcode="getelementptr"/>
<opset="water_level_addr_2/12 "/>
</bind>
</comp>

<comp id="263" class="1004" name="water_level_1_addr_2_gep_fu_263">
<pin_list>
<pin id="264" dir="0" index="0" bw="32" slack="0"/>
<pin id="265" dir="0" index="1" bw="1" slack="0"/>
<pin id="266" dir="0" index="2" bw="12" slack="0"/>
<pin id="267" dir="1" index="3" bw="12" slack="0"/>
</pin_list>
<bind>
<opcode="getelementptr(29) " fcode="getelementptr"/>
<opset="water_level_1_addr_2/12 "/>
</bind>
</comp>

<comp id="270" class="1004" name="water_level_2_addr_2_gep_fu_270">
<pin_list>
<pin id="271" dir="0" index="0" bw="32" slack="0"/>
<pin id="272" dir="0" index="1" bw="1" slack="0"/>
<pin id="273" dir="0" index="2" bw="12" slack="0"/>
<pin id="274" dir="1" index="3" bw="12" slack="0"/>
</pin_list>
<bind>
<opcode="getelementptr(29) " fcode="getelementptr"/>
<opset="water_level_2_addr_2/12 "/>
</bind>
</comp>

<comp id="280" class="1004" name="water_level_addr_4_gep_fu_280">
<pin_list>
<pin id="281" dir="0" index="0" bw="32" slack="0"/>
<pin id="282" dir="0" index="1" bw="1" slack="0"/>
<pin id="283" dir="0" index="2" bw="12" slack="0"/>
<pin id="284" dir="1" index="3" bw="12" slack="0"/>
</pin_list>
<bind>
<opcode="getelementptr(29) " fcode="getelementptr"/>
<opset="water_level_addr_4/13 "/>
</bind>
</comp>

<comp id="287" class="1004" name="water_level_1_addr_4_gep_fu_287">
<pin_list>
<pin id="288" dir="0" index="0" bw="32" slack="0"/>
<pin id="289" dir="0" index="1" bw="1" slack="0"/>
<pin id="290" dir="0" index="2" bw="12" slack="0"/>
<pin id="291" dir="1" index="3" bw="12" slack="0"/>
</pin_list>
<bind>
<opcode="getelementptr(29) " fcode="getelementptr"/>
<opset="water_level_1_addr_4/13 "/>
</bind>
</comp>

<comp id="294" class="1004" name="water_level_2_addr_4_gep_fu_294">
<pin_list>
<pin id="295" dir="0" index="0" bw="32" slack="0"/>
<pin id="296" dir="0" index="1" bw="1" slack="0"/>
<pin id="297" dir="0" index="2" bw="12" slack="0"/>
<pin id="298" dir="1" index="3" bw="12" slack="0"/>
</pin_list>
<bind>
<opcode="getelementptr(29) " fcode="getelementptr"/>
<opset="water_level_2_addr_4/13 "/>
</bind>
</comp>

<comp id="304" class="1004" name="water_level_addr_3_gep_fu_304">
<pin_list>
<pin id="305" dir="0" index="0" bw="32" slack="0"/>
<pin id="306" dir="0" index="1" bw="1" slack="0"/>
<pin id="307" dir="0" index="2" bw="12" slack="0"/>
<pin id="308" dir="1" index="3" bw="12" slack="0"/>
</pin_list>
<bind>
<opcode="getelementptr(29) " fcode="getelementptr"/>
<opset="water_level_addr_3/15 "/>
</bind>
</comp>

<comp id="311" class="1004" name="water_level_1_addr_3_gep_fu_311">
<pin_list>
<pin id="312" dir="0" index="0" bw="32" slack="0"/>
<pin id="313" dir="0" index="1" bw="1" slack="0"/>
<pin id="314" dir="0" index="2" bw="12" slack="0"/>
<pin id="315" dir="1" index="3" bw="12" slack="0"/>
</pin_list>
<bind>
<opcode="getelementptr(29) " fcode="getelementptr"/>
<opset="water_level_1_addr_3/15 "/>
</bind>
</comp>

<comp id="318" class="1004" name="water_level_2_addr_3_gep_fu_318">
<pin_list>
<pin id="319" dir="0" index="0" bw="32" slack="0"/>
<pin id="320" dir="0" index="1" bw="1" slack="0"/>
<pin id="321" dir="0" index="2" bw="12" slack="0"/>
<pin id="322" dir="1" index="3" bw="12" slack="0"/>
</pin_list>
<bind>
<opcode="getelementptr(29) " fcode="getelementptr"/>
<opset="water_level_2_addr_3/15 "/>
</bind>
</comp>

<comp id="328" class="1004" name="p_ground_addr_gep_fu_328">
<pin_list>
<pin id="329" dir="0" index="0" bw="32" slack="0"/>
<pin id="330" dir="0" index="1" bw="1" slack="0"/>
<pin id="331" dir="0" index="2" bw="13" slack="0"/>
<pin id="332" dir="1" index="3" bw="13" slack="0"/>
</pin_list>
<bind>
<opcode="getelementptr(29) " fcode="getelementptr"/>
<opset="p_ground_addr/26 "/>
</bind>
</comp>

<comp id="335" class="1004" name="spillage_flag_addr_gep_fu_335">
<pin_list>
<pin id="336" dir="0" index="0" bw="32" slack="0"/>
<pin id="337" dir="0" index="1" bw="1" slack="0"/>
<pin id="338" dir="0" index="2" bw="13" slack="0"/>
<pin id="339" dir="1" index="3" bw="13" slack="64"/>
</pin_list>
<bind>
<opcode="getelementptr(29) " fcode="getelementptr"/>
<opset="spillage_flag_addr/26 "/>
</bind>
</comp>

<comp id="342" class="1004" name="spillage_level_addr_gep_fu_342">
<pin_list>
<pin id="343" dir="0" index="0" bw="32" slack="0"/>
<pin id="344" dir="0" index="1" bw="1" slack="0"/>
<pin id="345" dir="0" index="2" bw="13" slack="0"/>
<pin id="346" dir="1" index="3" bw="13" slack="64"/>
</pin_list>
<bind>
<opcode="getelementptr(29) " fcode="getelementptr"/>
<opset="spillage_level_addr/26 "/>
</bind>
</comp>

<comp id="349" class="1004" name="grp_access_fu_349">
<pin_list>
<pin id="350" dir="0" index="0" bw="13" slack="0"/>
<pin id="351" dir="0" index="1" bw="32" slack="2147483647"/>
<pin id="352" dir="0" index="2" bw="0" slack="0"/>
<pin id="354" dir="0" index="4" bw="13" slack="2147483647"/>
<pin id="355" dir="0" index="5" bw="32" slack="2147483647"/>
<pin id="356" dir="0" index="6" bw="0" slack="2147483647"/>
<pin id="353" dir="1" index="3" bw="32" slack="2"/>
<pin id="357" dir="1" index="7" bw="32" slack="1"/>
</pin_list>
<bind>
<opcode="load(27) " fcode="load"/>
<opset="p_ground_load/26 p_ground_load_1/26 p_ground_load_2/27 p_ground_load_4/28 p_ground_load_3/30 "/>
</bind>
</comp>

<comp id="359" class="1004" name="p_ground_addr_1_gep_fu_359">
<pin_list>
<pin id="360" dir="0" index="0" bw="32" slack="0"/>
<pin id="361" dir="0" index="1" bw="1" slack="0"/>
<pin id="362" dir="0" index="2" bw="13" slack="0"/>
<pin id="363" dir="1" index="3" bw="13" slack="0"/>
</pin_list>
<bind>
<opcode="getelementptr(29) " fcode="getelementptr"/>
<opset="p_ground_addr_1/26 "/>
</bind>
</comp>

<comp id="366" class="1004" name="spillage_from_neigh_addr_gep_fu_366">
<pin_list>
<pin id="367" dir="0" index="0" bw="32" slack="0"/>
<pin id="368" dir="0" index="1" bw="1" slack="0"/>
<pin id="369" dir="0" index="2" bw="13" slack="0"/>
<pin id="370" dir="1" index="3" bw="13" slack="75"/>
</pin_list>
<bind>
<opcode="getelementptr(29) " fcode="getelementptr"/>
<opset="spillage_from_neigh_addr/26 "/>
</bind>
</comp>

<comp id="374" class="1004" name="p_ground_addr_2_gep_fu_374">
<pin_list>
<pin id="375" dir="0" index="0" bw="32" slack="0"/>
<pin id="376" dir="0" index="1" bw="1" slack="0"/>
<pin id="377" dir="0" index="2" bw="13" slack="0"/>
<pin id="378" dir="1" index="3" bw="13" slack="0"/>
</pin_list>
<bind>
<opcode="getelementptr(29) " fcode="getelementptr"/>
<opset="p_ground_addr_2/27 "/>
</bind>
</comp>

<comp id="381" class="1004" name="spillage_from_neigh_1_addr_gep_fu_381">
<pin_list>
<pin id="382" dir="0" index="0" bw="32" slack="0"/>
<pin id="383" dir="0" index="1" bw="1" slack="0"/>
<pin id="384" dir="0" index="2" bw="13" slack="0"/>
<pin id="385" dir="1" index="3" bw="13" slack="74"/>
</pin_list>
<bind>
<opcode="getelementptr(29) " fcode="getelementptr"/>
<opset="spillage_from_neigh_1_addr/27 "/>
</bind>
</comp>

<comp id="389" class="1004" name="p_ground_addr_4_gep_fu_389">
<pin_list>
<pin id="390" dir="0" index="0" bw="32" slack="0"/>
<pin id="391" dir="0" index="1" bw="1" slack="0"/>
<pin id="392" dir="0" index="2" bw="13" slack="0"/>
<pin id="393" dir="1" index="3" bw="13" slack="0"/>
</pin_list>
<bind>
<opcode="getelementptr(29) " fcode="getelementptr"/>
<opset="p_ground_addr_4/28 "/>
</bind>
</comp>

<comp id="396" class="1004" name="spillage_from_neigh_3_addr_gep_fu_396">
<pin_list>
<pin id="397" dir="0" index="0" bw="32" slack="0"/>
<pin id="398" dir="0" index="1" bw="1" slack="0"/>
<pin id="399" dir="0" index="2" bw="13" slack="0"/>
<pin id="400" dir="1" index="3" bw="13" slack="75"/>
</pin_list>
<bind>
<opcode="getelementptr(29) " fcode="getelementptr"/>
<opset="spillage_from_neigh_3_addr/28 "/>
</bind>
</comp>

<comp id="404" class="1004" name="p_ground_addr_3_gep_fu_404">
<pin_list>
<pin id="405" dir="0" index="0" bw="32" slack="0"/>
<pin id="406" dir="0" index="1" bw="1" slack="0"/>
<pin id="407" dir="0" index="2" bw="13" slack="0"/>
<pin id="408" dir="1" index="3" bw="13" slack="0"/>
</pin_list>
<bind>
<opcode="getelementptr(29) " fcode="getelementptr"/>
<opset="p_ground_addr_3/30 "/>
</bind>
</comp>

<comp id="411" class="1004" name="spillage_from_neigh_2_addr_gep_fu_411">
<pin_list>
<pin id="412" dir="0" index="0" bw="32" slack="0"/>
<pin id="413" dir="0" index="1" bw="1" slack="0"/>
<pin id="414" dir="0" index="2" bw="13" slack="0"/>
<pin id="415" dir="1" index="3" bw="13" slack="73"/>
</pin_list>
<bind>
<opcode="getelementptr(29) " fcode="getelementptr"/>
<opset="spillage_from_neigh_2_addr/30 "/>
</bind>
</comp>

<comp id="419" class="1004" name="store_ln152_access_fu_419">
<pin_list>
<pin id="420" dir="0" index="0" bw="13" slack="64"/>
<pin id="421" dir="0" index="1" bw="32" slack="0"/>
<pin id="422" dir="0" index="2" bw="0" slack="2147483647"/>
<pin id="423" dir="1" index="3" bw="32" slack="2147483647"/>
</pin_list>
<bind>
<opcode="store(28) " fcode="store"/>
<opset="store_ln152/90 "/>
</bind>
</comp>

<comp id="425" class="1004" name="store_ln153_access_fu_425">
<pin_list>
<pin id="426" dir="0" index="0" bw="13" slack="64"/>
<pin id="427" dir="0" index="1" bw="32" slack="38"/>
<pin id="428" dir="0" index="2" bw="0" slack="2147483647"/>
<pin id="429" dir="1" index="3" bw="32" slack="2147483647"/>
</pin_list>
<bind>
<opcode="store(28) " fcode="store"/>
<opset="store_ln153/90 "/>
</bind>
</comp>

<comp id="430" class="1004" name="store_ln177_access_fu_430">
<pin_list>
<pin id="431" dir="0" index="0" bw="13" slack="75"/>
<pin id="432" dir="0" index="1" bw="32" slack="1"/>
<pin id="433" dir="0" index="2" bw="0" slack="2147483647"/>
<pin id="434" dir="1" index="3" bw="32" slack="2147483647"/>
</pin_list>
<bind>
<opcode="store(28) " fcode="store"/>
<opset="store_ln177/101 "/>
</bind>
</comp>

<comp id="435" class="1004" name="store_ln177_access_fu_435">
<pin_list>
<pin id="436" dir="0" index="0" bw="13" slack="74"/>
<pin id="437" dir="0" index="1" bw="32" slack="1"/>
<pin id="438" dir="0" index="2" bw="0" slack="2147483647"/>
<pin id="439" dir="1" index="3" bw="32" slack="2147483647"/>
</pin_list>
<bind>
<opcode="store(28) " fcode="store"/>
<opset="store_ln177/101 "/>
</bind>
</comp>

<comp id="440" class="1004" name="store_ln177_access_fu_440">
<pin_list>
<pin id="441" dir="0" index="0" bw="13" slack="73"/>
<pin id="442" dir="0" index="1" bw="32" slack="1"/>
<pin id="443" dir="0" index="2" bw="0" slack="2147483647"/>
<pin id="444" dir="1" index="3" bw="32" slack="2147483647"/>
</pin_list>
<bind>
<opcode="store(28) " fcode="store"/>
<opset="store_ln177/103 "/>
</bind>
</comp>

<comp id="445" class="1004" name="store_ln177_access_fu_445">
<pin_list>
<pin id="446" dir="0" index="0" bw="13" slack="75"/>
<pin id="447" dir="0" index="1" bw="32" slack="1"/>
<pin id="448" dir="0" index="2" bw="0" slack="2147483647"/>
<pin id="449" dir="1" index="3" bw="32" slack="2147483647"/>
</pin_list>
<bind>
<opcode="store(28) " fcode="store"/>
<opset="store_ln177/103 "/>
</bind>
</comp>

<comp id="450" class="1005" name="empty_76_reg_450">
<pin_list>
<pin id="451" dir="0" index="0" bw="416" slack="2147483647"/>
<pin id="452" dir="1" index="1" bw="416" slack="2147483647"/>
</pin_list>
<bind>
<opset="empty_76 (phireg) "/>
</bind>
</comp>

<comp id="453" class="1004" name="empty_76_phi_fu_453">
<pin_list>
<pin id="454" dir="0" index="0" bw="416" slack="1"/>
<pin id="455" dir="0" index="1" bw="0" slack="2147483647"/>
<pin id="456" dir="0" index="2" bw="416" slack="1"/>
<pin id="457" dir="0" index="3" bw="0" slack="2147483647"/>
<pin id="458" dir="0" index="4" bw="416" slack="1"/>
<pin id="459" dir="0" index="5" bw="0" slack="2147483647"/>
<pin id="460" dir="1" index="6" bw="416" slack="0"/>
</pin_list>
<bind>
<opcode="phi(47) " fcode="phi"/>
<opset="empty_76/110 "/>
</bind>
</comp>

<comp id="461" class="1005" name="empty_75_reg_461">
<pin_list>
<pin id="462" dir="0" index="0" bw="416" slack="1"/>
<pin id="463" dir="1" index="1" bw="416" slack="1"/>
</pin_list>
<bind>
<opset="empty_75 (phireg) "/>
</bind>
</comp>

<comp id="464" class="1004" name="empty_75_phi_fu_464">
<pin_list>
<pin id="465" dir="0" index="0" bw="416" slack="0"/>
<pin id="466" dir="0" index="1" bw="0" slack="2147483647"/>
<pin id="467" dir="0" index="2" bw="416" slack="0"/>
<pin id="468" dir="0" index="3" bw="0" slack="2147483647"/>
<pin id="469" dir="0" index="4" bw="416" slack="0"/>
<pin id="470" dir="0" index="5" bw="0" slack="2147483647"/>
<pin id="471" dir="1" index="6" bw="416" slack="0"/>
</pin_list>
<bind>
<opcode="phi(47) " fcode="phi"/>
<opset="empty_75/110 "/>
</bind>
</comp>

<comp id="475" class="1005" name="empty_74_reg_475">
<pin_list>
<pin id="476" dir="0" index="0" bw="416" slack="2147483647"/>
<pin id="477" dir="1" index="1" bw="416" slack="2147483647"/>
</pin_list>
<bind>
<opset="empty_74 (phireg) "/>
</bind>
</comp>

<comp id="478" class="1004" name="empty_74_phi_fu_478">
<pin_list>
<pin id="479" dir="0" index="0" bw="416" slack="1"/>
<pin id="480" dir="0" index="1" bw="0" slack="2147483647"/>
<pin id="481" dir="0" index="2" bw="416" slack="0"/>
<pin id="482" dir="0" index="3" bw="0" slack="2147483647"/>
<pin id="483" dir="0" index="4" bw="416" slack="1"/>
<pin id="484" dir="0" index="5" bw="0" slack="2147483647"/>
<pin id="485" dir="1" index="6" bw="416" slack="0"/>
</pin_list>
<bind>
<opcode="phi(47) " fcode="phi"/>
<opset="empty_74/111 "/>
</bind>
</comp>

<comp id="488" class="1004" name="grp_p_hls_fptosi_float_i32_fu_488">
<pin_list>
<pin id="489" dir="0" index="0" bw="32" slack="0"/>
<pin id="490" dir="0" index="1" bw="32" slack="1"/>
<pin id="491" dir="1" index="2" bw="32" slack="0"/>
</pin_list>
<bind>
<opcode="call(48) " fcode="call"/>
<opset="tmp_20/108 tmp_22/109 "/>
</bind>
</comp>

<comp id="493" class="1004" name="grp_p_hls_fptosi_float_i32_fu_493">
<pin_list>
<pin id="494" dir="0" index="0" bw="32" slack="0"/>
<pin id="495" dir="0" index="1" bw="32" slack="1"/>
<pin id="496" dir="1" index="2" bw="32" slack="1"/>
</pin_list>
<bind>
<opcode="call(48) " fcode="call"/>
<opset="tmp_21/108 tmp_23/109 "/>
</bind>
</comp>

<comp id="498" class="1004" name="grp_fu_498">
<pin_list>
<pin id="499" dir="0" index="0" bw="32" slack="0"/>
<pin id="500" dir="0" index="1" bw="32" slack="1"/>
<pin id="501" dir="1" index="2" bw="32" slack="1"/>
</pin_list>
<bind>
<opcode="fadd(9) " fcode="fadd"/>
<opset="current_height/28 neighbor_height/29 neighbor_height_2/30 "/>
</bind>
</comp>

<comp id="502" class="1004" name="grp_fu_502">
<pin_list>
<pin id="503" dir="0" index="0" bw="32" slack="0"/>
<pin id="504" dir="0" index="1" bw="32" slack="0"/>
<pin id="505" dir="1" index="2" bw="32" slack="1"/>
</pin_list>
<bind>
<opcode="fadd(9) fsub(11) " fcode="fadd"/>
<opset="neighbor_height_6/31 neighbor_height_4/33 height_diff_3/38 "/>
</bind>
</comp>

<comp id="506" class="1004" name="grp_fu_506">
<pin_list>
<pin id="507" dir="0" index="0" bw="32" slack="1"/>
<pin id="508" dir="0" index="1" bw="32" slack="0"/>
<pin id="509" dir="1" index="2" bw="32" slack="0"/>
</pin_list>
<bind>
<opcode="fadd(9) fsub(11) " fcode="fadd"/>
<opset="height_diff/36 height_diff_1/37 sum_diff_2/50 "/>
</bind>
</comp>

<comp id="510" class="1004" name="grp_fu_510">
<pin_list>
<pin id="511" dir="0" index="0" bw="32" slack="1"/>
<pin id="512" dir="0" index="1" bw="32" slack="0"/>
<pin id="513" dir="1" index="2" bw="32" slack="0"/>
</pin_list>
<bind>
<opcode="fadd(9) fsub(11) " fcode="fadd"/>
<opset="height_diff_2/40 sum_diff_4/57 sub6/89 "/>
</bind>
</comp>

<comp id="514" class="1004" name="grp_fu_514">
<pin_list>
<pin id="515" dir="0" index="0" bw="32" slack="1"/>
<pin id="516" dir="0" index="1" bw="32" slack="0"/>
<pin id="517" dir="1" index="2" bw="32" slack="0"/>
</pin_list>
<bind>
<opcode="fadd(9) fsub(11) " fcode="fadd"/>
<opset="sum_diff/43 sub7/90 sub400_2/92 "/>
</bind>
</comp>

<comp id="519" class="1004" name="grp_fu_519">
<pin_list>
<pin id="520" dir="0" index="0" bw="32" slack="1"/>
<pin id="521" dir="0" index="1" bw="32" slack="20"/>
<pin id="522" dir="1" index="2" bw="32" slack="0"/>
</pin_list>
<bind>
<opcode="fadd(9) fsub(11) " fcode="fadd"/>
<opset="sum_diff_6/64 sub400_1/90 sub400_3/92 "/>
</bind>
</comp>

<comp id="523" class="1004" name="grp_fu_523">
<pin_list>
<pin id="524" dir="0" index="0" bw="32" slack="1"/>
<pin id="525" dir="0" index="1" bw="32" slack="0"/>
<pin id="526" dir="1" index="2" bw="32" slack="1"/>
</pin_list>
<bind>
<opcode="fmul(13) " fcode="fmul"/>
<opset="mul7/96 mul9/97 mul8/104 "/>
</bind>
</comp>

<comp id="527" class="1004" name="grp_fu_527">
<pin_list>
<pin id="528" dir="0" index="0" bw="32" slack="12"/>
<pin id="529" dir="0" index="1" bw="32" slack="1"/>
<pin id="530" dir="1" index="2" bw="32" slack="1"/>
</pin_list>
<bind>
<opcode="fmul(13) " fcode="fmul"/>
<opset="mul401_1/97 mul401_2/99 "/>
</bind>
</comp>

<comp id="531" class="1004" name="grp_fu_531">
<pin_list>
<pin id="532" dir="0" index="0" bw="32" slack="1"/>
<pin id="533" dir="0" index="1" bw="32" slack="0"/>
<pin id="534" dir="1" index="2" bw="32" slack="1"/>
</pin_list>
<bind>
<opcode="fmul(13) " fcode="fmul"/>
<opset="mul401_3/99 div7/100 "/>
</bind>
</comp>

<comp id="537" class="1004" name="grp_fu_537">
<pin_list>
<pin id="538" dir="0" index="0" bw="32" slack="1"/>
<pin id="539" dir="0" index="1" bw="32" slack="0"/>
<pin id="540" dir="1" index="2" bw="32" slack="1"/>
</pin_list>
<bind>
<opcode="fdiv(16) " fcode="fdiv"/>
<opset="div9/16 div4/17 div301_1/18 "/>
</bind>
</comp>

<comp id="542" class="1004" name="grp_fu_542">
<pin_list>
<pin id="543" dir="0" index="0" bw="32" slack="1"/>
<pin id="544" dir="0" index="1" bw="32" slack="0"/>
<pin id="545" dir="1" index="2" bw="32" slack="1"/>
</pin_list>
<bind>
<opcode="fdiv(16) " fcode="fdiv"/>
<opset="div301_3/19 div301_2/21 proportion/74 "/>
</bind>
</comp>

<comp id="547" class="1004" name="grp_fu_547">
<pin_list>
<pin id="548" dir="0" index="0" bw="32" slack="1"/>
<pin id="549" dir="1" index="1" bw="32" slack="1"/>
</pin_list>
<bind>
<opcode="sitofp(39) " fcode="sitofp"/>
<opset="conv3/12 conv4/13 conv300_1/14 "/>
</bind>
</comp>

<comp id="550" class="1004" name="grp_fu_550">
<pin_list>
<pin id="551" dir="0" index="0" bw="32" slack="1"/>
<pin id="552" dir="1" index="1" bw="32" slack="1"/>
</pin_list>
<bind>
<opcode="sitofp(39) " fcode="sitofp"/>
<opset="conv300_3/15 conv300_2/17 "/>
</bind>
</comp>

<comp id="553" class="1004" name="grp_fu_553">
<pin_list>
<pin id="554" dir="0" index="0" bw="32" slack="1"/>
<pin id="555" dir="1" index="1" bw="64" slack="1"/>
</pin_list>
<bind>
<opcode="fpext(41) " fcode="fpext"/>
<opset="conv6/86 "/>
</bind>
</comp>

<comp id="556" class="1004" name="grp_fu_556">
<pin_list>
<pin id="557" dir="0" index="0" bw="32" slack="2"/>
<pin id="558" dir="0" index="1" bw="32" slack="0"/>
<pin id="559" dir="1" index="2" bw="1" slack="0"/>
</pin_list>
<bind>
<opcode="fcmp(46) " fcode="fcmp"/>
<opset="tmp_34/36 tmp_40/37 tmp_54/38 "/>
</bind>
</comp>

<comp id="560" class="1004" name="grp_fu_560">
<pin_list>
<pin id="561" dir="0" index="0" bw="32" slack="1"/>
<pin id="562" dir="0" index="1" bw="32" slack="0"/>
<pin id="563" dir="1" index="2" bw="1" slack="0"/>
</pin_list>
<bind>
<opcode="fcmp(46) " fcode="fcmp"/>
<opset="tmp_45/40 tmp_43/45 tmp_48/47 "/>
</bind>
</comp>

<comp id="564" class="1004" name="grp_fu_564">
<pin_list>
<pin id="565" dir="0" index="0" bw="32" slack="1"/>
<pin id="566" dir="0" index="1" bw="32" slack="0"/>
<pin id="567" dir="1" index="2" bw="1" slack="0"/>
</pin_list>
<bind>
<opcode="fcmp(46) " fcode="fcmp"/>
<opset="tmp_38/43 tmp_60/51 tmp_62/71 "/>
</bind>
</comp>

<comp id="569" class="1004" name="grp_fu_569">
<pin_list>
<pin id="570" dir="0" index="0" bw="32" slack="1"/>
<pin id="571" dir="0" index="1" bw="32" slack="5"/>
<pin id="572" dir="1" index="2" bw="1" slack="0"/>
</pin_list>
<bind>
<opcode="fcmp(46) " fcode="fcmp"/>
<opset="tmp_57/49 tmp_68/89 tmp_74/90 "/>
</bind>
</comp>

<comp id="573" class="1004" name="grp_fu_573">
<pin_list>
<pin id="574" dir="0" index="0" bw="32" slack="55"/>
<pin id="575" dir="0" index="1" bw="32" slack="53"/>
<pin id="576" dir="1" index="2" bw="1" slack="0"/>
</pin_list>
<bind>
<opcode="fcmp(46) " fcode="fcmp"/>
<opset="tmp_71/89 tmp_77/90 tmp_66/91 "/>
</bind>
</comp>

<comp id="577" class="1004" name="grp_fu_577">
<pin_list>
<pin id="578" dir="0" index="0" bw="64" slack="1"/>
<pin id="579" dir="0" index="1" bw="64" slack="0"/>
<pin id="580" dir="1" index="2" bw="1" slack="0"/>
</pin_list>
<bind>
<opcode="dcmp(513) " fcode="dcmp"/>
<opset="tmp_64/88 "/>
</bind>
</comp>

<comp id="582" class="1004" name="grp_fu_582">
<pin_list>
<pin id="583" dir="0" index="0" bw="32" slack="0"/>
<pin id="584" dir="0" index="1" bw="34" slack="0"/>
<pin id="585" dir="1" index="2" bw="65" slack="0"/>
</pin_list>
<bind>
<opcode="mul(12) " fcode="mul"/>
<opset="mul_ln72/12 "/>
</bind>
</comp>

<comp id="587" class="1005" name="reg_587">
<pin_list>
<pin id="588" dir="0" index="0" bw="32" slack="1"/>
<pin id="589" dir="1" index="1" bw="32" slack="1"/>
</pin_list>
<bind>
<opset="mul9 mul8 "/>
</bind>
</comp>

<comp id="594" class="1005" name="reg_594">
<pin_list>
<pin id="595" dir="0" index="0" bw="32" slack="1"/>
<pin id="596" dir="1" index="1" bw="32" slack="1"/>
</pin_list>
<bind>
<opset="mul401_1 mul401_2 "/>
</bind>
</comp>

<comp id="600" class="1005" name="reg_600">
<pin_list>
<pin id="601" dir="0" index="0" bw="32" slack="1"/>
<pin id="602" dir="1" index="1" bw="32" slack="1"/>
</pin_list>
<bind>
<opset="tmp_21 tmp_23 "/>
</bind>
</comp>

<comp id="604" class="1004" name="store_ln0_store_fu_604">
<pin_list>
<pin id="605" dir="0" index="0" bw="416" slack="0"/>
<pin id="606" dir="0" index="1" bw="416" slack="0"/>
<pin id="607" dir="1" index="2" bw="0" slack="2147483647"/>
</pin_list>
<bind>
<opcode="store(28) " fcode="store"/>
<opset="store_ln0/1 "/>
</bind>
</comp>

<comp id="609" class="1004" name="store_ln0_store_fu_609">
<pin_list>
<pin id="610" dir="0" index="0" bw="1" slack="0"/>
<pin id="611" dir="0" index="1" bw="13" slack="0"/>
<pin id="612" dir="1" index="2" bw="0" slack="2147483647"/>
</pin_list>
<bind>
<opcode="store(28) " fcode="store"/>
<opset="store_ln0/1 "/>
</bind>
</comp>

<comp id="614" class="1004" name="store_ln72_store_fu_614">
<pin_list>
<pin id="615" dir="0" index="0" bw="1" slack="0"/>
<pin id="616" dir="0" index="1" bw="7" slack="0"/>
<pin id="617" dir="1" index="2" bw="0" slack="2147483647"/>
</pin_list>
<bind>
<opcode="store(28) " fcode="store"/>
<opset="store_ln72/1 "/>
</bind>
</comp>

<comp id="619" class="1004" name="store_ln72_store_fu_619">
<pin_list>
<pin id="620" dir="0" index="0" bw="1" slack="0"/>
<pin id="621" dir="0" index="1" bw="7" slack="0"/>
<pin id="622" dir="1" index="2" bw="0" slack="2147483647"/>
</pin_list>
<bind>
<opcode="store(28) " fcode="store"/>
<opset="store_ln72/1 "/>
</bind>
</comp>

<comp id="624" class="1004" name="indvar_flatten9_load_load_fu_624">
<pin_list>
<pin id="625" dir="0" index="0" bw="13" slack="0"/>
<pin id="626" dir="1" index="1" bw="13" slack="0"/>
</pin_list>
<bind>
<opcode="load(27) " fcode="load"/>
<opset="indvar_flatten9_load/1 "/>
</bind>
</comp>

<comp id="627" class="1004" name="icmp_ln109_fu_627">
<pin_list>
<pin id="628" dir="0" index="0" bw="13" slack="0"/>
<pin id="629" dir="0" index="1" bw="8" slack="0"/>
<pin id="630" dir="1" index="2" bw="1" slack="1"/>
</pin_list>
<bind>
<opcode="icmp(45) " fcode="icmp"/>
<opset="icmp_ln109/1 "/>
</bind>
</comp>

<comp id="633" class="1004" name="add_ln109_1_fu_633">
<pin_list>
<pin id="634" dir="0" index="0" bw="13" slack="0"/>
<pin id="635" dir="0" index="1" bw="1" slack="0"/>
<pin id="636" dir="1" index="2" bw="13" slack="0"/>
</pin_list>
<bind>
<opcode="add(8) " fcode="add"/>
<opset="add_ln109_1/1 "/>
</bind>
</comp>

<comp id="639" class="1004" name="new_col_load_load_fu_639">
<pin_list>
<pin id="640" dir="0" index="0" bw="7" slack="0"/>
<pin id="641" dir="1" index="1" bw="7" slack="0"/>
</pin_list>
<bind>
<opcode="load(27) " fcode="load"/>
<opset="new_col_load/1 "/>
</bind>
</comp>

<comp id="642" class="1004" name="new_row_2_load_load_fu_642">
<pin_list>
<pin id="643" dir="0" index="0" bw="7" slack="0"/>
<pin id="644" dir="1" index="1" bw="7" slack="0"/>
</pin_list>
<bind>
<opcode="load(27) " fcode="load"/>
<opset="new_row_2_load/1 "/>
</bind>
</comp>

<comp id="645" class="1004" name="add_ln109_fu_645">
<pin_list>
<pin id="646" dir="0" index="0" bw="7" slack="0"/>
<pin id="647" dir="0" index="1" bw="1" slack="0"/>
<pin id="648" dir="1" index="2" bw="7" slack="0"/>
</pin_list>
<bind>
<opcode="add(8) " fcode="add"/>
<opset="add_ln109/1 "/>
</bind>
</comp>

<comp id="651" class="1004" name="icmp_ln110_fu_651">
<pin_list>
<pin id="652" dir="0" index="0" bw="7" slack="0"/>
<pin id="653" dir="0" index="1" bw="7" slack="0"/>
<pin id="654" dir="1" index="2" bw="1" slack="0"/>
</pin_list>
<bind>
<opcode="icmp(45) " fcode="icmp"/>
<opset="icmp_ln110/1 "/>
</bind>
</comp>

<comp id="657" class="1004" name="select_ln52_fu_657">
<pin_list>
<pin id="658" dir="0" index="0" bw="1" slack="0"/>
<pin id="659" dir="0" index="1" bw="1" slack="0"/>
<pin id="660" dir="0" index="2" bw="7" slack="0"/>
<pin id="661" dir="1" index="3" bw="7" slack="0"/>
</pin_list>
<bind>
<opcode="select(49) " fcode="select"/>
<opset="select_ln52/1 "/>
</bind>
</comp>

<comp id="665" class="1004" name="select_ln109_fu_665">
<pin_list>
<pin id="666" dir="0" index="0" bw="1" slack="0"/>
<pin id="667" dir="0" index="1" bw="7" slack="0"/>
<pin id="668" dir="0" index="2" bw="7" slack="0"/>
<pin id="669" dir="1" index="3" bw="7" slack="0"/>
</pin_list>
<bind>
<opcode="select(49) " fcode="select"/>
<opset="select_ln109/1 "/>
</bind>
</comp>

<comp id="673" class="1004" name="p_shl2_fu_673">
<pin_list>
<pin id="674" dir="0" index="0" bw="12" slack="0"/>
<pin id="675" dir="0" index="1" bw="7" slack="0"/>
<pin id="676" dir="0" index="2" bw="1" slack="0"/>
<pin id="677" dir="1" index="3" bw="12" slack="0"/>
</pin_list>
<bind>
<opcode="bitconcatenate(1004) " fcode="bitconcatenate"/>
<opset="p_shl2/1 "/>
</bind>
</comp>

<comp id="681" class="1004" name="tmp_36_fu_681">
<pin_list>
<pin id="682" dir="0" index="0" bw="8" slack="0"/>
<pin id="683" dir="0" index="1" bw="7" slack="0"/>
<pin id="684" dir="0" index="2" bw="1" slack="0"/>
<pin id="685" dir="1" index="3" bw="8" slack="0"/>
</pin_list>
<bind>
<opcode="bitconcatenate(1004) " fcode="bitconcatenate"/>
<opset="tmp_36/1 "/>
</bind>
</comp>

<comp id="689" class="1004" name="zext_ln111_1_fu_689">
<pin_list>
<pin id="690" dir="0" index="0" bw="8" slack="0"/>
<pin id="691" dir="1" index="1" bw="12" slack="0"/>
</pin_list>
<bind>
<opcode="zext(34) " fcode="zext"/>
<opset="zext_ln111_1/1 "/>
</bind>
</comp>

<comp id="693" class="1004" name="sub_ln111_fu_693">
<pin_list>
<pin id="694" dir="0" index="0" bw="12" slack="0"/>
<pin id="695" dir="0" index="1" bw="8" slack="0"/>
<pin id="696" dir="1" index="2" bw="12" slack="1"/>
</pin_list>
<bind>
<opcode="sub(10) " fcode="sub"/>
<opset="sub_ln111/1 "/>
</bind>
</comp>

<comp id="699" class="1004" name="zext_ln52_fu_699">
<pin_list>
<pin id="700" dir="0" index="0" bw="7" slack="0"/>
<pin id="701" dir="1" index="1" bw="15" slack="0"/>
</pin_list>
<bind>
<opcode="zext(34) " fcode="zext"/>
<opset="zext_ln52/1 "/>
</bind>
</comp>

<comp id="703" class="1004" name="mul_ln52_fu_703">
<pin_list>
<pin id="704" dir="0" index="0" bw="7" slack="0"/>
<pin id="705" dir="0" index="1" bw="9" slack="0"/>
<pin id="706" dir="1" index="2" bw="15" slack="0"/>
</pin_list>
<bind>
<opcode="mul(12) " fcode="mul"/>
<opset="mul_ln52/1 "/>
</bind>
</comp>

<comp id="709" class="1004" name="tmp_52_fu_709">
<pin_list>
<pin id="710" dir="0" index="0" bw="6" slack="0"/>
<pin id="711" dir="0" index="1" bw="15" slack="0"/>
<pin id="712" dir="0" index="2" bw="5" slack="0"/>
<pin id="713" dir="0" index="3" bw="5" slack="0"/>
<pin id="714" dir="1" index="4" bw="6" slack="1"/>
</pin_list>
<bind>
<opcode="partselect(1002) " fcode="partselect"/>
<opset="tmp_52/1 "/>
</bind>
</comp>

<comp id="719" class="1004" name="grp_fu_719">
<pin_list>
<pin id="720" dir="0" index="0" bw="7" slack="0"/>
<pin id="721" dir="0" index="1" bw="3" slack="0"/>
<pin id="722" dir="1" index="2" bw="2" slack="0"/>
</pin_list>
<bind>
<opcode="urem(17) " fcode="urem"/>
<opset="urem_ln52/1 "/>
</bind>
</comp>

<comp id="725" class="1004" name="add_ln110_fu_725">
<pin_list>
<pin id="726" dir="0" index="0" bw="7" slack="0"/>
<pin id="727" dir="0" index="1" bw="1" slack="0"/>
<pin id="728" dir="1" index="2" bw="7" slack="0"/>
</pin_list>
<bind>
<opcode="add(8) " fcode="add"/>
<opset="add_ln110/1 "/>
</bind>
</comp>

<comp id="731" class="1004" name="store_ln109_store_fu_731">
<pin_list>
<pin id="732" dir="0" index="0" bw="13" slack="0"/>
<pin id="733" dir="0" index="1" bw="13" slack="0"/>
<pin id="734" dir="1" index="2" bw="0" slack="2147483647"/>
</pin_list>
<bind>
<opcode="store(28) " fcode="store"/>
<opset="store_ln109/1 "/>
</bind>
</comp>

<comp id="736" class="1004" name="store_ln72_store_fu_736">
<pin_list>
<pin id="737" dir="0" index="0" bw="7" slack="0"/>
<pin id="738" dir="0" index="1" bw="7" slack="0"/>
<pin id="739" dir="1" index="2" bw="0" slack="2147483647"/>
</pin_list>
<bind>
<opcode="store(28) " fcode="store"/>
<opset="store_ln72/1 "/>
</bind>
</comp>

<comp id="741" class="1004" name="store_ln72_store_fu_741">
<pin_list>
<pin id="742" dir="0" index="0" bw="7" slack="0"/>
<pin id="743" dir="0" index="1" bw="7" slack="0"/>
<pin id="744" dir="1" index="2" bw="0" slack="2147483647"/>
</pin_list>
<bind>
<opcode="store(28) " fcode="store"/>
<opset="store_ln72/1 "/>
</bind>
</comp>

<comp id="746" class="1004" name="zext_ln111_2_fu_746">
<pin_list>
<pin id="747" dir="0" index="0" bw="6" slack="1"/>
<pin id="748" dir="1" index="1" bw="12" slack="0"/>
</pin_list>
<bind>
<opcode="zext(34) " fcode="zext"/>
<opset="zext_ln111_2/2 "/>
</bind>
</comp>

<comp id="749" class="1004" name="add_ln111_fu_749">
<pin_list>
<pin id="750" dir="0" index="0" bw="12" slack="1"/>
<pin id="751" dir="0" index="1" bw="6" slack="0"/>
<pin id="752" dir="1" index="2" bw="12" slack="0"/>
</pin_list>
<bind>
<opcode="add(8) " fcode="add"/>
<opset="add_ln111/2 "/>
</bind>
</comp>

<comp id="754" class="1004" name="zext_ln111_3_fu_754">
<pin_list>
<pin id="755" dir="0" index="0" bw="12" slack="0"/>
<pin id="756" dir="1" index="1" bw="64" slack="0"/>
</pin_list>
<bind>
<opcode="zext(34) " fcode="zext"/>
<opset="zext_ln111_3/2 "/>
</bind>
</comp>

<comp id="761" class="1004" name="row_pos_4_cast_fu_761">
<pin_list>
<pin id="762" dir="0" index="0" bw="7" slack="9"/>
<pin id="763" dir="1" index="1" bw="8" slack="0"/>
</pin_list>
<bind>
<opcode="zext(34) " fcode="zext"/>
<opset="row_pos_4_cast/10 "/>
</bind>
</comp>

<comp id="764" class="1004" name="new_row_fu_764">
<pin_list>
<pin id="765" dir="0" index="0" bw="7" slack="0"/>
<pin id="766" dir="0" index="1" bw="1" slack="0"/>
<pin id="767" dir="1" index="2" bw="8" slack="0"/>
</pin_list>
<bind>
<opcode="add(8) " fcode="add"/>
<opset="new_row/10 "/>
</bind>
</comp>

<comp id="770" class="1004" name="trunc_ln134_fu_770">
<pin_list>
<pin id="771" dir="0" index="0" bw="8" slack="0"/>
<pin id="772" dir="1" index="1" bw="7" slack="0"/>
</pin_list>
<bind>
<opcode="trunc(33) " fcode="trunc"/>
<opset="trunc_ln134/10 "/>
</bind>
</comp>

<comp id="774" class="1004" name="tmp_37_fu_774">
<pin_list>
<pin id="775" dir="0" index="0" bw="9" slack="0"/>
<pin id="776" dir="0" index="1" bw="8" slack="0"/>
<pin id="777" dir="0" index="2" bw="1" slack="0"/>
<pin id="778" dir="1" index="3" bw="9" slack="0"/>
</pin_list>
<bind>
<opcode="bitconcatenate(1004) " fcode="bitconcatenate"/>
<opset="tmp_37/10 "/>
</bind>
</comp>

<comp id="782" class="1004" name="tmp_49_fu_782">
<pin_list>
<pin id="783" dir="0" index="0" bw="12" slack="0"/>
<pin id="784" dir="0" index="1" bw="7" slack="0"/>
<pin id="785" dir="0" index="2" bw="1" slack="0"/>
<pin id="786" dir="1" index="3" bw="12" slack="0"/>
</pin_list>
<bind>
<opcode="bitconcatenate(1004) " fcode="bitconcatenate"/>
<opset="tmp_49/10 "/>
</bind>
</comp>

<comp id="790" class="1004" name="zext_ln134_2_fu_790">
<pin_list>
<pin id="791" dir="0" index="0" bw="9" slack="0"/>
<pin id="792" dir="1" index="1" bw="12" slack="0"/>
</pin_list>
<bind>
<opcode="zext(34) " fcode="zext"/>
<opset="zext_ln134_2/10 "/>
</bind>
</comp>

<comp id="794" class="1004" name="sub_ln134_fu_794">
<pin_list>
<pin id="795" dir="0" index="0" bw="12" slack="0"/>
<pin id="796" dir="0" index="1" bw="9" slack="0"/>
<pin id="797" dir="1" index="2" bw="12" slack="1"/>
</pin_list>
<bind>
<opcode="sub(10) " fcode="sub"/>
<opset="sub_ln134/10 "/>
</bind>
</comp>

<comp id="800" class="1004" name="new_row_1_fu_800">
<pin_list>
<pin id="801" dir="0" index="0" bw="7" slack="10"/>
<pin id="802" dir="0" index="1" bw="1" slack="0"/>
<pin id="803" dir="1" index="2" bw="7" slack="0"/>
</pin_list>
<bind>
<opcode="add(8) " fcode="add"/>
<opset="new_row_1/11 "/>
</bind>
</comp>

<comp id="805" class="1004" name="p_shl_fu_805">
<pin_list>
<pin id="806" dir="0" index="0" bw="12" slack="0"/>
<pin id="807" dir="0" index="1" bw="7" slack="0"/>
<pin id="808" dir="0" index="2" bw="1" slack="0"/>
<pin id="809" dir="1" index="3" bw="12" slack="0"/>
</pin_list>
<bind>
<opcode="bitconcatenate(1004) " fcode="bitconcatenate"/>
<opset="p_shl/11 "/>
</bind>
</comp>

<comp id="813" class="1004" name="tmp_51_fu_813">
<pin_list>
<pin id="814" dir="0" index="0" bw="8" slack="0"/>
<pin id="815" dir="0" index="1" bw="7" slack="0"/>
<pin id="816" dir="0" index="2" bw="1" slack="0"/>
<pin id="817" dir="1" index="3" bw="8" slack="0"/>
</pin_list>
<bind>
<opcode="bitconcatenate(1004) " fcode="bitconcatenate"/>
<opset="tmp_51/11 "/>
</bind>
</comp>

<comp id="821" class="1004" name="zext_ln134_4_fu_821">
<pin_list>
<pin id="822" dir="0" index="0" bw="8" slack="0"/>
<pin id="823" dir="1" index="1" bw="12" slack="0"/>
</pin_list>
<bind>
<opcode="zext(34) " fcode="zext"/>
<opset="zext_ln134_4/11 "/>
</bind>
</comp>

<comp id="825" class="1004" name="sub_ln134_1_fu_825">
<pin_list>
<pin id="826" dir="0" index="0" bw="12" slack="0"/>
<pin id="827" dir="0" index="1" bw="8" slack="0"/>
<pin id="828" dir="1" index="2" bw="12" slack="0"/>
</pin_list>
<bind>
<opcode="sub(10) " fcode="sub"/>
<opset="sub_ln134_1/11 "/>
</bind>
</comp>

<comp id="831" class="1004" name="trunc_ln52_fu_831">
<pin_list>
<pin id="832" dir="0" index="0" bw="2" slack="0"/>
<pin id="833" dir="1" index="1" bw="2" slack="0"/>
</pin_list>
<bind>
<opcode="trunc(33) " fcode="trunc"/>
<opset="trunc_ln52/11 "/>
</bind>
</comp>

<comp id="835" class="1004" name="tmp_s_fu_835">
<pin_list>
<pin id="836" dir="0" index="0" bw="32" slack="0"/>
<pin id="837" dir="0" index="1" bw="2" slack="0"/>
<pin id="838" dir="0" index="2" bw="32" slack="8"/>
<pin id="839" dir="0" index="3" bw="2" slack="0"/>
<pin id="840" dir="0" index="4" bw="32" slack="8"/>
<pin id="841" dir="0" index="5" bw="2" slack="0"/>
<pin id="842" dir="0" index="6" bw="32" slack="8"/>
<pin id="843" dir="0" index="7" bw="32" slack="0"/>
<pin id="844" dir="0" index="8" bw="2" slack="0"/>
<pin id="845" dir="1" index="9" bw="32" slack="0"/>
</pin_list>
<bind>
<opcode="sparsemux(1197) " fcode="sparsemux"/>
<opset="tmp_s/11 "/>
</bind>
</comp>

<comp id="852" class="1004" name="icmp_ln111_fu_852">
<pin_list>
<pin id="853" dir="0" index="0" bw="32" slack="0"/>
<pin id="854" dir="0" index="1" bw="1" slack="0"/>
<pin id="855" dir="1" index="2" bw="1" slack="1"/>
</pin_list>
<bind>
<opcode="icmp(45) " fcode="icmp"/>
<opset="icmp_ln111/11 "/>
</bind>
</comp>

<comp id="858" class="1004" name="zext_ln122_fu_858">
<pin_list>
<pin id="859" dir="0" index="0" bw="7" slack="10"/>
<pin id="860" dir="1" index="1" bw="8" slack="0"/>
</pin_list>
<bind>
<opcode="zext(34) " fcode="zext"/>
<opset="zext_ln122/11 "/>
</bind>
</comp>

<comp id="861" class="1004" name="add_ln134_fu_861">
<pin_list>
<pin id="862" dir="0" index="0" bw="12" slack="1"/>
<pin id="863" dir="0" index="1" bw="6" slack="9"/>
<pin id="864" dir="1" index="2" bw="12" slack="0"/>
</pin_list>
<bind>
<opcode="add(8) " fcode="add"/>
<opset="add_ln134/11 "/>
</bind>
</comp>

<comp id="865" class="1004" name="zext_ln134_5_fu_865">
<pin_list>
<pin id="866" dir="0" index="0" bw="12" slack="0"/>
<pin id="867" dir="1" index="1" bw="64" slack="0"/>
</pin_list>
<bind>
<opcode="zext(34) " fcode="zext"/>
<opset="zext_ln134_5/11 "/>
</bind>
</comp>

<comp id="872" class="1004" name="add_ln134_1_fu_872">
<pin_list>
<pin id="873" dir="0" index="0" bw="12" slack="0"/>
<pin id="874" dir="0" index="1" bw="6" slack="9"/>
<pin id="875" dir="1" index="2" bw="12" slack="1"/>
</pin_list>
<bind>
<opcode="add(8) " fcode="add"/>
<opset="add_ln134_1/11 "/>
</bind>
</comp>

<comp id="877" class="1004" name="new_col_1_fu_877">
<pin_list>
<pin id="878" dir="0" index="0" bw="7" slack="0"/>
<pin id="879" dir="0" index="1" bw="1" slack="0"/>
<pin id="880" dir="1" index="2" bw="8" slack="1"/>
</pin_list>
<bind>
<opcode="add(8) " fcode="add"/>
<opset="new_col_1/11 "/>
</bind>
</comp>

<comp id="883" class="1004" name="zext_ln134_6_fu_883">
<pin_list>
<pin id="884" dir="0" index="0" bw="12" slack="1"/>
<pin id="885" dir="1" index="1" bw="64" slack="0"/>
</pin_list>
<bind>
<opcode="zext(34) " fcode="zext"/>
<opset="zext_ln134_6/12 "/>
</bind>
</comp>

<comp id="889" class="1004" name="tmp_4_fu_889">
<pin_list>
<pin id="890" dir="0" index="0" bw="32" slack="0"/>
<pin id="891" dir="0" index="1" bw="2" slack="0"/>
<pin id="892" dir="0" index="2" bw="32" slack="0"/>
<pin id="893" dir="0" index="3" bw="2" slack="0"/>
<pin id="894" dir="0" index="4" bw="32" slack="0"/>
<pin id="895" dir="0" index="5" bw="2" slack="0"/>
<pin id="896" dir="0" index="6" bw="32" slack="0"/>
<pin id="897" dir="0" index="7" bw="32" slack="0"/>
<pin id="898" dir="0" index="8" bw="2" slack="1"/>
<pin id="899" dir="1" index="9" bw="32" slack="1"/>
</pin_list>
<bind>
<opcode="sparsemux(1197) " fcode="sparsemux"/>
<opset="tmp_4/12 "/>
</bind>
</comp>

<comp id="908" class="1004" name="sext_ln72_fu_908">
<pin_list>
<pin id="909" dir="0" index="0" bw="8" slack="1"/>
<pin id="910" dir="1" index="1" bw="32" slack="0"/>
</pin_list>
<bind>
<opcode="sext(35) " fcode="sext"/>
<opset="sext_ln72/12 "/>
</bind>
</comp>

<comp id="911" class="1004" name="zext_ln72_fu_911">
<pin_list>
<pin id="912" dir="0" index="0" bw="8" slack="0"/>
<pin id="913" dir="1" index="1" bw="65" slack="0"/>
</pin_list>
<bind>
<opcode="zext(34) " fcode="zext"/>
<opset="zext_ln72/12 "/>
</bind>
</comp>

<comp id="916" class="1004" name="new_col_2_fu_916">
<pin_list>
<pin id="917" dir="0" index="0" bw="7" slack="11"/>
<pin id="918" dir="0" index="1" bw="1" slack="0"/>
<pin id="919" dir="1" index="2" bw="7" slack="0"/>
</pin_list>
<bind>
<opcode="add(8) " fcode="add"/>
<opset="new_col_2/12 "/>
</bind>
</comp>

<comp id="921" class="1004" name="zext_ln72_1_fu_921">
<pin_list>
<pin id="922" dir="0" index="0" bw="7" slack="0"/>
<pin id="923" dir="1" index="1" bw="15" slack="0"/>
</pin_list>
<bind>
<opcode="zext(34) " fcode="zext"/>
<opset="zext_ln72_1/12 "/>
</bind>
</comp>

<comp id="925" class="1004" name="mul_ln72_1_fu_925">
<pin_list>
<pin id="926" dir="0" index="0" bw="7" slack="0"/>
<pin id="927" dir="0" index="1" bw="9" slack="0"/>
<pin id="928" dir="1" index="2" bw="15" slack="0"/>
</pin_list>
<bind>
<opcode="mul(12) " fcode="mul"/>
<opset="mul_ln72_1/12 "/>
</bind>
</comp>

<comp id="931" class="1004" name="tmp_53_fu_931">
<pin_list>
<pin id="932" dir="0" index="0" bw="6" slack="0"/>
<pin id="933" dir="0" index="1" bw="15" slack="0"/>
<pin id="934" dir="0" index="2" bw="5" slack="0"/>
<pin id="935" dir="0" index="3" bw="5" slack="0"/>
<pin id="936" dir="1" index="4" bw="6" slack="1"/>
</pin_list>
<bind>
<opcode="partselect(1002) " fcode="partselect"/>
<opset="tmp_53/12 "/>
</bind>
</comp>

<comp id="941" class="1004" name="tmp_5_fu_941">
<pin_list>
<pin id="942" dir="0" index="0" bw="32" slack="0"/>
<pin id="943" dir="0" index="1" bw="2" slack="0"/>
<pin id="944" dir="0" index="2" bw="32" slack="0"/>
<pin id="945" dir="0" index="3" bw="2" slack="0"/>
<pin id="946" dir="0" index="4" bw="32" slack="0"/>
<pin id="947" dir="0" index="5" bw="2" slack="0"/>
<pin id="948" dir="0" index="6" bw="32" slack="0"/>
<pin id="949" dir="0" index="7" bw="32" slack="0"/>
<pin id="950" dir="0" index="8" bw="2" slack="2"/>
<pin id="951" dir="1" index="9" bw="32" slack="1"/>
</pin_list>
<bind>
<opcode="sparsemux(1197) " fcode="sparsemux"/>
<opset="tmp_5/13 "/>
</bind>
</comp>

<comp id="960" class="1004" name="udiv_ln1_cast_fu_960">
<pin_list>
<pin id="961" dir="0" index="0" bw="12" slack="0"/>
<pin id="962" dir="0" index="1" bw="65" slack="0"/>
<pin id="963" dir="0" index="2" bw="7" slack="0"/>
<pin id="964" dir="0" index="3" bw="7" slack="0"/>
<pin id="965" dir="1" index="4" bw="12" slack="1"/>
</pin_list>
<bind>
<opcode="partselect(1002) " fcode="partselect"/>
<opset="udiv_ln1_cast/13 "/>
</bind>
</comp>

<comp id="970" class="1004" name="zext_ln134_10_fu_970">
<pin_list>
<pin id="971" dir="0" index="0" bw="6" slack="1"/>
<pin id="972" dir="1" index="1" bw="12" slack="0"/>
</pin_list>
<bind>
<opcode="zext(34) " fcode="zext"/>
<opset="zext_ln134_10/13 "/>
</bind>
</comp>

<comp id="973" class="1004" name="add_ln134_6_fu_973">
<pin_list>
<pin id="974" dir="0" index="0" bw="12" slack="12"/>
<pin id="975" dir="0" index="1" bw="6" slack="0"/>
<pin id="976" dir="1" index="2" bw="12" slack="0"/>
</pin_list>
<bind>
<opcode="add(8) " fcode="add"/>
<opset="add_ln134_6/13 "/>
</bind>
</comp>

<comp id="978" class="1004" name="zext_ln134_11_fu_978">
<pin_list>
<pin id="979" dir="0" index="0" bw="12" slack="0"/>
<pin id="980" dir="1" index="1" bw="64" slack="0"/>
</pin_list>
<bind>
<opcode="zext(34) " fcode="zext"/>
<opset="zext_ln134_11/13 "/>
</bind>
</comp>

<comp id="985" class="1004" name="add_ln134_4_fu_985">
<pin_list>
<pin id="986" dir="0" index="0" bw="12" slack="13"/>
<pin id="987" dir="0" index="1" bw="12" slack="1"/>
<pin id="988" dir="1" index="2" bw="12" slack="1"/>
</pin_list>
<bind>
<opcode="add(8) " fcode="add"/>
<opset="add_ln134_4/14 "/>
</bind>
</comp>

<comp id="989" class="1004" name="tmp_11_fu_989">
<pin_list>
<pin id="990" dir="0" index="0" bw="32" slack="0"/>
<pin id="991" dir="0" index="1" bw="2" slack="0"/>
<pin id="992" dir="0" index="2" bw="32" slack="0"/>
<pin id="993" dir="0" index="3" bw="2" slack="0"/>
<pin id="994" dir="0" index="4" bw="32" slack="0"/>
<pin id="995" dir="0" index="5" bw="2" slack="0"/>
<pin id="996" dir="0" index="6" bw="32" slack="0"/>
<pin id="997" dir="0" index="7" bw="32" slack="0"/>
<pin id="998" dir="0" index="8" bw="2" slack="3"/>
<pin id="999" dir="1" index="9" bw="32" slack="1"/>
</pin_list>
<bind>
<opcode="sparsemux(1197) " fcode="sparsemux"/>
<opset="tmp_11/14 "/>
</bind>
</comp>

<comp id="1008" class="1004" name="zext_ln134_9_fu_1008">
<pin_list>
<pin id="1009" dir="0" index="0" bw="12" slack="1"/>
<pin id="1010" dir="1" index="1" bw="64" slack="0"/>
</pin_list>
<bind>
<opcode="zext(34) " fcode="zext"/>
<opset="zext_ln134_9/15 "/>
</bind>
</comp>

<comp id="1014" class="1004" name="tmp_6_fu_1014">
<pin_list>
<pin id="1015" dir="0" index="0" bw="32" slack="0"/>
<pin id="1016" dir="0" index="1" bw="2" slack="0"/>
<pin id="1017" dir="0" index="2" bw="32" slack="0"/>
<pin id="1018" dir="0" index="3" bw="2" slack="0"/>
<pin id="1019" dir="0" index="4" bw="32" slack="0"/>
<pin id="1020" dir="0" index="5" bw="2" slack="0"/>
<pin id="1021" dir="0" index="6" bw="32" slack="0"/>
<pin id="1022" dir="0" index="7" bw="32" slack="0"/>
<pin id="1023" dir="0" index="8" bw="2" slack="5"/>
<pin id="1024" dir="1" index="9" bw="32" slack="1"/>
</pin_list>
<bind>
<opcode="sparsemux(1197) " fcode="sparsemux"/>
<opset="tmp_6/16 "/>
</bind>
</comp>

<comp id="1033" class="1004" name="zext_ln111_fu_1033">
<pin_list>
<pin id="1034" dir="0" index="0" bw="7" slack="22"/>
<pin id="1035" dir="1" index="1" bw="13" slack="0"/>
</pin_list>
<bind>
<opcode="zext(34) " fcode="zext"/>
<opset="zext_ln111/23 "/>
</bind>
</comp>

<comp id="1036" class="1004" name="mul_ln111_1_fu_1036">
<pin_list>
<pin id="1037" dir="0" index="0" bw="7" slack="0"/>
<pin id="1038" dir="0" index="1" bw="8" slack="0"/>
<pin id="1039" dir="1" index="2" bw="13" slack="3"/>
</pin_list>
<bind>
<opcode="mul(12) " fcode="mul"/>
<opset="mul_ln111_1/23 "/>
</bind>
</comp>

<comp id="1042" class="1004" name="empty_72_fu_1042">
<pin_list>
<pin id="1043" dir="0" index="0" bw="8" slack="13"/>
<pin id="1044" dir="0" index="1" bw="8" slack="0"/>
<pin id="1045" dir="1" index="2" bw="1" slack="13"/>
</pin_list>
<bind>
<opcode="icmp(45) " fcode="icmp"/>
<opset="empty_72/23 "/>
</bind>
</comp>

<comp id="1047" class="1004" name="zext_ln134_1_fu_1047">
<pin_list>
<pin id="1048" dir="0" index="0" bw="8" slack="13"/>
<pin id="1049" dir="1" index="1" bw="13" slack="0"/>
</pin_list>
<bind>
<opcode="zext(34) " fcode="zext"/>
<opset="zext_ln134_1/23 "/>
</bind>
</comp>

<comp id="1050" class="1004" name="mul_ln134_fu_1050">
<pin_list>
<pin id="1051" dir="0" index="0" bw="8" slack="0"/>
<pin id="1052" dir="0" index="1" bw="8" slack="0"/>
<pin id="1053" dir="1" index="2" bw="13" slack="3"/>
</pin_list>
<bind>
<opcode="mul(12) " fcode="mul"/>
<opset="mul_ln134/23 "/>
</bind>
</comp>

<comp id="1056" class="1004" name="empty_73_fu_1056">
<pin_list>
<pin id="1057" dir="0" index="0" bw="7" slack="14"/>
<pin id="1058" dir="0" index="1" bw="7" slack="0"/>
<pin id="1059" dir="1" index="2" bw="1" slack="12"/>
</pin_list>
<bind>
<opcode="icmp(45) " fcode="icmp"/>
<opset="empty_73/25 "/>
</bind>
</comp>

<comp id="1061" class="1004" name="zext_ln134_3_fu_1061">
<pin_list>
<pin id="1062" dir="0" index="0" bw="7" slack="14"/>
<pin id="1063" dir="1" index="1" bw="13" slack="0"/>
</pin_list>
<bind>
<opcode="zext(34) " fcode="zext"/>
<opset="zext_ln134_3/25 "/>
</bind>
</comp>

<comp id="1064" class="1004" name="mul_ln134_1_fu_1064">
<pin_list>
<pin id="1065" dir="0" index="0" bw="7" slack="0"/>
<pin id="1066" dir="0" index="1" bw="8" slack="0"/>
<pin id="1067" dir="1" index="2" bw="13" slack="1"/>
</pin_list>
<bind>
<opcode="mul(12) " fcode="mul"/>
<opset="mul_ln134_1/25 "/>
</bind>
</comp>

<comp id="1070" class="1004" name="zext_ln117_fu_1070">
<pin_list>
<pin id="1071" dir="0" index="0" bw="7" slack="25"/>
<pin id="1072" dir="1" index="1" bw="13" slack="0"/>
</pin_list>
<bind>
<opcode="zext(34) " fcode="zext"/>
<opset="zext_ln117/26 "/>
</bind>
</comp>

<comp id="1073" class="1004" name="add_ln117_fu_1073">
<pin_list>
<pin id="1074" dir="0" index="0" bw="13" slack="3"/>
<pin id="1075" dir="0" index="1" bw="7" slack="0"/>
<pin id="1076" dir="1" index="2" bw="13" slack="0"/>
</pin_list>
<bind>
<opcode="add(8) " fcode="add"/>
<opset="add_ln117/26 "/>
</bind>
</comp>

<comp id="1078" class="1004" name="zext_ln117_1_fu_1078">
<pin_list>
<pin id="1079" dir="0" index="0" bw="13" slack="0"/>
<pin id="1080" dir="1" index="1" bw="64" slack="0"/>
</pin_list>
<bind>
<opcode="zext(34) " fcode="zext"/>
<opset="zext_ln117_1/26 "/>
</bind>
</comp>

<comp id="1085" class="1004" name="add_ln134_2_fu_1085">
<pin_list>
<pin id="1086" dir="0" index="0" bw="13" slack="3"/>
<pin id="1087" dir="0" index="1" bw="7" slack="0"/>
<pin id="1088" dir="1" index="2" bw="13" slack="0"/>
</pin_list>
<bind>
<opcode="add(8) " fcode="add"/>
<opset="add_ln134_2/26 "/>
</bind>
</comp>

<comp id="1090" class="1004" name="zext_ln134_7_fu_1090">
<pin_list>
<pin id="1091" dir="0" index="0" bw="13" slack="0"/>
<pin id="1092" dir="1" index="1" bw="64" slack="0"/>
</pin_list>
<bind>
<opcode="zext(34) " fcode="zext"/>
<opset="zext_ln134_7/26 "/>
</bind>
</comp>

<comp id="1096" class="1004" name="add_ln134_3_fu_1096">
<pin_list>
<pin id="1097" dir="0" index="0" bw="13" slack="1"/>
<pin id="1098" dir="0" index="1" bw="7" slack="0"/>
<pin id="1099" dir="1" index="2" bw="13" slack="1"/>
</pin_list>
<bind>
<opcode="add(8) " fcode="add"/>
<opset="add_ln134_3/26 "/>
</bind>
</comp>

<comp id="1101" class="1004" name="zext_ln134_8_fu_1101">
<pin_list>
<pin id="1102" dir="0" index="0" bw="13" slack="1"/>
<pin id="1103" dir="1" index="1" bw="64" slack="0"/>
</pin_list>
<bind>
<opcode="zext(34) " fcode="zext"/>
<opset="zext_ln134_8/27 "/>
</bind>
</comp>

<comp id="1106" class="1004" name="neighbor_height_8_fu_1106">
<pin_list>
<pin id="1107" dir="0" index="0" bw="32" slack="1"/>
<pin id="1108" dir="1" index="1" bw="32" slack="0"/>
</pin_list>
<bind>
<opcode="bitcast(44) " fcode="bitcast"/>
<opset="neighbor_height_8/28 "/>
</bind>
</comp>

<comp id="1110" class="1004" name="zext_ln134_12_fu_1110">
<pin_list>
<pin id="1111" dir="0" index="0" bw="7" slack="16"/>
<pin id="1112" dir="1" index="1" bw="13" slack="0"/>
</pin_list>
<bind>
<opcode="zext(34) " fcode="zext"/>
<opset="zext_ln134_12/28 "/>
</bind>
</comp>

<comp id="1113" class="1004" name="add_ln134_7_fu_1113">
<pin_list>
<pin id="1114" dir="0" index="0" bw="13" slack="5"/>
<pin id="1115" dir="0" index="1" bw="7" slack="0"/>
<pin id="1116" dir="1" index="2" bw="13" slack="0"/>
</pin_list>
<bind>
<opcode="add(8) " fcode="add"/>
<opset="add_ln134_7/28 "/>
</bind>
</comp>

<comp id="1118" class="1004" name="zext_ln134_13_fu_1118">
<pin_list>
<pin id="1119" dir="0" index="0" bw="13" slack="0"/>
<pin id="1120" dir="1" index="1" bw="64" slack="0"/>
</pin_list>
<bind>
<opcode="zext(34) " fcode="zext"/>
<opset="zext_ln134_13/28 "/>
</bind>
</comp>

<comp id="1124" class="1004" name="bitcast_ln134_fu_1124">
<pin_list>
<pin id="1125" dir="0" index="0" bw="32" slack="2"/>
<pin id="1126" dir="1" index="1" bw="32" slack="0"/>
</pin_list>
<bind>
<opcode="bitcast(44) " fcode="bitcast"/>
<opset="bitcast_ln134/29 "/>
</bind>
</comp>

<comp id="1128" class="1004" name="bitcast_ln134_1_fu_1128">
<pin_list>
<pin id="1129" dir="0" index="0" bw="32" slack="2"/>
<pin id="1130" dir="1" index="1" bw="32" slack="0"/>
</pin_list>
<bind>
<opcode="bitcast(44) " fcode="bitcast"/>
<opset="bitcast_ln134_1/30 "/>
</bind>
</comp>

<comp id="1132" class="1004" name="sext_ln134_fu_1132">
<pin_list>
<pin id="1133" dir="0" index="0" bw="8" slack="19"/>
<pin id="1134" dir="1" index="1" bw="13" slack="0"/>
</pin_list>
<bind>
<opcode="sext(35) " fcode="sext"/>
<opset="sext_ln134/30 "/>
</bind>
</comp>

<comp id="1135" class="1004" name="add_ln134_5_fu_1135">
<pin_list>
<pin id="1136" dir="0" index="0" bw="13" slack="7"/>
<pin id="1137" dir="0" index="1" bw="8" slack="0"/>
<pin id="1138" dir="1" index="2" bw="13" slack="0"/>
</pin_list>
<bind>
<opcode="add(8) " fcode="add"/>
<opset="add_ln134_5/30 "/>
</bind>
</comp>

<comp id="1140" class="1004" name="zext_ln134_fu_1140">
<pin_list>
<pin id="1141" dir="0" index="0" bw="13" slack="0"/>
<pin id="1142" dir="1" index="1" bw="64" slack="0"/>
</pin_list>
<bind>
<opcode="zext(34) " fcode="zext"/>
<opset="zext_ln134/30 "/>
</bind>
</comp>

<comp id="1146" class="1004" name="bitcast_ln134_3_fu_1146">
<pin_list>
<pin id="1147" dir="0" index="0" bw="32" slack="2"/>
<pin id="1148" dir="1" index="1" bw="32" slack="0"/>
</pin_list>
<bind>
<opcode="bitcast(44) " fcode="bitcast"/>
<opset="bitcast_ln134_3/31 "/>
</bind>
</comp>

<comp id="1150" class="1004" name="bitcast_ln134_2_fu_1150">
<pin_list>
<pin id="1151" dir="0" index="0" bw="32" slack="2"/>
<pin id="1152" dir="1" index="1" bw="32" slack="0"/>
</pin_list>
<bind>
<opcode="bitcast(44) " fcode="bitcast"/>
<opset="bitcast_ln134_2/33 "/>
</bind>
</comp>

<comp id="1154" class="1004" name="neighbor_height_1_fu_1154">
<pin_list>
<pin id="1155" dir="0" index="0" bw="1" slack="13"/>
<pin id="1156" dir="0" index="1" bw="32" slack="8"/>
<pin id="1157" dir="0" index="2" bw="32" slack="1"/>
<pin id="1158" dir="1" index="3" bw="32" slack="0"/>
</pin_list>
<bind>
<opcode="select(49) " fcode="select"/>
<opset="neighbor_height_1/36 "/>
</bind>
</comp>

<comp id="1161" class="1004" name="bitcast_ln139_1_fu_1161">
<pin_list>
<pin id="1162" dir="0" index="0" bw="32" slack="0"/>
<pin id="1163" dir="1" index="1" bw="32" slack="0"/>
</pin_list>
<bind>
<opcode="bitcast(44) " fcode="bitcast"/>
<opset="bitcast_ln139_1/36 "/>
</bind>
</comp>

<comp id="1165" class="1004" name="tmp_33_fu_1165">
<pin_list>
<pin id="1166" dir="0" index="0" bw="8" slack="0"/>
<pin id="1167" dir="0" index="1" bw="32" slack="0"/>
<pin id="1168" dir="0" index="2" bw="6" slack="0"/>
<pin id="1169" dir="0" index="3" bw="6" slack="0"/>
<pin id="1170" dir="1" index="4" bw="8" slack="0"/>
</pin_list>
<bind>
<opcode="partselect(1002) " fcode="partselect"/>
<opset="tmp_33/36 "/>
</bind>
</comp>

<comp id="1175" class="1004" name="trunc_ln139_1_fu_1175">
<pin_list>
<pin id="1176" dir="0" index="0" bw="32" slack="0"/>
<pin id="1177" dir="1" index="1" bw="23" slack="0"/>
</pin_list>
<bind>
<opcode="trunc(33) " fcode="trunc"/>
<opset="trunc_ln139_1/36 "/>
</bind>
</comp>

<comp id="1179" class="1004" name="icmp_ln139_2_fu_1179">
<pin_list>
<pin id="1180" dir="0" index="0" bw="8" slack="0"/>
<pin id="1181" dir="0" index="1" bw="1" slack="0"/>
<pin id="1182" dir="1" index="2" bw="1" slack="1"/>
</pin_list>
<bind>
<opcode="icmp(45) " fcode="icmp"/>
<opset="icmp_ln139_2/36 "/>
</bind>
</comp>

<comp id="1185" class="1004" name="icmp_ln139_3_fu_1185">
<pin_list>
<pin id="1186" dir="0" index="0" bw="23" slack="0"/>
<pin id="1187" dir="0" index="1" bw="1" slack="0"/>
<pin id="1188" dir="1" index="2" bw="1" slack="1"/>
</pin_list>
<bind>
<opcode="icmp(45) " fcode="icmp"/>
<opset="icmp_ln139_3/36 "/>
</bind>
</comp>

<comp id="1191" class="1004" name="bitcast_ln139_fu_1191">
<pin_list>
<pin id="1192" dir="0" index="0" bw="32" slack="3"/>
<pin id="1193" dir="1" index="1" bw="32" slack="0"/>
</pin_list>
<bind>
<opcode="bitcast(44) " fcode="bitcast"/>
<opset="bitcast_ln139/37 "/>
</bind>
</comp>

<comp id="1194" class="1004" name="tmp_32_fu_1194">
<pin_list>
<pin id="1195" dir="0" index="0" bw="8" slack="0"/>
<pin id="1196" dir="0" index="1" bw="32" slack="0"/>
<pin id="1197" dir="0" index="2" bw="6" slack="0"/>
<pin id="1198" dir="0" index="3" bw="6" slack="0"/>
<pin id="1199" dir="1" index="4" bw="8" slack="0"/>
</pin_list>
<bind>
<opcode="partselect(1002) " fcode="partselect"/>
<opset="tmp_32/37 "/>
</bind>
</comp>

<comp id="1204" class="1004" name="trunc_ln139_fu_1204">
<pin_list>
<pin id="1205" dir="0" index="0" bw="32" slack="0"/>
<pin id="1206" dir="1" index="1" bw="23" slack="0"/>
</pin_list>
<bind>
<opcode="trunc(33) " fcode="trunc"/>
<opset="trunc_ln139/37 "/>
</bind>
</comp>

<comp id="1208" class="1004" name="icmp_ln139_fu_1208">
<pin_list>
<pin id="1209" dir="0" index="0" bw="8" slack="0"/>
<pin id="1210" dir="0" index="1" bw="1" slack="0"/>
<pin id="1211" dir="1" index="2" bw="1" slack="0"/>
</pin_list>
<bind>
<opcode="icmp(45) " fcode="icmp"/>
<opset="icmp_ln139/37 "/>
</bind>
</comp>

<comp id="1214" class="1004" name="icmp_ln139_1_fu_1214">
<pin_list>
<pin id="1215" dir="0" index="0" bw="23" slack="0"/>
<pin id="1216" dir="0" index="1" bw="1" slack="0"/>
<pin id="1217" dir="1" index="2" bw="1" slack="0"/>
</pin_list>
<bind>
<opcode="icmp(45) " fcode="icmp"/>
<opset="icmp_ln139_1/37 "/>
</bind>
</comp>

<comp id="1220" class="1004" name="or_ln139_fu_1220">
<pin_list>
<pin id="1221" dir="0" index="0" bw="1" slack="0"/>
<pin id="1222" dir="0" index="1" bw="1" slack="0"/>
<pin id="1223" dir="1" index="2" bw="1" slack="0"/>
</pin_list>
<bind>
<opcode="or(24) " fcode="or"/>
<opset="or_ln139/37 "/>
</bind>
</comp>

<comp id="1226" class="1004" name="or_ln139_1_fu_1226">
<pin_list>
<pin id="1227" dir="0" index="0" bw="1" slack="1"/>
<pin id="1228" dir="0" index="1" bw="1" slack="1"/>
<pin id="1229" dir="1" index="2" bw="1" slack="0"/>
</pin_list>
<bind>
<opcode="or(24) " fcode="or"/>
<opset="or_ln139_1/37 "/>
</bind>
</comp>

<comp id="1230" class="1004" name="and_ln139_fu_1230">
<pin_list>
<pin id="1231" dir="0" index="0" bw="1" slack="0"/>
<pin id="1232" dir="0" index="1" bw="1" slack="0"/>
<pin id="1233" dir="1" index="2" bw="1" slack="0"/>
</pin_list>
<bind>
<opcode="and(23) " fcode="and"/>
<opset="and_ln139/37 "/>
</bind>
</comp>

<comp id="1236" class="1004" name="and_ln139_1_fu_1236">
<pin_list>
<pin id="1237" dir="0" index="0" bw="1" slack="0"/>
<pin id="1238" dir="0" index="1" bw="1" slack="0"/>
<pin id="1239" dir="1" index="2" bw="1" slack="6"/>
</pin_list>
<bind>
<opcode="and(23) " fcode="and"/>
<opset="and_ln139_1/37 "/>
</bind>
</comp>

<comp id="1242" class="1004" name="neighbor_height_3_fu_1242">
<pin_list>
<pin id="1243" dir="0" index="0" bw="1" slack="12"/>
<pin id="1244" dir="0" index="1" bw="32" slack="9"/>
<pin id="1245" dir="0" index="2" bw="32" slack="1"/>
<pin id="1246" dir="1" index="3" bw="32" slack="0"/>
</pin_list>
<bind>
<opcode="select(49) " fcode="select"/>
<opset="neighbor_height_3/37 "/>
</bind>
</comp>

<comp id="1249" class="1004" name="bitcast_ln139_2_fu_1249">
<pin_list>
<pin id="1250" dir="0" index="0" bw="32" slack="0"/>
<pin id="1251" dir="1" index="1" bw="32" slack="0"/>
</pin_list>
<bind>
<opcode="bitcast(44) " fcode="bitcast"/>
<opset="bitcast_ln139_2/37 "/>
</bind>
</comp>

<comp id="1253" class="1004" name="tmp_39_fu_1253">
<pin_list>
<pin id="1254" dir="0" index="0" bw="8" slack="0"/>
<pin id="1255" dir="0" index="1" bw="32" slack="0"/>
<pin id="1256" dir="0" index="2" bw="6" slack="0"/>
<pin id="1257" dir="0" index="3" bw="6" slack="0"/>
<pin id="1258" dir="1" index="4" bw="8" slack="0"/>
</pin_list>
<bind>
<opcode="partselect(1002) " fcode="partselect"/>
<opset="tmp_39/37 "/>
</bind>
</comp>

<comp id="1263" class="1004" name="trunc_ln139_2_fu_1263">
<pin_list>
<pin id="1264" dir="0" index="0" bw="32" slack="0"/>
<pin id="1265" dir="1" index="1" bw="23" slack="0"/>
</pin_list>
<bind>
<opcode="trunc(33) " fcode="trunc"/>
<opset="trunc_ln139_2/37 "/>
</bind>
</comp>

<comp id="1267" class="1004" name="icmp_ln139_4_fu_1267">
<pin_list>
<pin id="1268" dir="0" index="0" bw="8" slack="0"/>
<pin id="1269" dir="0" index="1" bw="1" slack="0"/>
<pin id="1270" dir="1" index="2" bw="1" slack="1"/>
</pin_list>
<bind>
<opcode="icmp(45) " fcode="icmp"/>
<opset="icmp_ln139_4/37 "/>
</bind>
</comp>

<comp id="1273" class="1004" name="icmp_ln139_5_fu_1273">
<pin_list>
<pin id="1274" dir="0" index="0" bw="23" slack="0"/>
<pin id="1275" dir="0" index="1" bw="1" slack="0"/>
<pin id="1276" dir="1" index="2" bw="1" slack="1"/>
</pin_list>
<bind>
<opcode="icmp(45) " fcode="icmp"/>
<opset="icmp_ln139_5/37 "/>
</bind>
</comp>

<comp id="1279" class="1004" name="icmp_ln128_1_fu_1279">
<pin_list>
<pin id="1280" dir="0" index="0" bw="7" slack="25"/>
<pin id="1281" dir="0" index="1" bw="7" slack="0"/>
<pin id="1282" dir="1" index="2" bw="1" slack="1"/>
</pin_list>
<bind>
<opcode="icmp(45) " fcode="icmp"/>
<opset="icmp_ln128_1/37 "/>
</bind>
</comp>

<comp id="1284" class="1004" name="or_ln139_2_fu_1284">
<pin_list>
<pin id="1285" dir="0" index="0" bw="1" slack="1"/>
<pin id="1286" dir="0" index="1" bw="1" slack="1"/>
<pin id="1287" dir="1" index="2" bw="1" slack="0"/>
</pin_list>
<bind>
<opcode="or(24) " fcode="or"/>
<opset="or_ln139_2/38 "/>
</bind>
</comp>

<comp id="1288" class="1004" name="and_ln139_2_fu_1288">
<pin_list>
<pin id="1289" dir="0" index="0" bw="1" slack="1"/>
<pin id="1290" dir="0" index="1" bw="1" slack="0"/>
<pin id="1291" dir="1" index="2" bw="1" slack="0"/>
</pin_list>
<bind>
<opcode="and(23) " fcode="and"/>
<opset="and_ln139_2/38 "/>
</bind>
</comp>

<comp id="1293" class="1004" name="and_ln139_3_fu_1293">
<pin_list>
<pin id="1294" dir="0" index="0" bw="1" slack="0"/>
<pin id="1295" dir="0" index="1" bw="1" slack="0"/>
<pin id="1296" dir="1" index="2" bw="1" slack="7"/>
</pin_list>
<bind>
<opcode="and(23) " fcode="and"/>
<opset="and_ln139_3/38 "/>
</bind>
</comp>

<comp id="1299" class="1004" name="neighbor_height_7_fu_1299">
<pin_list>
<pin id="1300" dir="0" index="0" bw="1" slack="1"/>
<pin id="1301" dir="0" index="1" bw="32" slack="10"/>
<pin id="1302" dir="0" index="2" bw="32" slack="1"/>
<pin id="1303" dir="1" index="3" bw="32" slack="0"/>
</pin_list>
<bind>
<opcode="select(49) " fcode="select"/>
<opset="neighbor_height_7/38 "/>
</bind>
</comp>

<comp id="1306" class="1004" name="bitcast_ln139_4_fu_1306">
<pin_list>
<pin id="1307" dir="0" index="0" bw="32" slack="0"/>
<pin id="1308" dir="1" index="1" bw="32" slack="0"/>
</pin_list>
<bind>
<opcode="bitcast(44) " fcode="bitcast"/>
<opset="bitcast_ln139_4/38 "/>
</bind>
</comp>

<comp id="1310" class="1004" name="tmp_50_fu_1310">
<pin_list>
<pin id="1311" dir="0" index="0" bw="8" slack="0"/>
<pin id="1312" dir="0" index="1" bw="32" slack="0"/>
<pin id="1313" dir="0" index="2" bw="6" slack="0"/>
<pin id="1314" dir="0" index="3" bw="6" slack="0"/>
<pin id="1315" dir="1" index="4" bw="8" slack="0"/>
</pin_list>
<bind>
<opcode="partselect(1002) " fcode="partselect"/>
<opset="tmp_50/38 "/>
</bind>
</comp>

<comp id="1320" class="1004" name="trunc_ln139_4_fu_1320">
<pin_list>
<pin id="1321" dir="0" index="0" bw="32" slack="0"/>
<pin id="1322" dir="1" index="1" bw="23" slack="0"/>
</pin_list>
<bind>
<opcode="trunc(33) " fcode="trunc"/>
<opset="trunc_ln139_4/38 "/>
</bind>
</comp>

<comp id="1324" class="1004" name="icmp_ln139_8_fu_1324">
<pin_list>
<pin id="1325" dir="0" index="0" bw="8" slack="0"/>
<pin id="1326" dir="0" index="1" bw="1" slack="0"/>
<pin id="1327" dir="1" index="2" bw="1" slack="1"/>
</pin_list>
<bind>
<opcode="icmp(45) " fcode="icmp"/>
<opset="icmp_ln139_8/38 "/>
</bind>
</comp>

<comp id="1330" class="1004" name="icmp_ln139_9_fu_1330">
<pin_list>
<pin id="1331" dir="0" index="0" bw="23" slack="0"/>
<pin id="1332" dir="0" index="1" bw="1" slack="0"/>
<pin id="1333" dir="1" index="2" bw="1" slack="1"/>
</pin_list>
<bind>
<opcode="icmp(45) " fcode="icmp"/>
<opset="icmp_ln139_9/38 "/>
</bind>
</comp>

<comp id="1336" class="1004" name="icmp_ln128_fu_1336">
<pin_list>
<pin id="1337" dir="0" index="0" bw="8" slack="28"/>
<pin id="1338" dir="0" index="1" bw="8" slack="0"/>
<pin id="1339" dir="1" index="2" bw="1" slack="1"/>
</pin_list>
<bind>
<opcode="icmp(45) " fcode="icmp"/>
<opset="icmp_ln128/39 "/>
</bind>
</comp>

<comp id="1341" class="1004" name="or_ln139_4_fu_1341">
<pin_list>
<pin id="1342" dir="0" index="0" bw="1" slack="1"/>
<pin id="1343" dir="0" index="1" bw="1" slack="1"/>
<pin id="1344" dir="1" index="2" bw="1" slack="0"/>
</pin_list>
<bind>
<opcode="or(24) " fcode="or"/>
<opset="or_ln139_4/39 "/>
</bind>
</comp>

<comp id="1345" class="1004" name="and_ln139_6_fu_1345">
<pin_list>
<pin id="1346" dir="0" index="0" bw="1" slack="2"/>
<pin id="1347" dir="0" index="1" bw="1" slack="0"/>
<pin id="1348" dir="1" index="2" bw="1" slack="0"/>
</pin_list>
<bind>
<opcode="and(23) " fcode="and"/>
<opset="and_ln139_6/39 "/>
</bind>
</comp>

<comp id="1350" class="1004" name="and_ln139_7_fu_1350">
<pin_list>
<pin id="1351" dir="0" index="0" bw="1" slack="0"/>
<pin id="1352" dir="0" index="1" bw="1" slack="0"/>
<pin id="1353" dir="1" index="2" bw="1" slack="10"/>
</pin_list>
<bind>
<opcode="and(23) " fcode="and"/>
<opset="and_ln139_7/39 "/>
</bind>
</comp>

<comp id="1356" class="1004" name="neighbor_height_5_fu_1356">
<pin_list>
<pin id="1357" dir="0" index="0" bw="1" slack="1"/>
<pin id="1358" dir="0" index="1" bw="32" slack="12"/>
<pin id="1359" dir="0" index="2" bw="32" slack="1"/>
<pin id="1360" dir="1" index="3" bw="32" slack="0"/>
</pin_list>
<bind>
<opcode="select(49) " fcode="select"/>
<opset="neighbor_height_5/40 "/>
</bind>
</comp>

<comp id="1363" class="1004" name="bitcast_ln139_3_fu_1363">
<pin_list>
<pin id="1364" dir="0" index="0" bw="32" slack="0"/>
<pin id="1365" dir="1" index="1" bw="32" slack="0"/>
</pin_list>
<bind>
<opcode="bitcast(44) " fcode="bitcast"/>
<opset="bitcast_ln139_3/40 "/>
</bind>
</comp>

<comp id="1367" class="1004" name="tmp_44_fu_1367">
<pin_list>
<pin id="1368" dir="0" index="0" bw="8" slack="0"/>
<pin id="1369" dir="0" index="1" bw="32" slack="0"/>
<pin id="1370" dir="0" index="2" bw="6" slack="0"/>
<pin id="1371" dir="0" index="3" bw="6" slack="0"/>
<pin id="1372" dir="1" index="4" bw="8" slack="0"/>
</pin_list>
<bind>
<opcode="partselect(1002) " fcode="partselect"/>
<opset="tmp_44/40 "/>
</bind>
</comp>

<comp id="1377" class="1004" name="trunc_ln139_3_fu_1377">
<pin_list>
<pin id="1378" dir="0" index="0" bw="32" slack="0"/>
<pin id="1379" dir="1" index="1" bw="23" slack="0"/>
</pin_list>
<bind>
<opcode="trunc(33) " fcode="trunc"/>
<opset="trunc_ln139_3/40 "/>
</bind>
</comp>

<comp id="1381" class="1004" name="icmp_ln139_6_fu_1381">
<pin_list>
<pin id="1382" dir="0" index="0" bw="8" slack="0"/>
<pin id="1383" dir="0" index="1" bw="1" slack="0"/>
<pin id="1384" dir="1" index="2" bw="1" slack="1"/>
</pin_list>
<bind>
<opcode="icmp(45) " fcode="icmp"/>
<opset="icmp_ln139_6/40 "/>
</bind>
</comp>

<comp id="1387" class="1004" name="icmp_ln139_7_fu_1387">
<pin_list>
<pin id="1388" dir="0" index="0" bw="23" slack="0"/>
<pin id="1389" dir="0" index="1" bw="1" slack="0"/>
<pin id="1390" dir="1" index="2" bw="1" slack="1"/>
</pin_list>
<bind>
<opcode="icmp(45) " fcode="icmp"/>
<opset="icmp_ln139_7/40 "/>
</bind>
</comp>

<comp id="1393" class="1004" name="or_ln139_3_fu_1393">
<pin_list>
<pin id="1394" dir="0" index="0" bw="1" slack="1"/>
<pin id="1395" dir="0" index="1" bw="1" slack="1"/>
<pin id="1396" dir="1" index="2" bw="1" slack="0"/>
</pin_list>
<bind>
<opcode="or(24) " fcode="or"/>
<opset="or_ln139_3/41 "/>
</bind>
</comp>

<comp id="1397" class="1004" name="and_ln139_4_fu_1397">
<pin_list>
<pin id="1398" dir="0" index="0" bw="1" slack="4"/>
<pin id="1399" dir="0" index="1" bw="1" slack="0"/>
<pin id="1400" dir="1" index="2" bw="1" slack="0"/>
</pin_list>
<bind>
<opcode="and(23) " fcode="and"/>
<opset="and_ln139_4/41 "/>
</bind>
</comp>

<comp id="1402" class="1004" name="and_ln139_5_fu_1402">
<pin_list>
<pin id="1403" dir="0" index="0" bw="1" slack="0"/>
<pin id="1404" dir="0" index="1" bw="1" slack="0"/>
<pin id="1405" dir="1" index="2" bw="1" slack="6"/>
</pin_list>
<bind>
<opcode="and(23) " fcode="and"/>
<opset="and_ln139_5/41 "/>
</bind>
</comp>

<comp id="1408" class="1004" name="bitcast_ln142_fu_1408">
<pin_list>
<pin id="1409" dir="0" index="0" bw="32" slack="2"/>
<pin id="1410" dir="1" index="1" bw="32" slack="0"/>
</pin_list>
<bind>
<opcode="bitcast(44) " fcode="bitcast"/>
<opset="bitcast_ln142/44 "/>
</bind>
</comp>

<comp id="1411" class="1004" name="tmp_35_fu_1411">
<pin_list>
<pin id="1412" dir="0" index="0" bw="8" slack="0"/>
<pin id="1413" dir="0" index="1" bw="32" slack="0"/>
<pin id="1414" dir="0" index="2" bw="6" slack="0"/>
<pin id="1415" dir="0" index="3" bw="6" slack="0"/>
<pin id="1416" dir="1" index="4" bw="8" slack="0"/>
</pin_list>
<bind>
<opcode="partselect(1002) " fcode="partselect"/>
<opset="tmp_35/44 "/>
</bind>
</comp>

<comp id="1421" class="1004" name="trunc_ln142_fu_1421">
<pin_list>
<pin id="1422" dir="0" index="0" bw="32" slack="0"/>
<pin id="1423" dir="1" index="1" bw="23" slack="0"/>
</pin_list>
<bind>
<opcode="trunc(33) " fcode="trunc"/>
<opset="trunc_ln142/44 "/>
</bind>
</comp>

<comp id="1425" class="1004" name="icmp_ln142_fu_1425">
<pin_list>
<pin id="1426" dir="0" index="0" bw="8" slack="0"/>
<pin id="1427" dir="0" index="1" bw="1" slack="0"/>
<pin id="1428" dir="1" index="2" bw="1" slack="0"/>
</pin_list>
<bind>
<opcode="icmp(45) " fcode="icmp"/>
<opset="icmp_ln142/44 "/>
</bind>
</comp>

<comp id="1431" class="1004" name="icmp_ln142_1_fu_1431">
<pin_list>
<pin id="1432" dir="0" index="0" bw="23" slack="0"/>
<pin id="1433" dir="0" index="1" bw="1" slack="0"/>
<pin id="1434" dir="1" index="2" bw="1" slack="0"/>
</pin_list>
<bind>
<opcode="icmp(45) " fcode="icmp"/>
<opset="icmp_ln142_1/44 "/>
</bind>
</comp>

<comp id="1437" class="1004" name="or_ln142_fu_1437">
<pin_list>
<pin id="1438" dir="0" index="0" bw="1" slack="0"/>
<pin id="1439" dir="0" index="1" bw="1" slack="0"/>
<pin id="1440" dir="1" index="2" bw="1" slack="0"/>
</pin_list>
<bind>
<opcode="or(24) " fcode="or"/>
<opset="or_ln142/44 "/>
</bind>
</comp>

<comp id="1443" class="1004" name="and_ln142_fu_1443">
<pin_list>
<pin id="1444" dir="0" index="0" bw="1" slack="0"/>
<pin id="1445" dir="0" index="1" bw="1" slack="0"/>
<pin id="1446" dir="1" index="2" bw="1" slack="0"/>
</pin_list>
<bind>
<opcode="and(23) " fcode="and"/>
<opset="and_ln142/44 "/>
</bind>
</comp>

<comp id="1449" class="1004" name="my_spillage_level_fu_1449">
<pin_list>
<pin id="1450" dir="0" index="0" bw="1" slack="0"/>
<pin id="1451" dir="0" index="1" bw="32" slack="0"/>
<pin id="1452" dir="0" index="2" bw="32" slack="2"/>
<pin id="1453" dir="1" index="3" bw="32" slack="0"/>
</pin_list>
<bind>
<opcode="select(49) " fcode="select"/>
<opset="my_spillage_level/44 "/>
</bind>
</comp>

<comp id="1456" class="1004" name="my_spillage_level_1_fu_1456">
<pin_list>
<pin id="1457" dir="0" index="0" bw="1" slack="7"/>
<pin id="1458" dir="0" index="1" bw="32" slack="0"/>
<pin id="1459" dir="0" index="2" bw="32" slack="0"/>
<pin id="1460" dir="1" index="3" bw="32" slack="1"/>
</pin_list>
<bind>
<opcode="select(49) " fcode="select"/>
<opset="my_spillage_level_1/44 "/>
</bind>
</comp>

<comp id="1463" class="1004" name="bitcast_ln142_1_fu_1463">
<pin_list>
<pin id="1464" dir="0" index="0" bw="32" slack="2"/>
<pin id="1465" dir="1" index="1" bw="32" slack="0"/>
</pin_list>
<bind>
<opcode="bitcast(44) " fcode="bitcast"/>
<opset="bitcast_ln142_1/46 "/>
</bind>
</comp>

<comp id="1466" class="1004" name="tmp_41_fu_1466">
<pin_list>
<pin id="1467" dir="0" index="0" bw="8" slack="0"/>
<pin id="1468" dir="0" index="1" bw="32" slack="0"/>
<pin id="1469" dir="0" index="2" bw="6" slack="0"/>
<pin id="1470" dir="0" index="3" bw="6" slack="0"/>
<pin id="1471" dir="1" index="4" bw="8" slack="0"/>
</pin_list>
<bind>
<opcode="partselect(1002) " fcode="partselect"/>
<opset="tmp_41/46 "/>
</bind>
</comp>

<comp id="1476" class="1004" name="trunc_ln142_1_fu_1476">
<pin_list>
<pin id="1477" dir="0" index="0" bw="32" slack="0"/>
<pin id="1478" dir="1" index="1" bw="23" slack="0"/>
</pin_list>
<bind>
<opcode="trunc(33) " fcode="trunc"/>
<opset="trunc_ln142_1/46 "/>
</bind>
</comp>

<comp id="1480" class="1004" name="bitcast_ln142_2_fu_1480">
<pin_list>
<pin id="1481" dir="0" index="0" bw="32" slack="3"/>
<pin id="1482" dir="1" index="1" bw="32" slack="0"/>
</pin_list>
<bind>
<opcode="bitcast(44) " fcode="bitcast"/>
<opset="bitcast_ln142_2/46 "/>
</bind>
</comp>

<comp id="1483" class="1004" name="tmp_42_fu_1483">
<pin_list>
<pin id="1484" dir="0" index="0" bw="8" slack="0"/>
<pin id="1485" dir="0" index="1" bw="32" slack="0"/>
<pin id="1486" dir="0" index="2" bw="6" slack="0"/>
<pin id="1487" dir="0" index="3" bw="6" slack="0"/>
<pin id="1488" dir="1" index="4" bw="8" slack="0"/>
</pin_list>
<bind>
<opcode="partselect(1002) " fcode="partselect"/>
<opset="tmp_42/46 "/>
</bind>
</comp>

<comp id="1493" class="1004" name="trunc_ln142_2_fu_1493">
<pin_list>
<pin id="1494" dir="0" index="0" bw="32" slack="0"/>
<pin id="1495" dir="1" index="1" bw="23" slack="0"/>
</pin_list>
<bind>
<opcode="trunc(33) " fcode="trunc"/>
<opset="trunc_ln142_2/46 "/>
</bind>
</comp>

<comp id="1497" class="1004" name="icmp_ln142_2_fu_1497">
<pin_list>
<pin id="1498" dir="0" index="0" bw="8" slack="0"/>
<pin id="1499" dir="0" index="1" bw="1" slack="0"/>
<pin id="1500" dir="1" index="2" bw="1" slack="0"/>
</pin_list>
<bind>
<opcode="icmp(45) " fcode="icmp"/>
<opset="icmp_ln142_2/46 "/>
</bind>
</comp>

<comp id="1503" class="1004" name="icmp_ln142_3_fu_1503">
<pin_list>
<pin id="1504" dir="0" index="0" bw="23" slack="0"/>
<pin id="1505" dir="0" index="1" bw="1" slack="0"/>
<pin id="1506" dir="1" index="2" bw="1" slack="0"/>
</pin_list>
<bind>
<opcode="icmp(45) " fcode="icmp"/>
<opset="icmp_ln142_3/46 "/>
</bind>
</comp>

<comp id="1509" class="1004" name="or_ln142_1_fu_1509">
<pin_list>
<pin id="1510" dir="0" index="0" bw="1" slack="0"/>
<pin id="1511" dir="0" index="1" bw="1" slack="0"/>
<pin id="1512" dir="1" index="2" bw="1" slack="0"/>
</pin_list>
<bind>
<opcode="or(24) " fcode="or"/>
<opset="or_ln142_1/46 "/>
</bind>
</comp>

<comp id="1515" class="1004" name="icmp_ln142_4_fu_1515">
<pin_list>
<pin id="1516" dir="0" index="0" bw="8" slack="0"/>
<pin id="1517" dir="0" index="1" bw="1" slack="0"/>
<pin id="1518" dir="1" index="2" bw="1" slack="0"/>
</pin_list>
<bind>
<opcode="icmp(45) " fcode="icmp"/>
<opset="icmp_ln142_4/46 "/>
</bind>
</comp>

<comp id="1521" class="1004" name="icmp_ln142_5_fu_1521">
<pin_list>
<pin id="1522" dir="0" index="0" bw="23" slack="0"/>
<pin id="1523" dir="0" index="1" bw="1" slack="0"/>
<pin id="1524" dir="1" index="2" bw="1" slack="0"/>
</pin_list>
<bind>
<opcode="icmp(45) " fcode="icmp"/>
<opset="icmp_ln142_5/46 "/>
</bind>
</comp>

<comp id="1527" class="1004" name="or_ln142_2_fu_1527">
<pin_list>
<pin id="1528" dir="0" index="0" bw="1" slack="0"/>
<pin id="1529" dir="0" index="1" bw="1" slack="0"/>
<pin id="1530" dir="1" index="2" bw="1" slack="0"/>
</pin_list>
<bind>
<opcode="or(24) " fcode="or"/>
<opset="or_ln142_2/46 "/>
</bind>
</comp>

<comp id="1533" class="1004" name="and_ln142_1_fu_1533">
<pin_list>
<pin id="1534" dir="0" index="0" bw="1" slack="0"/>
<pin id="1535" dir="0" index="1" bw="1" slack="0"/>
<pin id="1536" dir="1" index="2" bw="1" slack="0"/>
</pin_list>
<bind>
<opcode="and(23) " fcode="and"/>
<opset="and_ln142_1/46 "/>
</bind>
</comp>

<comp id="1539" class="1004" name="and_ln142_2_fu_1539">
<pin_list>
<pin id="1540" dir="0" index="0" bw="1" slack="0"/>
<pin id="1541" dir="0" index="1" bw="1" slack="0"/>
<pin id="1542" dir="1" index="2" bw="1" slack="0"/>
</pin_list>
<bind>
<opcode="and(23) " fcode="and"/>
<opset="and_ln142_2/46 "/>
</bind>
</comp>

<comp id="1545" class="1004" name="my_spillage_level_2_fu_1545">
<pin_list>
<pin id="1546" dir="0" index="0" bw="1" slack="0"/>
<pin id="1547" dir="0" index="1" bw="32" slack="2"/>
<pin id="1548" dir="0" index="2" bw="32" slack="3"/>
<pin id="1549" dir="1" index="3" bw="32" slack="0"/>
</pin_list>
<bind>
<opcode="select(49) " fcode="select"/>
<opset="my_spillage_level_2/46 "/>
</bind>
</comp>

<comp id="1551" class="1004" name="my_spillage_level_3_fu_1551">
<pin_list>
<pin id="1552" dir="0" index="0" bw="1" slack="8"/>
<pin id="1553" dir="0" index="1" bw="32" slack="0"/>
<pin id="1554" dir="0" index="2" bw="32" slack="2"/>
<pin id="1555" dir="1" index="3" bw="32" slack="1"/>
</pin_list>
<bind>
<opcode="select(49) " fcode="select"/>
<opset="my_spillage_level_3/46 "/>
</bind>
</comp>

<comp id="1557" class="1004" name="bitcast_ln142_3_fu_1557">
<pin_list>
<pin id="1558" dir="0" index="0" bw="32" slack="2"/>
<pin id="1559" dir="1" index="1" bw="32" slack="0"/>
</pin_list>
<bind>
<opcode="bitcast(44) " fcode="bitcast"/>
<opset="bitcast_ln142_3/48 "/>
</bind>
</comp>

<comp id="1560" class="1004" name="tmp_46_fu_1560">
<pin_list>
<pin id="1561" dir="0" index="0" bw="8" slack="0"/>
<pin id="1562" dir="0" index="1" bw="32" slack="0"/>
<pin id="1563" dir="0" index="2" bw="6" slack="0"/>
<pin id="1564" dir="0" index="3" bw="6" slack="0"/>
<pin id="1565" dir="1" index="4" bw="8" slack="0"/>
</pin_list>
<bind>
<opcode="partselect(1002) " fcode="partselect"/>
<opset="tmp_46/48 "/>
</bind>
</comp>

<comp id="1570" class="1004" name="trunc_ln142_3_fu_1570">
<pin_list>
<pin id="1571" dir="0" index="0" bw="32" slack="0"/>
<pin id="1572" dir="1" index="1" bw="23" slack="0"/>
</pin_list>
<bind>
<opcode="trunc(33) " fcode="trunc"/>
<opset="trunc_ln142_3/48 "/>
</bind>
</comp>

<comp id="1574" class="1004" name="bitcast_ln142_4_fu_1574">
<pin_list>
<pin id="1575" dir="0" index="0" bw="32" slack="2"/>
<pin id="1576" dir="1" index="1" bw="32" slack="0"/>
</pin_list>
<bind>
<opcode="bitcast(44) " fcode="bitcast"/>
<opset="bitcast_ln142_4/48 "/>
</bind>
</comp>

<comp id="1577" class="1004" name="tmp_47_fu_1577">
<pin_list>
<pin id="1578" dir="0" index="0" bw="8" slack="0"/>
<pin id="1579" dir="0" index="1" bw="32" slack="0"/>
<pin id="1580" dir="0" index="2" bw="6" slack="0"/>
<pin id="1581" dir="0" index="3" bw="6" slack="0"/>
<pin id="1582" dir="1" index="4" bw="8" slack="0"/>
</pin_list>
<bind>
<opcode="partselect(1002) " fcode="partselect"/>
<opset="tmp_47/48 "/>
</bind>
</comp>

<comp id="1587" class="1004" name="trunc_ln142_4_fu_1587">
<pin_list>
<pin id="1588" dir="0" index="0" bw="32" slack="0"/>
<pin id="1589" dir="1" index="1" bw="23" slack="0"/>
</pin_list>
<bind>
<opcode="trunc(33) " fcode="trunc"/>
<opset="trunc_ln142_4/48 "/>
</bind>
</comp>

<comp id="1591" class="1004" name="icmp_ln142_6_fu_1591">
<pin_list>
<pin id="1592" dir="0" index="0" bw="8" slack="0"/>
<pin id="1593" dir="0" index="1" bw="1" slack="0"/>
<pin id="1594" dir="1" index="2" bw="1" slack="0"/>
</pin_list>
<bind>
<opcode="icmp(45) " fcode="icmp"/>
<opset="icmp_ln142_6/48 "/>
</bind>
</comp>

<comp id="1597" class="1004" name="icmp_ln142_7_fu_1597">
<pin_list>
<pin id="1598" dir="0" index="0" bw="23" slack="0"/>
<pin id="1599" dir="0" index="1" bw="1" slack="0"/>
<pin id="1600" dir="1" index="2" bw="1" slack="0"/>
</pin_list>
<bind>
<opcode="icmp(45) " fcode="icmp"/>
<opset="icmp_ln142_7/48 "/>
</bind>
</comp>

<comp id="1603" class="1004" name="or_ln142_3_fu_1603">
<pin_list>
<pin id="1604" dir="0" index="0" bw="1" slack="0"/>
<pin id="1605" dir="0" index="1" bw="1" slack="0"/>
<pin id="1606" dir="1" index="2" bw="1" slack="0"/>
</pin_list>
<bind>
<opcode="or(24) " fcode="or"/>
<opset="or_ln142_3/48 "/>
</bind>
</comp>

<comp id="1609" class="1004" name="icmp_ln142_8_fu_1609">
<pin_list>
<pin id="1610" dir="0" index="0" bw="8" slack="0"/>
<pin id="1611" dir="0" index="1" bw="1" slack="0"/>
<pin id="1612" dir="1" index="2" bw="1" slack="0"/>
</pin_list>
<bind>
<opcode="icmp(45) " fcode="icmp"/>
<opset="icmp_ln142_8/48 "/>
</bind>
</comp>

<comp id="1615" class="1004" name="icmp_ln142_9_fu_1615">
<pin_list>
<pin id="1616" dir="0" index="0" bw="23" slack="0"/>
<pin id="1617" dir="0" index="1" bw="1" slack="0"/>
<pin id="1618" dir="1" index="2" bw="1" slack="0"/>
</pin_list>
<bind>
<opcode="icmp(45) " fcode="icmp"/>
<opset="icmp_ln142_9/48 "/>
</bind>
</comp>

<comp id="1621" class="1004" name="or_ln142_4_fu_1621">
<pin_list>
<pin id="1622" dir="0" index="0" bw="1" slack="0"/>
<pin id="1623" dir="0" index="1" bw="1" slack="0"/>
<pin id="1624" dir="1" index="2" bw="1" slack="0"/>
</pin_list>
<bind>
<opcode="or(24) " fcode="or"/>
<opset="or_ln142_4/48 "/>
</bind>
</comp>

<comp id="1627" class="1004" name="and_ln142_3_fu_1627">
<pin_list>
<pin id="1628" dir="0" index="0" bw="1" slack="0"/>
<pin id="1629" dir="0" index="1" bw="1" slack="0"/>
<pin id="1630" dir="1" index="2" bw="1" slack="0"/>
</pin_list>
<bind>
<opcode="and(23) " fcode="and"/>
<opset="and_ln142_3/48 "/>
</bind>
</comp>

<comp id="1633" class="1004" name="and_ln142_4_fu_1633">
<pin_list>
<pin id="1634" dir="0" index="0" bw="1" slack="0"/>
<pin id="1635" dir="0" index="1" bw="1" slack="0"/>
<pin id="1636" dir="1" index="2" bw="1" slack="0"/>
</pin_list>
<bind>
<opcode="and(23) " fcode="and"/>
<opset="and_ln142_4/48 "/>
</bind>
</comp>

<comp id="1639" class="1004" name="my_spillage_level_4_fu_1639">
<pin_list>
<pin id="1640" dir="0" index="0" bw="1" slack="0"/>
<pin id="1641" dir="0" index="1" bw="32" slack="2"/>
<pin id="1642" dir="0" index="2" bw="32" slack="2"/>
<pin id="1643" dir="1" index="3" bw="32" slack="0"/>
</pin_list>
<bind>
<opcode="select(49) " fcode="select"/>
<opset="my_spillage_level_4/48 "/>
</bind>
</comp>

<comp id="1645" class="1004" name="my_spillage_level_5_fu_1645">
<pin_list>
<pin id="1646" dir="0" index="0" bw="1" slack="7"/>
<pin id="1647" dir="0" index="1" bw="32" slack="0"/>
<pin id="1648" dir="0" index="2" bw="32" slack="2"/>
<pin id="1649" dir="1" index="3" bw="32" slack="1"/>
</pin_list>
<bind>
<opcode="select(49) " fcode="select"/>
<opset="my_spillage_level_5/48 "/>
</bind>
</comp>

<comp id="1651" class="1004" name="sum_diff_1_fu_1651">
<pin_list>
<pin id="1652" dir="0" index="0" bw="1" slack="12"/>
<pin id="1653" dir="0" index="1" bw="32" slack="0"/>
<pin id="1654" dir="0" index="2" bw="32" slack="0"/>
<pin id="1655" dir="1" index="3" bw="32" slack="1"/>
</pin_list>
<bind>
<opcode="select(49) " fcode="select"/>
<opset="sum_diff_1/49 "/>
</bind>
</comp>

<comp id="1658" class="1004" name="bitcast_ln142_5_fu_1658">
<pin_list>
<pin id="1659" dir="0" index="0" bw="32" slack="2"/>
<pin id="1660" dir="1" index="1" bw="32" slack="0"/>
</pin_list>
<bind>
<opcode="bitcast(44) " fcode="bitcast"/>
<opset="bitcast_ln142_5/50 "/>
</bind>
</comp>

<comp id="1661" class="1004" name="tmp_55_fu_1661">
<pin_list>
<pin id="1662" dir="0" index="0" bw="8" slack="0"/>
<pin id="1663" dir="0" index="1" bw="32" slack="0"/>
<pin id="1664" dir="0" index="2" bw="6" slack="0"/>
<pin id="1665" dir="0" index="3" bw="6" slack="0"/>
<pin id="1666" dir="1" index="4" bw="8" slack="0"/>
</pin_list>
<bind>
<opcode="partselect(1002) " fcode="partselect"/>
<opset="tmp_55/50 "/>
</bind>
</comp>

<comp id="1671" class="1004" name="trunc_ln142_5_fu_1671">
<pin_list>
<pin id="1672" dir="0" index="0" bw="32" slack="0"/>
<pin id="1673" dir="1" index="1" bw="23" slack="0"/>
</pin_list>
<bind>
<opcode="trunc(33) " fcode="trunc"/>
<opset="trunc_ln142_5/50 "/>
</bind>
</comp>

<comp id="1675" class="1004" name="bitcast_ln142_6_fu_1675">
<pin_list>
<pin id="1676" dir="0" index="0" bw="32" slack="6"/>
<pin id="1677" dir="1" index="1" bw="32" slack="0"/>
</pin_list>
<bind>
<opcode="bitcast(44) " fcode="bitcast"/>
<opset="bitcast_ln142_6/50 "/>
</bind>
</comp>

<comp id="1678" class="1004" name="tmp_56_fu_1678">
<pin_list>
<pin id="1679" dir="0" index="0" bw="8" slack="0"/>
<pin id="1680" dir="0" index="1" bw="32" slack="0"/>
<pin id="1681" dir="0" index="2" bw="6" slack="0"/>
<pin id="1682" dir="0" index="3" bw="6" slack="0"/>
<pin id="1683" dir="1" index="4" bw="8" slack="0"/>
</pin_list>
<bind>
<opcode="partselect(1002) " fcode="partselect"/>
<opset="tmp_56/50 "/>
</bind>
</comp>

<comp id="1688" class="1004" name="trunc_ln142_6_fu_1688">
<pin_list>
<pin id="1689" dir="0" index="0" bw="32" slack="0"/>
<pin id="1690" dir="1" index="1" bw="23" slack="0"/>
</pin_list>
<bind>
<opcode="trunc(33) " fcode="trunc"/>
<opset="trunc_ln142_6/50 "/>
</bind>
</comp>

<comp id="1692" class="1004" name="icmp_ln142_10_fu_1692">
<pin_list>
<pin id="1693" dir="0" index="0" bw="8" slack="0"/>
<pin id="1694" dir="0" index="1" bw="1" slack="0"/>
<pin id="1695" dir="1" index="2" bw="1" slack="0"/>
</pin_list>
<bind>
<opcode="icmp(45) " fcode="icmp"/>
<opset="icmp_ln142_10/50 "/>
</bind>
</comp>

<comp id="1698" class="1004" name="icmp_ln142_11_fu_1698">
<pin_list>
<pin id="1699" dir="0" index="0" bw="23" slack="0"/>
<pin id="1700" dir="0" index="1" bw="1" slack="0"/>
<pin id="1701" dir="1" index="2" bw="1" slack="0"/>
</pin_list>
<bind>
<opcode="icmp(45) " fcode="icmp"/>
<opset="icmp_ln142_11/50 "/>
</bind>
</comp>

<comp id="1704" class="1004" name="or_ln142_5_fu_1704">
<pin_list>
<pin id="1705" dir="0" index="0" bw="1" slack="0"/>
<pin id="1706" dir="0" index="1" bw="1" slack="0"/>
<pin id="1707" dir="1" index="2" bw="1" slack="0"/>
</pin_list>
<bind>
<opcode="or(24) " fcode="or"/>
<opset="or_ln142_5/50 "/>
</bind>
</comp>

<comp id="1710" class="1004" name="icmp_ln142_12_fu_1710">
<pin_list>
<pin id="1711" dir="0" index="0" bw="8" slack="0"/>
<pin id="1712" dir="0" index="1" bw="1" slack="0"/>
<pin id="1713" dir="1" index="2" bw="1" slack="0"/>
</pin_list>
<bind>
<opcode="icmp(45) " fcode="icmp"/>
<opset="icmp_ln142_12/50 "/>
</bind>
</comp>

<comp id="1716" class="1004" name="icmp_ln142_13_fu_1716">
<pin_list>
<pin id="1717" dir="0" index="0" bw="23" slack="0"/>
<pin id="1718" dir="0" index="1" bw="1" slack="0"/>
<pin id="1719" dir="1" index="2" bw="1" slack="0"/>
</pin_list>
<bind>
<opcode="icmp(45) " fcode="icmp"/>
<opset="icmp_ln142_13/50 "/>
</bind>
</comp>

<comp id="1722" class="1004" name="or_ln142_6_fu_1722">
<pin_list>
<pin id="1723" dir="0" index="0" bw="1" slack="0"/>
<pin id="1724" dir="0" index="1" bw="1" slack="0"/>
<pin id="1725" dir="1" index="2" bw="1" slack="0"/>
</pin_list>
<bind>
<opcode="or(24) " fcode="or"/>
<opset="or_ln142_6/50 "/>
</bind>
</comp>

<comp id="1728" class="1004" name="and_ln142_5_fu_1728">
<pin_list>
<pin id="1729" dir="0" index="0" bw="1" slack="0"/>
<pin id="1730" dir="0" index="1" bw="1" slack="0"/>
<pin id="1731" dir="1" index="2" bw="1" slack="0"/>
</pin_list>
<bind>
<opcode="and(23) " fcode="and"/>
<opset="and_ln142_5/50 "/>
</bind>
</comp>

<comp id="1734" class="1004" name="and_ln142_6_fu_1734">
<pin_list>
<pin id="1735" dir="0" index="0" bw="1" slack="0"/>
<pin id="1736" dir="0" index="1" bw="1" slack="0"/>
<pin id="1737" dir="1" index="2" bw="1" slack="0"/>
</pin_list>
<bind>
<opcode="and(23) " fcode="and"/>
<opset="and_ln142_6/50 "/>
</bind>
</comp>

<comp id="1740" class="1004" name="my_spillage_level_6_fu_1740">
<pin_list>
<pin id="1741" dir="0" index="0" bw="1" slack="0"/>
<pin id="1742" dir="0" index="1" bw="32" slack="2"/>
<pin id="1743" dir="0" index="2" bw="32" slack="6"/>
<pin id="1744" dir="1" index="3" bw="32" slack="0"/>
</pin_list>
<bind>
<opcode="select(49) " fcode="select"/>
<opset="my_spillage_level_6/50 "/>
</bind>
</comp>

<comp id="1746" class="1004" name="my_spillage_level_7_fu_1746">
<pin_list>
<pin id="1747" dir="0" index="0" bw="1" slack="11"/>
<pin id="1748" dir="0" index="1" bw="32" slack="0"/>
<pin id="1749" dir="0" index="2" bw="32" slack="2"/>
<pin id="1750" dir="1" index="3" bw="32" slack="1"/>
</pin_list>
<bind>
<opcode="select(49) " fcode="select"/>
<opset="my_spillage_level_7/50 "/>
</bind>
</comp>

<comp id="1752" class="1004" name="bitcast_ln145_fu_1752">
<pin_list>
<pin id="1753" dir="0" index="0" bw="32" slack="25"/>
<pin id="1754" dir="1" index="1" bw="32" slack="0"/>
</pin_list>
<bind>
<opcode="bitcast(44) " fcode="bitcast"/>
<opset="bitcast_ln145/52 "/>
</bind>
</comp>

<comp id="1755" class="1004" name="tmp_58_fu_1755">
<pin_list>
<pin id="1756" dir="0" index="0" bw="8" slack="0"/>
<pin id="1757" dir="0" index="1" bw="32" slack="0"/>
<pin id="1758" dir="0" index="2" bw="6" slack="0"/>
<pin id="1759" dir="0" index="3" bw="6" slack="0"/>
<pin id="1760" dir="1" index="4" bw="8" slack="0"/>
</pin_list>
<bind>
<opcode="partselect(1002) " fcode="partselect"/>
<opset="tmp_58/52 "/>
</bind>
</comp>

<comp id="1765" class="1004" name="trunc_ln145_fu_1765">
<pin_list>
<pin id="1766" dir="0" index="0" bw="32" slack="0"/>
<pin id="1767" dir="1" index="1" bw="23" slack="0"/>
</pin_list>
<bind>
<opcode="trunc(33) " fcode="trunc"/>
<opset="trunc_ln145/52 "/>
</bind>
</comp>

<comp id="1769" class="1004" name="bitcast_ln145_1_fu_1769">
<pin_list>
<pin id="1770" dir="0" index="0" bw="32" slack="2"/>
<pin id="1771" dir="1" index="1" bw="32" slack="0"/>
</pin_list>
<bind>
<opcode="bitcast(44) " fcode="bitcast"/>
<opset="bitcast_ln145_1/52 "/>
</bind>
</comp>

<comp id="1772" class="1004" name="tmp_59_fu_1772">
<pin_list>
<pin id="1773" dir="0" index="0" bw="8" slack="0"/>
<pin id="1774" dir="0" index="1" bw="32" slack="0"/>
<pin id="1775" dir="0" index="2" bw="6" slack="0"/>
<pin id="1776" dir="0" index="3" bw="6" slack="0"/>
<pin id="1777" dir="1" index="4" bw="8" slack="0"/>
</pin_list>
<bind>
<opcode="partselect(1002) " fcode="partselect"/>
<opset="tmp_59/52 "/>
</bind>
</comp>

<comp id="1782" class="1004" name="trunc_ln145_1_fu_1782">
<pin_list>
<pin id="1783" dir="0" index="0" bw="32" slack="0"/>
<pin id="1784" dir="1" index="1" bw="23" slack="0"/>
</pin_list>
<bind>
<opcode="trunc(33) " fcode="trunc"/>
<opset="trunc_ln145_1/52 "/>
</bind>
</comp>

<comp id="1786" class="1004" name="icmp_ln145_fu_1786">
<pin_list>
<pin id="1787" dir="0" index="0" bw="8" slack="0"/>
<pin id="1788" dir="0" index="1" bw="1" slack="0"/>
<pin id="1789" dir="1" index="2" bw="1" slack="0"/>
</pin_list>
<bind>
<opcode="icmp(45) " fcode="icmp"/>
<opset="icmp_ln145/52 "/>
</bind>
</comp>

<comp id="1792" class="1004" name="icmp_ln145_1_fu_1792">
<pin_list>
<pin id="1793" dir="0" index="0" bw="23" slack="0"/>
<pin id="1794" dir="0" index="1" bw="1" slack="0"/>
<pin id="1795" dir="1" index="2" bw="1" slack="0"/>
</pin_list>
<bind>
<opcode="icmp(45) " fcode="icmp"/>
<opset="icmp_ln145_1/52 "/>
</bind>
</comp>

<comp id="1798" class="1004" name="or_ln145_fu_1798">
<pin_list>
<pin id="1799" dir="0" index="0" bw="1" slack="0"/>
<pin id="1800" dir="0" index="1" bw="1" slack="0"/>
<pin id="1801" dir="1" index="2" bw="1" slack="0"/>
</pin_list>
<bind>
<opcode="or(24) " fcode="or"/>
<opset="or_ln145/52 "/>
</bind>
</comp>

<comp id="1804" class="1004" name="icmp_ln145_2_fu_1804">
<pin_list>
<pin id="1805" dir="0" index="0" bw="8" slack="0"/>
<pin id="1806" dir="0" index="1" bw="1" slack="0"/>
<pin id="1807" dir="1" index="2" bw="1" slack="0"/>
</pin_list>
<bind>
<opcode="icmp(45) " fcode="icmp"/>
<opset="icmp_ln145_2/52 "/>
</bind>
</comp>

<comp id="1810" class="1004" name="icmp_ln145_3_fu_1810">
<pin_list>
<pin id="1811" dir="0" index="0" bw="23" slack="0"/>
<pin id="1812" dir="0" index="1" bw="1" slack="0"/>
<pin id="1813" dir="1" index="2" bw="1" slack="0"/>
</pin_list>
<bind>
<opcode="icmp(45) " fcode="icmp"/>
<opset="icmp_ln145_3/52 "/>
</bind>
</comp>

<comp id="1816" class="1004" name="or_ln145_1_fu_1816">
<pin_list>
<pin id="1817" dir="0" index="0" bw="1" slack="0"/>
<pin id="1818" dir="0" index="1" bw="1" slack="0"/>
<pin id="1819" dir="1" index="2" bw="1" slack="0"/>
</pin_list>
<bind>
<opcode="or(24) " fcode="or"/>
<opset="or_ln145_1/52 "/>
</bind>
</comp>

<comp id="1822" class="1004" name="and_ln145_fu_1822">
<pin_list>
<pin id="1823" dir="0" index="0" bw="1" slack="0"/>
<pin id="1824" dir="0" index="1" bw="1" slack="0"/>
<pin id="1825" dir="1" index="2" bw="1" slack="0"/>
</pin_list>
<bind>
<opcode="and(23) " fcode="and"/>
<opset="and_ln145/52 "/>
</bind>
</comp>

<comp id="1828" class="1004" name="and_ln145_1_fu_1828">
<pin_list>
<pin id="1829" dir="0" index="0" bw="1" slack="0"/>
<pin id="1830" dir="0" index="1" bw="1" slack="0"/>
<pin id="1831" dir="1" index="2" bw="1" slack="0"/>
</pin_list>
<bind>
<opcode="and(23) " fcode="and"/>
<opset="and_ln145_1/52 "/>
</bind>
</comp>

<comp id="1834" class="1004" name="my_spillage_level_8_fu_1834">
<pin_list>
<pin id="1835" dir="0" index="0" bw="1" slack="0"/>
<pin id="1836" dir="0" index="1" bw="32" slack="25"/>
<pin id="1837" dir="0" index="2" bw="32" slack="2"/>
<pin id="1838" dir="1" index="3" bw="32" slack="22"/>
</pin_list>
<bind>
<opcode="select(49) " fcode="select"/>
<opset="my_spillage_level_8/52 "/>
</bind>
</comp>

<comp id="1840" class="1004" name="sum_diff_3_fu_1840">
<pin_list>
<pin id="1841" dir="0" index="0" bw="1" slack="18"/>
<pin id="1842" dir="0" index="1" bw="32" slack="0"/>
<pin id="1843" dir="0" index="2" bw="32" slack="7"/>
<pin id="1844" dir="1" index="3" bw="32" slack="1"/>
</pin_list>
<bind>
<opcode="select(49) " fcode="select"/>
<opset="sum_diff_3/56 "/>
</bind>
</comp>

<comp id="1846" class="1004" name="sum_diff_5_fu_1846">
<pin_list>
<pin id="1847" dir="0" index="0" bw="1" slack="22"/>
<pin id="1848" dir="0" index="1" bw="32" slack="0"/>
<pin id="1849" dir="0" index="2" bw="32" slack="7"/>
<pin id="1850" dir="1" index="3" bw="32" slack="1"/>
</pin_list>
<bind>
<opcode="select(49) " fcode="select"/>
<opset="sum_diff_5/63 "/>
</bind>
</comp>

<comp id="1852" class="1004" name="sum_diff_7_fu_1852">
<pin_list>
<pin id="1853" dir="0" index="0" bw="1" slack="31"/>
<pin id="1854" dir="0" index="1" bw="32" slack="0"/>
<pin id="1855" dir="0" index="2" bw="32" slack="7"/>
<pin id="1856" dir="1" index="3" bw="32" slack="1"/>
</pin_list>
<bind>
<opcode="select(49) " fcode="select"/>
<opset="sum_diff_7/70 "/>
</bind>
</comp>

<comp id="1858" class="1004" name="bitcast_ln148_fu_1858">
<pin_list>
<pin id="1859" dir="0" index="0" bw="32" slack="2"/>
<pin id="1860" dir="1" index="1" bw="32" slack="0"/>
</pin_list>
<bind>
<opcode="bitcast(44) " fcode="bitcast"/>
<opset="bitcast_ln148/72 "/>
</bind>
</comp>

<comp id="1861" class="1004" name="tmp_61_fu_1861">
<pin_list>
<pin id="1862" dir="0" index="0" bw="8" slack="0"/>
<pin id="1863" dir="0" index="1" bw="32" slack="0"/>
<pin id="1864" dir="0" index="2" bw="6" slack="0"/>
<pin id="1865" dir="0" index="3" bw="6" slack="0"/>
<pin id="1866" dir="1" index="4" bw="8" slack="0"/>
</pin_list>
<bind>
<opcode="partselect(1002) " fcode="partselect"/>
<opset="tmp_61/72 "/>
</bind>
</comp>

<comp id="1871" class="1004" name="trunc_ln148_fu_1871">
<pin_list>
<pin id="1872" dir="0" index="0" bw="32" slack="0"/>
<pin id="1873" dir="1" index="1" bw="23" slack="0"/>
</pin_list>
<bind>
<opcode="trunc(33) " fcode="trunc"/>
<opset="trunc_ln148/72 "/>
</bind>
</comp>

<comp id="1875" class="1004" name="icmp_ln148_fu_1875">
<pin_list>
<pin id="1876" dir="0" index="0" bw="8" slack="0"/>
<pin id="1877" dir="0" index="1" bw="1" slack="0"/>
<pin id="1878" dir="1" index="2" bw="1" slack="0"/>
</pin_list>
<bind>
<opcode="icmp(45) " fcode="icmp"/>
<opset="icmp_ln148/72 "/>
</bind>
</comp>

<comp id="1881" class="1004" name="icmp_ln148_1_fu_1881">
<pin_list>
<pin id="1882" dir="0" index="0" bw="23" slack="0"/>
<pin id="1883" dir="0" index="1" bw="1" slack="0"/>
<pin id="1884" dir="1" index="2" bw="1" slack="0"/>
</pin_list>
<bind>
<opcode="icmp(45) " fcode="icmp"/>
<opset="icmp_ln148_1/72 "/>
</bind>
</comp>

<comp id="1887" class="1004" name="or_ln148_fu_1887">
<pin_list>
<pin id="1888" dir="0" index="0" bw="1" slack="0"/>
<pin id="1889" dir="0" index="1" bw="1" slack="0"/>
<pin id="1890" dir="1" index="2" bw="1" slack="0"/>
</pin_list>
<bind>
<opcode="or(24) " fcode="or"/>
<opset="or_ln148/72 "/>
</bind>
</comp>

<comp id="1893" class="1004" name="and_ln148_fu_1893">
<pin_list>
<pin id="1894" dir="0" index="0" bw="1" slack="0"/>
<pin id="1895" dir="0" index="1" bw="1" slack="0"/>
<pin id="1896" dir="1" index="2" bw="1" slack="2"/>
</pin_list>
<bind>
<opcode="and(23) " fcode="and"/>
<opset="and_ln148/72 "/>
</bind>
</comp>

<comp id="1899" class="1004" name="bitcast_ln151_fu_1899">
<pin_list>
<pin id="1900" dir="0" index="0" bw="64" slack="1"/>
<pin id="1901" dir="1" index="1" bw="64" slack="0"/>
</pin_list>
<bind>
<opcode="bitcast(44) " fcode="bitcast"/>
<opset="bitcast_ln151/88 "/>
</bind>
</comp>

<comp id="1902" class="1004" name="tmp_63_fu_1902">
<pin_list>
<pin id="1903" dir="0" index="0" bw="11" slack="0"/>
<pin id="1904" dir="0" index="1" bw="64" slack="0"/>
<pin id="1905" dir="0" index="2" bw="7" slack="0"/>
<pin id="1906" dir="0" index="3" bw="7" slack="0"/>
<pin id="1907" dir="1" index="4" bw="11" slack="0"/>
</pin_list>
<bind>
<opcode="partselect(1002) " fcode="partselect"/>
<opset="tmp_63/88 "/>
</bind>
</comp>

<comp id="1912" class="1004" name="trunc_ln151_fu_1912">
<pin_list>
<pin id="1913" dir="0" index="0" bw="64" slack="0"/>
<pin id="1914" dir="1" index="1" bw="52" slack="0"/>
</pin_list>
<bind>
<opcode="trunc(33) " fcode="trunc"/>
<opset="trunc_ln151/88 "/>
</bind>
</comp>

<comp id="1916" class="1004" name="icmp_ln151_fu_1916">
<pin_list>
<pin id="1917" dir="0" index="0" bw="11" slack="0"/>
<pin id="1918" dir="0" index="1" bw="1" slack="0"/>
<pin id="1919" dir="1" index="2" bw="1" slack="1"/>
</pin_list>
<bind>
<opcode="icmp(45) " fcode="icmp"/>
<opset="icmp_ln151/88 "/>
</bind>
</comp>

<comp id="1922" class="1004" name="icmp_ln151_1_fu_1922">
<pin_list>
<pin id="1923" dir="0" index="0" bw="52" slack="0"/>
<pin id="1924" dir="0" index="1" bw="1" slack="0"/>
<pin id="1925" dir="1" index="2" bw="1" slack="1"/>
</pin_list>
<bind>
<opcode="icmp(45) " fcode="icmp"/>
<opset="icmp_ln151_1/88 "/>
</bind>
</comp>

<comp id="1928" class="1004" name="or_ln151_fu_1928">
<pin_list>
<pin id="1929" dir="0" index="0" bw="1" slack="1"/>
<pin id="1930" dir="0" index="1" bw="1" slack="1"/>
<pin id="1931" dir="1" index="2" bw="1" slack="0"/>
</pin_list>
<bind>
<opcode="or(24) " fcode="or"/>
<opset="or_ln151/89 "/>
</bind>
</comp>

<comp id="1932" class="1004" name="and_ln151_fu_1932">
<pin_list>
<pin id="1933" dir="0" index="0" bw="1" slack="0"/>
<pin id="1934" dir="0" index="1" bw="1" slack="0"/>
<pin id="1935" dir="1" index="2" bw="1" slack="1"/>
</pin_list>
<bind>
<opcode="and(23) " fcode="and"/>
<opset="and_ln151/89 "/>
</bind>
</comp>

<comp id="1938" class="1004" name="tmp_65_fu_1938">
<pin_list>
<pin id="1939" dir="0" index="0" bw="8" slack="0"/>
<pin id="1940" dir="0" index="1" bw="32" slack="62"/>
<pin id="1941" dir="0" index="2" bw="6" slack="0"/>
<pin id="1942" dir="0" index="3" bw="6" slack="0"/>
<pin id="1943" dir="1" index="4" bw="8" slack="0"/>
</pin_list>
<bind>
<opcode="partselect(1002) " fcode="partselect"/>
<opset="tmp_65/89 "/>
</bind>
</comp>

<comp id="1947" class="1004" name="empty_77_fu_1947">
<pin_list>
<pin id="1948" dir="0" index="0" bw="32" slack="62"/>
<pin id="1949" dir="1" index="1" bw="23" slack="0"/>
</pin_list>
<bind>
<opcode="trunc(33) " fcode="trunc"/>
<opset="empty_77/89 "/>
</bind>
</comp>

<comp id="1950" class="1004" name="notlhs178_fu_1950">
<pin_list>
<pin id="1951" dir="0" index="0" bw="8" slack="0"/>
<pin id="1952" dir="0" index="1" bw="1" slack="0"/>
<pin id="1953" dir="1" index="2" bw="1" slack="3"/>
</pin_list>
<bind>
<opcode="icmp(45) " fcode="icmp"/>
<opset="notlhs178/89 "/>
</bind>
</comp>

<comp id="1956" class="1004" name="notrhs179_fu_1956">
<pin_list>
<pin id="1957" dir="0" index="0" bw="23" slack="0"/>
<pin id="1958" dir="0" index="1" bw="1" slack="0"/>
<pin id="1959" dir="1" index="2" bw="1" slack="3"/>
</pin_list>
<bind>
<opcode="icmp(45) " fcode="icmp"/>
<opset="notrhs179/89 "/>
</bind>
</comp>

<comp id="1962" class="1004" name="bitcast_ln175_fu_1962">
<pin_list>
<pin id="1963" dir="0" index="0" bw="32" slack="55"/>
<pin id="1964" dir="1" index="1" bw="32" slack="0"/>
</pin_list>
<bind>
<opcode="bitcast(44) " fcode="bitcast"/>
<opset="bitcast_ln175/90 "/>
</bind>
</comp>

<comp id="1965" class="1004" name="tmp_67_fu_1965">
<pin_list>
<pin id="1966" dir="0" index="0" bw="8" slack="0"/>
<pin id="1967" dir="0" index="1" bw="32" slack="0"/>
<pin id="1968" dir="0" index="2" bw="6" slack="0"/>
<pin id="1969" dir="0" index="3" bw="6" slack="0"/>
<pin id="1970" dir="1" index="4" bw="8" slack="0"/>
</pin_list>
<bind>
<opcode="partselect(1002) " fcode="partselect"/>
<opset="tmp_67/90 "/>
</bind>
</comp>

<comp id="1975" class="1004" name="trunc_ln175_fu_1975">
<pin_list>
<pin id="1976" dir="0" index="0" bw="32" slack="0"/>
<pin id="1977" dir="1" index="1" bw="23" slack="0"/>
</pin_list>
<bind>
<opcode="trunc(33) " fcode="trunc"/>
<opset="trunc_ln175/90 "/>
</bind>
</comp>

<comp id="1979" class="1004" name="icmp_ln175_fu_1979">
<pin_list>
<pin id="1980" dir="0" index="0" bw="8" slack="0"/>
<pin id="1981" dir="0" index="1" bw="1" slack="0"/>
<pin id="1982" dir="1" index="2" bw="1" slack="0"/>
</pin_list>
<bind>
<opcode="icmp(45) " fcode="icmp"/>
<opset="icmp_ln175/90 "/>
</bind>
</comp>

<comp id="1985" class="1004" name="icmp_ln175_1_fu_1985">
<pin_list>
<pin id="1986" dir="0" index="0" bw="23" slack="0"/>
<pin id="1987" dir="0" index="1" bw="1" slack="0"/>
<pin id="1988" dir="1" index="2" bw="1" slack="0"/>
</pin_list>
<bind>
<opcode="icmp(45) " fcode="icmp"/>
<opset="icmp_ln175_1/90 "/>
</bind>
</comp>

<comp id="1991" class="1004" name="or_ln175_fu_1991">
<pin_list>
<pin id="1992" dir="0" index="0" bw="1" slack="0"/>
<pin id="1993" dir="0" index="1" bw="1" slack="0"/>
<pin id="1994" dir="1" index="2" bw="1" slack="0"/>
</pin_list>
<bind>
<opcode="or(24) " fcode="or"/>
<opset="or_ln175/90 "/>
</bind>
</comp>

<comp id="1997" class="1004" name="and_ln175_fu_1997">
<pin_list>
<pin id="1998" dir="0" index="0" bw="1" slack="53"/>
<pin id="1999" dir="0" index="1" bw="1" slack="0"/>
<pin id="2000" dir="1" index="2" bw="1" slack="0"/>
</pin_list>
<bind>
<opcode="and(23) " fcode="and"/>
<opset="and_ln175/90 "/>
</bind>
</comp>

<comp id="2002" class="1004" name="and_ln175_1_fu_2002">
<pin_list>
<pin id="2003" dir="0" index="0" bw="1" slack="0"/>
<pin id="2004" dir="0" index="1" bw="1" slack="0"/>
<pin id="2005" dir="1" index="2" bw="1" slack="1"/>
</pin_list>
<bind>
<opcode="and(23) " fcode="and"/>
<opset="and_ln175_1/90 "/>
</bind>
</comp>

<comp id="2008" class="1004" name="bitcast_ln175_1_fu_2008">
<pin_list>
<pin id="2009" dir="0" index="0" bw="32" slack="54"/>
<pin id="2010" dir="1" index="1" bw="32" slack="0"/>
</pin_list>
<bind>
<opcode="bitcast(44) " fcode="bitcast"/>
<opset="bitcast_ln175_1/90 "/>
</bind>
</comp>

<comp id="2011" class="1004" name="tmp_70_fu_2011">
<pin_list>
<pin id="2012" dir="0" index="0" bw="8" slack="0"/>
<pin id="2013" dir="0" index="1" bw="32" slack="0"/>
<pin id="2014" dir="0" index="2" bw="6" slack="0"/>
<pin id="2015" dir="0" index="3" bw="6" slack="0"/>
<pin id="2016" dir="1" index="4" bw="8" slack="0"/>
</pin_list>
<bind>
<opcode="partselect(1002) " fcode="partselect"/>
<opset="tmp_70/90 "/>
</bind>
</comp>

<comp id="2021" class="1004" name="trunc_ln175_1_fu_2021">
<pin_list>
<pin id="2022" dir="0" index="0" bw="32" slack="0"/>
<pin id="2023" dir="1" index="1" bw="23" slack="0"/>
</pin_list>
<bind>
<opcode="trunc(33) " fcode="trunc"/>
<opset="trunc_ln175_1/90 "/>
</bind>
</comp>

<comp id="2025" class="1004" name="icmp_ln175_2_fu_2025">
<pin_list>
<pin id="2026" dir="0" index="0" bw="8" slack="0"/>
<pin id="2027" dir="0" index="1" bw="1" slack="0"/>
<pin id="2028" dir="1" index="2" bw="1" slack="0"/>
</pin_list>
<bind>
<opcode="icmp(45) " fcode="icmp"/>
<opset="icmp_ln175_2/90 "/>
</bind>
</comp>

<comp id="2031" class="1004" name="icmp_ln175_3_fu_2031">
<pin_list>
<pin id="2032" dir="0" index="0" bw="23" slack="0"/>
<pin id="2033" dir="0" index="1" bw="1" slack="0"/>
<pin id="2034" dir="1" index="2" bw="1" slack="0"/>
</pin_list>
<bind>
<opcode="icmp(45) " fcode="icmp"/>
<opset="icmp_ln175_3/90 "/>
</bind>
</comp>

<comp id="2037" class="1004" name="or_ln175_1_fu_2037">
<pin_list>
<pin id="2038" dir="0" index="0" bw="1" slack="0"/>
<pin id="2039" dir="0" index="1" bw="1" slack="0"/>
<pin id="2040" dir="1" index="2" bw="1" slack="0"/>
</pin_list>
<bind>
<opcode="or(24) " fcode="or"/>
<opset="or_ln175_1/90 "/>
</bind>
</comp>

<comp id="2043" class="1004" name="and_ln175_2_fu_2043">
<pin_list>
<pin id="2044" dir="0" index="0" bw="1" slack="53"/>
<pin id="2045" dir="0" index="1" bw="1" slack="0"/>
<pin id="2046" dir="1" index="2" bw="1" slack="0"/>
</pin_list>
<bind>
<opcode="and(23) " fcode="and"/>
<opset="and_ln175_2/90 "/>
</bind>
</comp>

<comp id="2048" class="1004" name="and_ln175_3_fu_2048">
<pin_list>
<pin id="2049" dir="0" index="0" bw="1" slack="0"/>
<pin id="2050" dir="0" index="1" bw="1" slack="0"/>
<pin id="2051" dir="1" index="2" bw="1" slack="1"/>
</pin_list>
<bind>
<opcode="and(23) " fcode="and"/>
<opset="and_ln175_3/90 "/>
</bind>
</comp>

<comp id="2054" class="1004" name="bitcast_ln175_2_fu_2054">
<pin_list>
<pin id="2055" dir="0" index="0" bw="32" slack="52"/>
<pin id="2056" dir="1" index="1" bw="32" slack="0"/>
</pin_list>
<bind>
<opcode="bitcast(44) " fcode="bitcast"/>
<opset="bitcast_ln175_2/91 "/>
</bind>
</comp>

<comp id="2057" class="1004" name="tmp_73_fu_2057">
<pin_list>
<pin id="2058" dir="0" index="0" bw="8" slack="0"/>
<pin id="2059" dir="0" index="1" bw="32" slack="0"/>
<pin id="2060" dir="0" index="2" bw="6" slack="0"/>
<pin id="2061" dir="0" index="3" bw="6" slack="0"/>
<pin id="2062" dir="1" index="4" bw="8" slack="0"/>
</pin_list>
<bind>
<opcode="partselect(1002) " fcode="partselect"/>
<opset="tmp_73/91 "/>
</bind>
</comp>

<comp id="2067" class="1004" name="trunc_ln175_2_fu_2067">
<pin_list>
<pin id="2068" dir="0" index="0" bw="32" slack="0"/>
<pin id="2069" dir="1" index="1" bw="23" slack="0"/>
</pin_list>
<bind>
<opcode="trunc(33) " fcode="trunc"/>
<opset="trunc_ln175_2/91 "/>
</bind>
</comp>

<comp id="2071" class="1004" name="icmp_ln175_4_fu_2071">
<pin_list>
<pin id="2072" dir="0" index="0" bw="8" slack="0"/>
<pin id="2073" dir="0" index="1" bw="1" slack="0"/>
<pin id="2074" dir="1" index="2" bw="1" slack="0"/>
</pin_list>
<bind>
<opcode="icmp(45) " fcode="icmp"/>
<opset="icmp_ln175_4/91 "/>
</bind>
</comp>

<comp id="2077" class="1004" name="icmp_ln175_5_fu_2077">
<pin_list>
<pin id="2078" dir="0" index="0" bw="23" slack="0"/>
<pin id="2079" dir="0" index="1" bw="1" slack="0"/>
<pin id="2080" dir="1" index="2" bw="1" slack="0"/>
</pin_list>
<bind>
<opcode="icmp(45) " fcode="icmp"/>
<opset="icmp_ln175_5/91 "/>
</bind>
</comp>

<comp id="2083" class="1004" name="or_ln175_2_fu_2083">
<pin_list>
<pin id="2084" dir="0" index="0" bw="1" slack="0"/>
<pin id="2085" dir="0" index="1" bw="1" slack="0"/>
<pin id="2086" dir="1" index="2" bw="1" slack="0"/>
</pin_list>
<bind>
<opcode="or(24) " fcode="or"/>
<opset="or_ln175_2/91 "/>
</bind>
</comp>

<comp id="2089" class="1004" name="and_ln175_4_fu_2089">
<pin_list>
<pin id="2090" dir="0" index="0" bw="1" slack="54"/>
<pin id="2091" dir="0" index="1" bw="1" slack="0"/>
<pin id="2092" dir="1" index="2" bw="1" slack="0"/>
</pin_list>
<bind>
<opcode="and(23) " fcode="and"/>
<opset="and_ln175_4/91 "/>
</bind>
</comp>

<comp id="2094" class="1004" name="and_ln175_5_fu_2094">
<pin_list>
<pin id="2095" dir="0" index="0" bw="1" slack="0"/>
<pin id="2096" dir="0" index="1" bw="1" slack="0"/>
<pin id="2097" dir="1" index="2" bw="1" slack="1"/>
</pin_list>
<bind>
<opcode="and(23) " fcode="and"/>
<opset="and_ln175_5/91 "/>
</bind>
</comp>

<comp id="2100" class="1004" name="bitcast_ln175_3_fu_2100">
<pin_list>
<pin id="2101" dir="0" index="0" bw="32" slack="54"/>
<pin id="2102" dir="1" index="1" bw="32" slack="0"/>
</pin_list>
<bind>
<opcode="bitcast(44) " fcode="bitcast"/>
<opset="bitcast_ln175_3/91 "/>
</bind>
</comp>

<comp id="2103" class="1004" name="tmp_76_fu_2103">
<pin_list>
<pin id="2104" dir="0" index="0" bw="8" slack="0"/>
<pin id="2105" dir="0" index="1" bw="32" slack="0"/>
<pin id="2106" dir="0" index="2" bw="6" slack="0"/>
<pin id="2107" dir="0" index="3" bw="6" slack="0"/>
<pin id="2108" dir="1" index="4" bw="8" slack="0"/>
</pin_list>
<bind>
<opcode="partselect(1002) " fcode="partselect"/>
<opset="tmp_76/91 "/>
</bind>
</comp>

<comp id="2113" class="1004" name="trunc_ln175_3_fu_2113">
<pin_list>
<pin id="2114" dir="0" index="0" bw="32" slack="0"/>
<pin id="2115" dir="1" index="1" bw="23" slack="0"/>
</pin_list>
<bind>
<opcode="trunc(33) " fcode="trunc"/>
<opset="trunc_ln175_3/91 "/>
</bind>
</comp>

<comp id="2117" class="1004" name="icmp_ln175_6_fu_2117">
<pin_list>
<pin id="2118" dir="0" index="0" bw="8" slack="0"/>
<pin id="2119" dir="0" index="1" bw="1" slack="0"/>
<pin id="2120" dir="1" index="2" bw="1" slack="0"/>
</pin_list>
<bind>
<opcode="icmp(45) " fcode="icmp"/>
<opset="icmp_ln175_6/91 "/>
</bind>
</comp>

<comp id="2123" class="1004" name="icmp_ln175_7_fu_2123">
<pin_list>
<pin id="2124" dir="0" index="0" bw="23" slack="0"/>
<pin id="2125" dir="0" index="1" bw="1" slack="0"/>
<pin id="2126" dir="1" index="2" bw="1" slack="0"/>
</pin_list>
<bind>
<opcode="icmp(45) " fcode="icmp"/>
<opset="icmp_ln175_7/91 "/>
</bind>
</comp>

<comp id="2129" class="1004" name="or_ln175_3_fu_2129">
<pin_list>
<pin id="2130" dir="0" index="0" bw="1" slack="0"/>
<pin id="2131" dir="0" index="1" bw="1" slack="0"/>
<pin id="2132" dir="1" index="2" bw="1" slack="0"/>
</pin_list>
<bind>
<opcode="or(24) " fcode="or"/>
<opset="or_ln175_3/91 "/>
</bind>
</comp>

<comp id="2135" class="1004" name="and_ln175_6_fu_2135">
<pin_list>
<pin id="2136" dir="0" index="0" bw="1" slack="54"/>
<pin id="2137" dir="0" index="1" bw="1" slack="0"/>
<pin id="2138" dir="1" index="2" bw="1" slack="0"/>
</pin_list>
<bind>
<opcode="and(23) " fcode="and"/>
<opset="and_ln175_6/91 "/>
</bind>
</comp>

<comp id="2140" class="1004" name="and_ln175_7_fu_2140">
<pin_list>
<pin id="2141" dir="0" index="0" bw="1" slack="0"/>
<pin id="2142" dir="0" index="1" bw="1" slack="0"/>
<pin id="2143" dir="1" index="2" bw="1" slack="1"/>
</pin_list>
<bind>
<opcode="and(23) " fcode="and"/>
<opset="and_ln175_7/91 "/>
</bind>
</comp>

<comp id="2146" class="1004" name="empty_78_fu_2146">
<pin_list>
<pin id="2147" dir="0" index="0" bw="1" slack="3"/>
<pin id="2148" dir="0" index="1" bw="1" slack="3"/>
<pin id="2149" dir="1" index="2" bw="1" slack="0"/>
</pin_list>
<bind>
<opcode="or(24) " fcode="or"/>
<opset="empty_78/92 "/>
</bind>
</comp>

<comp id="2150" class="1004" name="empty_79_fu_2150">
<pin_list>
<pin id="2151" dir="0" index="0" bw="1" slack="55"/>
<pin id="2152" dir="0" index="1" bw="1" slack="0"/>
<pin id="2153" dir="1" index="2" bw="1" slack="0"/>
</pin_list>
<bind>
<opcode="and(23) " fcode="and"/>
<opset="empty_79/92 "/>
</bind>
</comp>

<comp id="2155" class="1004" name="empty_80_fu_2155">
<pin_list>
<pin id="2156" dir="0" index="0" bw="1" slack="0"/>
<pin id="2157" dir="0" index="1" bw="1" slack="0"/>
<pin id="2158" dir="1" index="2" bw="1" slack="16"/>
</pin_list>
<bind>
<opcode="and(23) " fcode="and"/>
<opset="empty_80/92 "/>
</bind>
</comp>

<comp id="2161" class="1004" name="p_load_load_fu_2161">
<pin_list>
<pin id="2162" dir="0" index="0" bw="416" slack="108"/>
<pin id="2163" dir="1" index="1" bw="416" slack="0"/>
</pin_list>
<bind>
<opcode="load(27) " fcode="load"/>
<opset="p_load/109 "/>
</bind>
</comp>

<comp id="2165" class="1004" name="sext_ln169_fu_2165">
<pin_list>
<pin id="2166" dir="0" index="0" bw="32" slack="0"/>
<pin id="2167" dir="1" index="1" bw="64" slack="0"/>
</pin_list>
<bind>
<opcode="sext(35) " fcode="sext"/>
<opset="sext_ln169/109 "/>
</bind>
</comp>

<comp id="2169" class="1004" name="trunc_ln_fu_2169">
<pin_list>
<pin id="2170" dir="0" index="0" bw="64" slack="0"/>
<pin id="2171" dir="0" index="1" bw="416" slack="0"/>
<pin id="2172" dir="0" index="2" bw="10" slack="0"/>
<pin id="2173" dir="0" index="3" bw="10" slack="0"/>
<pin id="2174" dir="1" index="4" bw="64" slack="0"/>
</pin_list>
<bind>
<opcode="partselect(1002) " fcode="partselect"/>
<opset="trunc_ln/109 "/>
</bind>
</comp>

<comp id="2179" class="1004" name="add_ln168_fu_2179">
<pin_list>
<pin id="2180" dir="0" index="0" bw="64" slack="0"/>
<pin id="2181" dir="0" index="1" bw="32" slack="0"/>
<pin id="2182" dir="1" index="2" bw="64" slack="0"/>
</pin_list>
<bind>
<opcode="add(8) " fcode="add"/>
<opset="add_ln168/109 "/>
</bind>
</comp>

<comp id="2185" class="1004" name="tmp_69_fu_2185">
<pin_list>
<pin id="2186" dir="0" index="0" bw="64" slack="0"/>
<pin id="2187" dir="0" index="1" bw="416" slack="0"/>
<pin id="2188" dir="0" index="2" bw="10" slack="0"/>
<pin id="2189" dir="0" index="3" bw="10" slack="0"/>
<pin id="2190" dir="1" index="4" bw="64" slack="0"/>
</pin_list>
<bind>
<opcode="partselect(1002) " fcode="partselect"/>
<opset="tmp_69/109 "/>
</bind>
</comp>

<comp id="2195" class="1004" name="trunc_ln168_fu_2195">
<pin_list>
<pin id="2196" dir="0" index="0" bw="416" slack="0"/>
<pin id="2197" dir="1" index="1" bw="288" slack="0"/>
</pin_list>
<bind>
<opcode="trunc(33) " fcode="trunc"/>
<opset="trunc_ln168/109 "/>
</bind>
</comp>

<comp id="2199" class="1004" name="or_ln2_fu_2199">
<pin_list>
<pin id="2200" dir="0" index="0" bw="416" slack="0"/>
<pin id="2201" dir="0" index="1" bw="64" slack="0"/>
<pin id="2202" dir="0" index="2" bw="64" slack="0"/>
<pin id="2203" dir="0" index="3" bw="288" slack="0"/>
<pin id="2204" dir="1" index="4" bw="416" slack="1"/>
</pin_list>
<bind>
<opcode="bitconcatenate(1004) " fcode="bitconcatenate"/>
<opset="or_ln2/109 "/>
</bind>
</comp>

<comp id="2209" class="1004" name="sext_ln169_1_fu_2209">
<pin_list>
<pin id="2210" dir="0" index="0" bw="32" slack="1"/>
<pin id="2211" dir="1" index="1" bw="64" slack="0"/>
</pin_list>
<bind>
<opcode="sext(35) " fcode="sext"/>
<opset="sext_ln169_1/110 "/>
</bind>
</comp>

<comp id="2213" class="1004" name="trunc_ln168_1_fu_2213">
<pin_list>
<pin id="2214" dir="0" index="0" bw="64" slack="0"/>
<pin id="2215" dir="0" index="1" bw="416" slack="0"/>
<pin id="2216" dir="0" index="2" bw="10" slack="0"/>
<pin id="2217" dir="0" index="3" bw="10" slack="0"/>
<pin id="2218" dir="1" index="4" bw="64" slack="0"/>
</pin_list>
<bind>
<opcode="partselect(1002) " fcode="partselect"/>
<opset="trunc_ln168_1/110 "/>
</bind>
</comp>

<comp id="2223" class="1004" name="add_ln168_1_fu_2223">
<pin_list>
<pin id="2224" dir="0" index="0" bw="64" slack="0"/>
<pin id="2225" dir="0" index="1" bw="32" slack="0"/>
<pin id="2226" dir="1" index="2" bw="64" slack="0"/>
</pin_list>
<bind>
<opcode="add(8) " fcode="add"/>
<opset="add_ln168_1/110 "/>
</bind>
</comp>

<comp id="2229" class="1004" name="tmp_72_fu_2229">
<pin_list>
<pin id="2230" dir="0" index="0" bw="64" slack="0"/>
<pin id="2231" dir="0" index="1" bw="416" slack="0"/>
<pin id="2232" dir="0" index="2" bw="10" slack="0"/>
<pin id="2233" dir="0" index="3" bw="10" slack="0"/>
<pin id="2234" dir="1" index="4" bw="64" slack="0"/>
</pin_list>
<bind>
<opcode="partselect(1002) " fcode="partselect"/>
<opset="tmp_72/110 "/>
</bind>
</comp>

<comp id="2239" class="1004" name="trunc_ln168_4_fu_2239">
<pin_list>
<pin id="2240" dir="0" index="0" bw="416" slack="0"/>
<pin id="2241" dir="1" index="1" bw="288" slack="0"/>
</pin_list>
<bind>
<opcode="trunc(33) " fcode="trunc"/>
<opset="trunc_ln168_4/110 "/>
</bind>
</comp>

<comp id="2243" class="1004" name="or_ln168_1_fu_2243">
<pin_list>
<pin id="2244" dir="0" index="0" bw="416" slack="0"/>
<pin id="2245" dir="0" index="1" bw="64" slack="0"/>
<pin id="2246" dir="0" index="2" bw="64" slack="0"/>
<pin id="2247" dir="0" index="3" bw="288" slack="0"/>
<pin id="2248" dir="1" index="4" bw="416" slack="0"/>
</pin_list>
<bind>
<opcode="bitconcatenate(1004) " fcode="bitconcatenate"/>
<opset="or_ln168_1/110 "/>
</bind>
</comp>

<comp id="2254" class="1004" name="sext_ln169_2_fu_2254">
<pin_list>
<pin id="2255" dir="0" index="0" bw="32" slack="0"/>
<pin id="2256" dir="1" index="1" bw="64" slack="0"/>
</pin_list>
<bind>
<opcode="sext(35) " fcode="sext"/>
<opset="sext_ln169_2/110 "/>
</bind>
</comp>

<comp id="2258" class="1004" name="trunc_ln168_2_fu_2258">
<pin_list>
<pin id="2259" dir="0" index="0" bw="64" slack="0"/>
<pin id="2260" dir="0" index="1" bw="416" slack="0"/>
<pin id="2261" dir="0" index="2" bw="10" slack="0"/>
<pin id="2262" dir="0" index="3" bw="10" slack="0"/>
<pin id="2263" dir="1" index="4" bw="64" slack="0"/>
</pin_list>
<bind>
<opcode="partselect(1002) " fcode="partselect"/>
<opset="trunc_ln168_2/110 "/>
</bind>
</comp>

<comp id="2268" class="1004" name="add_ln168_2_fu_2268">
<pin_list>
<pin id="2269" dir="0" index="0" bw="64" slack="0"/>
<pin id="2270" dir="0" index="1" bw="32" slack="0"/>
<pin id="2271" dir="1" index="2" bw="64" slack="1"/>
</pin_list>
<bind>
<opcode="add(8) " fcode="add"/>
<opset="add_ln168_2/110 "/>
</bind>
</comp>

<comp id="2274" class="1004" name="tmp_75_fu_2274">
<pin_list>
<pin id="2275" dir="0" index="0" bw="64" slack="0"/>
<pin id="2276" dir="0" index="1" bw="416" slack="1"/>
<pin id="2277" dir="0" index="2" bw="10" slack="0"/>
<pin id="2278" dir="0" index="3" bw="10" slack="0"/>
<pin id="2279" dir="1" index="4" bw="64" slack="0"/>
</pin_list>
<bind>
<opcode="partselect(1002) " fcode="partselect"/>
<opset="tmp_75/111 "/>
</bind>
</comp>

<comp id="2284" class="1004" name="trunc_ln168_5_fu_2284">
<pin_list>
<pin id="2285" dir="0" index="0" bw="416" slack="1"/>
<pin id="2286" dir="1" index="1" bw="288" slack="0"/>
</pin_list>
<bind>
<opcode="trunc(33) " fcode="trunc"/>
<opset="trunc_ln168_5/111 "/>
</bind>
</comp>

<comp id="2288" class="1004" name="or_ln168_2_fu_2288">
<pin_list>
<pin id="2289" dir="0" index="0" bw="416" slack="0"/>
<pin id="2290" dir="0" index="1" bw="64" slack="0"/>
<pin id="2291" dir="0" index="2" bw="64" slack="1"/>
<pin id="2292" dir="0" index="3" bw="288" slack="0"/>
<pin id="2293" dir="1" index="4" bw="416" slack="0"/>
</pin_list>
<bind>
<opcode="bitconcatenate(1004) " fcode="bitconcatenate"/>
<opset="or_ln168_2/111 "/>
</bind>
</comp>

<comp id="2298" class="1004" name="store_ln168_store_fu_2298">
<pin_list>
<pin id="2299" dir="0" index="0" bw="416" slack="0"/>
<pin id="2300" dir="0" index="1" bw="416" slack="110"/>
<pin id="2301" dir="1" index="2" bw="0" slack="2147483647"/>
</pin_list>
<bind>
<opcode="store(28) " fcode="store"/>
<opset="store_ln168/111 "/>
</bind>
</comp>

<comp id="2303" class="1004" name="store_ln168_store_fu_2303">
<pin_list>
<pin id="2304" dir="0" index="0" bw="416" slack="0"/>
<pin id="2305" dir="0" index="1" bw="416" slack="110"/>
<pin id="2306" dir="1" index="2" bw="0" slack="2147483647"/>
</pin_list>
<bind>
<opcode="store(28) " fcode="store"/>
<opset="store_ln168/111 "/>
</bind>
</comp>

<comp id="2308" class="1004" name="sext_ln169_3_fu_2308">
<pin_list>
<pin id="2309" dir="0" index="0" bw="32" slack="1"/>
<pin id="2310" dir="1" index="1" bw="64" slack="0"/>
</pin_list>
<bind>
<opcode="sext(35) " fcode="sext"/>
<opset="sext_ln169_3/111 "/>
</bind>
</comp>

<comp id="2312" class="1004" name="trunc_ln168_3_fu_2312">
<pin_list>
<pin id="2313" dir="0" index="0" bw="64" slack="0"/>
<pin id="2314" dir="0" index="1" bw="416" slack="0"/>
<pin id="2315" dir="0" index="2" bw="10" slack="0"/>
<pin id="2316" dir="0" index="3" bw="10" slack="0"/>
<pin id="2317" dir="1" index="4" bw="64" slack="0"/>
</pin_list>
<bind>
<opcode="partselect(1002) " fcode="partselect"/>
<opset="trunc_ln168_3/111 "/>
</bind>
</comp>

<comp id="2322" class="1004" name="add_ln168_3_fu_2322">
<pin_list>
<pin id="2323" dir="0" index="0" bw="64" slack="0"/>
<pin id="2324" dir="0" index="1" bw="32" slack="0"/>
<pin id="2325" dir="1" index="2" bw="64" slack="0"/>
</pin_list>
<bind>
<opcode="add(8) " fcode="add"/>
<opset="add_ln168_3/111 "/>
</bind>
</comp>

<comp id="2328" class="1004" name="tmp_78_fu_2328">
<pin_list>
<pin id="2329" dir="0" index="0" bw="64" slack="0"/>
<pin id="2330" dir="0" index="1" bw="416" slack="0"/>
<pin id="2331" dir="0" index="2" bw="10" slack="0"/>
<pin id="2332" dir="0" index="3" bw="10" slack="0"/>
<pin id="2333" dir="1" index="4" bw="64" slack="0"/>
</pin_list>
<bind>
<opcode="partselect(1002) " fcode="partselect"/>
<opset="tmp_78/111 "/>
</bind>
</comp>

<comp id="2338" class="1004" name="trunc_ln168_6_fu_2338">
<pin_list>
<pin id="2339" dir="0" index="0" bw="416" slack="0"/>
<pin id="2340" dir="1" index="1" bw="288" slack="0"/>
</pin_list>
<bind>
<opcode="trunc(33) " fcode="trunc"/>
<opset="trunc_ln168_6/111 "/>
</bind>
</comp>

<comp id="2342" class="1004" name="or_ln168_3_fu_2342">
<pin_list>
<pin id="2343" dir="0" index="0" bw="416" slack="0"/>
<pin id="2344" dir="0" index="1" bw="64" slack="0"/>
<pin id="2345" dir="0" index="2" bw="64" slack="0"/>
<pin id="2346" dir="0" index="3" bw="288" slack="0"/>
<pin id="2347" dir="1" index="4" bw="416" slack="0"/>
</pin_list>
<bind>
<opcode="bitconcatenate(1004) " fcode="bitconcatenate"/>
<opset="or_ln168_3/111 "/>
</bind>
</comp>

<comp id="2352" class="1004" name="store_ln168_store_fu_2352">
<pin_list>
<pin id="2353" dir="0" index="0" bw="416" slack="0"/>
<pin id="2354" dir="0" index="1" bw="416" slack="110"/>
<pin id="2355" dir="1" index="2" bw="0" slack="2147483647"/>
</pin_list>
<bind>
<opcode="store(28) " fcode="store"/>
<opset="store_ln168/111 "/>
</bind>
</comp>

<comp id="2357" class="1005" name="new_col_reg_2357">
<pin_list>
<pin id="2358" dir="0" index="0" bw="7" slack="0"/>
<pin id="2359" dir="1" index="1" bw="7" slack="0"/>
</pin_list>
<bind>
<opset="new_col "/>
</bind>
</comp>

<comp id="2364" class="1005" name="new_row_2_reg_2364">
<pin_list>
<pin id="2365" dir="0" index="0" bw="7" slack="0"/>
<pin id="2366" dir="1" index="1" bw="7" slack="0"/>
</pin_list>
<bind>
<opset="new_row_2 "/>
</bind>
</comp>

<comp id="2371" class="1005" name="indvar_flatten9_reg_2371">
<pin_list>
<pin id="2372" dir="0" index="0" bw="13" slack="0"/>
<pin id="2373" dir="1" index="1" bw="13" slack="0"/>
</pin_list>
<bind>
<opset="indvar_flatten9 "/>
</bind>
</comp>

<comp id="2378" class="1005" name="empty_71_reg_2378">
<pin_list>
<pin id="2379" dir="0" index="0" bw="416" slack="0"/>
<pin id="2380" dir="1" index="1" bw="416" slack="0"/>
</pin_list>
<bind>
<opset="empty_71 "/>
</bind>
</comp>

<comp id="2387" class="1005" name="icmp_ln109_reg_2387">
<pin_list>
<pin id="2388" dir="0" index="0" bw="1" slack="1"/>
<pin id="2389" dir="1" index="1" bw="1" slack="2147483647"/>
</pin_list>
<bind>
<opset="icmp_ln109 "/>
</bind>
</comp>

<comp id="2391" class="1005" name="select_ln52_reg_2391">
<pin_list>
<pin id="2392" dir="0" index="0" bw="7" slack="1"/>
<pin id="2393" dir="1" index="1" bw="7" slack="1"/>
</pin_list>
<bind>
<opset="select_ln52 "/>
</bind>
</comp>

<comp id="2399" class="1005" name="select_ln109_reg_2399">
<pin_list>
<pin id="2400" dir="0" index="0" bw="7" slack="9"/>
<pin id="2401" dir="1" index="1" bw="7" slack="9"/>
</pin_list>
<bind>
<opset="select_ln109 "/>
</bind>
</comp>

<comp id="2406" class="1005" name="sub_ln111_reg_2406">
<pin_list>
<pin id="2407" dir="0" index="0" bw="12" slack="1"/>
<pin id="2408" dir="1" index="1" bw="12" slack="1"/>
</pin_list>
<bind>
<opset="sub_ln111 "/>
</bind>
</comp>

<comp id="2413" class="1005" name="tmp_52_reg_2413">
<pin_list>
<pin id="2414" dir="0" index="0" bw="6" slack="1"/>
<pin id="2415" dir="1" index="1" bw="6" slack="1"/>
</pin_list>
<bind>
<opset="tmp_52 "/>
</bind>
</comp>

<comp id="2418" class="1005" name="zext_ln111_2_reg_2418">
<pin_list>
<pin id="2419" dir="0" index="0" bw="12" slack="9"/>
<pin id="2420" dir="1" index="1" bw="12" slack="9"/>
</pin_list>
<bind>
<opset="zext_ln111_2 "/>
</bind>
</comp>

<comp id="2424" class="1005" name="water_level_addr_reg_2424">
<pin_list>
<pin id="2425" dir="0" index="0" bw="12" slack="1"/>
<pin id="2426" dir="1" index="1" bw="12" slack="1"/>
</pin_list>
<bind>
<opset="water_level_addr "/>
</bind>
</comp>

<comp id="2429" class="1005" name="water_level_1_addr_reg_2429">
<pin_list>
<pin id="2430" dir="0" index="0" bw="12" slack="1"/>
<pin id="2431" dir="1" index="1" bw="12" slack="1"/>
</pin_list>
<bind>
<opset="water_level_1_addr "/>
</bind>
</comp>

<comp id="2434" class="1005" name="water_level_2_addr_reg_2434">
<pin_list>
<pin id="2435" dir="0" index="0" bw="12" slack="1"/>
<pin id="2436" dir="1" index="1" bw="12" slack="1"/>
</pin_list>
<bind>
<opset="water_level_2_addr "/>
</bind>
</comp>

<comp id="2439" class="1005" name="water_level_load_reg_2439">
<pin_list>
<pin id="2440" dir="0" index="0" bw="32" slack="8"/>
<pin id="2441" dir="1" index="1" bw="32" slack="8"/>
</pin_list>
<bind>
<opset="water_level_load "/>
</bind>
</comp>

<comp id="2444" class="1005" name="water_level_1_load_reg_2444">
<pin_list>
<pin id="2445" dir="0" index="0" bw="32" slack="8"/>
<pin id="2446" dir="1" index="1" bw="32" slack="8"/>
</pin_list>
<bind>
<opset="water_level_1_load "/>
</bind>
</comp>

<comp id="2449" class="1005" name="water_level_2_load_reg_2449">
<pin_list>
<pin id="2450" dir="0" index="0" bw="32" slack="8"/>
<pin id="2451" dir="1" index="1" bw="32" slack="8"/>
</pin_list>
<bind>
<opset="water_level_2_load "/>
</bind>
</comp>

<comp id="2454" class="1005" name="new_row_reg_2454">
<pin_list>
<pin id="2455" dir="0" index="0" bw="8" slack="13"/>
<pin id="2456" dir="1" index="1" bw="8" slack="13"/>
</pin_list>
<bind>
<opset="new_row "/>
</bind>
</comp>

<comp id="2460" class="1005" name="sub_ln134_reg_2460">
<pin_list>
<pin id="2461" dir="0" index="0" bw="12" slack="1"/>
<pin id="2462" dir="1" index="1" bw="12" slack="1"/>
</pin_list>
<bind>
<opset="sub_ln134 "/>
</bind>
</comp>

<comp id="2465" class="1005" name="new_row_1_reg_2465">
<pin_list>
<pin id="2466" dir="0" index="0" bw="7" slack="14"/>
<pin id="2467" dir="1" index="1" bw="7" slack="14"/>
</pin_list>
<bind>
<opset="new_row_1 "/>
</bind>
</comp>

<comp id="2471" class="1005" name="trunc_ln52_reg_2471">
<pin_list>
<pin id="2472" dir="0" index="0" bw="2" slack="1"/>
<pin id="2473" dir="1" index="1" bw="2" slack="1"/>
</pin_list>
<bind>
<opset="trunc_ln52 "/>
</bind>
</comp>

<comp id="2479" class="1005" name="tmp_s_reg_2479">
<pin_list>
<pin id="2480" dir="0" index="0" bw="32" slack="1"/>
<pin id="2481" dir="1" index="1" bw="32" slack="1"/>
</pin_list>
<bind>
<opset="tmp_s "/>
</bind>
</comp>

<comp id="2484" class="1005" name="icmp_ln111_reg_2484">
<pin_list>
<pin id="2485" dir="0" index="0" bw="1" slack="1"/>
<pin id="2486" dir="1" index="1" bw="1" slack="2147483647"/>
</pin_list>
<bind>
<opset="icmp_ln111 "/>
</bind>
</comp>

<comp id="2488" class="1005" name="water_level_addr_1_reg_2488">
<pin_list>
<pin id="2489" dir="0" index="0" bw="12" slack="1"/>
<pin id="2490" dir="1" index="1" bw="12" slack="1"/>
</pin_list>
<bind>
<opset="water_level_addr_1 "/>
</bind>
</comp>

<comp id="2493" class="1005" name="add_ln134_1_reg_2493">
<pin_list>
<pin id="2494" dir="0" index="0" bw="12" slack="1"/>
<pin id="2495" dir="1" index="1" bw="12" slack="1"/>
</pin_list>
<bind>
<opset="add_ln134_1 "/>
</bind>
</comp>

<comp id="2498" class="1005" name="water_level_1_addr_1_reg_2498">
<pin_list>
<pin id="2499" dir="0" index="0" bw="12" slack="1"/>
<pin id="2500" dir="1" index="1" bw="12" slack="1"/>
</pin_list>
<bind>
<opset="water_level_1_addr_1 "/>
</bind>
</comp>

<comp id="2503" class="1005" name="water_level_2_addr_1_reg_2503">
<pin_list>
<pin id="2504" dir="0" index="0" bw="12" slack="1"/>
<pin id="2505" dir="1" index="1" bw="12" slack="1"/>
</pin_list>
<bind>
<opset="water_level_2_addr_1 "/>
</bind>
</comp>

<comp id="2508" class="1005" name="new_col_1_reg_2508">
<pin_list>
<pin id="2509" dir="0" index="0" bw="8" slack="1"/>
<pin id="2510" dir="1" index="1" bw="8" slack="1"/>
</pin_list>
<bind>
<opset="new_col_1 "/>
</bind>
</comp>

<comp id="2515" class="1005" name="water_level_addr_2_reg_2515">
<pin_list>
<pin id="2516" dir="0" index="0" bw="12" slack="1"/>
<pin id="2517" dir="1" index="1" bw="12" slack="1"/>
</pin_list>
<bind>
<opset="water_level_addr_2 "/>
</bind>
</comp>

<comp id="2520" class="1005" name="water_level_1_addr_2_reg_2520">
<pin_list>
<pin id="2521" dir="0" index="0" bw="12" slack="1"/>
<pin id="2522" dir="1" index="1" bw="12" slack="1"/>
</pin_list>
<bind>
<opset="water_level_1_addr_2 "/>
</bind>
</comp>

<comp id="2525" class="1005" name="water_level_2_addr_2_reg_2525">
<pin_list>
<pin id="2526" dir="0" index="0" bw="12" slack="1"/>
<pin id="2527" dir="1" index="1" bw="12" slack="1"/>
</pin_list>
<bind>
<opset="water_level_2_addr_2 "/>
</bind>
</comp>

<comp id="2530" class="1005" name="tmp_4_reg_2530">
<pin_list>
<pin id="2531" dir="0" index="0" bw="32" slack="1"/>
<pin id="2532" dir="1" index="1" bw="32" slack="1"/>
</pin_list>
<bind>
<opset="tmp_4 "/>
</bind>
</comp>

<comp id="2535" class="1005" name="zext_ln72_reg_2535">
<pin_list>
<pin id="2536" dir="0" index="0" bw="65" slack="1"/>
<pin id="2537" dir="1" index="1" bw="65" slack="1"/>
</pin_list>
<bind>
<opset="zext_ln72 "/>
</bind>
</comp>

<comp id="2540" class="1005" name="new_col_2_reg_2540">
<pin_list>
<pin id="2541" dir="0" index="0" bw="7" slack="16"/>
<pin id="2542" dir="1" index="1" bw="7" slack="16"/>
</pin_list>
<bind>
<opset="new_col_2 "/>
</bind>
</comp>

<comp id="2546" class="1005" name="tmp_53_reg_2546">
<pin_list>
<pin id="2547" dir="0" index="0" bw="6" slack="1"/>
<pin id="2548" dir="1" index="1" bw="6" slack="1"/>
</pin_list>
<bind>
<opset="tmp_53 "/>
</bind>
</comp>

<comp id="2551" class="1005" name="tmp_5_reg_2551">
<pin_list>
<pin id="2552" dir="0" index="0" bw="32" slack="1"/>
<pin id="2553" dir="1" index="1" bw="32" slack="1"/>
</pin_list>
<bind>
<opset="tmp_5 "/>
</bind>
</comp>

<comp id="2556" class="1005" name="udiv_ln1_cast_reg_2556">
<pin_list>
<pin id="2557" dir="0" index="0" bw="12" slack="1"/>
<pin id="2558" dir="1" index="1" bw="12" slack="1"/>
</pin_list>
<bind>
<opset="udiv_ln1_cast "/>
</bind>
</comp>

<comp id="2561" class="1005" name="water_level_addr_4_reg_2561">
<pin_list>
<pin id="2562" dir="0" index="0" bw="12" slack="1"/>
<pin id="2563" dir="1" index="1" bw="12" slack="1"/>
</pin_list>
<bind>
<opset="water_level_addr_4 "/>
</bind>
</comp>

<comp id="2566" class="1005" name="water_level_1_addr_4_reg_2566">
<pin_list>
<pin id="2567" dir="0" index="0" bw="12" slack="1"/>
<pin id="2568" dir="1" index="1" bw="12" slack="1"/>
</pin_list>
<bind>
<opset="water_level_1_addr_4 "/>
</bind>
</comp>

<comp id="2571" class="1005" name="water_level_2_addr_4_reg_2571">
<pin_list>
<pin id="2572" dir="0" index="0" bw="12" slack="1"/>
<pin id="2573" dir="1" index="1" bw="12" slack="1"/>
</pin_list>
<bind>
<opset="water_level_2_addr_4 "/>
</bind>
</comp>

<comp id="2576" class="1005" name="add_ln134_4_reg_2576">
<pin_list>
<pin id="2577" dir="0" index="0" bw="12" slack="1"/>
<pin id="2578" dir="1" index="1" bw="12" slack="1"/>
</pin_list>
<bind>
<opset="add_ln134_4 "/>
</bind>
</comp>

<comp id="2581" class="1005" name="tmp_11_reg_2581">
<pin_list>
<pin id="2582" dir="0" index="0" bw="32" slack="1"/>
<pin id="2583" dir="1" index="1" bw="32" slack="1"/>
</pin_list>
<bind>
<opset="tmp_11 "/>
</bind>
</comp>

<comp id="2586" class="1005" name="conv3_reg_2586">
<pin_list>
<pin id="2587" dir="0" index="0" bw="32" slack="1"/>
<pin id="2588" dir="1" index="1" bw="32" slack="1"/>
</pin_list>
<bind>
<opset="conv3 "/>
</bind>
</comp>

<comp id="2591" class="1005" name="water_level_addr_3_reg_2591">
<pin_list>
<pin id="2592" dir="0" index="0" bw="12" slack="1"/>
<pin id="2593" dir="1" index="1" bw="12" slack="1"/>
</pin_list>
<bind>
<opset="water_level_addr_3 "/>
</bind>
</comp>

<comp id="2596" class="1005" name="water_level_1_addr_3_reg_2596">
<pin_list>
<pin id="2597" dir="0" index="0" bw="12" slack="1"/>
<pin id="2598" dir="1" index="1" bw="12" slack="1"/>
</pin_list>
<bind>
<opset="water_level_1_addr_3 "/>
</bind>
</comp>

<comp id="2601" class="1005" name="water_level_2_addr_3_reg_2601">
<pin_list>
<pin id="2602" dir="0" index="0" bw="12" slack="1"/>
<pin id="2603" dir="1" index="1" bw="12" slack="1"/>
</pin_list>
<bind>
<opset="water_level_2_addr_3 "/>
</bind>
</comp>

<comp id="2606" class="1005" name="conv4_reg_2606">
<pin_list>
<pin id="2607" dir="0" index="0" bw="32" slack="1"/>
<pin id="2608" dir="1" index="1" bw="32" slack="1"/>
</pin_list>
<bind>
<opset="conv4 "/>
</bind>
</comp>

<comp id="2611" class="1005" name="tmp_6_reg_2611">
<pin_list>
<pin id="2612" dir="0" index="0" bw="32" slack="1"/>
<pin id="2613" dir="1" index="1" bw="32" slack="1"/>
</pin_list>
<bind>
<opset="tmp_6 "/>
</bind>
</comp>

<comp id="2616" class="1005" name="conv300_1_reg_2616">
<pin_list>
<pin id="2617" dir="0" index="0" bw="32" slack="1"/>
<pin id="2618" dir="1" index="1" bw="32" slack="1"/>
</pin_list>
<bind>
<opset="conv300_1 "/>
</bind>
</comp>

<comp id="2621" class="1005" name="conv300_3_reg_2621">
<pin_list>
<pin id="2622" dir="0" index="0" bw="32" slack="1"/>
<pin id="2623" dir="1" index="1" bw="32" slack="1"/>
</pin_list>
<bind>
<opset="conv300_3 "/>
</bind>
</comp>

<comp id="2626" class="1005" name="conv300_2_reg_2626">
<pin_list>
<pin id="2627" dir="0" index="0" bw="32" slack="1"/>
<pin id="2628" dir="1" index="1" bw="32" slack="1"/>
</pin_list>
<bind>
<opset="conv300_2 "/>
</bind>
</comp>

<comp id="2631" class="1005" name="mul_ln111_1_reg_2631">
<pin_list>
<pin id="2632" dir="0" index="0" bw="13" slack="3"/>
<pin id="2633" dir="1" index="1" bw="13" slack="3"/>
</pin_list>
<bind>
<opset="mul_ln111_1 "/>
</bind>
</comp>

<comp id="2638" class="1005" name="empty_72_reg_2638">
<pin_list>
<pin id="2639" dir="0" index="0" bw="1" slack="13"/>
<pin id="2640" dir="1" index="1" bw="1" slack="13"/>
</pin_list>
<bind>
<opset="empty_72 "/>
</bind>
</comp>

<comp id="2643" class="1005" name="mul_ln134_reg_2643">
<pin_list>
<pin id="2644" dir="0" index="0" bw="13" slack="3"/>
<pin id="2645" dir="1" index="1" bw="13" slack="3"/>
</pin_list>
<bind>
<opset="mul_ln134 "/>
</bind>
</comp>

<comp id="2648" class="1005" name="empty_73_reg_2648">
<pin_list>
<pin id="2649" dir="0" index="0" bw="1" slack="12"/>
<pin id="2650" dir="1" index="1" bw="1" slack="12"/>
</pin_list>
<bind>
<opset="empty_73 "/>
</bind>
</comp>

<comp id="2653" class="1005" name="mul_ln134_1_reg_2653">
<pin_list>
<pin id="2654" dir="0" index="0" bw="13" slack="1"/>
<pin id="2655" dir="1" index="1" bw="13" slack="1"/>
</pin_list>
<bind>
<opset="mul_ln134_1 "/>
</bind>
</comp>

<comp id="2658" class="1005" name="p_ground_addr_reg_2658">
<pin_list>
<pin id="2659" dir="0" index="0" bw="13" slack="1"/>
<pin id="2660" dir="1" index="1" bw="13" slack="1"/>
</pin_list>
<bind>
<opset="p_ground_addr "/>
</bind>
</comp>

<comp id="2663" class="1005" name="spillage_flag_addr_reg_2663">
<pin_list>
<pin id="2664" dir="0" index="0" bw="13" slack="64"/>
<pin id="2665" dir="1" index="1" bw="13" slack="64"/>
</pin_list>
<bind>
<opset="spillage_flag_addr "/>
</bind>
</comp>

<comp id="2668" class="1005" name="spillage_level_addr_reg_2668">
<pin_list>
<pin id="2669" dir="0" index="0" bw="13" slack="64"/>
<pin id="2670" dir="1" index="1" bw="13" slack="64"/>
</pin_list>
<bind>
<opset="spillage_level_addr "/>
</bind>
</comp>

<comp id="2673" class="1005" name="p_ground_addr_1_reg_2673">
<pin_list>
<pin id="2674" dir="0" index="0" bw="13" slack="1"/>
<pin id="2675" dir="1" index="1" bw="13" slack="1"/>
</pin_list>
<bind>
<opset="p_ground_addr_1 "/>
</bind>
</comp>

<comp id="2678" class="1005" name="add_ln134_3_reg_2678">
<pin_list>
<pin id="2679" dir="0" index="0" bw="13" slack="1"/>
<pin id="2680" dir="1" index="1" bw="13" slack="1"/>
</pin_list>
<bind>
<opset="add_ln134_3 "/>
</bind>
</comp>

<comp id="2683" class="1005" name="spillage_from_neigh_addr_reg_2683">
<pin_list>
<pin id="2684" dir="0" index="0" bw="13" slack="75"/>
<pin id="2685" dir="1" index="1" bw="13" slack="75"/>
</pin_list>
<bind>
<opset="spillage_from_neigh_addr "/>
</bind>
</comp>

<comp id="2688" class="1005" name="p_ground_load_reg_2688">
<pin_list>
<pin id="2689" dir="0" index="0" bw="32" slack="1"/>
<pin id="2690" dir="1" index="1" bw="32" slack="1"/>
</pin_list>
<bind>
<opset="p_ground_load "/>
</bind>
</comp>

<comp id="2695" class="1005" name="div9_reg_2695">
<pin_list>
<pin id="2696" dir="0" index="0" bw="32" slack="1"/>
<pin id="2697" dir="1" index="1" bw="32" slack="1"/>
</pin_list>
<bind>
<opset="div9 "/>
</bind>
</comp>

<comp id="2703" class="1005" name="p_ground_addr_2_reg_2703">
<pin_list>
<pin id="2704" dir="0" index="0" bw="13" slack="1"/>
<pin id="2705" dir="1" index="1" bw="13" slack="1"/>
</pin_list>
<bind>
<opset="p_ground_addr_2 "/>
</bind>
</comp>

<comp id="2708" class="1005" name="spillage_from_neigh_1_addr_reg_2708">
<pin_list>
<pin id="2709" dir="0" index="0" bw="13" slack="74"/>
<pin id="2710" dir="1" index="1" bw="13" slack="74"/>
</pin_list>
<bind>
<opset="spillage_from_neigh_1_addr "/>
</bind>
</comp>

<comp id="2713" class="1005" name="p_ground_load_1_reg_2713">
<pin_list>
<pin id="2714" dir="0" index="0" bw="32" slack="2"/>
<pin id="2715" dir="1" index="1" bw="32" slack="2"/>
</pin_list>
<bind>
<opset="p_ground_load_1 "/>
</bind>
</comp>

<comp id="2718" class="1005" name="neighbor_height_8_reg_2718">
<pin_list>
<pin id="2719" dir="0" index="0" bw="32" slack="1"/>
<pin id="2720" dir="1" index="1" bw="32" slack="1"/>
</pin_list>
<bind>
<opset="neighbor_height_8 "/>
</bind>
</comp>

<comp id="2729" class="1005" name="div4_reg_2729">
<pin_list>
<pin id="2730" dir="0" index="0" bw="32" slack="1"/>
<pin id="2731" dir="1" index="1" bw="32" slack="1"/>
</pin_list>
<bind>
<opset="div4 "/>
</bind>
</comp>

<comp id="2734" class="1005" name="p_ground_load_2_reg_2734">
<pin_list>
<pin id="2735" dir="0" index="0" bw="32" slack="2"/>
<pin id="2736" dir="1" index="1" bw="32" slack="2"/>
</pin_list>
<bind>
<opset="p_ground_load_2 "/>
</bind>
</comp>

<comp id="2739" class="1005" name="p_ground_addr_4_reg_2739">
<pin_list>
<pin id="2740" dir="0" index="0" bw="13" slack="1"/>
<pin id="2741" dir="1" index="1" bw="13" slack="1"/>
</pin_list>
<bind>
<opset="p_ground_addr_4 "/>
</bind>
</comp>

<comp id="2744" class="1005" name="spillage_from_neigh_3_addr_reg_2744">
<pin_list>
<pin id="2745" dir="0" index="0" bw="13" slack="75"/>
<pin id="2746" dir="1" index="1" bw="13" slack="75"/>
</pin_list>
<bind>
<opset="spillage_from_neigh_3_addr "/>
</bind>
</comp>

<comp id="2749" class="1005" name="bitcast_ln134_reg_2749">
<pin_list>
<pin id="2750" dir="0" index="0" bw="32" slack="1"/>
<pin id="2751" dir="1" index="1" bw="32" slack="1"/>
</pin_list>
<bind>
<opset="bitcast_ln134 "/>
</bind>
</comp>

<comp id="2754" class="1005" name="div301_1_reg_2754">
<pin_list>
<pin id="2755" dir="0" index="0" bw="32" slack="1"/>
<pin id="2756" dir="1" index="1" bw="32" slack="1"/>
</pin_list>
<bind>
<opset="div301_1 "/>
</bind>
</comp>

<comp id="2759" class="1005" name="p_ground_load_4_reg_2759">
<pin_list>
<pin id="2760" dir="0" index="0" bw="32" slack="2"/>
<pin id="2761" dir="1" index="1" bw="32" slack="2"/>
</pin_list>
<bind>
<opset="p_ground_load_4 "/>
</bind>
</comp>

<comp id="2764" class="1005" name="bitcast_ln134_1_reg_2764">
<pin_list>
<pin id="2765" dir="0" index="0" bw="32" slack="1"/>
<pin id="2766" dir="1" index="1" bw="32" slack="1"/>
</pin_list>
<bind>
<opset="bitcast_ln134_1 "/>
</bind>
</comp>

<comp id="2769" class="1005" name="p_ground_addr_3_reg_2769">
<pin_list>
<pin id="2770" dir="0" index="0" bw="13" slack="1"/>
<pin id="2771" dir="1" index="1" bw="13" slack="1"/>
</pin_list>
<bind>
<opset="p_ground_addr_3 "/>
</bind>
</comp>

<comp id="2774" class="1005" name="spillage_from_neigh_2_addr_reg_2774">
<pin_list>
<pin id="2775" dir="0" index="0" bw="13" slack="73"/>
<pin id="2776" dir="1" index="1" bw="13" slack="73"/>
</pin_list>
<bind>
<opset="spillage_from_neigh_2_addr "/>
</bind>
</comp>

<comp id="2779" class="1005" name="div301_3_reg_2779">
<pin_list>
<pin id="2780" dir="0" index="0" bw="32" slack="1"/>
<pin id="2781" dir="1" index="1" bw="32" slack="1"/>
</pin_list>
<bind>
<opset="div301_3 "/>
</bind>
</comp>

<comp id="2784" class="1005" name="p_ground_load_3_reg_2784">
<pin_list>
<pin id="2785" dir="0" index="0" bw="32" slack="2"/>
<pin id="2786" dir="1" index="1" bw="32" slack="2"/>
</pin_list>
<bind>
<opset="p_ground_load_3 "/>
</bind>
</comp>

<comp id="2789" class="1005" name="bitcast_ln134_3_reg_2789">
<pin_list>
<pin id="2790" dir="0" index="0" bw="32" slack="1"/>
<pin id="2791" dir="1" index="1" bw="32" slack="1"/>
</pin_list>
<bind>
<opset="bitcast_ln134_3 "/>
</bind>
</comp>

<comp id="2794" class="1005" name="div301_2_reg_2794">
<pin_list>
<pin id="2795" dir="0" index="0" bw="32" slack="1"/>
<pin id="2796" dir="1" index="1" bw="32" slack="1"/>
</pin_list>
<bind>
<opset="div301_2 "/>
</bind>
</comp>

<comp id="2799" class="1005" name="bitcast_ln134_2_reg_2799">
<pin_list>
<pin id="2800" dir="0" index="0" bw="32" slack="1"/>
<pin id="2801" dir="1" index="1" bw="32" slack="1"/>
</pin_list>
<bind>
<opset="bitcast_ln134_2 "/>
</bind>
</comp>

<comp id="2804" class="1005" name="current_height_reg_2804">
<pin_list>
<pin id="2805" dir="0" index="0" bw="32" slack="2"/>
<pin id="2806" dir="1" index="1" bw="32" slack="2"/>
</pin_list>
<bind>
<opset="current_height "/>
</bind>
</comp>

<comp id="2818" class="1005" name="neighbor_height_reg_2818">
<pin_list>
<pin id="2819" dir="0" index="0" bw="32" slack="1"/>
<pin id="2820" dir="1" index="1" bw="32" slack="1"/>
</pin_list>
<bind>
<opset="neighbor_height "/>
</bind>
</comp>

<comp id="2826" class="1005" name="neighbor_height_1_reg_2826">
<pin_list>
<pin id="2827" dir="0" index="0" bw="32" slack="1"/>
<pin id="2828" dir="1" index="1" bw="32" slack="1"/>
</pin_list>
<bind>
<opset="neighbor_height_1 "/>
</bind>
</comp>

<comp id="2832" class="1005" name="icmp_ln139_2_reg_2832">
<pin_list>
<pin id="2833" dir="0" index="0" bw="1" slack="1"/>
<pin id="2834" dir="1" index="1" bw="1" slack="1"/>
</pin_list>
<bind>
<opset="icmp_ln139_2 "/>
</bind>
</comp>

<comp id="2837" class="1005" name="icmp_ln139_3_reg_2837">
<pin_list>
<pin id="2838" dir="0" index="0" bw="1" slack="1"/>
<pin id="2839" dir="1" index="1" bw="1" slack="1"/>
</pin_list>
<bind>
<opset="icmp_ln139_3 "/>
</bind>
</comp>

<comp id="2842" class="1005" name="neighbor_height_2_reg_2842">
<pin_list>
<pin id="2843" dir="0" index="0" bw="32" slack="1"/>
<pin id="2844" dir="1" index="1" bw="32" slack="1"/>
</pin_list>
<bind>
<opset="neighbor_height_2 "/>
</bind>
</comp>

<comp id="2850" class="1005" name="or_ln139_reg_2850">
<pin_list>
<pin id="2851" dir="0" index="0" bw="1" slack="1"/>
<pin id="2852" dir="1" index="1" bw="1" slack="1"/>
</pin_list>
<bind>
<opset="or_ln139 "/>
</bind>
</comp>

<comp id="2862" class="1005" name="and_ln139_1_reg_2862">
<pin_list>
<pin id="2863" dir="0" index="0" bw="1" slack="6"/>
<pin id="2864" dir="1" index="1" bw="1" slack="7"/>
</pin_list>
<bind>
<opset="and_ln139_1 "/>
</bind>
</comp>

<comp id="2868" class="1005" name="neighbor_height_3_reg_2868">
<pin_list>
<pin id="2869" dir="0" index="0" bw="32" slack="1"/>
<pin id="2870" dir="1" index="1" bw="32" slack="1"/>
</pin_list>
<bind>
<opset="neighbor_height_3 "/>
</bind>
</comp>

<comp id="2874" class="1005" name="icmp_ln139_4_reg_2874">
<pin_list>
<pin id="2875" dir="0" index="0" bw="1" slack="1"/>
<pin id="2876" dir="1" index="1" bw="1" slack="1"/>
</pin_list>
<bind>
<opset="icmp_ln139_4 "/>
</bind>
</comp>

<comp id="2879" class="1005" name="icmp_ln139_5_reg_2879">
<pin_list>
<pin id="2880" dir="0" index="0" bw="1" slack="1"/>
<pin id="2881" dir="1" index="1" bw="1" slack="1"/>
</pin_list>
<bind>
<opset="icmp_ln139_5 "/>
</bind>
</comp>

<comp id="2884" class="1005" name="icmp_ln128_1_reg_2884">
<pin_list>
<pin id="2885" dir="0" index="0" bw="1" slack="1"/>
<pin id="2886" dir="1" index="1" bw="1" slack="1"/>
</pin_list>
<bind>
<opset="icmp_ln128_1 "/>
</bind>
</comp>

<comp id="2889" class="1005" name="neighbor_height_6_reg_2889">
<pin_list>
<pin id="2890" dir="0" index="0" bw="32" slack="1"/>
<pin id="2891" dir="1" index="1" bw="32" slack="1"/>
</pin_list>
<bind>
<opset="neighbor_height_6 "/>
</bind>
</comp>

<comp id="2897" class="1005" name="and_ln139_3_reg_2897">
<pin_list>
<pin id="2898" dir="0" index="0" bw="1" slack="7"/>
<pin id="2899" dir="1" index="1" bw="1" slack="8"/>
</pin_list>
<bind>
<opset="and_ln139_3 "/>
</bind>
</comp>

<comp id="2903" class="1005" name="neighbor_height_7_reg_2903">
<pin_list>
<pin id="2904" dir="0" index="0" bw="32" slack="1"/>
<pin id="2905" dir="1" index="1" bw="32" slack="1"/>
</pin_list>
<bind>
<opset="neighbor_height_7 "/>
</bind>
</comp>

<comp id="2909" class="1005" name="icmp_ln139_8_reg_2909">
<pin_list>
<pin id="2910" dir="0" index="0" bw="1" slack="1"/>
<pin id="2911" dir="1" index="1" bw="1" slack="1"/>
</pin_list>
<bind>
<opset="icmp_ln139_8 "/>
</bind>
</comp>

<comp id="2914" class="1005" name="icmp_ln139_9_reg_2914">
<pin_list>
<pin id="2915" dir="0" index="0" bw="1" slack="1"/>
<pin id="2916" dir="1" index="1" bw="1" slack="1"/>
</pin_list>
<bind>
<opset="icmp_ln139_9 "/>
</bind>
</comp>

<comp id="2919" class="1005" name="icmp_ln128_reg_2919">
<pin_list>
<pin id="2920" dir="0" index="0" bw="1" slack="1"/>
<pin id="2921" dir="1" index="1" bw="1" slack="1"/>
</pin_list>
<bind>
<opset="icmp_ln128 "/>
</bind>
</comp>

<comp id="2924" class="1005" name="neighbor_height_4_reg_2924">
<pin_list>
<pin id="2925" dir="0" index="0" bw="32" slack="1"/>
<pin id="2926" dir="1" index="1" bw="32" slack="1"/>
</pin_list>
<bind>
<opset="neighbor_height_4 "/>
</bind>
</comp>

<comp id="2932" class="1005" name="and_ln139_7_reg_2932">
<pin_list>
<pin id="2933" dir="0" index="0" bw="1" slack="10"/>
<pin id="2934" dir="1" index="1" bw="1" slack="11"/>
</pin_list>
<bind>
<opset="and_ln139_7 "/>
</bind>
</comp>

<comp id="2938" class="1005" name="neighbor_height_5_reg_2938">
<pin_list>
<pin id="2939" dir="0" index="0" bw="32" slack="1"/>
<pin id="2940" dir="1" index="1" bw="32" slack="1"/>
</pin_list>
<bind>
<opset="neighbor_height_5 "/>
</bind>
</comp>

<comp id="2944" class="1005" name="icmp_ln139_6_reg_2944">
<pin_list>
<pin id="2945" dir="0" index="0" bw="1" slack="1"/>
<pin id="2946" dir="1" index="1" bw="1" slack="1"/>
</pin_list>
<bind>
<opset="icmp_ln139_6 "/>
</bind>
</comp>

<comp id="2949" class="1005" name="icmp_ln139_7_reg_2949">
<pin_list>
<pin id="2950" dir="0" index="0" bw="1" slack="1"/>
<pin id="2951" dir="1" index="1" bw="1" slack="1"/>
</pin_list>
<bind>
<opset="icmp_ln139_7 "/>
</bind>
</comp>

<comp id="2954" class="1005" name="and_ln139_5_reg_2954">
<pin_list>
<pin id="2955" dir="0" index="0" bw="1" slack="6"/>
<pin id="2956" dir="1" index="1" bw="1" slack="7"/>
</pin_list>
<bind>
<opset="and_ln139_5 "/>
</bind>
</comp>

<comp id="2960" class="1005" name="height_diff_reg_2960">
<pin_list>
<pin id="2961" dir="0" index="0" bw="32" slack="1"/>
<pin id="2962" dir="1" index="1" bw="32" slack="1"/>
</pin_list>
<bind>
<opset="height_diff "/>
</bind>
</comp>

<comp id="2968" class="1005" name="height_diff_1_reg_2968">
<pin_list>
<pin id="2969" dir="0" index="0" bw="32" slack="2"/>
<pin id="2970" dir="1" index="1" bw="32" slack="2"/>
</pin_list>
<bind>
<opset="height_diff_1 "/>
</bind>
</comp>

<comp id="2976" class="1005" name="my_spillage_level_1_reg_2976">
<pin_list>
<pin id="2977" dir="0" index="0" bw="32" slack="1"/>
<pin id="2978" dir="1" index="1" bw="32" slack="1"/>
</pin_list>
<bind>
<opset="my_spillage_level_1 "/>
</bind>
</comp>

<comp id="2984" class="1005" name="height_diff_3_reg_2984">
<pin_list>
<pin id="2985" dir="0" index="0" bw="32" slack="5"/>
<pin id="2986" dir="1" index="1" bw="32" slack="5"/>
</pin_list>
<bind>
<opset="height_diff_3 "/>
</bind>
</comp>

<comp id="2992" class="1005" name="my_spillage_level_3_reg_2992">
<pin_list>
<pin id="2993" dir="0" index="0" bw="32" slack="1"/>
<pin id="2994" dir="1" index="1" bw="32" slack="1"/>
</pin_list>
<bind>
<opset="my_spillage_level_3 "/>
</bind>
</comp>

<comp id="3000" class="1005" name="height_diff_2_reg_3000">
<pin_list>
<pin id="3001" dir="0" index="0" bw="32" slack="1"/>
<pin id="3002" dir="1" index="1" bw="32" slack="1"/>
</pin_list>
<bind>
<opset="height_diff_2 "/>
</bind>
</comp>

<comp id="3008" class="1005" name="my_spillage_level_5_reg_3008">
<pin_list>
<pin id="3009" dir="0" index="0" bw="32" slack="1"/>
<pin id="3010" dir="1" index="1" bw="32" slack="1"/>
</pin_list>
<bind>
<opset="my_spillage_level_5 "/>
</bind>
</comp>

<comp id="3016" class="1005" name="sum_diff_1_reg_3016">
<pin_list>
<pin id="3017" dir="0" index="0" bw="32" slack="1"/>
<pin id="3018" dir="1" index="1" bw="32" slack="1"/>
</pin_list>
<bind>
<opset="sum_diff_1 "/>
</bind>
</comp>

<comp id="3022" class="1005" name="my_spillage_level_7_reg_3022">
<pin_list>
<pin id="3023" dir="0" index="0" bw="32" slack="1"/>
<pin id="3024" dir="1" index="1" bw="32" slack="1"/>
</pin_list>
<bind>
<opset="my_spillage_level_7 "/>
</bind>
</comp>

<comp id="3029" class="1005" name="my_spillage_level_8_reg_3029">
<pin_list>
<pin id="3030" dir="0" index="0" bw="32" slack="22"/>
<pin id="3031" dir="1" index="1" bw="32" slack="22"/>
</pin_list>
<bind>
<opset="my_spillage_level_8 "/>
</bind>
</comp>

<comp id="3035" class="1005" name="sum_diff_3_reg_3035">
<pin_list>
<pin id="3036" dir="0" index="0" bw="32" slack="1"/>
<pin id="3037" dir="1" index="1" bw="32" slack="1"/>
</pin_list>
<bind>
<opset="sum_diff_3 "/>
</bind>
</comp>

<comp id="3041" class="1005" name="sum_diff_5_reg_3041">
<pin_list>
<pin id="3042" dir="0" index="0" bw="32" slack="1"/>
<pin id="3043" dir="1" index="1" bw="32" slack="1"/>
</pin_list>
<bind>
<opset="sum_diff_5 "/>
</bind>
</comp>

<comp id="3047" class="1005" name="sum_diff_7_reg_3047">
<pin_list>
<pin id="3048" dir="0" index="0" bw="32" slack="1"/>
<pin id="3049" dir="1" index="1" bw="32" slack="1"/>
</pin_list>
<bind>
<opset="sum_diff_7 "/>
</bind>
</comp>

<comp id="3054" class="1005" name="and_ln148_reg_3054">
<pin_list>
<pin id="3055" dir="0" index="0" bw="1" slack="2"/>
<pin id="3056" dir="1" index="1" bw="1" slack="2147483647"/>
</pin_list>
<bind>
<opset="and_ln148 "/>
</bind>
</comp>

<comp id="3058" class="1005" name="proportion_reg_3058">
<pin_list>
<pin id="3059" dir="0" index="0" bw="32" slack="1"/>
<pin id="3060" dir="1" index="1" bw="32" slack="1"/>
</pin_list>
<bind>
<opset="proportion "/>
</bind>
</comp>

<comp id="3066" class="1005" name="conv6_reg_3066">
<pin_list>
<pin id="3067" dir="0" index="0" bw="64" slack="1"/>
<pin id="3068" dir="1" index="1" bw="64" slack="1"/>
</pin_list>
<bind>
<opset="conv6 "/>
</bind>
</comp>

<comp id="3072" class="1005" name="icmp_ln151_reg_3072">
<pin_list>
<pin id="3073" dir="0" index="0" bw="1" slack="1"/>
<pin id="3074" dir="1" index="1" bw="1" slack="1"/>
</pin_list>
<bind>
<opset="icmp_ln151 "/>
</bind>
</comp>

<comp id="3077" class="1005" name="icmp_ln151_1_reg_3077">
<pin_list>
<pin id="3078" dir="0" index="0" bw="1" slack="1"/>
<pin id="3079" dir="1" index="1" bw="1" slack="1"/>
</pin_list>
<bind>
<opset="icmp_ln151_1 "/>
</bind>
</comp>

<comp id="3082" class="1005" name="and_ln151_reg_3082">
<pin_list>
<pin id="3083" dir="0" index="0" bw="1" slack="1"/>
<pin id="3084" dir="1" index="1" bw="1" slack="2147483647"/>
</pin_list>
<bind>
<opset="and_ln151 "/>
</bind>
</comp>

<comp id="3086" class="1005" name="notlhs178_reg_3086">
<pin_list>
<pin id="3087" dir="0" index="0" bw="1" slack="3"/>
<pin id="3088" dir="1" index="1" bw="1" slack="3"/>
</pin_list>
<bind>
<opset="notlhs178 "/>
</bind>
</comp>

<comp id="3091" class="1005" name="notrhs179_reg_3091">
<pin_list>
<pin id="3092" dir="0" index="0" bw="1" slack="3"/>
<pin id="3093" dir="1" index="1" bw="1" slack="3"/>
</pin_list>
<bind>
<opset="notrhs179 "/>
</bind>
</comp>

<comp id="3096" class="1005" name="and_ln175_1_reg_3096">
<pin_list>
<pin id="3097" dir="0" index="0" bw="1" slack="1"/>
<pin id="3098" dir="1" index="1" bw="1" slack="2147483647"/>
</pin_list>
<bind>
<opset="and_ln175_1 "/>
</bind>
</comp>

<comp id="3100" class="1005" name="and_ln175_3_reg_3100">
<pin_list>
<pin id="3101" dir="0" index="0" bw="1" slack="1"/>
<pin id="3102" dir="1" index="1" bw="1" slack="2147483647"/>
</pin_list>
<bind>
<opset="and_ln175_3 "/>
</bind>
</comp>

<comp id="3104" class="1005" name="and_ln175_5_reg_3104">
<pin_list>
<pin id="3105" dir="0" index="0" bw="1" slack="1"/>
<pin id="3106" dir="1" index="1" bw="1" slack="2147483647"/>
</pin_list>
<bind>
<opset="and_ln175_5 "/>
</bind>
</comp>

<comp id="3108" class="1005" name="and_ln175_7_reg_3108">
<pin_list>
<pin id="3109" dir="0" index="0" bw="1" slack="1"/>
<pin id="3110" dir="1" index="1" bw="1" slack="2147483647"/>
</pin_list>
<bind>
<opset="and_ln175_7 "/>
</bind>
</comp>

<comp id="3112" class="1005" name="empty_80_reg_3112">
<pin_list>
<pin id="3113" dir="0" index="0" bw="1" slack="16"/>
<pin id="3114" dir="1" index="1" bw="1" slack="2147483647"/>
</pin_list>
<bind>
<opset="empty_80 "/>
</bind>
</comp>

<comp id="3116" class="1005" name="sub6_reg_3116">
<pin_list>
<pin id="3117" dir="0" index="0" bw="32" slack="1"/>
<pin id="3118" dir="1" index="1" bw="32" slack="1"/>
</pin_list>
<bind>
<opset="sub6 "/>
</bind>
</comp>

<comp id="3121" class="1005" name="sub7_reg_3121">
<pin_list>
<pin id="3122" dir="0" index="0" bw="32" slack="1"/>
<pin id="3123" dir="1" index="1" bw="32" slack="1"/>
</pin_list>
<bind>
<opset="sub7 "/>
</bind>
</comp>

<comp id="3126" class="1005" name="sub400_1_reg_3126">
<pin_list>
<pin id="3127" dir="0" index="0" bw="32" slack="1"/>
<pin id="3128" dir="1" index="1" bw="32" slack="1"/>
</pin_list>
<bind>
<opset="sub400_1 "/>
</bind>
</comp>

<comp id="3131" class="1005" name="sub400_2_reg_3131">
<pin_list>
<pin id="3132" dir="0" index="0" bw="32" slack="1"/>
<pin id="3133" dir="1" index="1" bw="32" slack="1"/>
</pin_list>
<bind>
<opset="sub400_2 "/>
</bind>
</comp>

<comp id="3136" class="1005" name="sub400_3_reg_3136">
<pin_list>
<pin id="3137" dir="0" index="0" bw="32" slack="1"/>
<pin id="3138" dir="1" index="1" bw="32" slack="1"/>
</pin_list>
<bind>
<opset="sub400_3 "/>
</bind>
</comp>

<comp id="3141" class="1005" name="mul7_reg_3141">
<pin_list>
<pin id="3142" dir="0" index="0" bw="32" slack="1"/>
<pin id="3143" dir="1" index="1" bw="32" slack="1"/>
</pin_list>
<bind>
<opset="mul7 "/>
</bind>
</comp>

<comp id="3146" class="1005" name="mul401_3_reg_3146">
<pin_list>
<pin id="3147" dir="0" index="0" bw="32" slack="1"/>
<pin id="3148" dir="1" index="1" bw="32" slack="1"/>
</pin_list>
<bind>
<opset="mul401_3 "/>
</bind>
</comp>

<comp id="3151" class="1005" name="div7_reg_3151">
<pin_list>
<pin id="3152" dir="0" index="0" bw="32" slack="1"/>
<pin id="3153" dir="1" index="1" bw="32" slack="1"/>
</pin_list>
<bind>
<opset="div7 "/>
</bind>
</comp>

<comp id="3156" class="1005" name="p_load_reg_3156">
<pin_list>
<pin id="3157" dir="0" index="0" bw="416" slack="1"/>
<pin id="3158" dir="1" index="1" bw="416" slack="1"/>
</pin_list>
<bind>
<opset="p_load "/>
</bind>
</comp>

<comp id="3162" class="1005" name="or_ln2_reg_3162">
<pin_list>
<pin id="3163" dir="0" index="0" bw="416" slack="1"/>
<pin id="3164" dir="1" index="1" bw="416" slack="1"/>
</pin_list>
<bind>
<opset="or_ln2 "/>
</bind>
</comp>

<comp id="3167" class="1005" name="add_ln168_2_reg_3167">
<pin_list>
<pin id="3168" dir="0" index="0" bw="64" slack="1"/>
<pin id="3169" dir="1" index="1" bw="64" slack="1"/>
</pin_list>
<bind>
<opset="add_ln168_2 "/>
</bind>
</comp>

</comp_list>

<net_list>
<net id="155"><net_src comp="24" pin="0"/><net_sink comp="152" pin=0"/></net>

<net id="159"><net_src comp="24" pin="0"/><net_sink comp="156" pin=0"/></net>

<net id="163"><net_src comp="24" pin="0"/><net_sink comp="160" pin=0"/></net>

<net id="167"><net_src comp="24" pin="0"/><net_sink comp="164" pin=0"/></net>

<net id="172"><net_src comp="36" pin="0"/><net_sink comp="168" pin=0"/></net>

<net id="173"><net_src comp="0" pin="0"/><net_sink comp="168" pin=1"/></net>

<net id="179"><net_src comp="150" pin="0"/><net_sink comp="174" pin=0"/></net>

<net id="180"><net_src comp="22" pin="0"/><net_sink comp="174" pin=1"/></net>

<net id="186"><net_src comp="8" pin="0"/><net_sink comp="181" pin=0"/></net>

<net id="187"><net_src comp="68" pin="0"/><net_sink comp="181" pin=1"/></net>

<net id="193"><net_src comp="10" pin="0"/><net_sink comp="188" pin=0"/></net>

<net id="194"><net_src comp="68" pin="0"/><net_sink comp="188" pin=1"/></net>

<net id="200"><net_src comp="12" pin="0"/><net_sink comp="195" pin=0"/></net>

<net id="201"><net_src comp="68" pin="0"/><net_sink comp="195" pin=1"/></net>

<net id="211"><net_src comp="181" pin="3"/><net_sink comp="202" pin=2"/></net>

<net id="221"><net_src comp="188" pin="3"/><net_sink comp="212" pin=2"/></net>

<net id="231"><net_src comp="195" pin="3"/><net_sink comp="222" pin=2"/></net>

<net id="237"><net_src comp="8" pin="0"/><net_sink comp="232" pin=0"/></net>

<net id="238"><net_src comp="68" pin="0"/><net_sink comp="232" pin=1"/></net>

<net id="244"><net_src comp="10" pin="0"/><net_sink comp="239" pin=0"/></net>

<net id="245"><net_src comp="68" pin="0"/><net_sink comp="239" pin=1"/></net>

<net id="251"><net_src comp="12" pin="0"/><net_sink comp="246" pin=0"/></net>

<net id="252"><net_src comp="68" pin="0"/><net_sink comp="246" pin=1"/></net>

<net id="253"><net_src comp="232" pin="3"/><net_sink comp="202" pin=0"/></net>

<net id="254"><net_src comp="239" pin="3"/><net_sink comp="212" pin=0"/></net>

<net id="255"><net_src comp="246" pin="3"/><net_sink comp="222" pin=0"/></net>

<net id="261"><net_src comp="8" pin="0"/><net_sink comp="256" pin=0"/></net>

<net id="262"><net_src comp="68" pin="0"/><net_sink comp="256" pin=1"/></net>

<net id="268"><net_src comp="10" pin="0"/><net_sink comp="263" pin=0"/></net>

<net id="269"><net_src comp="68" pin="0"/><net_sink comp="263" pin=1"/></net>

<net id="275"><net_src comp="12" pin="0"/><net_sink comp="270" pin=0"/></net>

<net id="276"><net_src comp="68" pin="0"/><net_sink comp="270" pin=1"/></net>

<net id="277"><net_src comp="256" pin="3"/><net_sink comp="202" pin=2"/></net>

<net id="278"><net_src comp="263" pin="3"/><net_sink comp="212" pin=2"/></net>

<net id="279"><net_src comp="270" pin="3"/><net_sink comp="222" pin=2"/></net>

<net id="285"><net_src comp="8" pin="0"/><net_sink comp="280" pin=0"/></net>

<net id="286"><net_src comp="68" pin="0"/><net_sink comp="280" pin=1"/></net>

<net id="292"><net_src comp="10" pin="0"/><net_sink comp="287" pin=0"/></net>

<net id="293"><net_src comp="68" pin="0"/><net_sink comp="287" pin=1"/></net>

<net id="299"><net_src comp="12" pin="0"/><net_sink comp="294" pin=0"/></net>

<net id="300"><net_src comp="68" pin="0"/><net_sink comp="294" pin=1"/></net>

<net id="301"><net_src comp="280" pin="3"/><net_sink comp="202" pin=0"/></net>

<net id="302"><net_src comp="287" pin="3"/><net_sink comp="212" pin=0"/></net>

<net id="303"><net_src comp="294" pin="3"/><net_sink comp="222" pin=0"/></net>

<net id="309"><net_src comp="8" pin="0"/><net_sink comp="304" pin=0"/></net>

<net id="310"><net_src comp="68" pin="0"/><net_sink comp="304" pin=1"/></net>

<net id="316"><net_src comp="10" pin="0"/><net_sink comp="311" pin=0"/></net>

<net id="317"><net_src comp="68" pin="0"/><net_sink comp="311" pin=1"/></net>

<net id="323"><net_src comp="12" pin="0"/><net_sink comp="318" pin=0"/></net>

<net id="324"><net_src comp="68" pin="0"/><net_sink comp="318" pin=1"/></net>

<net id="325"><net_src comp="304" pin="3"/><net_sink comp="202" pin=0"/></net>

<net id="326"><net_src comp="311" pin="3"/><net_sink comp="212" pin=0"/></net>

<net id="327"><net_src comp="318" pin="3"/><net_sink comp="222" pin=0"/></net>

<net id="333"><net_src comp="2" pin="0"/><net_sink comp="328" pin=0"/></net>

<net id="334"><net_src comp="68" pin="0"/><net_sink comp="328" pin=1"/></net>

<net id="340"><net_src comp="4" pin="0"/><net_sink comp="335" pin=0"/></net>

<net id="341"><net_src comp="68" pin="0"/><net_sink comp="335" pin=1"/></net>

<net id="347"><net_src comp="6" pin="0"/><net_sink comp="342" pin=0"/></net>

<net id="348"><net_src comp="68" pin="0"/><net_sink comp="342" pin=1"/></net>

<net id="358"><net_src comp="328" pin="3"/><net_sink comp="349" pin=2"/></net>

<net id="364"><net_src comp="2" pin="0"/><net_sink comp="359" pin=0"/></net>

<net id="365"><net_src comp="68" pin="0"/><net_sink comp="359" pin=1"/></net>

<net id="371"><net_src comp="14" pin="0"/><net_sink comp="366" pin=0"/></net>

<net id="372"><net_src comp="68" pin="0"/><net_sink comp="366" pin=1"/></net>

<net id="373"><net_src comp="359" pin="3"/><net_sink comp="349" pin=0"/></net>

<net id="379"><net_src comp="2" pin="0"/><net_sink comp="374" pin=0"/></net>

<net id="380"><net_src comp="68" pin="0"/><net_sink comp="374" pin=1"/></net>

<net id="386"><net_src comp="16" pin="0"/><net_sink comp="381" pin=0"/></net>

<net id="387"><net_src comp="68" pin="0"/><net_sink comp="381" pin=1"/></net>

<net id="388"><net_src comp="374" pin="3"/><net_sink comp="349" pin=0"/></net>

<net id="394"><net_src comp="2" pin="0"/><net_sink comp="389" pin=0"/></net>

<net id="395"><net_src comp="68" pin="0"/><net_sink comp="389" pin=1"/></net>

<net id="401"><net_src comp="20" pin="0"/><net_sink comp="396" pin=0"/></net>

<net id="402"><net_src comp="68" pin="0"/><net_sink comp="396" pin=1"/></net>

<net id="403"><net_src comp="389" pin="3"/><net_sink comp="349" pin=0"/></net>

<net id="409"><net_src comp="2" pin="0"/><net_sink comp="404" pin=0"/></net>

<net id="410"><net_src comp="68" pin="0"/><net_sink comp="404" pin=1"/></net>

<net id="416"><net_src comp="18" pin="0"/><net_sink comp="411" pin=0"/></net>

<net id="417"><net_src comp="68" pin="0"/><net_sink comp="411" pin=1"/></net>

<net id="418"><net_src comp="404" pin="3"/><net_sink comp="349" pin=2"/></net>

<net id="424"><net_src comp="132" pin="0"/><net_sink comp="419" pin=1"/></net>

<net id="472"><net_src comp="453" pin="6"/><net_sink comp="464" pin=0"/></net>

<net id="473"><net_src comp="453" pin="6"/><net_sink comp="464" pin=4"/></net>

<net id="474"><net_src comp="464" pin="6"/><net_sink comp="461" pin=0"/></net>

<net id="486"><net_src comp="461" pin="1"/><net_sink comp="478" pin=0"/></net>

<net id="487"><net_src comp="461" pin="1"/><net_sink comp="478" pin=4"/></net>

<net id="492"><net_src comp="136" pin="0"/><net_sink comp="488" pin=0"/></net>

<net id="497"><net_src comp="136" pin="0"/><net_sink comp="493" pin=0"/></net>

<net id="518"><net_src comp="118" pin="0"/><net_sink comp="514" pin=1"/></net>

<net id="535"><net_src comp="134" pin="0"/><net_sink comp="531" pin=1"/></net>

<net id="536"><net_src comp="92" pin="0"/><net_sink comp="523" pin=1"/></net>

<net id="541"><net_src comp="92" pin="0"/><net_sink comp="537" pin=1"/></net>

<net id="546"><net_src comp="92" pin="0"/><net_sink comp="542" pin=1"/></net>

<net id="568"><net_src comp="118" pin="0"/><net_sink comp="564" pin=1"/></net>

<net id="581"><net_src comp="130" pin="0"/><net_sink comp="577" pin=1"/></net>

<net id="586"><net_src comp="84" pin="0"/><net_sink comp="582" pin=1"/></net>

<net id="590"><net_src comp="523" pin="2"/><net_sink comp="587" pin=0"/></net>

<net id="591"><net_src comp="587" pin="1"/><net_sink comp="430" pin=1"/></net>

<net id="592"><net_src comp="587" pin="1"/><net_sink comp="488" pin=1"/></net>

<net id="593"><net_src comp="587" pin="1"/><net_sink comp="493" pin=1"/></net>

<net id="597"><net_src comp="527" pin="2"/><net_sink comp="594" pin=0"/></net>

<net id="598"><net_src comp="594" pin="1"/><net_sink comp="435" pin=1"/></net>

<net id="599"><net_src comp="594" pin="1"/><net_sink comp="440" pin=1"/></net>

<net id="603"><net_src comp="493" pin="2"/><net_sink comp="600" pin=0"/></net>

<net id="608"><net_src comp="168" pin="2"/><net_sink comp="604" pin=0"/></net>

<net id="613"><net_src comp="38" pin="0"/><net_sink comp="609" pin=0"/></net>

<net id="618"><net_src comp="40" pin="0"/><net_sink comp="614" pin=0"/></net>

<net id="623"><net_src comp="40" pin="0"/><net_sink comp="619" pin=0"/></net>

<net id="631"><net_src comp="624" pin="1"/><net_sink comp="627" pin=0"/></net>

<net id="632"><net_src comp="42" pin="0"/><net_sink comp="627" pin=1"/></net>

<net id="637"><net_src comp="624" pin="1"/><net_sink comp="633" pin=0"/></net>

<net id="638"><net_src comp="44" pin="0"/><net_sink comp="633" pin=1"/></net>

<net id="649"><net_src comp="642" pin="1"/><net_sink comp="645" pin=0"/></net>

<net id="650"><net_src comp="46" pin="0"/><net_sink comp="645" pin=1"/></net>

<net id="655"><net_src comp="639" pin="1"/><net_sink comp="651" pin=0"/></net>

<net id="656"><net_src comp="48" pin="0"/><net_sink comp="651" pin=1"/></net>

<net id="662"><net_src comp="651" pin="2"/><net_sink comp="657" pin=0"/></net>

<net id="663"><net_src comp="40" pin="0"/><net_sink comp="657" pin=1"/></net>

<net id="664"><net_src comp="639" pin="1"/><net_sink comp="657" pin=2"/></net>

<net id="670"><net_src comp="651" pin="2"/><net_sink comp="665" pin=0"/></net>

<net id="671"><net_src comp="645" pin="2"/><net_sink comp="665" pin=1"/></net>

<net id="672"><net_src comp="642" pin="1"/><net_sink comp="665" pin=2"/></net>

<net id="678"><net_src comp="50" pin="0"/><net_sink comp="673" pin=0"/></net>

<net id="679"><net_src comp="665" pin="3"/><net_sink comp="673" pin=1"/></net>

<net id="680"><net_src comp="52" pin="0"/><net_sink comp="673" pin=2"/></net>

<net id="686"><net_src comp="54" pin="0"/><net_sink comp="681" pin=0"/></net>

<net id="687"><net_src comp="665" pin="3"/><net_sink comp="681" pin=1"/></net>

<net id="688"><net_src comp="56" pin="0"/><net_sink comp="681" pin=2"/></net>

<net id="692"><net_src comp="681" pin="3"/><net_sink comp="689" pin=0"/></net>

<net id="697"><net_src comp="673" pin="3"/><net_sink comp="693" pin=0"/></net>

<net id="698"><net_src comp="689" pin="1"/><net_sink comp="693" pin=1"/></net>

<net id="702"><net_src comp="657" pin="3"/><net_sink comp="699" pin=0"/></net>

<net id="707"><net_src comp="699" pin="1"/><net_sink comp="703" pin=0"/></net>

<net id="708"><net_src comp="58" pin="0"/><net_sink comp="703" pin=1"/></net>

<net id="715"><net_src comp="60" pin="0"/><net_sink comp="709" pin=0"/></net>

<net id="716"><net_src comp="703" pin="2"/><net_sink comp="709" pin=1"/></net>

<net id="717"><net_src comp="62" pin="0"/><net_sink comp="709" pin=2"/></net>

<net id="718"><net_src comp="64" pin="0"/><net_sink comp="709" pin=3"/></net>

<net id="723"><net_src comp="657" pin="3"/><net_sink comp="719" pin=0"/></net>

<net id="724"><net_src comp="66" pin="0"/><net_sink comp="719" pin=1"/></net>

<net id="729"><net_src comp="657" pin="3"/><net_sink comp="725" pin=0"/></net>

<net id="730"><net_src comp="46" pin="0"/><net_sink comp="725" pin=1"/></net>

<net id="735"><net_src comp="633" pin="2"/><net_sink comp="731" pin=0"/></net>

<net id="740"><net_src comp="665" pin="3"/><net_sink comp="736" pin=0"/></net>

<net id="745"><net_src comp="725" pin="2"/><net_sink comp="741" pin=0"/></net>

<net id="753"><net_src comp="746" pin="1"/><net_sink comp="749" pin=1"/></net>

<net id="757"><net_src comp="749" pin="2"/><net_sink comp="754" pin=0"/></net>

<net id="758"><net_src comp="754" pin="1"/><net_sink comp="181" pin=2"/></net>

<net id="759"><net_src comp="754" pin="1"/><net_sink comp="188" pin=2"/></net>

<net id="760"><net_src comp="754" pin="1"/><net_sink comp="195" pin=2"/></net>

<net id="768"><net_src comp="761" pin="1"/><net_sink comp="764" pin=0"/></net>

<net id="769"><net_src comp="70" pin="0"/><net_sink comp="764" pin=1"/></net>

<net id="773"><net_src comp="764" pin="2"/><net_sink comp="770" pin=0"/></net>

<net id="779"><net_src comp="72" pin="0"/><net_sink comp="774" pin=0"/></net>

<net id="780"><net_src comp="764" pin="2"/><net_sink comp="774" pin=1"/></net>

<net id="781"><net_src comp="56" pin="0"/><net_sink comp="774" pin=2"/></net>

<net id="787"><net_src comp="50" pin="0"/><net_sink comp="782" pin=0"/></net>

<net id="788"><net_src comp="770" pin="1"/><net_sink comp="782" pin=1"/></net>

<net id="789"><net_src comp="52" pin="0"/><net_sink comp="782" pin=2"/></net>

<net id="793"><net_src comp="774" pin="3"/><net_sink comp="790" pin=0"/></net>

<net id="798"><net_src comp="782" pin="3"/><net_sink comp="794" pin=0"/></net>

<net id="799"><net_src comp="790" pin="1"/><net_sink comp="794" pin=1"/></net>

<net id="804"><net_src comp="46" pin="0"/><net_sink comp="800" pin=1"/></net>

<net id="810"><net_src comp="50" pin="0"/><net_sink comp="805" pin=0"/></net>

<net id="811"><net_src comp="800" pin="2"/><net_sink comp="805" pin=1"/></net>

<net id="812"><net_src comp="52" pin="0"/><net_sink comp="805" pin=2"/></net>

<net id="818"><net_src comp="54" pin="0"/><net_sink comp="813" pin=0"/></net>

<net id="819"><net_src comp="800" pin="2"/><net_sink comp="813" pin=1"/></net>

<net id="820"><net_src comp="56" pin="0"/><net_sink comp="813" pin=2"/></net>

<net id="824"><net_src comp="813" pin="3"/><net_sink comp="821" pin=0"/></net>

<net id="829"><net_src comp="805" pin="3"/><net_sink comp="825" pin=0"/></net>

<net id="830"><net_src comp="821" pin="1"/><net_sink comp="825" pin=1"/></net>

<net id="834"><net_src comp="719" pin="2"/><net_sink comp="831" pin=0"/></net>

<net id="846"><net_src comp="74" pin="0"/><net_sink comp="835" pin=0"/></net>

<net id="847"><net_src comp="76" pin="0"/><net_sink comp="835" pin=1"/></net>

<net id="848"><net_src comp="78" pin="0"/><net_sink comp="835" pin=3"/></net>

<net id="849"><net_src comp="80" pin="0"/><net_sink comp="835" pin=5"/></net>

<net id="850"><net_src comp="82" pin="0"/><net_sink comp="835" pin=7"/></net>

<net id="851"><net_src comp="831" pin="1"/><net_sink comp="835" pin=8"/></net>

<net id="856"><net_src comp="835" pin="9"/><net_sink comp="852" pin=0"/></net>

<net id="857"><net_src comp="30" pin="0"/><net_sink comp="852" pin=1"/></net>

<net id="868"><net_src comp="861" pin="2"/><net_sink comp="865" pin=0"/></net>

<net id="869"><net_src comp="865" pin="1"/><net_sink comp="232" pin=2"/></net>

<net id="870"><net_src comp="865" pin="1"/><net_sink comp="239" pin=2"/></net>

<net id="871"><net_src comp="865" pin="1"/><net_sink comp="246" pin=2"/></net>

<net id="876"><net_src comp="825" pin="2"/><net_sink comp="872" pin=0"/></net>

<net id="881"><net_src comp="858" pin="1"/><net_sink comp="877" pin=0"/></net>

<net id="882"><net_src comp="70" pin="0"/><net_sink comp="877" pin=1"/></net>

<net id="886"><net_src comp="883" pin="1"/><net_sink comp="256" pin=2"/></net>

<net id="887"><net_src comp="883" pin="1"/><net_sink comp="263" pin=2"/></net>

<net id="888"><net_src comp="883" pin="1"/><net_sink comp="270" pin=2"/></net>

<net id="900"><net_src comp="74" pin="0"/><net_sink comp="889" pin=0"/></net>

<net id="901"><net_src comp="76" pin="0"/><net_sink comp="889" pin=1"/></net>

<net id="902"><net_src comp="202" pin="3"/><net_sink comp="889" pin=2"/></net>

<net id="903"><net_src comp="78" pin="0"/><net_sink comp="889" pin=3"/></net>

<net id="904"><net_src comp="212" pin="3"/><net_sink comp="889" pin=4"/></net>

<net id="905"><net_src comp="80" pin="0"/><net_sink comp="889" pin=5"/></net>

<net id="906"><net_src comp="222" pin="3"/><net_sink comp="889" pin=6"/></net>

<net id="907"><net_src comp="82" pin="0"/><net_sink comp="889" pin=7"/></net>

<net id="914"><net_src comp="908" pin="1"/><net_sink comp="911" pin=0"/></net>

<net id="915"><net_src comp="911" pin="1"/><net_sink comp="582" pin=0"/></net>

<net id="920"><net_src comp="46" pin="0"/><net_sink comp="916" pin=1"/></net>

<net id="924"><net_src comp="916" pin="2"/><net_sink comp="921" pin=0"/></net>

<net id="929"><net_src comp="921" pin="1"/><net_sink comp="925" pin=0"/></net>

<net id="930"><net_src comp="58" pin="0"/><net_sink comp="925" pin=1"/></net>

<net id="937"><net_src comp="60" pin="0"/><net_sink comp="931" pin=0"/></net>

<net id="938"><net_src comp="925" pin="2"/><net_sink comp="931" pin=1"/></net>

<net id="939"><net_src comp="62" pin="0"/><net_sink comp="931" pin=2"/></net>

<net id="940"><net_src comp="64" pin="0"/><net_sink comp="931" pin=3"/></net>

<net id="952"><net_src comp="74" pin="0"/><net_sink comp="941" pin=0"/></net>

<net id="953"><net_src comp="76" pin="0"/><net_sink comp="941" pin=1"/></net>

<net id="954"><net_src comp="202" pin="7"/><net_sink comp="941" pin=2"/></net>

<net id="955"><net_src comp="78" pin="0"/><net_sink comp="941" pin=3"/></net>

<net id="956"><net_src comp="212" pin="7"/><net_sink comp="941" pin=4"/></net>

<net id="957"><net_src comp="80" pin="0"/><net_sink comp="941" pin=5"/></net>

<net id="958"><net_src comp="222" pin="7"/><net_sink comp="941" pin=6"/></net>

<net id="959"><net_src comp="82" pin="0"/><net_sink comp="941" pin=7"/></net>

<net id="966"><net_src comp="86" pin="0"/><net_sink comp="960" pin=0"/></net>

<net id="967"><net_src comp="582" pin="2"/><net_sink comp="960" pin=1"/></net>

<net id="968"><net_src comp="88" pin="0"/><net_sink comp="960" pin=2"/></net>

<net id="969"><net_src comp="90" pin="0"/><net_sink comp="960" pin=3"/></net>

<net id="977"><net_src comp="970" pin="1"/><net_sink comp="973" pin=1"/></net>

<net id="981"><net_src comp="973" pin="2"/><net_sink comp="978" pin=0"/></net>

<net id="982"><net_src comp="978" pin="1"/><net_sink comp="280" pin=2"/></net>

<net id="983"><net_src comp="978" pin="1"/><net_sink comp="287" pin=2"/></net>

<net id="984"><net_src comp="978" pin="1"/><net_sink comp="294" pin=2"/></net>

<net id="1000"><net_src comp="74" pin="0"/><net_sink comp="989" pin=0"/></net>

<net id="1001"><net_src comp="80" pin="0"/><net_sink comp="989" pin=1"/></net>

<net id="1002"><net_src comp="202" pin="3"/><net_sink comp="989" pin=2"/></net>

<net id="1003"><net_src comp="76" pin="0"/><net_sink comp="989" pin=3"/></net>

<net id="1004"><net_src comp="212" pin="3"/><net_sink comp="989" pin=4"/></net>

<net id="1005"><net_src comp="78" pin="0"/><net_sink comp="989" pin=5"/></net>

<net id="1006"><net_src comp="222" pin="3"/><net_sink comp="989" pin=6"/></net>

<net id="1007"><net_src comp="82" pin="0"/><net_sink comp="989" pin=7"/></net>

<net id="1011"><net_src comp="1008" pin="1"/><net_sink comp="304" pin=2"/></net>

<net id="1012"><net_src comp="1008" pin="1"/><net_sink comp="311" pin=2"/></net>

<net id="1013"><net_src comp="1008" pin="1"/><net_sink comp="318" pin=2"/></net>

<net id="1025"><net_src comp="74" pin="0"/><net_sink comp="1014" pin=0"/></net>

<net id="1026"><net_src comp="78" pin="0"/><net_sink comp="1014" pin=1"/></net>

<net id="1027"><net_src comp="202" pin="3"/><net_sink comp="1014" pin=2"/></net>

<net id="1028"><net_src comp="80" pin="0"/><net_sink comp="1014" pin=3"/></net>

<net id="1029"><net_src comp="212" pin="3"/><net_sink comp="1014" pin=4"/></net>

<net id="1030"><net_src comp="76" pin="0"/><net_sink comp="1014" pin=5"/></net>

<net id="1031"><net_src comp="222" pin="3"/><net_sink comp="1014" pin=6"/></net>

<net id="1032"><net_src comp="82" pin="0"/><net_sink comp="1014" pin=7"/></net>

<net id="1040"><net_src comp="1033" pin="1"/><net_sink comp="1036" pin=0"/></net>

<net id="1041"><net_src comp="94" pin="0"/><net_sink comp="1036" pin=1"/></net>

<net id="1046"><net_src comp="96" pin="0"/><net_sink comp="1042" pin=1"/></net>

<net id="1054"><net_src comp="1047" pin="1"/><net_sink comp="1050" pin=0"/></net>

<net id="1055"><net_src comp="94" pin="0"/><net_sink comp="1050" pin=1"/></net>

<net id="1060"><net_src comp="98" pin="0"/><net_sink comp="1056" pin=1"/></net>

<net id="1068"><net_src comp="1061" pin="1"/><net_sink comp="1064" pin=0"/></net>

<net id="1069"><net_src comp="94" pin="0"/><net_sink comp="1064" pin=1"/></net>

<net id="1077"><net_src comp="1070" pin="1"/><net_sink comp="1073" pin=1"/></net>

<net id="1081"><net_src comp="1073" pin="2"/><net_sink comp="1078" pin=0"/></net>

<net id="1082"><net_src comp="1078" pin="1"/><net_sink comp="328" pin=2"/></net>

<net id="1083"><net_src comp="1078" pin="1"/><net_sink comp="335" pin=2"/></net>

<net id="1084"><net_src comp="1078" pin="1"/><net_sink comp="342" pin=2"/></net>

<net id="1089"><net_src comp="1070" pin="1"/><net_sink comp="1085" pin=1"/></net>

<net id="1093"><net_src comp="1085" pin="2"/><net_sink comp="1090" pin=0"/></net>

<net id="1094"><net_src comp="1090" pin="1"/><net_sink comp="359" pin=2"/></net>

<net id="1095"><net_src comp="1090" pin="1"/><net_sink comp="366" pin=2"/></net>

<net id="1100"><net_src comp="1070" pin="1"/><net_sink comp="1096" pin=1"/></net>

<net id="1104"><net_src comp="1101" pin="1"/><net_sink comp="374" pin=2"/></net>

<net id="1105"><net_src comp="1101" pin="1"/><net_sink comp="381" pin=2"/></net>

<net id="1109"><net_src comp="1106" pin="1"/><net_sink comp="498" pin=0"/></net>

<net id="1117"><net_src comp="1110" pin="1"/><net_sink comp="1113" pin=1"/></net>

<net id="1121"><net_src comp="1113" pin="2"/><net_sink comp="1118" pin=0"/></net>

<net id="1122"><net_src comp="1118" pin="1"/><net_sink comp="389" pin=2"/></net>

<net id="1123"><net_src comp="1118" pin="1"/><net_sink comp="396" pin=2"/></net>

<net id="1127"><net_src comp="1124" pin="1"/><net_sink comp="498" pin=0"/></net>

<net id="1131"><net_src comp="1128" pin="1"/><net_sink comp="498" pin=0"/></net>

<net id="1139"><net_src comp="1132" pin="1"/><net_sink comp="1135" pin=1"/></net>

<net id="1143"><net_src comp="1135" pin="2"/><net_sink comp="1140" pin=0"/></net>

<net id="1144"><net_src comp="1140" pin="1"/><net_sink comp="404" pin=2"/></net>

<net id="1145"><net_src comp="1140" pin="1"/><net_sink comp="411" pin=2"/></net>

<net id="1149"><net_src comp="1146" pin="1"/><net_sink comp="502" pin=0"/></net>

<net id="1153"><net_src comp="1150" pin="1"/><net_sink comp="502" pin=0"/></net>

<net id="1159"><net_src comp="1154" pin="3"/><net_sink comp="556" pin=1"/></net>

<net id="1160"><net_src comp="1154" pin="3"/><net_sink comp="506" pin=1"/></net>

<net id="1164"><net_src comp="1154" pin="3"/><net_sink comp="1161" pin=0"/></net>

<net id="1171"><net_src comp="110" pin="0"/><net_sink comp="1165" pin=0"/></net>

<net id="1172"><net_src comp="1161" pin="1"/><net_sink comp="1165" pin=1"/></net>

<net id="1173"><net_src comp="112" pin="0"/><net_sink comp="1165" pin=2"/></net>

<net id="1174"><net_src comp="114" pin="0"/><net_sink comp="1165" pin=3"/></net>

<net id="1178"><net_src comp="1161" pin="1"/><net_sink comp="1175" pin=0"/></net>

<net id="1183"><net_src comp="1165" pin="4"/><net_sink comp="1179" pin=0"/></net>

<net id="1184"><net_src comp="70" pin="0"/><net_sink comp="1179" pin=1"/></net>

<net id="1189"><net_src comp="1175" pin="1"/><net_sink comp="1185" pin=0"/></net>

<net id="1190"><net_src comp="116" pin="0"/><net_sink comp="1185" pin=1"/></net>

<net id="1200"><net_src comp="110" pin="0"/><net_sink comp="1194" pin=0"/></net>

<net id="1201"><net_src comp="1191" pin="1"/><net_sink comp="1194" pin=1"/></net>

<net id="1202"><net_src comp="112" pin="0"/><net_sink comp="1194" pin=2"/></net>

<net id="1203"><net_src comp="114" pin="0"/><net_sink comp="1194" pin=3"/></net>

<net id="1207"><net_src comp="1191" pin="1"/><net_sink comp="1204" pin=0"/></net>

<net id="1212"><net_src comp="1194" pin="4"/><net_sink comp="1208" pin=0"/></net>

<net id="1213"><net_src comp="70" pin="0"/><net_sink comp="1208" pin=1"/></net>

<net id="1218"><net_src comp="1204" pin="1"/><net_sink comp="1214" pin=0"/></net>

<net id="1219"><net_src comp="116" pin="0"/><net_sink comp="1214" pin=1"/></net>

<net id="1224"><net_src comp="1214" pin="2"/><net_sink comp="1220" pin=0"/></net>

<net id="1225"><net_src comp="1208" pin="2"/><net_sink comp="1220" pin=1"/></net>

<net id="1234"><net_src comp="1220" pin="2"/><net_sink comp="1230" pin=0"/></net>

<net id="1235"><net_src comp="1226" pin="2"/><net_sink comp="1230" pin=1"/></net>

<net id="1240"><net_src comp="1230" pin="2"/><net_sink comp="1236" pin=0"/></net>

<net id="1241"><net_src comp="556" pin="2"/><net_sink comp="1236" pin=1"/></net>

<net id="1247"><net_src comp="1242" pin="3"/><net_sink comp="556" pin=1"/></net>

<net id="1248"><net_src comp="1242" pin="3"/><net_sink comp="506" pin=1"/></net>

<net id="1252"><net_src comp="1242" pin="3"/><net_sink comp="1249" pin=0"/></net>

<net id="1259"><net_src comp="110" pin="0"/><net_sink comp="1253" pin=0"/></net>

<net id="1260"><net_src comp="1249" pin="1"/><net_sink comp="1253" pin=1"/></net>

<net id="1261"><net_src comp="112" pin="0"/><net_sink comp="1253" pin=2"/></net>

<net id="1262"><net_src comp="114" pin="0"/><net_sink comp="1253" pin=3"/></net>

<net id="1266"><net_src comp="1249" pin="1"/><net_sink comp="1263" pin=0"/></net>

<net id="1271"><net_src comp="1253" pin="4"/><net_sink comp="1267" pin=0"/></net>

<net id="1272"><net_src comp="70" pin="0"/><net_sink comp="1267" pin=1"/></net>

<net id="1277"><net_src comp="1263" pin="1"/><net_sink comp="1273" pin=0"/></net>

<net id="1278"><net_src comp="116" pin="0"/><net_sink comp="1273" pin=1"/></net>

<net id="1283"><net_src comp="98" pin="0"/><net_sink comp="1279" pin=1"/></net>

<net id="1292"><net_src comp="1284" pin="2"/><net_sink comp="1288" pin=1"/></net>

<net id="1297"><net_src comp="1288" pin="2"/><net_sink comp="1293" pin=0"/></net>

<net id="1298"><net_src comp="556" pin="2"/><net_sink comp="1293" pin=1"/></net>

<net id="1304"><net_src comp="1299" pin="3"/><net_sink comp="556" pin=1"/></net>

<net id="1305"><net_src comp="1299" pin="3"/><net_sink comp="502" pin=1"/></net>

<net id="1309"><net_src comp="1299" pin="3"/><net_sink comp="1306" pin=0"/></net>

<net id="1316"><net_src comp="110" pin="0"/><net_sink comp="1310" pin=0"/></net>

<net id="1317"><net_src comp="1306" pin="1"/><net_sink comp="1310" pin=1"/></net>

<net id="1318"><net_src comp="112" pin="0"/><net_sink comp="1310" pin=2"/></net>

<net id="1319"><net_src comp="114" pin="0"/><net_sink comp="1310" pin=3"/></net>

<net id="1323"><net_src comp="1306" pin="1"/><net_sink comp="1320" pin=0"/></net>

<net id="1328"><net_src comp="1310" pin="4"/><net_sink comp="1324" pin=0"/></net>

<net id="1329"><net_src comp="70" pin="0"/><net_sink comp="1324" pin=1"/></net>

<net id="1334"><net_src comp="1320" pin="1"/><net_sink comp="1330" pin=0"/></net>

<net id="1335"><net_src comp="116" pin="0"/><net_sink comp="1330" pin=1"/></net>

<net id="1340"><net_src comp="96" pin="0"/><net_sink comp="1336" pin=1"/></net>

<net id="1349"><net_src comp="1341" pin="2"/><net_sink comp="1345" pin=1"/></net>

<net id="1354"><net_src comp="1345" pin="2"/><net_sink comp="1350" pin=0"/></net>

<net id="1355"><net_src comp="556" pin="2"/><net_sink comp="1350" pin=1"/></net>

<net id="1361"><net_src comp="1356" pin="3"/><net_sink comp="560" pin=1"/></net>

<net id="1362"><net_src comp="1356" pin="3"/><net_sink comp="510" pin=1"/></net>

<net id="1366"><net_src comp="1356" pin="3"/><net_sink comp="1363" pin=0"/></net>

<net id="1373"><net_src comp="110" pin="0"/><net_sink comp="1367" pin=0"/></net>

<net id="1374"><net_src comp="1363" pin="1"/><net_sink comp="1367" pin=1"/></net>

<net id="1375"><net_src comp="112" pin="0"/><net_sink comp="1367" pin=2"/></net>

<net id="1376"><net_src comp="114" pin="0"/><net_sink comp="1367" pin=3"/></net>

<net id="1380"><net_src comp="1363" pin="1"/><net_sink comp="1377" pin=0"/></net>

<net id="1385"><net_src comp="1367" pin="4"/><net_sink comp="1381" pin=0"/></net>

<net id="1386"><net_src comp="70" pin="0"/><net_sink comp="1381" pin=1"/></net>

<net id="1391"><net_src comp="1377" pin="1"/><net_sink comp="1387" pin=0"/></net>

<net id="1392"><net_src comp="116" pin="0"/><net_sink comp="1387" pin=1"/></net>

<net id="1401"><net_src comp="1393" pin="2"/><net_sink comp="1397" pin=1"/></net>

<net id="1406"><net_src comp="1397" pin="2"/><net_sink comp="1402" pin=0"/></net>

<net id="1407"><net_src comp="560" pin="2"/><net_sink comp="1402" pin=1"/></net>

<net id="1417"><net_src comp="110" pin="0"/><net_sink comp="1411" pin=0"/></net>

<net id="1418"><net_src comp="1408" pin="1"/><net_sink comp="1411" pin=1"/></net>

<net id="1419"><net_src comp="112" pin="0"/><net_sink comp="1411" pin=2"/></net>

<net id="1420"><net_src comp="114" pin="0"/><net_sink comp="1411" pin=3"/></net>

<net id="1424"><net_src comp="1408" pin="1"/><net_sink comp="1421" pin=0"/></net>

<net id="1429"><net_src comp="1411" pin="4"/><net_sink comp="1425" pin=0"/></net>

<net id="1430"><net_src comp="70" pin="0"/><net_sink comp="1425" pin=1"/></net>

<net id="1435"><net_src comp="1421" pin="1"/><net_sink comp="1431" pin=0"/></net>

<net id="1436"><net_src comp="116" pin="0"/><net_sink comp="1431" pin=1"/></net>

<net id="1441"><net_src comp="1431" pin="2"/><net_sink comp="1437" pin=0"/></net>

<net id="1442"><net_src comp="1425" pin="2"/><net_sink comp="1437" pin=1"/></net>

<net id="1447"><net_src comp="1437" pin="2"/><net_sink comp="1443" pin=0"/></net>

<net id="1448"><net_src comp="564" pin="2"/><net_sink comp="1443" pin=1"/></net>

<net id="1454"><net_src comp="1443" pin="2"/><net_sink comp="1449" pin=0"/></net>

<net id="1455"><net_src comp="118" pin="0"/><net_sink comp="1449" pin=1"/></net>

<net id="1461"><net_src comp="1449" pin="3"/><net_sink comp="1456" pin=1"/></net>

<net id="1462"><net_src comp="118" pin="0"/><net_sink comp="1456" pin=2"/></net>

<net id="1472"><net_src comp="110" pin="0"/><net_sink comp="1466" pin=0"/></net>

<net id="1473"><net_src comp="1463" pin="1"/><net_sink comp="1466" pin=1"/></net>

<net id="1474"><net_src comp="112" pin="0"/><net_sink comp="1466" pin=2"/></net>

<net id="1475"><net_src comp="114" pin="0"/><net_sink comp="1466" pin=3"/></net>

<net id="1479"><net_src comp="1463" pin="1"/><net_sink comp="1476" pin=0"/></net>

<net id="1489"><net_src comp="110" pin="0"/><net_sink comp="1483" pin=0"/></net>

<net id="1490"><net_src comp="1480" pin="1"/><net_sink comp="1483" pin=1"/></net>

<net id="1491"><net_src comp="112" pin="0"/><net_sink comp="1483" pin=2"/></net>

<net id="1492"><net_src comp="114" pin="0"/><net_sink comp="1483" pin=3"/></net>

<net id="1496"><net_src comp="1480" pin="1"/><net_sink comp="1493" pin=0"/></net>

<net id="1501"><net_src comp="1466" pin="4"/><net_sink comp="1497" pin=0"/></net>

<net id="1502"><net_src comp="70" pin="0"/><net_sink comp="1497" pin=1"/></net>

<net id="1507"><net_src comp="1476" pin="1"/><net_sink comp="1503" pin=0"/></net>

<net id="1508"><net_src comp="116" pin="0"/><net_sink comp="1503" pin=1"/></net>

<net id="1513"><net_src comp="1503" pin="2"/><net_sink comp="1509" pin=0"/></net>

<net id="1514"><net_src comp="1497" pin="2"/><net_sink comp="1509" pin=1"/></net>

<net id="1519"><net_src comp="1483" pin="4"/><net_sink comp="1515" pin=0"/></net>

<net id="1520"><net_src comp="70" pin="0"/><net_sink comp="1515" pin=1"/></net>

<net id="1525"><net_src comp="1493" pin="1"/><net_sink comp="1521" pin=0"/></net>

<net id="1526"><net_src comp="116" pin="0"/><net_sink comp="1521" pin=1"/></net>

<net id="1531"><net_src comp="1521" pin="2"/><net_sink comp="1527" pin=0"/></net>

<net id="1532"><net_src comp="1515" pin="2"/><net_sink comp="1527" pin=1"/></net>

<net id="1537"><net_src comp="1509" pin="2"/><net_sink comp="1533" pin=0"/></net>

<net id="1538"><net_src comp="1527" pin="2"/><net_sink comp="1533" pin=1"/></net>

<net id="1543"><net_src comp="1533" pin="2"/><net_sink comp="1539" pin=0"/></net>

<net id="1544"><net_src comp="560" pin="2"/><net_sink comp="1539" pin=1"/></net>

<net id="1550"><net_src comp="1539" pin="2"/><net_sink comp="1545" pin=0"/></net>

<net id="1556"><net_src comp="1545" pin="3"/><net_sink comp="1551" pin=1"/></net>

<net id="1566"><net_src comp="110" pin="0"/><net_sink comp="1560" pin=0"/></net>

<net id="1567"><net_src comp="1557" pin="1"/><net_sink comp="1560" pin=1"/></net>

<net id="1568"><net_src comp="112" pin="0"/><net_sink comp="1560" pin=2"/></net>

<net id="1569"><net_src comp="114" pin="0"/><net_sink comp="1560" pin=3"/></net>

<net id="1573"><net_src comp="1557" pin="1"/><net_sink comp="1570" pin=0"/></net>

<net id="1583"><net_src comp="110" pin="0"/><net_sink comp="1577" pin=0"/></net>

<net id="1584"><net_src comp="1574" pin="1"/><net_sink comp="1577" pin=1"/></net>

<net id="1585"><net_src comp="112" pin="0"/><net_sink comp="1577" pin=2"/></net>

<net id="1586"><net_src comp="114" pin="0"/><net_sink comp="1577" pin=3"/></net>

<net id="1590"><net_src comp="1574" pin="1"/><net_sink comp="1587" pin=0"/></net>

<net id="1595"><net_src comp="1560" pin="4"/><net_sink comp="1591" pin=0"/></net>

<net id="1596"><net_src comp="70" pin="0"/><net_sink comp="1591" pin=1"/></net>

<net id="1601"><net_src comp="1570" pin="1"/><net_sink comp="1597" pin=0"/></net>

<net id="1602"><net_src comp="116" pin="0"/><net_sink comp="1597" pin=1"/></net>

<net id="1607"><net_src comp="1597" pin="2"/><net_sink comp="1603" pin=0"/></net>

<net id="1608"><net_src comp="1591" pin="2"/><net_sink comp="1603" pin=1"/></net>

<net id="1613"><net_src comp="1577" pin="4"/><net_sink comp="1609" pin=0"/></net>

<net id="1614"><net_src comp="70" pin="0"/><net_sink comp="1609" pin=1"/></net>

<net id="1619"><net_src comp="1587" pin="1"/><net_sink comp="1615" pin=0"/></net>

<net id="1620"><net_src comp="116" pin="0"/><net_sink comp="1615" pin=1"/></net>

<net id="1625"><net_src comp="1615" pin="2"/><net_sink comp="1621" pin=0"/></net>

<net id="1626"><net_src comp="1609" pin="2"/><net_sink comp="1621" pin=1"/></net>

<net id="1631"><net_src comp="1603" pin="2"/><net_sink comp="1627" pin=0"/></net>

<net id="1632"><net_src comp="1621" pin="2"/><net_sink comp="1627" pin=1"/></net>

<net id="1637"><net_src comp="1627" pin="2"/><net_sink comp="1633" pin=0"/></net>

<net id="1638"><net_src comp="560" pin="2"/><net_sink comp="1633" pin=1"/></net>

<net id="1644"><net_src comp="1633" pin="2"/><net_sink comp="1639" pin=0"/></net>

<net id="1650"><net_src comp="1639" pin="3"/><net_sink comp="1645" pin=1"/></net>

<net id="1656"><net_src comp="514" pin="2"/><net_sink comp="1651" pin=1"/></net>

<net id="1657"><net_src comp="118" pin="0"/><net_sink comp="1651" pin=2"/></net>

<net id="1667"><net_src comp="110" pin="0"/><net_sink comp="1661" pin=0"/></net>

<net id="1668"><net_src comp="1658" pin="1"/><net_sink comp="1661" pin=1"/></net>

<net id="1669"><net_src comp="112" pin="0"/><net_sink comp="1661" pin=2"/></net>

<net id="1670"><net_src comp="114" pin="0"/><net_sink comp="1661" pin=3"/></net>

<net id="1674"><net_src comp="1658" pin="1"/><net_sink comp="1671" pin=0"/></net>

<net id="1684"><net_src comp="110" pin="0"/><net_sink comp="1678" pin=0"/></net>

<net id="1685"><net_src comp="1675" pin="1"/><net_sink comp="1678" pin=1"/></net>

<net id="1686"><net_src comp="112" pin="0"/><net_sink comp="1678" pin=2"/></net>

<net id="1687"><net_src comp="114" pin="0"/><net_sink comp="1678" pin=3"/></net>

<net id="1691"><net_src comp="1675" pin="1"/><net_sink comp="1688" pin=0"/></net>

<net id="1696"><net_src comp="1661" pin="4"/><net_sink comp="1692" pin=0"/></net>

<net id="1697"><net_src comp="70" pin="0"/><net_sink comp="1692" pin=1"/></net>

<net id="1702"><net_src comp="1671" pin="1"/><net_sink comp="1698" pin=0"/></net>

<net id="1703"><net_src comp="116" pin="0"/><net_sink comp="1698" pin=1"/></net>

<net id="1708"><net_src comp="1698" pin="2"/><net_sink comp="1704" pin=0"/></net>

<net id="1709"><net_src comp="1692" pin="2"/><net_sink comp="1704" pin=1"/></net>

<net id="1714"><net_src comp="1678" pin="4"/><net_sink comp="1710" pin=0"/></net>

<net id="1715"><net_src comp="70" pin="0"/><net_sink comp="1710" pin=1"/></net>

<net id="1720"><net_src comp="1688" pin="1"/><net_sink comp="1716" pin=0"/></net>

<net id="1721"><net_src comp="116" pin="0"/><net_sink comp="1716" pin=1"/></net>

<net id="1726"><net_src comp="1716" pin="2"/><net_sink comp="1722" pin=0"/></net>

<net id="1727"><net_src comp="1710" pin="2"/><net_sink comp="1722" pin=1"/></net>

<net id="1732"><net_src comp="1704" pin="2"/><net_sink comp="1728" pin=0"/></net>

<net id="1733"><net_src comp="1722" pin="2"/><net_sink comp="1728" pin=1"/></net>

<net id="1738"><net_src comp="1728" pin="2"/><net_sink comp="1734" pin=0"/></net>

<net id="1739"><net_src comp="569" pin="2"/><net_sink comp="1734" pin=1"/></net>

<net id="1745"><net_src comp="1734" pin="2"/><net_sink comp="1740" pin=0"/></net>

<net id="1751"><net_src comp="1740" pin="3"/><net_sink comp="1746" pin=1"/></net>

<net id="1761"><net_src comp="110" pin="0"/><net_sink comp="1755" pin=0"/></net>

<net id="1762"><net_src comp="1752" pin="1"/><net_sink comp="1755" pin=1"/></net>

<net id="1763"><net_src comp="112" pin="0"/><net_sink comp="1755" pin=2"/></net>

<net id="1764"><net_src comp="114" pin="0"/><net_sink comp="1755" pin=3"/></net>

<net id="1768"><net_src comp="1752" pin="1"/><net_sink comp="1765" pin=0"/></net>

<net id="1778"><net_src comp="110" pin="0"/><net_sink comp="1772" pin=0"/></net>

<net id="1779"><net_src comp="1769" pin="1"/><net_sink comp="1772" pin=1"/></net>

<net id="1780"><net_src comp="112" pin="0"/><net_sink comp="1772" pin=2"/></net>

<net id="1781"><net_src comp="114" pin="0"/><net_sink comp="1772" pin=3"/></net>

<net id="1785"><net_src comp="1769" pin="1"/><net_sink comp="1782" pin=0"/></net>

<net id="1790"><net_src comp="1755" pin="4"/><net_sink comp="1786" pin=0"/></net>

<net id="1791"><net_src comp="70" pin="0"/><net_sink comp="1786" pin=1"/></net>

<net id="1796"><net_src comp="1765" pin="1"/><net_sink comp="1792" pin=0"/></net>

<net id="1797"><net_src comp="116" pin="0"/><net_sink comp="1792" pin=1"/></net>

<net id="1802"><net_src comp="1792" pin="2"/><net_sink comp="1798" pin=0"/></net>

<net id="1803"><net_src comp="1786" pin="2"/><net_sink comp="1798" pin=1"/></net>

<net id="1808"><net_src comp="1772" pin="4"/><net_sink comp="1804" pin=0"/></net>

<net id="1809"><net_src comp="70" pin="0"/><net_sink comp="1804" pin=1"/></net>

<net id="1814"><net_src comp="1782" pin="1"/><net_sink comp="1810" pin=0"/></net>

<net id="1815"><net_src comp="116" pin="0"/><net_sink comp="1810" pin=1"/></net>

<net id="1820"><net_src comp="1810" pin="2"/><net_sink comp="1816" pin=0"/></net>

<net id="1821"><net_src comp="1804" pin="2"/><net_sink comp="1816" pin=1"/></net>

<net id="1826"><net_src comp="564" pin="2"/><net_sink comp="1822" pin=0"/></net>

<net id="1827"><net_src comp="1798" pin="2"/><net_sink comp="1822" pin=1"/></net>

<net id="1832"><net_src comp="1822" pin="2"/><net_sink comp="1828" pin=0"/></net>

<net id="1833"><net_src comp="1816" pin="2"/><net_sink comp="1828" pin=1"/></net>

<net id="1839"><net_src comp="1828" pin="2"/><net_sink comp="1834" pin=0"/></net>

<net id="1845"><net_src comp="506" pin="2"/><net_sink comp="1840" pin=1"/></net>

<net id="1851"><net_src comp="510" pin="2"/><net_sink comp="1846" pin=1"/></net>

<net id="1857"><net_src comp="519" pin="2"/><net_sink comp="1852" pin=1"/></net>

<net id="1867"><net_src comp="110" pin="0"/><net_sink comp="1861" pin=0"/></net>

<net id="1868"><net_src comp="1858" pin="1"/><net_sink comp="1861" pin=1"/></net>

<net id="1869"><net_src comp="112" pin="0"/><net_sink comp="1861" pin=2"/></net>

<net id="1870"><net_src comp="114" pin="0"/><net_sink comp="1861" pin=3"/></net>

<net id="1874"><net_src comp="1858" pin="1"/><net_sink comp="1871" pin=0"/></net>

<net id="1879"><net_src comp="1861" pin="4"/><net_sink comp="1875" pin=0"/></net>

<net id="1880"><net_src comp="70" pin="0"/><net_sink comp="1875" pin=1"/></net>

<net id="1885"><net_src comp="1871" pin="1"/><net_sink comp="1881" pin=0"/></net>

<net id="1886"><net_src comp="116" pin="0"/><net_sink comp="1881" pin=1"/></net>

<net id="1891"><net_src comp="1881" pin="2"/><net_sink comp="1887" pin=0"/></net>

<net id="1892"><net_src comp="1875" pin="2"/><net_sink comp="1887" pin=1"/></net>

<net id="1897"><net_src comp="1887" pin="2"/><net_sink comp="1893" pin=0"/></net>

<net id="1898"><net_src comp="564" pin="2"/><net_sink comp="1893" pin=1"/></net>

<net id="1908"><net_src comp="120" pin="0"/><net_sink comp="1902" pin=0"/></net>

<net id="1909"><net_src comp="1899" pin="1"/><net_sink comp="1902" pin=1"/></net>

<net id="1910"><net_src comp="122" pin="0"/><net_sink comp="1902" pin=2"/></net>

<net id="1911"><net_src comp="124" pin="0"/><net_sink comp="1902" pin=3"/></net>

<net id="1915"><net_src comp="1899" pin="1"/><net_sink comp="1912" pin=0"/></net>

<net id="1920"><net_src comp="1902" pin="4"/><net_sink comp="1916" pin=0"/></net>

<net id="1921"><net_src comp="126" pin="0"/><net_sink comp="1916" pin=1"/></net>

<net id="1926"><net_src comp="1912" pin="1"/><net_sink comp="1922" pin=0"/></net>

<net id="1927"><net_src comp="128" pin="0"/><net_sink comp="1922" pin=1"/></net>

<net id="1936"><net_src comp="1928" pin="2"/><net_sink comp="1932" pin=0"/></net>

<net id="1937"><net_src comp="577" pin="2"/><net_sink comp="1932" pin=1"/></net>

<net id="1944"><net_src comp="110" pin="0"/><net_sink comp="1938" pin=0"/></net>

<net id="1945"><net_src comp="112" pin="0"/><net_sink comp="1938" pin=2"/></net>

<net id="1946"><net_src comp="114" pin="0"/><net_sink comp="1938" pin=3"/></net>

<net id="1954"><net_src comp="1938" pin="4"/><net_sink comp="1950" pin=0"/></net>

<net id="1955"><net_src comp="70" pin="0"/><net_sink comp="1950" pin=1"/></net>

<net id="1960"><net_src comp="1947" pin="1"/><net_sink comp="1956" pin=0"/></net>

<net id="1961"><net_src comp="116" pin="0"/><net_sink comp="1956" pin=1"/></net>

<net id="1971"><net_src comp="110" pin="0"/><net_sink comp="1965" pin=0"/></net>

<net id="1972"><net_src comp="1962" pin="1"/><net_sink comp="1965" pin=1"/></net>

<net id="1973"><net_src comp="112" pin="0"/><net_sink comp="1965" pin=2"/></net>

<net id="1974"><net_src comp="114" pin="0"/><net_sink comp="1965" pin=3"/></net>

<net id="1978"><net_src comp="1962" pin="1"/><net_sink comp="1975" pin=0"/></net>

<net id="1983"><net_src comp="1965" pin="4"/><net_sink comp="1979" pin=0"/></net>

<net id="1984"><net_src comp="70" pin="0"/><net_sink comp="1979" pin=1"/></net>

<net id="1989"><net_src comp="1975" pin="1"/><net_sink comp="1985" pin=0"/></net>

<net id="1990"><net_src comp="116" pin="0"/><net_sink comp="1985" pin=1"/></net>

<net id="1995"><net_src comp="1985" pin="2"/><net_sink comp="1991" pin=0"/></net>

<net id="1996"><net_src comp="1979" pin="2"/><net_sink comp="1991" pin=1"/></net>

<net id="2001"><net_src comp="1991" pin="2"/><net_sink comp="1997" pin=1"/></net>

<net id="2006"><net_src comp="1997" pin="2"/><net_sink comp="2002" pin=0"/></net>

<net id="2007"><net_src comp="569" pin="2"/><net_sink comp="2002" pin=1"/></net>

<net id="2017"><net_src comp="110" pin="0"/><net_sink comp="2011" pin=0"/></net>

<net id="2018"><net_src comp="2008" pin="1"/><net_sink comp="2011" pin=1"/></net>

<net id="2019"><net_src comp="112" pin="0"/><net_sink comp="2011" pin=2"/></net>

<net id="2020"><net_src comp="114" pin="0"/><net_sink comp="2011" pin=3"/></net>

<net id="2024"><net_src comp="2008" pin="1"/><net_sink comp="2021" pin=0"/></net>

<net id="2029"><net_src comp="2011" pin="4"/><net_sink comp="2025" pin=0"/></net>

<net id="2030"><net_src comp="70" pin="0"/><net_sink comp="2025" pin=1"/></net>

<net id="2035"><net_src comp="2021" pin="1"/><net_sink comp="2031" pin=0"/></net>

<net id="2036"><net_src comp="116" pin="0"/><net_sink comp="2031" pin=1"/></net>

<net id="2041"><net_src comp="2031" pin="2"/><net_sink comp="2037" pin=0"/></net>

<net id="2042"><net_src comp="2025" pin="2"/><net_sink comp="2037" pin=1"/></net>

<net id="2047"><net_src comp="2037" pin="2"/><net_sink comp="2043" pin=1"/></net>

<net id="2052"><net_src comp="2043" pin="2"/><net_sink comp="2048" pin=0"/></net>

<net id="2053"><net_src comp="573" pin="2"/><net_sink comp="2048" pin=1"/></net>

<net id="2063"><net_src comp="110" pin="0"/><net_sink comp="2057" pin=0"/></net>

<net id="2064"><net_src comp="2054" pin="1"/><net_sink comp="2057" pin=1"/></net>

<net id="2065"><net_src comp="112" pin="0"/><net_sink comp="2057" pin=2"/></net>

<net id="2066"><net_src comp="114" pin="0"/><net_sink comp="2057" pin=3"/></net>

<net id="2070"><net_src comp="2054" pin="1"/><net_sink comp="2067" pin=0"/></net>

<net id="2075"><net_src comp="2057" pin="4"/><net_sink comp="2071" pin=0"/></net>

<net id="2076"><net_src comp="70" pin="0"/><net_sink comp="2071" pin=1"/></net>

<net id="2081"><net_src comp="2067" pin="1"/><net_sink comp="2077" pin=0"/></net>

<net id="2082"><net_src comp="116" pin="0"/><net_sink comp="2077" pin=1"/></net>

<net id="2087"><net_src comp="2077" pin="2"/><net_sink comp="2083" pin=0"/></net>

<net id="2088"><net_src comp="2071" pin="2"/><net_sink comp="2083" pin=1"/></net>

<net id="2093"><net_src comp="2083" pin="2"/><net_sink comp="2089" pin=1"/></net>

<net id="2098"><net_src comp="2089" pin="2"/><net_sink comp="2094" pin=0"/></net>

<net id="2099"><net_src comp="569" pin="2"/><net_sink comp="2094" pin=1"/></net>

<net id="2109"><net_src comp="110" pin="0"/><net_sink comp="2103" pin=0"/></net>

<net id="2110"><net_src comp="2100" pin="1"/><net_sink comp="2103" pin=1"/></net>

<net id="2111"><net_src comp="112" pin="0"/><net_sink comp="2103" pin=2"/></net>

<net id="2112"><net_src comp="114" pin="0"/><net_sink comp="2103" pin=3"/></net>

<net id="2116"><net_src comp="2100" pin="1"/><net_sink comp="2113" pin=0"/></net>

<net id="2121"><net_src comp="2103" pin="4"/><net_sink comp="2117" pin=0"/></net>

<net id="2122"><net_src comp="70" pin="0"/><net_sink comp="2117" pin=1"/></net>

<net id="2127"><net_src comp="2113" pin="1"/><net_sink comp="2123" pin=0"/></net>

<net id="2128"><net_src comp="116" pin="0"/><net_sink comp="2123" pin=1"/></net>

<net id="2133"><net_src comp="2123" pin="2"/><net_sink comp="2129" pin=0"/></net>

<net id="2134"><net_src comp="2117" pin="2"/><net_sink comp="2129" pin=1"/></net>

<net id="2139"><net_src comp="2129" pin="2"/><net_sink comp="2135" pin=1"/></net>

<net id="2144"><net_src comp="2135" pin="2"/><net_sink comp="2140" pin=0"/></net>

<net id="2145"><net_src comp="573" pin="2"/><net_sink comp="2140" pin=1"/></net>

<net id="2154"><net_src comp="2146" pin="2"/><net_sink comp="2150" pin=1"/></net>

<net id="2159"><net_src comp="2150" pin="2"/><net_sink comp="2155" pin=0"/></net>

<net id="2160"><net_src comp="573" pin="2"/><net_sink comp="2155" pin=1"/></net>

<net id="2164"><net_src comp="2161" pin="1"/><net_sink comp="174" pin=2"/></net>

<net id="2168"><net_src comp="488" pin="2"/><net_sink comp="2165" pin=0"/></net>

<net id="2175"><net_src comp="138" pin="0"/><net_sink comp="2169" pin=0"/></net>

<net id="2176"><net_src comp="2161" pin="1"/><net_sink comp="2169" pin=1"/></net>

<net id="2177"><net_src comp="140" pin="0"/><net_sink comp="2169" pin=2"/></net>

<net id="2178"><net_src comp="142" pin="0"/><net_sink comp="2169" pin=3"/></net>

<net id="2183"><net_src comp="2169" pin="4"/><net_sink comp="2179" pin=0"/></net>

<net id="2184"><net_src comp="2165" pin="1"/><net_sink comp="2179" pin=1"/></net>

<net id="2191"><net_src comp="138" pin="0"/><net_sink comp="2185" pin=0"/></net>

<net id="2192"><net_src comp="2161" pin="1"/><net_sink comp="2185" pin=1"/></net>

<net id="2193"><net_src comp="144" pin="0"/><net_sink comp="2185" pin=2"/></net>

<net id="2194"><net_src comp="146" pin="0"/><net_sink comp="2185" pin=3"/></net>

<net id="2198"><net_src comp="2161" pin="1"/><net_sink comp="2195" pin=0"/></net>

<net id="2205"><net_src comp="148" pin="0"/><net_sink comp="2199" pin=0"/></net>

<net id="2206"><net_src comp="2185" pin="4"/><net_sink comp="2199" pin=1"/></net>

<net id="2207"><net_src comp="2179" pin="2"/><net_sink comp="2199" pin=2"/></net>

<net id="2208"><net_src comp="2195" pin="1"/><net_sink comp="2199" pin=3"/></net>

<net id="2212"><net_src comp="600" pin="1"/><net_sink comp="2209" pin=0"/></net>

<net id="2219"><net_src comp="138" pin="0"/><net_sink comp="2213" pin=0"/></net>

<net id="2220"><net_src comp="453" pin="6"/><net_sink comp="2213" pin=1"/></net>

<net id="2221"><net_src comp="140" pin="0"/><net_sink comp="2213" pin=2"/></net>

<net id="2222"><net_src comp="142" pin="0"/><net_sink comp="2213" pin=3"/></net>

<net id="2227"><net_src comp="2213" pin="4"/><net_sink comp="2223" pin=0"/></net>

<net id="2228"><net_src comp="2209" pin="1"/><net_sink comp="2223" pin=1"/></net>

<net id="2235"><net_src comp="138" pin="0"/><net_sink comp="2229" pin=0"/></net>

<net id="2236"><net_src comp="453" pin="6"/><net_sink comp="2229" pin=1"/></net>

<net id="2237"><net_src comp="144" pin="0"/><net_sink comp="2229" pin=2"/></net>

<net id="2238"><net_src comp="146" pin="0"/><net_sink comp="2229" pin=3"/></net>

<net id="2242"><net_src comp="453" pin="6"/><net_sink comp="2239" pin=0"/></net>

<net id="2249"><net_src comp="148" pin="0"/><net_sink comp="2243" pin=0"/></net>

<net id="2250"><net_src comp="2229" pin="4"/><net_sink comp="2243" pin=1"/></net>

<net id="2251"><net_src comp="2223" pin="2"/><net_sink comp="2243" pin=2"/></net>

<net id="2252"><net_src comp="2239" pin="1"/><net_sink comp="2243" pin=3"/></net>

<net id="2253"><net_src comp="2243" pin="4"/><net_sink comp="464" pin=2"/></net>

<net id="2257"><net_src comp="488" pin="2"/><net_sink comp="2254" pin=0"/></net>

<net id="2264"><net_src comp="138" pin="0"/><net_sink comp="2258" pin=0"/></net>

<net id="2265"><net_src comp="464" pin="6"/><net_sink comp="2258" pin=1"/></net>

<net id="2266"><net_src comp="140" pin="0"/><net_sink comp="2258" pin=2"/></net>

<net id="2267"><net_src comp="142" pin="0"/><net_sink comp="2258" pin=3"/></net>

<net id="2272"><net_src comp="2258" pin="4"/><net_sink comp="2268" pin=0"/></net>

<net id="2273"><net_src comp="2254" pin="1"/><net_sink comp="2268" pin=1"/></net>

<net id="2280"><net_src comp="138" pin="0"/><net_sink comp="2274" pin=0"/></net>

<net id="2281"><net_src comp="461" pin="1"/><net_sink comp="2274" pin=1"/></net>

<net id="2282"><net_src comp="144" pin="0"/><net_sink comp="2274" pin=2"/></net>

<net id="2283"><net_src comp="146" pin="0"/><net_sink comp="2274" pin=3"/></net>

<net id="2287"><net_src comp="461" pin="1"/><net_sink comp="2284" pin=0"/></net>

<net id="2294"><net_src comp="148" pin="0"/><net_sink comp="2288" pin=0"/></net>

<net id="2295"><net_src comp="2274" pin="4"/><net_sink comp="2288" pin=1"/></net>

<net id="2296"><net_src comp="2284" pin="1"/><net_sink comp="2288" pin=3"/></net>

<net id="2297"><net_src comp="2288" pin="4"/><net_sink comp="478" pin=2"/></net>

<net id="2302"><net_src comp="478" pin="6"/><net_sink comp="2298" pin=0"/></net>

<net id="2307"><net_src comp="478" pin="6"/><net_sink comp="2303" pin=0"/></net>

<net id="2311"><net_src comp="600" pin="1"/><net_sink comp="2308" pin=0"/></net>

<net id="2318"><net_src comp="138" pin="0"/><net_sink comp="2312" pin=0"/></net>

<net id="2319"><net_src comp="478" pin="6"/><net_sink comp="2312" pin=1"/></net>

<net id="2320"><net_src comp="140" pin="0"/><net_sink comp="2312" pin=2"/></net>

<net id="2321"><net_src comp="142" pin="0"/><net_sink comp="2312" pin=3"/></net>

<net id="2326"><net_src comp="2312" pin="4"/><net_sink comp="2322" pin=0"/></net>

<net id="2327"><net_src comp="2308" pin="1"/><net_sink comp="2322" pin=1"/></net>

<net id="2334"><net_src comp="138" pin="0"/><net_sink comp="2328" pin=0"/></net>

<net id="2335"><net_src comp="478" pin="6"/><net_sink comp="2328" pin=1"/></net>

<net id="2336"><net_src comp="144" pin="0"/><net_sink comp="2328" pin=2"/></net>

<net id="2337"><net_src comp="146" pin="0"/><net_sink comp="2328" pin=3"/></net>

<net id="2341"><net_src comp="478" pin="6"/><net_sink comp="2338" pin=0"/></net>

<net id="2348"><net_src comp="148" pin="0"/><net_sink comp="2342" pin=0"/></net>

<net id="2349"><net_src comp="2328" pin="4"/><net_sink comp="2342" pin=1"/></net>

<net id="2350"><net_src comp="2322" pin="2"/><net_sink comp="2342" pin=2"/></net>

<net id="2351"><net_src comp="2338" pin="1"/><net_sink comp="2342" pin=3"/></net>

<net id="2356"><net_src comp="2342" pin="4"/><net_sink comp="2352" pin=0"/></net>

<net id="2360"><net_src comp="152" pin="1"/><net_sink comp="2357" pin=0"/></net>

<net id="2361"><net_src comp="2357" pin="1"/><net_sink comp="619" pin=1"/></net>

<net id="2362"><net_src comp="2357" pin="1"/><net_sink comp="639" pin=0"/></net>

<net id="2363"><net_src comp="2357" pin="1"/><net_sink comp="741" pin=1"/></net>

<net id="2367"><net_src comp="156" pin="1"/><net_sink comp="2364" pin=0"/></net>

<net id="2368"><net_src comp="2364" pin="1"/><net_sink comp="614" pin=1"/></net>

<net id="2369"><net_src comp="2364" pin="1"/><net_sink comp="642" pin=0"/></net>

<net id="2370"><net_src comp="2364" pin="1"/><net_sink comp="736" pin=1"/></net>

<net id="2374"><net_src comp="160" pin="1"/><net_sink comp="2371" pin=0"/></net>

<net id="2375"><net_src comp="2371" pin="1"/><net_sink comp="609" pin=1"/></net>

<net id="2376"><net_src comp="2371" pin="1"/><net_sink comp="624" pin=0"/></net>

<net id="2377"><net_src comp="2371" pin="1"/><net_sink comp="731" pin=1"/></net>

<net id="2381"><net_src comp="164" pin="1"/><net_sink comp="2378" pin=0"/></net>

<net id="2382"><net_src comp="2378" pin="1"/><net_sink comp="604" pin=1"/></net>

<net id="2383"><net_src comp="2378" pin="1"/><net_sink comp="2161" pin=0"/></net>

<net id="2384"><net_src comp="2378" pin="1"/><net_sink comp="2298" pin=1"/></net>

<net id="2385"><net_src comp="2378" pin="1"/><net_sink comp="2303" pin=1"/></net>

<net id="2386"><net_src comp="2378" pin="1"/><net_sink comp="2352" pin=1"/></net>

<net id="2390"><net_src comp="627" pin="2"/><net_sink comp="2387" pin=0"/></net>

<net id="2394"><net_src comp="657" pin="3"/><net_sink comp="2391" pin=0"/></net>

<net id="2395"><net_src comp="2391" pin="1"/><net_sink comp="719" pin=0"/></net>

<net id="2396"><net_src comp="2391" pin="1"/><net_sink comp="858" pin=0"/></net>

<net id="2397"><net_src comp="2391" pin="1"/><net_sink comp="916" pin=0"/></net>

<net id="2398"><net_src comp="2391" pin="1"/><net_sink comp="1070" pin=0"/></net>

<net id="2402"><net_src comp="665" pin="3"/><net_sink comp="2399" pin=0"/></net>

<net id="2403"><net_src comp="2399" pin="1"/><net_sink comp="761" pin=0"/></net>

<net id="2404"><net_src comp="2399" pin="1"/><net_sink comp="800" pin=0"/></net>

<net id="2405"><net_src comp="2399" pin="1"/><net_sink comp="1033" pin=0"/></net>

<net id="2409"><net_src comp="693" pin="2"/><net_sink comp="2406" pin=0"/></net>

<net id="2410"><net_src comp="2406" pin="1"/><net_sink comp="749" pin=0"/></net>

<net id="2411"><net_src comp="2406" pin="1"/><net_sink comp="973" pin=0"/></net>

<net id="2412"><net_src comp="2406" pin="1"/><net_sink comp="985" pin=0"/></net>

<net id="2416"><net_src comp="709" pin="4"/><net_sink comp="2413" pin=0"/></net>

<net id="2417"><net_src comp="2413" pin="1"/><net_sink comp="746" pin=0"/></net>

<net id="2421"><net_src comp="746" pin="1"/><net_sink comp="2418" pin=0"/></net>

<net id="2422"><net_src comp="2418" pin="1"/><net_sink comp="861" pin=1"/></net>

<net id="2423"><net_src comp="2418" pin="1"/><net_sink comp="872" pin=1"/></net>

<net id="2427"><net_src comp="181" pin="3"/><net_sink comp="2424" pin=0"/></net>

<net id="2428"><net_src comp="2424" pin="1"/><net_sink comp="202" pin=2"/></net>

<net id="2432"><net_src comp="188" pin="3"/><net_sink comp="2429" pin=0"/></net>

<net id="2433"><net_src comp="2429" pin="1"/><net_sink comp="212" pin=2"/></net>

<net id="2437"><net_src comp="195" pin="3"/><net_sink comp="2434" pin=0"/></net>

<net id="2438"><net_src comp="2434" pin="1"/><net_sink comp="222" pin=2"/></net>

<net id="2442"><net_src comp="202" pin="7"/><net_sink comp="2439" pin=0"/></net>

<net id="2443"><net_src comp="2439" pin="1"/><net_sink comp="835" pin=2"/></net>

<net id="2447"><net_src comp="212" pin="7"/><net_sink comp="2444" pin=0"/></net>

<net id="2448"><net_src comp="2444" pin="1"/><net_sink comp="835" pin=4"/></net>

<net id="2452"><net_src comp="222" pin="7"/><net_sink comp="2449" pin=0"/></net>

<net id="2453"><net_src comp="2449" pin="1"/><net_sink comp="835" pin=6"/></net>

<net id="2457"><net_src comp="764" pin="2"/><net_sink comp="2454" pin=0"/></net>

<net id="2458"><net_src comp="2454" pin="1"/><net_sink comp="1042" pin=0"/></net>

<net id="2459"><net_src comp="2454" pin="1"/><net_sink comp="1047" pin=0"/></net>

<net id="2463"><net_src comp="794" pin="2"/><net_sink comp="2460" pin=0"/></net>

<net id="2464"><net_src comp="2460" pin="1"/><net_sink comp="861" pin=0"/></net>

<net id="2468"><net_src comp="800" pin="2"/><net_sink comp="2465" pin=0"/></net>

<net id="2469"><net_src comp="2465" pin="1"/><net_sink comp="1056" pin=0"/></net>

<net id="2470"><net_src comp="2465" pin="1"/><net_sink comp="1061" pin=0"/></net>

<net id="2474"><net_src comp="831" pin="1"/><net_sink comp="2471" pin=0"/></net>

<net id="2475"><net_src comp="2471" pin="1"/><net_sink comp="889" pin=8"/></net>

<net id="2476"><net_src comp="2471" pin="1"/><net_sink comp="941" pin=8"/></net>

<net id="2477"><net_src comp="2471" pin="1"/><net_sink comp="989" pin=8"/></net>

<net id="2478"><net_src comp="2471" pin="1"/><net_sink comp="1014" pin=8"/></net>

<net id="2482"><net_src comp="835" pin="9"/><net_sink comp="2479" pin=0"/></net>

<net id="2483"><net_src comp="2479" pin="1"/><net_sink comp="547" pin=0"/></net>

<net id="2487"><net_src comp="852" pin="2"/><net_sink comp="2484" pin=0"/></net>

<net id="2491"><net_src comp="232" pin="3"/><net_sink comp="2488" pin=0"/></net>

<net id="2492"><net_src comp="2488" pin="1"/><net_sink comp="202" pin=0"/></net>

<net id="2496"><net_src comp="872" pin="2"/><net_sink comp="2493" pin=0"/></net>

<net id="2497"><net_src comp="2493" pin="1"/><net_sink comp="883" pin=0"/></net>

<net id="2501"><net_src comp="239" pin="3"/><net_sink comp="2498" pin=0"/></net>

<net id="2502"><net_src comp="2498" pin="1"/><net_sink comp="212" pin=0"/></net>

<net id="2506"><net_src comp="246" pin="3"/><net_sink comp="2503" pin=0"/></net>

<net id="2507"><net_src comp="2503" pin="1"/><net_sink comp="222" pin=0"/></net>

<net id="2511"><net_src comp="877" pin="2"/><net_sink comp="2508" pin=0"/></net>

<net id="2512"><net_src comp="2508" pin="1"/><net_sink comp="908" pin=0"/></net>

<net id="2513"><net_src comp="2508" pin="1"/><net_sink comp="1132" pin=0"/></net>

<net id="2514"><net_src comp="2508" pin="1"/><net_sink comp="1336" pin=0"/></net>

<net id="2518"><net_src comp="256" pin="3"/><net_sink comp="2515" pin=0"/></net>

<net id="2519"><net_src comp="2515" pin="1"/><net_sink comp="202" pin=2"/></net>

<net id="2523"><net_src comp="263" pin="3"/><net_sink comp="2520" pin=0"/></net>

<net id="2524"><net_src comp="2520" pin="1"/><net_sink comp="212" pin=2"/></net>

<net id="2528"><net_src comp="270" pin="3"/><net_sink comp="2525" pin=0"/></net>

<net id="2529"><net_src comp="2525" pin="1"/><net_sink comp="222" pin=2"/></net>

<net id="2533"><net_src comp="889" pin="9"/><net_sink comp="2530" pin=0"/></net>

<net id="2534"><net_src comp="2530" pin="1"/><net_sink comp="547" pin=0"/></net>

<net id="2538"><net_src comp="911" pin="1"/><net_sink comp="2535" pin=0"/></net>

<net id="2539"><net_src comp="2535" pin="1"/><net_sink comp="582" pin=0"/></net>

<net id="2543"><net_src comp="916" pin="2"/><net_sink comp="2540" pin=0"/></net>

<net id="2544"><net_src comp="2540" pin="1"/><net_sink comp="1110" pin=0"/></net>

<net id="2545"><net_src comp="2540" pin="1"/><net_sink comp="1279" pin=0"/></net>

<net id="2549"><net_src comp="931" pin="4"/><net_sink comp="2546" pin=0"/></net>

<net id="2550"><net_src comp="2546" pin="1"/><net_sink comp="970" pin=0"/></net>

<net id="2554"><net_src comp="941" pin="9"/><net_sink comp="2551" pin=0"/></net>

<net id="2555"><net_src comp="2551" pin="1"/><net_sink comp="547" pin=0"/></net>

<net id="2559"><net_src comp="960" pin="4"/><net_sink comp="2556" pin=0"/></net>

<net id="2560"><net_src comp="2556" pin="1"/><net_sink comp="985" pin=1"/></net>

<net id="2564"><net_src comp="280" pin="3"/><net_sink comp="2561" pin=0"/></net>

<net id="2565"><net_src comp="2561" pin="1"/><net_sink comp="202" pin=0"/></net>

<net id="2569"><net_src comp="287" pin="3"/><net_sink comp="2566" pin=0"/></net>

<net id="2570"><net_src comp="2566" pin="1"/><net_sink comp="212" pin=0"/></net>

<net id="2574"><net_src comp="294" pin="3"/><net_sink comp="2571" pin=0"/></net>

<net id="2575"><net_src comp="2571" pin="1"/><net_sink comp="222" pin=0"/></net>

<net id="2579"><net_src comp="985" pin="2"/><net_sink comp="2576" pin=0"/></net>

<net id="2580"><net_src comp="2576" pin="1"/><net_sink comp="1008" pin=0"/></net>

<net id="2584"><net_src comp="989" pin="9"/><net_sink comp="2581" pin=0"/></net>

<net id="2585"><net_src comp="2581" pin="1"/><net_sink comp="550" pin=0"/></net>

<net id="2589"><net_src comp="547" pin="1"/><net_sink comp="2586" pin=0"/></net>

<net id="2590"><net_src comp="2586" pin="1"/><net_sink comp="537" pin=0"/></net>

<net id="2594"><net_src comp="304" pin="3"/><net_sink comp="2591" pin=0"/></net>

<net id="2595"><net_src comp="2591" pin="1"/><net_sink comp="202" pin=0"/></net>

<net id="2599"><net_src comp="311" pin="3"/><net_sink comp="2596" pin=0"/></net>

<net id="2600"><net_src comp="2596" pin="1"/><net_sink comp="212" pin=0"/></net>

<net id="2604"><net_src comp="318" pin="3"/><net_sink comp="2601" pin=0"/></net>

<net id="2605"><net_src comp="2601" pin="1"/><net_sink comp="222" pin=0"/></net>

<net id="2609"><net_src comp="547" pin="1"/><net_sink comp="2606" pin=0"/></net>

<net id="2610"><net_src comp="2606" pin="1"/><net_sink comp="537" pin=0"/></net>

<net id="2614"><net_src comp="1014" pin="9"/><net_sink comp="2611" pin=0"/></net>

<net id="2615"><net_src comp="2611" pin="1"/><net_sink comp="550" pin=0"/></net>

<net id="2619"><net_src comp="547" pin="1"/><net_sink comp="2616" pin=0"/></net>

<net id="2620"><net_src comp="2616" pin="1"/><net_sink comp="537" pin=0"/></net>

<net id="2624"><net_src comp="550" pin="1"/><net_sink comp="2621" pin=0"/></net>

<net id="2625"><net_src comp="2621" pin="1"/><net_sink comp="542" pin=0"/></net>

<net id="2629"><net_src comp="550" pin="1"/><net_sink comp="2626" pin=0"/></net>

<net id="2630"><net_src comp="2626" pin="1"/><net_sink comp="542" pin=0"/></net>

<net id="2634"><net_src comp="1036" pin="2"/><net_sink comp="2631" pin=0"/></net>

<net id="2635"><net_src comp="2631" pin="1"/><net_sink comp="1073" pin=0"/></net>

<net id="2636"><net_src comp="2631" pin="1"/><net_sink comp="1113" pin=0"/></net>

<net id="2637"><net_src comp="2631" pin="1"/><net_sink comp="1135" pin=0"/></net>

<net id="2641"><net_src comp="1042" pin="2"/><net_sink comp="2638" pin=0"/></net>

<net id="2642"><net_src comp="2638" pin="1"/><net_sink comp="1154" pin=0"/></net>

<net id="2646"><net_src comp="1050" pin="2"/><net_sink comp="2643" pin=0"/></net>

<net id="2647"><net_src comp="2643" pin="1"/><net_sink comp="1085" pin=0"/></net>

<net id="2651"><net_src comp="1056" pin="2"/><net_sink comp="2648" pin=0"/></net>

<net id="2652"><net_src comp="2648" pin="1"/><net_sink comp="1242" pin=0"/></net>

<net id="2656"><net_src comp="1064" pin="2"/><net_sink comp="2653" pin=0"/></net>

<net id="2657"><net_src comp="2653" pin="1"/><net_sink comp="1096" pin=0"/></net>

<net id="2661"><net_src comp="328" pin="3"/><net_sink comp="2658" pin=0"/></net>

<net id="2662"><net_src comp="2658" pin="1"/><net_sink comp="349" pin=2"/></net>

<net id="2666"><net_src comp="335" pin="3"/><net_sink comp="2663" pin=0"/></net>

<net id="2667"><net_src comp="2663" pin="1"/><net_sink comp="419" pin=0"/></net>

<net id="2671"><net_src comp="342" pin="3"/><net_sink comp="2668" pin=0"/></net>

<net id="2672"><net_src comp="2668" pin="1"/><net_sink comp="425" pin=0"/></net>

<net id="2676"><net_src comp="359" pin="3"/><net_sink comp="2673" pin=0"/></net>

<net id="2677"><net_src comp="2673" pin="1"/><net_sink comp="349" pin=0"/></net>

<net id="2681"><net_src comp="1096" pin="2"/><net_sink comp="2678" pin=0"/></net>

<net id="2682"><net_src comp="2678" pin="1"/><net_sink comp="1101" pin=0"/></net>

<net id="2686"><net_src comp="366" pin="3"/><net_sink comp="2683" pin=0"/></net>

<net id="2687"><net_src comp="2683" pin="1"/><net_sink comp="430" pin=0"/></net>

<net id="2691"><net_src comp="349" pin="7"/><net_sink comp="2688" pin=0"/></net>

<net id="2692"><net_src comp="2688" pin="1"/><net_sink comp="1106" pin=0"/></net>

<net id="2693"><net_src comp="2688" pin="1"/><net_sink comp="1938" pin=1"/></net>

<net id="2694"><net_src comp="2688" pin="1"/><net_sink comp="1947" pin=0"/></net>

<net id="2698"><net_src comp="537" pin="2"/><net_sink comp="2695" pin=0"/></net>

<net id="2699"><net_src comp="2695" pin="1"/><net_sink comp="498" pin=1"/></net>

<net id="2700"><net_src comp="2695" pin="1"/><net_sink comp="564" pin=0"/></net>

<net id="2701"><net_src comp="2695" pin="1"/><net_sink comp="1752" pin=0"/></net>

<net id="2702"><net_src comp="2695" pin="1"/><net_sink comp="1834" pin=1"/></net>

<net id="2706"><net_src comp="374" pin="3"/><net_sink comp="2703" pin=0"/></net>

<net id="2707"><net_src comp="2703" pin="1"/><net_sink comp="349" pin=0"/></net>

<net id="2711"><net_src comp="381" pin="3"/><net_sink comp="2708" pin=0"/></net>

<net id="2712"><net_src comp="2708" pin="1"/><net_sink comp="435" pin=0"/></net>

<net id="2716"><net_src comp="349" pin="3"/><net_sink comp="2713" pin=0"/></net>

<net id="2717"><net_src comp="2713" pin="1"/><net_sink comp="1124" pin=0"/></net>

<net id="2721"><net_src comp="1106" pin="1"/><net_sink comp="2718" pin=0"/></net>

<net id="2722"><net_src comp="2718" pin="1"/><net_sink comp="498" pin=0"/></net>

<net id="2723"><net_src comp="2718" pin="1"/><net_sink comp="1154" pin=1"/></net>

<net id="2724"><net_src comp="2718" pin="1"/><net_sink comp="1242" pin=1"/></net>

<net id="2725"><net_src comp="2718" pin="1"/><net_sink comp="1299" pin=1"/></net>

<net id="2726"><net_src comp="2718" pin="1"/><net_sink comp="1356" pin=1"/></net>

<net id="2727"><net_src comp="2718" pin="1"/><net_sink comp="510" pin=1"/></net>

<net id="2728"><net_src comp="2718" pin="1"/><net_sink comp="573" pin=1"/></net>

<net id="2732"><net_src comp="537" pin="2"/><net_sink comp="2729" pin=0"/></net>

<net id="2733"><net_src comp="2729" pin="1"/><net_sink comp="498" pin=1"/></net>

<net id="2737"><net_src comp="349" pin="3"/><net_sink comp="2734" pin=0"/></net>

<net id="2738"><net_src comp="2734" pin="1"/><net_sink comp="1128" pin=0"/></net>

<net id="2742"><net_src comp="389" pin="3"/><net_sink comp="2739" pin=0"/></net>

<net id="2743"><net_src comp="2739" pin="1"/><net_sink comp="349" pin=0"/></net>

<net id="2747"><net_src comp="396" pin="3"/><net_sink comp="2744" pin=0"/></net>

<net id="2748"><net_src comp="2744" pin="1"/><net_sink comp="445" pin=0"/></net>

<net id="2752"><net_src comp="1124" pin="1"/><net_sink comp="2749" pin=0"/></net>

<net id="2753"><net_src comp="2749" pin="1"/><net_sink comp="498" pin=0"/></net>

<net id="2757"><net_src comp="537" pin="2"/><net_sink comp="2754" pin=0"/></net>

<net id="2758"><net_src comp="2754" pin="1"/><net_sink comp="498" pin=1"/></net>

<net id="2762"><net_src comp="349" pin="3"/><net_sink comp="2759" pin=0"/></net>

<net id="2763"><net_src comp="2759" pin="1"/><net_sink comp="1146" pin=0"/></net>

<net id="2767"><net_src comp="1128" pin="1"/><net_sink comp="2764" pin=0"/></net>

<net id="2768"><net_src comp="2764" pin="1"/><net_sink comp="498" pin=0"/></net>

<net id="2772"><net_src comp="404" pin="3"/><net_sink comp="2769" pin=0"/></net>

<net id="2773"><net_src comp="2769" pin="1"/><net_sink comp="349" pin=2"/></net>

<net id="2777"><net_src comp="411" pin="3"/><net_sink comp="2774" pin=0"/></net>

<net id="2778"><net_src comp="2774" pin="1"/><net_sink comp="440" pin=0"/></net>

<net id="2782"><net_src comp="542" pin="2"/><net_sink comp="2779" pin=0"/></net>

<net id="2783"><net_src comp="2779" pin="1"/><net_sink comp="502" pin=1"/></net>

<net id="2787"><net_src comp="349" pin="7"/><net_sink comp="2784" pin=0"/></net>

<net id="2788"><net_src comp="2784" pin="1"/><net_sink comp="1150" pin=0"/></net>

<net id="2792"><net_src comp="1146" pin="1"/><net_sink comp="2789" pin=0"/></net>

<net id="2793"><net_src comp="2789" pin="1"/><net_sink comp="502" pin=0"/></net>

<net id="2797"><net_src comp="542" pin="2"/><net_sink comp="2794" pin=0"/></net>

<net id="2798"><net_src comp="2794" pin="1"/><net_sink comp="502" pin=1"/></net>

<net id="2802"><net_src comp="1150" pin="1"/><net_sink comp="2799" pin=0"/></net>

<net id="2803"><net_src comp="2799" pin="1"/><net_sink comp="502" pin=0"/></net>

<net id="2807"><net_src comp="498" pin="2"/><net_sink comp="2804" pin=0"/></net>

<net id="2808"><net_src comp="2804" pin="1"/><net_sink comp="556" pin=0"/></net>

<net id="2809"><net_src comp="2804" pin="1"/><net_sink comp="506" pin=0"/></net>

<net id="2810"><net_src comp="2804" pin="1"/><net_sink comp="1191" pin=0"/></net>

<net id="2811"><net_src comp="2804" pin="1"/><net_sink comp="502" pin=0"/></net>

<net id="2812"><net_src comp="2804" pin="1"/><net_sink comp="560" pin=0"/></net>

<net id="2813"><net_src comp="2804" pin="1"/><net_sink comp="510" pin=0"/></net>

<net id="2814"><net_src comp="2804" pin="1"/><net_sink comp="569" pin=0"/></net>

<net id="2815"><net_src comp="2804" pin="1"/><net_sink comp="573" pin=0"/></net>

<net id="2816"><net_src comp="2804" pin="1"/><net_sink comp="514" pin=0"/></net>

<net id="2817"><net_src comp="2804" pin="1"/><net_sink comp="519" pin=0"/></net>

<net id="2821"><net_src comp="498" pin="2"/><net_sink comp="2818" pin=0"/></net>

<net id="2822"><net_src comp="2818" pin="1"/><net_sink comp="1154" pin=2"/></net>

<net id="2823"><net_src comp="2818" pin="1"/><net_sink comp="569" pin=1"/></net>

<net id="2824"><net_src comp="2818" pin="1"/><net_sink comp="1962" pin=0"/></net>

<net id="2825"><net_src comp="2818" pin="1"/><net_sink comp="514" pin=1"/></net>

<net id="2829"><net_src comp="1154" pin="3"/><net_sink comp="2826" pin=0"/></net>

<net id="2830"><net_src comp="2826" pin="1"/><net_sink comp="556" pin=1"/></net>

<net id="2831"><net_src comp="2826" pin="1"/><net_sink comp="506" pin=1"/></net>

<net id="2835"><net_src comp="1179" pin="2"/><net_sink comp="2832" pin=0"/></net>

<net id="2836"><net_src comp="2832" pin="1"/><net_sink comp="1226" pin=1"/></net>

<net id="2840"><net_src comp="1185" pin="2"/><net_sink comp="2837" pin=0"/></net>

<net id="2841"><net_src comp="2837" pin="1"/><net_sink comp="1226" pin=0"/></net>

<net id="2845"><net_src comp="498" pin="2"/><net_sink comp="2842" pin=0"/></net>

<net id="2846"><net_src comp="2842" pin="1"/><net_sink comp="1242" pin=2"/></net>

<net id="2847"><net_src comp="2842" pin="1"/><net_sink comp="573" pin=1"/></net>

<net id="2848"><net_src comp="2842" pin="1"/><net_sink comp="2008" pin=0"/></net>

<net id="2849"><net_src comp="2842" pin="1"/><net_sink comp="519" pin=1"/></net>

<net id="2853"><net_src comp="1220" pin="2"/><net_sink comp="2850" pin=0"/></net>

<net id="2854"><net_src comp="2850" pin="1"/><net_sink comp="1288" pin=0"/></net>

<net id="2855"><net_src comp="2850" pin="1"/><net_sink comp="1345" pin=0"/></net>

<net id="2856"><net_src comp="2850" pin="1"/><net_sink comp="1397" pin=0"/></net>

<net id="2857"><net_src comp="2850" pin="1"/><net_sink comp="1997" pin=0"/></net>

<net id="2858"><net_src comp="2850" pin="1"/><net_sink comp="2043" pin=0"/></net>

<net id="2859"><net_src comp="2850" pin="1"/><net_sink comp="2089" pin=0"/></net>

<net id="2860"><net_src comp="2850" pin="1"/><net_sink comp="2135" pin=0"/></net>

<net id="2861"><net_src comp="2850" pin="1"/><net_sink comp="2150" pin=0"/></net>

<net id="2865"><net_src comp="1236" pin="2"/><net_sink comp="2862" pin=0"/></net>

<net id="2866"><net_src comp="2862" pin="1"/><net_sink comp="1456" pin=0"/></net>

<net id="2867"><net_src comp="2862" pin="1"/><net_sink comp="1651" pin=0"/></net>

<net id="2871"><net_src comp="1242" pin="3"/><net_sink comp="2868" pin=0"/></net>

<net id="2872"><net_src comp="2868" pin="1"/><net_sink comp="556" pin=1"/></net>

<net id="2873"><net_src comp="2868" pin="1"/><net_sink comp="506" pin=1"/></net>

<net id="2877"><net_src comp="1267" pin="2"/><net_sink comp="2874" pin=0"/></net>

<net id="2878"><net_src comp="2874" pin="1"/><net_sink comp="1284" pin=1"/></net>

<net id="2882"><net_src comp="1273" pin="2"/><net_sink comp="2879" pin=0"/></net>

<net id="2883"><net_src comp="2879" pin="1"/><net_sink comp="1284" pin=0"/></net>

<net id="2887"><net_src comp="1279" pin="2"/><net_sink comp="2884" pin=0"/></net>

<net id="2888"><net_src comp="2884" pin="1"/><net_sink comp="1299" pin=0"/></net>

<net id="2892"><net_src comp="502" pin="2"/><net_sink comp="2889" pin=0"/></net>

<net id="2893"><net_src comp="2889" pin="1"/><net_sink comp="1299" pin=2"/></net>

<net id="2894"><net_src comp="2889" pin="1"/><net_sink comp="573" pin=1"/></net>

<net id="2895"><net_src comp="2889" pin="1"/><net_sink comp="2100" pin=0"/></net>

<net id="2896"><net_src comp="2889" pin="1"/><net_sink comp="519" pin=1"/></net>

<net id="2900"><net_src comp="1293" pin="2"/><net_sink comp="2897" pin=0"/></net>

<net id="2901"><net_src comp="2897" pin="1"/><net_sink comp="1551" pin=0"/></net>

<net id="2902"><net_src comp="2897" pin="1"/><net_sink comp="1840" pin=0"/></net>

<net id="2906"><net_src comp="1299" pin="3"/><net_sink comp="2903" pin=0"/></net>

<net id="2907"><net_src comp="2903" pin="1"/><net_sink comp="556" pin=1"/></net>

<net id="2908"><net_src comp="2903" pin="1"/><net_sink comp="502" pin=1"/></net>

<net id="2912"><net_src comp="1324" pin="2"/><net_sink comp="2909" pin=0"/></net>

<net id="2913"><net_src comp="2909" pin="1"/><net_sink comp="1341" pin=1"/></net>

<net id="2917"><net_src comp="1330" pin="2"/><net_sink comp="2914" pin=0"/></net>

<net id="2918"><net_src comp="2914" pin="1"/><net_sink comp="1341" pin=0"/></net>

<net id="2922"><net_src comp="1336" pin="2"/><net_sink comp="2919" pin=0"/></net>

<net id="2923"><net_src comp="2919" pin="1"/><net_sink comp="1356" pin=0"/></net>

<net id="2927"><net_src comp="502" pin="2"/><net_sink comp="2924" pin=0"/></net>

<net id="2928"><net_src comp="2924" pin="1"/><net_sink comp="1356" pin=2"/></net>

<net id="2929"><net_src comp="2924" pin="1"/><net_sink comp="569" pin=1"/></net>

<net id="2930"><net_src comp="2924" pin="1"/><net_sink comp="2054" pin=0"/></net>

<net id="2931"><net_src comp="2924" pin="1"/><net_sink comp="514" pin=1"/></net>

<net id="2935"><net_src comp="1350" pin="2"/><net_sink comp="2932" pin=0"/></net>

<net id="2936"><net_src comp="2932" pin="1"/><net_sink comp="1746" pin=0"/></net>

<net id="2937"><net_src comp="2932" pin="1"/><net_sink comp="1852" pin=0"/></net>

<net id="2941"><net_src comp="1356" pin="3"/><net_sink comp="2938" pin=0"/></net>

<net id="2942"><net_src comp="2938" pin="1"/><net_sink comp="560" pin=1"/></net>

<net id="2943"><net_src comp="2938" pin="1"/><net_sink comp="510" pin=1"/></net>

<net id="2947"><net_src comp="1381" pin="2"/><net_sink comp="2944" pin=0"/></net>

<net id="2948"><net_src comp="2944" pin="1"/><net_sink comp="1393" pin=1"/></net>

<net id="2952"><net_src comp="1387" pin="2"/><net_sink comp="2949" pin=0"/></net>

<net id="2953"><net_src comp="2949" pin="1"/><net_sink comp="1393" pin=0"/></net>

<net id="2957"><net_src comp="1402" pin="2"/><net_sink comp="2954" pin=0"/></net>

<net id="2958"><net_src comp="2954" pin="1"/><net_sink comp="1645" pin=0"/></net>

<net id="2959"><net_src comp="2954" pin="1"/><net_sink comp="1846" pin=0"/></net>

<net id="2963"><net_src comp="506" pin="2"/><net_sink comp="2960" pin=0"/></net>

<net id="2964"><net_src comp="2960" pin="1"/><net_sink comp="514" pin=0"/></net>

<net id="2965"><net_src comp="2960" pin="1"/><net_sink comp="564" pin=0"/></net>

<net id="2966"><net_src comp="2960" pin="1"/><net_sink comp="1408" pin=0"/></net>

<net id="2967"><net_src comp="2960" pin="1"/><net_sink comp="1449" pin=2"/></net>

<net id="2971"><net_src comp="506" pin="2"/><net_sink comp="2968" pin=0"/></net>

<net id="2972"><net_src comp="2968" pin="1"/><net_sink comp="560" pin=1"/></net>

<net id="2973"><net_src comp="2968" pin="1"/><net_sink comp="1480" pin=0"/></net>

<net id="2974"><net_src comp="2968" pin="1"/><net_sink comp="1545" pin=2"/></net>

<net id="2975"><net_src comp="2968" pin="1"/><net_sink comp="506" pin=1"/></net>

<net id="2979"><net_src comp="1456" pin="3"/><net_sink comp="2976" pin=0"/></net>

<net id="2980"><net_src comp="2976" pin="1"/><net_sink comp="560" pin=0"/></net>

<net id="2981"><net_src comp="2976" pin="1"/><net_sink comp="1463" pin=0"/></net>

<net id="2982"><net_src comp="2976" pin="1"/><net_sink comp="1545" pin=1"/></net>

<net id="2983"><net_src comp="2976" pin="1"/><net_sink comp="1551" pin=2"/></net>

<net id="2987"><net_src comp="502" pin="2"/><net_sink comp="2984" pin=0"/></net>

<net id="2988"><net_src comp="2984" pin="1"/><net_sink comp="569" pin=1"/></net>

<net id="2989"><net_src comp="2984" pin="1"/><net_sink comp="1675" pin=0"/></net>

<net id="2990"><net_src comp="2984" pin="1"/><net_sink comp="1740" pin=2"/></net>

<net id="2991"><net_src comp="2984" pin="1"/><net_sink comp="519" pin=1"/></net>

<net id="2995"><net_src comp="1551" pin="3"/><net_sink comp="2992" pin=0"/></net>

<net id="2996"><net_src comp="2992" pin="1"/><net_sink comp="560" pin=0"/></net>

<net id="2997"><net_src comp="2992" pin="1"/><net_sink comp="1557" pin=0"/></net>

<net id="2998"><net_src comp="2992" pin="1"/><net_sink comp="1639" pin=1"/></net>

<net id="2999"><net_src comp="2992" pin="1"/><net_sink comp="1645" pin=2"/></net>

<net id="3003"><net_src comp="510" pin="2"/><net_sink comp="3000" pin=0"/></net>

<net id="3004"><net_src comp="3000" pin="1"/><net_sink comp="560" pin=1"/></net>

<net id="3005"><net_src comp="3000" pin="1"/><net_sink comp="1574" pin=0"/></net>

<net id="3006"><net_src comp="3000" pin="1"/><net_sink comp="1639" pin=2"/></net>

<net id="3007"><net_src comp="3000" pin="1"/><net_sink comp="510" pin=1"/></net>

<net id="3011"><net_src comp="1645" pin="3"/><net_sink comp="3008" pin=0"/></net>

<net id="3012"><net_src comp="3008" pin="1"/><net_sink comp="569" pin=0"/></net>

<net id="3013"><net_src comp="3008" pin="1"/><net_sink comp="1658" pin=0"/></net>

<net id="3014"><net_src comp="3008" pin="1"/><net_sink comp="1740" pin=1"/></net>

<net id="3015"><net_src comp="3008" pin="1"/><net_sink comp="1746" pin=2"/></net>

<net id="3019"><net_src comp="1651" pin="3"/><net_sink comp="3016" pin=0"/></net>

<net id="3020"><net_src comp="3016" pin="1"/><net_sink comp="506" pin=0"/></net>

<net id="3021"><net_src comp="3016" pin="1"/><net_sink comp="1840" pin=2"/></net>

<net id="3025"><net_src comp="1746" pin="3"/><net_sink comp="3022" pin=0"/></net>

<net id="3026"><net_src comp="3022" pin="1"/><net_sink comp="564" pin=1"/></net>

<net id="3027"><net_src comp="3022" pin="1"/><net_sink comp="1769" pin=0"/></net>

<net id="3028"><net_src comp="3022" pin="1"/><net_sink comp="1834" pin=2"/></net>

<net id="3032"><net_src comp="1834" pin="3"/><net_sink comp="3029" pin=0"/></net>

<net id="3033"><net_src comp="3029" pin="1"/><net_sink comp="542" pin=0"/></net>

<net id="3034"><net_src comp="3029" pin="1"/><net_sink comp="425" pin=1"/></net>

<net id="3038"><net_src comp="1840" pin="3"/><net_sink comp="3035" pin=0"/></net>

<net id="3039"><net_src comp="3035" pin="1"/><net_sink comp="510" pin=0"/></net>

<net id="3040"><net_src comp="3035" pin="1"/><net_sink comp="1846" pin=2"/></net>

<net id="3044"><net_src comp="1846" pin="3"/><net_sink comp="3041" pin=0"/></net>

<net id="3045"><net_src comp="3041" pin="1"/><net_sink comp="519" pin=0"/></net>

<net id="3046"><net_src comp="3041" pin="1"/><net_sink comp="1852" pin=2"/></net>

<net id="3050"><net_src comp="1852" pin="3"/><net_sink comp="3047" pin=0"/></net>

<net id="3051"><net_src comp="3047" pin="1"/><net_sink comp="564" pin=0"/></net>

<net id="3052"><net_src comp="3047" pin="1"/><net_sink comp="1858" pin=0"/></net>

<net id="3053"><net_src comp="3047" pin="1"/><net_sink comp="542" pin=1"/></net>

<net id="3057"><net_src comp="1893" pin="2"/><net_sink comp="3054" pin=0"/></net>

<net id="3061"><net_src comp="542" pin="2"/><net_sink comp="3058" pin=0"/></net>

<net id="3062"><net_src comp="3058" pin="1"/><net_sink comp="553" pin=0"/></net>

<net id="3063"><net_src comp="3058" pin="1"/><net_sink comp="523" pin=0"/></net>

<net id="3064"><net_src comp="3058" pin="1"/><net_sink comp="527" pin=0"/></net>

<net id="3065"><net_src comp="3058" pin="1"/><net_sink comp="531" pin=0"/></net>

<net id="3069"><net_src comp="553" pin="1"/><net_sink comp="3066" pin=0"/></net>

<net id="3070"><net_src comp="3066" pin="1"/><net_sink comp="1899" pin=0"/></net>

<net id="3071"><net_src comp="3066" pin="1"/><net_sink comp="577" pin=0"/></net>

<net id="3075"><net_src comp="1916" pin="2"/><net_sink comp="3072" pin=0"/></net>

<net id="3076"><net_src comp="3072" pin="1"/><net_sink comp="1928" pin=1"/></net>

<net id="3080"><net_src comp="1922" pin="2"/><net_sink comp="3077" pin=0"/></net>

<net id="3081"><net_src comp="3077" pin="1"/><net_sink comp="1928" pin=0"/></net>

<net id="3085"><net_src comp="1932" pin="2"/><net_sink comp="3082" pin=0"/></net>

<net id="3089"><net_src comp="1950" pin="2"/><net_sink comp="3086" pin=0"/></net>

<net id="3090"><net_src comp="3086" pin="1"/><net_sink comp="2146" pin=1"/></net>

<net id="3094"><net_src comp="1956" pin="2"/><net_sink comp="3091" pin=0"/></net>

<net id="3095"><net_src comp="3091" pin="1"/><net_sink comp="2146" pin=0"/></net>

<net id="3099"><net_src comp="2002" pin="2"/><net_sink comp="3096" pin=0"/></net>

<net id="3103"><net_src comp="2048" pin="2"/><net_sink comp="3100" pin=0"/></net>

<net id="3107"><net_src comp="2094" pin="2"/><net_sink comp="3104" pin=0"/></net>

<net id="3111"><net_src comp="2140" pin="2"/><net_sink comp="3108" pin=0"/></net>

<net id="3115"><net_src comp="2155" pin="2"/><net_sink comp="3112" pin=0"/></net>

<net id="3119"><net_src comp="510" pin="2"/><net_sink comp="3116" pin=0"/></net>

<net id="3120"><net_src comp="3116" pin="1"/><net_sink comp="523" pin=1"/></net>

<net id="3124"><net_src comp="514" pin="2"/><net_sink comp="3121" pin=0"/></net>

<net id="3125"><net_src comp="3121" pin="1"/><net_sink comp="523" pin=1"/></net>

<net id="3129"><net_src comp="519" pin="2"/><net_sink comp="3126" pin=0"/></net>

<net id="3130"><net_src comp="3126" pin="1"/><net_sink comp="527" pin=1"/></net>

<net id="3134"><net_src comp="514" pin="2"/><net_sink comp="3131" pin=0"/></net>

<net id="3135"><net_src comp="3131" pin="1"/><net_sink comp="527" pin=1"/></net>

<net id="3139"><net_src comp="519" pin="2"/><net_sink comp="3136" pin=0"/></net>

<net id="3140"><net_src comp="3136" pin="1"/><net_sink comp="531" pin=1"/></net>

<net id="3144"><net_src comp="523" pin="2"/><net_sink comp="3141" pin=0"/></net>

<net id="3145"><net_src comp="3141" pin="1"/><net_sink comp="531" pin=0"/></net>

<net id="3149"><net_src comp="531" pin="2"/><net_sink comp="3146" pin=0"/></net>

<net id="3150"><net_src comp="3146" pin="1"/><net_sink comp="445" pin=1"/></net>

<net id="3154"><net_src comp="531" pin="2"/><net_sink comp="3151" pin=0"/></net>

<net id="3155"><net_src comp="3151" pin="1"/><net_sink comp="523" pin=0"/></net>

<net id="3159"><net_src comp="2161" pin="1"/><net_sink comp="3156" pin=0"/></net>

<net id="3160"><net_src comp="3156" pin="1"/><net_sink comp="453" pin=0"/></net>

<net id="3161"><net_src comp="3156" pin="1"/><net_sink comp="453" pin=4"/></net>

<net id="3165"><net_src comp="2199" pin="4"/><net_sink comp="3162" pin=0"/></net>

<net id="3166"><net_src comp="3162" pin="1"/><net_sink comp="453" pin=2"/></net>

<net id="3170"><net_src comp="2268" pin="2"/><net_sink comp="3167" pin=0"/></net>

<net id="3171"><net_src comp="3167" pin="1"/><net_sink comp="2288" pin=2"/></net>

</net_list>

</model> 
---------------- Datapath Model END ------------------

* FSMD analyzer results:
  - Output states:
	Port: spillage_flag | {90 }
	Port: spillage_level | {90 }
	Port: spillage_from_neigh | {101 }
	Port: spillage_from_neigh_1 | {101 }
	Port: spillage_from_neigh_2 | {103 }
	Port: spillage_from_neigh_3 | {103 }
	Port: p_out | {109 }
 - Input state : 
	Port: do_compute_Pipeline_VITIS_LOOP_109_9_VITIS_LOOP_110_10 : empty | {1 }
	Port: do_compute_Pipeline_VITIS_LOOP_109_9_VITIS_LOOP_110_10 : p_ground | {26 27 28 29 30 31 }
	Port: do_compute_Pipeline_VITIS_LOOP_109_9_VITIS_LOOP_110_10 : water_level | {2 3 11 12 13 14 15 16 }
	Port: do_compute_Pipeline_VITIS_LOOP_109_9_VITIS_LOOP_110_10 : water_level_1 | {2 3 11 12 13 14 15 16 }
	Port: do_compute_Pipeline_VITIS_LOOP_109_9_VITIS_LOOP_110_10 : water_level_2 | {2 3 11 12 13 14 15 16 }
  - Chain level:
	State 1
		store_ln0 : 1
		store_ln72 : 1
		store_ln72 : 1
		indvar_flatten9_load : 1
		icmp_ln109 : 2
		add_ln109_1 : 2
		br_ln109 : 3
		new_col_load : 1
		new_row_2_load : 1
		add_ln109 : 2
		icmp_ln110 : 2
		select_ln52 : 3
		select_ln109 : 3
		p_shl2 : 4
		tmp_36 : 4
		zext_ln111_1 : 5
		sub_ln111 : 6
		zext_ln52 : 4
		mul_ln52 : 5
		tmp_52 : 6
		urem_ln52 : 4
		add_ln110 : 4
		store_ln109 : 3
		store_ln72 : 4
		store_ln72 : 5
	State 2
		add_ln111 : 1
		zext_ln111_3 : 2
		water_level_addr : 3
		water_level_1_addr : 3
		water_level_2_addr : 3
		water_level_load : 4
		water_level_1_load : 4
		water_level_2_load : 4
	State 3
	State 4
	State 5
	State 6
	State 7
	State 8
	State 9
	State 10
		new_row : 1
		trunc_ln134 : 2
		tmp_37 : 2
		tmp_49 : 3
		zext_ln134_2 : 3
		sub_ln134 : 4
	State 11
		p_shl : 1
		tmp_51 : 1
		zext_ln134_4 : 2
		sub_ln134_1 : 3
		trunc_ln52 : 1
		tmp_s : 2
		icmp_ln111 : 3
		br_ln111 : 4
		zext_ln134_5 : 1
		water_level_addr_1 : 2
		add_ln134_1 : 4
		water_level_1_addr_1 : 2
		water_level_2_addr_1 : 2
		water_level_load_1 : 3
		water_level_1_load_1 : 3
		water_level_2_load_1 : 3
		new_col_1 : 1
	State 12
		water_level_addr_2 : 1
		water_level_1_addr_2 : 1
		water_level_2_addr_2 : 1
		tmp_4 : 1
		water_level_load_2 : 2
		water_level_1_load_2 : 2
		water_level_2_load_2 : 2
		zext_ln72 : 1
		mul_ln72 : 2
		zext_ln72_1 : 1
		mul_ln72_1 : 2
		tmp_53 : 3
	State 13
		tmp_5 : 1
		udiv_ln1_cast : 1
		add_ln134_6 : 1
		zext_ln134_11 : 2
		water_level_addr_4 : 3
		water_level_1_addr_4 : 3
		water_level_2_addr_4 : 3
		water_level_load_4 : 4
		water_level_1_load_4 : 4
		water_level_2_load_4 : 4
	State 14
		tmp_11 : 1
	State 15
		water_level_addr_3 : 1
		water_level_1_addr_3 : 1
		water_level_2_addr_3 : 1
		water_level_load_3 : 2
		water_level_1_load_3 : 2
		water_level_2_load_3 : 2
	State 16
		tmp_6 : 1
	State 17
	State 18
	State 19
	State 20
	State 21
	State 22
	State 23
		mul_ln111_1 : 1
		mul_ln134 : 1
	State 24
	State 25
		mul_ln134_1 : 1
	State 26
		add_ln117 : 1
		zext_ln117_1 : 2
		p_ground_addr : 3
		spillage_flag_addr : 3
		spillage_level_addr : 3
		p_ground_load : 4
		add_ln134_2 : 1
		zext_ln134_7 : 2
		p_ground_addr_1 : 3
		add_ln134_3 : 1
		spillage_from_neigh_addr : 3
		p_ground_load_1 : 4
	State 27
		p_ground_addr_2 : 1
		spillage_from_neigh_1_addr : 1
		p_ground_load_2 : 2
	State 28
		current_height : 1
		add_ln134_7 : 1
		zext_ln134_13 : 2
		p_ground_addr_4 : 3
		spillage_from_neigh_3_addr : 3
		p_ground_load_4 : 4
	State 29
		neighbor_height : 1
	State 30
		neighbor_height_2 : 1
		add_ln134_5 : 1
		zext_ln134 : 2
		p_ground_addr_3 : 3
		spillage_from_neigh_2_addr : 3
		p_ground_load_3 : 4
	State 31
		neighbor_height_6 : 1
	State 32
	State 33
		neighbor_height_4 : 1
	State 34
	State 35
	State 36
		bitcast_ln139_1 : 1
		tmp_33 : 2
		trunc_ln139_1 : 2
		icmp_ln139_2 : 3
		icmp_ln139_3 : 3
		tmp_34 : 1
		height_diff : 1
	State 37
		tmp_32 : 1
		trunc_ln139 : 1
		icmp_ln139 : 2
		icmp_ln139_1 : 2
		or_ln139 : 3
		and_ln139 : 3
		and_ln139_1 : 3
		bitcast_ln139_2 : 1
		tmp_39 : 2
		trunc_ln139_2 : 2
		icmp_ln139_4 : 3
		icmp_ln139_5 : 3
		tmp_40 : 1
		height_diff_1 : 1
	State 38
		bitcast_ln139_4 : 1
		tmp_50 : 2
		trunc_ln139_4 : 2
		icmp_ln139_8 : 3
		icmp_ln139_9 : 3
		tmp_54 : 1
		height_diff_3 : 1
	State 39
	State 40
		bitcast_ln139_3 : 1
		tmp_44 : 2
		trunc_ln139_3 : 2
		icmp_ln139_6 : 3
		icmp_ln139_7 : 3
		tmp_45 : 1
		height_diff_2 : 1
	State 41
	State 42
	State 43
	State 44
		tmp_35 : 1
		trunc_ln142 : 1
		icmp_ln142 : 2
		icmp_ln142_1 : 2
		or_ln142 : 3
		and_ln142 : 3
		my_spillage_level : 3
		my_spillage_level_1 : 4
	State 45
	State 46
		tmp_41 : 1
		trunc_ln142_1 : 1
		tmp_42 : 1
		trunc_ln142_2 : 1
		icmp_ln142_2 : 2
		icmp_ln142_3 : 2
		or_ln142_1 : 3
		icmp_ln142_4 : 2
		icmp_ln142_5 : 2
		or_ln142_2 : 3
		and_ln142_1 : 3
		and_ln142_2 : 3
		my_spillage_level_2 : 3
		my_spillage_level_3 : 4
	State 47
	State 48
		tmp_46 : 1
		trunc_ln142_3 : 1
		tmp_47 : 1
		trunc_ln142_4 : 1
		icmp_ln142_6 : 2
		icmp_ln142_7 : 2
		or_ln142_3 : 3
		icmp_ln142_8 : 2
		icmp_ln142_9 : 2
		or_ln142_4 : 3
		and_ln142_3 : 3
		and_ln142_4 : 3
		my_spillage_level_4 : 3
		my_spillage_level_5 : 4
	State 49
		sum_diff_1 : 1
	State 50
		tmp_55 : 1
		trunc_ln142_5 : 1
		tmp_56 : 1
		trunc_ln142_6 : 1
		icmp_ln142_10 : 2
		icmp_ln142_11 : 2
		or_ln142_5 : 3
		icmp_ln142_12 : 2
		icmp_ln142_13 : 2
		or_ln142_6 : 3
		and_ln142_5 : 3
		and_ln142_6 : 3
		my_spillage_level_6 : 3
		my_spillage_level_7 : 4
	State 51
	State 52
		tmp_58 : 1
		trunc_ln145 : 1
		tmp_59 : 1
		trunc_ln145_1 : 1
		icmp_ln145 : 2
		icmp_ln145_1 : 2
		or_ln145 : 3
		icmp_ln145_2 : 2
		icmp_ln145_3 : 2
		or_ln145_1 : 3
		and_ln145 : 3
		and_ln145_1 : 3
		my_spillage_level_8 : 3
	State 53
	State 54
	State 55
	State 56
		sum_diff_3 : 1
	State 57
	State 58
	State 59
	State 60
	State 61
	State 62
	State 63
		sum_diff_5 : 1
	State 64
	State 65
	State 66
	State 67
	State 68
	State 69
	State 70
		sum_diff_7 : 1
	State 71
	State 72
		tmp_61 : 1
		trunc_ln148 : 1
		icmp_ln148 : 2
		icmp_ln148_1 : 2
		or_ln148 : 3
		and_ln148 : 3
		br_ln148 : 3
	State 73
	State 74
	State 75
	State 76
	State 77
	State 78
	State 79
	State 80
	State 81
	State 82
	State 83
	State 84
	State 85
	State 86
	State 87
	State 88
		tmp_63 : 1
		trunc_ln151 : 1
		icmp_ln151 : 2
		icmp_ln151_1 : 2
	State 89
		and_ln151 : 1
		br_ln151 : 1
		notlhs178 : 1
		notrhs179 : 1
	State 90
		tmp_67 : 1
		trunc_ln175 : 1
		icmp_ln175 : 2
		icmp_ln175_1 : 2
		or_ln175 : 3
		and_ln175 : 3
		and_ln175_1 : 3
		br_ln175 : 3
		tmp_70 : 1
		trunc_ln175_1 : 1
		icmp_ln175_2 : 2
		icmp_ln175_3 : 2
		or_ln175_1 : 3
		and_ln175_2 : 3
		and_ln175_3 : 3
		br_ln175 : 3
	State 91
		tmp_73 : 1
		trunc_ln175_2 : 1
		icmp_ln175_4 : 2
		icmp_ln175_5 : 2
		or_ln175_2 : 3
		and_ln175_4 : 3
		and_ln175_5 : 3
		br_ln175 : 3
		tmp_76 : 1
		trunc_ln175_3 : 1
		icmp_ln175_6 : 2
		icmp_ln175_7 : 2
		or_ln175_3 : 3
		and_ln175_6 : 3
		and_ln175_7 : 3
		br_ln175 : 3
	State 92
	State 93
	State 94
	State 95
	State 96
	State 97
	State 98
	State 99
	State 100
	State 101
	State 102
	State 103
	State 104
	State 105
	State 106
	State 107
	State 108
	State 109
		sext_ln169 : 1
		trunc_ln : 1
		add_ln168 : 2
		tmp_69 : 1
		trunc_ln168 : 1
		or_ln2 : 3
		write_ln168 : 1
	State 110
		trunc_ln168_1 : 1
		add_ln168_1 : 2
		tmp_72 : 1
		trunc_ln168_4 : 1
		or_ln168_1 : 3
		empty_75 : 4
		sext_ln169_2 : 1
		trunc_ln168_2 : 5
		add_ln168_2 : 6
	State 111
		or_ln168_2 : 1
		empty_74 : 2
		store_ln168 : 3
		store_ln168 : 3
		trunc_ln168_3 : 3
		add_ln168_3 : 4
		tmp_78 : 3
		trunc_ln168_6 : 3
		or_ln168_3 : 5
		store_ln168 : 6


============================================================
+ Verbose Summary: Datapath Resource usage 
============================================================

* Functional unit list:
|----------|-----------------------------------|---------|---------|---------|
| Operation|          Functional Unit          |   DSP   |    FF   |   LUT   |
|----------|-----------------------------------|---------|---------|---------|
|          |             grp_fu_498            |    2    |   318   |   198   |
|          |             grp_fu_502            |    2    |   318   |   198   |
|   fadd   |             grp_fu_506            |    2    |   318   |   198   |
|          |             grp_fu_510            |    2    |   318   |   198   |
|          |             grp_fu_514            |    2    |   318   |   198   |
|          |             grp_fu_519            |    2    |   318   |   198   |
|----------|-----------------------------------|---------|---------|---------|
|          |         icmp_ln109_fu_627         |    0    |    0    |    20   |
|          |         icmp_ln110_fu_651         |    0    |    0    |    14   |
|          |         icmp_ln111_fu_852         |    0    |    0    |    39   |
|          |          empty_72_fu_1042         |    0    |    0    |    15   |
|          |          empty_73_fu_1056         |    0    |    0    |    14   |
|          |        icmp_ln139_2_fu_1179       |    0    |    0    |    15   |
|          |        icmp_ln139_3_fu_1185       |    0    |    0    |    30   |
|          |         icmp_ln139_fu_1208        |    0    |    0    |    15   |
|          |        icmp_ln139_1_fu_1214       |    0    |    0    |    30   |
|          |        icmp_ln139_4_fu_1267       |    0    |    0    |    15   |
|          |        icmp_ln139_5_fu_1273       |    0    |    0    |    30   |
|          |        icmp_ln128_1_fu_1279       |    0    |    0    |    14   |
|          |        icmp_ln139_8_fu_1324       |    0    |    0    |    15   |
|          |        icmp_ln139_9_fu_1330       |    0    |    0    |    30   |
|          |         icmp_ln128_fu_1336        |    0    |    0    |    15   |
|          |        icmp_ln139_6_fu_1381       |    0    |    0    |    15   |
|          |        icmp_ln139_7_fu_1387       |    0    |    0    |    30   |
|          |         icmp_ln142_fu_1425        |    0    |    0    |    15   |
|          |        icmp_ln142_1_fu_1431       |    0    |    0    |    30   |
|          |        icmp_ln142_2_fu_1497       |    0    |    0    |    15   |
|          |        icmp_ln142_3_fu_1503       |    0    |    0    |    30   |
|          |        icmp_ln142_4_fu_1515       |    0    |    0    |    15   |
|          |        icmp_ln142_5_fu_1521       |    0    |    0    |    30   |
|          |        icmp_ln142_6_fu_1591       |    0    |    0    |    15   |
|   icmp   |        icmp_ln142_7_fu_1597       |    0    |    0    |    30   |
|          |        icmp_ln142_8_fu_1609       |    0    |    0    |    15   |
|          |        icmp_ln142_9_fu_1615       |    0    |    0    |    30   |
|          |       icmp_ln142_10_fu_1692       |    0    |    0    |    15   |
|          |       icmp_ln142_11_fu_1698       |    0    |    0    |    30   |
|          |       icmp_ln142_12_fu_1710       |    0    |    0    |    15   |
|          |       icmp_ln142_13_fu_1716       |    0    |    0    |    30   |
|          |         icmp_ln145_fu_1786        |    0    |    0    |    15   |
|          |        icmp_ln145_1_fu_1792       |    0    |    0    |    30   |
|          |        icmp_ln145_2_fu_1804       |    0    |    0    |    15   |
|          |        icmp_ln145_3_fu_1810       |    0    |    0    |    30   |
|          |         icmp_ln148_fu_1875        |    0    |    0    |    15   |
|          |        icmp_ln148_1_fu_1881       |    0    |    0    |    30   |
|          |         icmp_ln151_fu_1916        |    0    |    0    |    18   |
|          |        icmp_ln151_1_fu_1922       |    0    |    0    |    59   |
|          |         notlhs178_fu_1950         |    0    |    0    |    15   |
|          |         notrhs179_fu_1956         |    0    |    0    |    30   |
|          |         icmp_ln175_fu_1979        |    0    |    0    |    15   |
|          |        icmp_ln175_1_fu_1985       |    0    |    0    |    30   |
|          |        icmp_ln175_2_fu_2025       |    0    |    0    |    15   |
|          |        icmp_ln175_3_fu_2031       |    0    |    0    |    30   |
|          |        icmp_ln175_4_fu_2071       |    0    |    0    |    15   |
|          |        icmp_ln175_5_fu_2077       |    0    |    0    |    30   |
|          |        icmp_ln175_6_fu_2117       |    0    |    0    |    15   |
|          |        icmp_ln175_7_fu_2123       |    0    |    0    |    30   |
|----------|-----------------------------------|---------|---------|---------|
|   call   | grp_p_hls_fptosi_float_i32_fu_488 |    0    |    33   |   326   |
|          | grp_p_hls_fptosi_float_i32_fu_493 |    0    |    33   |   326   |
|----------|-----------------------------------|---------|---------|---------|
|          |             grp_fu_523            |    3    |   143   |    78   |
|   fmul   |             grp_fu_527            |    3    |   143   |    78   |
|          |             grp_fu_531            |    3    |   143   |    78   |
|----------|-----------------------------------|---------|---------|---------|
|          |         add_ln109_1_fu_633        |    0    |    0    |    20   |
|          |          add_ln109_fu_645         |    0    |    0    |    14   |
|          |          add_ln110_fu_725         |    0    |    0    |    14   |
|          |          add_ln111_fu_749         |    0    |    0    |    19   |
|          |           new_row_fu_764          |    0    |    0    |    14   |
|          |          new_row_1_fu_800         |    0    |    0    |    14   |
|          |          add_ln134_fu_861         |    0    |    0    |    19   |
|          |         add_ln134_1_fu_872        |    0    |    0    |    19   |
|          |          new_col_1_fu_877         |    0    |    0    |    14   |
|          |          new_col_2_fu_916         |    0    |    0    |    14   |
|    add   |         add_ln134_6_fu_973        |    0    |    0    |    19   |
|          |         add_ln134_4_fu_985        |    0    |    0    |    19   |
|          |         add_ln117_fu_1073         |    0    |    0    |    20   |
|          |        add_ln134_2_fu_1085        |    0    |    0    |    20   |
|          |        add_ln134_3_fu_1096        |    0    |    0    |    20   |
|          |        add_ln134_7_fu_1113        |    0    |    0    |    20   |
|          |        add_ln134_5_fu_1135        |    0    |    0    |    20   |
|          |         add_ln168_fu_2179         |    0    |    0    |    71   |
|          |        add_ln168_1_fu_2223        |    0    |    0    |    71   |
|          |        add_ln168_2_fu_2268        |    0    |    0    |    71   |
|          |        add_ln168_3_fu_2322        |    0    |    0    |    71   |
|----------|-----------------------------------|---------|---------|---------|
|          |         select_ln52_fu_657        |    0    |    0    |    7    |
|          |        select_ln109_fu_665        |    0    |    0    |    7    |
|          |     neighbor_height_1_fu_1154     |    0    |    0    |    32   |
|          |     neighbor_height_3_fu_1242     |    0    |    0    |    32   |
|          |     neighbor_height_7_fu_1299     |    0    |    0    |    32   |
|          |     neighbor_height_5_fu_1356     |    0    |    0    |    32   |
|          |     my_spillage_level_fu_1449     |    0    |    0    |    32   |
|          |    my_spillage_level_1_fu_1456    |    0    |    0    |    32   |
|          |    my_spillage_level_2_fu_1545    |    0    |    0    |    32   |
|  select  |    my_spillage_level_3_fu_1551    |    0    |    0    |    32   |
|          |    my_spillage_level_4_fu_1639    |    0    |    0    |    32   |
|          |    my_spillage_level_5_fu_1645    |    0    |    0    |    32   |
|          |         sum_diff_1_fu_1651        |    0    |    0    |    32   |
|          |    my_spillage_level_6_fu_1740    |    0    |    0    |    32   |
|          |    my_spillage_level_7_fu_1746    |    0    |    0    |    32   |
|          |    my_spillage_level_8_fu_1834    |    0    |    0    |    32   |
|          |         sum_diff_3_fu_1840        |    0    |    0    |    32   |
|          |         sum_diff_5_fu_1846        |    0    |    0    |    32   |
|          |         sum_diff_7_fu_1852        |    0    |    0    |    32   |
|----------|-----------------------------------|---------|---------|---------|
|          |             grp_fu_582            |    4    |   173   |    53   |
|          |          mul_ln52_fu_703          |    0    |    0    |    49   |
|    mul   |         mul_ln72_1_fu_925         |    0    |    0    |    49   |
|          |        mul_ln111_1_fu_1036        |    0    |    0    |    40   |
|          |         mul_ln134_fu_1050         |    0    |    0    |    40   |
|          |        mul_ln134_1_fu_1064        |    0    |    0    |    40   |
|----------|-----------------------------------|---------|---------|---------|
|   urem   |             grp_fu_719            |    0    |   158   |    87   |
|----------|-----------------------------------|---------|---------|---------|
|          |         and_ln139_fu_1230         |    0    |    0    |    2    |
|          |        and_ln139_1_fu_1236        |    0    |    0    |    2    |
|          |        and_ln139_2_fu_1288        |    0    |    0    |    2    |
|          |        and_ln139_3_fu_1293        |    0    |    0    |    2    |
|          |        and_ln139_6_fu_1345        |    0    |    0    |    2    |
|          |        and_ln139_7_fu_1350        |    0    |    0    |    2    |
|          |        and_ln139_4_fu_1397        |    0    |    0    |    2    |
|          |        and_ln139_5_fu_1402        |    0    |    0    |    2    |
|          |         and_ln142_fu_1443         |    0    |    0    |    2    |
|          |        and_ln142_1_fu_1533        |    0    |    0    |    2    |
|          |        and_ln142_2_fu_1539        |    0    |    0    |    2    |
|          |        and_ln142_3_fu_1627        |    0    |    0    |    2    |
|          |        and_ln142_4_fu_1633        |    0    |    0    |    2    |
|          |        and_ln142_5_fu_1728        |    0    |    0    |    2    |
|    and   |        and_ln142_6_fu_1734        |    0    |    0    |    2    |
|          |         and_ln145_fu_1822         |    0    |    0    |    2    |
|          |        and_ln145_1_fu_1828        |    0    |    0    |    2    |
|          |         and_ln148_fu_1893         |    0    |    0    |    2    |
|          |         and_ln151_fu_1932         |    0    |    0    |    2    |
|          |         and_ln175_fu_1997         |    0    |    0    |    2    |
|          |        and_ln175_1_fu_2002        |    0    |    0    |    2    |
|          |        and_ln175_2_fu_2043        |    0    |    0    |    2    |
|          |        and_ln175_3_fu_2048        |    0    |    0    |    2    |
|          |        and_ln175_4_fu_2089        |    0    |    0    |    2    |
|          |        and_ln175_5_fu_2094        |    0    |    0    |    2    |
|          |        and_ln175_6_fu_2135        |    0    |    0    |    2    |
|          |        and_ln175_7_fu_2140        |    0    |    0    |    2    |
|          |          empty_79_fu_2150         |    0    |    0    |    2    |
|          |          empty_80_fu_2155         |    0    |    0    |    2    |
|----------|-----------------------------------|---------|---------|---------|
|          |          sub_ln111_fu_693         |    0    |    0    |    19   |
|    sub   |          sub_ln134_fu_794         |    0    |    0    |    19   |
|          |         sub_ln134_1_fu_825        |    0    |    0    |    19   |
|----------|-----------------------------------|---------|---------|---------|
|          |            tmp_s_fu_835           |    0    |    0    |    9    |
|          |            tmp_4_fu_889           |    0    |    0    |    9    |
| sparsemux|            tmp_5_fu_941           |    0    |    0    |    9    |
|          |           tmp_11_fu_989           |    0    |    0    |    9    |
|          |           tmp_6_fu_1014           |    0    |    0    |    9    |
|----------|-----------------------------------|---------|---------|---------|
|          |          or_ln139_fu_1220         |    0    |    0    |    2    |
|          |         or_ln139_1_fu_1226        |    0    |    0    |    2    |
|          |         or_ln139_2_fu_1284        |    0    |    0    |    2    |
|          |         or_ln139_4_fu_1341        |    0    |    0    |    2    |
|          |         or_ln139_3_fu_1393        |    0    |    0    |    2    |
|          |          or_ln142_fu_1437         |    0    |    0    |    2    |
|          |         or_ln142_1_fu_1509        |    0    |    0    |    2    |
|          |         or_ln142_2_fu_1527        |    0    |    0    |    2    |
|          |         or_ln142_3_fu_1603        |    0    |    0    |    2    |
|          |         or_ln142_4_fu_1621        |    0    |    0    |    2    |
|    or    |         or_ln142_5_fu_1704        |    0    |    0    |    2    |
|          |         or_ln142_6_fu_1722        |    0    |    0    |    2    |
|          |          or_ln145_fu_1798         |    0    |    0    |    2    |
|          |         or_ln145_1_fu_1816        |    0    |    0    |    2    |
|          |          or_ln148_fu_1887         |    0    |    0    |    2    |
|          |          or_ln151_fu_1928         |    0    |    0    |    2    |
|          |          or_ln175_fu_1991         |    0    |    0    |    2    |
|          |         or_ln175_1_fu_2037        |    0    |    0    |    2    |
|          |         or_ln175_2_fu_2083        |    0    |    0    |    2    |
|          |         or_ln175_3_fu_2129        |    0    |    0    |    2    |
|          |          empty_78_fu_2146         |    0    |    0    |    2    |
|----------|-----------------------------------|---------|---------|---------|
|   read   |          tmp_read_fu_168          |    0    |    0    |    0    |
|----------|-----------------------------------|---------|---------|---------|
|   write  |      write_ln168_write_fu_174     |    0    |    0    |    0    |
|----------|-----------------------------------|---------|---------|---------|
|   fdiv   |             grp_fu_537            |    0    |    0    |    0    |
|          |             grp_fu_542            |    0    |    0    |    0    |
|----------|-----------------------------------|---------|---------|---------|
|  sitofp  |             grp_fu_547            |    0    |    0    |    0    |
|          |             grp_fu_550            |    0    |    0    |    0    |
|----------|-----------------------------------|---------|---------|---------|
|   fpext  |             grp_fu_553            |    0    |    0    |    0    |
|----------|-----------------------------------|---------|---------|---------|
|          |             grp_fu_556            |    0    |    0    |    0    |
|          |             grp_fu_560            |    0    |    0    |    0    |
|   fcmp   |             grp_fu_564            |    0    |    0    |    0    |
|          |             grp_fu_569            |    0    |    0    |    0    |
|          |             grp_fu_573            |    0    |    0    |    0    |
|----------|-----------------------------------|---------|---------|---------|
|   dcmp   |             grp_fu_577            |    0    |    0    |    0    |
|----------|-----------------------------------|---------|---------|---------|
|          |           p_shl2_fu_673           |    0    |    0    |    0    |
|          |           tmp_36_fu_681           |    0    |    0    |    0    |
|          |           tmp_37_fu_774           |    0    |    0    |    0    |
|          |           tmp_49_fu_782           |    0    |    0    |    0    |
|bitconcatenate|            p_shl_fu_805           |    0    |    0    |    0    |
|          |           tmp_51_fu_813           |    0    |    0    |    0    |
|          |           or_ln2_fu_2199          |    0    |    0    |    0    |
|          |         or_ln168_1_fu_2243        |    0    |    0    |    0    |
|          |         or_ln168_2_fu_2288        |    0    |    0    |    0    |
|          |         or_ln168_3_fu_2342        |    0    |    0    |    0    |
|----------|-----------------------------------|---------|---------|---------|
|          |        zext_ln111_1_fu_689        |    0    |    0    |    0    |
|          |          zext_ln52_fu_699         |    0    |    0    |    0    |
|          |        zext_ln111_2_fu_746        |    0    |    0    |    0    |
|          |        zext_ln111_3_fu_754        |    0    |    0    |    0    |
|          |       row_pos_4_cast_fu_761       |    0    |    0    |    0    |
|          |        zext_ln134_2_fu_790        |    0    |    0    |    0    |
|          |        zext_ln134_4_fu_821        |    0    |    0    |    0    |
|          |         zext_ln122_fu_858         |    0    |    0    |    0    |
|          |        zext_ln134_5_fu_865        |    0    |    0    |    0    |
|          |        zext_ln134_6_fu_883        |    0    |    0    |    0    |
|          |          zext_ln72_fu_911         |    0    |    0    |    0    |
|          |         zext_ln72_1_fu_921        |    0    |    0    |    0    |
|   zext   |        zext_ln134_10_fu_970       |    0    |    0    |    0    |
|          |        zext_ln134_11_fu_978       |    0    |    0    |    0    |
|          |        zext_ln134_9_fu_1008       |    0    |    0    |    0    |
|          |         zext_ln111_fu_1033        |    0    |    0    |    0    |
|          |        zext_ln134_1_fu_1047       |    0    |    0    |    0    |
|          |        zext_ln134_3_fu_1061       |    0    |    0    |    0    |
|          |         zext_ln117_fu_1070        |    0    |    0    |    0    |
|          |        zext_ln117_1_fu_1078       |    0    |    0    |    0    |
|          |        zext_ln134_7_fu_1090       |    0    |    0    |    0    |
|          |        zext_ln134_8_fu_1101       |    0    |    0    |    0    |
|          |       zext_ln134_12_fu_1110       |    0    |    0    |    0    |
|          |       zext_ln134_13_fu_1118       |    0    |    0    |    0    |
|          |         zext_ln134_fu_1140        |    0    |    0    |    0    |
|----------|-----------------------------------|---------|---------|---------|
|          |           tmp_52_fu_709           |    0    |    0    |    0    |
|          |           tmp_53_fu_931           |    0    |    0    |    0    |
|          |        udiv_ln1_cast_fu_960       |    0    |    0    |    0    |
|          |           tmp_33_fu_1165          |    0    |    0    |    0    |
|          |           tmp_32_fu_1194          |    0    |    0    |    0    |
|          |           tmp_39_fu_1253          |    0    |    0    |    0    |
|          |           tmp_50_fu_1310          |    0    |    0    |    0    |
|          |           tmp_44_fu_1367          |    0    |    0    |    0    |
|          |           tmp_35_fu_1411          |    0    |    0    |    0    |
|          |           tmp_41_fu_1466          |    0    |    0    |    0    |
|          |           tmp_42_fu_1483          |    0    |    0    |    0    |
|          |           tmp_46_fu_1560          |    0    |    0    |    0    |
|          |           tmp_47_fu_1577          |    0    |    0    |    0    |
|          |           tmp_55_fu_1661          |    0    |    0    |    0    |
|          |           tmp_56_fu_1678          |    0    |    0    |    0    |
|partselect|           tmp_58_fu_1755          |    0    |    0    |    0    |
|          |           tmp_59_fu_1772          |    0    |    0    |    0    |
|          |           tmp_61_fu_1861          |    0    |    0    |    0    |
|          |           tmp_63_fu_1902          |    0    |    0    |    0    |
|          |           tmp_65_fu_1938          |    0    |    0    |    0    |
|          |           tmp_67_fu_1965          |    0    |    0    |    0    |
|          |           tmp_70_fu_2011          |    0    |    0    |    0    |
|          |           tmp_73_fu_2057          |    0    |    0    |    0    |
|          |           tmp_76_fu_2103          |    0    |    0    |    0    |
|          |          trunc_ln_fu_2169         |    0    |    0    |    0    |
|          |           tmp_69_fu_2185          |    0    |    0    |    0    |
|          |       trunc_ln168_1_fu_2213       |    0    |    0    |    0    |
|          |           tmp_72_fu_2229          |    0    |    0    |    0    |
|          |       trunc_ln168_2_fu_2258       |    0    |    0    |    0    |
|          |           tmp_75_fu_2274          |    0    |    0    |    0    |
|          |       trunc_ln168_3_fu_2312       |    0    |    0    |    0    |
|          |           tmp_78_fu_2328          |    0    |    0    |    0    |
|----------|-----------------------------------|---------|---------|---------|
|          |         trunc_ln134_fu_770        |    0    |    0    |    0    |
|          |         trunc_ln52_fu_831         |    0    |    0    |    0    |
|          |       trunc_ln139_1_fu_1175       |    0    |    0    |    0    |
|          |        trunc_ln139_fu_1204        |    0    |    0    |    0    |
|          |       trunc_ln139_2_fu_1263       |    0    |    0    |    0    |
|          |       trunc_ln139_4_fu_1320       |    0    |    0    |    0    |
|          |       trunc_ln139_3_fu_1377       |    0    |    0    |    0    |
|          |        trunc_ln142_fu_1421        |    0    |    0    |    0    |
|          |       trunc_ln142_1_fu_1476       |    0    |    0    |    0    |
|          |       trunc_ln142_2_fu_1493       |    0    |    0    |    0    |
|          |       trunc_ln142_3_fu_1570       |    0    |    0    |    0    |
|          |       trunc_ln142_4_fu_1587       |    0    |    0    |    0    |
|          |       trunc_ln142_5_fu_1671       |    0    |    0    |    0    |
|   trunc  |       trunc_ln142_6_fu_1688       |    0    |    0    |    0    |
|          |        trunc_ln145_fu_1765        |    0    |    0    |    0    |
|          |       trunc_ln145_1_fu_1782       |    0    |    0    |    0    |
|          |        trunc_ln148_fu_1871        |    0    |    0    |    0    |
|          |        trunc_ln151_fu_1912        |    0    |    0    |    0    |
|          |          empty_77_fu_1947         |    0    |    0    |    0    |
|          |        trunc_ln175_fu_1975        |    0    |    0    |    0    |
|          |       trunc_ln175_1_fu_2021       |    0    |    0    |    0    |
|          |       trunc_ln175_2_fu_2067       |    0    |    0    |    0    |
|          |       trunc_ln175_3_fu_2113       |    0    |    0    |    0    |
|          |        trunc_ln168_fu_2195        |    0    |    0    |    0    |
|          |       trunc_ln168_4_fu_2239       |    0    |    0    |    0    |
|          |       trunc_ln168_5_fu_2284       |    0    |    0    |    0    |
|          |       trunc_ln168_6_fu_2338       |    0    |    0    |    0    |
|----------|-----------------------------------|---------|---------|---------|
|          |          sext_ln72_fu_908         |    0    |    0    |    0    |
|          |         sext_ln134_fu_1132        |    0    |    0    |    0    |
|   sext   |         sext_ln169_fu_2165        |    0    |    0    |    0    |
|          |        sext_ln169_1_fu_2209       |    0    |    0    |    0    |
|          |        sext_ln169_2_fu_2254       |    0    |    0    |    0    |
|          |        sext_ln169_3_fu_2308       |    0    |    0    |    0    |
|----------|-----------------------------------|---------|---------|---------|
|   Total  |                                   |    25   |   2734  |   4883  |
|----------|-----------------------------------|---------|---------|---------|

Memories:
N/A

* Register list:
+-----------------------------------+--------+
|                                   |   FF   |
+-----------------------------------+--------+
|        add_ln134_1_reg_2493       |   12   |
|        add_ln134_3_reg_2678       |   13   |
|        add_ln134_4_reg_2576       |   12   |
|        add_ln168_2_reg_3167       |   64   |
|        and_ln139_1_reg_2862       |    1   |
|        and_ln139_3_reg_2897       |    1   |
|        and_ln139_5_reg_2954       |    1   |
|        and_ln139_7_reg_2932       |    1   |
|         and_ln148_reg_3054        |    1   |
|         and_ln151_reg_3082        |    1   |
|        and_ln175_1_reg_3096       |    1   |
|        and_ln175_3_reg_3100       |    1   |
|        and_ln175_5_reg_3104       |    1   |
|        and_ln175_7_reg_3108       |    1   |
|      bitcast_ln134_1_reg_2764     |   32   |
|      bitcast_ln134_2_reg_2799     |   32   |
|      bitcast_ln134_3_reg_2789     |   32   |
|       bitcast_ln134_reg_2749      |   32   |
|         conv300_1_reg_2616        |   32   |
|         conv300_2_reg_2626        |   32   |
|         conv300_3_reg_2621        |   32   |
|           conv3_reg_2586          |   32   |
|           conv4_reg_2606          |   32   |
|           conv6_reg_3066          |   64   |
|      current_height_reg_2804      |   32   |
|         div301_1_reg_2754         |   32   |
|         div301_2_reg_2794         |   32   |
|         div301_3_reg_2779         |   32   |
|           div4_reg_2729           |   32   |
|           div7_reg_3151           |   32   |
|           div9_reg_2695           |   32   |
|         empty_71_reg_2378         |   416  |
|         empty_72_reg_2638         |    1   |
|         empty_73_reg_2648         |    1   |
|          empty_74_reg_475         |   416  |
|          empty_75_reg_461         |   416  |
|          empty_76_reg_450         |   416  |
|         empty_80_reg_3112         |    1   |
|       height_diff_1_reg_2968      |   32   |
|       height_diff_2_reg_3000      |   32   |
|       height_diff_3_reg_2984      |   32   |
|        height_diff_reg_2960       |   32   |
|        icmp_ln109_reg_2387        |    1   |
|        icmp_ln111_reg_2484        |    1   |
|       icmp_ln128_1_reg_2884       |    1   |
|        icmp_ln128_reg_2919        |    1   |
|       icmp_ln139_2_reg_2832       |    1   |
|       icmp_ln139_3_reg_2837       |    1   |
|       icmp_ln139_4_reg_2874       |    1   |
|       icmp_ln139_5_reg_2879       |    1   |
|       icmp_ln139_6_reg_2944       |    1   |
|       icmp_ln139_7_reg_2949       |    1   |
|       icmp_ln139_8_reg_2909       |    1   |
|       icmp_ln139_9_reg_2914       |    1   |
|       icmp_ln151_1_reg_3077       |    1   |
|        icmp_ln151_reg_3072        |    1   |
|      indvar_flatten9_reg_2371     |   13   |
|         mul401_3_reg_3146         |   32   |
|           mul7_reg_3141           |   32   |
|        mul_ln111_1_reg_2631       |   13   |
|        mul_ln134_1_reg_2653       |   13   |
|         mul_ln134_reg_2643        |   13   |
|    my_spillage_level_1_reg_2976   |   32   |
|    my_spillage_level_3_reg_2992   |   32   |
|    my_spillage_level_5_reg_3008   |   32   |
|    my_spillage_level_7_reg_3022   |   32   |
|    my_spillage_level_8_reg_3029   |   32   |
|     neighbor_height_1_reg_2826    |   32   |
|     neighbor_height_2_reg_2842    |   32   |
|     neighbor_height_3_reg_2868    |   32   |
|     neighbor_height_4_reg_2924    |   32   |
|     neighbor_height_5_reg_2938    |   32   |
|     neighbor_height_6_reg_2889    |   32   |
|     neighbor_height_7_reg_2903    |   32   |
|     neighbor_height_8_reg_2718    |   32   |
|      neighbor_height_reg_2818     |   32   |
|         new_col_1_reg_2508        |    8   |
|         new_col_2_reg_2540        |    7   |
|          new_col_reg_2357         |    7   |
|         new_row_1_reg_2465        |    7   |
|         new_row_2_reg_2364        |    7   |
|          new_row_reg_2454         |    8   |
|         notlhs178_reg_3086        |    1   |
|         notrhs179_reg_3091        |    1   |
|         or_ln139_reg_2850         |    1   |
|          or_ln2_reg_3162          |   416  |
|      p_ground_addr_1_reg_2673     |   13   |
|      p_ground_addr_2_reg_2703     |   13   |
|      p_ground_addr_3_reg_2769     |   13   |
|      p_ground_addr_4_reg_2739     |   13   |
|       p_ground_addr_reg_2658      |   13   |
|      p_ground_load_1_reg_2713     |   32   |
|      p_ground_load_2_reg_2734     |   32   |
|      p_ground_load_3_reg_2784     |   32   |
|      p_ground_load_4_reg_2759     |   32   |
|       p_ground_load_reg_2688      |   32   |
|          p_load_reg_3156          |   416  |
|        proportion_reg_3058        |   32   |
|              reg_587              |   32   |
|              reg_594              |   32   |
|              reg_600              |   32   |
|       select_ln109_reg_2399       |    7   |
|        select_ln52_reg_2391       |    7   |
|    spillage_flag_addr_reg_2663    |   13   |
|spillage_from_neigh_1_addr_reg_2708|   13   |
|spillage_from_neigh_2_addr_reg_2774|   13   |
|spillage_from_neigh_3_addr_reg_2744|   13   |
| spillage_from_neigh_addr_reg_2683 |   13   |
|    spillage_level_addr_reg_2668   |   13   |
|         sub400_1_reg_3126         |   32   |
|         sub400_2_reg_3131         |   32   |
|         sub400_3_reg_3136         |   32   |
|           sub6_reg_3116           |   32   |
|           sub7_reg_3121           |   32   |
|         sub_ln111_reg_2406        |   12   |
|         sub_ln134_reg_2460        |   12   |
|        sum_diff_1_reg_3016        |   32   |
|        sum_diff_3_reg_3035        |   32   |
|        sum_diff_5_reg_3041        |   32   |
|        sum_diff_7_reg_3047        |   32   |
|          tmp_11_reg_2581          |   32   |
|           tmp_4_reg_2530          |   32   |
|          tmp_52_reg_2413          |    6   |
|          tmp_53_reg_2546          |    6   |
|           tmp_5_reg_2551          |   32   |
|           tmp_6_reg_2611          |   32   |
|           tmp_s_reg_2479          |   32   |
|        trunc_ln52_reg_2471        |    2   |
|       udiv_ln1_cast_reg_2556      |   12   |
|   water_level_1_addr_1_reg_2498   |   12   |
|   water_level_1_addr_2_reg_2520   |   12   |
|   water_level_1_addr_3_reg_2596   |   12   |
|   water_level_1_addr_4_reg_2566   |   12   |
|    water_level_1_addr_reg_2429    |   12   |
|    water_level_1_load_reg_2444    |   32   |
|   water_level_2_addr_1_reg_2503   |   12   |
|   water_level_2_addr_2_reg_2525   |   12   |
|   water_level_2_addr_3_reg_2601   |   12   |
|   water_level_2_addr_4_reg_2571   |   12   |
|    water_level_2_addr_reg_2434    |   12   |
|    water_level_2_load_reg_2449    |   32   |
|    water_level_addr_1_reg_2488    |   12   |
|    water_level_addr_2_reg_2515    |   12   |
|    water_level_addr_3_reg_2591    |   12   |
|    water_level_addr_4_reg_2561    |   12   |
|     water_level_addr_reg_2424     |   12   |
|     water_level_load_reg_2439     |   32   |
|       zext_ln111_2_reg_2418       |   12   |
|         zext_ln72_reg_2535        |   65   |
+-----------------------------------+--------+
|               Total               |  5235  |
+-----------------------------------+--------+

* Multiplexer (MUX) list: 
|-------------------|------|------|------|--------||---------||---------||---------|
|        Comp       |  Pin | Size |  BW  | S x BW ||  Delay  ||    FF   ||   LUT   |
|-------------------|------|------|------|--------||---------||---------||---------|
| grp_access_fu_202 |  p0  |   6  |  12  |   72   ||    0    ||    31   |
| grp_access_fu_202 |  p2  |   4  |   0  |    0   ||    0    ||    20   |
| grp_access_fu_212 |  p0  |   6  |  12  |   72   ||    0    ||    31   |
| grp_access_fu_212 |  p2  |   4  |   0  |    0   ||    0    ||    20   |
| grp_access_fu_222 |  p0  |   6  |  12  |   72   ||    0    ||    31   |
| grp_access_fu_222 |  p2  |   4  |   0  |    0   ||    0    ||    20   |
| grp_access_fu_349 |  p0  |   6  |  13  |   78   ||    0    ||    31   |
| grp_access_fu_349 |  p2  |   4  |   0  |    0   ||    0    ||    20   |
|     grp_fu_498    |  p0  |   6  |  32  |   192  ||    0    ||    31   |
|     grp_fu_498    |  p1  |   3  |  32  |   96   ||    0    ||    14   |
|     grp_fu_502    |  p0  |   5  |  32  |   160  ||    0    ||    26   |
|     grp_fu_502    |  p1  |   4  |  32  |   128  ||    0    ||    20   |
|     grp_fu_506    |  p0  |   2  |  32  |   64   ||    0    ||    9    |
|     grp_fu_506    |  p1  |   5  |  32  |   160  ||    0    ||    26   |
|     grp_fu_510    |  p0  |   2  |  32  |   64   ||    0    ||    9    |
|     grp_fu_510    |  p1  |   4  |  32  |   128  ||    0    ||    20   |
|     grp_fu_514    |  p0  |   2  |  32  |   64   ||    0    ||    9    |
|     grp_fu_514    |  p1  |   3  |  32  |   96   ||    0    ||    14   |
|     grp_fu_519    |  p0  |   2  |  32  |   64   ||    0    ||    9    |
|     grp_fu_519    |  p1  |   3  |  32  |   96   ||    0    ||    14   |
|     grp_fu_523    |  p0  |   2  |  32  |   64   ||    0    ||    9    |
|     grp_fu_523    |  p1  |   3  |  32  |   96   ||    0    ||    14   |
|     grp_fu_527    |  p1  |   2  |  32  |   64   ||    0    ||    9    |
|     grp_fu_531    |  p0  |   2  |  32  |   64   ||    0    ||    9    |
|     grp_fu_531    |  p1  |   2  |  32  |   64   ||    0    ||    9    |
|     grp_fu_537    |  p0  |   3  |  32  |   96   ||    0    ||    14   |
|     grp_fu_542    |  p0  |   3  |  32  |   96   ||    0    ||    14   |
|     grp_fu_542    |  p1  |   2  |  32  |   64   ||    0    ||    9    |
|     grp_fu_547    |  p0  |   3  |  32  |   96   ||    0    ||    14   |
|     grp_fu_550    |  p0  |   2  |  32  |   64   ||    0    ||    9    |
|     grp_fu_556    |  p1  |   6  |  32  |   192  ||    0    ||    31   |
|     grp_fu_560    |  p0  |   3  |  32  |   96   ||    0    ||    14   |
|     grp_fu_560    |  p1  |   4  |  32  |   128  ||    0    ||    20   |
|     grp_fu_564    |  p0  |   3  |  32  |   96   ||    0    ||    14   |
|     grp_fu_564    |  p1  |   2  |  32  |   64   ||    0    ||    9    |
|     grp_fu_569    |  p0  |   2  |  32  |   64   ||    0    ||    9    |
|     grp_fu_569    |  p1  |   3  |  32  |   96   ||    0    ||    14   |
|     grp_fu_573    |  p1  |   3  |  32  |   96   ||    0    ||    14   |
|     grp_fu_582    |  p0  |   2  |  32  |   64   ||    0    ||    9    |
|     grp_fu_719    |  p0  |   2  |   7  |   14   ||    0    ||    9    |
|-------------------|------|------|------|--------||---------||---------||---------|
|       Total       |      |      |      |  3284  || 17.2871 ||    0    ||   658   |
|-------------------|------|------|------|--------||---------||---------||---------|



* Summary:
+-----------+--------+--------+--------+--------+
|           |   DSP  |  Delay |   FF   |   LUT  |
+-----------+--------+--------+--------+--------+
|  Function |   25   |    -   |  2734  |  4883  |
|   Memory  |    -   |    -   |    -   |    -   |
|Multiplexer|    -   |   17   |    0   |   658  |
|  Register |    -   |    -   |  5235  |    -   |
+-----------+--------+--------+--------+--------+
|   Total   |   25   |   17   |  7969  |  5541  |
+-----------+--------+--------+--------+--------+
