

================================================================
== Vitis HLS Report for 'do_compute'
================================================================
* Date:           Sun May 17 18:41:40 2026

* Version:        2024.1 (Build 5069499 on May 21 2024)
* Project:        .small_dam_base_enabled
* Solution:       solution_FLOOD_HLS_base (Vivado IP Flow Target)
* Product family: virtexuplusHBM
* Target device:  xcu50-fsvh2104-2-e


================================================================
== Performance Estimates
================================================================
+ Timing: 
    * Summary: 
    +--------+---------+----------+------------+
    |  Clock |  Target | Estimated| Uncertainty|
    +--------+---------+----------+------------+
    |ap_clk  |  4.00 ns|  2.916 ns|     1.08 ns|
    +--------+---------+----------+------------+

+ Latency: 
    * Summary: 
    +---------+---------+----------+----------+-----+-----+---------+
    |  Latency (cycles) |  Latency (absolute) |  Interval | Pipeline|
    |   min   |   max   |    min   |    max   | min | max |   Type  |
    +---------+---------+----------+----------+-----+-----+---------+
    |        ?|        ?|         ?|         ?|    ?|    ?|       no|
    +---------+---------+----------+----------+-----+-----+---------+

    + Detail: 
        * Instance: 
        N/A

        * Loop: 
        +----------------------+---------+---------+----------+-----------+-----------+------+----------+
        |                      |  Latency (cycles) | Iteration|  Initiation Interval  | Trip |          |
        |       Loop Name      |   min   |   max   |  Latency |  achieved |   target  | Count| Pipelined|
        +----------------------+---------+---------+----------+-----------+-----------+------+----------+
        |- VITIS_LOOP_70_4     |        ?|        ?|         ?|          -|          -|     ?|        no|
        | + VITIS_LOOP_83_6    |        ?|        ?|         ?|          -|          -|     9|        no|
        |  ++ VITIS_LOOP_92_7  |        ?|        ?|         ?|          -|          -|     ?|        no|
        +----------------------+---------+---------+----------+-----------+-----------+------+----------+

============================================================
+ Verbose Summary: Synthesis Manager
============================================================
InlineROM: 1
ExposeGlobal: 0
============================================================
+ Verbose Summary: CDFG Model
============================================================
IsTopModel: 1
ResetActiveHigh: 1
IsCombinational: 0
IsDatapathOnly: 0
HasWiredReturn: 1
HasMFsm: 0
HasVarLatency: 1
IsPipeline: 0
IsRtlPipelined: 0
IsInstanceOverlapped: 0
IsDontTouch: 0
HasImplIP: 0
IsGatedGlobalClock: 0


============================================================
+ Verbose Summary: Schedule
============================================================
* Number of FSM states : 74
* Pipeline : 0
* Dataflow Pipeline: 0

* FSM state transitions: 
1 --> 2 
2 --> 3 
3 --> 4 
4 --> 5 
5 --> 6 
6 --> 7 
7 --> 8 
8 --> 9 
9 --> 10 
10 --> 11 
11 --> 12 73 
12 --> 13 
13 --> 14 68 
14 --> 15 
15 --> 16 
16 --> 17 
17 --> 18 
18 --> 19 
19 --> 20 
20 --> 21 
21 --> 22 
22 --> 23 
23 --> 24 
24 --> 25 
25 --> 26 
26 --> 27 
27 --> 28 
28 --> 29 
29 --> 30 
30 --> 31 
31 --> 32 
32 --> 33 
33 --> 34 
34 --> 35 
35 --> 36 
36 --> 37 
37 --> 38 
38 --> 39 
39 --> 40 
40 --> 41 13 
41 --> 42 
42 --> 43 
43 --> 44 
44 --> 45 
45 --> 46 
46 --> 47 
47 --> 48 
48 --> 49 
49 --> 50 
50 --> 51 
51 --> 52 
52 --> 53 
53 --> 54 
54 --> 55 
55 --> 56 
56 --> 57 
57 --> 58 
58 --> 59 
59 --> 60 
60 --> 61 
61 --> 62 
62 --> 63 
63 --> 64 
64 --> 65 
65 --> 66 
66 --> 67 
67 --> 39 
68 --> 69 
69 --> 70 
70 --> 71 
71 --> 72 
72 --> 10 
73 --> 74 
74 --> 

* FSM state operations: 

State 1 <SV = 0> <Delay = 2.34>
ST_1 : Operation 75 [1/1] (0.00ns)   --->   "%max_spillage_iter_1 = alloca i32 1" [flood_HLS_base.cpp:27]   --->   Operation 75 'alloca' 'max_spillage_iter_1' <Predicate = true> <Delay = 0.00>
ST_1 : Operation 76 [1/1] (0.00ns)   --->   "%empty = alloca i32 1"   --->   Operation 76 'alloca' 'empty' <Predicate = true> <Delay = 0.00>
ST_1 : Operation 77 [1/1] (0.00ns)   --->   "%empty_82 = alloca i32 1"   --->   Operation 77 'alloca' 'empty_82' <Predicate = true> <Delay = 0.00>
ST_1 : Operation 78 [1/1] (0.00ns)   --->   "%add55123_loc = alloca i64 1"   --->   Operation 78 'alloca' 'add55123_loc' <Predicate = true> <Delay = 0.00>
ST_1 : Operation 79 [1/1] (0.00ns)   --->   "%p_loc50 = alloca i64 1"   --->   Operation 79 'alloca' 'p_loc50' <Predicate = true> <Delay = 0.00>
ST_1 : Operation 80 [1/1] (0.00ns)   --->   "%p_loc43 = alloca i64 1"   --->   Operation 80 'alloca' 'p_loc43' <Predicate = true> <Delay = 0.00>
ST_1 : Operation 81 [1/1] (0.00ns)   --->   "%p_loc = alloca i64 1"   --->   Operation 81 'alloca' 'p_loc' <Predicate = true> <Delay = 0.00>
ST_1 : Operation 82 [1/1] (0.00ns)   --->   "%water_level = alloca i64 1" [flood_HLS_base.cpp:34]   --->   Operation 82 'alloca' 'water_level' <Predicate = true> <Delay = 0.00>
ST_1 : Operation 83 [1/1] (0.00ns)   --->   "%water_level_1 = alloca i64 1" [flood_HLS_base.cpp:34]   --->   Operation 83 'alloca' 'water_level_1' <Predicate = true> <Delay = 0.00>
ST_1 : Operation 84 [1/1] (0.00ns)   --->   "%water_level_2 = alloca i64 1" [flood_HLS_base.cpp:34]   --->   Operation 84 'alloca' 'water_level_2' <Predicate = true> <Delay = 0.00>
ST_1 : Operation 85 [1/1] (0.00ns)   --->   "%spillage_flag = alloca i64 1" [flood_HLS_base.cpp:35]   --->   Operation 85 'alloca' 'spillage_flag' <Predicate = true> <Delay = 0.00>
ST_1 : Operation 86 [1/1] (0.00ns)   --->   "%spillage_level = alloca i64 1" [flood_HLS_base.cpp:36]   --->   Operation 86 'alloca' 'spillage_level' <Predicate = true> <Delay = 0.00>
ST_1 : Operation 87 [1/1] (0.00ns)   --->   "%spillage_from_neigh = alloca i64 1" [flood_HLS_base.cpp:37]   --->   Operation 87 'alloca' 'spillage_from_neigh' <Predicate = true> <Delay = 0.00>
ST_1 : Operation 88 [1/1] (0.00ns)   --->   "%spillage_from_neigh_1 = alloca i64 1" [flood_HLS_base.cpp:37]   --->   Operation 88 'alloca' 'spillage_from_neigh_1' <Predicate = true> <Delay = 0.00>
ST_1 : Operation 89 [1/1] (0.00ns)   --->   "%spillage_from_neigh_2 = alloca i64 1" [flood_HLS_base.cpp:37]   --->   Operation 89 'alloca' 'spillage_from_neigh_2' <Predicate = true> <Delay = 0.00>
ST_1 : Operation 90 [1/1] (0.00ns)   --->   "%spillage_from_neigh_3 = alloca i64 1" [flood_HLS_base.cpp:37]   --->   Operation 90 'alloca' 'spillage_from_neigh_3' <Predicate = true> <Delay = 0.00>
ST_1 : Operation 91 [1/1] (0.00ns)   --->   "%p_threshold_read = read i32 @_ssdm_op_Read.ap_auto.i32P0A, i32 %p_threshold" [flood_HLS_base.cpp:27]   --->   Operation 91 'read' 'p_threshold_read' <Predicate = true> <Delay = 0.00>
ST_1 : Operation 92 [2/2] (0.00ns)   --->   "%call_ln0 = call void @do_compute_Pipeline_VITIS_LOOP_53_1_VITIS_LOOP_54_2, i32 %spillage_flag, i32 %spillage_level, i32 %spillage_from_neigh, i32 %spillage_from_neigh_1, i32 %spillage_from_neigh_2, i32 %spillage_from_neigh_3, i32 %water_level, i32 %water_level_1, i32 %water_level_2"   --->   Operation 92 'call' 'call_ln0' <Predicate = true> <Delay = 0.00> <CoreType = "Generic">   --->   Core 0 '' <Latency = 0> <II = 1> <Delay = 1.00> <Generic> <Opcode : >
ST_1 : Operation 93 [1/1] (0.00ns)   --->   "%bitcast_ln27 = bitcast i32 %p_threshold_read" [flood_HLS_base.cpp:27]   --->   Operation 93 'bitcast' 'bitcast_ln27' <Predicate = true> <Delay = 0.00>
ST_1 : Operation 94 [7/7] (2.34ns)   --->   "%add = fadd i32 %bitcast_ln27, i32 1" [flood_HLS_base.cpp:27]   --->   Operation 94 'fadd' 'add' <Predicate = true> <Delay = 2.34> <CoreInst = "FAddSub_fulldsp">   --->   Core 18 'FAddSub_fulldsp' <Latency = 6> <II = 1> <Delay = 2.34> <FuncUnit> <Opcode : 'fadd' 'fsub'> <InPorts = 2> <OutPorts = 1>
ST_1 : Operation 95 [1/1] (0.00ns)   --->   "%r_read = read i416 @_ssdm_op_Read.ap_auto.i416P0A, i416 %r" [flood_HLS_base.cpp:70]   --->   Operation 95 'read' 'r_read' <Predicate = true> <Delay = 0.00>
ST_1 : Operation 96 [1/1] (0.00ns)   --->   "%tmp_60 = partselect i384 @_ssdm_op_PartSelect.i384.i416.i32.i32, i416 %r_read, i32 32, i32 415" [flood_HLS_base.cpp:70]   --->   Operation 96 'partselect' 'tmp_60' <Predicate = true> <Delay = 0.00>
ST_1 : Operation 97 [1/1] (0.00ns)   --->   "%and_ln = bitconcatenate i416 @_ssdm_op_BitConcatenate.i416.i384.i32, i384 %tmp_60, i32 0" [flood_HLS_base.cpp:70]   --->   Operation 97 'bitconcatenate' 'and_ln' <Predicate = true> <Delay = 0.00>
ST_1 : Operation 98 [1/1] (0.00ns)   --->   "%store_ln70 = store i416 %and_ln, i416 %empty_82" [flood_HLS_base.cpp:70]   --->   Operation 98 'store' 'store_ln70' <Predicate = true> <Delay = 0.00>
ST_1 : Operation 99 [1/1] (0.38ns)   --->   "%store_ln0 = store i31 0, i31 %empty"   --->   Operation 99 'store' 'store_ln0' <Predicate = true> <Delay = 0.38>

State 2 <SV = 1> <Delay = 2.34>
ST_2 : Operation 100 [1/2] (0.00ns)   --->   "%call_ln0 = call void @do_compute_Pipeline_VITIS_LOOP_53_1_VITIS_LOOP_54_2, i32 %spillage_flag, i32 %spillage_level, i32 %spillage_from_neigh, i32 %spillage_from_neigh_1, i32 %spillage_from_neigh_2, i32 %spillage_from_neigh_3, i32 %water_level, i32 %water_level_1, i32 %water_level_2"   --->   Operation 100 'call' 'call_ln0' <Predicate = true> <Delay = 0.00> <CoreType = "Generic">   --->   Core 0 '' <Latency = 0> <II = 1> <Delay = 1.00> <Generic> <Opcode : >
ST_2 : Operation 101 [6/7] (2.34ns)   --->   "%add = fadd i32 %bitcast_ln27, i32 1" [flood_HLS_base.cpp:27]   --->   Operation 101 'fadd' 'add' <Predicate = true> <Delay = 2.34> <CoreInst = "FAddSub_fulldsp">   --->   Core 18 'FAddSub_fulldsp' <Latency = 6> <II = 1> <Delay = 2.34> <FuncUnit> <Opcode : 'fadd' 'fsub'> <InPorts = 2> <OutPorts = 1>

State 3 <SV = 2> <Delay = 2.34>
ST_3 : Operation 102 [5/7] (2.34ns)   --->   "%add = fadd i32 %bitcast_ln27, i32 1" [flood_HLS_base.cpp:27]   --->   Operation 102 'fadd' 'add' <Predicate = true> <Delay = 2.34> <CoreInst = "FAddSub_fulldsp">   --->   Core 18 'FAddSub_fulldsp' <Latency = 6> <II = 1> <Delay = 2.34> <FuncUnit> <Opcode : 'fadd' 'fsub'> <InPorts = 2> <OutPorts = 1>

State 4 <SV = 3> <Delay = 2.34>
ST_4 : Operation 103 [4/7] (2.34ns)   --->   "%add = fadd i32 %bitcast_ln27, i32 1" [flood_HLS_base.cpp:27]   --->   Operation 103 'fadd' 'add' <Predicate = true> <Delay = 2.34> <CoreInst = "FAddSub_fulldsp">   --->   Core 18 'FAddSub_fulldsp' <Latency = 6> <II = 1> <Delay = 2.34> <FuncUnit> <Opcode : 'fadd' 'fsub'> <InPorts = 2> <OutPorts = 1>

State 5 <SV = 4> <Delay = 2.34>
ST_5 : Operation 104 [3/7] (2.34ns)   --->   "%add = fadd i32 %bitcast_ln27, i32 1" [flood_HLS_base.cpp:27]   --->   Operation 104 'fadd' 'add' <Predicate = true> <Delay = 2.34> <CoreInst = "FAddSub_fulldsp">   --->   Core 18 'FAddSub_fulldsp' <Latency = 6> <II = 1> <Delay = 2.34> <FuncUnit> <Opcode : 'fadd' 'fsub'> <InPorts = 2> <OutPorts = 1>

State 6 <SV = 5> <Delay = 2.34>
ST_6 : Operation 105 [2/7] (2.34ns)   --->   "%add = fadd i32 %bitcast_ln27, i32 1" [flood_HLS_base.cpp:27]   --->   Operation 105 'fadd' 'add' <Predicate = true> <Delay = 2.34> <CoreInst = "FAddSub_fulldsp">   --->   Core 18 'FAddSub_fulldsp' <Latency = 6> <II = 1> <Delay = 2.34> <FuncUnit> <Opcode : 'fadd' 'fsub'> <InPorts = 2> <OutPorts = 1>

State 7 <SV = 6> <Delay = 2.34>
ST_7 : Operation 106 [1/7] (2.34ns)   --->   "%add = fadd i32 %bitcast_ln27, i32 1" [flood_HLS_base.cpp:27]   --->   Operation 106 'fadd' 'add' <Predicate = true> <Delay = 2.34> <CoreInst = "FAddSub_fulldsp">   --->   Core 18 'FAddSub_fulldsp' <Latency = 6> <II = 1> <Delay = 2.34> <FuncUnit> <Opcode : 'fadd' 'fsub'> <InPorts = 2> <OutPorts = 1>

State 8 <SV = 7> <Delay = 1.54>
ST_8 : Operation 107 [2/2] (1.54ns)   --->   "%max_spillage_iter = fpext i32 %add" [flood_HLS_base.cpp:27]   --->   Operation 107 'fpext' 'max_spillage_iter' <Predicate = true> <Delay = 1.54> <CoreInst = "Float2Double">   --->   Core 64 'Float2Double' <Latency = 1> <II = 1> <Delay = 1.54> <FuncUnit> <Opcode : 'fpext'> <InPorts = 1> <OutPorts = 1>
ST_8 : Operation 108 [2/2] (1.54ns)   --->   "%conv = fpext i32 %bitcast_ln27" [flood_HLS_base.cpp:27]   --->   Operation 108 'fpext' 'conv' <Predicate = true> <Delay = 1.54> <CoreInst = "Float2Double">   --->   Core 64 'Float2Double' <Latency = 1> <II = 1> <Delay = 1.54> <FuncUnit> <Opcode : 'fpext'> <InPorts = 1> <OutPorts = 1>

State 9 <SV = 8> <Delay = 2.64>
ST_9 : Operation 109 [1/1] (0.00ns)   --->   "%spectopmodule_ln25 = spectopmodule void @_ssdm_op_SpecTopModule, void @empty" [flood_HLS_base.cpp:25]   --->   Operation 109 'spectopmodule' 'spectopmodule_ln25' <Predicate = true> <Delay = 0.00>
ST_9 : Operation 110 [1/1] (0.00ns)   --->   "%specinterface_ln0 = specinterface void @_ssdm_op_SpecInterface, i32 %p_ground, void @empty_4, i32 0, i32 0, void @empty_3, i32 4294967295, i32 0, void @empty_3, void @empty_3, void @empty_3, i32 0, i32 0, i32 0, i32 0, void @empty_3, void @empty_3, i32 4294967295, i32 0, i32 0"   --->   Operation 110 'specinterface' 'specinterface_ln0' <Predicate = true> <Delay = 0.00>
ST_9 : Operation 111 [1/1] (0.00ns)   --->   "%specbitsmap_ln0 = specbitsmap void @_ssdm_op_SpecBitsMap, i32 %p_ground"   --->   Operation 111 'specbitsmap' 'specbitsmap_ln0' <Predicate = true> <Delay = 0.00>
ST_9 : Operation 112 [1/1] (0.00ns)   --->   "%specbitsmap_ln0 = specbitsmap void @_ssdm_op_SpecBitsMap, i32 %p_threshold"   --->   Operation 112 'specbitsmap' 'specbitsmap_ln0' <Predicate = true> <Delay = 0.00>
ST_9 : Operation 113 [1/1] (0.00ns)   --->   "%specinterface_ln0 = specinterface void @_ssdm_op_SpecInterface, i32 %p_threshold, void @empty_6, i32 0, i32 0, void @empty_3, i32 0, i32 0, void @empty_3, void @empty_3, void @empty_3, i32 0, i32 0, i32 0, i32 0, void @empty_3, void @empty_3, i32 4294967295, i32 0, i32 0"   --->   Operation 113 'specinterface' 'specinterface_ln0' <Predicate = true> <Delay = 0.00>
ST_9 : Operation 114 [1/1] (0.00ns)   --->   "%specbitsmap_ln0 = specbitsmap void @_ssdm_op_SpecBitsMap, i32 %p_num_minutes"   --->   Operation 114 'specbitsmap' 'specbitsmap_ln0' <Predicate = true> <Delay = 0.00>
ST_9 : Operation 115 [1/1] (0.00ns)   --->   "%specinterface_ln0 = specinterface void @_ssdm_op_SpecInterface, i32 %p_num_minutes, void @empty_6, i32 0, i32 0, void @empty_3, i32 0, i32 0, void @empty_3, void @empty_3, void @empty_3, i32 0, i32 0, i32 0, i32 0, void @empty_3, void @empty_3, i32 4294967295, i32 0, i32 0"   --->   Operation 115 'specinterface' 'specinterface_ln0' <Predicate = true> <Delay = 0.00>
ST_9 : Operation 116 [1/1] (0.00ns)   --->   "%specbitsmap_ln0 = specbitsmap void @_ssdm_op_SpecBitsMap, i32 %p_ex_factor"   --->   Operation 116 'specbitsmap' 'specbitsmap_ln0' <Predicate = true> <Delay = 0.00>
ST_9 : Operation 117 [1/1] (0.00ns)   --->   "%specinterface_ln0 = specinterface void @_ssdm_op_SpecInterface, i32 %p_ex_factor, void @empty_6, i32 0, i32 0, void @empty_3, i32 0, i32 0, void @empty_3, void @empty_3, void @empty_3, i32 0, i32 0, i32 0, i32 0, void @empty_3, void @empty_3, i32 4294967295, i32 0, i32 0"   --->   Operation 117 'specinterface' 'specinterface_ln0' <Predicate = true> <Delay = 0.00>
ST_9 : Operation 118 [1/1] (0.00ns)   --->   "%specinterface_ln0 = specinterface void @_ssdm_op_SpecInterface, i224 %p_clouds, void @empty_4, i32 0, i32 0, void @empty_3, i32 4294967295, i32 0, void @empty_3, void @empty_3, void @empty_3, i32 0, i32 0, i32 0, i32 0, void @empty_3, void @empty_3, i32 4294967295, i32 0, i32 0"   --->   Operation 118 'specinterface' 'specinterface_ln0' <Predicate = true> <Delay = 0.00>
ST_9 : Operation 119 [1/1] (0.00ns)   --->   "%specbitsmap_ln0 = specbitsmap void @_ssdm_op_SpecBitsMap, i224 %p_clouds"   --->   Operation 119 'specbitsmap' 'specbitsmap_ln0' <Predicate = true> <Delay = 0.00>
ST_9 : Operation 120 [1/1] (0.00ns)   --->   "%specbitsmap_ln0 = specbitsmap void @_ssdm_op_SpecBitsMap, i416 %r"   --->   Operation 120 'specbitsmap' 'specbitsmap_ln0' <Predicate = true> <Delay = 0.00>
ST_9 : Operation 121 [1/1] (0.00ns)   --->   "%specinterface_ln0 = specinterface void @_ssdm_op_SpecInterface, i416 %r, void @empty_6, i32 0, i32 0, void @empty_3, i32 0, i32 0, void @empty_3, void @empty_3, void @empty_3, i32 0, i32 0, i32 0, i32 0, void @empty_3, void @empty_3, i32 4294967295, i32 0, i32 0"   --->   Operation 121 'specinterface' 'specinterface_ln0' <Predicate = true> <Delay = 0.00>
ST_9 : Operation 122 [1/2] (1.54ns)   --->   "%max_spillage_iter = fpext i32 %add" [flood_HLS_base.cpp:27]   --->   Operation 122 'fpext' 'max_spillage_iter' <Predicate = true> <Delay = 1.54> <CoreInst = "Float2Double">   --->   Core 64 'Float2Double' <Latency = 1> <II = 1> <Delay = 1.54> <FuncUnit> <Opcode : 'fpext'> <InPorts = 1> <OutPorts = 1>
ST_9 : Operation 123 [1/1] (0.00ns)   --->   "%p_num_minutes_read = read i32 @_ssdm_op_Read.ap_auto.i32P0A, i32 %p_num_minutes"   --->   Operation 123 'read' 'p_num_minutes_read' <Predicate = true> <Delay = 0.00>
ST_9 : Operation 124 [1/2] (1.54ns)   --->   "%conv = fpext i32 %bitcast_ln27" [flood_HLS_base.cpp:27]   --->   Operation 124 'fpext' 'conv' <Predicate = true> <Delay = 1.54> <CoreInst = "Float2Double">   --->   Core 64 'Float2Double' <Latency = 1> <II = 1> <Delay = 1.54> <FuncUnit> <Opcode : 'fpext'> <InPorts = 1> <OutPorts = 1>
ST_9 : Operation 125 [1/1] (0.00ns)   --->   "%bitcast_ln70_1 = bitcast i64 %conv" [flood_HLS_base.cpp:70]   --->   Operation 125 'bitcast' 'bitcast_ln70_1' <Predicate = true> <Delay = 0.00>
ST_9 : Operation 126 [1/1] (0.00ns)   --->   "%tmp_8 = partselect i11 @_ssdm_op_PartSelect.i11.i64.i32.i32, i64 %bitcast_ln70_1, i32 52, i32 62" [flood_HLS_base.cpp:70]   --->   Operation 126 'partselect' 'tmp_8' <Predicate = true> <Delay = 0.00>
ST_9 : Operation 127 [1/1] (0.00ns)   --->   "%trunc_ln70 = trunc i64 %bitcast_ln70_1" [flood_HLS_base.cpp:70]   --->   Operation 127 'trunc' 'trunc_ln70' <Predicate = true> <Delay = 0.00>
ST_9 : Operation 128 [1/1] (0.73ns)   --->   "%icmp_ln70_3 = icmp_ne  i11 %tmp_8, i11 2047" [flood_HLS_base.cpp:70]   --->   Operation 128 'icmp' 'icmp_ln70_3' <Predicate = true> <Delay = 0.73> <CoreInst = "Cmp">   --->   Core 9 'Cmp' <Latency = 0> <II = 1> <Delay = 0.73> <FuncUnit> <Opcode : 'seteq' 'setne' 'setle' 'setge' 'setlt' 'setgt'> <InPorts = 2> <OutPorts = 1>
ST_9 : Operation 129 [1/1] (0.98ns)   --->   "%icmp_ln70_4 = icmp_eq  i52 %trunc_ln70, i52 0" [flood_HLS_base.cpp:70]   --->   Operation 129 'icmp' 'icmp_ln70_4' <Predicate = true> <Delay = 0.98> <CoreInst = "Cmp">   --->   Core 9 'Cmp' <Latency = 0> <II = 1> <Delay = 0.98> <FuncUnit> <Opcode : 'seteq' 'setne' 'setle' 'setge' 'setlt' 'setgt'> <InPorts = 2> <OutPorts = 1>
ST_9 : Operation 130 [1/1] (0.12ns)   --->   "%or_ln70_1 = or i1 %icmp_ln70_4, i1 %icmp_ln70_3" [flood_HLS_base.cpp:70]   --->   Operation 130 'or' 'or_ln70_1' <Predicate = true> <Delay = 0.12> <CoreInst = "LogicGate">   --->   Core 74 'LogicGate' <Latency = 0> <II = 1> <Delay = 0.12> <FuncUnit> <Opcode : 'and' 'or' 'xor'> <InPorts = 2> <OutPorts = 1>
ST_9 : Operation 131 [1/1] (0.00ns)   --->   "%store_ln27 = store i64 %max_spillage_iter, i64 %max_spillage_iter_1" [flood_HLS_base.cpp:27]   --->   Operation 131 'store' 'store_ln27' <Predicate = true> <Delay = 0.00>
ST_9 : Operation 132 [1/1] (0.00ns)   --->   "%br_ln70 = br void %for.cond29" [flood_HLS_base.cpp:70]   --->   Operation 132 'br' 'br_ln70' <Predicate = true> <Delay = 0.00>

State 10 <SV = 9> <Delay = 2.01>
ST_10 : Operation 133 [1/1] (0.00ns)   --->   "%max_spillage_iter_2 = load i64 %max_spillage_iter_1" [flood_HLS_base.cpp:70]   --->   Operation 133 'load' 'max_spillage_iter_2' <Predicate = true> <Delay = 0.00>
ST_10 : Operation 134 [1/1] (0.00ns)   --->   "%bitcast_ln70 = bitcast i64 %max_spillage_iter_2" [flood_HLS_base.cpp:70]   --->   Operation 134 'bitcast' 'bitcast_ln70' <Predicate = true> <Delay = 0.00>
ST_10 : Operation 135 [1/1] (0.00ns)   --->   "%tmp_7 = partselect i11 @_ssdm_op_PartSelect.i11.i64.i32.i32, i64 %bitcast_ln70, i32 52, i32 62" [flood_HLS_base.cpp:70]   --->   Operation 135 'partselect' 'tmp_7' <Predicate = true> <Delay = 0.00>
ST_10 : Operation 136 [1/1] (0.00ns)   --->   "%trunc_ln70_1 = trunc i64 %bitcast_ln70" [flood_HLS_base.cpp:70]   --->   Operation 136 'trunc' 'trunc_ln70_1' <Predicate = true> <Delay = 0.00>
ST_10 : Operation 137 [1/1] (0.73ns)   --->   "%icmp_ln70_1 = icmp_ne  i11 %tmp_7, i11 2047" [flood_HLS_base.cpp:70]   --->   Operation 137 'icmp' 'icmp_ln70_1' <Predicate = true> <Delay = 0.73> <CoreInst = "Cmp">   --->   Core 9 'Cmp' <Latency = 0> <II = 1> <Delay = 0.73> <FuncUnit> <Opcode : 'seteq' 'setne' 'setle' 'setge' 'setlt' 'setgt'> <InPorts = 2> <OutPorts = 1>
ST_10 : Operation 138 [1/1] (0.98ns)   --->   "%icmp_ln70_2 = icmp_eq  i52 %trunc_ln70_1, i52 0" [flood_HLS_base.cpp:70]   --->   Operation 138 'icmp' 'icmp_ln70_2' <Predicate = true> <Delay = 0.98> <CoreInst = "Cmp">   --->   Core 9 'Cmp' <Latency = 0> <II = 1> <Delay = 0.98> <FuncUnit> <Opcode : 'seteq' 'setne' 'setle' 'setge' 'setlt' 'setgt'> <InPorts = 2> <OutPorts = 1>
ST_10 : Operation 139 [2/2] (2.01ns)   --->   "%tmp_9 = fcmp_ogt  i64 %max_spillage_iter_2, i64 %conv" [flood_HLS_base.cpp:70]   --->   Operation 139 'dcmp' 'tmp_9' <Predicate = true> <Delay = 2.01> <CoreInst = "DCompare">   --->   Core 38 'DCompare' <Latency = 1> <II = 1> <Delay = 2.01> <FuncUnit> <Opcode : 'dcmp'> <InPorts = 2> <OutPorts = 1>

State 11 <SV = 10> <Delay = 2.52>
ST_11 : Operation 140 [1/1] (0.00ns)   --->   "%p_load64 = load i31 %empty" [flood_HLS_base.cpp:70]   --->   Operation 140 'load' 'p_load64' <Predicate = true> <Delay = 0.00>
ST_11 : Operation 141 [1/1] (0.00ns)   --->   "%p_load = load i416 %empty_82" [flood_HLS_base.cpp:253]   --->   Operation 141 'load' 'p_load' <Predicate = true> <Delay = 0.00>
ST_11 : Operation 142 [1/1] (0.00ns)   --->   "%zext_ln27 = zext i31 %p_load64" [flood_HLS_base.cpp:27]   --->   Operation 142 'zext' 'zext_ln27' <Predicate = true> <Delay = 0.00>
ST_11 : Operation 143 [1/1] (0.88ns)   --->   "%icmp_ln70 = icmp_slt  i32 %zext_ln27, i32 %p_num_minutes_read" [flood_HLS_base.cpp:70]   --->   Operation 143 'icmp' 'icmp_ln70' <Predicate = true> <Delay = 0.88> <CoreInst = "Cmp">   --->   Core 9 'Cmp' <Latency = 0> <II = 1> <Delay = 0.88> <FuncUnit> <Opcode : 'seteq' 'setne' 'setle' 'setge' 'setlt' 'setgt'> <InPorts = 2> <OutPorts = 1>
ST_11 : Operation 144 [1/1] (0.00ns) (grouped into LUT with out node and_ln70_1)   --->   "%or_ln70 = or i1 %icmp_ln70_2, i1 %icmp_ln70_1" [flood_HLS_base.cpp:70]   --->   Operation 144 'or' 'or_ln70' <Predicate = true> <Delay = 0.00> <CoreInst = "LogicGate">   --->   Core 74 'LogicGate' <Latency = 0> <II = 1> <Delay = 0.12> <FuncUnit> <Opcode : 'and' 'or' 'xor'> <InPorts = 2> <OutPorts = 1>
ST_11 : Operation 145 [1/1] (0.00ns) (grouped into LUT with out node and_ln70_1)   --->   "%and_ln70 = and i1 %or_ln70, i1 %or_ln70_1" [flood_HLS_base.cpp:70]   --->   Operation 145 'and' 'and_ln70' <Predicate = true> <Delay = 0.00> <CoreInst = "LogicGate">   --->   Core 74 'LogicGate' <Latency = 0> <II = 1> <Delay = 0.12> <FuncUnit> <Opcode : 'and' 'or' 'xor'> <InPorts = 2> <OutPorts = 1>
ST_11 : Operation 146 [1/2] (2.01ns)   --->   "%tmp_9 = fcmp_ogt  i64 %max_spillage_iter_2, i64 %conv" [flood_HLS_base.cpp:70]   --->   Operation 146 'dcmp' 'tmp_9' <Predicate = true> <Delay = 2.01> <CoreInst = "DCompare">   --->   Core 38 'DCompare' <Latency = 1> <II = 1> <Delay = 2.01> <FuncUnit> <Opcode : 'dcmp'> <InPorts = 2> <OutPorts = 1>
ST_11 : Operation 147 [1/1] (0.00ns) (grouped into LUT with out node and_ln70_1)   --->   "%and_ln70_2 = and i1 %and_ln70, i1 %tmp_9" [flood_HLS_base.cpp:70]   --->   Operation 147 'and' 'and_ln70_2' <Predicate = true> <Delay = 0.00> <CoreInst = "LogicGate">   --->   Core 74 'LogicGate' <Latency = 0> <II = 1> <Delay = 0.12> <FuncUnit> <Opcode : 'and' 'or' 'xor'> <InPorts = 2> <OutPorts = 1>
ST_11 : Operation 148 [1/1] (0.12ns) (out node of the LUT)   --->   "%and_ln70_1 = and i1 %icmp_ln70, i1 %and_ln70_2" [flood_HLS_base.cpp:70]   --->   Operation 148 'and' 'and_ln70_1' <Predicate = true> <Delay = 0.12> <CoreInst = "LogicGate">   --->   Core 74 'LogicGate' <Latency = 0> <II = 1> <Delay = 0.12> <FuncUnit> <Opcode : 'and' 'or' 'xor'> <InPorts = 2> <OutPorts = 1>
ST_11 : Operation 149 [1/1] (0.87ns)   --->   "%add_ln70 = add i31 %p_load64, i31 1" [flood_HLS_base.cpp:70]   --->   Operation 149 'add' 'add_ln70' <Predicate = true> <Delay = 0.87> <CoreInst = "Adder">   --->   Core 1 'Adder' <Latency = 0> <II = 1> <Delay = 0.87> <FuncUnit> <Opcode : 'add' 'sub'> <InPorts = 2> <OutPorts = 1>
ST_11 : Operation 150 [1/1] (0.00ns)   --->   "%br_ln70 = br i1 %and_ln70_1, void %for.end522, void %VITIS_LOOP_76_5" [flood_HLS_base.cpp:70]   --->   Operation 150 'br' 'br_ln70' <Predicate = true> <Delay = 0.00>
ST_11 : Operation 151 [2/2] (0.00ns)   --->   "%call_ln0 = call void @do_compute_Pipeline_VITIS_LOOP_76_5, i224 %p_clouds"   --->   Operation 151 'call' 'call_ln0' <Predicate = (and_ln70_1)> <Delay = 0.00> <CoreType = "Generic">   --->   Core 0 '' <Latency = 0> <II = 1> <Delay = 1.00> <Generic> <Opcode : >
ST_11 : Operation 152 [1/1] (0.00ns)   --->   "%trunc_ln2 = partselect i64 @_ssdm_op_PartSelect.i64.i416.i32.i32, i416 %p_load, i32 224, i32 287" [flood_HLS_base.cpp:253]   --->   Operation 152 'partselect' 'trunc_ln2' <Predicate = (!and_ln70_1)> <Delay = 0.00>
ST_11 : Operation 153 [2/2] (0.38ns)   --->   "%call_ln253 = call void @do_compute_Pipeline_VITIS_LOOP_249_16_VITIS_LOOP_250_17, i64 %trunc_ln2, i32 %water_level, i32 %water_level_1, i32 %water_level_2, i32 %p_loc50, i64 %add55123_loc" [flood_HLS_base.cpp:253]   --->   Operation 153 'call' 'call_ln253' <Predicate = (!and_ln70_1)> <Delay = 0.38> <CoreType = "Generic">   --->   Core 0 '' <Latency = 0> <II = 1> <Delay = 1.00> <Generic> <Opcode : >

State 12 <SV = 11> <Delay = 0.38>
ST_12 : Operation 154 [1/1] (0.00ns)   --->   "%specloopname_ln70 = specloopname void @_ssdm_op_SpecLoopName, void @empty_5" [flood_HLS_base.cpp:70]   --->   Operation 154 'specloopname' 'specloopname_ln70' <Predicate = true> <Delay = 0.00>
ST_12 : Operation 155 [1/2] (0.00ns)   --->   "%call_ln0 = call void @do_compute_Pipeline_VITIS_LOOP_76_5, i224 %p_clouds"   --->   Operation 155 'call' 'call_ln0' <Predicate = true> <Delay = 0.00> <CoreType = "Generic">   --->   Core 0 '' <Latency = 0> <II = 1> <Delay = 1.00> <Generic> <Opcode : >
ST_12 : Operation 156 [1/1] (0.38ns)   --->   "%br_ln83 = br void %for.body60" [flood_HLS_base.cpp:83]   --->   Operation 156 'br' 'br_ln83' <Predicate = true> <Delay = 0.38>

State 13 <SV = 12> <Delay = 1.12>
ST_13 : Operation 157 [1/1] (0.00ns)   --->   "%empty_83 = phi i416 %empty_84, void %for.inc242, i416 %p_load, void %VITIS_LOOP_76_5" [flood_HLS_base.cpp:253]   --->   Operation 157 'phi' 'empty_83' <Predicate = true> <Delay = 0.00>
ST_13 : Operation 158 [1/1] (0.00ns)   --->   "%cloud_1 = phi i4 %add_ln83, void %for.inc242, i4 0, void %VITIS_LOOP_76_5" [flood_HLS_base.cpp:83]   --->   Operation 158 'phi' 'cloud_1' <Predicate = true> <Delay = 0.00>
ST_13 : Operation 159 [1/1] (0.70ns)   --->   "%icmp_ln83 = icmp_eq  i4 %cloud_1, i4 9" [flood_HLS_base.cpp:83]   --->   Operation 159 'icmp' 'icmp_ln83' <Predicate = true> <Delay = 0.70> <CoreInst = "Cmp">   --->   Core 9 'Cmp' <Latency = 0> <II = 1> <Delay = 0.70> <FuncUnit> <Opcode : 'seteq' 'setne' 'setle' 'setge' 'setlt' 'setgt'> <InPorts = 2> <OutPorts = 1>
ST_13 : Operation 160 [1/1] (0.70ns)   --->   "%add_ln83 = add i4 %cloud_1, i4 1" [flood_HLS_base.cpp:83]   --->   Operation 160 'add' 'add_ln83' <Predicate = true> <Delay = 0.70> <CoreInst = "Adder">   --->   Core 1 'Adder' <Latency = 0> <II = 1> <Delay = 0.70> <FuncUnit> <Opcode : 'add' 'sub'> <InPorts = 2> <OutPorts = 1>
ST_13 : Operation 161 [1/1] (0.00ns)   --->   "%br_ln83 = br i1 %icmp_ln83, void %for.body60.split, void %for.body250.preheader" [flood_HLS_base.cpp:83]   --->   Operation 161 'br' 'br_ln83' <Predicate = true> <Delay = 0.00>
ST_13 : Operation 162 [1/1] (0.00ns)   --->   "%zext_ln83 = zext i4 %cloud_1" [flood_HLS_base.cpp:83]   --->   Operation 162 'zext' 'zext_ln83' <Predicate = (!icmp_ln83)> <Delay = 0.00>
ST_13 : Operation 163 [1/1] (0.00ns)   --->   "%p_clouds_addr = getelementptr i224 %p_clouds, i64 0, i64 %zext_ln83" [flood_HLS_base.cpp:85]   --->   Operation 163 'getelementptr' 'p_clouds_addr' <Predicate = (!icmp_ln83)> <Delay = 0.00>
ST_13 : Operation 164 [2/2] (0.74ns)   --->   "%p_clouds_load = load i4 %p_clouds_addr" [flood_HLS_base.cpp:85]   --->   Operation 164 'load' 'p_clouds_load' <Predicate = (!icmp_ln83)> <Delay = 0.74> <CoreInst = "RAM">   --->   Core 82 'RAM' <Latency = 1> <II = 1> <Delay = 0.74> <Storage> <Opcode : 'load' 'store'> <Ports = 2> <Width = 224> <Depth = 9> <RAM>
ST_13 : Operation 165 [2/2] (0.41ns)   --->   "%call_ln253 = call void @do_compute_Pipeline_VITIS_LOOP_109_9_VITIS_LOOP_110_10, i416 %empty_83, i32 %p_ground, i32 %spillage_flag, i32 %spillage_level, i32 %water_level, i32 %water_level_1, i32 %water_level_2, i32 %spillage_from_neigh, i32 %spillage_from_neigh_1, i32 %spillage_from_neigh_2, i32 %spillage_from_neigh_3, i416 %p_loc43" [flood_HLS_base.cpp:253]   --->   Operation 165 'call' 'call_ln253' <Predicate = (icmp_ln83)> <Delay = 0.41> <CoreType = "Generic">   --->   Core 0 '' <Latency = 0> <II = 1> <Delay = 1.00> <Generic> <Opcode : >
ST_13 : Operation 166 [1/1] (0.38ns)   --->   "%store_ln70 = store i31 %add_ln70, i31 %empty" [flood_HLS_base.cpp:70]   --->   Operation 166 'store' 'store_ln70' <Predicate = (icmp_ln83)> <Delay = 0.38>

State 14 <SV = 13> <Delay = 0.74>
ST_14 : Operation 167 [1/2] (0.74ns)   --->   "%p_clouds_load = load i4 %p_clouds_addr" [flood_HLS_base.cpp:85]   --->   Operation 167 'load' 'p_clouds_load' <Predicate = true> <Delay = 0.74> <CoreInst = "RAM">   --->   Core 82 'RAM' <Latency = 1> <II = 1> <Delay = 0.74> <Storage> <Opcode : 'load' 'store'> <Ports = 2> <Width = 224> <Depth = 9> <RAM>
ST_14 : Operation 168 [1/1] (0.00ns)   --->   "%trunc_ln85 = trunc i224 %p_clouds_load" [flood_HLS_base.cpp:85]   --->   Operation 168 'trunc' 'trunc_ln85' <Predicate = true> <Delay = 0.00>
ST_14 : Operation 169 [1/1] (0.00ns)   --->   "%trunc_ln6 = partselect i32 @_ssdm_op_PartSelect.i32.i224.i32.i32, i224 %p_clouds_load, i32 32, i32 63" [flood_HLS_base.cpp:85]   --->   Operation 169 'partselect' 'trunc_ln6' <Predicate = true> <Delay = 0.00>
ST_14 : Operation 170 [1/1] (0.00ns)   --->   "%trunc_ln85_1 = partselect i32 @_ssdm_op_PartSelect.i32.i224.i32.i32, i224 %p_clouds_load, i32 64, i32 95" [flood_HLS_base.cpp:85]   --->   Operation 170 'partselect' 'trunc_ln85_1' <Predicate = true> <Delay = 0.00>
ST_14 : Operation 171 [1/1] (0.00ns)   --->   "%trunc_ln87 = trunc i224 %p_clouds_load" [flood_HLS_base.cpp:87]   --->   Operation 171 'trunc' 'trunc_ln87' <Predicate = true> <Delay = 0.00>
ST_14 : Operation 172 [1/1] (0.00ns)   --->   "%trunc_ln97_1 = partselect i23 @_ssdm_op_PartSelect.i23.i224.i32.i32, i224 %p_clouds_load, i32 64, i32 86" [flood_HLS_base.cpp:97]   --->   Operation 172 'partselect' 'trunc_ln97_1' <Predicate = true> <Delay = 0.00>

State 15 <SV = 14> <Delay = 2.34>
ST_15 : Operation 173 [1/1] (0.00ns)   --->   "%bitcast_ln85 = bitcast i32 %trunc_ln6" [flood_HLS_base.cpp:85]   --->   Operation 173 'bitcast' 'bitcast_ln85' <Predicate = true> <Delay = 0.00>
ST_15 : Operation 174 [1/1] (0.00ns)   --->   "%bitcast_ln85_1 = bitcast i32 %trunc_ln85_1" [flood_HLS_base.cpp:85]   --->   Operation 174 'bitcast' 'bitcast_ln85_1' <Predicate = true> <Delay = 0.00>
ST_15 : Operation 175 [7/7] (2.34ns)   --->   "%add3 = fadd i32 %bitcast_ln85, i32 %bitcast_ln85_1" [flood_HLS_base.cpp:86]   --->   Operation 175 'fadd' 'add3' <Predicate = true> <Delay = 2.34> <CoreInst = "FAddSub_fulldsp">   --->   Core 18 'FAddSub_fulldsp' <Latency = 6> <II = 1> <Delay = 2.34> <FuncUnit> <Opcode : 'fadd' 'fsub'> <InPorts = 2> <OutPorts = 1>

State 16 <SV = 15> <Delay = 2.34>
ST_16 : Operation 176 [7/7] (2.34ns)   --->   "%sub = fsub i32 %bitcast_ln85, i32 %bitcast_ln85_1" [flood_HLS_base.cpp:85]   --->   Operation 176 'fsub' 'sub' <Predicate = true> <Delay = 2.34> <CoreInst = "FAddSub_fulldsp">   --->   Core 18 'FAddSub_fulldsp' <Latency = 6> <II = 1> <Delay = 2.34> <FuncUnit> <Opcode : 'fadd' 'fsub'> <InPorts = 2> <OutPorts = 1>
ST_16 : Operation 177 [6/7] (2.34ns)   --->   "%add3 = fadd i32 %bitcast_ln85, i32 %bitcast_ln85_1" [flood_HLS_base.cpp:86]   --->   Operation 177 'fadd' 'add3' <Predicate = true> <Delay = 2.34> <CoreInst = "FAddSub_fulldsp">   --->   Core 18 'FAddSub_fulldsp' <Latency = 6> <II = 1> <Delay = 2.34> <FuncUnit> <Opcode : 'fadd' 'fsub'> <InPorts = 2> <OutPorts = 1>
ST_16 : Operation 178 [1/1] (0.00ns)   --->   "%bitcast_ln87 = bitcast i32 %trunc_ln87" [flood_HLS_base.cpp:87]   --->   Operation 178 'bitcast' 'bitcast_ln87' <Predicate = true> <Delay = 0.00>
ST_16 : Operation 179 [7/7] (2.34ns)   --->   "%sub1 = fsub i32 %bitcast_ln87, i32 %bitcast_ln85_1" [flood_HLS_base.cpp:87]   --->   Operation 179 'fsub' 'sub1' <Predicate = true> <Delay = 2.34> <CoreInst = "FAddSub_fulldsp">   --->   Core 18 'FAddSub_fulldsp' <Latency = 6> <II = 1> <Delay = 2.34> <FuncUnit> <Opcode : 'fadd' 'fsub'> <InPorts = 2> <OutPorts = 1>
ST_16 : Operation 180 [7/7] (2.34ns)   --->   "%add4 = fadd i32 %bitcast_ln87, i32 %bitcast_ln85_1" [flood_HLS_base.cpp:88]   --->   Operation 180 'fadd' 'add4' <Predicate = true> <Delay = 2.34> <CoreInst = "FAddSub_fulldsp">   --->   Core 18 'FAddSub_fulldsp' <Latency = 6> <II = 1> <Delay = 2.34> <FuncUnit> <Opcode : 'fadd' 'fsub'> <InPorts = 2> <OutPorts = 1>

State 17 <SV = 16> <Delay = 2.34>
ST_17 : Operation 181 [6/7] (2.34ns)   --->   "%sub = fsub i32 %bitcast_ln85, i32 %bitcast_ln85_1" [flood_HLS_base.cpp:85]   --->   Operation 181 'fsub' 'sub' <Predicate = true> <Delay = 2.34> <CoreInst = "FAddSub_fulldsp">   --->   Core 18 'FAddSub_fulldsp' <Latency = 6> <II = 1> <Delay = 2.34> <FuncUnit> <Opcode : 'fadd' 'fsub'> <InPorts = 2> <OutPorts = 1>
ST_17 : Operation 182 [5/7] (2.34ns)   --->   "%add3 = fadd i32 %bitcast_ln85, i32 %bitcast_ln85_1" [flood_HLS_base.cpp:86]   --->   Operation 182 'fadd' 'add3' <Predicate = true> <Delay = 2.34> <CoreInst = "FAddSub_fulldsp">   --->   Core 18 'FAddSub_fulldsp' <Latency = 6> <II = 1> <Delay = 2.34> <FuncUnit> <Opcode : 'fadd' 'fsub'> <InPorts = 2> <OutPorts = 1>
ST_17 : Operation 183 [6/7] (2.34ns)   --->   "%sub1 = fsub i32 %bitcast_ln87, i32 %bitcast_ln85_1" [flood_HLS_base.cpp:87]   --->   Operation 183 'fsub' 'sub1' <Predicate = true> <Delay = 2.34> <CoreInst = "FAddSub_fulldsp">   --->   Core 18 'FAddSub_fulldsp' <Latency = 6> <II = 1> <Delay = 2.34> <FuncUnit> <Opcode : 'fadd' 'fsub'> <InPorts = 2> <OutPorts = 1>
ST_17 : Operation 184 [6/7] (2.34ns)   --->   "%add4 = fadd i32 %bitcast_ln87, i32 %bitcast_ln85_1" [flood_HLS_base.cpp:88]   --->   Operation 184 'fadd' 'add4' <Predicate = true> <Delay = 2.34> <CoreInst = "FAddSub_fulldsp">   --->   Core 18 'FAddSub_fulldsp' <Latency = 6> <II = 1> <Delay = 2.34> <FuncUnit> <Opcode : 'fadd' 'fsub'> <InPorts = 2> <OutPorts = 1>

State 18 <SV = 17> <Delay = 2.34>
ST_18 : Operation 185 [5/7] (2.34ns)   --->   "%sub = fsub i32 %bitcast_ln85, i32 %bitcast_ln85_1" [flood_HLS_base.cpp:85]   --->   Operation 185 'fsub' 'sub' <Predicate = true> <Delay = 2.34> <CoreInst = "FAddSub_fulldsp">   --->   Core 18 'FAddSub_fulldsp' <Latency = 6> <II = 1> <Delay = 2.34> <FuncUnit> <Opcode : 'fadd' 'fsub'> <InPorts = 2> <OutPorts = 1>
ST_18 : Operation 186 [4/7] (2.34ns)   --->   "%add3 = fadd i32 %bitcast_ln85, i32 %bitcast_ln85_1" [flood_HLS_base.cpp:86]   --->   Operation 186 'fadd' 'add3' <Predicate = true> <Delay = 2.34> <CoreInst = "FAddSub_fulldsp">   --->   Core 18 'FAddSub_fulldsp' <Latency = 6> <II = 1> <Delay = 2.34> <FuncUnit> <Opcode : 'fadd' 'fsub'> <InPorts = 2> <OutPorts = 1>
ST_18 : Operation 187 [5/7] (2.34ns)   --->   "%sub1 = fsub i32 %bitcast_ln87, i32 %bitcast_ln85_1" [flood_HLS_base.cpp:87]   --->   Operation 187 'fsub' 'sub1' <Predicate = true> <Delay = 2.34> <CoreInst = "FAddSub_fulldsp">   --->   Core 18 'FAddSub_fulldsp' <Latency = 6> <II = 1> <Delay = 2.34> <FuncUnit> <Opcode : 'fadd' 'fsub'> <InPorts = 2> <OutPorts = 1>
ST_18 : Operation 188 [5/7] (2.34ns)   --->   "%add4 = fadd i32 %bitcast_ln87, i32 %bitcast_ln85_1" [flood_HLS_base.cpp:88]   --->   Operation 188 'fadd' 'add4' <Predicate = true> <Delay = 2.34> <CoreInst = "FAddSub_fulldsp">   --->   Core 18 'FAddSub_fulldsp' <Latency = 6> <II = 1> <Delay = 2.34> <FuncUnit> <Opcode : 'fadd' 'fsub'> <InPorts = 2> <OutPorts = 1>

State 19 <SV = 18> <Delay = 2.34>
ST_19 : Operation 189 [4/7] (2.34ns)   --->   "%sub = fsub i32 %bitcast_ln85, i32 %bitcast_ln85_1" [flood_HLS_base.cpp:85]   --->   Operation 189 'fsub' 'sub' <Predicate = true> <Delay = 2.34> <CoreInst = "FAddSub_fulldsp">   --->   Core 18 'FAddSub_fulldsp' <Latency = 6> <II = 1> <Delay = 2.34> <FuncUnit> <Opcode : 'fadd' 'fsub'> <InPorts = 2> <OutPorts = 1>
ST_19 : Operation 190 [3/7] (2.34ns)   --->   "%add3 = fadd i32 %bitcast_ln85, i32 %bitcast_ln85_1" [flood_HLS_base.cpp:86]   --->   Operation 190 'fadd' 'add3' <Predicate = true> <Delay = 2.34> <CoreInst = "FAddSub_fulldsp">   --->   Core 18 'FAddSub_fulldsp' <Latency = 6> <II = 1> <Delay = 2.34> <FuncUnit> <Opcode : 'fadd' 'fsub'> <InPorts = 2> <OutPorts = 1>
ST_19 : Operation 191 [4/7] (2.34ns)   --->   "%sub1 = fsub i32 %bitcast_ln87, i32 %bitcast_ln85_1" [flood_HLS_base.cpp:87]   --->   Operation 191 'fsub' 'sub1' <Predicate = true> <Delay = 2.34> <CoreInst = "FAddSub_fulldsp">   --->   Core 18 'FAddSub_fulldsp' <Latency = 6> <II = 1> <Delay = 2.34> <FuncUnit> <Opcode : 'fadd' 'fsub'> <InPorts = 2> <OutPorts = 1>
ST_19 : Operation 192 [4/7] (2.34ns)   --->   "%add4 = fadd i32 %bitcast_ln87, i32 %bitcast_ln85_1" [flood_HLS_base.cpp:88]   --->   Operation 192 'fadd' 'add4' <Predicate = true> <Delay = 2.34> <CoreInst = "FAddSub_fulldsp">   --->   Core 18 'FAddSub_fulldsp' <Latency = 6> <II = 1> <Delay = 2.34> <FuncUnit> <Opcode : 'fadd' 'fsub'> <InPorts = 2> <OutPorts = 1>

State 20 <SV = 19> <Delay = 2.34>
ST_20 : Operation 193 [3/7] (2.34ns)   --->   "%sub = fsub i32 %bitcast_ln85, i32 %bitcast_ln85_1" [flood_HLS_base.cpp:85]   --->   Operation 193 'fsub' 'sub' <Predicate = true> <Delay = 2.34> <CoreInst = "FAddSub_fulldsp">   --->   Core 18 'FAddSub_fulldsp' <Latency = 6> <II = 1> <Delay = 2.34> <FuncUnit> <Opcode : 'fadd' 'fsub'> <InPorts = 2> <OutPorts = 1>
ST_20 : Operation 194 [2/7] (2.34ns)   --->   "%add3 = fadd i32 %bitcast_ln85, i32 %bitcast_ln85_1" [flood_HLS_base.cpp:86]   --->   Operation 194 'fadd' 'add3' <Predicate = true> <Delay = 2.34> <CoreInst = "FAddSub_fulldsp">   --->   Core 18 'FAddSub_fulldsp' <Latency = 6> <II = 1> <Delay = 2.34> <FuncUnit> <Opcode : 'fadd' 'fsub'> <InPorts = 2> <OutPorts = 1>
ST_20 : Operation 195 [3/7] (2.34ns)   --->   "%sub1 = fsub i32 %bitcast_ln87, i32 %bitcast_ln85_1" [flood_HLS_base.cpp:87]   --->   Operation 195 'fsub' 'sub1' <Predicate = true> <Delay = 2.34> <CoreInst = "FAddSub_fulldsp">   --->   Core 18 'FAddSub_fulldsp' <Latency = 6> <II = 1> <Delay = 2.34> <FuncUnit> <Opcode : 'fadd' 'fsub'> <InPorts = 2> <OutPorts = 1>
ST_20 : Operation 196 [3/7] (2.34ns)   --->   "%add4 = fadd i32 %bitcast_ln87, i32 %bitcast_ln85_1" [flood_HLS_base.cpp:88]   --->   Operation 196 'fadd' 'add4' <Predicate = true> <Delay = 2.34> <CoreInst = "FAddSub_fulldsp">   --->   Core 18 'FAddSub_fulldsp' <Latency = 6> <II = 1> <Delay = 2.34> <FuncUnit> <Opcode : 'fadd' 'fsub'> <InPorts = 2> <OutPorts = 1>

State 21 <SV = 20> <Delay = 2.34>
ST_21 : Operation 197 [2/7] (2.34ns)   --->   "%sub = fsub i32 %bitcast_ln85, i32 %bitcast_ln85_1" [flood_HLS_base.cpp:85]   --->   Operation 197 'fsub' 'sub' <Predicate = true> <Delay = 2.34> <CoreInst = "FAddSub_fulldsp">   --->   Core 18 'FAddSub_fulldsp' <Latency = 6> <II = 1> <Delay = 2.34> <FuncUnit> <Opcode : 'fadd' 'fsub'> <InPorts = 2> <OutPorts = 1>
ST_21 : Operation 198 [1/7] (2.34ns)   --->   "%add3 = fadd i32 %bitcast_ln85, i32 %bitcast_ln85_1" [flood_HLS_base.cpp:86]   --->   Operation 198 'fadd' 'add3' <Predicate = true> <Delay = 2.34> <CoreInst = "FAddSub_fulldsp">   --->   Core 18 'FAddSub_fulldsp' <Latency = 6> <II = 1> <Delay = 2.34> <FuncUnit> <Opcode : 'fadd' 'fsub'> <InPorts = 2> <OutPorts = 1>
ST_21 : Operation 199 [2/7] (2.34ns)   --->   "%sub1 = fsub i32 %bitcast_ln87, i32 %bitcast_ln85_1" [flood_HLS_base.cpp:87]   --->   Operation 199 'fsub' 'sub1' <Predicate = true> <Delay = 2.34> <CoreInst = "FAddSub_fulldsp">   --->   Core 18 'FAddSub_fulldsp' <Latency = 6> <II = 1> <Delay = 2.34> <FuncUnit> <Opcode : 'fadd' 'fsub'> <InPorts = 2> <OutPorts = 1>
ST_21 : Operation 200 [2/7] (2.34ns)   --->   "%add4 = fadd i32 %bitcast_ln87, i32 %bitcast_ln85_1" [flood_HLS_base.cpp:88]   --->   Operation 200 'fadd' 'add4' <Predicate = true> <Delay = 2.34> <CoreInst = "FAddSub_fulldsp">   --->   Core 18 'FAddSub_fulldsp' <Latency = 6> <II = 1> <Delay = 2.34> <FuncUnit> <Opcode : 'fadd' 'fsub'> <InPorts = 2> <OutPorts = 1>

State 22 <SV = 21> <Delay = 2.34>
ST_22 : Operation 201 [1/7] (2.34ns)   --->   "%sub = fsub i32 %bitcast_ln85, i32 %bitcast_ln85_1" [flood_HLS_base.cpp:85]   --->   Operation 201 'fsub' 'sub' <Predicate = true> <Delay = 2.34> <CoreInst = "FAddSub_fulldsp">   --->   Core 18 'FAddSub_fulldsp' <Latency = 6> <II = 1> <Delay = 2.34> <FuncUnit> <Opcode : 'fadd' 'fsub'> <InPorts = 2> <OutPorts = 1>
ST_22 : Operation 202 [1/1] (0.00ns)   --->   "%bitcast_ln86 = bitcast i32 %add3" [flood_HLS_base.cpp:86]   --->   Operation 202 'bitcast' 'bitcast_ln86' <Predicate = true> <Delay = 0.00>
ST_22 : Operation 203 [1/1] (0.00ns)   --->   "%tmp_28 = partselect i8 @_ssdm_op_PartSelect.i8.i32.i32.i32, i32 %bitcast_ln86, i32 23, i32 30" [flood_HLS_base.cpp:86]   --->   Operation 203 'partselect' 'tmp_28' <Predicate = true> <Delay = 0.00>
ST_22 : Operation 204 [1/1] (0.00ns)   --->   "%trunc_ln86 = trunc i32 %bitcast_ln86" [flood_HLS_base.cpp:86]   --->   Operation 204 'trunc' 'trunc_ln86' <Predicate = true> <Delay = 0.00>
ST_22 : Operation 205 [1/1] (0.70ns)   --->   "%icmp_ln86 = icmp_ne  i8 %tmp_28, i8 255" [flood_HLS_base.cpp:86]   --->   Operation 205 'icmp' 'icmp_ln86' <Predicate = true> <Delay = 0.70> <CoreInst = "Cmp">   --->   Core 9 'Cmp' <Latency = 0> <II = 1> <Delay = 0.70> <FuncUnit> <Opcode : 'seteq' 'setne' 'setle' 'setge' 'setlt' 'setgt'> <InPorts = 2> <OutPorts = 1>
ST_22 : Operation 206 [1/1] (0.82ns)   --->   "%icmp_ln86_1 = icmp_eq  i23 %trunc_ln86, i23 0" [flood_HLS_base.cpp:86]   --->   Operation 206 'icmp' 'icmp_ln86_1' <Predicate = true> <Delay = 0.82> <CoreInst = "Cmp">   --->   Core 9 'Cmp' <Latency = 0> <II = 1> <Delay = 0.82> <FuncUnit> <Opcode : 'seteq' 'setne' 'setle' 'setge' 'setlt' 'setgt'> <InPorts = 2> <OutPorts = 1>
ST_22 : Operation 207 [2/2] (1.64ns)   --->   "%tmp_29 = fcmp_olt  i32 %add3, i32 30" [flood_HLS_base.cpp:86]   --->   Operation 207 'fcmp' 'tmp_29' <Predicate = true> <Delay = 1.64> <CoreInst = "FCompare">   --->   Core 19 'FCompare' <Latency = 1> <II = 1> <Delay = 1.64> <FuncUnit> <Opcode : 'fcmp'> <InPorts = 2> <OutPorts = 1>
ST_22 : Operation 208 [4/4] (2.32ns)   --->   "%add87_op = fmul i32 %add3, i32 90" [flood_HLS_base.cpp:86]   --->   Operation 208 'fmul' 'add87_op' <Predicate = true> <Delay = 2.32> <CoreInst = "FMul_maxdsp">   --->   Core 30 'FMul_maxdsp' <Latency = 3> <II = 1> <Delay = 2.32> <FuncUnit> <Opcode : 'fmul'> <InPorts = 2> <OutPorts = 1>
ST_22 : Operation 209 [1/7] (2.34ns)   --->   "%sub1 = fsub i32 %bitcast_ln87, i32 %bitcast_ln85_1" [flood_HLS_base.cpp:87]   --->   Operation 209 'fsub' 'sub1' <Predicate = true> <Delay = 2.34> <CoreInst = "FAddSub_fulldsp">   --->   Core 18 'FAddSub_fulldsp' <Latency = 6> <II = 1> <Delay = 2.34> <FuncUnit> <Opcode : 'fadd' 'fsub'> <InPorts = 2> <OutPorts = 1>
ST_22 : Operation 210 [1/7] (2.34ns)   --->   "%add4 = fadd i32 %bitcast_ln87, i32 %bitcast_ln85_1" [flood_HLS_base.cpp:88]   --->   Operation 210 'fadd' 'add4' <Predicate = true> <Delay = 2.34> <CoreInst = "FAddSub_fulldsp">   --->   Core 18 'FAddSub_fulldsp' <Latency = 6> <II = 1> <Delay = 2.34> <FuncUnit> <Opcode : 'fadd' 'fsub'> <InPorts = 2> <OutPorts = 1>

State 23 <SV = 22> <Delay = 2.32>
ST_23 : Operation 211 [1/1] (0.00ns)   --->   "%bitcast_ln85_2 = bitcast i32 %sub" [flood_HLS_base.cpp:85]   --->   Operation 211 'bitcast' 'bitcast_ln85_2' <Predicate = true> <Delay = 0.00>
ST_23 : Operation 212 [1/1] (0.00ns)   --->   "%tmp_26 = partselect i8 @_ssdm_op_PartSelect.i8.i32.i32.i32, i32 %bitcast_ln85_2, i32 23, i32 30" [flood_HLS_base.cpp:85]   --->   Operation 212 'partselect' 'tmp_26' <Predicate = true> <Delay = 0.00>
ST_23 : Operation 213 [1/1] (0.00ns)   --->   "%trunc_ln85_2 = trunc i32 %bitcast_ln85_2" [flood_HLS_base.cpp:85]   --->   Operation 213 'trunc' 'trunc_ln85_2' <Predicate = true> <Delay = 0.00>
ST_23 : Operation 214 [1/1] (0.70ns)   --->   "%icmp_ln85 = icmp_ne  i8 %tmp_26, i8 255" [flood_HLS_base.cpp:85]   --->   Operation 214 'icmp' 'icmp_ln85' <Predicate = true> <Delay = 0.70> <CoreInst = "Cmp">   --->   Core 9 'Cmp' <Latency = 0> <II = 1> <Delay = 0.70> <FuncUnit> <Opcode : 'seteq' 'setne' 'setle' 'setge' 'setlt' 'setgt'> <InPorts = 2> <OutPorts = 1>
ST_23 : Operation 215 [1/1] (0.82ns)   --->   "%icmp_ln85_1 = icmp_eq  i23 %trunc_ln85_2, i23 0" [flood_HLS_base.cpp:85]   --->   Operation 215 'icmp' 'icmp_ln85_1' <Predicate = true> <Delay = 0.82> <CoreInst = "Cmp">   --->   Core 9 'Cmp' <Latency = 0> <II = 1> <Delay = 0.82> <FuncUnit> <Opcode : 'seteq' 'setne' 'setle' 'setge' 'setlt' 'setgt'> <InPorts = 2> <OutPorts = 1>
ST_23 : Operation 216 [2/2] (1.64ns)   --->   "%tmp_27 = fcmp_olt  i32 %sub, i32 0" [flood_HLS_base.cpp:85]   --->   Operation 216 'fcmp' 'tmp_27' <Predicate = true> <Delay = 1.64> <CoreInst = "FCompare">   --->   Core 19 'FCompare' <Latency = 1> <II = 1> <Delay = 1.64> <FuncUnit> <Opcode : 'fcmp'> <InPorts = 2> <OutPorts = 1>
ST_23 : Operation 217 [4/4] (2.32ns)   --->   "%sub_op = fmul i32 %sub, i32 90" [flood_HLS_base.cpp:85]   --->   Operation 217 'fmul' 'sub_op' <Predicate = true> <Delay = 2.32> <CoreInst = "FMul_maxdsp">   --->   Core 30 'FMul_maxdsp' <Latency = 3> <II = 1> <Delay = 2.32> <FuncUnit> <Opcode : 'fmul'> <InPorts = 2> <OutPorts = 1>
ST_23 : Operation 218 [1/2] (1.64ns)   --->   "%tmp_29 = fcmp_olt  i32 %add3, i32 30" [flood_HLS_base.cpp:86]   --->   Operation 218 'fcmp' 'tmp_29' <Predicate = true> <Delay = 1.64> <CoreInst = "FCompare">   --->   Core 19 'FCompare' <Latency = 1> <II = 1> <Delay = 1.64> <FuncUnit> <Opcode : 'fcmp'> <InPorts = 2> <OutPorts = 1>
ST_23 : Operation 219 [3/4] (2.32ns)   --->   "%add87_op = fmul i32 %add3, i32 90" [flood_HLS_base.cpp:86]   --->   Operation 219 'fmul' 'add87_op' <Predicate = true> <Delay = 2.32> <CoreInst = "FMul_maxdsp">   --->   Core 30 'FMul_maxdsp' <Latency = 3> <II = 1> <Delay = 2.32> <FuncUnit> <Opcode : 'fmul'> <InPorts = 2> <OutPorts = 1>
ST_23 : Operation 220 [1/1] (0.00ns)   --->   "%bitcast_ln87_1 = bitcast i32 %sub1" [flood_HLS_base.cpp:87]   --->   Operation 220 'bitcast' 'bitcast_ln87_1' <Predicate = true> <Delay = 0.00>
ST_23 : Operation 221 [1/1] (0.00ns)   --->   "%tmp_30 = partselect i8 @_ssdm_op_PartSelect.i8.i32.i32.i32, i32 %bitcast_ln87_1, i32 23, i32 30" [flood_HLS_base.cpp:87]   --->   Operation 221 'partselect' 'tmp_30' <Predicate = true> <Delay = 0.00>
ST_23 : Operation 222 [1/1] (0.00ns)   --->   "%trunc_ln87_1 = trunc i32 %bitcast_ln87_1" [flood_HLS_base.cpp:87]   --->   Operation 222 'trunc' 'trunc_ln87_1' <Predicate = true> <Delay = 0.00>
ST_23 : Operation 223 [1/1] (0.70ns)   --->   "%icmp_ln87 = icmp_ne  i8 %tmp_30, i8 255" [flood_HLS_base.cpp:87]   --->   Operation 223 'icmp' 'icmp_ln87' <Predicate = true> <Delay = 0.70> <CoreInst = "Cmp">   --->   Core 9 'Cmp' <Latency = 0> <II = 1> <Delay = 0.70> <FuncUnit> <Opcode : 'seteq' 'setne' 'setle' 'setge' 'setlt' 'setgt'> <InPorts = 2> <OutPorts = 1>
ST_23 : Operation 224 [1/1] (0.82ns)   --->   "%icmp_ln87_1 = icmp_eq  i23 %trunc_ln87_1, i23 0" [flood_HLS_base.cpp:87]   --->   Operation 224 'icmp' 'icmp_ln87_1' <Predicate = true> <Delay = 0.82> <CoreInst = "Cmp">   --->   Core 9 'Cmp' <Latency = 0> <II = 1> <Delay = 0.82> <FuncUnit> <Opcode : 'seteq' 'setne' 'setle' 'setge' 'setlt' 'setgt'> <InPorts = 2> <OutPorts = 1>
ST_23 : Operation 225 [2/2] (1.64ns)   --->   "%tmp_31 = fcmp_olt  i32 %sub1, i32 0" [flood_HLS_base.cpp:87]   --->   Operation 225 'fcmp' 'tmp_31' <Predicate = true> <Delay = 1.64> <CoreInst = "FCompare">   --->   Core 19 'FCompare' <Latency = 1> <II = 1> <Delay = 1.64> <FuncUnit> <Opcode : 'fcmp'> <InPorts = 2> <OutPorts = 1>
ST_23 : Operation 226 [4/4] (2.32ns)   --->   "%sub112_op = fmul i32 %sub1, i32 90" [flood_HLS_base.cpp:87]   --->   Operation 226 'fmul' 'sub112_op' <Predicate = true> <Delay = 2.32> <CoreInst = "FMul_maxdsp">   --->   Core 30 'FMul_maxdsp' <Latency = 3> <II = 1> <Delay = 2.32> <FuncUnit> <Opcode : 'fmul'> <InPorts = 2> <OutPorts = 1>
ST_23 : Operation 227 [1/1] (0.00ns)   --->   "%bitcast_ln88 = bitcast i32 %add4" [flood_HLS_base.cpp:88]   --->   Operation 227 'bitcast' 'bitcast_ln88' <Predicate = true> <Delay = 0.00>
ST_23 : Operation 228 [1/1] (0.00ns)   --->   "%tmp_32 = partselect i8 @_ssdm_op_PartSelect.i8.i32.i32.i32, i32 %bitcast_ln88, i32 23, i32 30" [flood_HLS_base.cpp:88]   --->   Operation 228 'partselect' 'tmp_32' <Predicate = true> <Delay = 0.00>
ST_23 : Operation 229 [1/1] (0.00ns)   --->   "%trunc_ln88 = trunc i32 %bitcast_ln88" [flood_HLS_base.cpp:88]   --->   Operation 229 'trunc' 'trunc_ln88' <Predicate = true> <Delay = 0.00>
ST_23 : Operation 230 [1/1] (0.70ns)   --->   "%icmp_ln88 = icmp_ne  i8 %tmp_32, i8 255" [flood_HLS_base.cpp:88]   --->   Operation 230 'icmp' 'icmp_ln88' <Predicate = true> <Delay = 0.70> <CoreInst = "Cmp">   --->   Core 9 'Cmp' <Latency = 0> <II = 1> <Delay = 0.70> <FuncUnit> <Opcode : 'seteq' 'setne' 'setle' 'setge' 'setlt' 'setgt'> <InPorts = 2> <OutPorts = 1>
ST_23 : Operation 231 [1/1] (0.82ns)   --->   "%icmp_ln88_1 = icmp_eq  i23 %trunc_ln88, i23 0" [flood_HLS_base.cpp:88]   --->   Operation 231 'icmp' 'icmp_ln88_1' <Predicate = true> <Delay = 0.82> <CoreInst = "Cmp">   --->   Core 9 'Cmp' <Latency = 0> <II = 1> <Delay = 0.82> <FuncUnit> <Opcode : 'seteq' 'setne' 'setle' 'setge' 'setlt' 'setgt'> <InPorts = 2> <OutPorts = 1>
ST_23 : Operation 232 [2/2] (1.64ns)   --->   "%tmp_33 = fcmp_olt  i32 %add4, i32 30" [flood_HLS_base.cpp:88]   --->   Operation 232 'fcmp' 'tmp_33' <Predicate = true> <Delay = 1.64> <CoreInst = "FCompare">   --->   Core 19 'FCompare' <Latency = 1> <II = 1> <Delay = 1.64> <FuncUnit> <Opcode : 'fcmp'> <InPorts = 2> <OutPorts = 1>
ST_23 : Operation 233 [4/4] (2.32ns)   --->   "%add137_op = fmul i32 %add4, i32 90" [flood_HLS_base.cpp:88]   --->   Operation 233 'fmul' 'add137_op' <Predicate = true> <Delay = 2.32> <CoreInst = "FMul_maxdsp">   --->   Core 30 'FMul_maxdsp' <Latency = 3> <II = 1> <Delay = 2.32> <FuncUnit> <Opcode : 'fmul'> <InPorts = 2> <OutPorts = 1>

State 24 <SV = 23> <Delay = 2.32>
ST_24 : Operation 234 [1/2] (1.64ns)   --->   "%tmp_27 = fcmp_olt  i32 %sub, i32 0" [flood_HLS_base.cpp:85]   --->   Operation 234 'fcmp' 'tmp_27' <Predicate = true> <Delay = 1.64> <CoreInst = "FCompare">   --->   Core 19 'FCompare' <Latency = 1> <II = 1> <Delay = 1.64> <FuncUnit> <Opcode : 'fcmp'> <InPorts = 2> <OutPorts = 1>
ST_24 : Operation 235 [3/4] (2.32ns)   --->   "%sub_op = fmul i32 %sub, i32 90" [flood_HLS_base.cpp:85]   --->   Operation 235 'fmul' 'sub_op' <Predicate = true> <Delay = 2.32> <CoreInst = "FMul_maxdsp">   --->   Core 30 'FMul_maxdsp' <Latency = 3> <II = 1> <Delay = 2.32> <FuncUnit> <Opcode : 'fmul'> <InPorts = 2> <OutPorts = 1>
ST_24 : Operation 236 [2/4] (2.32ns)   --->   "%add87_op = fmul i32 %add3, i32 90" [flood_HLS_base.cpp:86]   --->   Operation 236 'fmul' 'add87_op' <Predicate = true> <Delay = 2.32> <CoreInst = "FMul_maxdsp">   --->   Core 30 'FMul_maxdsp' <Latency = 3> <II = 1> <Delay = 2.32> <FuncUnit> <Opcode : 'fmul'> <InPorts = 2> <OutPorts = 1>
ST_24 : Operation 237 [1/2] (1.64ns)   --->   "%tmp_31 = fcmp_olt  i32 %sub1, i32 0" [flood_HLS_base.cpp:87]   --->   Operation 237 'fcmp' 'tmp_31' <Predicate = true> <Delay = 1.64> <CoreInst = "FCompare">   --->   Core 19 'FCompare' <Latency = 1> <II = 1> <Delay = 1.64> <FuncUnit> <Opcode : 'fcmp'> <InPorts = 2> <OutPorts = 1>
ST_24 : Operation 238 [3/4] (2.32ns)   --->   "%sub112_op = fmul i32 %sub1, i32 90" [flood_HLS_base.cpp:87]   --->   Operation 238 'fmul' 'sub112_op' <Predicate = true> <Delay = 2.32> <CoreInst = "FMul_maxdsp">   --->   Core 30 'FMul_maxdsp' <Latency = 3> <II = 1> <Delay = 2.32> <FuncUnit> <Opcode : 'fmul'> <InPorts = 2> <OutPorts = 1>
ST_24 : Operation 239 [1/2] (1.64ns)   --->   "%tmp_33 = fcmp_olt  i32 %add4, i32 30" [flood_HLS_base.cpp:88]   --->   Operation 239 'fcmp' 'tmp_33' <Predicate = true> <Delay = 1.64> <CoreInst = "FCompare">   --->   Core 19 'FCompare' <Latency = 1> <II = 1> <Delay = 1.64> <FuncUnit> <Opcode : 'fcmp'> <InPorts = 2> <OutPorts = 1>
ST_24 : Operation 240 [3/4] (2.32ns)   --->   "%add137_op = fmul i32 %add4, i32 90" [flood_HLS_base.cpp:88]   --->   Operation 240 'fmul' 'add137_op' <Predicate = true> <Delay = 2.32> <CoreInst = "FMul_maxdsp">   --->   Core 30 'FMul_maxdsp' <Latency = 3> <II = 1> <Delay = 2.32> <FuncUnit> <Opcode : 'fmul'> <InPorts = 2> <OutPorts = 1>

State 25 <SV = 24> <Delay = 2.54>
ST_25 : Operation 241 [2/4] (2.32ns)   --->   "%sub_op = fmul i32 %sub, i32 90" [flood_HLS_base.cpp:85]   --->   Operation 241 'fmul' 'sub_op' <Predicate = true> <Delay = 2.32> <CoreInst = "FMul_maxdsp">   --->   Core 30 'FMul_maxdsp' <Latency = 3> <II = 1> <Delay = 2.32> <FuncUnit> <Opcode : 'fmul'> <InPorts = 2> <OutPorts = 1>
ST_25 : Operation 242 [1/1] (0.00ns) (grouped into LUT with out node select_ln86)   --->   "%or_ln86 = or i1 %icmp_ln86_1, i1 %icmp_ln86" [flood_HLS_base.cpp:86]   --->   Operation 242 'or' 'or_ln86' <Predicate = true> <Delay = 0.00> <CoreInst = "LogicGate">   --->   Core 74 'LogicGate' <Latency = 0> <II = 1> <Delay = 0.12> <FuncUnit> <Opcode : 'and' 'or' 'xor'> <InPorts = 2> <OutPorts = 1>
ST_25 : Operation 243 [1/1] (0.00ns) (grouped into LUT with out node select_ln86)   --->   "%and_ln86 = and i1 %or_ln86, i1 %tmp_29" [flood_HLS_base.cpp:86]   --->   Operation 243 'and' 'and_ln86' <Predicate = true> <Delay = 0.00> <CoreInst = "LogicGate">   --->   Core 74 'LogicGate' <Latency = 0> <II = 1> <Delay = 0.12> <FuncUnit> <Opcode : 'and' 'or' 'xor'> <InPorts = 2> <OutPorts = 1>
ST_25 : Operation 244 [1/4] (2.32ns)   --->   "%add87_op = fmul i32 %add3, i32 90" [flood_HLS_base.cpp:86]   --->   Operation 244 'fmul' 'add87_op' <Predicate = true> <Delay = 2.32> <CoreInst = "FMul_maxdsp">   --->   Core 30 'FMul_maxdsp' <Latency = 3> <II = 1> <Delay = 2.32> <FuncUnit> <Opcode : 'fmul'> <InPorts = 2> <OutPorts = 1>
ST_25 : Operation 245 [1/1] (0.22ns) (out node of the LUT)   --->   "%select_ln86 = select i1 %and_ln86, i32 %add87_op, i32 2700" [flood_HLS_base.cpp:86]   --->   Operation 245 'select' 'select_ln86' <Predicate = true> <Delay = 0.22> <CoreInst = "Sel">   --->   Core 73 'Sel' <Latency = 0> <II = 1> <Delay = 0.22> <FuncUnit> <Opcode : 'select'> <InPorts = 3> <OutPorts = 1>
ST_25 : Operation 246 [2/4] (2.32ns)   --->   "%sub112_op = fmul i32 %sub1, i32 90" [flood_HLS_base.cpp:87]   --->   Operation 246 'fmul' 'sub112_op' <Predicate = true> <Delay = 2.32> <CoreInst = "FMul_maxdsp">   --->   Core 30 'FMul_maxdsp' <Latency = 3> <II = 1> <Delay = 2.32> <FuncUnit> <Opcode : 'fmul'> <InPorts = 2> <OutPorts = 1>
ST_25 : Operation 247 [2/4] (2.32ns)   --->   "%add137_op = fmul i32 %add4, i32 90" [flood_HLS_base.cpp:88]   --->   Operation 247 'fmul' 'add137_op' <Predicate = true> <Delay = 2.32> <CoreInst = "FMul_maxdsp">   --->   Core 30 'FMul_maxdsp' <Latency = 3> <II = 1> <Delay = 2.32> <FuncUnit> <Opcode : 'fmul'> <InPorts = 2> <OutPorts = 1>

State 26 <SV = 25> <Delay = 2.54>
ST_26 : Operation 248 [1/1] (0.00ns) (grouped into LUT with out node select_ln85)   --->   "%or_ln85 = or i1 %icmp_ln85_1, i1 %icmp_ln85" [flood_HLS_base.cpp:85]   --->   Operation 248 'or' 'or_ln85' <Predicate = true> <Delay = 0.00> <CoreInst = "LogicGate">   --->   Core 74 'LogicGate' <Latency = 0> <II = 1> <Delay = 0.12> <FuncUnit> <Opcode : 'and' 'or' 'xor'> <InPorts = 2> <OutPorts = 1>
ST_26 : Operation 249 [1/1] (0.00ns) (grouped into LUT with out node select_ln85)   --->   "%and_ln85 = and i1 %or_ln85, i1 %tmp_27" [flood_HLS_base.cpp:85]   --->   Operation 249 'and' 'and_ln85' <Predicate = true> <Delay = 0.00> <CoreInst = "LogicGate">   --->   Core 74 'LogicGate' <Latency = 0> <II = 1> <Delay = 0.12> <FuncUnit> <Opcode : 'and' 'or' 'xor'> <InPorts = 2> <OutPorts = 1>
ST_26 : Operation 250 [1/4] (2.32ns)   --->   "%sub_op = fmul i32 %sub, i32 90" [flood_HLS_base.cpp:85]   --->   Operation 250 'fmul' 'sub_op' <Predicate = true> <Delay = 2.32> <CoreInst = "FMul_maxdsp">   --->   Core 30 'FMul_maxdsp' <Latency = 3> <II = 1> <Delay = 2.32> <FuncUnit> <Opcode : 'fmul'> <InPorts = 2> <OutPorts = 1>
ST_26 : Operation 251 [1/1] (0.22ns) (out node of the LUT)   --->   "%select_ln85 = select i1 %and_ln85, i32 0, i32 %sub_op" [flood_HLS_base.cpp:85]   --->   Operation 251 'select' 'select_ln85' <Predicate = true> <Delay = 0.22> <CoreInst = "Sel">   --->   Core 73 'Sel' <Latency = 0> <II = 1> <Delay = 0.22> <FuncUnit> <Opcode : 'select'> <InPorts = 3> <OutPorts = 1>
ST_26 : Operation 252 [12/12] (2.32ns)   --->   "%row_end = fdiv i32 %select_ln86, i32 30" [flood_HLS_base.cpp:86]   --->   Operation 252 'fdiv' 'row_end' <Predicate = true> <Delay = 2.32> <CoreInst = "FDiv">   --->   Core 20 'FDiv' <Latency = 11> <II = 1> <Delay = 2.32> <FuncUnit> <Opcode : 'fdiv' 'frem'> <InPorts = 2> <OutPorts = 1>
ST_26 : Operation 253 [1/1] (0.00ns) (grouped into LUT with out node select_ln87)   --->   "%or_ln87 = or i1 %icmp_ln87_1, i1 %icmp_ln87" [flood_HLS_base.cpp:87]   --->   Operation 253 'or' 'or_ln87' <Predicate = true> <Delay = 0.00> <CoreInst = "LogicGate">   --->   Core 74 'LogicGate' <Latency = 0> <II = 1> <Delay = 0.12> <FuncUnit> <Opcode : 'and' 'or' 'xor'> <InPorts = 2> <OutPorts = 1>
ST_26 : Operation 254 [1/1] (0.00ns) (grouped into LUT with out node select_ln87)   --->   "%and_ln87 = and i1 %or_ln87, i1 %tmp_31" [flood_HLS_base.cpp:87]   --->   Operation 254 'and' 'and_ln87' <Predicate = true> <Delay = 0.00> <CoreInst = "LogicGate">   --->   Core 74 'LogicGate' <Latency = 0> <II = 1> <Delay = 0.12> <FuncUnit> <Opcode : 'and' 'or' 'xor'> <InPorts = 2> <OutPorts = 1>
ST_26 : Operation 255 [1/4] (2.32ns)   --->   "%sub112_op = fmul i32 %sub1, i32 90" [flood_HLS_base.cpp:87]   --->   Operation 255 'fmul' 'sub112_op' <Predicate = true> <Delay = 2.32> <CoreInst = "FMul_maxdsp">   --->   Core 30 'FMul_maxdsp' <Latency = 3> <II = 1> <Delay = 2.32> <FuncUnit> <Opcode : 'fmul'> <InPorts = 2> <OutPorts = 1>
ST_26 : Operation 256 [1/1] (0.22ns) (out node of the LUT)   --->   "%select_ln87 = select i1 %and_ln87, i32 0, i32 %sub112_op" [flood_HLS_base.cpp:87]   --->   Operation 256 'select' 'select_ln87' <Predicate = true> <Delay = 0.22> <CoreInst = "Sel">   --->   Core 73 'Sel' <Latency = 0> <II = 1> <Delay = 0.22> <FuncUnit> <Opcode : 'select'> <InPorts = 3> <OutPorts = 1>
ST_26 : Operation 257 [1/1] (0.00ns) (grouped into LUT with out node select_ln88)   --->   "%or_ln88 = or i1 %icmp_ln88_1, i1 %icmp_ln88" [flood_HLS_base.cpp:88]   --->   Operation 257 'or' 'or_ln88' <Predicate = true> <Delay = 0.00> <CoreInst = "LogicGate">   --->   Core 74 'LogicGate' <Latency = 0> <II = 1> <Delay = 0.12> <FuncUnit> <Opcode : 'and' 'or' 'xor'> <InPorts = 2> <OutPorts = 1>
ST_26 : Operation 258 [1/1] (0.00ns) (grouped into LUT with out node select_ln88)   --->   "%and_ln88 = and i1 %or_ln88, i1 %tmp_33" [flood_HLS_base.cpp:88]   --->   Operation 258 'and' 'and_ln88' <Predicate = true> <Delay = 0.00> <CoreInst = "LogicGate">   --->   Core 74 'LogicGate' <Latency = 0> <II = 1> <Delay = 0.12> <FuncUnit> <Opcode : 'and' 'or' 'xor'> <InPorts = 2> <OutPorts = 1>
ST_26 : Operation 259 [1/4] (2.32ns)   --->   "%add137_op = fmul i32 %add4, i32 90" [flood_HLS_base.cpp:88]   --->   Operation 259 'fmul' 'add137_op' <Predicate = true> <Delay = 2.32> <CoreInst = "FMul_maxdsp">   --->   Core 30 'FMul_maxdsp' <Latency = 3> <II = 1> <Delay = 2.32> <FuncUnit> <Opcode : 'fmul'> <InPorts = 2> <OutPorts = 1>
ST_26 : Operation 260 [1/1] (0.22ns) (out node of the LUT)   --->   "%select_ln88 = select i1 %and_ln88, i32 %add137_op, i32 2700" [flood_HLS_base.cpp:88]   --->   Operation 260 'select' 'select_ln88' <Predicate = true> <Delay = 0.22> <CoreInst = "Sel">   --->   Core 73 'Sel' <Latency = 0> <II = 1> <Delay = 0.22> <FuncUnit> <Opcode : 'select'> <InPorts = 3> <OutPorts = 1>

State 27 <SV = 26> <Delay = 2.32>
ST_27 : Operation 261 [12/12] (2.32ns)   --->   "%row_start = fdiv i32 %select_ln85, i32 30" [flood_HLS_base.cpp:85]   --->   Operation 261 'fdiv' 'row_start' <Predicate = true> <Delay = 2.32> <CoreInst = "FDiv">   --->   Core 20 'FDiv' <Latency = 11> <II = 1> <Delay = 2.32> <FuncUnit> <Opcode : 'fdiv' 'frem'> <InPorts = 2> <OutPorts = 1>
ST_27 : Operation 262 [11/12] (2.32ns)   --->   "%row_end = fdiv i32 %select_ln86, i32 30" [flood_HLS_base.cpp:86]   --->   Operation 262 'fdiv' 'row_end' <Predicate = true> <Delay = 2.32> <CoreInst = "FDiv">   --->   Core 20 'FDiv' <Latency = 11> <II = 1> <Delay = 2.32> <FuncUnit> <Opcode : 'fdiv' 'frem'> <InPorts = 2> <OutPorts = 1>
ST_27 : Operation 263 [12/12] (2.32ns)   --->   "%col_start = fdiv i32 %select_ln87, i32 30" [flood_HLS_base.cpp:87]   --->   Operation 263 'fdiv' 'col_start' <Predicate = true> <Delay = 2.32> <CoreInst = "FDiv">   --->   Core 20 'FDiv' <Latency = 11> <II = 1> <Delay = 2.32> <FuncUnit> <Opcode : 'fdiv' 'frem'> <InPorts = 2> <OutPorts = 1>
ST_27 : Operation 264 [12/12] (2.32ns)   --->   "%col_end = fdiv i32 %select_ln88, i32 30" [flood_HLS_base.cpp:88]   --->   Operation 264 'fdiv' 'col_end' <Predicate = true> <Delay = 2.32> <CoreInst = "FDiv">   --->   Core 20 'FDiv' <Latency = 11> <II = 1> <Delay = 2.32> <FuncUnit> <Opcode : 'fdiv' 'frem'> <InPorts = 2> <OutPorts = 1>

State 28 <SV = 27> <Delay = 2.32>
ST_28 : Operation 265 [11/12] (2.32ns)   --->   "%row_start = fdiv i32 %select_ln85, i32 30" [flood_HLS_base.cpp:85]   --->   Operation 265 'fdiv' 'row_start' <Predicate = true> <Delay = 2.32> <CoreInst = "FDiv">   --->   Core 20 'FDiv' <Latency = 11> <II = 1> <Delay = 2.32> <FuncUnit> <Opcode : 'fdiv' 'frem'> <InPorts = 2> <OutPorts = 1>
ST_28 : Operation 266 [10/12] (2.32ns)   --->   "%row_end = fdiv i32 %select_ln86, i32 30" [flood_HLS_base.cpp:86]   --->   Operation 266 'fdiv' 'row_end' <Predicate = true> <Delay = 2.32> <CoreInst = "FDiv">   --->   Core 20 'FDiv' <Latency = 11> <II = 1> <Delay = 2.32> <FuncUnit> <Opcode : 'fdiv' 'frem'> <InPorts = 2> <OutPorts = 1>
ST_28 : Operation 267 [11/12] (2.32ns)   --->   "%col_start = fdiv i32 %select_ln87, i32 30" [flood_HLS_base.cpp:87]   --->   Operation 267 'fdiv' 'col_start' <Predicate = true> <Delay = 2.32> <CoreInst = "FDiv">   --->   Core 20 'FDiv' <Latency = 11> <II = 1> <Delay = 2.32> <FuncUnit> <Opcode : 'fdiv' 'frem'> <InPorts = 2> <OutPorts = 1>
ST_28 : Operation 268 [11/12] (2.32ns)   --->   "%col_end = fdiv i32 %select_ln88, i32 30" [flood_HLS_base.cpp:88]   --->   Operation 268 'fdiv' 'col_end' <Predicate = true> <Delay = 2.32> <CoreInst = "FDiv">   --->   Core 20 'FDiv' <Latency = 11> <II = 1> <Delay = 2.32> <FuncUnit> <Opcode : 'fdiv' 'frem'> <InPorts = 2> <OutPorts = 1>

State 29 <SV = 28> <Delay = 2.32>
ST_29 : Operation 269 [10/12] (2.32ns)   --->   "%row_start = fdiv i32 %select_ln85, i32 30" [flood_HLS_base.cpp:85]   --->   Operation 269 'fdiv' 'row_start' <Predicate = true> <Delay = 2.32> <CoreInst = "FDiv">   --->   Core 20 'FDiv' <Latency = 11> <II = 1> <Delay = 2.32> <FuncUnit> <Opcode : 'fdiv' 'frem'> <InPorts = 2> <OutPorts = 1>
ST_29 : Operation 270 [9/12] (2.32ns)   --->   "%row_end = fdiv i32 %select_ln86, i32 30" [flood_HLS_base.cpp:86]   --->   Operation 270 'fdiv' 'row_end' <Predicate = true> <Delay = 2.32> <CoreInst = "FDiv">   --->   Core 20 'FDiv' <Latency = 11> <II = 1> <Delay = 2.32> <FuncUnit> <Opcode : 'fdiv' 'frem'> <InPorts = 2> <OutPorts = 1>
ST_29 : Operation 271 [10/12] (2.32ns)   --->   "%col_start = fdiv i32 %select_ln87, i32 30" [flood_HLS_base.cpp:87]   --->   Operation 271 'fdiv' 'col_start' <Predicate = true> <Delay = 2.32> <CoreInst = "FDiv">   --->   Core 20 'FDiv' <Latency = 11> <II = 1> <Delay = 2.32> <FuncUnit> <Opcode : 'fdiv' 'frem'> <InPorts = 2> <OutPorts = 1>
ST_29 : Operation 272 [10/12] (2.32ns)   --->   "%col_end = fdiv i32 %select_ln88, i32 30" [flood_HLS_base.cpp:88]   --->   Operation 272 'fdiv' 'col_end' <Predicate = true> <Delay = 2.32> <CoreInst = "FDiv">   --->   Core 20 'FDiv' <Latency = 11> <II = 1> <Delay = 2.32> <FuncUnit> <Opcode : 'fdiv' 'frem'> <InPorts = 2> <OutPorts = 1>

State 30 <SV = 29> <Delay = 2.32>
ST_30 : Operation 273 [9/12] (2.32ns)   --->   "%row_start = fdiv i32 %select_ln85, i32 30" [flood_HLS_base.cpp:85]   --->   Operation 273 'fdiv' 'row_start' <Predicate = true> <Delay = 2.32> <CoreInst = "FDiv">   --->   Core 20 'FDiv' <Latency = 11> <II = 1> <Delay = 2.32> <FuncUnit> <Opcode : 'fdiv' 'frem'> <InPorts = 2> <OutPorts = 1>
ST_30 : Operation 274 [8/12] (2.32ns)   --->   "%row_end = fdiv i32 %select_ln86, i32 30" [flood_HLS_base.cpp:86]   --->   Operation 274 'fdiv' 'row_end' <Predicate = true> <Delay = 2.32> <CoreInst = "FDiv">   --->   Core 20 'FDiv' <Latency = 11> <II = 1> <Delay = 2.32> <FuncUnit> <Opcode : 'fdiv' 'frem'> <InPorts = 2> <OutPorts = 1>
ST_30 : Operation 275 [9/12] (2.32ns)   --->   "%col_start = fdiv i32 %select_ln87, i32 30" [flood_HLS_base.cpp:87]   --->   Operation 275 'fdiv' 'col_start' <Predicate = true> <Delay = 2.32> <CoreInst = "FDiv">   --->   Core 20 'FDiv' <Latency = 11> <II = 1> <Delay = 2.32> <FuncUnit> <Opcode : 'fdiv' 'frem'> <InPorts = 2> <OutPorts = 1>
ST_30 : Operation 276 [9/12] (2.32ns)   --->   "%col_end = fdiv i32 %select_ln88, i32 30" [flood_HLS_base.cpp:88]   --->   Operation 276 'fdiv' 'col_end' <Predicate = true> <Delay = 2.32> <CoreInst = "FDiv">   --->   Core 20 'FDiv' <Latency = 11> <II = 1> <Delay = 2.32> <FuncUnit> <Opcode : 'fdiv' 'frem'> <InPorts = 2> <OutPorts = 1>

State 31 <SV = 30> <Delay = 2.32>
ST_31 : Operation 277 [8/12] (2.32ns)   --->   "%row_start = fdiv i32 %select_ln85, i32 30" [flood_HLS_base.cpp:85]   --->   Operation 277 'fdiv' 'row_start' <Predicate = true> <Delay = 2.32> <CoreInst = "FDiv">   --->   Core 20 'FDiv' <Latency = 11> <II = 1> <Delay = 2.32> <FuncUnit> <Opcode : 'fdiv' 'frem'> <InPorts = 2> <OutPorts = 1>
ST_31 : Operation 278 [7/12] (2.32ns)   --->   "%row_end = fdiv i32 %select_ln86, i32 30" [flood_HLS_base.cpp:86]   --->   Operation 278 'fdiv' 'row_end' <Predicate = true> <Delay = 2.32> <CoreInst = "FDiv">   --->   Core 20 'FDiv' <Latency = 11> <II = 1> <Delay = 2.32> <FuncUnit> <Opcode : 'fdiv' 'frem'> <InPorts = 2> <OutPorts = 1>
ST_31 : Operation 279 [8/12] (2.32ns)   --->   "%col_start = fdiv i32 %select_ln87, i32 30" [flood_HLS_base.cpp:87]   --->   Operation 279 'fdiv' 'col_start' <Predicate = true> <Delay = 2.32> <CoreInst = "FDiv">   --->   Core 20 'FDiv' <Latency = 11> <II = 1> <Delay = 2.32> <FuncUnit> <Opcode : 'fdiv' 'frem'> <InPorts = 2> <OutPorts = 1>
ST_31 : Operation 280 [8/12] (2.32ns)   --->   "%col_end = fdiv i32 %select_ln88, i32 30" [flood_HLS_base.cpp:88]   --->   Operation 280 'fdiv' 'col_end' <Predicate = true> <Delay = 2.32> <CoreInst = "FDiv">   --->   Core 20 'FDiv' <Latency = 11> <II = 1> <Delay = 2.32> <FuncUnit> <Opcode : 'fdiv' 'frem'> <InPorts = 2> <OutPorts = 1>

State 32 <SV = 31> <Delay = 2.32>
ST_32 : Operation 281 [7/12] (2.32ns)   --->   "%row_start = fdiv i32 %select_ln85, i32 30" [flood_HLS_base.cpp:85]   --->   Operation 281 'fdiv' 'row_start' <Predicate = true> <Delay = 2.32> <CoreInst = "FDiv">   --->   Core 20 'FDiv' <Latency = 11> <II = 1> <Delay = 2.32> <FuncUnit> <Opcode : 'fdiv' 'frem'> <InPorts = 2> <OutPorts = 1>
ST_32 : Operation 282 [6/12] (2.32ns)   --->   "%row_end = fdiv i32 %select_ln86, i32 30" [flood_HLS_base.cpp:86]   --->   Operation 282 'fdiv' 'row_end' <Predicate = true> <Delay = 2.32> <CoreInst = "FDiv">   --->   Core 20 'FDiv' <Latency = 11> <II = 1> <Delay = 2.32> <FuncUnit> <Opcode : 'fdiv' 'frem'> <InPorts = 2> <OutPorts = 1>
ST_32 : Operation 283 [7/12] (2.32ns)   --->   "%col_start = fdiv i32 %select_ln87, i32 30" [flood_HLS_base.cpp:87]   --->   Operation 283 'fdiv' 'col_start' <Predicate = true> <Delay = 2.32> <CoreInst = "FDiv">   --->   Core 20 'FDiv' <Latency = 11> <II = 1> <Delay = 2.32> <FuncUnit> <Opcode : 'fdiv' 'frem'> <InPorts = 2> <OutPorts = 1>
ST_32 : Operation 284 [7/12] (2.32ns)   --->   "%col_end = fdiv i32 %select_ln88, i32 30" [flood_HLS_base.cpp:88]   --->   Operation 284 'fdiv' 'col_end' <Predicate = true> <Delay = 2.32> <CoreInst = "FDiv">   --->   Core 20 'FDiv' <Latency = 11> <II = 1> <Delay = 2.32> <FuncUnit> <Opcode : 'fdiv' 'frem'> <InPorts = 2> <OutPorts = 1>

State 33 <SV = 32> <Delay = 2.32>
ST_33 : Operation 285 [6/12] (2.32ns)   --->   "%row_start = fdiv i32 %select_ln85, i32 30" [flood_HLS_base.cpp:85]   --->   Operation 285 'fdiv' 'row_start' <Predicate = true> <Delay = 2.32> <CoreInst = "FDiv">   --->   Core 20 'FDiv' <Latency = 11> <II = 1> <Delay = 2.32> <FuncUnit> <Opcode : 'fdiv' 'frem'> <InPorts = 2> <OutPorts = 1>
ST_33 : Operation 286 [5/12] (2.32ns)   --->   "%row_end = fdiv i32 %select_ln86, i32 30" [flood_HLS_base.cpp:86]   --->   Operation 286 'fdiv' 'row_end' <Predicate = true> <Delay = 2.32> <CoreInst = "FDiv">   --->   Core 20 'FDiv' <Latency = 11> <II = 1> <Delay = 2.32> <FuncUnit> <Opcode : 'fdiv' 'frem'> <InPorts = 2> <OutPorts = 1>
ST_33 : Operation 287 [6/12] (2.32ns)   --->   "%col_start = fdiv i32 %select_ln87, i32 30" [flood_HLS_base.cpp:87]   --->   Operation 287 'fdiv' 'col_start' <Predicate = true> <Delay = 2.32> <CoreInst = "FDiv">   --->   Core 20 'FDiv' <Latency = 11> <II = 1> <Delay = 2.32> <FuncUnit> <Opcode : 'fdiv' 'frem'> <InPorts = 2> <OutPorts = 1>
ST_33 : Operation 288 [6/12] (2.32ns)   --->   "%col_end = fdiv i32 %select_ln88, i32 30" [flood_HLS_base.cpp:88]   --->   Operation 288 'fdiv' 'col_end' <Predicate = true> <Delay = 2.32> <CoreInst = "FDiv">   --->   Core 20 'FDiv' <Latency = 11> <II = 1> <Delay = 2.32> <FuncUnit> <Opcode : 'fdiv' 'frem'> <InPorts = 2> <OutPorts = 1>

State 34 <SV = 33> <Delay = 2.32>
ST_34 : Operation 289 [5/12] (2.32ns)   --->   "%row_start = fdiv i32 %select_ln85, i32 30" [flood_HLS_base.cpp:85]   --->   Operation 289 'fdiv' 'row_start' <Predicate = true> <Delay = 2.32> <CoreInst = "FDiv">   --->   Core 20 'FDiv' <Latency = 11> <II = 1> <Delay = 2.32> <FuncUnit> <Opcode : 'fdiv' 'frem'> <InPorts = 2> <OutPorts = 1>
ST_34 : Operation 290 [4/12] (2.32ns)   --->   "%row_end = fdiv i32 %select_ln86, i32 30" [flood_HLS_base.cpp:86]   --->   Operation 290 'fdiv' 'row_end' <Predicate = true> <Delay = 2.32> <CoreInst = "FDiv">   --->   Core 20 'FDiv' <Latency = 11> <II = 1> <Delay = 2.32> <FuncUnit> <Opcode : 'fdiv' 'frem'> <InPorts = 2> <OutPorts = 1>
ST_34 : Operation 291 [5/12] (2.32ns)   --->   "%col_start = fdiv i32 %select_ln87, i32 30" [flood_HLS_base.cpp:87]   --->   Operation 291 'fdiv' 'col_start' <Predicate = true> <Delay = 2.32> <CoreInst = "FDiv">   --->   Core 20 'FDiv' <Latency = 11> <II = 1> <Delay = 2.32> <FuncUnit> <Opcode : 'fdiv' 'frem'> <InPorts = 2> <OutPorts = 1>
ST_34 : Operation 292 [5/12] (2.32ns)   --->   "%col_end = fdiv i32 %select_ln88, i32 30" [flood_HLS_base.cpp:88]   --->   Operation 292 'fdiv' 'col_end' <Predicate = true> <Delay = 2.32> <CoreInst = "FDiv">   --->   Core 20 'FDiv' <Latency = 11> <II = 1> <Delay = 2.32> <FuncUnit> <Opcode : 'fdiv' 'frem'> <InPorts = 2> <OutPorts = 1>

State 35 <SV = 34> <Delay = 2.32>
ST_35 : Operation 293 [4/12] (2.32ns)   --->   "%row_start = fdiv i32 %select_ln85, i32 30" [flood_HLS_base.cpp:85]   --->   Operation 293 'fdiv' 'row_start' <Predicate = true> <Delay = 2.32> <CoreInst = "FDiv">   --->   Core 20 'FDiv' <Latency = 11> <II = 1> <Delay = 2.32> <FuncUnit> <Opcode : 'fdiv' 'frem'> <InPorts = 2> <OutPorts = 1>
ST_35 : Operation 294 [3/12] (2.32ns)   --->   "%row_end = fdiv i32 %select_ln86, i32 30" [flood_HLS_base.cpp:86]   --->   Operation 294 'fdiv' 'row_end' <Predicate = true> <Delay = 2.32> <CoreInst = "FDiv">   --->   Core 20 'FDiv' <Latency = 11> <II = 1> <Delay = 2.32> <FuncUnit> <Opcode : 'fdiv' 'frem'> <InPorts = 2> <OutPorts = 1>
ST_35 : Operation 295 [4/12] (2.32ns)   --->   "%col_start = fdiv i32 %select_ln87, i32 30" [flood_HLS_base.cpp:87]   --->   Operation 295 'fdiv' 'col_start' <Predicate = true> <Delay = 2.32> <CoreInst = "FDiv">   --->   Core 20 'FDiv' <Latency = 11> <II = 1> <Delay = 2.32> <FuncUnit> <Opcode : 'fdiv' 'frem'> <InPorts = 2> <OutPorts = 1>
ST_35 : Operation 296 [4/12] (2.32ns)   --->   "%col_end = fdiv i32 %select_ln88, i32 30" [flood_HLS_base.cpp:88]   --->   Operation 296 'fdiv' 'col_end' <Predicate = true> <Delay = 2.32> <CoreInst = "FDiv">   --->   Core 20 'FDiv' <Latency = 11> <II = 1> <Delay = 2.32> <FuncUnit> <Opcode : 'fdiv' 'frem'> <InPorts = 2> <OutPorts = 1>

State 36 <SV = 35> <Delay = 2.32>
ST_36 : Operation 297 [3/12] (2.32ns)   --->   "%row_start = fdiv i32 %select_ln85, i32 30" [flood_HLS_base.cpp:85]   --->   Operation 297 'fdiv' 'row_start' <Predicate = true> <Delay = 2.32> <CoreInst = "FDiv">   --->   Core 20 'FDiv' <Latency = 11> <II = 1> <Delay = 2.32> <FuncUnit> <Opcode : 'fdiv' 'frem'> <InPorts = 2> <OutPorts = 1>
ST_36 : Operation 298 [2/12] (2.32ns)   --->   "%row_end = fdiv i32 %select_ln86, i32 30" [flood_HLS_base.cpp:86]   --->   Operation 298 'fdiv' 'row_end' <Predicate = true> <Delay = 2.32> <CoreInst = "FDiv">   --->   Core 20 'FDiv' <Latency = 11> <II = 1> <Delay = 2.32> <FuncUnit> <Opcode : 'fdiv' 'frem'> <InPorts = 2> <OutPorts = 1>
ST_36 : Operation 299 [3/12] (2.32ns)   --->   "%col_start = fdiv i32 %select_ln87, i32 30" [flood_HLS_base.cpp:87]   --->   Operation 299 'fdiv' 'col_start' <Predicate = true> <Delay = 2.32> <CoreInst = "FDiv">   --->   Core 20 'FDiv' <Latency = 11> <II = 1> <Delay = 2.32> <FuncUnit> <Opcode : 'fdiv' 'frem'> <InPorts = 2> <OutPorts = 1>
ST_36 : Operation 300 [3/12] (2.32ns)   --->   "%col_end = fdiv i32 %select_ln88, i32 30" [flood_HLS_base.cpp:88]   --->   Operation 300 'fdiv' 'col_end' <Predicate = true> <Delay = 2.32> <CoreInst = "FDiv">   --->   Core 20 'FDiv' <Latency = 11> <II = 1> <Delay = 2.32> <FuncUnit> <Opcode : 'fdiv' 'frem'> <InPorts = 2> <OutPorts = 1>

State 37 <SV = 36> <Delay = 2.32>
ST_37 : Operation 301 [2/12] (2.32ns)   --->   "%row_start = fdiv i32 %select_ln85, i32 30" [flood_HLS_base.cpp:85]   --->   Operation 301 'fdiv' 'row_start' <Predicate = true> <Delay = 2.32> <CoreInst = "FDiv">   --->   Core 20 'FDiv' <Latency = 11> <II = 1> <Delay = 2.32> <FuncUnit> <Opcode : 'fdiv' 'frem'> <InPorts = 2> <OutPorts = 1>
ST_37 : Operation 302 [1/12] (2.32ns)   --->   "%row_end = fdiv i32 %select_ln86, i32 30" [flood_HLS_base.cpp:86]   --->   Operation 302 'fdiv' 'row_end' <Predicate = true> <Delay = 2.32> <CoreInst = "FDiv">   --->   Core 20 'FDiv' <Latency = 11> <II = 1> <Delay = 2.32> <FuncUnit> <Opcode : 'fdiv' 'frem'> <InPorts = 2> <OutPorts = 1>
ST_37 : Operation 303 [2/12] (2.32ns)   --->   "%col_start = fdiv i32 %select_ln87, i32 30" [flood_HLS_base.cpp:87]   --->   Operation 303 'fdiv' 'col_start' <Predicate = true> <Delay = 2.32> <CoreInst = "FDiv">   --->   Core 20 'FDiv' <Latency = 11> <II = 1> <Delay = 2.32> <FuncUnit> <Opcode : 'fdiv' 'frem'> <InPorts = 2> <OutPorts = 1>
ST_37 : Operation 304 [2/12] (2.32ns)   --->   "%col_end = fdiv i32 %select_ln88, i32 30" [flood_HLS_base.cpp:88]   --->   Operation 304 'fdiv' 'col_end' <Predicate = true> <Delay = 2.32> <CoreInst = "FDiv">   --->   Core 20 'FDiv' <Latency = 11> <II = 1> <Delay = 2.32> <FuncUnit> <Opcode : 'fdiv' 'frem'> <InPorts = 2> <OutPorts = 1>

State 38 <SV = 37> <Delay = 2.32>
ST_38 : Operation 305 [1/1] (0.00ns)   --->   "%speclooptripcount_ln83 = speclooptripcount void @_ssdm_op_SpecLoopTripCount, i64 9, i64 9, i64 9" [flood_HLS_base.cpp:83]   --->   Operation 305 'speclooptripcount' 'speclooptripcount_ln83' <Predicate = true> <Delay = 0.00>
ST_38 : Operation 306 [1/1] (0.00ns)   --->   "%specloopname_ln83 = specloopname void @_ssdm_op_SpecLoopName, void @empty_7" [flood_HLS_base.cpp:83]   --->   Operation 306 'specloopname' 'specloopname_ln83' <Predicate = true> <Delay = 0.00>
ST_38 : Operation 307 [1/12] (2.32ns)   --->   "%row_start = fdiv i32 %select_ln85, i32 30" [flood_HLS_base.cpp:85]   --->   Operation 307 'fdiv' 'row_start' <Predicate = true> <Delay = 2.32> <CoreInst = "FDiv">   --->   Core 20 'FDiv' <Latency = 11> <II = 1> <Delay = 2.32> <FuncUnit> <Opcode : 'fdiv' 'frem'> <InPorts = 2> <OutPorts = 1>
ST_38 : Operation 308 [1/12] (2.32ns)   --->   "%col_start = fdiv i32 %select_ln87, i32 30" [flood_HLS_base.cpp:87]   --->   Operation 308 'fdiv' 'col_start' <Predicate = true> <Delay = 2.32> <CoreInst = "FDiv">   --->   Core 20 'FDiv' <Latency = 11> <II = 1> <Delay = 2.32> <FuncUnit> <Opcode : 'fdiv' 'frem'> <InPorts = 2> <OutPorts = 1>
ST_38 : Operation 309 [1/12] (2.32ns)   --->   "%col_end = fdiv i32 %select_ln88, i32 30" [flood_HLS_base.cpp:88]   --->   Operation 309 'fdiv' 'col_end' <Predicate = true> <Delay = 2.32> <CoreInst = "FDiv">   --->   Core 20 'FDiv' <Latency = 11> <II = 1> <Delay = 2.32> <FuncUnit> <Opcode : 'fdiv' 'frem'> <InPorts = 2> <OutPorts = 1>
ST_38 : Operation 310 [1/1] (0.00ns)   --->   "%bitcast_ln92_1 = bitcast i32 %row_end" [flood_HLS_base.cpp:92]   --->   Operation 310 'bitcast' 'bitcast_ln92_1' <Predicate = true> <Delay = 0.00>
ST_38 : Operation 311 [1/1] (0.00ns)   --->   "%tmp_34 = partselect i8 @_ssdm_op_PartSelect.i8.i32.i32.i32, i32 %bitcast_ln92_1, i32 23, i32 30" [flood_HLS_base.cpp:92]   --->   Operation 311 'partselect' 'tmp_34' <Predicate = true> <Delay = 0.00>
ST_38 : Operation 312 [1/1] (0.00ns)   --->   "%trunc_ln92 = trunc i32 %bitcast_ln92_1" [flood_HLS_base.cpp:92]   --->   Operation 312 'trunc' 'trunc_ln92' <Predicate = true> <Delay = 0.00>
ST_38 : Operation 313 [1/1] (0.70ns)   --->   "%icmp_ln92_2 = icmp_ne  i8 %tmp_34, i8 255" [flood_HLS_base.cpp:92]   --->   Operation 313 'icmp' 'icmp_ln92_2' <Predicate = true> <Delay = 0.70> <CoreInst = "Cmp">   --->   Core 9 'Cmp' <Latency = 0> <II = 1> <Delay = 0.70> <FuncUnit> <Opcode : 'seteq' 'setne' 'setle' 'setge' 'setlt' 'setgt'> <InPorts = 2> <OutPorts = 1>
ST_38 : Operation 314 [1/1] (0.82ns)   --->   "%icmp_ln92_3 = icmp_eq  i23 %trunc_ln92, i23 0" [flood_HLS_base.cpp:92]   --->   Operation 314 'icmp' 'icmp_ln92_3' <Predicate = true> <Delay = 0.82> <CoreInst = "Cmp">   --->   Core 9 'Cmp' <Latency = 0> <II = 1> <Delay = 0.82> <FuncUnit> <Opcode : 'seteq' 'setne' 'setle' 'setge' 'setlt' 'setgt'> <InPorts = 2> <OutPorts = 1>
ST_38 : Operation 315 [1/1] (0.12ns)   --->   "%or_ln92_1 = or i1 %icmp_ln92_3, i1 %icmp_ln92_2" [flood_HLS_base.cpp:92]   --->   Operation 315 'or' 'or_ln92_1' <Predicate = true> <Delay = 0.12> <CoreInst = "LogicGate">   --->   Core 74 'LogicGate' <Latency = 0> <II = 1> <Delay = 0.12> <FuncUnit> <Opcode : 'and' 'or' 'xor'> <InPorts = 2> <OutPorts = 1>
ST_38 : Operation 316 [1/1] (0.00ns)   --->   "%bitcast_ln93 = bitcast i32 %col_end" [flood_HLS_base.cpp:93]   --->   Operation 316 'bitcast' 'bitcast_ln93' <Predicate = true> <Delay = 0.00>
ST_38 : Operation 317 [1/1] (0.00ns)   --->   "%trunc_ln93 = trunc i32 %bitcast_ln93" [flood_HLS_base.cpp:93]   --->   Operation 317 'trunc' 'trunc_ln93' <Predicate = true> <Delay = 0.00>
ST_38 : Operation 318 [1/1] (0.38ns)   --->   "%br_ln92 = br void %for.cond156" [flood_HLS_base.cpp:92]   --->   Operation 318 'br' 'br_ln92' <Predicate = true> <Delay = 0.38>

State 39 <SV = 38> <Delay = 1.64>
ST_39 : Operation 319 [1/1] (0.00ns)   --->   "%row_pos_1 = phi i32 %row_start, void %for.body60.split, i32 %row_pos_2, void %VITIS_LOOP_93_8"   --->   Operation 319 'phi' 'row_pos_1' <Predicate = true> <Delay = 0.00>
ST_39 : Operation 320 [2/2] (1.64ns)   --->   "%tmp_36 = fcmp_olt  i32 %row_pos_1, i32 %row_end" [flood_HLS_base.cpp:92]   --->   Operation 320 'fcmp' 'tmp_36' <Predicate = true> <Delay = 1.64> <CoreInst = "FCompare">   --->   Core 19 'FCompare' <Latency = 1> <II = 1> <Delay = 1.64> <FuncUnit> <Opcode : 'fcmp'> <InPorts = 2> <OutPorts = 1>

State 40 <SV = 39> <Delay = 2.34>
ST_40 : Operation 321 [1/1] (0.00ns)   --->   "%empty_84 = phi i416 %empty_83, void %for.body60.split, i416 %p_loc_load, void %VITIS_LOOP_93_8" [flood_HLS_base.cpp:253]   --->   Operation 321 'phi' 'empty_84' <Predicate = true> <Delay = 0.00>
ST_40 : Operation 322 [1/1] (0.00ns)   --->   "%bitcast_ln92 = bitcast i32 %row_pos_1" [flood_HLS_base.cpp:92]   --->   Operation 322 'bitcast' 'bitcast_ln92' <Predicate = true> <Delay = 0.00>
ST_40 : Operation 323 [1/1] (0.00ns)   --->   "%tmp_35 = partselect i8 @_ssdm_op_PartSelect.i8.i32.i32.i32, i32 %bitcast_ln92, i32 23, i32 30" [flood_HLS_base.cpp:92]   --->   Operation 323 'partselect' 'tmp_35' <Predicate = true> <Delay = 0.00>
ST_40 : Operation 324 [1/1] (0.00ns)   --->   "%trunc_ln92_1 = trunc i32 %bitcast_ln92" [flood_HLS_base.cpp:92]   --->   Operation 324 'trunc' 'trunc_ln92_1' <Predicate = true> <Delay = 0.00>
ST_40 : Operation 325 [1/1] (0.70ns)   --->   "%icmp_ln92 = icmp_ne  i8 %tmp_35, i8 255" [flood_HLS_base.cpp:92]   --->   Operation 325 'icmp' 'icmp_ln92' <Predicate = true> <Delay = 0.70> <CoreInst = "Cmp">   --->   Core 9 'Cmp' <Latency = 0> <II = 1> <Delay = 0.70> <FuncUnit> <Opcode : 'seteq' 'setne' 'setle' 'setge' 'setlt' 'setgt'> <InPorts = 2> <OutPorts = 1>
ST_40 : Operation 326 [1/1] (0.82ns)   --->   "%icmp_ln92_1 = icmp_eq  i23 %trunc_ln92_1, i23 0" [flood_HLS_base.cpp:92]   --->   Operation 326 'icmp' 'icmp_ln92_1' <Predicate = true> <Delay = 0.82> <CoreInst = "Cmp">   --->   Core 9 'Cmp' <Latency = 0> <II = 1> <Delay = 0.82> <FuncUnit> <Opcode : 'seteq' 'setne' 'setle' 'setge' 'setlt' 'setgt'> <InPorts = 2> <OutPorts = 1>
ST_40 : Operation 327 [1/1] (0.00ns) (grouped into LUT with out node and_ln92_1)   --->   "%or_ln92 = or i1 %icmp_ln92_1, i1 %icmp_ln92" [flood_HLS_base.cpp:92]   --->   Operation 327 'or' 'or_ln92' <Predicate = true> <Delay = 0.00> <CoreInst = "LogicGate">   --->   Core 74 'LogicGate' <Latency = 0> <II = 1> <Delay = 0.12> <FuncUnit> <Opcode : 'and' 'or' 'xor'> <InPorts = 2> <OutPorts = 1>
ST_40 : Operation 328 [1/1] (0.00ns) (grouped into LUT with out node and_ln92_1)   --->   "%and_ln92 = and i1 %or_ln92, i1 %or_ln92_1" [flood_HLS_base.cpp:92]   --->   Operation 328 'and' 'and_ln92' <Predicate = true> <Delay = 0.00> <CoreInst = "LogicGate">   --->   Core 74 'LogicGate' <Latency = 0> <II = 1> <Delay = 0.12> <FuncUnit> <Opcode : 'and' 'or' 'xor'> <InPorts = 2> <OutPorts = 1>
ST_40 : Operation 329 [1/2] (1.64ns)   --->   "%tmp_36 = fcmp_olt  i32 %row_pos_1, i32 %row_end" [flood_HLS_base.cpp:92]   --->   Operation 329 'fcmp' 'tmp_36' <Predicate = true> <Delay = 1.64> <CoreInst = "FCompare">   --->   Core 19 'FCompare' <Latency = 1> <II = 1> <Delay = 1.64> <FuncUnit> <Opcode : 'fcmp'> <InPorts = 2> <OutPorts = 1>
ST_40 : Operation 330 [1/1] (0.12ns) (out node of the LUT)   --->   "%and_ln92_1 = and i1 %and_ln92, i1 %tmp_36" [flood_HLS_base.cpp:92]   --->   Operation 330 'and' 'and_ln92_1' <Predicate = true> <Delay = 0.12> <CoreInst = "LogicGate">   --->   Core 74 'LogicGate' <Latency = 0> <II = 1> <Delay = 0.12> <FuncUnit> <Opcode : 'and' 'or' 'xor'> <InPorts = 2> <OutPorts = 1>
ST_40 : Operation 331 [1/1] (0.00ns)   --->   "%br_ln92 = br i1 %and_ln92_1, void %for.inc242, void %VITIS_LOOP_93_8" [flood_HLS_base.cpp:92]   --->   Operation 331 'br' 'br_ln92' <Predicate = true> <Delay = 0.00>
ST_40 : Operation 332 [4/4] (2.32ns)   --->   "%mul = fmul i32 %row_pos_1, i32 30" [flood_HLS_base.cpp:85]   --->   Operation 332 'fmul' 'mul' <Predicate = (and_ln92_1)> <Delay = 2.32> <CoreInst = "FMul_maxdsp">   --->   Core 30 'FMul_maxdsp' <Latency = 3> <II = 1> <Delay = 2.32> <FuncUnit> <Opcode : 'fmul'> <InPorts = 2> <OutPorts = 1>
ST_40 : Operation 333 [1/1] (0.00ns)   --->   "%tmp_37 = partselect i8 @_ssdm_op_PartSelect.i8.i32.i32.i32, i32 %bitcast_ln93, i32 23, i32 30" [flood_HLS_base.cpp:93]   --->   Operation 333 'partselect' 'tmp_37' <Predicate = (and_ln92_1)> <Delay = 0.00>
ST_40 : Operation 334 [7/7] (2.34ns)   --->   "%row_pos_2 = fadd i32 %row_pos_1, i32 1" [flood_HLS_base.cpp:92]   --->   Operation 334 'fadd' 'row_pos_2' <Predicate = (and_ln92_1)> <Delay = 2.34> <CoreInst = "FAddSub_fulldsp">   --->   Core 18 'FAddSub_fulldsp' <Latency = 6> <II = 1> <Delay = 2.34> <FuncUnit> <Opcode : 'fadd' 'fsub'> <InPorts = 2> <OutPorts = 1>
ST_40 : Operation 335 [1/1] (0.00ns)   --->   "%br_ln83 = br void %for.body60" [flood_HLS_base.cpp:83]   --->   Operation 335 'br' 'br_ln83' <Predicate = (!and_ln92_1)> <Delay = 0.00>

State 41 <SV = 40> <Delay = 2.34>
ST_41 : Operation 336 [3/4] (2.32ns)   --->   "%mul = fmul i32 %row_pos_1, i32 30" [flood_HLS_base.cpp:85]   --->   Operation 336 'fmul' 'mul' <Predicate = true> <Delay = 2.32> <CoreInst = "FMul_maxdsp">   --->   Core 30 'FMul_maxdsp' <Latency = 3> <II = 1> <Delay = 2.32> <FuncUnit> <Opcode : 'fmul'> <InPorts = 2> <OutPorts = 1>
ST_41 : Operation 337 [6/7] (2.34ns)   --->   "%row_pos_2 = fadd i32 %row_pos_1, i32 1" [flood_HLS_base.cpp:92]   --->   Operation 337 'fadd' 'row_pos_2' <Predicate = true> <Delay = 2.34> <CoreInst = "FAddSub_fulldsp">   --->   Core 18 'FAddSub_fulldsp' <Latency = 6> <II = 1> <Delay = 2.34> <FuncUnit> <Opcode : 'fadd' 'fsub'> <InPorts = 2> <OutPorts = 1>

State 42 <SV = 41> <Delay = 2.34>
ST_42 : Operation 338 [2/4] (2.32ns)   --->   "%mul = fmul i32 %row_pos_1, i32 30" [flood_HLS_base.cpp:85]   --->   Operation 338 'fmul' 'mul' <Predicate = true> <Delay = 2.32> <CoreInst = "FMul_maxdsp">   --->   Core 30 'FMul_maxdsp' <Latency = 3> <II = 1> <Delay = 2.32> <FuncUnit> <Opcode : 'fmul'> <InPorts = 2> <OutPorts = 1>
ST_42 : Operation 339 [5/7] (2.34ns)   --->   "%row_pos_2 = fadd i32 %row_pos_1, i32 1" [flood_HLS_base.cpp:92]   --->   Operation 339 'fadd' 'row_pos_2' <Predicate = true> <Delay = 2.34> <CoreInst = "FAddSub_fulldsp">   --->   Core 18 'FAddSub_fulldsp' <Latency = 6> <II = 1> <Delay = 2.34> <FuncUnit> <Opcode : 'fadd' 'fsub'> <InPorts = 2> <OutPorts = 1>

State 43 <SV = 42> <Delay = 2.34>
ST_43 : Operation 340 [1/4] (2.32ns)   --->   "%mul = fmul i32 %row_pos_1, i32 30" [flood_HLS_base.cpp:85]   --->   Operation 340 'fmul' 'mul' <Predicate = true> <Delay = 2.32> <CoreInst = "FMul_maxdsp">   --->   Core 30 'FMul_maxdsp' <Latency = 3> <II = 1> <Delay = 2.32> <FuncUnit> <Opcode : 'fmul'> <InPorts = 2> <OutPorts = 1>
ST_43 : Operation 341 [4/7] (2.34ns)   --->   "%row_pos_2 = fadd i32 %row_pos_1, i32 1" [flood_HLS_base.cpp:92]   --->   Operation 341 'fadd' 'row_pos_2' <Predicate = true> <Delay = 2.34> <CoreInst = "FAddSub_fulldsp">   --->   Core 18 'FAddSub_fulldsp' <Latency = 6> <II = 1> <Delay = 2.34> <FuncUnit> <Opcode : 'fadd' 'fsub'> <InPorts = 2> <OutPorts = 1>

State 44 <SV = 43> <Delay = 2.34>
ST_44 : Operation 342 [12/12] (2.32ns)   --->   "%y_pos = fdiv i32 %mul, i32 90" [flood_HLS_base.cpp:85]   --->   Operation 342 'fdiv' 'y_pos' <Predicate = true> <Delay = 2.32> <CoreInst = "FDiv">   --->   Core 20 'FDiv' <Latency = 11> <II = 1> <Delay = 2.32> <FuncUnit> <Opcode : 'fdiv' 'frem'> <InPorts = 2> <OutPorts = 1>
ST_44 : Operation 343 [3/7] (2.34ns)   --->   "%row_pos_2 = fadd i32 %row_pos_1, i32 1" [flood_HLS_base.cpp:92]   --->   Operation 343 'fadd' 'row_pos_2' <Predicate = true> <Delay = 2.34> <CoreInst = "FAddSub_fulldsp">   --->   Core 18 'FAddSub_fulldsp' <Latency = 6> <II = 1> <Delay = 2.34> <FuncUnit> <Opcode : 'fadd' 'fsub'> <InPorts = 2> <OutPorts = 1>

State 45 <SV = 44> <Delay = 2.34>
ST_45 : Operation 344 [11/12] (2.32ns)   --->   "%y_pos = fdiv i32 %mul, i32 90" [flood_HLS_base.cpp:85]   --->   Operation 344 'fdiv' 'y_pos' <Predicate = true> <Delay = 2.32> <CoreInst = "FDiv">   --->   Core 20 'FDiv' <Latency = 11> <II = 1> <Delay = 2.32> <FuncUnit> <Opcode : 'fdiv' 'frem'> <InPorts = 2> <OutPorts = 1>
ST_45 : Operation 345 [2/7] (2.34ns)   --->   "%row_pos_2 = fadd i32 %row_pos_1, i32 1" [flood_HLS_base.cpp:92]   --->   Operation 345 'fadd' 'row_pos_2' <Predicate = true> <Delay = 2.34> <CoreInst = "FAddSub_fulldsp">   --->   Core 18 'FAddSub_fulldsp' <Latency = 6> <II = 1> <Delay = 2.34> <FuncUnit> <Opcode : 'fadd' 'fsub'> <InPorts = 2> <OutPorts = 1>

State 46 <SV = 45> <Delay = 2.34>
ST_46 : Operation 346 [10/12] (2.32ns)   --->   "%y_pos = fdiv i32 %mul, i32 90" [flood_HLS_base.cpp:85]   --->   Operation 346 'fdiv' 'y_pos' <Predicate = true> <Delay = 2.32> <CoreInst = "FDiv">   --->   Core 20 'FDiv' <Latency = 11> <II = 1> <Delay = 2.32> <FuncUnit> <Opcode : 'fdiv' 'frem'> <InPorts = 2> <OutPorts = 1>
ST_46 : Operation 347 [1/7] (2.34ns)   --->   "%row_pos_2 = fadd i32 %row_pos_1, i32 1" [flood_HLS_base.cpp:92]   --->   Operation 347 'fadd' 'row_pos_2' <Predicate = true> <Delay = 2.34> <CoreInst = "FAddSub_fulldsp">   --->   Core 18 'FAddSub_fulldsp' <Latency = 6> <II = 1> <Delay = 2.34> <FuncUnit> <Opcode : 'fadd' 'fsub'> <InPorts = 2> <OutPorts = 1>

State 47 <SV = 46> <Delay = 2.32>
ST_47 : Operation 348 [9/12] (2.32ns)   --->   "%y_pos = fdiv i32 %mul, i32 90" [flood_HLS_base.cpp:85]   --->   Operation 348 'fdiv' 'y_pos' <Predicate = true> <Delay = 2.32> <CoreInst = "FDiv">   --->   Core 20 'FDiv' <Latency = 11> <II = 1> <Delay = 2.32> <FuncUnit> <Opcode : 'fdiv' 'frem'> <InPorts = 2> <OutPorts = 1>

State 48 <SV = 47> <Delay = 2.32>
ST_48 : Operation 349 [8/12] (2.32ns)   --->   "%y_pos = fdiv i32 %mul, i32 90" [flood_HLS_base.cpp:85]   --->   Operation 349 'fdiv' 'y_pos' <Predicate = true> <Delay = 2.32> <CoreInst = "FDiv">   --->   Core 20 'FDiv' <Latency = 11> <II = 1> <Delay = 2.32> <FuncUnit> <Opcode : 'fdiv' 'frem'> <InPorts = 2> <OutPorts = 1>

State 49 <SV = 48> <Delay = 2.32>
ST_49 : Operation 350 [7/12] (2.32ns)   --->   "%y_pos = fdiv i32 %mul, i32 90" [flood_HLS_base.cpp:85]   --->   Operation 350 'fdiv' 'y_pos' <Predicate = true> <Delay = 2.32> <CoreInst = "FDiv">   --->   Core 20 'FDiv' <Latency = 11> <II = 1> <Delay = 2.32> <FuncUnit> <Opcode : 'fdiv' 'frem'> <InPorts = 2> <OutPorts = 1>

State 50 <SV = 49> <Delay = 2.32>
ST_50 : Operation 351 [6/12] (2.32ns)   --->   "%y_pos = fdiv i32 %mul, i32 90" [flood_HLS_base.cpp:85]   --->   Operation 351 'fdiv' 'y_pos' <Predicate = true> <Delay = 2.32> <CoreInst = "FDiv">   --->   Core 20 'FDiv' <Latency = 11> <II = 1> <Delay = 2.32> <FuncUnit> <Opcode : 'fdiv' 'frem'> <InPorts = 2> <OutPorts = 1>

State 51 <SV = 50> <Delay = 2.32>
ST_51 : Operation 352 [5/12] (2.32ns)   --->   "%y_pos = fdiv i32 %mul, i32 90" [flood_HLS_base.cpp:85]   --->   Operation 352 'fdiv' 'y_pos' <Predicate = true> <Delay = 2.32> <CoreInst = "FDiv">   --->   Core 20 'FDiv' <Latency = 11> <II = 1> <Delay = 2.32> <FuncUnit> <Opcode : 'fdiv' 'frem'> <InPorts = 2> <OutPorts = 1>

State 52 <SV = 51> <Delay = 2.32>
ST_52 : Operation 353 [4/12] (2.32ns)   --->   "%y_pos = fdiv i32 %mul, i32 90" [flood_HLS_base.cpp:85]   --->   Operation 353 'fdiv' 'y_pos' <Predicate = true> <Delay = 2.32> <CoreInst = "FDiv">   --->   Core 20 'FDiv' <Latency = 11> <II = 1> <Delay = 2.32> <FuncUnit> <Opcode : 'fdiv' 'frem'> <InPorts = 2> <OutPorts = 1>

State 53 <SV = 52> <Delay = 2.32>
ST_53 : Operation 354 [3/12] (2.32ns)   --->   "%y_pos = fdiv i32 %mul, i32 90" [flood_HLS_base.cpp:85]   --->   Operation 354 'fdiv' 'y_pos' <Predicate = true> <Delay = 2.32> <CoreInst = "FDiv">   --->   Core 20 'FDiv' <Latency = 11> <II = 1> <Delay = 2.32> <FuncUnit> <Opcode : 'fdiv' 'frem'> <InPorts = 2> <OutPorts = 1>

State 54 <SV = 53> <Delay = 2.32>
ST_54 : Operation 355 [2/12] (2.32ns)   --->   "%y_pos = fdiv i32 %mul, i32 90" [flood_HLS_base.cpp:85]   --->   Operation 355 'fdiv' 'y_pos' <Predicate = true> <Delay = 2.32> <CoreInst = "FDiv">   --->   Core 20 'FDiv' <Latency = 11> <II = 1> <Delay = 2.32> <FuncUnit> <Opcode : 'fdiv' 'frem'> <InPorts = 2> <OutPorts = 1>

State 55 <SV = 54> <Delay = 2.32>
ST_55 : Operation 356 [1/12] (2.32ns)   --->   "%y_pos = fdiv i32 %mul, i32 90" [flood_HLS_base.cpp:85]   --->   Operation 356 'fdiv' 'y_pos' <Predicate = true> <Delay = 2.32> <CoreInst = "FDiv">   --->   Core 20 'FDiv' <Latency = 11> <II = 1> <Delay = 2.32> <FuncUnit> <Opcode : 'fdiv' 'frem'> <InPorts = 2> <OutPorts = 1>

State 56 <SV = 55> <Delay = 2.34>
ST_56 : Operation 357 [7/7] (2.34ns)   --->   "%p_x_assign_1 = fsub i32 %y_pos, i32 %bitcast_ln85" [flood_HLS_base.cpp:85]   --->   Operation 357 'fsub' 'p_x_assign_1' <Predicate = true> <Delay = 2.34> <CoreInst = "FAddSub_fulldsp">   --->   Core 18 'FAddSub_fulldsp' <Latency = 6> <II = 1> <Delay = 2.34> <FuncUnit> <Opcode : 'fadd' 'fsub'> <InPorts = 2> <OutPorts = 1>

State 57 <SV = 56> <Delay = 2.34>
ST_57 : Operation 358 [6/7] (2.34ns)   --->   "%p_x_assign_1 = fsub i32 %y_pos, i32 %bitcast_ln85" [flood_HLS_base.cpp:85]   --->   Operation 358 'fsub' 'p_x_assign_1' <Predicate = true> <Delay = 2.34> <CoreInst = "FAddSub_fulldsp">   --->   Core 18 'FAddSub_fulldsp' <Latency = 6> <II = 1> <Delay = 2.34> <FuncUnit> <Opcode : 'fadd' 'fsub'> <InPorts = 2> <OutPorts = 1>

State 58 <SV = 57> <Delay = 2.34>
ST_58 : Operation 359 [5/7] (2.34ns)   --->   "%p_x_assign_1 = fsub i32 %y_pos, i32 %bitcast_ln85" [flood_HLS_base.cpp:85]   --->   Operation 359 'fsub' 'p_x_assign_1' <Predicate = true> <Delay = 2.34> <CoreInst = "FAddSub_fulldsp">   --->   Core 18 'FAddSub_fulldsp' <Latency = 6> <II = 1> <Delay = 2.34> <FuncUnit> <Opcode : 'fadd' 'fsub'> <InPorts = 2> <OutPorts = 1>

State 59 <SV = 58> <Delay = 2.34>
ST_59 : Operation 360 [4/7] (2.34ns)   --->   "%p_x_assign_1 = fsub i32 %y_pos, i32 %bitcast_ln85" [flood_HLS_base.cpp:85]   --->   Operation 360 'fsub' 'p_x_assign_1' <Predicate = true> <Delay = 2.34> <CoreInst = "FAddSub_fulldsp">   --->   Core 18 'FAddSub_fulldsp' <Latency = 6> <II = 1> <Delay = 2.34> <FuncUnit> <Opcode : 'fadd' 'fsub'> <InPorts = 2> <OutPorts = 1>

State 60 <SV = 59> <Delay = 2.34>
ST_60 : Operation 361 [3/7] (2.34ns)   --->   "%p_x_assign_1 = fsub i32 %y_pos, i32 %bitcast_ln85" [flood_HLS_base.cpp:85]   --->   Operation 361 'fsub' 'p_x_assign_1' <Predicate = true> <Delay = 2.34> <CoreInst = "FAddSub_fulldsp">   --->   Core 18 'FAddSub_fulldsp' <Latency = 6> <II = 1> <Delay = 2.34> <FuncUnit> <Opcode : 'fadd' 'fsub'> <InPorts = 2> <OutPorts = 1>

State 61 <SV = 60> <Delay = 2.34>
ST_61 : Operation 362 [2/7] (2.34ns)   --->   "%p_x_assign_1 = fsub i32 %y_pos, i32 %bitcast_ln85" [flood_HLS_base.cpp:85]   --->   Operation 362 'fsub' 'p_x_assign_1' <Predicate = true> <Delay = 2.34> <CoreInst = "FAddSub_fulldsp">   --->   Core 18 'FAddSub_fulldsp' <Latency = 6> <II = 1> <Delay = 2.34> <FuncUnit> <Opcode : 'fadd' 'fsub'> <InPorts = 2> <OutPorts = 1>

State 62 <SV = 61> <Delay = 2.34>
ST_62 : Operation 363 [1/7] (2.34ns)   --->   "%p_x_assign_1 = fsub i32 %y_pos, i32 %bitcast_ln85" [flood_HLS_base.cpp:85]   --->   Operation 363 'fsub' 'p_x_assign_1' <Predicate = true> <Delay = 2.34> <CoreInst = "FAddSub_fulldsp">   --->   Core 18 'FAddSub_fulldsp' <Latency = 6> <II = 1> <Delay = 2.34> <FuncUnit> <Opcode : 'fadd' 'fsub'> <InPorts = 2> <OutPorts = 1>

State 63 <SV = 62> <Delay = 1.54>
ST_63 : Operation 364 [2/2] (1.54ns)   --->   "%x_assign_1 = fpext i32 %p_x_assign_1" [flood_HLS_base.cpp:85]   --->   Operation 364 'fpext' 'x_assign_1' <Predicate = true> <Delay = 1.54> <CoreInst = "Float2Double">   --->   Core 64 'Float2Double' <Latency = 1> <II = 1> <Delay = 1.54> <FuncUnit> <Opcode : 'fpext'> <InPorts = 1> <OutPorts = 1>

State 64 <SV = 63> <Delay = 1.54>
ST_64 : Operation 365 [1/2] (1.54ns)   --->   "%x_assign_1 = fpext i32 %p_x_assign_1" [flood_HLS_base.cpp:85]   --->   Operation 365 'fpext' 'x_assign_1' <Predicate = true> <Delay = 1.54> <CoreInst = "Float2Double">   --->   Core 64 'Float2Double' <Latency = 1> <II = 1> <Delay = 1.54> <FuncUnit> <Opcode : 'fpext'> <InPorts = 1> <OutPorts = 1>

State 65 <SV = 64> <Delay = 2.32>
ST_65 : Operation 366 [2/2] (2.32ns)   --->   "%call_ln253 = call void @do_compute_Pipeline_VITIS_LOOP_93_8, i416 %empty_84, i32 %col_start, i8 %tmp_37, i23 %trunc_ln93, i32 %col_end, i224 %p_clouds, i4 %cloud_1, i32 %bitcast_ln87, i64 %x_assign_1, i95 %trunc_ln85, i23 %trunc_ln97_1, i32 %bitcast_ln85_1, i32 %p_ex_factor, i32 %row_pos_1, i32 %water_level, i32 %water_level_1, i32 %water_level_2, i416 %p_loc, i6 %pow_reduce_anonymous_namespace_log_inverse_lut_table_pow_0_5_64_array, i109 %pow_reduce_anonymous_namespace_log0_lut_table_array, i105 %pow_reduce_anonymous_namespace_log_lut_table_ap_fixed_4_4_16_array, i102 %pow_reduce_anonymous_namespace_log_lut_table_ap_fixed_7_6_64_array, i97 %pow_reduce_anonymous_namespace_log_lut_table_ap_fixed_12_6_64_array, i92 %pow_reduce_anonymous_namespace_log_lut_table_ap_fixed_17_6_64_array, i87 %pow_reduce_anonymous_namespace_log_lut_table_ap_fixed_22_6_64_array, i82 %pow_reduce_anonymous_namespace_log_lut_table_ap_fixed_27_6_64_array, i77 %pow_reduce_anonymous_namespace_log_lut_table_ap_fixed_32_6_64_array, i58 %pow_reduce_anonymous_namespace_table_exp_Z1_ap_ufixed_array, i26 %pow_reduce_anonymous_namespace_table_f_Z3_ap_ufixed_array, i42 %pow_reduce_anonymous_namespace_table_f_Z2_ap_ufixed_array" [flood_HLS_base.cpp:253]   --->   Operation 366 'call' 'call_ln253' <Predicate = true> <Delay = 2.32> <CoreType = "Generic">   --->   Core 0 '' <Latency = 0> <II = 1> <Delay = 1.00> <Generic> <Opcode : >

State 66 <SV = 65> <Delay = 0.00>
ST_66 : Operation 367 [1/2] (0.00ns)   --->   "%call_ln253 = call void @do_compute_Pipeline_VITIS_LOOP_93_8, i416 %empty_84, i32 %col_start, i8 %tmp_37, i23 %trunc_ln93, i32 %col_end, i224 %p_clouds, i4 %cloud_1, i32 %bitcast_ln87, i64 %x_assign_1, i95 %trunc_ln85, i23 %trunc_ln97_1, i32 %bitcast_ln85_1, i32 %p_ex_factor, i32 %row_pos_1, i32 %water_level, i32 %water_level_1, i32 %water_level_2, i416 %p_loc, i6 %pow_reduce_anonymous_namespace_log_inverse_lut_table_pow_0_5_64_array, i109 %pow_reduce_anonymous_namespace_log0_lut_table_array, i105 %pow_reduce_anonymous_namespace_log_lut_table_ap_fixed_4_4_16_array, i102 %pow_reduce_anonymous_namespace_log_lut_table_ap_fixed_7_6_64_array, i97 %pow_reduce_anonymous_namespace_log_lut_table_ap_fixed_12_6_64_array, i92 %pow_reduce_anonymous_namespace_log_lut_table_ap_fixed_17_6_64_array, i87 %pow_reduce_anonymous_namespace_log_lut_table_ap_fixed_22_6_64_array, i82 %pow_reduce_anonymous_namespace_log_lut_table_ap_fixed_27_6_64_array, i77 %pow_reduce_anonymous_namespace_log_lut_table_ap_fixed_32_6_64_array, i58 %pow_reduce_anonymous_namespace_table_exp_Z1_ap_ufixed_array, i26 %pow_reduce_anonymous_namespace_table_f_Z3_ap_ufixed_array, i42 %pow_reduce_anonymous_namespace_table_f_Z2_ap_ufixed_array" [flood_HLS_base.cpp:253]   --->   Operation 367 'call' 'call_ln253' <Predicate = true> <Delay = 0.00> <CoreType = "Generic">   --->   Core 0 '' <Latency = 0> <II = 1> <Delay = 1.00> <Generic> <Opcode : >

State 67 <SV = 66> <Delay = 0.00>
ST_67 : Operation 368 [1/1] (0.00ns)   --->   "%specloopname_ln92 = specloopname void @_ssdm_op_SpecLoopName, void @empty_0" [flood_HLS_base.cpp:92]   --->   Operation 368 'specloopname' 'specloopname_ln92' <Predicate = true> <Delay = 0.00>
ST_67 : Operation 369 [1/1] (0.00ns)   --->   "%p_loc_load = load i416 %p_loc"   --->   Operation 369 'load' 'p_loc_load' <Predicate = true> <Delay = 0.00>
ST_67 : Operation 370 [1/1] (0.00ns)   --->   "%br_ln92 = br void %for.cond156" [flood_HLS_base.cpp:92]   --->   Operation 370 'br' 'br_ln92' <Predicate = true> <Delay = 0.00>

State 68 <SV = 13> <Delay = 0.00>
ST_68 : Operation 371 [1/2] (0.00ns)   --->   "%call_ln253 = call void @do_compute_Pipeline_VITIS_LOOP_109_9_VITIS_LOOP_110_10, i416 %empty_83, i32 %p_ground, i32 %spillage_flag, i32 %spillage_level, i32 %water_level, i32 %water_level_1, i32 %water_level_2, i32 %spillage_from_neigh, i32 %spillage_from_neigh_1, i32 %spillage_from_neigh_2, i32 %spillage_from_neigh_3, i416 %p_loc43" [flood_HLS_base.cpp:253]   --->   Operation 371 'call' 'call_ln253' <Predicate = true> <Delay = 0.00> <CoreType = "Generic">   --->   Core 0 '' <Latency = 0> <II = 1> <Delay = 1.00> <Generic> <Opcode : >

State 69 <SV = 14> <Delay = 0.38>
ST_69 : Operation 372 [1/1] (0.00ns)   --->   "%p_loc43_load = load i416 %p_loc43"   --->   Operation 372 'load' 'p_loc43_load' <Predicate = true> <Delay = 0.00>
ST_69 : Operation 373 [2/2] (0.38ns)   --->   "%call_ln70 = call void @do_compute_Pipeline_PROPAGATION_ROWS_PROPAGATION_COLS, i416 %p_loc43_load, i32 %spillage_flag, i32 %spillage_level, i32 %spillage_from_neigh, i32 %spillage_from_neigh_1, i32 %spillage_from_neigh_2, i32 %spillage_from_neigh_3, i32 %water_level, i32 %water_level_1, i32 %water_level_2, i31 %p_load64, i416 %empty_82, i64 %max_spillage_iter_1" [flood_HLS_base.cpp:70]   --->   Operation 373 'call' 'call_ln70' <Predicate = true> <Delay = 0.38> <CoreType = "Generic">   --->   Core 0 '' <Latency = 0> <II = 1> <Delay = 1.00> <Generic> <Opcode : >

State 70 <SV = 15> <Delay = 0.00>
ST_70 : Operation 374 [1/2] (0.00ns)   --->   "%call_ln70 = call void @do_compute_Pipeline_PROPAGATION_ROWS_PROPAGATION_COLS, i416 %p_loc43_load, i32 %spillage_flag, i32 %spillage_level, i32 %spillage_from_neigh, i32 %spillage_from_neigh_1, i32 %spillage_from_neigh_2, i32 %spillage_from_neigh_3, i32 %water_level, i32 %water_level_1, i32 %water_level_2, i31 %p_load64, i416 %empty_82, i64 %max_spillage_iter_1" [flood_HLS_base.cpp:70]   --->   Operation 374 'call' 'call_ln70' <Predicate = true> <Delay = 0.00> <CoreType = "Generic">   --->   Core 0 '' <Latency = 0> <II = 1> <Delay = 1.00> <Generic> <Opcode : >

State 71 <SV = 16> <Delay = 0.00>
ST_71 : Operation 375 [2/2] (0.00ns)   --->   "%call_ln0 = call void @do_compute_Pipeline_VITIS_LOOP_234_13_VITIS_LOOP_235_14, i32 %spillage_flag, i32 %spillage_level, i32 %spillage_from_neigh, i32 %spillage_from_neigh_1, i32 %spillage_from_neigh_2, i32 %spillage_from_neigh_3"   --->   Operation 375 'call' 'call_ln0' <Predicate = true> <Delay = 0.00> <CoreType = "Generic">   --->   Core 0 '' <Latency = 0> <II = 1> <Delay = 1.00> <Generic> <Opcode : >

State 72 <SV = 17> <Delay = 0.00>
ST_72 : Operation 376 [1/2] (0.00ns)   --->   "%call_ln0 = call void @do_compute_Pipeline_VITIS_LOOP_234_13_VITIS_LOOP_235_14, i32 %spillage_flag, i32 %spillage_level, i32 %spillage_from_neigh, i32 %spillage_from_neigh_1, i32 %spillage_from_neigh_2, i32 %spillage_from_neigh_3"   --->   Operation 376 'call' 'call_ln0' <Predicate = true> <Delay = 0.00> <CoreType = "Generic">   --->   Core 0 '' <Latency = 0> <II = 1> <Delay = 1.00> <Generic> <Opcode : >
ST_72 : Operation 377 [1/1] (0.00ns)   --->   "%br_ln70 = br void %for.cond29" [flood_HLS_base.cpp:70]   --->   Operation 377 'br' 'br_ln70' <Predicate = true> <Delay = 0.00>

State 73 <SV = 11> <Delay = 0.00>
ST_73 : Operation 378 [1/2] (0.00ns)   --->   "%call_ln253 = call void @do_compute_Pipeline_VITIS_LOOP_249_16_VITIS_LOOP_250_17, i64 %trunc_ln2, i32 %water_level, i32 %water_level_1, i32 %water_level_2, i32 %p_loc50, i64 %add55123_loc" [flood_HLS_base.cpp:253]   --->   Operation 378 'call' 'call_ln253' <Predicate = true> <Delay = 0.00> <CoreType = "Generic">   --->   Core 0 '' <Latency = 0> <II = 1> <Delay = 1.00> <Generic> <Opcode : >

State 74 <SV = 12> <Delay = 0.00>
ST_74 : Operation 379 [1/1] (0.00ns)   --->   "%tmp_66 = partselect i128 @_ssdm_op_PartSelect.i128.i416.i32.i32, i416 %p_load, i32 288, i32 415" [flood_HLS_base.cpp:213]   --->   Operation 379 'partselect' 'tmp_66' <Predicate = true> <Delay = 0.00>
ST_74 : Operation 380 [1/1] (0.00ns)   --->   "%tmp_72 = partselect i160 @_ssdm_op_PartSelect.i160.i416.i32.i32, i416 %p_load, i32 64, i32 223" [flood_HLS_base.cpp:213]   --->   Operation 380 'partselect' 'tmp_72' <Predicate = true> <Delay = 0.00>
ST_74 : Operation 381 [1/1] (0.00ns)   --->   "%p_loc50_load = load i32 %p_loc50"   --->   Operation 381 'load' 'p_loc50_load' <Predicate = true> <Delay = 0.00>
ST_74 : Operation 382 [1/1] (0.00ns)   --->   "%add55123_loc_load = load i64 %add55123_loc"   --->   Operation 382 'load' 'add55123_loc_load' <Predicate = true> <Delay = 0.00>
ST_74 : Operation 383 [1/1] (0.00ns)   --->   "%bitcast_ln251 = bitcast i32 %p_loc50_load" [flood_HLS_base.cpp:251]   --->   Operation 383 'bitcast' 'bitcast_ln251' <Predicate = true> <Delay = 0.00>
ST_74 : Operation 384 [1/1] (0.00ns)   --->   "%or_ln253_1 = bitconcatenate i416 @_ssdm_op_BitConcatenate.i416.i128.i64.i160.i32.i1.i31, i128 %tmp_66, i64 %add55123_loc_load, i160 %tmp_72, i32 %bitcast_ln251, i1 0, i31 %p_load64" [flood_HLS_base.cpp:253]   --->   Operation 384 'bitconcatenate' 'or_ln253_1' <Predicate = true> <Delay = 0.00>
ST_74 : Operation 385 [1/1] (0.00ns)   --->   "%write_ln253 = write void @_ssdm_op_Write.ap_auto.i416P0A, i416 %r, i416 %or_ln253_1" [flood_HLS_base.cpp:253]   --->   Operation 385 'write' 'write_ln253' <Predicate = true> <Delay = 0.00>
ST_74 : Operation 386 [1/1] (0.00ns)   --->   "%ret_ln264 = ret" [flood_HLS_base.cpp:264]   --->   Operation 386 'ret' 'ret_ln264' <Predicate = true> <Delay = 0.00>


============================================================
+ Verbose Summary: Timing violations
============================================================
Target clock period: 4.000ns, clock uncertainty: 1.080ns.

 <State 1>: 2.342ns
The critical path consists of the following:
	wire read operation ('p_threshold_read', flood_HLS_base.cpp:27) on port 'p_threshold' (flood_HLS_base.cpp:27) [48]  (0.000 ns)
	'fadd' operation 32 bit ('add', flood_HLS_base.cpp:27) [51]  (2.342 ns)

 <State 2>: 2.342ns
The critical path consists of the following:
	'fadd' operation 32 bit ('add', flood_HLS_base.cpp:27) [51]  (2.342 ns)

 <State 3>: 2.342ns
The critical path consists of the following:
	'fadd' operation 32 bit ('add', flood_HLS_base.cpp:27) [51]  (2.342 ns)

 <State 4>: 2.342ns
The critical path consists of the following:
	'fadd' operation 32 bit ('add', flood_HLS_base.cpp:27) [51]  (2.342 ns)

 <State 5>: 2.342ns
The critical path consists of the following:
	'fadd' operation 32 bit ('add', flood_HLS_base.cpp:27) [51]  (2.342 ns)

 <State 6>: 2.342ns
The critical path consists of the following:
	'fadd' operation 32 bit ('add', flood_HLS_base.cpp:27) [51]  (2.342 ns)

 <State 7>: 2.342ns
The critical path consists of the following:
	'fadd' operation 32 bit ('add', flood_HLS_base.cpp:27) [51]  (2.342 ns)

 <State 8>: 1.540ns
The critical path consists of the following:
	'fpext' operation 64 bit ('max_spillage_iter', flood_HLS_base.cpp:27) [52]  (1.540 ns)

 <State 9>: 2.647ns
The critical path consists of the following:
	'fpext' operation 64 bit ('conv', flood_HLS_base.cpp:27) [57]  (1.540 ns)
	'icmp' operation 1 bit ('icmp_ln70_4', flood_HLS_base.cpp:70) [62]  (0.985 ns)
	'or' operation 1 bit ('or_ln70_1', flood_HLS_base.cpp:70) [63]  (0.122 ns)

 <State 10>: 2.011ns
The critical path consists of the following:
	'load' operation 64 bit ('max_spillage_iter', flood_HLS_base.cpp:70) on local variable 'max_spillage_iter', flood_HLS_base.cpp:27 [69]  (0.000 ns)
	'dcmp' operation 1 bit ('tmp_9', flood_HLS_base.cpp:70) [81]  (2.011 ns)

 <State 11>: 2.520ns
The critical path consists of the following:
	'dcmp' operation 1 bit ('tmp_9', flood_HLS_base.cpp:70) [81]  (2.011 ns)
	'and' operation 1 bit ('and_ln70_2', flood_HLS_base.cpp:70) [82]  (0.000 ns)
	'and' operation 1 bit ('and_ln70_1', flood_HLS_base.cpp:70) [83]  (0.122 ns)
	'call' operation 0 bit ('call_ln253', flood_HLS_base.cpp:253) to 'do_compute_Pipeline_VITIS_LOOP_249_16_VITIS_LOOP_250_17' [204]  (0.387 ns)

 <State 12>: 0.387ns
The critical path consists of the following:
	multiplexor before 'phi' operation 416 bit ('empty_83', flood_HLS_base.cpp:253) with incoming values : ('p_load', flood_HLS_base.cpp:253) ('p_loc_load') [91]  (0.387 ns)

 <State 13>: 1.128ns
The critical path consists of the following:
	'phi' operation 4 bit ('cloud', flood_HLS_base.cpp:83) with incoming values : ('add_ln83', flood_HLS_base.cpp:83) [92]  (0.000 ns)
	'icmp' operation 1 bit ('icmp_ln83', flood_HLS_base.cpp:83) [93]  (0.708 ns)
	'call' operation 0 bit ('call_ln253', flood_HLS_base.cpp:253) to 'do_compute_Pipeline_VITIS_LOOP_109_9_VITIS_LOOP_110_10' [194]  (0.420 ns)

 <State 14>: 0.746ns
The critical path consists of the following:
	'load' operation 224 bit ('p_clouds_load', flood_HLS_base.cpp:85) on array 'p_clouds' [101]  (0.746 ns)

 <State 15>: 2.342ns
The critical path consists of the following:
	'fadd' operation 32 bit ('add3', flood_HLS_base.cpp:86) [119]  (2.342 ns)

 <State 16>: 2.342ns
The critical path consists of the following:
	'fsub' operation 32 bit ('sub', flood_HLS_base.cpp:85) [107]  (2.342 ns)

 <State 17>: 2.342ns
The critical path consists of the following:
	'fsub' operation 32 bit ('sub', flood_HLS_base.cpp:85) [107]  (2.342 ns)

 <State 18>: 2.342ns
The critical path consists of the following:
	'fsub' operation 32 bit ('sub', flood_HLS_base.cpp:85) [107]  (2.342 ns)

 <State 19>: 2.342ns
The critical path consists of the following:
	'fsub' operation 32 bit ('sub', flood_HLS_base.cpp:85) [107]  (2.342 ns)

 <State 20>: 2.342ns
The critical path consists of the following:
	'fsub' operation 32 bit ('sub', flood_HLS_base.cpp:85) [107]  (2.342 ns)

 <State 21>: 2.342ns
The critical path consists of the following:
	'fsub' operation 32 bit ('sub', flood_HLS_base.cpp:85) [107]  (2.342 ns)

 <State 22>: 2.342ns
The critical path consists of the following:
	'fsub' operation 32 bit ('sub', flood_HLS_base.cpp:85) [107]  (2.342 ns)

 <State 23>: 2.322ns
The critical path consists of the following:
	'fmul' operation 32 bit ('sub_op', flood_HLS_base.cpp:85) [116]  (2.322 ns)

 <State 24>: 2.322ns
The critical path consists of the following:
	'fmul' operation 32 bit ('sub_op', flood_HLS_base.cpp:85) [116]  (2.322 ns)

 <State 25>: 2.549ns
The critical path consists of the following:
	'fmul' operation 32 bit ('add87_op', flood_HLS_base.cpp:86) [128]  (2.322 ns)
	'select' operation 32 bit ('select_ln86', flood_HLS_base.cpp:86) [129]  (0.227 ns)

 <State 26>: 2.549ns
The critical path consists of the following:
	'fmul' operation 32 bit ('sub_op', flood_HLS_base.cpp:85) [116]  (2.322 ns)
	'select' operation 32 bit ('select_ln85', flood_HLS_base.cpp:85) [117]  (0.227 ns)

 <State 27>: 2.327ns
The critical path consists of the following:
	'fdiv' operation 32 bit ('row_start', flood_HLS_base.cpp:85) [118]  (2.327 ns)

 <State 28>: 2.327ns
The critical path consists of the following:
	'fdiv' operation 32 bit ('row_start', flood_HLS_base.cpp:85) [118]  (2.327 ns)

 <State 29>: 2.327ns
The critical path consists of the following:
	'fdiv' operation 32 bit ('row_start', flood_HLS_base.cpp:85) [118]  (2.327 ns)

 <State 30>: 2.327ns
The critical path consists of the following:
	'fdiv' operation 32 bit ('row_start', flood_HLS_base.cpp:85) [118]  (2.327 ns)

 <State 31>: 2.327ns
The critical path consists of the following:
	'fdiv' operation 32 bit ('row_start', flood_HLS_base.cpp:85) [118]  (2.327 ns)

 <State 32>: 2.327ns
The critical path consists of the following:
	'fdiv' operation 32 bit ('row_start', flood_HLS_base.cpp:85) [118]  (2.327 ns)

 <State 33>: 2.327ns
The critical path consists of the following:
	'fdiv' operation 32 bit ('row_start', flood_HLS_base.cpp:85) [118]  (2.327 ns)

 <State 34>: 2.327ns
The critical path consists of the following:
	'fdiv' operation 32 bit ('row_start', flood_HLS_base.cpp:85) [118]  (2.327 ns)

 <State 35>: 2.327ns
The critical path consists of the following:
	'fdiv' operation 32 bit ('row_start', flood_HLS_base.cpp:85) [118]  (2.327 ns)

 <State 36>: 2.327ns
The critical path consists of the following:
	'fdiv' operation 32 bit ('row_start', flood_HLS_base.cpp:85) [118]  (2.327 ns)

 <State 37>: 2.327ns
The critical path consists of the following:
	'fdiv' operation 32 bit ('row_start', flood_HLS_base.cpp:85) [118]  (2.327 ns)

 <State 38>: 2.327ns
The critical path consists of the following:
	'fdiv' operation 32 bit ('row_start', flood_HLS_base.cpp:85) [118]  (2.327 ns)

 <State 39>: 1.649ns
The critical path consists of the following:
	'phi' operation 32 bit ('row_pos') with incoming values : ('row_start', flood_HLS_base.cpp:85) ('row_pos', flood_HLS_base.cpp:92) [169]  (0.000 ns)
	'fcmp' operation 1 bit ('tmp_36', flood_HLS_base.cpp:92) [177]  (1.649 ns)

 <State 40>: 2.342ns
The critical path consists of the following:
	'fadd' operation 32 bit ('row_pos', flood_HLS_base.cpp:92) [189]  (2.342 ns)

 <State 41>: 2.342ns
The critical path consists of the following:
	'fadd' operation 32 bit ('row_pos', flood_HLS_base.cpp:92) [189]  (2.342 ns)

 <State 42>: 2.342ns
The critical path consists of the following:
	'fadd' operation 32 bit ('row_pos', flood_HLS_base.cpp:92) [189]  (2.342 ns)

 <State 43>: 2.342ns
The critical path consists of the following:
	'fadd' operation 32 bit ('row_pos', flood_HLS_base.cpp:92) [189]  (2.342 ns)

 <State 44>: 2.342ns
The critical path consists of the following:
	'fadd' operation 32 bit ('row_pos', flood_HLS_base.cpp:92) [189]  (2.342 ns)

 <State 45>: 2.342ns
The critical path consists of the following:
	'fadd' operation 32 bit ('row_pos', flood_HLS_base.cpp:92) [189]  (2.342 ns)

 <State 46>: 2.342ns
The critical path consists of the following:
	'fadd' operation 32 bit ('row_pos', flood_HLS_base.cpp:92) [189]  (2.342 ns)

 <State 47>: 2.327ns
The critical path consists of the following:
	'fdiv' operation 32 bit ('y_pos', flood_HLS_base.cpp:85) [183]  (2.327 ns)

 <State 48>: 2.327ns
The critical path consists of the following:
	'fdiv' operation 32 bit ('y_pos', flood_HLS_base.cpp:85) [183]  (2.327 ns)

 <State 49>: 2.327ns
The critical path consists of the following:
	'fdiv' operation 32 bit ('y_pos', flood_HLS_base.cpp:85) [183]  (2.327 ns)

 <State 50>: 2.327ns
The critical path consists of the following:
	'fdiv' operation 32 bit ('y_pos', flood_HLS_base.cpp:85) [183]  (2.327 ns)

 <State 51>: 2.327ns
The critical path consists of the following:
	'fdiv' operation 32 bit ('y_pos', flood_HLS_base.cpp:85) [183]  (2.327 ns)

 <State 52>: 2.327ns
The critical path consists of the following:
	'fdiv' operation 32 bit ('y_pos', flood_HLS_base.cpp:85) [183]  (2.327 ns)

 <State 53>: 2.327ns
The critical path consists of the following:
	'fdiv' operation 32 bit ('y_pos', flood_HLS_base.cpp:85) [183]  (2.327 ns)

 <State 54>: 2.327ns
The critical path consists of the following:
	'fdiv' operation 32 bit ('y_pos', flood_HLS_base.cpp:85) [183]  (2.327 ns)

 <State 55>: 2.327ns
The critical path consists of the following:
	'fdiv' operation 32 bit ('y_pos', flood_HLS_base.cpp:85) [183]  (2.327 ns)

 <State 56>: 2.342ns
The critical path consists of the following:
	'fsub' operation 32 bit ('p_x_assign_1', flood_HLS_base.cpp:85) [184]  (2.342 ns)

 <State 57>: 2.342ns
The critical path consists of the following:
	'fsub' operation 32 bit ('p_x_assign_1', flood_HLS_base.cpp:85) [184]  (2.342 ns)

 <State 58>: 2.342ns
The critical path consists of the following:
	'fsub' operation 32 bit ('p_x_assign_1', flood_HLS_base.cpp:85) [184]  (2.342 ns)

 <State 59>: 2.342ns
The critical path consists of the following:
	'fsub' operation 32 bit ('p_x_assign_1', flood_HLS_base.cpp:85) [184]  (2.342 ns)

 <State 60>: 2.342ns
The critical path consists of the following:
	'fsub' operation 32 bit ('p_x_assign_1', flood_HLS_base.cpp:85) [184]  (2.342 ns)

 <State 61>: 2.342ns
The critical path consists of the following:
	'fsub' operation 32 bit ('p_x_assign_1', flood_HLS_base.cpp:85) [184]  (2.342 ns)

 <State 62>: 2.342ns
The critical path consists of the following:
	'fsub' operation 32 bit ('p_x_assign_1', flood_HLS_base.cpp:85) [184]  (2.342 ns)

 <State 63>: 1.540ns
The critical path consists of the following:
	'fpext' operation 64 bit ('x_assign_1', flood_HLS_base.cpp:85) [185]  (1.540 ns)

 <State 64>: 1.540ns
The critical path consists of the following:
	'fpext' operation 64 bit ('x_assign_1', flood_HLS_base.cpp:85) [185]  (1.540 ns)

 <State 65>: 2.322ns
The critical path consists of the following:
	'call' operation 0 bit ('call_ln253', flood_HLS_base.cpp:253) to 'do_compute_Pipeline_VITIS_LOOP_93_8' [187]  (2.322 ns)

 <State 66>: 0.000ns
The critical path consists of the following:

 <State 67>: 0.000ns
The critical path consists of the following:

 <State 68>: 0.000ns
The critical path consists of the following:

 <State 69>: 0.387ns
The critical path consists of the following:
	'load' operation 416 bit ('p_loc43_load') on local variable 'p_loc43' [195]  (0.000 ns)
	'call' operation 0 bit ('call_ln70', flood_HLS_base.cpp:70) to 'do_compute_Pipeline_PROPAGATION_ROWS_PROPAGATION_COLS' [196]  (0.387 ns)

 <State 70>: 0.000ns
The critical path consists of the following:

 <State 71>: 0.000ns
The critical path consists of the following:

 <State 72>: 0.000ns
The critical path consists of the following:

 <State 73>: 0.000ns
The critical path consists of the following:

 <State 74>: 0.000ns
The critical path consists of the following:


============================================================
+ Verbose Summary: Binding
============================================================
N/A
* FSMD analyzer results:
  - Output states:
 - Input state : 
  - Chain level:
	State 1
	State 2
	State 3
	State 4
	State 5
	State 6
	State 7
	State 8
	State 9
	State 10
	State 11
	State 12
	State 13
	State 14
	State 15
	State 16
	State 17
	State 18
	State 19
	State 20
	State 21
	State 22
	State 23
	State 24
	State 25
	State 26
	State 27
	State 28
	State 29
	State 30
	State 31
	State 32
	State 33
	State 34
	State 35
	State 36
	State 37
	State 38
	State 39
	State 40
	State 41
	State 42
	State 43
	State 44
	State 45
	State 46
	State 47
	State 48
	State 49
	State 50
	State 51
	State 52
	State 53
	State 54
	State 55
	State 56
	State 57
	State 58
	State 59
	State 60
	State 61
	State 62
	State 63
	State 64
	State 65
	State 66
	State 67
	State 68
	State 69
	State 70
	State 71
	State 72
	State 73
	State 74


============================================================
+ Verbose Summary: Datapath Resource usage 
============================================================
N/A
