

================================================================
== Vitis HLS Report for 'do_compute_Pipeline_VITIS_LOOP_249_16_VITIS_LOOP_250_17'
================================================================
* Date:           Sun May 17 18:41:43 2026

* Version:        2024.1 (Build 5069499 on May 21 2024)
* Project:        .small_dam_base_enabled
* Solution:       solution_FLOOD_HLS_base (Vivado IP Flow Target)
* Product family: virtexuplusHBM
* Target device:  xcu50-fsvh2104-2-e


================================================================
== Performance Estimates
================================================================
+ Timing: 
    * Summary: 
    +--------+---------+----------+------------+
    |  Clock |  Target | Estimated| Uncertainty|
    +--------+---------+----------+------------+
    |ap_clk  |  4.00 ns|  2.861 ns|     1.08 ns|
    +--------+---------+----------+------------+

+ Latency: 
    * Summary: 
    +---------+---------+-----------+-----------+-------+-------+-----------------------------------------------+
    |  Latency (cycles) |   Latency (absolute)  |    Interval   |                    Pipeline                   |
    |   min   |   max   |    min    |    max    |  min  |  max  |                      Type                     |
    +---------+---------+-----------+-----------+-------+-------+-----------------------------------------------+
    |    16228|    16228|  64.912 us|  64.912 us|  16202|  16202|  loop auto-rewind stp(delay=0 clock cycles(s))|
    +---------+---------+-----------+-----------+-------+-------+-----------------------------------------------+

    + Detail: 
        * Instance: 
        N/A

        * Loop: 
        +---------------------------------------+---------+---------+----------+-----------+-----------+------+----------+
        |                                       |  Latency (cycles) | Iteration|  Initiation Interval  | Trip |          |
        |               Loop Name               |   min   |   max   |  Latency |  achieved |   target  | Count| Pipelined|
        +---------------------------------------+---------+---------+----------+-----------+-----------+------+----------+
        |- VITIS_LOOP_249_16_VITIS_LOOP_250_17  |    16226|    16226|        29|          2|          1|  8100|       yes|
        +---------------------------------------+---------+---------+----------+-----------+-----------+------+----------+



================================================================
== Utilization Estimates
================================================================
* Summary: 
+---------------------+---------+------+---------+--------+-----+
|         Name        | BRAM_18K|  DSP |    FF   |   LUT  | URAM|
+---------------------+---------+------+---------+--------+-----+
|DSP                  |        -|     -|        -|       -|    -|
|Expression           |        -|     -|        0|     333|    -|
|FIFO                 |        -|     -|        -|       -|    -|
|Instance             |        -|     0|      158|     145|    -|
|Memory               |        -|     -|        -|       -|    -|
|Multiplexer          |        -|     -|        0|     239|    -|
|Register             |        -|     -|      648|     128|    -|
+---------------------+---------+------+---------+--------+-----+
|Total                |        0|     0|      806|     845|    0|
+---------------------+---------+------+---------+--------+-----+
|Available SLR        |     1344|  2976|   871680|  435840|  320|
+---------------------+---------+------+---------+--------+-----+
|Utilization SLR (%)  |        0|     0|       ~0|      ~0|    0|
+---------------------+---------+------+---------+--------+-----+
|Available            |     2688|  5952|  1743360|  871680|  640|
+---------------------+---------+------+---------+--------+-----+
|Utilization (%)      |        0|     0|       ~0|      ~0|    0|
+---------------------+---------+------+---------+--------+-----+

+ Detail: 
    * Instance: 
    +---------------------------+----------------------+---------+----+-----+----+-----+
    |          Instance         |        Module        | BRAM_18K| DSP|  FF | LUT| URAM|
    +---------------------------+----------------------+---------+----+-----+----+-----+
    |mul_7ns_9ns_15_1_1_U187    |mul_7ns_9ns_15_1_1    |        0|   0|    0|  49|    0|
    |sparsemux_7_2_32_1_1_U189  |sparsemux_7_2_32_1_1  |        0|   0|    0|   9|    0|
    |urem_7ns_3ns_2_11_1_U188   |urem_7ns_3ns_2_11_1   |        0|   0|  158|  87|    0|
    +---------------------------+----------------------+---------+----+-----+----+-----+
    |Total                      |                      |        0|   0|  158| 145|    0|
    +---------------------------+----------------------+---------+----+-----+----+-----+

    * DSP: 
    N/A

    * Memory: 
    N/A

    * FIFO: 
    N/A

    * Expression: 
    +------------------------+----------+----+---+----+------------+------------+
    |      Variable Name     | Operation| DSP| FF| LUT| Bitwidth P0| Bitwidth P1|
    +------------------------+----------+----+---+----+------------+------------+
    |add_ln249_1_fu_217_p2   |         +|   0|  0|  20|          13|           1|
    |add_ln249_fu_229_p2     |         +|   0|  0|  14|           7|           1|
    |add_ln250_fu_283_p2     |         +|   0|  0|  14|           7|           1|
    |add_ln251_fu_331_p2     |         +|   0|  0|  17|          12|          12|
    |add_ln253_fu_371_p2     |         +|   0|  0|  71|          64|          64|
    |sub_ln251_fu_322_p2     |         -|   0|  0|  17|          12|          12|
    |and_ln251_1_fu_462_p2   |       and|   0|  0|   2|           1|           1|
    |and_ln251_fu_456_p2     |       and|   0|  0|   2|           1|           1|
    |icmp_ln249_fu_211_p2    |      icmp|   0|  0|  20|          13|           8|
    |icmp_ln250_fu_235_p2    |      icmp|   0|  0|  14|           7|           7|
    |icmp_ln251_1_fu_426_p2  |      icmp|   0|  0|  30|          23|           1|
    |icmp_ln251_2_fu_438_p2  |      icmp|   0|  0|  15|           8|           2|
    |icmp_ln251_3_fu_444_p2  |      icmp|   0|  0|  30|          23|           1|
    |icmp_ln251_fu_420_p2    |      icmp|   0|  0|  15|           8|           2|
    |or_ln251_1_fu_450_p2    |        or|   0|  0|   2|           1|           1|
    |or_ln251_fu_432_p2      |        or|   0|  0|   2|           1|           1|
    |select_ln249_fu_249_p3  |    select|   0|  0|   7|           1|           7|
    |select_ln251_fu_468_p3  |    select|   0|  0|  32|           1|          32|
    |select_ln52_fu_241_p3   |    select|   0|  0|   7|           1|           1|
    |ap_enable_pp0           |       xor|   0|  0|   2|           1|           2|
    +------------------------+----------+----+---+----+------------+------------+
    |Total                   |          |   0|  0| 333|         205|         158|
    +------------------------+----------+----+---+----+------------+------------+

    * Multiplexer: 
    +----------------------------------------+----+-----------+-----+-----------+
    |                  Name                  | LUT| Input Size| Bits| Total Bits|
    +----------------------------------------+----+-----------+-----+-----------+
    |add55123_fu_92                          |   9|          2|   64|        128|
    |ap_NS_fsm                               |  14|          3|    1|          3|
    |ap_done_int                             |   9|          2|    1|          2|
    |ap_enable_reg_pp0_iter0                 |   9|          2|    1|          2|
    |ap_enable_reg_pp0_iter1                 |   9|          2|    1|          2|
    |ap_enable_reg_pp0_iter14                |   9|          2|    1|          2|
    |ap_loop_exit_ready_pp0_iter10_reg       |   9|          2|    1|          2|
    |ap_loop_exit_ready_pp0_iter11_reg       |   9|          2|    1|          2|
    |ap_loop_exit_ready_pp0_iter12_reg       |   9|          2|    1|          2|
    |ap_loop_exit_ready_pp0_iter13_reg       |   9|          2|    1|          2|
    |ap_loop_exit_ready_pp0_iter1_reg        |   9|          2|    1|          2|
    |ap_loop_exit_ready_pp0_iter2_reg        |   9|          2|    1|          2|
    |ap_loop_exit_ready_pp0_iter3_reg        |   9|          2|    1|          2|
    |ap_loop_exit_ready_pp0_iter4_reg        |   9|          2|    1|          2|
    |ap_loop_exit_ready_pp0_iter5_reg        |   9|          2|    1|          2|
    |ap_loop_exit_ready_pp0_iter6_reg        |   9|          2|    1|          2|
    |ap_loop_exit_ready_pp0_iter7_reg        |   9|          2|    1|          2|
    |ap_loop_exit_ready_pp0_iter8_reg        |   9|          2|    1|          2|
    |ap_loop_exit_ready_pp0_iter9_reg        |   9|          2|    1|          2|
    |ap_sig_allocacmp_col_pos_1_load         |   9|          2|    7|         14|
    |ap_sig_allocacmp_indvar_flatten34_load  |   9|          2|   13|         26|
    |ap_sig_allocacmp_row_pos_load           |   9|          2|    7|         14|
    |col_pos_1_fu_100                        |   9|          2|    7|         14|
    |empty_fu_96                             |   9|          2|   32|         64|
    |indvar_flatten34_fu_108                 |   9|          2|   13|         26|
    |row_pos_fu_104                          |   9|          2|    7|         14|
    +----------------------------------------+----+-----------+-----+-----------+
    |Total                                   | 239|         53|  168|        337|
    +----------------------------------------+----+-----------+-----+-----------+

    * Register: 
    +-----------------------------------+----+----+-----+-----------+
    |                Name               | FF | LUT| Bits| Const Bits|
    +-----------------------------------+----+----+-----+-----------+
    |add55123_fu_92                     |  64|   0|   64|          0|
    |ap_CS_fsm                          |   2|   0|    2|          0|
    |ap_done_reg                        |   1|   0|    1|          0|
    |ap_enable_reg_pp0_iter0_reg        |   1|   0|    1|          0|
    |ap_enable_reg_pp0_iter1            |   1|   0|    1|          0|
    |ap_enable_reg_pp0_iter10           |   1|   0|    1|          0|
    |ap_enable_reg_pp0_iter11           |   1|   0|    1|          0|
    |ap_enable_reg_pp0_iter12           |   1|   0|    1|          0|
    |ap_enable_reg_pp0_iter13           |   1|   0|    1|          0|
    |ap_enable_reg_pp0_iter14           |   1|   0|    1|          0|
    |ap_enable_reg_pp0_iter2            |   1|   0|    1|          0|
    |ap_enable_reg_pp0_iter3            |   1|   0|    1|          0|
    |ap_enable_reg_pp0_iter4            |   1|   0|    1|          0|
    |ap_enable_reg_pp0_iter5            |   1|   0|    1|          0|
    |ap_enable_reg_pp0_iter6            |   1|   0|    1|          0|
    |ap_enable_reg_pp0_iter7            |   1|   0|    1|          0|
    |ap_enable_reg_pp0_iter8            |   1|   0|    1|          0|
    |ap_enable_reg_pp0_iter9            |   1|   0|    1|          0|
    |ap_loop_exit_ready_pp0_iter10_reg  |   1|   0|    1|          0|
    |ap_loop_exit_ready_pp0_iter11_reg  |   1|   0|    1|          0|
    |ap_loop_exit_ready_pp0_iter12_reg  |   1|   0|    1|          0|
    |ap_loop_exit_ready_pp0_iter13_reg  |   1|   0|    1|          0|
    |ap_loop_exit_ready_pp0_iter1_reg   |   1|   0|    1|          0|
    |ap_loop_exit_ready_pp0_iter2_reg   |   1|   0|    1|          0|
    |ap_loop_exit_ready_pp0_iter3_reg   |   1|   0|    1|          0|
    |ap_loop_exit_ready_pp0_iter4_reg   |   1|   0|    1|          0|
    |ap_loop_exit_ready_pp0_iter5_reg   |   1|   0|    1|          0|
    |ap_loop_exit_ready_pp0_iter6_reg   |   1|   0|    1|          0|
    |ap_loop_exit_ready_pp0_iter7_reg   |   1|   0|    1|          0|
    |ap_loop_exit_ready_pp0_iter8_reg   |   1|   0|    1|          0|
    |ap_loop_exit_ready_pp0_iter9_reg   |   1|   0|    1|          0|
    |col_pos_1_fu_100                   |   7|   0|    7|          0|
    |conv1_reg_580                      |  32|   0|   32|          0|
    |div6_reg_585                       |  32|   0|   32|          0|
    |empty_fu_96                        |  32|   0|   32|          0|
    |icmp_ln249_reg_524                 |   1|   0|    1|          0|
    |indvar_flatten34_fu_108            |  13|   0|   13|          0|
    |p_load11_reg_592                   |  32|   0|   32|          0|
    |row_pos_fu_104                     |   7|   0|    7|          0|
    |select_ln249_reg_533               |   7|   0|    7|          0|
    |tmp_35_reg_539                     |   6|   0|    6|          0|
    |tmp_reg_574                        |  32|   0|   32|          0|
    |water_level_1_load_reg_564         |  32|   0|   32|          0|
    |water_level_2_load_reg_569         |  32|   0|   32|          0|
    |water_level_load_reg_559           |  32|   0|   32|          0|
    |icmp_ln249_reg_524                 |  64|  32|    1|          0|
    |water_level_1_load_reg_564         |  64|  32|   32|          0|
    |water_level_2_load_reg_569         |  64|  32|   32|          0|
    |water_level_load_reg_559           |  64|  32|   32|          0|
    +-----------------------------------+----+----+-----+-----------+
    |Total                              | 648| 128|  489|          0|
    +-----------------------------------+----+----+-----+-----------+



================================================================
== Interface
================================================================
* Summary: 
+------------------------+-----+-----+------------+---------------------------------------------------------+--------------+
|        RTL Ports       | Dir | Bits|  Protocol  |                      Source Object                      |    C Type    |
+------------------------+-----+-----+------------+---------------------------------------------------------+--------------+
|ap_clk                  |   in|    1|  ap_ctrl_hs|  do_compute_Pipeline_VITIS_LOOP_249_16_VITIS_LOOP_250_17|  return value|
|ap_rst                  |   in|    1|  ap_ctrl_hs|  do_compute_Pipeline_VITIS_LOOP_249_16_VITIS_LOOP_250_17|  return value|
|ap_start                |   in|    1|  ap_ctrl_hs|  do_compute_Pipeline_VITIS_LOOP_249_16_VITIS_LOOP_250_17|  return value|
|ap_done                 |  out|    1|  ap_ctrl_hs|  do_compute_Pipeline_VITIS_LOOP_249_16_VITIS_LOOP_250_17|  return value|
|ap_idle                 |  out|    1|  ap_ctrl_hs|  do_compute_Pipeline_VITIS_LOOP_249_16_VITIS_LOOP_250_17|  return value|
|ap_ready                |  out|    1|  ap_ctrl_hs|  do_compute_Pipeline_VITIS_LOOP_249_16_VITIS_LOOP_250_17|  return value|
|grp_fu_481_p_din0       |  out|   32|  ap_ctrl_hs|  do_compute_Pipeline_VITIS_LOOP_249_16_VITIS_LOOP_250_17|  return value|
|grp_fu_481_p_din1       |  out|   32|  ap_ctrl_hs|  do_compute_Pipeline_VITIS_LOOP_249_16_VITIS_LOOP_250_17|  return value|
|grp_fu_481_p_dout0      |   in|   32|  ap_ctrl_hs|  do_compute_Pipeline_VITIS_LOOP_249_16_VITIS_LOOP_250_17|  return value|
|grp_fu_481_p_ce         |  out|    1|  ap_ctrl_hs|  do_compute_Pipeline_VITIS_LOOP_249_16_VITIS_LOOP_250_17|  return value|
|grp_fu_1441_p_din0      |  out|   32|  ap_ctrl_hs|  do_compute_Pipeline_VITIS_LOOP_249_16_VITIS_LOOP_250_17|  return value|
|grp_fu_1441_p_dout0     |   in|   32|  ap_ctrl_hs|  do_compute_Pipeline_VITIS_LOOP_249_16_VITIS_LOOP_250_17|  return value|
|grp_fu_1441_p_ce        |  out|    1|  ap_ctrl_hs|  do_compute_Pipeline_VITIS_LOOP_249_16_VITIS_LOOP_250_17|  return value|
|grp_fu_503_p_din0       |  out|   32|  ap_ctrl_hs|  do_compute_Pipeline_VITIS_LOOP_249_16_VITIS_LOOP_250_17|  return value|
|grp_fu_503_p_din1       |  out|   32|  ap_ctrl_hs|  do_compute_Pipeline_VITIS_LOOP_249_16_VITIS_LOOP_250_17|  return value|
|grp_fu_503_p_opcode     |  out|    5|  ap_ctrl_hs|  do_compute_Pipeline_VITIS_LOOP_249_16_VITIS_LOOP_250_17|  return value|
|grp_fu_503_p_dout0      |   in|    1|  ap_ctrl_hs|  do_compute_Pipeline_VITIS_LOOP_249_16_VITIS_LOOP_250_17|  return value|
|grp_fu_503_p_ce         |  out|    1|  ap_ctrl_hs|  do_compute_Pipeline_VITIS_LOOP_249_16_VITIS_LOOP_250_17|  return value|
|trunc_ln2               |   in|   64|     ap_none|                                                trunc_ln2|        scalar|
|water_level_address0    |  out|   12|   ap_memory|                                              water_level|         array|
|water_level_ce0         |  out|    1|   ap_memory|                                              water_level|         array|
|water_level_q0          |   in|   32|   ap_memory|                                              water_level|         array|
|water_level_1_address0  |  out|   12|   ap_memory|                                            water_level_1|         array|
|water_level_1_ce0       |  out|    1|   ap_memory|                                            water_level_1|         array|
|water_level_1_q0        |   in|   32|   ap_memory|                                            water_level_1|         array|
|water_level_2_address0  |  out|   12|   ap_memory|                                            water_level_2|         array|
|water_level_2_ce0       |  out|    1|   ap_memory|                                            water_level_2|         array|
|water_level_2_q0        |   in|   32|   ap_memory|                                            water_level_2|         array|
|p_out                   |  out|   32|      ap_vld|                                                    p_out|       pointer|
|p_out_ap_vld            |  out|    1|      ap_vld|                                                    p_out|       pointer|
|add55123_out            |  out|   64|      ap_vld|                                             add55123_out|       pointer|
|add55123_out_ap_vld     |  out|    1|      ap_vld|                                             add55123_out|       pointer|
+------------------------+-----+-----+------------+---------------------------------------------------------+--------------+

============================================================
+ Verbose Summary: Synthesis Manager
============================================================
InlineROM: 1
ExposeGlobal: 0
============================================================
+ Verbose Summary: CDFG Model
============================================================
IsTopModel: 0
ResetActiveHigh: 1
IsCombinational: 2
IsDatapathOnly: 2
HasWiredReturn: 1
HasMFsm: 2
HasVarLatency: 1
IsPipeline: 0
IsRtlPipelined: 0
IsInstanceOverlapped: 0
IsDontTouch: 0
HasImplIP: 0
IsGatedGlobalClock: 0

+ Individual pipeline summary: 
  * Pipeline-0: initiation interval (II) = 2, depth = 29


============================================================
+ Verbose Summary: Schedule
============================================================
* Number of FSM states : 29
* Pipeline : 1
  Pipeline-0 : II = 2, D = 29, States = { 1 2 3 4 5 6 7 8 9 10 11 12 13 14 15 16 17 18 19 20 21 22 23 24 25 26 27 28 29 }
* Dataflow Pipeline: 0

* FSM state transitions: 
1 --> 2 
2 --> 3 
3 --> 4 
4 --> 5 
5 --> 6 
6 --> 7 
7 --> 8 
8 --> 9 
9 --> 10 
10 --> 11 
11 --> 12 
12 --> 13 
13 --> 14 
14 --> 15 
15 --> 16 
16 --> 17 
17 --> 18 
18 --> 19 
19 --> 20 
20 --> 21 
21 --> 22 
22 --> 23 
23 --> 24 
24 --> 25 
25 --> 26 
26 --> 27 
27 --> 28 
28 --> 29 
29 --> 

* FSM state operations: 

State 1 <SV = 0> <Delay = 2.86>
ST_1 : Operation 32 [1/1] (0.00ns)   --->   "%add55123 = alloca i32 1"   --->   Operation 32 'alloca' 'add55123' <Predicate = true> <Delay = 0.00>
ST_1 : Operation 33 [1/1] (0.00ns)   --->   "%empty = alloca i32 1"   --->   Operation 33 'alloca' 'empty' <Predicate = true> <Delay = 0.00>
ST_1 : Operation 34 [1/1] (0.00ns)   --->   "%col_pos_1 = alloca i32 1" [flood_HLS_base.cpp:52]   --->   Operation 34 'alloca' 'col_pos_1' <Predicate = true> <Delay = 0.00>
ST_1 : Operation 35 [1/1] (0.00ns)   --->   "%row_pos = alloca i32 1" [flood_HLS_base.cpp:52]   --->   Operation 35 'alloca' 'row_pos' <Predicate = true> <Delay = 0.00>
ST_1 : Operation 36 [1/1] (0.00ns)   --->   "%indvar_flatten34 = alloca i32 1"   --->   Operation 36 'alloca' 'indvar_flatten34' <Predicate = true> <Delay = 0.00>
ST_1 : Operation 37 [1/1] (0.00ns)   --->   "%trunc_ln2_read = read i64 @_ssdm_op_Read.ap_auto.i64, i64 %trunc_ln2"   --->   Operation 37 'read' 'trunc_ln2_read' <Predicate = true> <Delay = 0.00>
ST_1 : Operation 38 [1/1] (0.38ns)   --->   "%store_ln0 = store i13 0, i13 %indvar_flatten34"   --->   Operation 38 'store' 'store_ln0' <Predicate = true> <Delay = 0.38>
ST_1 : Operation 39 [1/1] (0.38ns)   --->   "%store_ln52 = store i7 0, i7 %row_pos" [flood_HLS_base.cpp:52]   --->   Operation 39 'store' 'store_ln52' <Predicate = true> <Delay = 0.38>
ST_1 : Operation 40 [1/1] (0.38ns)   --->   "%store_ln52 = store i7 0, i7 %col_pos_1" [flood_HLS_base.cpp:52]   --->   Operation 40 'store' 'store_ln52' <Predicate = true> <Delay = 0.38>
ST_1 : Operation 41 [1/1] (0.38ns)   --->   "%store_ln0 = store i32 0, i32 %empty"   --->   Operation 41 'store' 'store_ln0' <Predicate = true> <Delay = 0.38>
ST_1 : Operation 42 [1/1] (0.38ns)   --->   "%store_ln0 = store i64 %trunc_ln2_read, i64 %add55123"   --->   Operation 42 'store' 'store_ln0' <Predicate = true> <Delay = 0.38>
ST_1 : Operation 43 [1/1] (0.00ns)   --->   "%br_ln0 = br void %for.body528"   --->   Operation 43 'br' 'br_ln0' <Predicate = true> <Delay = 0.00>
ST_1 : Operation 44 [1/1] (0.00ns)   --->   "%indvar_flatten34_load = load i13 %indvar_flatten34" [flood_HLS_base.cpp:249]   --->   Operation 44 'load' 'indvar_flatten34_load' <Predicate = true> <Delay = 0.00>
ST_1 : Operation 45 [1/1] (0.75ns)   --->   "%icmp_ln249 = icmp_eq  i13 %indvar_flatten34_load, i13 8100" [flood_HLS_base.cpp:249]   --->   Operation 45 'icmp' 'icmp_ln249' <Predicate = true> <Delay = 0.75> <CoreInst = "Cmp">   --->   Core 9 'Cmp' <Latency = 0> <II = 1> <Delay = 0.75> <FuncUnit> <Opcode : 'seteq' 'setne' 'setle' 'setge' 'setlt' 'setgt'> <InPorts = 2> <OutPorts = 1>
ST_1 : Operation 46 [1/1] (0.75ns)   --->   "%add_ln249_1 = add i13 %indvar_flatten34_load, i13 1" [flood_HLS_base.cpp:249]   --->   Operation 46 'add' 'add_ln249_1' <Predicate = true> <Delay = 0.75> <CoreInst = "Adder">   --->   Core 1 'Adder' <Latency = 0> <II = 1> <Delay = 0.75> <FuncUnit> <Opcode : 'add' 'sub'> <InPorts = 2> <OutPorts = 1>
ST_1 : Operation 47 [1/1] (0.00ns)   --->   "%br_ln249 = br i1 %icmp_ln249, void %for.inc555, void %for.end557.exitStub" [flood_HLS_base.cpp:249]   --->   Operation 47 'br' 'br_ln249' <Predicate = true> <Delay = 0.00>
ST_1 : Operation 48 [1/1] (0.00ns)   --->   "%col_pos_1_load = load i7 %col_pos_1" [flood_HLS_base.cpp:250]   --->   Operation 48 'load' 'col_pos_1_load' <Predicate = (!icmp_ln249)> <Delay = 0.00>
ST_1 : Operation 49 [1/1] (0.00ns)   --->   "%row_pos_load = load i7 %row_pos" [flood_HLS_base.cpp:249]   --->   Operation 49 'load' 'row_pos_load' <Predicate = (!icmp_ln249)> <Delay = 0.00>
ST_1 : Operation 50 [1/1] (0.70ns)   --->   "%add_ln249 = add i7 %row_pos_load, i7 1" [flood_HLS_base.cpp:249]   --->   Operation 50 'add' 'add_ln249' <Predicate = (!icmp_ln249)> <Delay = 0.70> <CoreInst = "Adder">   --->   Core 1 'Adder' <Latency = 0> <II = 1> <Delay = 0.70> <FuncUnit> <Opcode : 'add' 'sub'> <InPorts = 2> <OutPorts = 1>
ST_1 : Operation 51 [1/1] (0.70ns)   --->   "%icmp_ln250 = icmp_eq  i7 %col_pos_1_load, i7 90" [flood_HLS_base.cpp:250]   --->   Operation 51 'icmp' 'icmp_ln250' <Predicate = (!icmp_ln249)> <Delay = 0.70> <CoreInst = "Cmp">   --->   Core 9 'Cmp' <Latency = 0> <II = 1> <Delay = 0.70> <FuncUnit> <Opcode : 'seteq' 'setne' 'setle' 'setge' 'setlt' 'setgt'> <InPorts = 2> <OutPorts = 1>
ST_1 : Operation 52 [1/1] (0.30ns)   --->   "%select_ln52 = select i1 %icmp_ln250, i7 0, i7 %col_pos_1_load" [flood_HLS_base.cpp:52]   --->   Operation 52 'select' 'select_ln52' <Predicate = (!icmp_ln249)> <Delay = 0.30> <CoreInst = "Sel">   --->   Core 73 'Sel' <Latency = 0> <II = 1> <Delay = 0.30> <FuncUnit> <Opcode : 'select'> <InPorts = 3> <OutPorts = 1>
ST_1 : Operation 53 [1/1] (0.30ns)   --->   "%select_ln249 = select i1 %icmp_ln250, i7 %add_ln249, i7 %row_pos_load" [flood_HLS_base.cpp:249]   --->   Operation 53 'select' 'select_ln249' <Predicate = (!icmp_ln249)> <Delay = 0.30> <CoreInst = "Sel">   --->   Core 73 'Sel' <Latency = 0> <II = 1> <Delay = 0.30> <FuncUnit> <Opcode : 'select'> <InPorts = 3> <OutPorts = 1>
ST_1 : Operation 54 [1/1] (0.00ns)   --->   "%zext_ln52 = zext i7 %select_ln52" [flood_HLS_base.cpp:52]   --->   Operation 54 'zext' 'zext_ln52' <Predicate = (!icmp_ln249)> <Delay = 0.00>
ST_1 : Operation 55 [1/1] (1.46ns)   --->   "%mul_ln52 = mul i15 %zext_ln52, i15 171" [flood_HLS_base.cpp:52]   --->   Operation 55 'mul' 'mul_ln52' <Predicate = (!icmp_ln249)> <Delay = 1.46> <CoreInst = "Multiplier">   --->   Core 3 'Multiplier' <Latency = 0> <II = 1> <Delay = 1.46> <FuncUnit> <Opcode : 'mul'> <InPorts = 2> <OutPorts = 1>
ST_1 : Operation 56 [1/1] (0.00ns)   --->   "%tmp_35 = partselect i6 @_ssdm_op_PartSelect.i6.i15.i32.i32, i15 %mul_ln52, i32 9, i32 14" [flood_HLS_base.cpp:52]   --->   Operation 56 'partselect' 'tmp_35' <Predicate = (!icmp_ln249)> <Delay = 0.00>
ST_1 : Operation 57 [11/11] (1.21ns)   --->   "%urem_ln52 = urem i7 %select_ln52, i7 3" [flood_HLS_base.cpp:52]   --->   Operation 57 'urem' 'urem_ln52' <Predicate = (!icmp_ln249)> <Delay = 1.21> <CoreInst = "Divider">   --->   Core 6 'Divider' <Latency = 10> <II = 1> <Delay = 1.21> <FuncUnit> <Opcode : 'udiv' 'sdiv' 'urem' 'srem'> <InPorts = 2> <OutPorts = 1>
ST_1 : Operation 58 [1/1] (0.70ns)   --->   "%add_ln250 = add i7 %select_ln52, i7 1" [flood_HLS_base.cpp:250]   --->   Operation 58 'add' 'add_ln250' <Predicate = (!icmp_ln249)> <Delay = 0.70> <CoreInst = "Adder">   --->   Core 1 'Adder' <Latency = 0> <II = 1> <Delay = 0.70> <FuncUnit> <Opcode : 'add' 'sub'> <InPorts = 2> <OutPorts = 1>
ST_1 : Operation 59 [1/1] (0.38ns)   --->   "%store_ln249 = store i13 %add_ln249_1, i13 %indvar_flatten34" [flood_HLS_base.cpp:249]   --->   Operation 59 'store' 'store_ln249' <Predicate = (!icmp_ln249)> <Delay = 0.38>
ST_1 : Operation 60 [1/1] (0.38ns)   --->   "%store_ln52 = store i7 %select_ln249, i7 %row_pos" [flood_HLS_base.cpp:52]   --->   Operation 60 'store' 'store_ln52' <Predicate = (!icmp_ln249)> <Delay = 0.38>
ST_1 : Operation 61 [1/1] (0.38ns)   --->   "%store_ln52 = store i7 %add_ln250, i7 %col_pos_1" [flood_HLS_base.cpp:52]   --->   Operation 61 'store' 'store_ln52' <Predicate = (!icmp_ln249)> <Delay = 0.38>

State 2 <SV = 1> <Delay = 2.40>
ST_2 : Operation 62 [1/1] (0.00ns)   --->   "%p_shl = bitconcatenate i12 @_ssdm_op_BitConcatenate.i12.i7.i5, i7 %select_ln249, i5 0" [flood_HLS_base.cpp:251]   --->   Operation 62 'bitconcatenate' 'p_shl' <Predicate = (!icmp_ln249)> <Delay = 0.00>
ST_2 : Operation 63 [1/1] (0.00ns)   --->   "%tmp_34 = bitconcatenate i8 @_ssdm_op_BitConcatenate.i8.i7.i1, i7 %select_ln249, i1 0" [flood_HLS_base.cpp:251]   --->   Operation 63 'bitconcatenate' 'tmp_34' <Predicate = (!icmp_ln249)> <Delay = 0.00>
ST_2 : Operation 64 [1/1] (0.00ns)   --->   "%zext_ln251 = zext i8 %tmp_34" [flood_HLS_base.cpp:251]   --->   Operation 64 'zext' 'zext_ln251' <Predicate = (!icmp_ln249)> <Delay = 0.00>
ST_2 : Operation 65 [1/1] (0.00ns) (grouped into TernaryAdder)   --->   "%sub_ln251 = sub i12 %p_shl, i12 %zext_ln251" [flood_HLS_base.cpp:251]   --->   Operation 65 'sub' 'sub_ln251' <Predicate = (!icmp_ln249)> <Delay = 0.00> <CoreInst = "TAddSub">   --->   Core 10 'TAddSub' <Latency = 0> <II = 1> <Delay = 0.37> <IPBlock> <Opcode : '' 'add' 'sub'> <InPorts = 3> <OutPorts = 1> <Sync> <CReg>
ST_2 : Operation 66 [1/1] (0.00ns)   --->   "%zext_ln251_1 = zext i6 %tmp_35" [flood_HLS_base.cpp:251]   --->   Operation 66 'zext' 'zext_ln251_1' <Predicate = (!icmp_ln249)> <Delay = 0.00>
ST_2 : Operation 67 [1/1] (0.75ns) (root node of TernaryAdder)   --->   "%add_ln251 = add i12 %sub_ln251, i12 %zext_ln251_1" [flood_HLS_base.cpp:251]   --->   Operation 67 'add' 'add_ln251' <Predicate = (!icmp_ln249)> <Delay = 0.75> <CoreInst = "TAddSub">   --->   Core 10 'TAddSub' <Latency = 0> <II = 1> <Delay = 0.37> <IPBlock> <Opcode : '' 'add' 'sub'> <InPorts = 3> <OutPorts = 1> <Sync> <CReg>
ST_2 : Operation 68 [1/1] (0.00ns)   --->   "%zext_ln251_2 = zext i12 %add_ln251" [flood_HLS_base.cpp:251]   --->   Operation 68 'zext' 'zext_ln251_2' <Predicate = (!icmp_ln249)> <Delay = 0.00>
ST_2 : Operation 69 [1/1] (0.00ns)   --->   "%water_level_addr = getelementptr i32 %water_level, i64 0, i64 %zext_ln251_2" [flood_HLS_base.cpp:251]   --->   Operation 69 'getelementptr' 'water_level_addr' <Predicate = (!icmp_ln249)> <Delay = 0.00>
ST_2 : Operation 70 [1/1] (0.00ns)   --->   "%water_level_1_addr = getelementptr i32 %water_level_1, i64 0, i64 %zext_ln251_2" [flood_HLS_base.cpp:251]   --->   Operation 70 'getelementptr' 'water_level_1_addr' <Predicate = (!icmp_ln249)> <Delay = 0.00>
ST_2 : Operation 71 [1/1] (0.00ns)   --->   "%water_level_2_addr = getelementptr i32 %water_level_2, i64 0, i64 %zext_ln251_2" [flood_HLS_base.cpp:251]   --->   Operation 71 'getelementptr' 'water_level_2_addr' <Predicate = (!icmp_ln249)> <Delay = 0.00>
ST_2 : Operation 72 [10/11] (1.21ns)   --->   "%urem_ln52 = urem i7 %select_ln52, i7 3" [flood_HLS_base.cpp:52]   --->   Operation 72 'urem' 'urem_ln52' <Predicate = (!icmp_ln249)> <Delay = 1.21> <CoreInst = "Divider">   --->   Core 6 'Divider' <Latency = 10> <II = 1> <Delay = 1.21> <FuncUnit> <Opcode : 'udiv' 'sdiv' 'urem' 'srem'> <InPorts = 2> <OutPorts = 1>
ST_2 : Operation 73 [2/2] (1.64ns)   --->   "%water_level_load = load i12 %water_level_addr" [flood_HLS_base.cpp:251]   --->   Operation 73 'load' 'water_level_load' <Predicate = (!icmp_ln249)> <Delay = 1.64> <CoreInst = "RAM_1WnR">   --->   Core 83 'RAM_1WnR' <Latency = 1> <II = 1> <Delay = 1.64> <Storage> <Opcode : 'load' 'store'> <Ports = 17> <Width = 32> <Depth = 2700> <RAM>
ST_2 : Operation 74 [2/2] (1.64ns)   --->   "%water_level_1_load = load i12 %water_level_1_addr" [flood_HLS_base.cpp:251]   --->   Operation 74 'load' 'water_level_1_load' <Predicate = (!icmp_ln249)> <Delay = 1.64> <CoreInst = "RAM_1WnR">   --->   Core 83 'RAM_1WnR' <Latency = 1> <II = 1> <Delay = 1.64> <Storage> <Opcode : 'load' 'store'> <Ports = 17> <Width = 32> <Depth = 2700> <RAM>
ST_2 : Operation 75 [2/2] (1.64ns)   --->   "%water_level_2_load = load i12 %water_level_2_addr" [flood_HLS_base.cpp:251]   --->   Operation 75 'load' 'water_level_2_load' <Predicate = (!icmp_ln249)> <Delay = 1.64> <CoreInst = "RAM_1WnR">   --->   Core 83 'RAM_1WnR' <Latency = 1> <II = 1> <Delay = 1.64> <Storage> <Opcode : 'load' 'store'> <Ports = 17> <Width = 32> <Depth = 2700> <RAM>

State 3 <SV = 2> <Delay = 1.64>
ST_3 : Operation 76 [9/11] (1.21ns)   --->   "%urem_ln52 = urem i7 %select_ln52, i7 3" [flood_HLS_base.cpp:52]   --->   Operation 76 'urem' 'urem_ln52' <Predicate = true> <Delay = 1.21> <CoreInst = "Divider">   --->   Core 6 'Divider' <Latency = 10> <II = 1> <Delay = 1.21> <FuncUnit> <Opcode : 'udiv' 'sdiv' 'urem' 'srem'> <InPorts = 2> <OutPorts = 1>
ST_3 : Operation 77 [1/2] (1.64ns)   --->   "%water_level_load = load i12 %water_level_addr" [flood_HLS_base.cpp:251]   --->   Operation 77 'load' 'water_level_load' <Predicate = true> <Delay = 1.64> <CoreInst = "RAM_1WnR">   --->   Core 83 'RAM_1WnR' <Latency = 1> <II = 1> <Delay = 1.64> <Storage> <Opcode : 'load' 'store'> <Ports = 17> <Width = 32> <Depth = 2700> <RAM>
ST_3 : Operation 78 [1/2] (1.64ns)   --->   "%water_level_1_load = load i12 %water_level_1_addr" [flood_HLS_base.cpp:251]   --->   Operation 78 'load' 'water_level_1_load' <Predicate = true> <Delay = 1.64> <CoreInst = "RAM_1WnR">   --->   Core 83 'RAM_1WnR' <Latency = 1> <II = 1> <Delay = 1.64> <Storage> <Opcode : 'load' 'store'> <Ports = 17> <Width = 32> <Depth = 2700> <RAM>
ST_3 : Operation 79 [1/2] (1.64ns)   --->   "%water_level_2_load = load i12 %water_level_2_addr" [flood_HLS_base.cpp:251]   --->   Operation 79 'load' 'water_level_2_load' <Predicate = true> <Delay = 1.64> <CoreInst = "RAM_1WnR">   --->   Core 83 'RAM_1WnR' <Latency = 1> <II = 1> <Delay = 1.64> <Storage> <Opcode : 'load' 'store'> <Ports = 17> <Width = 32> <Depth = 2700> <RAM>

State 4 <SV = 3> <Delay = 1.21>
ST_4 : Operation 80 [8/11] (1.21ns)   --->   "%urem_ln52 = urem i7 %select_ln52, i7 3" [flood_HLS_base.cpp:52]   --->   Operation 80 'urem' 'urem_ln52' <Predicate = true> <Delay = 1.21> <CoreInst = "Divider">   --->   Core 6 'Divider' <Latency = 10> <II = 1> <Delay = 1.21> <FuncUnit> <Opcode : 'udiv' 'sdiv' 'urem' 'srem'> <InPorts = 2> <OutPorts = 1>

State 5 <SV = 4> <Delay = 1.21>
ST_5 : Operation 81 [7/11] (1.21ns)   --->   "%urem_ln52 = urem i7 %select_ln52, i7 3" [flood_HLS_base.cpp:52]   --->   Operation 81 'urem' 'urem_ln52' <Predicate = true> <Delay = 1.21> <CoreInst = "Divider">   --->   Core 6 'Divider' <Latency = 10> <II = 1> <Delay = 1.21> <FuncUnit> <Opcode : 'udiv' 'sdiv' 'urem' 'srem'> <InPorts = 2> <OutPorts = 1>

State 6 <SV = 5> <Delay = 1.21>
ST_6 : Operation 82 [6/11] (1.21ns)   --->   "%urem_ln52 = urem i7 %select_ln52, i7 3" [flood_HLS_base.cpp:52]   --->   Operation 82 'urem' 'urem_ln52' <Predicate = true> <Delay = 1.21> <CoreInst = "Divider">   --->   Core 6 'Divider' <Latency = 10> <II = 1> <Delay = 1.21> <FuncUnit> <Opcode : 'udiv' 'sdiv' 'urem' 'srem'> <InPorts = 2> <OutPorts = 1>

State 7 <SV = 6> <Delay = 1.21>
ST_7 : Operation 83 [5/11] (1.21ns)   --->   "%urem_ln52 = urem i7 %select_ln52, i7 3" [flood_HLS_base.cpp:52]   --->   Operation 83 'urem' 'urem_ln52' <Predicate = true> <Delay = 1.21> <CoreInst = "Divider">   --->   Core 6 'Divider' <Latency = 10> <II = 1> <Delay = 1.21> <FuncUnit> <Opcode : 'udiv' 'sdiv' 'urem' 'srem'> <InPorts = 2> <OutPorts = 1>

State 8 <SV = 7> <Delay = 1.21>
ST_8 : Operation 84 [4/11] (1.21ns)   --->   "%urem_ln52 = urem i7 %select_ln52, i7 3" [flood_HLS_base.cpp:52]   --->   Operation 84 'urem' 'urem_ln52' <Predicate = true> <Delay = 1.21> <CoreInst = "Divider">   --->   Core 6 'Divider' <Latency = 10> <II = 1> <Delay = 1.21> <FuncUnit> <Opcode : 'udiv' 'sdiv' 'urem' 'srem'> <InPorts = 2> <OutPorts = 1>

State 9 <SV = 8> <Delay = 1.21>
ST_9 : Operation 85 [3/11] (1.21ns)   --->   "%urem_ln52 = urem i7 %select_ln52, i7 3" [flood_HLS_base.cpp:52]   --->   Operation 85 'urem' 'urem_ln52' <Predicate = true> <Delay = 1.21> <CoreInst = "Divider">   --->   Core 6 'Divider' <Latency = 10> <II = 1> <Delay = 1.21> <FuncUnit> <Opcode : 'udiv' 'sdiv' 'urem' 'srem'> <InPorts = 2> <OutPorts = 1>

State 10 <SV = 9> <Delay = 1.21>
ST_10 : Operation 86 [2/11] (1.21ns)   --->   "%urem_ln52 = urem i7 %select_ln52, i7 3" [flood_HLS_base.cpp:52]   --->   Operation 86 'urem' 'urem_ln52' <Predicate = true> <Delay = 1.21> <CoreInst = "Divider">   --->   Core 6 'Divider' <Latency = 10> <II = 1> <Delay = 1.21> <FuncUnit> <Opcode : 'udiv' 'sdiv' 'urem' 'srem'> <InPorts = 2> <OutPorts = 1>

State 11 <SV = 10> <Delay = 1.60>
ST_11 : Operation 87 [1/11] (1.21ns)   --->   "%urem_ln52 = urem i7 %select_ln52, i7 3" [flood_HLS_base.cpp:52]   --->   Operation 87 'urem' 'urem_ln52' <Predicate = true> <Delay = 1.21> <CoreInst = "Divider">   --->   Core 6 'Divider' <Latency = 10> <II = 1> <Delay = 1.21> <FuncUnit> <Opcode : 'udiv' 'sdiv' 'urem' 'srem'> <InPorts = 2> <OutPorts = 1>
ST_11 : Operation 88 [1/1] (0.00ns)   --->   "%trunc_ln52 = trunc i2 %urem_ln52" [flood_HLS_base.cpp:52]   --->   Operation 88 'trunc' 'trunc_ln52' <Predicate = true> <Delay = 0.00>
ST_11 : Operation 89 [1/1] (0.38ns)   --->   "%tmp = sparsemux i32 @_ssdm_op_SparseMux.ap_auto.3i32.i32.i2, i2 0, i32 %water_level_load, i2 1, i32 %water_level_1_load, i2 2, i32 %water_level_2_load, i32 0, i2 %trunc_ln52" [flood_HLS_base.cpp:251]   --->   Operation 89 'sparsemux' 'tmp' <Predicate = true> <Delay = 0.38> <CoreInst = "SparseMux">   --->   Core 144 'SparseMux' <Latency = 0> <II = 1> <Delay = 0.38> <FuncUnit> <Opcode : 'sparsemux'> <InPorts = 2> <OutPorts = 1>

State 12 <SV = 11> <Delay = 2.66>
ST_12 : Operation 90 [1/1] (0.00ns)   --->   "%add55123_load = load i64 %add55123" [flood_HLS_base.cpp:253]   --->   Operation 90 'load' 'add55123_load' <Predicate = true> <Delay = 0.00>
ST_12 : Operation 91 [4/4] (2.66ns)   --->   "%conv1 = sitofp i32 %tmp" [flood_HLS_base.cpp:251]   --->   Operation 91 'sitofp' 'conv1' <Predicate = true> <Delay = 2.66> <CoreInst = "Int2Float">   --->   Core 62 'Int2Float' <Latency = 3> <II = 1> <Delay = 2.66> <FuncUnit> <Opcode : 'uitofp' 'sitofp'> <InPorts = 1> <OutPorts = 1>
ST_12 : Operation 92 [1/1] (0.00ns)   --->   "%sext_ln253 = sext i32 %tmp" [flood_HLS_base.cpp:253]   --->   Operation 92 'sext' 'sext_ln253' <Predicate = true> <Delay = 0.00>
ST_12 : Operation 93 [1/1] (1.14ns)   --->   "%add_ln253 = add i64 %sext_ln253, i64 %add55123_load" [flood_HLS_base.cpp:253]   --->   Operation 93 'add' 'add_ln253' <Predicate = true> <Delay = 1.14> <CoreInst = "Adder">   --->   Core 1 'Adder' <Latency = 0> <II = 1> <Delay = 1.14> <FuncUnit> <Opcode : 'add' 'sub'> <InPorts = 2> <OutPorts = 1>
ST_12 : Operation 94 [1/1] (0.38ns)   --->   "%store_ln253 = store i64 %add_ln253, i64 %add55123" [flood_HLS_base.cpp:253]   --->   Operation 94 'store' 'store_ln253' <Predicate = true> <Delay = 0.38>

State 13 <SV = 12> <Delay = 2.66>
ST_13 : Operation 95 [3/4] (2.66ns)   --->   "%conv1 = sitofp i32 %tmp" [flood_HLS_base.cpp:251]   --->   Operation 95 'sitofp' 'conv1' <Predicate = true> <Delay = 2.66> <CoreInst = "Int2Float">   --->   Core 62 'Int2Float' <Latency = 3> <II = 1> <Delay = 2.66> <FuncUnit> <Opcode : 'uitofp' 'sitofp'> <InPorts = 1> <OutPorts = 1>

State 14 <SV = 13> <Delay = 2.66>
ST_14 : Operation 96 [2/4] (2.66ns)   --->   "%conv1 = sitofp i32 %tmp" [flood_HLS_base.cpp:251]   --->   Operation 96 'sitofp' 'conv1' <Predicate = true> <Delay = 2.66> <CoreInst = "Int2Float">   --->   Core 62 'Int2Float' <Latency = 3> <II = 1> <Delay = 2.66> <FuncUnit> <Opcode : 'uitofp' 'sitofp'> <InPorts = 1> <OutPorts = 1>

State 15 <SV = 14> <Delay = 2.66>
ST_15 : Operation 97 [1/4] (2.66ns)   --->   "%conv1 = sitofp i32 %tmp" [flood_HLS_base.cpp:251]   --->   Operation 97 'sitofp' 'conv1' <Predicate = true> <Delay = 2.66> <CoreInst = "Int2Float">   --->   Core 62 'Int2Float' <Latency = 3> <II = 1> <Delay = 2.66> <FuncUnit> <Opcode : 'uitofp' 'sitofp'> <InPorts = 1> <OutPorts = 1>

State 16 <SV = 15> <Delay = 2.32>
ST_16 : Operation 98 [12/12] (2.32ns)   --->   "%div6 = fdiv i32 %conv1, i32 1e+06" [flood_HLS_base.cpp:251]   --->   Operation 98 'fdiv' 'div6' <Predicate = true> <Delay = 2.32> <CoreInst = "FDiv">   --->   Core 20 'FDiv' <Latency = 11> <II = 1> <Delay = 2.32> <FuncUnit> <Opcode : 'fdiv' 'frem'> <InPorts = 2> <OutPorts = 1>

State 17 <SV = 16> <Delay = 2.32>
ST_17 : Operation 99 [11/12] (2.32ns)   --->   "%div6 = fdiv i32 %conv1, i32 1e+06" [flood_HLS_base.cpp:251]   --->   Operation 99 'fdiv' 'div6' <Predicate = true> <Delay = 2.32> <CoreInst = "FDiv">   --->   Core 20 'FDiv' <Latency = 11> <II = 1> <Delay = 2.32> <FuncUnit> <Opcode : 'fdiv' 'frem'> <InPorts = 2> <OutPorts = 1>

State 18 <SV = 17> <Delay = 2.32>
ST_18 : Operation 100 [10/12] (2.32ns)   --->   "%div6 = fdiv i32 %conv1, i32 1e+06" [flood_HLS_base.cpp:251]   --->   Operation 100 'fdiv' 'div6' <Predicate = true> <Delay = 2.32> <CoreInst = "FDiv">   --->   Core 20 'FDiv' <Latency = 11> <II = 1> <Delay = 2.32> <FuncUnit> <Opcode : 'fdiv' 'frem'> <InPorts = 2> <OutPorts = 1>

State 19 <SV = 18> <Delay = 2.32>
ST_19 : Operation 101 [9/12] (2.32ns)   --->   "%div6 = fdiv i32 %conv1, i32 1e+06" [flood_HLS_base.cpp:251]   --->   Operation 101 'fdiv' 'div6' <Predicate = true> <Delay = 2.32> <CoreInst = "FDiv">   --->   Core 20 'FDiv' <Latency = 11> <II = 1> <Delay = 2.32> <FuncUnit> <Opcode : 'fdiv' 'frem'> <InPorts = 2> <OutPorts = 1>

State 20 <SV = 19> <Delay = 2.32>
ST_20 : Operation 102 [8/12] (2.32ns)   --->   "%div6 = fdiv i32 %conv1, i32 1e+06" [flood_HLS_base.cpp:251]   --->   Operation 102 'fdiv' 'div6' <Predicate = true> <Delay = 2.32> <CoreInst = "FDiv">   --->   Core 20 'FDiv' <Latency = 11> <II = 1> <Delay = 2.32> <FuncUnit> <Opcode : 'fdiv' 'frem'> <InPorts = 2> <OutPorts = 1>

State 21 <SV = 20> <Delay = 2.32>
ST_21 : Operation 103 [7/12] (2.32ns)   --->   "%div6 = fdiv i32 %conv1, i32 1e+06" [flood_HLS_base.cpp:251]   --->   Operation 103 'fdiv' 'div6' <Predicate = true> <Delay = 2.32> <CoreInst = "FDiv">   --->   Core 20 'FDiv' <Latency = 11> <II = 1> <Delay = 2.32> <FuncUnit> <Opcode : 'fdiv' 'frem'> <InPorts = 2> <OutPorts = 1>

State 22 <SV = 21> <Delay = 2.32>
ST_22 : Operation 104 [6/12] (2.32ns)   --->   "%div6 = fdiv i32 %conv1, i32 1e+06" [flood_HLS_base.cpp:251]   --->   Operation 104 'fdiv' 'div6' <Predicate = true> <Delay = 2.32> <CoreInst = "FDiv">   --->   Core 20 'FDiv' <Latency = 11> <II = 1> <Delay = 2.32> <FuncUnit> <Opcode : 'fdiv' 'frem'> <InPorts = 2> <OutPorts = 1>

State 23 <SV = 22> <Delay = 2.32>
ST_23 : Operation 105 [5/12] (2.32ns)   --->   "%div6 = fdiv i32 %conv1, i32 1e+06" [flood_HLS_base.cpp:251]   --->   Operation 105 'fdiv' 'div6' <Predicate = true> <Delay = 2.32> <CoreInst = "FDiv">   --->   Core 20 'FDiv' <Latency = 11> <II = 1> <Delay = 2.32> <FuncUnit> <Opcode : 'fdiv' 'frem'> <InPorts = 2> <OutPorts = 1>

State 24 <SV = 23> <Delay = 2.32>
ST_24 : Operation 106 [4/12] (2.32ns)   --->   "%div6 = fdiv i32 %conv1, i32 1e+06" [flood_HLS_base.cpp:251]   --->   Operation 106 'fdiv' 'div6' <Predicate = true> <Delay = 2.32> <CoreInst = "FDiv">   --->   Core 20 'FDiv' <Latency = 11> <II = 1> <Delay = 2.32> <FuncUnit> <Opcode : 'fdiv' 'frem'> <InPorts = 2> <OutPorts = 1>

State 25 <SV = 24> <Delay = 2.32>
ST_25 : Operation 107 [3/12] (2.32ns)   --->   "%div6 = fdiv i32 %conv1, i32 1e+06" [flood_HLS_base.cpp:251]   --->   Operation 107 'fdiv' 'div6' <Predicate = true> <Delay = 2.32> <CoreInst = "FDiv">   --->   Core 20 'FDiv' <Latency = 11> <II = 1> <Delay = 2.32> <FuncUnit> <Opcode : 'fdiv' 'frem'> <InPorts = 2> <OutPorts = 1>

State 26 <SV = 25> <Delay = 2.32>
ST_26 : Operation 108 [2/12] (2.32ns)   --->   "%div6 = fdiv i32 %conv1, i32 1e+06" [flood_HLS_base.cpp:251]   --->   Operation 108 'fdiv' 'div6' <Predicate = true> <Delay = 2.32> <CoreInst = "FDiv">   --->   Core 20 'FDiv' <Latency = 11> <II = 1> <Delay = 2.32> <FuncUnit> <Opcode : 'fdiv' 'frem'> <InPorts = 2> <OutPorts = 1>

State 27 <SV = 26> <Delay = 2.32>
ST_27 : Operation 109 [1/12] (2.32ns)   --->   "%div6 = fdiv i32 %conv1, i32 1e+06" [flood_HLS_base.cpp:251]   --->   Operation 109 'fdiv' 'div6' <Predicate = true> <Delay = 2.32> <CoreInst = "FDiv">   --->   Core 20 'FDiv' <Latency = 11> <II = 1> <Delay = 2.32> <FuncUnit> <Opcode : 'fdiv' 'frem'> <InPorts = 2> <OutPorts = 1>
ST_27 : Operation 133 [1/1] (0.00ns)   --->   "%add55123_load_1 = load i64 %add55123"   --->   Operation 133 'load' 'add55123_load_1' <Predicate = (icmp_ln249)> <Delay = 0.00>
ST_27 : Operation 134 [1/1] (0.00ns)   --->   "%p_load = load i32 %empty"   --->   Operation 134 'load' 'p_load' <Predicate = (icmp_ln249)> <Delay = 0.00>
ST_27 : Operation 135 [1/1] (0.00ns)   --->   "%write_ln0 = write void @_ssdm_op_Write.ap_auto.floatP0A, i32 %p_out, i32 %p_load"   --->   Operation 135 'write' 'write_ln0' <Predicate = (icmp_ln249)> <Delay = 0.00>
ST_27 : Operation 136 [1/1] (0.00ns)   --->   "%write_ln0 = write void @_ssdm_op_Write.ap_auto.i64P0A, i64 %add55123_out, i64 %add55123_load_1"   --->   Operation 136 'write' 'write_ln0' <Predicate = (icmp_ln249)> <Delay = 0.00>
ST_27 : Operation 137 [1/1] (0.38ns)   --->   "%ret_ln0 = ret"   --->   Operation 137 'ret' 'ret_ln0' <Predicate = (icmp_ln249)> <Delay = 0.38>

State 28 <SV = 27> <Delay = 1.64>
ST_28 : Operation 110 [1/1] (0.00ns)   --->   "%p_load11 = load i32 %empty" [flood_HLS_base.cpp:251]   --->   Operation 110 'load' 'p_load11' <Predicate = true> <Delay = 0.00>
ST_28 : Operation 111 [2/2] (1.64ns)   --->   "%tmp_25 = fcmp_ogt  i32 %div6, i32 %p_load11" [flood_HLS_base.cpp:251]   --->   Operation 111 'fcmp' 'tmp_25' <Predicate = true> <Delay = 1.64> <CoreInst = "FCompare">   --->   Core 19 'FCompare' <Latency = 1> <II = 1> <Delay = 1.64> <FuncUnit> <Opcode : 'fcmp'> <InPorts = 2> <OutPorts = 1>

State 29 <SV = 28> <Delay = 2.38>
ST_29 : Operation 112 [1/1] (0.00ns)   --->   "%specloopname_ln0 = specloopname void @_ssdm_op_SpecLoopName, void @VITIS_LOOP_249_16_VITIS_LOOP_250_17_str"   --->   Operation 112 'specloopname' 'specloopname_ln0' <Predicate = true> <Delay = 0.00>
ST_29 : Operation 113 [1/1] (0.00ns)   --->   "%speclooptripcount_ln0 = speclooptripcount void @_ssdm_op_SpecLoopTripCount, i64 8100, i64 8100, i64 8100"   --->   Operation 113 'speclooptripcount' 'speclooptripcount_ln0' <Predicate = true> <Delay = 0.00>
ST_29 : Operation 114 [1/1] (0.00ns)   --->   "%specpipeline_ln52 = specpipeline void @_ssdm_op_SpecPipeline, i32 4294967295, i32 0, i32 0, i32 0, void @empty_3" [flood_HLS_base.cpp:52]   --->   Operation 114 'specpipeline' 'specpipeline_ln52' <Predicate = true> <Delay = 0.00>
ST_29 : Operation 115 [1/1] (0.00ns)   --->   "%bitcast_ln251 = bitcast i32 %div6" [flood_HLS_base.cpp:251]   --->   Operation 115 'bitcast' 'bitcast_ln251' <Predicate = true> <Delay = 0.00>
ST_29 : Operation 116 [1/1] (0.00ns)   --->   "%tmp_10 = partselect i8 @_ssdm_op_PartSelect.i8.i32.i32.i32, i32 %bitcast_ln251, i32 23, i32 30" [flood_HLS_base.cpp:251]   --->   Operation 116 'partselect' 'tmp_10' <Predicate = true> <Delay = 0.00>
ST_29 : Operation 117 [1/1] (0.00ns)   --->   "%trunc_ln251 = trunc i32 %bitcast_ln251" [flood_HLS_base.cpp:251]   --->   Operation 117 'trunc' 'trunc_ln251' <Predicate = true> <Delay = 0.00>
ST_29 : Operation 118 [1/1] (0.00ns)   --->   "%bitcast_ln251_1 = bitcast i32 %p_load11" [flood_HLS_base.cpp:251]   --->   Operation 118 'bitcast' 'bitcast_ln251_1' <Predicate = true> <Delay = 0.00>
ST_29 : Operation 119 [1/1] (0.00ns)   --->   "%tmp_24 = partselect i8 @_ssdm_op_PartSelect.i8.i32.i32.i32, i32 %bitcast_ln251_1, i32 23, i32 30" [flood_HLS_base.cpp:251]   --->   Operation 119 'partselect' 'tmp_24' <Predicate = true> <Delay = 0.00>
ST_29 : Operation 120 [1/1] (0.00ns)   --->   "%trunc_ln251_1 = trunc i32 %bitcast_ln251_1" [flood_HLS_base.cpp:251]   --->   Operation 120 'trunc' 'trunc_ln251_1' <Predicate = true> <Delay = 0.00>
ST_29 : Operation 121 [1/1] (0.70ns)   --->   "%icmp_ln251 = icmp_ne  i8 %tmp_10, i8 255" [flood_HLS_base.cpp:251]   --->   Operation 121 'icmp' 'icmp_ln251' <Predicate = true> <Delay = 0.70> <CoreInst = "Cmp">   --->   Core 9 'Cmp' <Latency = 0> <II = 1> <Delay = 0.70> <FuncUnit> <Opcode : 'seteq' 'setne' 'setle' 'setge' 'setlt' 'setgt'> <InPorts = 2> <OutPorts = 1>
ST_29 : Operation 122 [1/1] (0.82ns)   --->   "%icmp_ln251_1 = icmp_eq  i23 %trunc_ln251, i23 0" [flood_HLS_base.cpp:251]   --->   Operation 122 'icmp' 'icmp_ln251_1' <Predicate = true> <Delay = 0.82> <CoreInst = "Cmp">   --->   Core 9 'Cmp' <Latency = 0> <II = 1> <Delay = 0.82> <FuncUnit> <Opcode : 'seteq' 'setne' 'setle' 'setge' 'setlt' 'setgt'> <InPorts = 2> <OutPorts = 1>
ST_29 : Operation 123 [1/1] (0.00ns) (grouped into LUT with out node and_ln251_1)   --->   "%or_ln251 = or i1 %icmp_ln251_1, i1 %icmp_ln251" [flood_HLS_base.cpp:251]   --->   Operation 123 'or' 'or_ln251' <Predicate = true> <Delay = 0.00> <CoreInst = "LogicGate">   --->   Core 74 'LogicGate' <Latency = 0> <II = 1> <Delay = 0.12> <FuncUnit> <Opcode : 'and' 'or' 'xor'> <InPorts = 2> <OutPorts = 1>
ST_29 : Operation 124 [1/1] (0.70ns)   --->   "%icmp_ln251_2 = icmp_ne  i8 %tmp_24, i8 255" [flood_HLS_base.cpp:251]   --->   Operation 124 'icmp' 'icmp_ln251_2' <Predicate = true> <Delay = 0.70> <CoreInst = "Cmp">   --->   Core 9 'Cmp' <Latency = 0> <II = 1> <Delay = 0.70> <FuncUnit> <Opcode : 'seteq' 'setne' 'setle' 'setge' 'setlt' 'setgt'> <InPorts = 2> <OutPorts = 1>
ST_29 : Operation 125 [1/1] (0.82ns)   --->   "%icmp_ln251_3 = icmp_eq  i23 %trunc_ln251_1, i23 0" [flood_HLS_base.cpp:251]   --->   Operation 125 'icmp' 'icmp_ln251_3' <Predicate = true> <Delay = 0.82> <CoreInst = "Cmp">   --->   Core 9 'Cmp' <Latency = 0> <II = 1> <Delay = 0.82> <FuncUnit> <Opcode : 'seteq' 'setne' 'setle' 'setge' 'setlt' 'setgt'> <InPorts = 2> <OutPorts = 1>
ST_29 : Operation 126 [1/1] (0.00ns) (grouped into LUT with out node and_ln251_1)   --->   "%or_ln251_1 = or i1 %icmp_ln251_3, i1 %icmp_ln251_2" [flood_HLS_base.cpp:251]   --->   Operation 126 'or' 'or_ln251_1' <Predicate = true> <Delay = 0.00> <CoreInst = "LogicGate">   --->   Core 74 'LogicGate' <Latency = 0> <II = 1> <Delay = 0.12> <FuncUnit> <Opcode : 'and' 'or' 'xor'> <InPorts = 2> <OutPorts = 1>
ST_29 : Operation 127 [1/2] (1.64ns)   --->   "%tmp_25 = fcmp_ogt  i32 %div6, i32 %p_load11" [flood_HLS_base.cpp:251]   --->   Operation 127 'fcmp' 'tmp_25' <Predicate = true> <Delay = 1.64> <CoreInst = "FCompare">   --->   Core 19 'FCompare' <Latency = 1> <II = 1> <Delay = 1.64> <FuncUnit> <Opcode : 'fcmp'> <InPorts = 2> <OutPorts = 1>
ST_29 : Operation 128 [1/1] (0.00ns) (grouped into LUT with out node and_ln251_1)   --->   "%and_ln251 = and i1 %or_ln251_1, i1 %or_ln251" [flood_HLS_base.cpp:251]   --->   Operation 128 'and' 'and_ln251' <Predicate = true> <Delay = 0.00> <CoreInst = "LogicGate">   --->   Core 74 'LogicGate' <Latency = 0> <II = 1> <Delay = 0.12> <FuncUnit> <Opcode : 'and' 'or' 'xor'> <InPorts = 2> <OutPorts = 1>
ST_29 : Operation 129 [1/1] (0.12ns) (out node of the LUT)   --->   "%and_ln251_1 = and i1 %and_ln251, i1 %tmp_25" [flood_HLS_base.cpp:251]   --->   Operation 129 'and' 'and_ln251_1' <Predicate = true> <Delay = 0.12> <CoreInst = "LogicGate">   --->   Core 74 'LogicGate' <Latency = 0> <II = 1> <Delay = 0.12> <FuncUnit> <Opcode : 'and' 'or' 'xor'> <InPorts = 2> <OutPorts = 1>
ST_29 : Operation 130 [1/1] (0.22ns) (out node of the LUT)   --->   "%select_ln251 = select i1 %and_ln251_1, i32 %div6, i32 %p_load11" [flood_HLS_base.cpp:251]   --->   Operation 130 'select' 'select_ln251' <Predicate = true> <Delay = 0.22> <CoreInst = "Sel">   --->   Core 73 'Sel' <Latency = 0> <II = 1> <Delay = 0.22> <FuncUnit> <Opcode : 'select'> <InPorts = 3> <OutPorts = 1>
ST_29 : Operation 131 [1/1] (0.38ns)   --->   "%store_ln251 = store i32 %select_ln251, i32 %empty" [flood_HLS_base.cpp:251]   --->   Operation 131 'store' 'store_ln251' <Predicate = true> <Delay = 0.38>
ST_29 : Operation 132 [1/1] (0.00ns)   --->   "%br_ln250 = br void %for.body528" [flood_HLS_base.cpp:250]   --->   Operation 132 'br' 'br_ln250' <Predicate = true> <Delay = 0.00>


============================================================
+ Verbose Summary: Binding
============================================================
STG Binding: 
---------------- STG Properties BEGIN ----------------
- Is combinational: 0
- Is one-state seq: 0
- Is datapath-only: 0
- Is pipelined: 0
- Is top level: 0
Port [ Return ] is wired: 1; IO mode=ap_ctrl_hs:ce=0
Port [ trunc_ln2]:  wired=1; compound=0; hidden=0; nouse=0; global=0; static=0; extern=0; dir=0; type=0; pingpong=0; private_global=0; IO mode=ap_none:ce=0
Port [ water_level]:  wired=1; compound=1; hidden=0; nouse=0; global=0; static=0; extern=0; dir=0; type=1; pingpong=0; private_global=0; MemPort=[13333333333333333]; IO mode=ap_memory:ce=0
Port [ water_level_1]:  wired=1; compound=1; hidden=0; nouse=0; global=0; static=0; extern=0; dir=0; type=1; pingpong=0; private_global=0; MemPort=[13333333333333333]; IO mode=ap_memory:ce=0
Port [ water_level_2]:  wired=1; compound=1; hidden=0; nouse=0; global=0; static=0; extern=0; dir=0; type=1; pingpong=0; private_global=0; MemPort=[13333333333333333]; IO mode=ap_memory:ce=0
Port [ p_out]:  wired=1; compound=0; hidden=0; nouse=0; global=0; static=0; extern=0; dir=1; type=0; pingpong=0; private_global=0; IO mode=ap_vld:ce=0
Port [ add55123_out]:  wired=1; compound=0; hidden=0; nouse=0; global=0; static=0; extern=0; dir=1; type=0; pingpong=0; private_global=0; IO mode=ap_vld:ce=0
---------------- STG Properties END ------------------

---------------- Datapath Model BEGIN ----------------

<LifeTime>
<method=bitvector/>
add55123              (alloca           ) [ 011111111111111111111111111100]
empty                 (alloca           ) [ 011111111111111111111111111111]
col_pos_1             (alloca           ) [ 010000000000000000000000000000]
row_pos               (alloca           ) [ 010000000000000000000000000000]
indvar_flatten34      (alloca           ) [ 010000000000000000000000000000]
trunc_ln2_read        (read             ) [ 000000000000000000000000000000]
store_ln0             (store            ) [ 000000000000000000000000000000]
store_ln52            (store            ) [ 000000000000000000000000000000]
store_ln52            (store            ) [ 000000000000000000000000000000]
store_ln0             (store            ) [ 000000000000000000000000000000]
store_ln0             (store            ) [ 000000000000000000000000000000]
br_ln0                (br               ) [ 000000000000000000000000000000]
indvar_flatten34_load (load             ) [ 000000000000000000000000000000]
icmp_ln249            (icmp             ) [ 011111111111111111111111111100]
add_ln249_1           (add              ) [ 000000000000000000000000000000]
br_ln249              (br               ) [ 000000000000000000000000000000]
col_pos_1_load        (load             ) [ 000000000000000000000000000000]
row_pos_load          (load             ) [ 000000000000000000000000000000]
add_ln249             (add              ) [ 000000000000000000000000000000]
icmp_ln250            (icmp             ) [ 000000000000000000000000000000]
select_ln52           (select           ) [ 011111111111000000000000000000]
select_ln249          (select           ) [ 001000000000000000000000000000]
zext_ln52             (zext             ) [ 000000000000000000000000000000]
mul_ln52              (mul              ) [ 000000000000000000000000000000]
tmp_35                (partselect       ) [ 001000000000000000000000000000]
add_ln250             (add              ) [ 000000000000000000000000000000]
store_ln249           (store            ) [ 000000000000000000000000000000]
store_ln52            (store            ) [ 000000000000000000000000000000]
store_ln52            (store            ) [ 000000000000000000000000000000]
p_shl                 (bitconcatenate   ) [ 000000000000000000000000000000]
tmp_34                (bitconcatenate   ) [ 000000000000000000000000000000]
zext_ln251            (zext             ) [ 000000000000000000000000000000]
sub_ln251             (sub              ) [ 000000000000000000000000000000]
zext_ln251_1          (zext             ) [ 000000000000000000000000000000]
add_ln251             (add              ) [ 000000000000000000000000000000]
zext_ln251_2          (zext             ) [ 000000000000000000000000000000]
water_level_addr      (getelementptr    ) [ 010100000000000000000000000000]
water_level_1_addr    (getelementptr    ) [ 010100000000000000000000000000]
water_level_2_addr    (getelementptr    ) [ 010100000000000000000000000000]
water_level_load      (load             ) [ 011011111111000000000000000000]
water_level_1_load    (load             ) [ 011011111111000000000000000000]
water_level_2_load    (load             ) [ 011011111111000000000000000000]
urem_ln52             (urem             ) [ 000000000000000000000000000000]
trunc_ln52            (trunc            ) [ 000000000000000000000000000000]
tmp                   (sparsemux        ) [ 011000000000111100000000000000]
add55123_load         (load             ) [ 000000000000000000000000000000]
sext_ln253            (sext             ) [ 000000000000000000000000000000]
add_ln253             (add              ) [ 000000000000000000000000000000]
store_ln253           (store            ) [ 000000000000000000000000000000]
conv1                 (sitofp           ) [ 011000000000000011111111111100]
div6                  (fdiv             ) [ 011000000000000000000000000011]
p_load11              (load             ) [ 010000000000000000000000000001]
specloopname_ln0      (specloopname     ) [ 000000000000000000000000000000]
speclooptripcount_ln0 (speclooptripcount) [ 000000000000000000000000000000]
specpipeline_ln52     (specpipeline     ) [ 000000000000000000000000000000]
bitcast_ln251         (bitcast          ) [ 000000000000000000000000000000]
tmp_10                (partselect       ) [ 000000000000000000000000000000]
trunc_ln251           (trunc            ) [ 000000000000000000000000000000]
bitcast_ln251_1       (bitcast          ) [ 000000000000000000000000000000]
tmp_24                (partselect       ) [ 000000000000000000000000000000]
trunc_ln251_1         (trunc            ) [ 000000000000000000000000000000]
icmp_ln251            (icmp             ) [ 000000000000000000000000000000]
icmp_ln251_1          (icmp             ) [ 000000000000000000000000000000]
or_ln251              (or               ) [ 000000000000000000000000000000]
icmp_ln251_2          (icmp             ) [ 000000000000000000000000000000]
icmp_ln251_3          (icmp             ) [ 000000000000000000000000000000]
or_ln251_1            (or               ) [ 000000000000000000000000000000]
tmp_25                (fcmp             ) [ 000000000000000000000000000000]
and_ln251             (and              ) [ 000000000000000000000000000000]
and_ln251_1           (and              ) [ 000000000000000000000000000000]
select_ln251          (select           ) [ 000000000000000000000000000000]
store_ln251           (store            ) [ 000000000000000000000000000000]
br_ln250              (br               ) [ 000000000000000000000000000000]
add55123_load_1       (load             ) [ 000000000000000000000000000000]
p_load                (load             ) [ 000000000000000000000000000000]
write_ln0             (write            ) [ 000000000000000000000000000000]
write_ln0             (write            ) [ 000000000000000000000000000000]
ret_ln0               (ret              ) [ 000000000000000000000000000000]
</LifeTime>

<model>

<comp_list>
<comp id="0" class="1000" name="trunc_ln2">
<pin_list>
<pin id="1" dir="1" index="0" bw="1" slack="0"/>
</pin_list>
<bind>
<StgValue><ssdm name="trunc_ln2"/></StgValue>
</bind>
</comp>

<comp id="2" class="1000" name="water_level">
<pin_list>
<pin id="3" dir="1" index="0" bw="1" slack="0"/>
</pin_list>
<bind>
<StgValue><ssdm name="water_level"/><MemPortTyVec>1 3 3 3 3 3 3 3 3 3 3 3 3 3 3 3 3 </MemPortTyVec>
</StgValue>
</bind>
</comp>

<comp id="4" class="1000" name="water_level_1">
<pin_list>
<pin id="5" dir="1" index="0" bw="1" slack="0"/>
</pin_list>
<bind>
<StgValue><ssdm name="water_level_1"/><MemPortTyVec>1 3 3 3 3 3 3 3 3 3 3 3 3 3 3 3 3 </MemPortTyVec>
</StgValue>
</bind>
</comp>

<comp id="6" class="1000" name="water_level_2">
<pin_list>
<pin id="7" dir="1" index="0" bw="1" slack="0"/>
</pin_list>
<bind>
<StgValue><ssdm name="water_level_2"/><MemPortTyVec>1 3 3 3 3 3 3 3 3 3 3 3 3 3 3 3 3 </MemPortTyVec>
</StgValue>
</bind>
</comp>

<comp id="8" class="1000" name="p_out">
<pin_list>
<pin id="9" dir="1" index="0" bw="1" slack="0"/>
</pin_list>
<bind>
<StgValue><ssdm name="p_out"/></StgValue>
</bind>
</comp>

<comp id="10" class="1000" name="add55123_out">
<pin_list>
<pin id="11" dir="1" index="0" bw="1" slack="0"/>
</pin_list>
<bind>
<StgValue><ssdm name="add55123_out"/></StgValue>
</bind>
</comp>

<comp id="12" class="1001" name="const_12">
<pin_list>
<pin id="13" dir="1" index="0" bw="1" slack="0"/>
</pin_list>
<bind>
<StgValue><ssdm name=""/></StgValue>
</bind>
</comp>

<comp id="14" class="1001" name="const_14">
<pin_list>
<pin id="15" dir="1" index="0" bw="1" slack="0"/>
</pin_list>
<bind>
<StgValue><ssdm name="_ssdm_op_Read.ap_auto.i64"/></StgValue>
</bind>
</comp>

<comp id="16" class="1001" name="const_16">
<pin_list>
<pin id="17" dir="1" index="0" bw="1" slack="0"/>
</pin_list>
<bind>
<StgValue><ssdm name=""/></StgValue>
</bind>
</comp>

<comp id="18" class="1001" name="const_18">
<pin_list>
<pin id="19" dir="1" index="0" bw="1" slack="0"/>
</pin_list>
<bind>
<StgValue><ssdm name=""/></StgValue>
</bind>
</comp>

<comp id="20" class="1001" name="const_20">
<pin_list>
<pin id="21" dir="1" index="0" bw="1" slack="0"/>
</pin_list>
<bind>
<StgValue><ssdm name=""/></StgValue>
</bind>
</comp>

<comp id="22" class="1001" name="const_22">
<pin_list>
<pin id="23" dir="1" index="0" bw="1" slack="0"/>
</pin_list>
<bind>
<StgValue><ssdm name=""/></StgValue>
</bind>
</comp>

<comp id="24" class="1001" name="const_24">
<pin_list>
<pin id="25" dir="1" index="0" bw="1" slack="0"/>
</pin_list>
<bind>
<StgValue><ssdm name=""/></StgValue>
</bind>
</comp>

<comp id="26" class="1001" name="const_26">
<pin_list>
<pin id="27" dir="1" index="0" bw="1" slack="0"/>
</pin_list>
<bind>
<StgValue><ssdm name=""/></StgValue>
</bind>
</comp>

<comp id="28" class="1001" name="const_28">
<pin_list>
<pin id="29" dir="1" index="0" bw="1" slack="0"/>
</pin_list>
<bind>
<StgValue><ssdm name=""/></StgValue>
</bind>
</comp>

<comp id="30" class="1001" name="const_30">
<pin_list>
<pin id="31" dir="1" index="0" bw="1" slack="0"/>
</pin_list>
<bind>
<StgValue><ssdm name=""/></StgValue>
</bind>
</comp>

<comp id="32" class="1001" name="const_32">
<pin_list>
<pin id="33" dir="1" index="0" bw="1" slack="0"/>
</pin_list>
<bind>
<StgValue><ssdm name="_ssdm_op_PartSelect.i6.i15.i32.i32"/></StgValue>
</bind>
</comp>

<comp id="34" class="1001" name="const_34">
<pin_list>
<pin id="35" dir="1" index="0" bw="1" slack="0"/>
</pin_list>
<bind>
<StgValue><ssdm name=""/></StgValue>
</bind>
</comp>

<comp id="36" class="1001" name="const_36">
<pin_list>
<pin id="37" dir="1" index="0" bw="1" slack="0"/>
</pin_list>
<bind>
<StgValue><ssdm name=""/></StgValue>
</bind>
</comp>

<comp id="38" class="1001" name="const_38">
<pin_list>
<pin id="39" dir="1" index="0" bw="1" slack="0"/>
</pin_list>
<bind>
<StgValue><ssdm name=""/></StgValue>
</bind>
</comp>

<comp id="40" class="1001" name="const_40">
<pin_list>
<pin id="41" dir="1" index="0" bw="1" slack="0"/>
</pin_list>
<bind>
<StgValue><ssdm name="_ssdm_op_BitConcatenate.i12.i7.i5"/></StgValue>
</bind>
</comp>

<comp id="42" class="1001" name="const_42">
<pin_list>
<pin id="43" dir="1" index="0" bw="1" slack="0"/>
</pin_list>
<bind>
<StgValue><ssdm name=""/></StgValue>
</bind>
</comp>

<comp id="44" class="1001" name="const_44">
<pin_list>
<pin id="45" dir="1" index="0" bw="1" slack="0"/>
</pin_list>
<bind>
<StgValue><ssdm name="_ssdm_op_BitConcatenate.i8.i7.i1"/></StgValue>
</bind>
</comp>

<comp id="46" class="1001" name="const_46">
<pin_list>
<pin id="47" dir="1" index="0" bw="1" slack="0"/>
</pin_list>
<bind>
<StgValue><ssdm name=""/></StgValue>
</bind>
</comp>

<comp id="48" class="1001" name="const_48">
<pin_list>
<pin id="49" dir="1" index="0" bw="1" slack="0"/>
</pin_list>
<bind>
<StgValue><ssdm name=""/></StgValue>
</bind>
</comp>

<comp id="50" class="1001" name="const_50">
<pin_list>
<pin id="51" dir="1" index="0" bw="1" slack="0"/>
</pin_list>
<bind>
<StgValue><ssdm name="_ssdm_op_SparseMux.ap_auto.3i32.i32.i2"/></StgValue>
</bind>
</comp>

<comp id="52" class="1001" name="const_52">
<pin_list>
<pin id="53" dir="1" index="0" bw="1" slack="0"/>
</pin_list>
<bind>
<StgValue><ssdm name=""/></StgValue>
</bind>
</comp>

<comp id="54" class="1001" name="const_54">
<pin_list>
<pin id="55" dir="1" index="0" bw="1" slack="0"/>
</pin_list>
<bind>
<StgValue><ssdm name=""/></StgValue>
</bind>
</comp>

<comp id="56" class="1001" name="const_56">
<pin_list>
<pin id="57" dir="1" index="0" bw="1" slack="0"/>
</pin_list>
<bind>
<StgValue><ssdm name=""/></StgValue>
</bind>
</comp>

<comp id="58" class="1001" name="const_58">
<pin_list>
<pin id="59" dir="1" index="0" bw="1" slack="0"/>
</pin_list>
<bind>
<StgValue><ssdm name=""/></StgValue>
</bind>
</comp>

<comp id="60" class="1001" name="const_60">
<pin_list>
<pin id="61" dir="1" index="0" bw="1" slack="0"/>
</pin_list>
<bind>
<StgValue><ssdm name=""/></StgValue>
</bind>
</comp>

<comp id="62" class="1001" name="const_62">
<pin_list>
<pin id="63" dir="1" index="0" bw="1" slack="2147483647"/>
</pin_list>
<bind>
<StgValue><ssdm name="_ssdm_op_SpecLoopName"/></StgValue>
</bind>
</comp>

<comp id="64" class="1001" name="const_64">
<pin_list>
<pin id="65" dir="1" index="0" bw="1" slack="2147483647"/>
</pin_list>
<bind>
<StgValue><ssdm name="VITIS_LOOP_249_16_VITIS_LOOP_250_17_str"/></StgValue>
</bind>
</comp>

<comp id="66" class="1001" name="const_66">
<pin_list>
<pin id="67" dir="1" index="0" bw="1" slack="2147483647"/>
</pin_list>
<bind>
<StgValue><ssdm name="_ssdm_op_SpecLoopTripCount"/></StgValue>
</bind>
</comp>

<comp id="68" class="1001" name="const_68">
<pin_list>
<pin id="69" dir="1" index="0" bw="1" slack="2147483647"/>
</pin_list>
<bind>
<StgValue><ssdm name=""/></StgValue>
</bind>
</comp>

<comp id="70" class="1001" name="const_70">
<pin_list>
<pin id="71" dir="1" index="0" bw="1" slack="2147483647"/>
</pin_list>
<bind>
<StgValue><ssdm name="_ssdm_op_SpecPipeline"/></StgValue>
</bind>
</comp>

<comp id="72" class="1001" name="const_72">
<pin_list>
<pin id="73" dir="1" index="0" bw="1" slack="2147483647"/>
</pin_list>
<bind>
<StgValue><ssdm name=""/></StgValue>
</bind>
</comp>

<comp id="74" class="1001" name="const_74">
<pin_list>
<pin id="75" dir="1" index="0" bw="1" slack="2147483647"/>
</pin_list>
<bind>
<StgValue><ssdm name=""/></StgValue>
</bind>
</comp>

<comp id="76" class="1001" name="const_76">
<pin_list>
<pin id="77" dir="1" index="0" bw="1" slack="2147483647"/>
</pin_list>
<bind>
<StgValue><ssdm name="empty_3"/></StgValue>
</bind>
</comp>

<comp id="78" class="1001" name="const_78">
<pin_list>
<pin id="79" dir="1" index="0" bw="1" slack="0"/>
</pin_list>
<bind>
<StgValue><ssdm name="_ssdm_op_PartSelect.i8.i32.i32.i32"/></StgValue>
</bind>
</comp>

<comp id="80" class="1001" name="const_80">
<pin_list>
<pin id="81" dir="1" index="0" bw="1" slack="0"/>
</pin_list>
<bind>
<StgValue><ssdm name=""/></StgValue>
</bind>
</comp>

<comp id="82" class="1001" name="const_82">
<pin_list>
<pin id="83" dir="1" index="0" bw="1" slack="0"/>
</pin_list>
<bind>
<StgValue><ssdm name=""/></StgValue>
</bind>
</comp>

<comp id="84" class="1001" name="const_84">
<pin_list>
<pin id="85" dir="1" index="0" bw="1" slack="0"/>
</pin_list>
<bind>
<StgValue><ssdm name=""/></StgValue>
</bind>
</comp>

<comp id="86" class="1001" name="const_86">
<pin_list>
<pin id="87" dir="1" index="0" bw="1" slack="0"/>
</pin_list>
<bind>
<StgValue><ssdm name=""/></StgValue>
</bind>
</comp>

<comp id="88" class="1001" name="const_88">
<pin_list>
<pin id="89" dir="1" index="0" bw="1" slack="0"/>
</pin_list>
<bind>
<StgValue><ssdm name="_ssdm_op_Write.ap_auto.floatP0A"/></StgValue>
</bind>
</comp>

<comp id="90" class="1001" name="const_90">
<pin_list>
<pin id="91" dir="1" index="0" bw="1" slack="0"/>
</pin_list>
<bind>
<StgValue><ssdm name="_ssdm_op_Write.ap_auto.i64P0A"/></StgValue>
</bind>
</comp>

<comp id="92" class="1004" name="add55123_fu_92">
<pin_list>
<pin id="93" dir="0" index="0" bw="1" slack="0"/>
<pin id="94" dir="1" index="1" bw="64" slack="0"/>
</pin_list>
<bind>
<opcode="alloca(26) " fcode="alloca"/>
<opset="add55123/1 "/>
</bind>
</comp>

<comp id="96" class="1004" name="empty_fu_96">
<pin_list>
<pin id="97" dir="0" index="0" bw="1" slack="0"/>
<pin id="98" dir="1" index="1" bw="32" slack="0"/>
</pin_list>
<bind>
<opcode="alloca(26) " fcode="alloca"/>
<opset="empty/1 "/>
</bind>
</comp>

<comp id="100" class="1004" name="col_pos_1_fu_100">
<pin_list>
<pin id="101" dir="0" index="0" bw="1" slack="0"/>
<pin id="102" dir="1" index="1" bw="7" slack="0"/>
</pin_list>
<bind>
<opcode="alloca(26) " fcode="alloca"/>
<opset="col_pos_1/1 "/>
</bind>
</comp>

<comp id="104" class="1004" name="row_pos_fu_104">
<pin_list>
<pin id="105" dir="0" index="0" bw="1" slack="0"/>
<pin id="106" dir="1" index="1" bw="7" slack="0"/>
</pin_list>
<bind>
<opcode="alloca(26) " fcode="alloca"/>
<opset="row_pos/1 "/>
</bind>
</comp>

<comp id="108" class="1004" name="indvar_flatten34_fu_108">
<pin_list>
<pin id="109" dir="0" index="0" bw="1" slack="0"/>
<pin id="110" dir="1" index="1" bw="13" slack="0"/>
</pin_list>
<bind>
<opcode="alloca(26) " fcode="alloca"/>
<opset="indvar_flatten34/1 "/>
</bind>
</comp>

<comp id="112" class="1004" name="trunc_ln2_read_read_fu_112">
<pin_list>
<pin id="113" dir="0" index="0" bw="64" slack="0"/>
<pin id="114" dir="0" index="1" bw="64" slack="0"/>
<pin id="115" dir="1" index="2" bw="64" slack="0"/>
</pin_list>
<bind>
<opcode="read(1150) " fcode="read"/>
<opset="trunc_ln2_read/1 "/>
</bind>
</comp>

<comp id="118" class="1004" name="write_ln0_write_fu_118">
<pin_list>
<pin id="119" dir="0" index="0" bw="0" slack="0"/>
<pin id="120" dir="0" index="1" bw="32" slack="0"/>
<pin id="121" dir="0" index="2" bw="32" slack="0"/>
<pin id="122" dir="1" index="3" bw="0" slack="2147483647"/>
</pin_list>
<bind>
<opcode="write(1151) " fcode="write"/>
<opset="write_ln0/27 "/>
</bind>
</comp>

<comp id="125" class="1004" name="write_ln0_write_fu_125">
<pin_list>
<pin id="126" dir="0" index="0" bw="0" slack="0"/>
<pin id="127" dir="0" index="1" bw="64" slack="0"/>
<pin id="128" dir="0" index="2" bw="64" slack="0"/>
<pin id="129" dir="1" index="3" bw="0" slack="2147483647"/>
</pin_list>
<bind>
<opcode="write(1151) " fcode="write"/>
<opset="write_ln0/27 "/>
</bind>
</comp>

<comp id="132" class="1004" name="water_level_addr_gep_fu_132">
<pin_list>
<pin id="133" dir="0" index="0" bw="32" slack="0"/>
<pin id="134" dir="0" index="1" bw="1" slack="0"/>
<pin id="135" dir="0" index="2" bw="12" slack="0"/>
<pin id="136" dir="1" index="3" bw="12" slack="0"/>
</pin_list>
<bind>
<opcode="getelementptr(29) " fcode="getelementptr"/>
<opset="water_level_addr/2 "/>
</bind>
</comp>

<comp id="139" class="1004" name="water_level_1_addr_gep_fu_139">
<pin_list>
<pin id="140" dir="0" index="0" bw="32" slack="0"/>
<pin id="141" dir="0" index="1" bw="1" slack="0"/>
<pin id="142" dir="0" index="2" bw="12" slack="0"/>
<pin id="143" dir="1" index="3" bw="12" slack="0"/>
</pin_list>
<bind>
<opcode="getelementptr(29) " fcode="getelementptr"/>
<opset="water_level_1_addr/2 "/>
</bind>
</comp>

<comp id="146" class="1004" name="water_level_2_addr_gep_fu_146">
<pin_list>
<pin id="147" dir="0" index="0" bw="32" slack="0"/>
<pin id="148" dir="0" index="1" bw="1" slack="0"/>
<pin id="149" dir="0" index="2" bw="12" slack="0"/>
<pin id="150" dir="1" index="3" bw="12" slack="0"/>
</pin_list>
<bind>
<opcode="getelementptr(29) " fcode="getelementptr"/>
<opset="water_level_2_addr/2 "/>
</bind>
</comp>

<comp id="153" class="1004" name="grp_access_fu_153">
<pin_list>
<pin id="154" dir="0" index="0" bw="12" slack="0"/>
<pin id="155" dir="0" index="1" bw="32" slack="2147483647"/>
<pin id="156" dir="0" index="2" bw="0" slack="2147483647"/>
<pin id="157" dir="1" index="3" bw="32" slack="8"/>
</pin_list>
<bind>
<opcode="load(27) " fcode="load"/>
<opset="water_level_load/2 "/>
</bind>
</comp>

<comp id="159" class="1004" name="grp_access_fu_159">
<pin_list>
<pin id="160" dir="0" index="0" bw="12" slack="0"/>
<pin id="161" dir="0" index="1" bw="32" slack="2147483647"/>
<pin id="162" dir="0" index="2" bw="0" slack="2147483647"/>
<pin id="163" dir="1" index="3" bw="32" slack="8"/>
</pin_list>
<bind>
<opcode="load(27) " fcode="load"/>
<opset="water_level_1_load/2 "/>
</bind>
</comp>

<comp id="165" class="1004" name="grp_access_fu_165">
<pin_list>
<pin id="166" dir="0" index="0" bw="12" slack="0"/>
<pin id="167" dir="0" index="1" bw="32" slack="2147483647"/>
<pin id="168" dir="0" index="2" bw="0" slack="2147483647"/>
<pin id="169" dir="1" index="3" bw="32" slack="8"/>
</pin_list>
<bind>
<opcode="load(27) " fcode="load"/>
<opset="water_level_2_load/2 "/>
</bind>
</comp>

<comp id="171" class="1004" name="grp_fu_171">
<pin_list>
<pin id="172" dir="0" index="0" bw="32" slack="1"/>
<pin id="173" dir="0" index="1" bw="32" slack="0"/>
<pin id="174" dir="1" index="2" bw="32" slack="1"/>
</pin_list>
<bind>
<opcode="fdiv(16) " fcode="fdiv"/>
<opset="div6/16 "/>
</bind>
</comp>

<comp id="176" class="1004" name="grp_fu_176">
<pin_list>
<pin id="177" dir="0" index="0" bw="32" slack="1"/>
<pin id="178" dir="1" index="1" bw="32" slack="1"/>
</pin_list>
<bind>
<opcode="sitofp(39) " fcode="sitofp"/>
<opset="conv1/12 "/>
</bind>
</comp>

<comp id="179" class="1004" name="grp_fu_179">
<pin_list>
<pin id="180" dir="0" index="0" bw="32" slack="1"/>
<pin id="181" dir="0" index="1" bw="32" slack="0"/>
<pin id="182" dir="1" index="2" bw="1" slack="0"/>
</pin_list>
<bind>
<opcode="fcmp(46) " fcode="fcmp"/>
<opset="tmp_25/28 "/>
</bind>
</comp>

<comp id="183" class="1004" name="store_ln0_store_fu_183">
<pin_list>
<pin id="184" dir="0" index="0" bw="1" slack="0"/>
<pin id="185" dir="0" index="1" bw="13" slack="0"/>
<pin id="186" dir="1" index="2" bw="0" slack="2147483647"/>
</pin_list>
<bind>
<opcode="store(28) " fcode="store"/>
<opset="store_ln0/1 "/>
</bind>
</comp>

<comp id="188" class="1004" name="store_ln52_store_fu_188">
<pin_list>
<pin id="189" dir="0" index="0" bw="1" slack="0"/>
<pin id="190" dir="0" index="1" bw="7" slack="0"/>
<pin id="191" dir="1" index="2" bw="0" slack="2147483647"/>
</pin_list>
<bind>
<opcode="store(28) " fcode="store"/>
<opset="store_ln52/1 "/>
</bind>
</comp>

<comp id="193" class="1004" name="store_ln52_store_fu_193">
<pin_list>
<pin id="194" dir="0" index="0" bw="1" slack="0"/>
<pin id="195" dir="0" index="1" bw="7" slack="0"/>
<pin id="196" dir="1" index="2" bw="0" slack="2147483647"/>
</pin_list>
<bind>
<opcode="store(28) " fcode="store"/>
<opset="store_ln52/1 "/>
</bind>
</comp>

<comp id="198" class="1004" name="store_ln0_store_fu_198">
<pin_list>
<pin id="199" dir="0" index="0" bw="32" slack="0"/>
<pin id="200" dir="0" index="1" bw="32" slack="0"/>
<pin id="201" dir="1" index="2" bw="0" slack="2147483647"/>
</pin_list>
<bind>
<opcode="store(28) " fcode="store"/>
<opset="store_ln0/1 "/>
</bind>
</comp>

<comp id="203" class="1004" name="store_ln0_store_fu_203">
<pin_list>
<pin id="204" dir="0" index="0" bw="64" slack="0"/>
<pin id="205" dir="0" index="1" bw="64" slack="0"/>
<pin id="206" dir="1" index="2" bw="0" slack="2147483647"/>
</pin_list>
<bind>
<opcode="store(28) " fcode="store"/>
<opset="store_ln0/1 "/>
</bind>
</comp>

<comp id="208" class="1004" name="indvar_flatten34_load_load_fu_208">
<pin_list>
<pin id="209" dir="0" index="0" bw="13" slack="0"/>
<pin id="210" dir="1" index="1" bw="13" slack="0"/>
</pin_list>
<bind>
<opcode="load(27) " fcode="load"/>
<opset="indvar_flatten34_load/1 "/>
</bind>
</comp>

<comp id="211" class="1004" name="icmp_ln249_fu_211">
<pin_list>
<pin id="212" dir="0" index="0" bw="13" slack="0"/>
<pin id="213" dir="0" index="1" bw="13" slack="0"/>
<pin id="214" dir="1" index="2" bw="1" slack="1"/>
</pin_list>
<bind>
<opcode="icmp(45) " fcode="icmp"/>
<opset="icmp_ln249/1 "/>
</bind>
</comp>

<comp id="217" class="1004" name="add_ln249_1_fu_217">
<pin_list>
<pin id="218" dir="0" index="0" bw="13" slack="0"/>
<pin id="219" dir="0" index="1" bw="1" slack="0"/>
<pin id="220" dir="1" index="2" bw="13" slack="0"/>
</pin_list>
<bind>
<opcode="add(8) " fcode="add"/>
<opset="add_ln249_1/1 "/>
</bind>
</comp>

<comp id="223" class="1004" name="col_pos_1_load_load_fu_223">
<pin_list>
<pin id="224" dir="0" index="0" bw="7" slack="0"/>
<pin id="225" dir="1" index="1" bw="7" slack="0"/>
</pin_list>
<bind>
<opcode="load(27) " fcode="load"/>
<opset="col_pos_1_load/1 "/>
</bind>
</comp>

<comp id="226" class="1004" name="row_pos_load_load_fu_226">
<pin_list>
<pin id="227" dir="0" index="0" bw="7" slack="0"/>
<pin id="228" dir="1" index="1" bw="7" slack="0"/>
</pin_list>
<bind>
<opcode="load(27) " fcode="load"/>
<opset="row_pos_load/1 "/>
</bind>
</comp>

<comp id="229" class="1004" name="add_ln249_fu_229">
<pin_list>
<pin id="230" dir="0" index="0" bw="7" slack="0"/>
<pin id="231" dir="0" index="1" bw="1" slack="0"/>
<pin id="232" dir="1" index="2" bw="7" slack="0"/>
</pin_list>
<bind>
<opcode="add(8) " fcode="add"/>
<opset="add_ln249/1 "/>
</bind>
</comp>

<comp id="235" class="1004" name="icmp_ln250_fu_235">
<pin_list>
<pin id="236" dir="0" index="0" bw="7" slack="0"/>
<pin id="237" dir="0" index="1" bw="7" slack="0"/>
<pin id="238" dir="1" index="2" bw="1" slack="0"/>
</pin_list>
<bind>
<opcode="icmp(45) " fcode="icmp"/>
<opset="icmp_ln250/1 "/>
</bind>
</comp>

<comp id="241" class="1004" name="select_ln52_fu_241">
<pin_list>
<pin id="242" dir="0" index="0" bw="1" slack="0"/>
<pin id="243" dir="0" index="1" bw="7" slack="0"/>
<pin id="244" dir="0" index="2" bw="7" slack="0"/>
<pin id="245" dir="1" index="3" bw="7" slack="0"/>
</pin_list>
<bind>
<opcode="select(49) " fcode="select"/>
<opset="select_ln52/1 "/>
</bind>
</comp>

<comp id="249" class="1004" name="select_ln249_fu_249">
<pin_list>
<pin id="250" dir="0" index="0" bw="1" slack="0"/>
<pin id="251" dir="0" index="1" bw="7" slack="0"/>
<pin id="252" dir="0" index="2" bw="7" slack="0"/>
<pin id="253" dir="1" index="3" bw="7" slack="0"/>
</pin_list>
<bind>
<opcode="select(49) " fcode="select"/>
<opset="select_ln249/1 "/>
</bind>
</comp>

<comp id="257" class="1004" name="zext_ln52_fu_257">
<pin_list>
<pin id="258" dir="0" index="0" bw="7" slack="0"/>
<pin id="259" dir="1" index="1" bw="15" slack="0"/>
</pin_list>
<bind>
<opcode="zext(34) " fcode="zext"/>
<opset="zext_ln52/1 "/>
</bind>
</comp>

<comp id="261" class="1004" name="mul_ln52_fu_261">
<pin_list>
<pin id="262" dir="0" index="0" bw="7" slack="0"/>
<pin id="263" dir="0" index="1" bw="9" slack="0"/>
<pin id="264" dir="1" index="2" bw="15" slack="0"/>
</pin_list>
<bind>
<opcode="mul(12) " fcode="mul"/>
<opset="mul_ln52/1 "/>
</bind>
</comp>

<comp id="267" class="1004" name="tmp_35_fu_267">
<pin_list>
<pin id="268" dir="0" index="0" bw="6" slack="0"/>
<pin id="269" dir="0" index="1" bw="15" slack="0"/>
<pin id="270" dir="0" index="2" bw="5" slack="0"/>
<pin id="271" dir="0" index="3" bw="5" slack="0"/>
<pin id="272" dir="1" index="4" bw="6" slack="1"/>
</pin_list>
<bind>
<opcode="partselect(1002) " fcode="partselect"/>
<opset="tmp_35/1 "/>
</bind>
</comp>

<comp id="277" class="1004" name="grp_fu_277">
<pin_list>
<pin id="278" dir="0" index="0" bw="7" slack="0"/>
<pin id="279" dir="0" index="1" bw="3" slack="0"/>
<pin id="280" dir="1" index="2" bw="2" slack="0"/>
</pin_list>
<bind>
<opcode="urem(17) " fcode="urem"/>
<opset="urem_ln52/1 "/>
</bind>
</comp>

<comp id="283" class="1004" name="add_ln250_fu_283">
<pin_list>
<pin id="284" dir="0" index="0" bw="7" slack="0"/>
<pin id="285" dir="0" index="1" bw="1" slack="0"/>
<pin id="286" dir="1" index="2" bw="7" slack="0"/>
</pin_list>
<bind>
<opcode="add(8) " fcode="add"/>
<opset="add_ln250/1 "/>
</bind>
</comp>

<comp id="289" class="1004" name="store_ln249_store_fu_289">
<pin_list>
<pin id="290" dir="0" index="0" bw="13" slack="0"/>
<pin id="291" dir="0" index="1" bw="13" slack="0"/>
<pin id="292" dir="1" index="2" bw="0" slack="2147483647"/>
</pin_list>
<bind>
<opcode="store(28) " fcode="store"/>
<opset="store_ln249/1 "/>
</bind>
</comp>

<comp id="294" class="1004" name="store_ln52_store_fu_294">
<pin_list>
<pin id="295" dir="0" index="0" bw="7" slack="0"/>
<pin id="296" dir="0" index="1" bw="7" slack="0"/>
<pin id="297" dir="1" index="2" bw="0" slack="2147483647"/>
</pin_list>
<bind>
<opcode="store(28) " fcode="store"/>
<opset="store_ln52/1 "/>
</bind>
</comp>

<comp id="299" class="1004" name="store_ln52_store_fu_299">
<pin_list>
<pin id="300" dir="0" index="0" bw="7" slack="0"/>
<pin id="301" dir="0" index="1" bw="7" slack="0"/>
<pin id="302" dir="1" index="2" bw="0" slack="2147483647"/>
</pin_list>
<bind>
<opcode="store(28) " fcode="store"/>
<opset="store_ln52/1 "/>
</bind>
</comp>

<comp id="304" class="1004" name="p_shl_fu_304">
<pin_list>
<pin id="305" dir="0" index="0" bw="12" slack="0"/>
<pin id="306" dir="0" index="1" bw="7" slack="1"/>
<pin id="307" dir="0" index="2" bw="1" slack="0"/>
<pin id="308" dir="1" index="3" bw="12" slack="0"/>
</pin_list>
<bind>
<opcode="bitconcatenate(1004) " fcode="bitconcatenate"/>
<opset="p_shl/2 "/>
</bind>
</comp>

<comp id="311" class="1004" name="tmp_34_fu_311">
<pin_list>
<pin id="312" dir="0" index="0" bw="8" slack="0"/>
<pin id="313" dir="0" index="1" bw="7" slack="1"/>
<pin id="314" dir="0" index="2" bw="1" slack="0"/>
<pin id="315" dir="1" index="3" bw="8" slack="0"/>
</pin_list>
<bind>
<opcode="bitconcatenate(1004) " fcode="bitconcatenate"/>
<opset="tmp_34/2 "/>
</bind>
</comp>

<comp id="318" class="1004" name="zext_ln251_fu_318">
<pin_list>
<pin id="319" dir="0" index="0" bw="8" slack="0"/>
<pin id="320" dir="1" index="1" bw="12" slack="0"/>
</pin_list>
<bind>
<opcode="zext(34) " fcode="zext"/>
<opset="zext_ln251/2 "/>
</bind>
</comp>

<comp id="322" class="1004" name="sub_ln251_fu_322">
<pin_list>
<pin id="323" dir="0" index="0" bw="12" slack="0"/>
<pin id="324" dir="0" index="1" bw="8" slack="0"/>
<pin id="325" dir="1" index="2" bw="12" slack="0"/>
</pin_list>
<bind>
<opcode="sub(10) " fcode="sub"/>
<opset="sub_ln251/2 "/>
</bind>
</comp>

<comp id="328" class="1004" name="zext_ln251_1_fu_328">
<pin_list>
<pin id="329" dir="0" index="0" bw="6" slack="1"/>
<pin id="330" dir="1" index="1" bw="12" slack="0"/>
</pin_list>
<bind>
<opcode="zext(34) " fcode="zext"/>
<opset="zext_ln251_1/2 "/>
</bind>
</comp>

<comp id="331" class="1004" name="add_ln251_fu_331">
<pin_list>
<pin id="332" dir="0" index="0" bw="12" slack="0"/>
<pin id="333" dir="0" index="1" bw="6" slack="0"/>
<pin id="334" dir="1" index="2" bw="12" slack="0"/>
</pin_list>
<bind>
<opcode="add(8) " fcode="add"/>
<opset="add_ln251/2 "/>
</bind>
</comp>

<comp id="337" class="1004" name="zext_ln251_2_fu_337">
<pin_list>
<pin id="338" dir="0" index="0" bw="12" slack="0"/>
<pin id="339" dir="1" index="1" bw="64" slack="0"/>
</pin_list>
<bind>
<opcode="zext(34) " fcode="zext"/>
<opset="zext_ln251_2/2 "/>
</bind>
</comp>

<comp id="344" class="1004" name="trunc_ln52_fu_344">
<pin_list>
<pin id="345" dir="0" index="0" bw="2" slack="0"/>
<pin id="346" dir="1" index="1" bw="2" slack="0"/>
</pin_list>
<bind>
<opcode="trunc(33) " fcode="trunc"/>
<opset="trunc_ln52/11 "/>
</bind>
</comp>

<comp id="348" class="1004" name="tmp_fu_348">
<pin_list>
<pin id="349" dir="0" index="0" bw="32" slack="0"/>
<pin id="350" dir="0" index="1" bw="2" slack="0"/>
<pin id="351" dir="0" index="2" bw="32" slack="8"/>
<pin id="352" dir="0" index="3" bw="2" slack="0"/>
<pin id="353" dir="0" index="4" bw="32" slack="8"/>
<pin id="354" dir="0" index="5" bw="2" slack="0"/>
<pin id="355" dir="0" index="6" bw="32" slack="8"/>
<pin id="356" dir="0" index="7" bw="32" slack="0"/>
<pin id="357" dir="0" index="8" bw="2" slack="0"/>
<pin id="358" dir="1" index="9" bw="32" slack="1"/>
</pin_list>
<bind>
<opcode="sparsemux(1197) " fcode="sparsemux"/>
<opset="tmp/11 "/>
</bind>
</comp>

<comp id="365" class="1004" name="add55123_load_load_fu_365">
<pin_list>
<pin id="366" dir="0" index="0" bw="64" slack="11"/>
<pin id="367" dir="1" index="1" bw="64" slack="0"/>
</pin_list>
<bind>
<opcode="load(27) " fcode="load"/>
<opset="add55123_load/12 "/>
</bind>
</comp>

<comp id="368" class="1004" name="sext_ln253_fu_368">
<pin_list>
<pin id="369" dir="0" index="0" bw="32" slack="1"/>
<pin id="370" dir="1" index="1" bw="64" slack="0"/>
</pin_list>
<bind>
<opcode="sext(35) " fcode="sext"/>
<opset="sext_ln253/12 "/>
</bind>
</comp>

<comp id="371" class="1004" name="add_ln253_fu_371">
<pin_list>
<pin id="372" dir="0" index="0" bw="32" slack="0"/>
<pin id="373" dir="0" index="1" bw="64" slack="0"/>
<pin id="374" dir="1" index="2" bw="64" slack="0"/>
</pin_list>
<bind>
<opcode="add(8) " fcode="add"/>
<opset="add_ln253/12 "/>
</bind>
</comp>

<comp id="377" class="1004" name="store_ln253_store_fu_377">
<pin_list>
<pin id="378" dir="0" index="0" bw="64" slack="0"/>
<pin id="379" dir="0" index="1" bw="64" slack="11"/>
<pin id="380" dir="1" index="2" bw="0" slack="2147483647"/>
</pin_list>
<bind>
<opcode="store(28) " fcode="store"/>
<opset="store_ln253/12 "/>
</bind>
</comp>

<comp id="382" class="1004" name="p_load11_load_fu_382">
<pin_list>
<pin id="383" dir="0" index="0" bw="32" slack="27"/>
<pin id="384" dir="1" index="1" bw="32" slack="0"/>
</pin_list>
<bind>
<opcode="load(27) " fcode="load"/>
<opset="p_load11/28 "/>
</bind>
</comp>

<comp id="386" class="1004" name="bitcast_ln251_fu_386">
<pin_list>
<pin id="387" dir="0" index="0" bw="32" slack="2"/>
<pin id="388" dir="1" index="1" bw="32" slack="0"/>
</pin_list>
<bind>
<opcode="bitcast(44) " fcode="bitcast"/>
<opset="bitcast_ln251/29 "/>
</bind>
</comp>

<comp id="389" class="1004" name="tmp_10_fu_389">
<pin_list>
<pin id="390" dir="0" index="0" bw="8" slack="0"/>
<pin id="391" dir="0" index="1" bw="32" slack="0"/>
<pin id="392" dir="0" index="2" bw="6" slack="0"/>
<pin id="393" dir="0" index="3" bw="6" slack="0"/>
<pin id="394" dir="1" index="4" bw="8" slack="0"/>
</pin_list>
<bind>
<opcode="partselect(1002) " fcode="partselect"/>
<opset="tmp_10/29 "/>
</bind>
</comp>

<comp id="399" class="1004" name="trunc_ln251_fu_399">
<pin_list>
<pin id="400" dir="0" index="0" bw="32" slack="0"/>
<pin id="401" dir="1" index="1" bw="23" slack="0"/>
</pin_list>
<bind>
<opcode="trunc(33) " fcode="trunc"/>
<opset="trunc_ln251/29 "/>
</bind>
</comp>

<comp id="403" class="1004" name="bitcast_ln251_1_fu_403">
<pin_list>
<pin id="404" dir="0" index="0" bw="32" slack="1"/>
<pin id="405" dir="1" index="1" bw="32" slack="0"/>
</pin_list>
<bind>
<opcode="bitcast(44) " fcode="bitcast"/>
<opset="bitcast_ln251_1/29 "/>
</bind>
</comp>

<comp id="406" class="1004" name="tmp_24_fu_406">
<pin_list>
<pin id="407" dir="0" index="0" bw="8" slack="0"/>
<pin id="408" dir="0" index="1" bw="32" slack="0"/>
<pin id="409" dir="0" index="2" bw="6" slack="0"/>
<pin id="410" dir="0" index="3" bw="6" slack="0"/>
<pin id="411" dir="1" index="4" bw="8" slack="0"/>
</pin_list>
<bind>
<opcode="partselect(1002) " fcode="partselect"/>
<opset="tmp_24/29 "/>
</bind>
</comp>

<comp id="416" class="1004" name="trunc_ln251_1_fu_416">
<pin_list>
<pin id="417" dir="0" index="0" bw="32" slack="0"/>
<pin id="418" dir="1" index="1" bw="23" slack="0"/>
</pin_list>
<bind>
<opcode="trunc(33) " fcode="trunc"/>
<opset="trunc_ln251_1/29 "/>
</bind>
</comp>

<comp id="420" class="1004" name="icmp_ln251_fu_420">
<pin_list>
<pin id="421" dir="0" index="0" bw="8" slack="0"/>
<pin id="422" dir="0" index="1" bw="8" slack="0"/>
<pin id="423" dir="1" index="2" bw="1" slack="0"/>
</pin_list>
<bind>
<opcode="icmp(45) " fcode="icmp"/>
<opset="icmp_ln251/29 "/>
</bind>
</comp>

<comp id="426" class="1004" name="icmp_ln251_1_fu_426">
<pin_list>
<pin id="427" dir="0" index="0" bw="23" slack="0"/>
<pin id="428" dir="0" index="1" bw="23" slack="0"/>
<pin id="429" dir="1" index="2" bw="1" slack="0"/>
</pin_list>
<bind>
<opcode="icmp(45) " fcode="icmp"/>
<opset="icmp_ln251_1/29 "/>
</bind>
</comp>

<comp id="432" class="1004" name="or_ln251_fu_432">
<pin_list>
<pin id="433" dir="0" index="0" bw="1" slack="0"/>
<pin id="434" dir="0" index="1" bw="1" slack="0"/>
<pin id="435" dir="1" index="2" bw="1" slack="0"/>
</pin_list>
<bind>
<opcode="or(24) " fcode="or"/>
<opset="or_ln251/29 "/>
</bind>
</comp>

<comp id="438" class="1004" name="icmp_ln251_2_fu_438">
<pin_list>
<pin id="439" dir="0" index="0" bw="8" slack="0"/>
<pin id="440" dir="0" index="1" bw="8" slack="0"/>
<pin id="441" dir="1" index="2" bw="1" slack="0"/>
</pin_list>
<bind>
<opcode="icmp(45) " fcode="icmp"/>
<opset="icmp_ln251_2/29 "/>
</bind>
</comp>

<comp id="444" class="1004" name="icmp_ln251_3_fu_444">
<pin_list>
<pin id="445" dir="0" index="0" bw="23" slack="0"/>
<pin id="446" dir="0" index="1" bw="23" slack="0"/>
<pin id="447" dir="1" index="2" bw="1" slack="0"/>
</pin_list>
<bind>
<opcode="icmp(45) " fcode="icmp"/>
<opset="icmp_ln251_3/29 "/>
</bind>
</comp>

<comp id="450" class="1004" name="or_ln251_1_fu_450">
<pin_list>
<pin id="451" dir="0" index="0" bw="1" slack="0"/>
<pin id="452" dir="0" index="1" bw="1" slack="0"/>
<pin id="453" dir="1" index="2" bw="1" slack="0"/>
</pin_list>
<bind>
<opcode="or(24) " fcode="or"/>
<opset="or_ln251_1/29 "/>
</bind>
</comp>

<comp id="456" class="1004" name="and_ln251_fu_456">
<pin_list>
<pin id="457" dir="0" index="0" bw="1" slack="0"/>
<pin id="458" dir="0" index="1" bw="1" slack="0"/>
<pin id="459" dir="1" index="2" bw="1" slack="0"/>
</pin_list>
<bind>
<opcode="and(23) " fcode="and"/>
<opset="and_ln251/29 "/>
</bind>
</comp>

<comp id="462" class="1004" name="and_ln251_1_fu_462">
<pin_list>
<pin id="463" dir="0" index="0" bw="1" slack="0"/>
<pin id="464" dir="0" index="1" bw="1" slack="0"/>
<pin id="465" dir="1" index="2" bw="1" slack="0"/>
</pin_list>
<bind>
<opcode="and(23) " fcode="and"/>
<opset="and_ln251_1/29 "/>
</bind>
</comp>

<comp id="468" class="1004" name="select_ln251_fu_468">
<pin_list>
<pin id="469" dir="0" index="0" bw="1" slack="0"/>
<pin id="470" dir="0" index="1" bw="32" slack="2"/>
<pin id="471" dir="0" index="2" bw="32" slack="1"/>
<pin id="472" dir="1" index="3" bw="32" slack="0"/>
</pin_list>
<bind>
<opcode="select(49) " fcode="select"/>
<opset="select_ln251/29 "/>
</bind>
</comp>

<comp id="474" class="1004" name="store_ln251_store_fu_474">
<pin_list>
<pin id="475" dir="0" index="0" bw="32" slack="0"/>
<pin id="476" dir="0" index="1" bw="32" slack="28"/>
<pin id="477" dir="1" index="2" bw="0" slack="2147483647"/>
</pin_list>
<bind>
<opcode="store(28) " fcode="store"/>
<opset="store_ln251/29 "/>
</bind>
</comp>

<comp id="479" class="1004" name="add55123_load_1_load_fu_479">
<pin_list>
<pin id="480" dir="0" index="0" bw="64" slack="26"/>
<pin id="481" dir="1" index="1" bw="64" slack="0"/>
</pin_list>
<bind>
<opcode="load(27) " fcode="load"/>
<opset="add55123_load_1/27 "/>
</bind>
</comp>

<comp id="483" class="1004" name="p_load_load_fu_483">
<pin_list>
<pin id="484" dir="0" index="0" bw="32" slack="26"/>
<pin id="485" dir="1" index="1" bw="32" slack="0"/>
</pin_list>
<bind>
<opcode="load(27) " fcode="load"/>
<opset="p_load/27 "/>
</bind>
</comp>

<comp id="487" class="1005" name="add55123_reg_487">
<pin_list>
<pin id="488" dir="0" index="0" bw="64" slack="0"/>
<pin id="489" dir="1" index="1" bw="64" slack="0"/>
</pin_list>
<bind>
<opset="add55123 "/>
</bind>
</comp>

<comp id="495" class="1005" name="empty_reg_495">
<pin_list>
<pin id="496" dir="0" index="0" bw="32" slack="0"/>
<pin id="497" dir="1" index="1" bw="32" slack="0"/>
</pin_list>
<bind>
<opset="empty "/>
</bind>
</comp>

<comp id="503" class="1005" name="col_pos_1_reg_503">
<pin_list>
<pin id="504" dir="0" index="0" bw="7" slack="0"/>
<pin id="505" dir="1" index="1" bw="7" slack="0"/>
</pin_list>
<bind>
<opset="col_pos_1 "/>
</bind>
</comp>

<comp id="510" class="1005" name="row_pos_reg_510">
<pin_list>
<pin id="511" dir="0" index="0" bw="7" slack="0"/>
<pin id="512" dir="1" index="1" bw="7" slack="0"/>
</pin_list>
<bind>
<opset="row_pos "/>
</bind>
</comp>

<comp id="517" class="1005" name="indvar_flatten34_reg_517">
<pin_list>
<pin id="518" dir="0" index="0" bw="13" slack="0"/>
<pin id="519" dir="1" index="1" bw="13" slack="0"/>
</pin_list>
<bind>
<opset="indvar_flatten34 "/>
</bind>
</comp>

<comp id="524" class="1005" name="icmp_ln249_reg_524">
<pin_list>
<pin id="525" dir="0" index="0" bw="1" slack="1"/>
<pin id="526" dir="1" index="1" bw="1" slack="2147483647"/>
</pin_list>
<bind>
<opset="icmp_ln249 "/>
</bind>
</comp>

<comp id="528" class="1005" name="select_ln52_reg_528">
<pin_list>
<pin id="529" dir="0" index="0" bw="7" slack="1"/>
<pin id="530" dir="1" index="1" bw="7" slack="1"/>
</pin_list>
<bind>
<opset="select_ln52 "/>
</bind>
</comp>

<comp id="533" class="1005" name="select_ln249_reg_533">
<pin_list>
<pin id="534" dir="0" index="0" bw="7" slack="1"/>
<pin id="535" dir="1" index="1" bw="7" slack="1"/>
</pin_list>
<bind>
<opset="select_ln249 "/>
</bind>
</comp>

<comp id="539" class="1005" name="tmp_35_reg_539">
<pin_list>
<pin id="540" dir="0" index="0" bw="6" slack="1"/>
<pin id="541" dir="1" index="1" bw="6" slack="1"/>
</pin_list>
<bind>
<opset="tmp_35 "/>
</bind>
</comp>

<comp id="544" class="1005" name="water_level_addr_reg_544">
<pin_list>
<pin id="545" dir="0" index="0" bw="12" slack="1"/>
<pin id="546" dir="1" index="1" bw="12" slack="1"/>
</pin_list>
<bind>
<opset="water_level_addr "/>
</bind>
</comp>

<comp id="549" class="1005" name="water_level_1_addr_reg_549">
<pin_list>
<pin id="550" dir="0" index="0" bw="12" slack="1"/>
<pin id="551" dir="1" index="1" bw="12" slack="1"/>
</pin_list>
<bind>
<opset="water_level_1_addr "/>
</bind>
</comp>

<comp id="554" class="1005" name="water_level_2_addr_reg_554">
<pin_list>
<pin id="555" dir="0" index="0" bw="12" slack="1"/>
<pin id="556" dir="1" index="1" bw="12" slack="1"/>
</pin_list>
<bind>
<opset="water_level_2_addr "/>
</bind>
</comp>

<comp id="559" class="1005" name="water_level_load_reg_559">
<pin_list>
<pin id="560" dir="0" index="0" bw="32" slack="8"/>
<pin id="561" dir="1" index="1" bw="32" slack="8"/>
</pin_list>
<bind>
<opset="water_level_load "/>
</bind>
</comp>

<comp id="564" class="1005" name="water_level_1_load_reg_564">
<pin_list>
<pin id="565" dir="0" index="0" bw="32" slack="8"/>
<pin id="566" dir="1" index="1" bw="32" slack="8"/>
</pin_list>
<bind>
<opset="water_level_1_load "/>
</bind>
</comp>

<comp id="569" class="1005" name="water_level_2_load_reg_569">
<pin_list>
<pin id="570" dir="0" index="0" bw="32" slack="8"/>
<pin id="571" dir="1" index="1" bw="32" slack="8"/>
</pin_list>
<bind>
<opset="water_level_2_load "/>
</bind>
</comp>

<comp id="574" class="1005" name="tmp_reg_574">
<pin_list>
<pin id="575" dir="0" index="0" bw="32" slack="1"/>
<pin id="576" dir="1" index="1" bw="32" slack="1"/>
</pin_list>
<bind>
<opset="tmp "/>
</bind>
</comp>

<comp id="580" class="1005" name="conv1_reg_580">
<pin_list>
<pin id="581" dir="0" index="0" bw="32" slack="1"/>
<pin id="582" dir="1" index="1" bw="32" slack="1"/>
</pin_list>
<bind>
<opset="conv1 "/>
</bind>
</comp>

<comp id="585" class="1005" name="div6_reg_585">
<pin_list>
<pin id="586" dir="0" index="0" bw="32" slack="1"/>
<pin id="587" dir="1" index="1" bw="32" slack="1"/>
</pin_list>
<bind>
<opset="div6 "/>
</bind>
</comp>

<comp id="592" class="1005" name="p_load11_reg_592">
<pin_list>
<pin id="593" dir="0" index="0" bw="32" slack="1"/>
<pin id="594" dir="1" index="1" bw="32" slack="1"/>
</pin_list>
<bind>
<opset="p_load11 "/>
</bind>
</comp>

</comp_list>

<net_list>
<net id="95"><net_src comp="12" pin="0"/><net_sink comp="92" pin=0"/></net>

<net id="99"><net_src comp="12" pin="0"/><net_sink comp="96" pin=0"/></net>

<net id="103"><net_src comp="12" pin="0"/><net_sink comp="100" pin=0"/></net>

<net id="107"><net_src comp="12" pin="0"/><net_sink comp="104" pin=0"/></net>

<net id="111"><net_src comp="12" pin="0"/><net_sink comp="108" pin=0"/></net>

<net id="116"><net_src comp="14" pin="0"/><net_sink comp="112" pin=0"/></net>

<net id="117"><net_src comp="0" pin="0"/><net_sink comp="112" pin=1"/></net>

<net id="123"><net_src comp="88" pin="0"/><net_sink comp="118" pin=0"/></net>

<net id="124"><net_src comp="8" pin="0"/><net_sink comp="118" pin=1"/></net>

<net id="130"><net_src comp="90" pin="0"/><net_sink comp="125" pin=0"/></net>

<net id="131"><net_src comp="10" pin="0"/><net_sink comp="125" pin=1"/></net>

<net id="137"><net_src comp="2" pin="0"/><net_sink comp="132" pin=0"/></net>

<net id="138"><net_src comp="48" pin="0"/><net_sink comp="132" pin=1"/></net>

<net id="144"><net_src comp="4" pin="0"/><net_sink comp="139" pin=0"/></net>

<net id="145"><net_src comp="48" pin="0"/><net_sink comp="139" pin=1"/></net>

<net id="151"><net_src comp="6" pin="0"/><net_sink comp="146" pin=0"/></net>

<net id="152"><net_src comp="48" pin="0"/><net_sink comp="146" pin=1"/></net>

<net id="158"><net_src comp="132" pin="3"/><net_sink comp="153" pin=0"/></net>

<net id="164"><net_src comp="139" pin="3"/><net_sink comp="159" pin=0"/></net>

<net id="170"><net_src comp="146" pin="3"/><net_sink comp="165" pin=0"/></net>

<net id="175"><net_src comp="60" pin="0"/><net_sink comp="171" pin=1"/></net>

<net id="187"><net_src comp="16" pin="0"/><net_sink comp="183" pin=0"/></net>

<net id="192"><net_src comp="18" pin="0"/><net_sink comp="188" pin=0"/></net>

<net id="197"><net_src comp="18" pin="0"/><net_sink comp="193" pin=0"/></net>

<net id="202"><net_src comp="20" pin="0"/><net_sink comp="198" pin=0"/></net>

<net id="207"><net_src comp="112" pin="2"/><net_sink comp="203" pin=0"/></net>

<net id="215"><net_src comp="208" pin="1"/><net_sink comp="211" pin=0"/></net>

<net id="216"><net_src comp="22" pin="0"/><net_sink comp="211" pin=1"/></net>

<net id="221"><net_src comp="208" pin="1"/><net_sink comp="217" pin=0"/></net>

<net id="222"><net_src comp="24" pin="0"/><net_sink comp="217" pin=1"/></net>

<net id="233"><net_src comp="226" pin="1"/><net_sink comp="229" pin=0"/></net>

<net id="234"><net_src comp="26" pin="0"/><net_sink comp="229" pin=1"/></net>

<net id="239"><net_src comp="223" pin="1"/><net_sink comp="235" pin=0"/></net>

<net id="240"><net_src comp="28" pin="0"/><net_sink comp="235" pin=1"/></net>

<net id="246"><net_src comp="235" pin="2"/><net_sink comp="241" pin=0"/></net>

<net id="247"><net_src comp="18" pin="0"/><net_sink comp="241" pin=1"/></net>

<net id="248"><net_src comp="223" pin="1"/><net_sink comp="241" pin=2"/></net>

<net id="254"><net_src comp="235" pin="2"/><net_sink comp="249" pin=0"/></net>

<net id="255"><net_src comp="229" pin="2"/><net_sink comp="249" pin=1"/></net>

<net id="256"><net_src comp="226" pin="1"/><net_sink comp="249" pin=2"/></net>

<net id="260"><net_src comp="241" pin="3"/><net_sink comp="257" pin=0"/></net>

<net id="265"><net_src comp="257" pin="1"/><net_sink comp="261" pin=0"/></net>

<net id="266"><net_src comp="30" pin="0"/><net_sink comp="261" pin=1"/></net>

<net id="273"><net_src comp="32" pin="0"/><net_sink comp="267" pin=0"/></net>

<net id="274"><net_src comp="261" pin="2"/><net_sink comp="267" pin=1"/></net>

<net id="275"><net_src comp="34" pin="0"/><net_sink comp="267" pin=2"/></net>

<net id="276"><net_src comp="36" pin="0"/><net_sink comp="267" pin=3"/></net>

<net id="281"><net_src comp="241" pin="3"/><net_sink comp="277" pin=0"/></net>

<net id="282"><net_src comp="38" pin="0"/><net_sink comp="277" pin=1"/></net>

<net id="287"><net_src comp="241" pin="3"/><net_sink comp="283" pin=0"/></net>

<net id="288"><net_src comp="26" pin="0"/><net_sink comp="283" pin=1"/></net>

<net id="293"><net_src comp="217" pin="2"/><net_sink comp="289" pin=0"/></net>

<net id="298"><net_src comp="249" pin="3"/><net_sink comp="294" pin=0"/></net>

<net id="303"><net_src comp="283" pin="2"/><net_sink comp="299" pin=0"/></net>

<net id="309"><net_src comp="40" pin="0"/><net_sink comp="304" pin=0"/></net>

<net id="310"><net_src comp="42" pin="0"/><net_sink comp="304" pin=2"/></net>

<net id="316"><net_src comp="44" pin="0"/><net_sink comp="311" pin=0"/></net>

<net id="317"><net_src comp="46" pin="0"/><net_sink comp="311" pin=2"/></net>

<net id="321"><net_src comp="311" pin="3"/><net_sink comp="318" pin=0"/></net>

<net id="326"><net_src comp="304" pin="3"/><net_sink comp="322" pin=0"/></net>

<net id="327"><net_src comp="318" pin="1"/><net_sink comp="322" pin=1"/></net>

<net id="335"><net_src comp="322" pin="2"/><net_sink comp="331" pin=0"/></net>

<net id="336"><net_src comp="328" pin="1"/><net_sink comp="331" pin=1"/></net>

<net id="340"><net_src comp="331" pin="2"/><net_sink comp="337" pin=0"/></net>

<net id="341"><net_src comp="337" pin="1"/><net_sink comp="132" pin=2"/></net>

<net id="342"><net_src comp="337" pin="1"/><net_sink comp="139" pin=2"/></net>

<net id="343"><net_src comp="337" pin="1"/><net_sink comp="146" pin=2"/></net>

<net id="347"><net_src comp="277" pin="2"/><net_sink comp="344" pin=0"/></net>

<net id="359"><net_src comp="50" pin="0"/><net_sink comp="348" pin=0"/></net>

<net id="360"><net_src comp="52" pin="0"/><net_sink comp="348" pin=1"/></net>

<net id="361"><net_src comp="54" pin="0"/><net_sink comp="348" pin=3"/></net>

<net id="362"><net_src comp="56" pin="0"/><net_sink comp="348" pin=5"/></net>

<net id="363"><net_src comp="58" pin="0"/><net_sink comp="348" pin=7"/></net>

<net id="364"><net_src comp="344" pin="1"/><net_sink comp="348" pin=8"/></net>

<net id="375"><net_src comp="368" pin="1"/><net_sink comp="371" pin=0"/></net>

<net id="376"><net_src comp="365" pin="1"/><net_sink comp="371" pin=1"/></net>

<net id="381"><net_src comp="371" pin="2"/><net_sink comp="377" pin=0"/></net>

<net id="385"><net_src comp="382" pin="1"/><net_sink comp="179" pin=1"/></net>

<net id="395"><net_src comp="78" pin="0"/><net_sink comp="389" pin=0"/></net>

<net id="396"><net_src comp="386" pin="1"/><net_sink comp="389" pin=1"/></net>

<net id="397"><net_src comp="80" pin="0"/><net_sink comp="389" pin=2"/></net>

<net id="398"><net_src comp="82" pin="0"/><net_sink comp="389" pin=3"/></net>

<net id="402"><net_src comp="386" pin="1"/><net_sink comp="399" pin=0"/></net>

<net id="412"><net_src comp="78" pin="0"/><net_sink comp="406" pin=0"/></net>

<net id="413"><net_src comp="403" pin="1"/><net_sink comp="406" pin=1"/></net>

<net id="414"><net_src comp="80" pin="0"/><net_sink comp="406" pin=2"/></net>

<net id="415"><net_src comp="82" pin="0"/><net_sink comp="406" pin=3"/></net>

<net id="419"><net_src comp="403" pin="1"/><net_sink comp="416" pin=0"/></net>

<net id="424"><net_src comp="389" pin="4"/><net_sink comp="420" pin=0"/></net>

<net id="425"><net_src comp="84" pin="0"/><net_sink comp="420" pin=1"/></net>

<net id="430"><net_src comp="399" pin="1"/><net_sink comp="426" pin=0"/></net>

<net id="431"><net_src comp="86" pin="0"/><net_sink comp="426" pin=1"/></net>

<net id="436"><net_src comp="426" pin="2"/><net_sink comp="432" pin=0"/></net>

<net id="437"><net_src comp="420" pin="2"/><net_sink comp="432" pin=1"/></net>

<net id="442"><net_src comp="406" pin="4"/><net_sink comp="438" pin=0"/></net>

<net id="443"><net_src comp="84" pin="0"/><net_sink comp="438" pin=1"/></net>

<net id="448"><net_src comp="416" pin="1"/><net_sink comp="444" pin=0"/></net>

<net id="449"><net_src comp="86" pin="0"/><net_sink comp="444" pin=1"/></net>

<net id="454"><net_src comp="444" pin="2"/><net_sink comp="450" pin=0"/></net>

<net id="455"><net_src comp="438" pin="2"/><net_sink comp="450" pin=1"/></net>

<net id="460"><net_src comp="450" pin="2"/><net_sink comp="456" pin=0"/></net>

<net id="461"><net_src comp="432" pin="2"/><net_sink comp="456" pin=1"/></net>

<net id="466"><net_src comp="456" pin="2"/><net_sink comp="462" pin=0"/></net>

<net id="467"><net_src comp="179" pin="2"/><net_sink comp="462" pin=1"/></net>

<net id="473"><net_src comp="462" pin="2"/><net_sink comp="468" pin=0"/></net>

<net id="478"><net_src comp="468" pin="3"/><net_sink comp="474" pin=0"/></net>

<net id="482"><net_src comp="479" pin="1"/><net_sink comp="125" pin=2"/></net>

<net id="486"><net_src comp="483" pin="1"/><net_sink comp="118" pin=2"/></net>

<net id="490"><net_src comp="92" pin="1"/><net_sink comp="487" pin=0"/></net>

<net id="491"><net_src comp="487" pin="1"/><net_sink comp="203" pin=1"/></net>

<net id="492"><net_src comp="487" pin="1"/><net_sink comp="365" pin=0"/></net>

<net id="493"><net_src comp="487" pin="1"/><net_sink comp="377" pin=1"/></net>

<net id="494"><net_src comp="487" pin="1"/><net_sink comp="479" pin=0"/></net>

<net id="498"><net_src comp="96" pin="1"/><net_sink comp="495" pin=0"/></net>

<net id="499"><net_src comp="495" pin="1"/><net_sink comp="198" pin=1"/></net>

<net id="500"><net_src comp="495" pin="1"/><net_sink comp="382" pin=0"/></net>

<net id="501"><net_src comp="495" pin="1"/><net_sink comp="474" pin=1"/></net>

<net id="502"><net_src comp="495" pin="1"/><net_sink comp="483" pin=0"/></net>

<net id="506"><net_src comp="100" pin="1"/><net_sink comp="503" pin=0"/></net>

<net id="507"><net_src comp="503" pin="1"/><net_sink comp="193" pin=1"/></net>

<net id="508"><net_src comp="503" pin="1"/><net_sink comp="223" pin=0"/></net>

<net id="509"><net_src comp="503" pin="1"/><net_sink comp="299" pin=1"/></net>

<net id="513"><net_src comp="104" pin="1"/><net_sink comp="510" pin=0"/></net>

<net id="514"><net_src comp="510" pin="1"/><net_sink comp="188" pin=1"/></net>

<net id="515"><net_src comp="510" pin="1"/><net_sink comp="226" pin=0"/></net>

<net id="516"><net_src comp="510" pin="1"/><net_sink comp="294" pin=1"/></net>

<net id="520"><net_src comp="108" pin="1"/><net_sink comp="517" pin=0"/></net>

<net id="521"><net_src comp="517" pin="1"/><net_sink comp="183" pin=1"/></net>

<net id="522"><net_src comp="517" pin="1"/><net_sink comp="208" pin=0"/></net>

<net id="523"><net_src comp="517" pin="1"/><net_sink comp="289" pin=1"/></net>

<net id="527"><net_src comp="211" pin="2"/><net_sink comp="524" pin=0"/></net>

<net id="531"><net_src comp="241" pin="3"/><net_sink comp="528" pin=0"/></net>

<net id="532"><net_src comp="528" pin="1"/><net_sink comp="277" pin=0"/></net>

<net id="536"><net_src comp="249" pin="3"/><net_sink comp="533" pin=0"/></net>

<net id="537"><net_src comp="533" pin="1"/><net_sink comp="304" pin=1"/></net>

<net id="538"><net_src comp="533" pin="1"/><net_sink comp="311" pin=1"/></net>

<net id="542"><net_src comp="267" pin="4"/><net_sink comp="539" pin=0"/></net>

<net id="543"><net_src comp="539" pin="1"/><net_sink comp="328" pin=0"/></net>

<net id="547"><net_src comp="132" pin="3"/><net_sink comp="544" pin=0"/></net>

<net id="548"><net_src comp="544" pin="1"/><net_sink comp="153" pin=0"/></net>

<net id="552"><net_src comp="139" pin="3"/><net_sink comp="549" pin=0"/></net>

<net id="553"><net_src comp="549" pin="1"/><net_sink comp="159" pin=0"/></net>

<net id="557"><net_src comp="146" pin="3"/><net_sink comp="554" pin=0"/></net>

<net id="558"><net_src comp="554" pin="1"/><net_sink comp="165" pin=0"/></net>

<net id="562"><net_src comp="153" pin="3"/><net_sink comp="559" pin=0"/></net>

<net id="563"><net_src comp="559" pin="1"/><net_sink comp="348" pin=2"/></net>

<net id="567"><net_src comp="159" pin="3"/><net_sink comp="564" pin=0"/></net>

<net id="568"><net_src comp="564" pin="1"/><net_sink comp="348" pin=4"/></net>

<net id="572"><net_src comp="165" pin="3"/><net_sink comp="569" pin=0"/></net>

<net id="573"><net_src comp="569" pin="1"/><net_sink comp="348" pin=6"/></net>

<net id="577"><net_src comp="348" pin="9"/><net_sink comp="574" pin=0"/></net>

<net id="578"><net_src comp="574" pin="1"/><net_sink comp="176" pin=0"/></net>

<net id="579"><net_src comp="574" pin="1"/><net_sink comp="368" pin=0"/></net>

<net id="583"><net_src comp="176" pin="1"/><net_sink comp="580" pin=0"/></net>

<net id="584"><net_src comp="580" pin="1"/><net_sink comp="171" pin=0"/></net>

<net id="588"><net_src comp="171" pin="2"/><net_sink comp="585" pin=0"/></net>

<net id="589"><net_src comp="585" pin="1"/><net_sink comp="179" pin=0"/></net>

<net id="590"><net_src comp="585" pin="1"/><net_sink comp="386" pin=0"/></net>

<net id="591"><net_src comp="585" pin="1"/><net_sink comp="468" pin=1"/></net>

<net id="595"><net_src comp="382" pin="1"/><net_sink comp="592" pin=0"/></net>

<net id="596"><net_src comp="592" pin="1"/><net_sink comp="403" pin=0"/></net>

<net id="597"><net_src comp="592" pin="1"/><net_sink comp="179" pin=1"/></net>

<net id="598"><net_src comp="592" pin="1"/><net_sink comp="468" pin=2"/></net>

</net_list>

</model> 
---------------- Datapath Model END ------------------

* FSMD analyzer results:
  - Output states:
	Port: p_out | {27 }
	Port: add55123_out | {27 }
 - Input state : 
	Port: do_compute_Pipeline_VITIS_LOOP_249_16_VITIS_LOOP_250_17 : trunc_ln2 | {1 }
	Port: do_compute_Pipeline_VITIS_LOOP_249_16_VITIS_LOOP_250_17 : water_level | {2 3 }
	Port: do_compute_Pipeline_VITIS_LOOP_249_16_VITIS_LOOP_250_17 : water_level_1 | {2 3 }
	Port: do_compute_Pipeline_VITIS_LOOP_249_16_VITIS_LOOP_250_17 : water_level_2 | {2 3 }
  - Chain level:
	State 1
		store_ln0 : 1
		store_ln52 : 1
		store_ln52 : 1
		store_ln0 : 1
		indvar_flatten34_load : 1
		icmp_ln249 : 2
		add_ln249_1 : 2
		br_ln249 : 3
		col_pos_1_load : 1
		row_pos_load : 1
		add_ln249 : 2
		icmp_ln250 : 2
		select_ln52 : 3
		select_ln249 : 3
		zext_ln52 : 4
		mul_ln52 : 5
		tmp_35 : 6
		urem_ln52 : 4
		add_ln250 : 4
		store_ln249 : 3
		store_ln52 : 4
		store_ln52 : 5
	State 2
		zext_ln251 : 1
		sub_ln251 : 2
		add_ln251 : 3
		zext_ln251_2 : 4
		water_level_addr : 5
		water_level_1_addr : 5
		water_level_2_addr : 5
		water_level_load : 6
		water_level_1_load : 6
		water_level_2_load : 6
	State 3
	State 4
	State 5
	State 6
	State 7
	State 8
	State 9
	State 10
	State 11
		trunc_ln52 : 1
		tmp : 2
	State 12
		add_ln253 : 1
		store_ln253 : 2
	State 13
	State 14
	State 15
	State 16
	State 17
	State 18
	State 19
	State 20
	State 21
	State 22
	State 23
	State 24
	State 25
	State 26
	State 27
		write_ln0 : 1
		write_ln0 : 1
	State 28
		tmp_25 : 1
	State 29
		tmp_10 : 1
		trunc_ln251 : 1
		tmp_24 : 1
		trunc_ln251_1 : 1
		icmp_ln251 : 2
		icmp_ln251_1 : 2
		or_ln251 : 3
		icmp_ln251_2 : 2
		icmp_ln251_3 : 2
		or_ln251_1 : 3
		and_ln251 : 3
		and_ln251_1 : 3
		select_ln251 : 3
		store_ln251 : 4


============================================================
+ Verbose Summary: Datapath Resource usage 
============================================================

* Functional unit list:
|----------|----------------------------|---------|---------|---------|
| Operation|       Functional Unit      |   DSP   |    FF   |   LUT   |
|----------|----------------------------|---------|---------|---------|
|   urem   |         grp_fu_277         |    0    |   158   |    87   |
|----------|----------------------------|---------|---------|---------|
|          |     add_ln249_1_fu_217     |    0    |    0    |    20   |
|          |      add_ln249_fu_229      |    0    |    0    |    14   |
|    add   |      add_ln250_fu_283      |    0    |    0    |    14   |
|          |      add_ln251_fu_331      |    0    |    0    |    17   |
|          |      add_ln253_fu_371      |    0    |    0    |    71   |
|----------|----------------------------|---------|---------|---------|
|          |      icmp_ln249_fu_211     |    0    |    0    |    20   |
|          |      icmp_ln250_fu_235     |    0    |    0    |    14   |
|   icmp   |      icmp_ln251_fu_420     |    0    |    0    |    15   |
|          |     icmp_ln251_1_fu_426    |    0    |    0    |    30   |
|          |     icmp_ln251_2_fu_438    |    0    |    0    |    15   |
|          |     icmp_ln251_3_fu_444    |    0    |    0    |    30   |
|----------|----------------------------|---------|---------|---------|
|    mul   |       mul_ln52_fu_261      |    0    |    0    |    49   |
|----------|----------------------------|---------|---------|---------|
|          |     select_ln52_fu_241     |    0    |    0    |    7    |
|  select  |     select_ln249_fu_249    |    0    |    0    |    7    |
|          |     select_ln251_fu_468    |    0    |    0    |    32   |
|----------|----------------------------|---------|---------|---------|
|    sub   |      sub_ln251_fu_322      |    0    |    0    |    17   |
|----------|----------------------------|---------|---------|---------|
| sparsemux|         tmp_fu_348         |    0    |    0    |    9    |
|----------|----------------------------|---------|---------|---------|
|    or    |       or_ln251_fu_432      |    0    |    0    |    2    |
|          |      or_ln251_1_fu_450     |    0    |    0    |    2    |
|----------|----------------------------|---------|---------|---------|
|    and   |      and_ln251_fu_456      |    0    |    0    |    2    |
|          |     and_ln251_1_fu_462     |    0    |    0    |    2    |
|----------|----------------------------|---------|---------|---------|
|   read   | trunc_ln2_read_read_fu_112 |    0    |    0    |    0    |
|----------|----------------------------|---------|---------|---------|
|   write  |   write_ln0_write_fu_118   |    0    |    0    |    0    |
|          |   write_ln0_write_fu_125   |    0    |    0    |    0    |
|----------|----------------------------|---------|---------|---------|
|   fdiv   |         grp_fu_171         |    0    |    0    |    0    |
|----------|----------------------------|---------|---------|---------|
|  sitofp  |         grp_fu_176         |    0    |    0    |    0    |
|----------|----------------------------|---------|---------|---------|
|   fcmp   |         grp_fu_179         |    0    |    0    |    0    |
|----------|----------------------------|---------|---------|---------|
|          |      zext_ln52_fu_257      |    0    |    0    |    0    |
|   zext   |      zext_ln251_fu_318     |    0    |    0    |    0    |
|          |     zext_ln251_1_fu_328    |    0    |    0    |    0    |
|          |     zext_ln251_2_fu_337    |    0    |    0    |    0    |
|----------|----------------------------|---------|---------|---------|
|          |        tmp_35_fu_267       |    0    |    0    |    0    |
|partselect|        tmp_10_fu_389       |    0    |    0    |    0    |
|          |        tmp_24_fu_406       |    0    |    0    |    0    |
|----------|----------------------------|---------|---------|---------|
|bitconcatenate|        p_shl_fu_304        |    0    |    0    |    0    |
|          |        tmp_34_fu_311       |    0    |    0    |    0    |
|----------|----------------------------|---------|---------|---------|
|          |      trunc_ln52_fu_344     |    0    |    0    |    0    |
|   trunc  |     trunc_ln251_fu_399     |    0    |    0    |    0    |
|          |    trunc_ln251_1_fu_416    |    0    |    0    |    0    |
|----------|----------------------------|---------|---------|---------|
|   sext   |      sext_ln253_fu_368     |    0    |    0    |    0    |
|----------|----------------------------|---------|---------|---------|
|   Total  |                            |    0    |   158   |   476   |
|----------|----------------------------|---------|---------|---------|

Memories:
N/A

* Register list:
+--------------------------+--------+
|                          |   FF   |
+--------------------------+--------+
|     add55123_reg_487     |   64   |
|     col_pos_1_reg_503    |    7   |
|       conv1_reg_580      |   32   |
|       div6_reg_585       |   32   |
|       empty_reg_495      |   32   |
|    icmp_ln249_reg_524    |    1   |
| indvar_flatten34_reg_517 |   13   |
|     p_load11_reg_592     |   32   |
|      row_pos_reg_510     |    7   |
|   select_ln249_reg_533   |    7   |
|    select_ln52_reg_528   |    7   |
|      tmp_35_reg_539      |    6   |
|        tmp_reg_574       |   32   |
|water_level_1_addr_reg_549|   12   |
|water_level_1_load_reg_564|   32   |
|water_level_2_addr_reg_554|   12   |
|water_level_2_load_reg_569|   32   |
| water_level_addr_reg_544 |   12   |
| water_level_load_reg_559 |   32   |
+--------------------------+--------+
|           Total          |   404  |
+--------------------------+--------+

* Multiplexer (MUX) list: 
|-------------------|------|------|------|--------||---------||---------||---------|
|        Comp       |  Pin | Size |  BW  | S x BW ||  Delay  ||    FF   ||   LUT   |
|-------------------|------|------|------|--------||---------||---------||---------|
| grp_access_fu_153 |  p0  |   2  |  12  |   24   ||    0    ||    9    |
| grp_access_fu_159 |  p0  |   2  |  12  |   24   ||    0    ||    9    |
| grp_access_fu_165 |  p0  |   2  |  12  |   24   ||    0    ||    9    |
|     grp_fu_179    |  p1  |   2  |  32  |   64   ||    0    ||    9    |
|     grp_fu_277    |  p0  |   2  |   7  |   14   ||    0    ||    9    |
|-------------------|------|------|------|--------||---------||---------||---------|
|       Total       |      |      |      |   150  ||  1.935  ||    0    ||    45   |
|-------------------|------|------|------|--------||---------||---------||---------|



* Summary:
+-----------+--------+--------+--------+--------+
|           |   DSP  |  Delay |   FF   |   LUT  |
+-----------+--------+--------+--------+--------+
|  Function |    0   |    -   |   158  |   476  |
|   Memory  |    -   |    -   |    -   |    -   |
|Multiplexer|    -   |    1   |    0   |   45   |
|  Register |    -   |    -   |   404  |    -   |
+-----------+--------+--------+--------+--------+
|   Total   |    0   |    1   |   562  |   521  |
+-----------+--------+--------+--------+--------+
