

================================================================
== Vitis HLS Report for 'do_compute_Pipeline_VITIS_LOOP_109_9_VITIS_LOOP_110_10'
================================================================
* Date:           Sun May 17 15:55:04 2026

* Version:        2024.1 (Build 5069499 on May 21 2024)
* Project:        .tiny_dam_base_enabled
* Solution:       solution_FLOOD_HLS_base (Vivado IP Flow Target)
* Product family: virtexuplusHBM
* Target device:  xcu50-fsvh2104-2-e


================================================================
== Performance Estimates
================================================================
+ Timing: 
    * Summary: 
    +--------+---------+----------+------------+
    |  Clock |  Target | Estimated| Uncertainty|
    +--------+---------+----------+------------+
    |ap_clk  |  4.00 ns|  2.681 ns|     1.08 ns|
    +--------+---------+----------+------------+

+ Latency: 
    * Summary: 
    +---------+---------+-----------+-----------+------+------+-----------------------------------------------+
    |  Latency (cycles) |   Latency (absolute)  |   Interval  |                    Pipeline                   |
    |   min   |   max   |    min    |    max    |  min |  max |                      Type                     |
    +---------+---------+-----------+-----------+------+------+-----------------------------------------------+
    |     7608|     7608|  30.432 us|  30.432 us|  7503|  7503|  loop auto-rewind stp(delay=0 clock cycles(s))|
    +---------+---------+-----------+-----------+------+------+-----------------------------------------------+

    + Detail: 
        * Instance: 
        +-----------------------------------+------------------------+---------+---------+----------+----------+-----+-----+---------+
        |                                   |                        |  Latency (cycles) |  Latency (absolute) |  Interval | Pipeline|
        |              Instance             |         Module         |   min   |   max   |    min   |    max   | min | max |   Type  |
        +-----------------------------------+------------------------+---------+---------+----------+----------+-----+-----+---------+
        |grp_p_hls_fptosi_float_i32_fu_484  |p_hls_fptosi_float_i32  |        1|        1|  4.000 ns|  4.000 ns|    1|    1|      yes|
        |grp_p_hls_fptosi_float_i32_fu_489  |p_hls_fptosi_float_i32  |        1|        1|  4.000 ns|  4.000 ns|    1|    1|      yes|
        +-----------------------------------+------------------------+---------+---------+----------+----------+-----+-----+---------+

        * Loop: 
        +--------------------------------------+---------+---------+----------+-----------+-----------+------+----------+
        |                                      |  Latency (cycles) | Iteration|  Initiation Interval  | Trip |          |
        |               Loop Name              |   min   |   max   |  Latency |  achieved |   target  | Count| Pipelined|
        +--------------------------------------+---------+---------+----------+-----------+-----------+------+----------+
        |- VITIS_LOOP_109_9_VITIS_LOOP_110_10  |     7606|     7606|       109|          3|          1|  2500|       yes|
        +--------------------------------------+---------+---------+----------+-----------+-----------+------+----------+



================================================================
== Utilization Estimates
================================================================
* Summary: 
+---------------------+---------+------+---------+--------+-----+
|         Name        | BRAM_18K|  DSP |    FF   |   LUT  | URAM|
+---------------------+---------+------+---------+--------+-----+
|DSP                  |        -|     -|        -|       -|    -|
|Expression           |        -|     -|        0|    2418|    -|
|FIFO                 |        -|     -|        -|       -|    -|
|Instance             |        -|     6|     1082|     886|    -|
|Memory               |        -|     -|        -|       -|    -|
|Multiplexer          |        -|     -|        0|    1356|    -|
|Register             |        -|     -|    35788|    1568|    -|
+---------------------+---------+------+---------+--------+-----+
|Total                |        0|     6|    36870|    6228|    0|
+---------------------+---------+------+---------+--------+-----+
|Available SLR        |     1344|  2976|   871680|  435840|  320|
+---------------------+---------+------+---------+--------+-----+
|Utilization SLR (%)  |        0|    ~0|        4|       1|    0|
+---------------------+---------+------+---------+--------+-----+
|Available            |     2688|  5952|  1743360|  871680|  640|
+---------------------+---------+------+---------+--------+-----+
|Utilization (%)      |        0|    ~0|        2|      ~0|    0|
+---------------------+---------+------+---------+--------+-----+

+ Detail: 
    * Instance: 
    +-----------------------------------------+------------------------------------+---------+----+-----+-----+-----+
    |                 Instance                |               Module               | BRAM_18K| DSP|  FF | LUT | URAM|
    +-----------------------------------------+------------------------------------+---------+----+-----+-----+-----+
    |faddfsub_32ns_32ns_32_7_full_dsp_1_U106  |faddfsub_32ns_32ns_32_7_full_dsp_1  |        0|   2|  318|  198|    0|
    |faddfsub_32ns_32ns_32_7_full_dsp_1_U107  |faddfsub_32ns_32ns_32_7_full_dsp_1  |        0|   2|  318|  198|    0|
    |fcmp_32ns_32ns_1_2_no_dsp_1_U120         |fcmp_32ns_32ns_1_2_no_dsp_1         |        0|   0|    0|    0|    0|
    |fcmp_32ns_32ns_1_2_no_dsp_1_U121         |fcmp_32ns_32ns_1_2_no_dsp_1         |        0|   0|    0|    0|    0|
    |fsub_32ns_32ns_32_7_full_dsp_1_U108      |fsub_32ns_32ns_32_7_full_dsp_1      |        0|   2|  318|  198|    0|
    |mul_6ns_7ns_12_1_1_U132                  |mul_6ns_7ns_12_1_1                  |        0|   0|    0|   33|    0|
    |mul_6ns_7ns_12_1_1_U134                  |mul_6ns_7ns_12_1_1                  |        0|   0|    0|   33|    0|
    |mul_6ns_8ns_13_1_1_U125                  |mul_6ns_8ns_13_1_1                  |        0|   0|    0|   40|    0|
    |mul_6ns_8ns_13_1_1_U127                  |mul_6ns_8ns_13_1_1                  |        0|   0|    0|   40|    0|
    |mul_7ns_7ns_12_1_1_U133                  |mul_7ns_7ns_12_1_1                  |        0|   0|    0|   33|    0|
    |sitofp_32ns_32_4_no_dsp_1_U115           |sitofp_32ns_32_4_no_dsp_1           |        0|   0|    0|    0|    0|
    |sparsemux_7_2_32_1_1_U126                |sparsemux_7_2_32_1_1                |        0|   0|    0|    9|    0|
    |sparsemux_7_2_32_1_1_U128                |sparsemux_7_2_32_1_1                |        0|   0|    0|    9|    0|
    |sparsemux_7_2_32_1_1_U129                |sparsemux_7_2_32_1_1                |        0|   0|    0|    9|    0|
    |sparsemux_7_2_32_1_1_x_U130              |sparsemux_7_2_32_1_1_x              |        0|   0|    0|    9|    0|
    |sparsemux_7_2_32_1_1_x_U131              |sparsemux_7_2_32_1_1_x              |        0|   0|    0|    9|    0|
    |urem_6ns_3ns_2_10_1_U124                 |urem_6ns_3ns_2_10_1                 |        0|   0|  128|   68|    0|
    +-----------------------------------------+------------------------------------+---------+----+-----+-----+-----+
    |Total                                    |                                    |        0|   6| 1082|  886|    0|
    +-----------------------------------------+------------------------------------+---------+----+-----+-----+-----+

    * DSP: 
    N/A

    * Memory: 
    N/A

    * FIFO: 
    N/A

    * Expression: 
    +-------------------------------------------+----------+----+---+----+------------+------------+
    |               Variable Name               | Operation| DSP| FF| LUT| Bitwidth P0| Bitwidth P1|
    +-------------------------------------------+----------+----+---+----+------------+------------+
    |add_ln109_1_fu_634_p2                      |         +|   0|  0|  19|          12|           1|
    |add_ln109_fu_682_p2                        |         +|   0|  0|  13|           6|           1|
    |add_ln110_1_fu_795_p2                      |         +|   0|  0|  17|          10|          10|
    |add_ln110_fu_663_p2                        |         +|   0|  0|  13|           6|           1|
    |add_ln111_fu_738_p2                        |         +|   0|  0|  17|          10|          10|
    |add_ln117_fu_1045_p2                       |         +|   0|  0|  19|          12|          12|
    |add_ln134_1_fu_843_p2                      |         +|   0|  0|  17|          10|          10|
    |add_ln134_2_fu_1057_p2                     |         +|   0|  0|  19|          12|          12|
    |add_ln134_3_fu_1068_p2                     |         +|   0|  0|  19|          12|          12|
    |add_ln134_4_fu_976_p2                      |         +|   0|  0|  17|          10|          10|
    |add_ln134_5_fu_1108_p2                     |         +|   0|  0|  19|          12|          12|
    |add_ln134_6_fu_935_p2                      |         +|   0|  0|  17|          10|          10|
    |add_ln134_7_fu_1085_p2                     |         +|   0|  0|  19|          12|          12|
    |add_ln134_fu_831_p2                        |         +|   0|  0|  17|          10|          10|
    |add_ln168_1_fu_2198_p2                     |         +|   0|  0|  71|          64|          64|
    |add_ln168_2_fu_2243_p2                     |         +|   0|  0|  71|          64|          64|
    |add_ln168_3_fu_2297_p2                     |         +|   0|  0|  71|          64|          64|
    |add_ln168_fu_2154_p2                       |         +|   0|  0|  71|          64|          64|
    |mul_ln111_fu_729_p2                        |         +|   0|  0|  17|          10|          10|
    |mul_ln134_1_fu_779_p2                      |         +|   0|  0|  17|          10|          10|
    |new_col_1_fu_855_p2                        |         +|   0|  0|  14|           7|           2|
    |new_col_2_fu_861_p2                        |         +|   0|  0|  13|           6|           1|
    |new_row_1_fu_764_p2                        |         +|   0|  0|  13|           6|           1|
    |new_row_fu_754_p2                          |         +|   0|  0|  14|           7|           2|
    |and_ln139_1_fu_1252_p2                     |       and|   0|  0|   2|           1|           1|
    |and_ln139_2_fu_1262_p2                     |       and|   0|  0|   2|           1|           1|
    |and_ln139_3_fu_1268_p2                     |       and|   0|  0|   2|           1|           1|
    |and_ln139_4_fu_1372_p2                     |       and|   0|  0|   2|           1|           1|
    |and_ln139_5_fu_1377_p2                     |       and|   0|  0|   2|           1|           1|
    |and_ln139_6_fu_1315_p2                     |       and|   0|  0|   2|           1|           1|
    |and_ln139_7_fu_1320_p2                     |       and|   0|  0|   2|           1|           1|
    |and_ln139_fu_1246_p2                       |       and|   0|  0|   2|           1|           1|
    |and_ln142_1_fu_1508_p2                     |       and|   0|  0|   2|           1|           1|
    |and_ln142_2_fu_1514_p2                     |       and|   0|  0|   2|           1|           1|
    |and_ln142_3_fu_1602_p2                     |       and|   0|  0|   2|           1|           1|
    |and_ln142_4_fu_1608_p2                     |       and|   0|  0|   2|           1|           1|
    |and_ln142_5_fu_1703_p2                     |       and|   0|  0|   2|           1|           1|
    |and_ln142_6_fu_1709_p2                     |       and|   0|  0|   2|           1|           1|
    |and_ln142_fu_1418_p2                       |       and|   0|  0|   2|           1|           1|
    |and_ln145_1_fu_1803_p2                     |       and|   0|  0|   2|           1|           1|
    |and_ln145_fu_1797_p2                       |       and|   0|  0|   2|           1|           1|
    |and_ln148_fu_1868_p2                       |       and|   0|  0|   2|           1|           1|
    |and_ln151_fu_1907_p2                       |       and|   0|  0|   2|           1|           1|
    |and_ln175_1_fu_1977_p2                     |       and|   0|  0|   2|           1|           1|
    |and_ln175_2_fu_2018_p2                     |       and|   0|  0|   2|           1|           1|
    |and_ln175_3_fu_2023_p2                     |       and|   0|  0|   2|           1|           1|
    |and_ln175_4_fu_2064_p2                     |       and|   0|  0|   2|           1|           1|
    |and_ln175_5_fu_2069_p2                     |       and|   0|  0|   2|           1|           1|
    |and_ln175_6_fu_2110_p2                     |       and|   0|  0|   2|           1|           1|
    |and_ln175_7_fu_2115_p2                     |       and|   0|  0|   2|           1|           1|
    |and_ln175_fu_1972_p2                       |       and|   0|  0|   2|           1|           1|
    |ap_predicate_op763_call_state106_state105  |       and|   0|  0|   2|           1|           1|
    |ap_predicate_op764_call_state106_state105  |       and|   0|  0|   2|           1|           1|
    |ap_predicate_op777_call_state107_state106  |       and|   0|  0|   2|           1|           1|
    |ap_predicate_op778_call_state107_state106  |       and|   0|  0|   2|           1|           1|
    |ap_predicate_pred1588_state107             |       and|   0|  0|   2|           1|           1|
    |ap_predicate_pred1595_state107             |       and|   0|  0|   2|           1|           1|
    |ap_predicate_pred1600_state107             |       and|   0|  0|   2|           1|           1|
    |ap_predicate_pred1615_state108             |       and|   0|  0|   2|           1|           1|
    |ap_predicate_pred1626_state108             |       and|   0|  0|   2|           1|           1|
    |ap_predicate_pred1633_state108             |       and|   0|  0|   2|           1|           1|
    |ap_predicate_pred1680_state108             |       and|   0|  0|   2|           1|           1|
    |ap_predicate_pred1699_state108             |       and|   0|  0|   2|           1|           1|
    |ap_predicate_pred1887_state109             |       and|   0|  0|   2|           1|           1|
    |ap_predicate_pred1893_state109             |       and|   0|  0|   2|           1|           1|
    |ap_predicate_pred2006_state99              |       and|   0|  0|   2|           1|           1|
    |ap_predicate_pred2023_state100             |       and|   0|  0|   2|           1|           1|
    |ap_predicate_pred2041_state102             |       and|   0|  0|   2|           1|           1|
    |ap_predicate_pred2058_state103             |       and|   0|  0|   2|           1|           1|
    |ap_predicate_pred3056_state91              |       and|   0|  0|   2|           1|           1|
    |ap_predicate_pred3115_state89              |       and|   0|  0|   2|           1|           1|
    |ap_predicate_pred3130_state89              |       and|   0|  0|   2|           1|           1|
    |ap_predicate_pred3144_state89              |       and|   0|  0|   2|           1|           1|
    |empty_77_fu_2125_p2                        |       and|   0|  0|   2|           1|           1|
    |empty_78_fu_2130_p2                        |       and|   0|  0|   2|           1|           1|
    |empty_70_fu_1014_p2                        |      icmp|   0|  0|  14|           7|           6|
    |empty_71_fu_1028_p2                        |      icmp|   0|  0|  13|           6|           5|
    |icmp_ln109_fu_628_p2                       |      icmp|   0|  0|  19|          12|          12|
    |icmp_ln110_fu_643_p2                       |      icmp|   0|  0|  13|           6|           5|
    |icmp_ln111_fu_822_p2                       |      icmp|   0|  0|  39|          32|           1|
    |icmp_ln128_1_fu_1202_p2                    |      icmp|   0|  0|  13|           6|           5|
    |icmp_ln128_fu_1326_p2                      |      icmp|   0|  0|  14|           7|           6|
    |icmp_ln139_1_fu_1230_p2                    |      icmp|   0|  0|  30|          23|           1|
    |icmp_ln139_2_fu_1153_p2                    |      icmp|   0|  0|  15|           8|           2|
    |icmp_ln139_3_fu_1159_p2                    |      icmp|   0|  0|  30|          23|           1|
    |icmp_ln139_4_fu_1190_p2                    |      icmp|   0|  0|  15|           8|           2|
    |icmp_ln139_5_fu_1196_p2                    |      icmp|   0|  0|  30|          23|           1|
    |icmp_ln139_6_fu_1356_p2                    |      icmp|   0|  0|  15|           8|           2|
    |icmp_ln139_7_fu_1362_p2                    |      icmp|   0|  0|  30|          23|           1|
    |icmp_ln139_8_fu_1299_p2                    |      icmp|   0|  0|  15|           8|           2|
    |icmp_ln139_9_fu_1305_p2                    |      icmp|   0|  0|  30|          23|           1|
    |icmp_ln139_fu_1224_p2                      |      icmp|   0|  0|  15|           8|           2|
    |icmp_ln142_10_fu_1667_p2                   |      icmp|   0|  0|  15|           8|           2|
    |icmp_ln142_11_fu_1673_p2                   |      icmp|   0|  0|  30|          23|           1|
    |icmp_ln142_12_fu_1685_p2                   |      icmp|   0|  0|  15|           8|           2|
    |icmp_ln142_13_fu_1691_p2                   |      icmp|   0|  0|  30|          23|           1|
    |icmp_ln142_1_fu_1406_p2                    |      icmp|   0|  0|  30|          23|           1|
    |icmp_ln142_2_fu_1472_p2                    |      icmp|   0|  0|  15|           8|           2|
    |icmp_ln142_3_fu_1478_p2                    |      icmp|   0|  0|  30|          23|           1|
    |icmp_ln142_4_fu_1490_p2                    |      icmp|   0|  0|  15|           8|           2|
    |icmp_ln142_5_fu_1496_p2                    |      icmp|   0|  0|  30|          23|           1|
    |icmp_ln142_6_fu_1566_p2                    |      icmp|   0|  0|  15|           8|           2|
    |icmp_ln142_7_fu_1572_p2                    |      icmp|   0|  0|  30|          23|           1|
    |icmp_ln142_8_fu_1584_p2                    |      icmp|   0|  0|  15|           8|           2|
    |icmp_ln142_9_fu_1590_p2                    |      icmp|   0|  0|  30|          23|           1|
    |icmp_ln142_fu_1400_p2                      |      icmp|   0|  0|  15|           8|           2|
    |icmp_ln145_1_fu_1767_p2                    |      icmp|   0|  0|  30|          23|           1|
    |icmp_ln145_2_fu_1779_p2                    |      icmp|   0|  0|  15|           8|           2|
    |icmp_ln145_3_fu_1785_p2                    |      icmp|   0|  0|  30|          23|           1|
    |icmp_ln145_fu_1761_p2                      |      icmp|   0|  0|  15|           8|           2|
    |icmp_ln148_1_fu_1856_p2                    |      icmp|   0|  0|  30|          23|           1|
    |icmp_ln148_fu_1850_p2                      |      icmp|   0|  0|  15|           8|           2|
    |icmp_ln151_1_fu_1897_p2                    |      icmp|   0|  0|  59|          52|           1|
    |icmp_ln151_fu_1891_p2                      |      icmp|   0|  0|  18|          11|           2|
    |icmp_ln175_1_fu_1960_p2                    |      icmp|   0|  0|  30|          23|           1|
    |icmp_ln175_2_fu_2000_p2                    |      icmp|   0|  0|  15|           8|           2|
    |icmp_ln175_3_fu_2006_p2                    |      icmp|   0|  0|  30|          23|           1|
    |icmp_ln175_4_fu_2046_p2                    |      icmp|   0|  0|  15|           8|           2|
    |icmp_ln175_5_fu_2052_p2                    |      icmp|   0|  0|  30|          23|           1|
    |icmp_ln175_6_fu_2092_p2                    |      icmp|   0|  0|  15|           8|           2|
    |icmp_ln175_7_fu_2098_p2                    |      icmp|   0|  0|  30|          23|           1|
    |icmp_ln175_fu_1954_p2                      |      icmp|   0|  0|  15|           8|           2|
    |notlhs178_fu_1925_p2                       |      icmp|   0|  0|  15|           8|           2|
    |notrhs179_fu_1931_p2                       |      icmp|   0|  0|  30|          23|           1|
    |empty_76_fu_2121_p2                        |        or|   0|  0|   2|           1|           1|
    |or_ln139_1_fu_1242_p2                      |        or|   0|  0|   2|           1|           1|
    |or_ln139_2_fu_1258_p2                      |        or|   0|  0|   2|           1|           1|
    |or_ln139_3_fu_1368_p2                      |        or|   0|  0|   2|           1|           1|
    |or_ln139_4_fu_1311_p2                      |        or|   0|  0|   2|           1|           1|
    |or_ln139_fu_1236_p2                        |        or|   0|  0|   2|           1|           1|
    |or_ln142_1_fu_1484_p2                      |        or|   0|  0|   2|           1|           1|
    |or_ln142_2_fu_1502_p2                      |        or|   0|  0|   2|           1|           1|
    |or_ln142_3_fu_1578_p2                      |        or|   0|  0|   2|           1|           1|
    |or_ln142_4_fu_1596_p2                      |        or|   0|  0|   2|           1|           1|
    |or_ln142_5_fu_1679_p2                      |        or|   0|  0|   2|           1|           1|
    |or_ln142_6_fu_1697_p2                      |        or|   0|  0|   2|           1|           1|
    |or_ln142_fu_1412_p2                        |        or|   0|  0|   2|           1|           1|
    |or_ln145_1_fu_1791_p2                      |        or|   0|  0|   2|           1|           1|
    |or_ln145_fu_1773_p2                        |        or|   0|  0|   2|           1|           1|
    |or_ln148_fu_1862_p2                        |        or|   0|  0|   2|           1|           1|
    |or_ln151_fu_1903_p2                        |        or|   0|  0|   2|           1|           1|
    |or_ln175_1_fu_2012_p2                      |        or|   0|  0|   2|           1|           1|
    |or_ln175_2_fu_2058_p2                      |        or|   0|  0|   2|           1|           1|
    |or_ln175_3_fu_2104_p2                      |        or|   0|  0|   2|           1|           1|
    |or_ln175_fu_1966_p2                        |        or|   0|  0|   2|           1|           1|
    |my_spillage_level_1_fu_1431_p3             |    select|   0|  0|  32|           1|          32|
    |my_spillage_level_2_fu_1520_p3             |    select|   0|  0|  32|           1|          32|
    |my_spillage_level_3_fu_1526_p3             |    select|   0|  0|  32|           1|          32|
    |my_spillage_level_4_fu_1614_p3             |    select|   0|  0|  32|           1|          32|
    |my_spillage_level_5_fu_1620_p3             |    select|   0|  0|  32|           1|          32|
    |my_spillage_level_6_fu_1715_p3             |    select|   0|  0|  32|           1|          32|
    |my_spillage_level_7_fu_1721_p3             |    select|   0|  0|  32|           1|          32|
    |my_spillage_level_8_fu_1809_p3             |    select|   0|  0|  32|           1|          32|
    |my_spillage_level_fu_1424_p3               |    select|   0|  0|  32|           1|           1|
    |neighbor_height_1_fu_1128_p3               |    select|   0|  0|  32|           1|          32|
    |neighbor_height_3_fu_1165_p3               |    select|   0|  0|  32|           1|          32|
    |neighbor_height_5_fu_1331_p3               |    select|   0|  0|  32|           1|          32|
    |neighbor_height_7_fu_1274_p3               |    select|   0|  0|  32|           1|          32|
    |select_ln109_fu_688_p3                     |    select|   0|  0|   6|           1|           6|
    |select_ln52_fu_649_p3                      |    select|   0|  0|   6|           1|           1|
    |sum_diff_1_fu_1626_p3                      |    select|   0|  0|  32|           1|          32|
    |sum_diff_3_fu_1815_p3                      |    select|   0|  0|  32|           1|          32|
    |sum_diff_5_fu_1821_p3                      |    select|   0|  0|  32|           1|          32|
    |sum_diff_7_fu_1827_p3                      |    select|   0|  0|  32|           1|          32|
    |ap_enable_pp0                              |       xor|   0|  0|   2|           1|           2|
    +-------------------------------------------+----------+----+---+----+------------+------------+
    |Total                                      |          |   0|  0|2418|        1297|        1102|
    +-------------------------------------------+----------+----+---+----+------------+------------+

    * Multiplexer: 
    +----------------------------------------+----+-----------+-----+-----------+
    |                  Name                  | LUT| Input Size| Bits| Total Bits|
    +----------------------------------------+----+-----------+-----+-----------+
    |ap_NS_fsm                               |  20|          4|    1|          4|
    |ap_done_int                             |   9|          2|    1|          2|
    |ap_enable_reg_pp0_iter0                 |   9|          2|    1|          2|
    |ap_enable_reg_pp0_iter35                |   9|          2|    1|          2|
    |ap_enable_reg_pp0_iter36                |   9|          2|    1|          2|
    |ap_loop_exit_ready_pp0_iter10_reg       |   9|          2|    1|          2|
    |ap_loop_exit_ready_pp0_iter11_reg       |   9|          2|    1|          2|
    |ap_loop_exit_ready_pp0_iter12_reg       |   9|          2|    1|          2|
    |ap_loop_exit_ready_pp0_iter13_reg       |   9|          2|    1|          2|
    |ap_loop_exit_ready_pp0_iter14_reg       |   9|          2|    1|          2|
    |ap_loop_exit_ready_pp0_iter15_reg       |   9|          2|    1|          2|
    |ap_loop_exit_ready_pp0_iter16_reg       |   9|          2|    1|          2|
    |ap_loop_exit_ready_pp0_iter17_reg       |   9|          2|    1|          2|
    |ap_loop_exit_ready_pp0_iter18_reg       |   9|          2|    1|          2|
    |ap_loop_exit_ready_pp0_iter19_reg       |   9|          2|    1|          2|
    |ap_loop_exit_ready_pp0_iter1_reg        |   9|          2|    1|          2|
    |ap_loop_exit_ready_pp0_iter20_reg       |   9|          2|    1|          2|
    |ap_loop_exit_ready_pp0_iter21_reg       |   9|          2|    1|          2|
    |ap_loop_exit_ready_pp0_iter22_reg       |   9|          2|    1|          2|
    |ap_loop_exit_ready_pp0_iter23_reg       |   9|          2|    1|          2|
    |ap_loop_exit_ready_pp0_iter24_reg       |   9|          2|    1|          2|
    |ap_loop_exit_ready_pp0_iter25_reg       |   9|          2|    1|          2|
    |ap_loop_exit_ready_pp0_iter26_reg       |   9|          2|    1|          2|
    |ap_loop_exit_ready_pp0_iter27_reg       |   9|          2|    1|          2|
    |ap_loop_exit_ready_pp0_iter28_reg       |   9|          2|    1|          2|
    |ap_loop_exit_ready_pp0_iter29_reg       |   9|          2|    1|          2|
    |ap_loop_exit_ready_pp0_iter2_reg        |   9|          2|    1|          2|
    |ap_loop_exit_ready_pp0_iter30_reg       |   9|          2|    1|          2|
    |ap_loop_exit_ready_pp0_iter31_reg       |   9|          2|    1|          2|
    |ap_loop_exit_ready_pp0_iter32_reg       |   9|          2|    1|          2|
    |ap_loop_exit_ready_pp0_iter33_reg       |   9|          2|    1|          2|
    |ap_loop_exit_ready_pp0_iter34_reg       |   9|          2|    1|          2|
    |ap_loop_exit_ready_pp0_iter35_reg       |   9|          2|    1|          2|
    |ap_loop_exit_ready_pp0_iter3_reg        |   9|          2|    1|          2|
    |ap_loop_exit_ready_pp0_iter4_reg        |   9|          2|    1|          2|
    |ap_loop_exit_ready_pp0_iter5_reg        |   9|          2|    1|          2|
    |ap_loop_exit_ready_pp0_iter6_reg        |   9|          2|    1|          2|
    |ap_loop_exit_ready_pp0_iter7_reg        |   9|          2|    1|          2|
    |ap_loop_exit_ready_pp0_iter8_reg        |   9|          2|    1|          2|
    |ap_loop_exit_ready_pp0_iter9_reg        |   9|          2|    1|          2|
    |ap_phi_mux_empty_72_phi_fu_474_p6       |   9|          2|  416|        832|
    |ap_phi_mux_empty_73_phi_fu_460_p6       |  14|          3|  416|       1248|
    |ap_phi_reg_pp0_iter35_empty_74_reg_446  |  14|          3|  416|       1248|
    |ap_phi_reg_pp0_iter36_empty_72_reg_471  |   9|          2|  416|        832|
    |ap_sig_allocacmp_indvar_flatten9_load   |   9|          2|   12|         24|
    |ap_sig_allocacmp_new_col_load           |   9|          2|    6|         12|
    |empty_69_fu_160                         |  14|          3|  416|       1248|
    |empty_73_reg_457                        |  14|          3|  416|       1248|
    |grp_fu_494_p0                           |  20|          4|   32|        128|
    |grp_fu_494_p1                           |  20|          4|   32|        128|
    |grp_fu_498_opcode                       |  14|          3|    2|          6|
    |grp_fu_498_p0                           |  20|          4|   32|        128|
    |grp_fu_498_p1                           |  20|          4|   32|        128|
    |grp_fu_502_opcode                       |  14|          3|    2|          6|
    |grp_fu_502_p0                           |  20|          4|   32|        128|
    |grp_fu_502_p1                           |  20|          4|   32|        128|
    |grp_fu_506_opcode                       |  14|          3|    2|          6|
    |grp_fu_506_p0                           |  20|          4|   32|        128|
    |grp_fu_506_p1                           |  20|          4|   32|        128|
    |grp_fu_511_opcode                       |  14|          3|    2|          6|
    |grp_fu_511_p0                           |  20|          4|   32|        128|
    |grp_fu_511_p1                           |  20|          4|   32|        128|
    |grp_fu_515_p0                           |  20|          4|   32|        128|
    |grp_fu_515_p1                           |  20|          4|   32|        128|
    |grp_fu_519_p0                           |  14|          3|   32|         96|
    |grp_fu_519_p1                           |  20|          4|   32|        128|
    |grp_fu_523_p0                           |  14|          3|   32|         96|
    |grp_fu_523_p1                           |  14|          3|   32|         96|
    |grp_fu_528_p0                           |  14|          3|   32|         96|
    |grp_fu_528_p1                           |  14|          3|   32|         96|
    |grp_fu_533_p0                           |  20|          4|   32|        128|
    |grp_fu_538_p0                           |  20|          4|   32|        128|
    |grp_fu_538_p1                           |  14|          3|   32|         96|
    |grp_fu_543_p0                           |  20|          4|   32|        128|
    |grp_fu_546_p0                           |  14|          3|   32|         96|
    |grp_fu_552_opcode                       |  14|          3|    5|         15|
    |grp_fu_552_p0                           |  14|          3|   32|         96|
    |grp_fu_552_p1                           |  20|          4|   32|        128|
    |grp_fu_556_opcode                       |  14|          3|    5|         15|
    |grp_fu_556_p0                           |  20|          4|   32|        128|
    |grp_fu_556_p1                           |  20|          4|   32|        128|
    |grp_fu_560_opcode                       |  20|          4|    5|         20|
    |grp_fu_560_p0                           |  20|          4|   32|        128|
    |grp_fu_560_p1                           |  20|          4|   32|        128|
    |grp_fu_565_opcode                       |  20|          4|    5|         20|
    |grp_fu_565_p0                           |  20|          4|   32|        128|
    |grp_fu_565_p1                           |  20|          4|   32|        128|
    |grp_fu_570_p0                           |  14|          3|   32|         96|
    |grp_fu_570_p1                           |  20|          4|   32|        128|
    |indvar_flatten9_fu_156                  |   9|          2|   12|         24|
    |new_col_fu_148                          |   9|          2|    6|         12|
    |new_row_2_fu_152                        |   9|          2|    6|         12|
    |p_ground_address0_local                 |  20|          4|   12|         48|
    |p_ground_address1_local                 |  14|          3|   12|         36|
    |water_level_1_address0_local            |  20|          4|   10|         40|
    |water_level_1_address1_local            |  14|          3|   10|         30|
    |water_level_2_address0_local            |  20|          4|   10|         40|
    |water_level_2_address1_local            |  14|          3|   10|         30|
    |water_level_address0_local              |  20|          4|   10|         40|
    |water_level_address1_local              |  14|          3|   10|         30|
    +----------------------------------------+----+-----------+-----+-----------+
    |Total                                   |1356|        285| 3746|      11146|
    +----------------------------------------+----+-----------+-----+-----------+

    * Register: 
    +------------------------------------------------+-----+----+-----+-----------+
    |                      Name                      |  FF | LUT| Bits| Const Bits|
    +------------------------------------------------+-----+----+-----+-----------+
    |add_ln134_3_reg_2658                            |   12|   0|   12|          0|
    |add_ln134_4_reg_2561                            |   10|   0|   10|          0|
    |add_ln168_2_reg_3137                            |   64|   0|   64|          0|
    |and_ln139_1_reg_2861                            |    1|   0|    1|          0|
    |and_ln139_3_reg_2867                            |    1|   0|    1|          0|
    |and_ln139_5_reg_2924                            |    1|   0|    1|          0|
    |and_ln139_7_reg_2889                            |    1|   0|    1|          0|
    |and_ln148_reg_3024                              |    1|   0|    1|          0|
    |and_ln151_reg_3052                              |    1|   0|    1|          0|
    |and_ln175_1_reg_3066                            |    1|   0|    1|          0|
    |and_ln175_3_reg_3070                            |    1|   0|    1|          0|
    |and_ln175_5_reg_3074                            |    1|   0|    1|          0|
    |and_ln175_7_reg_3078                            |    1|   0|    1|          0|
    |ap_CS_fsm                                       |    3|   0|    3|          0|
    |ap_done_reg                                     |    1|   0|    1|          0|
    |ap_enable_reg_pp0_iter0_reg                     |    1|   0|    1|          0|
    |ap_enable_reg_pp0_iter1                         |    1|   0|    1|          0|
    |ap_enable_reg_pp0_iter10                        |    1|   0|    1|          0|
    |ap_enable_reg_pp0_iter11                        |    1|   0|    1|          0|
    |ap_enable_reg_pp0_iter12                        |    1|   0|    1|          0|
    |ap_enable_reg_pp0_iter13                        |    1|   0|    1|          0|
    |ap_enable_reg_pp0_iter14                        |    1|   0|    1|          0|
    |ap_enable_reg_pp0_iter15                        |    1|   0|    1|          0|
    |ap_enable_reg_pp0_iter16                        |    1|   0|    1|          0|
    |ap_enable_reg_pp0_iter17                        |    1|   0|    1|          0|
    |ap_enable_reg_pp0_iter18                        |    1|   0|    1|          0|
    |ap_enable_reg_pp0_iter19                        |    1|   0|    1|          0|
    |ap_enable_reg_pp0_iter2                         |    1|   0|    1|          0|
    |ap_enable_reg_pp0_iter20                        |    1|   0|    1|          0|
    |ap_enable_reg_pp0_iter21                        |    1|   0|    1|          0|
    |ap_enable_reg_pp0_iter22                        |    1|   0|    1|          0|
    |ap_enable_reg_pp0_iter23                        |    1|   0|    1|          0|
    |ap_enable_reg_pp0_iter24                        |    1|   0|    1|          0|
    |ap_enable_reg_pp0_iter25                        |    1|   0|    1|          0|
    |ap_enable_reg_pp0_iter26                        |    1|   0|    1|          0|
    |ap_enable_reg_pp0_iter27                        |    1|   0|    1|          0|
    |ap_enable_reg_pp0_iter28                        |    1|   0|    1|          0|
    |ap_enable_reg_pp0_iter29                        |    1|   0|    1|          0|
    |ap_enable_reg_pp0_iter3                         |    1|   0|    1|          0|
    |ap_enable_reg_pp0_iter30                        |    1|   0|    1|          0|
    |ap_enable_reg_pp0_iter31                        |    1|   0|    1|          0|
    |ap_enable_reg_pp0_iter32                        |    1|   0|    1|          0|
    |ap_enable_reg_pp0_iter33                        |    1|   0|    1|          0|
    |ap_enable_reg_pp0_iter34                        |    1|   0|    1|          0|
    |ap_enable_reg_pp0_iter35                        |    1|   0|    1|          0|
    |ap_enable_reg_pp0_iter36                        |    1|   0|    1|          0|
    |ap_enable_reg_pp0_iter4                         |    1|   0|    1|          0|
    |ap_enable_reg_pp0_iter5                         |    1|   0|    1|          0|
    |ap_enable_reg_pp0_iter6                         |    1|   0|    1|          0|
    |ap_enable_reg_pp0_iter7                         |    1|   0|    1|          0|
    |ap_enable_reg_pp0_iter8                         |    1|   0|    1|          0|
    |ap_enable_reg_pp0_iter9                         |    1|   0|    1|          0|
    |ap_loop_exit_ready_pp0_iter10_reg               |    1|   0|    1|          0|
    |ap_loop_exit_ready_pp0_iter11_reg               |    1|   0|    1|          0|
    |ap_loop_exit_ready_pp0_iter12_reg               |    1|   0|    1|          0|
    |ap_loop_exit_ready_pp0_iter13_reg               |    1|   0|    1|          0|
    |ap_loop_exit_ready_pp0_iter14_reg               |    1|   0|    1|          0|
    |ap_loop_exit_ready_pp0_iter15_reg               |    1|   0|    1|          0|
    |ap_loop_exit_ready_pp0_iter16_reg               |    1|   0|    1|          0|
    |ap_loop_exit_ready_pp0_iter17_reg               |    1|   0|    1|          0|
    |ap_loop_exit_ready_pp0_iter18_reg               |    1|   0|    1|          0|
    |ap_loop_exit_ready_pp0_iter19_reg               |    1|   0|    1|          0|
    |ap_loop_exit_ready_pp0_iter1_reg                |    1|   0|    1|          0|
    |ap_loop_exit_ready_pp0_iter20_reg               |    1|   0|    1|          0|
    |ap_loop_exit_ready_pp0_iter21_reg               |    1|   0|    1|          0|
    |ap_loop_exit_ready_pp0_iter22_reg               |    1|   0|    1|          0|
    |ap_loop_exit_ready_pp0_iter23_reg               |    1|   0|    1|          0|
    |ap_loop_exit_ready_pp0_iter24_reg               |    1|   0|    1|          0|
    |ap_loop_exit_ready_pp0_iter25_reg               |    1|   0|    1|          0|
    |ap_loop_exit_ready_pp0_iter26_reg               |    1|   0|    1|          0|
    |ap_loop_exit_ready_pp0_iter27_reg               |    1|   0|    1|          0|
    |ap_loop_exit_ready_pp0_iter28_reg               |    1|   0|    1|          0|
    |ap_loop_exit_ready_pp0_iter29_reg               |    1|   0|    1|          0|
    |ap_loop_exit_ready_pp0_iter2_reg                |    1|   0|    1|          0|
    |ap_loop_exit_ready_pp0_iter30_reg               |    1|   0|    1|          0|
    |ap_loop_exit_ready_pp0_iter31_reg               |    1|   0|    1|          0|
    |ap_loop_exit_ready_pp0_iter32_reg               |    1|   0|    1|          0|
    |ap_loop_exit_ready_pp0_iter33_reg               |    1|   0|    1|          0|
    |ap_loop_exit_ready_pp0_iter34_reg               |    1|   0|    1|          0|
    |ap_loop_exit_ready_pp0_iter35_reg               |    1|   0|    1|          0|
    |ap_loop_exit_ready_pp0_iter3_reg                |    1|   0|    1|          0|
    |ap_loop_exit_ready_pp0_iter4_reg                |    1|   0|    1|          0|
    |ap_loop_exit_ready_pp0_iter5_reg                |    1|   0|    1|          0|
    |ap_loop_exit_ready_pp0_iter6_reg                |    1|   0|    1|          0|
    |ap_loop_exit_ready_pp0_iter7_reg                |    1|   0|    1|          0|
    |ap_loop_exit_ready_pp0_iter8_reg                |    1|   0|    1|          0|
    |ap_loop_exit_ready_pp0_iter9_reg                |    1|   0|    1|          0|
    |ap_phi_reg_pp0_iter10_empty_72_reg_471          |  416|   0|  416|          0|
    |ap_phi_reg_pp0_iter10_empty_74_reg_446          |  416|   0|  416|          0|
    |ap_phi_reg_pp0_iter11_empty_72_reg_471          |  416|   0|  416|          0|
    |ap_phi_reg_pp0_iter11_empty_74_reg_446          |  416|   0|  416|          0|
    |ap_phi_reg_pp0_iter12_empty_72_reg_471          |  416|   0|  416|          0|
    |ap_phi_reg_pp0_iter12_empty_74_reg_446          |  416|   0|  416|          0|
    |ap_phi_reg_pp0_iter13_empty_72_reg_471          |  416|   0|  416|          0|
    |ap_phi_reg_pp0_iter13_empty_74_reg_446          |  416|   0|  416|          0|
    |ap_phi_reg_pp0_iter14_empty_72_reg_471          |  416|   0|  416|          0|
    |ap_phi_reg_pp0_iter14_empty_74_reg_446          |  416|   0|  416|          0|
    |ap_phi_reg_pp0_iter15_empty_72_reg_471          |  416|   0|  416|          0|
    |ap_phi_reg_pp0_iter15_empty_74_reg_446          |  416|   0|  416|          0|
    |ap_phi_reg_pp0_iter16_empty_72_reg_471          |  416|   0|  416|          0|
    |ap_phi_reg_pp0_iter16_empty_74_reg_446          |  416|   0|  416|          0|
    |ap_phi_reg_pp0_iter17_empty_72_reg_471          |  416|   0|  416|          0|
    |ap_phi_reg_pp0_iter17_empty_74_reg_446          |  416|   0|  416|          0|
    |ap_phi_reg_pp0_iter18_empty_72_reg_471          |  416|   0|  416|          0|
    |ap_phi_reg_pp0_iter18_empty_74_reg_446          |  416|   0|  416|          0|
    |ap_phi_reg_pp0_iter19_empty_72_reg_471          |  416|   0|  416|          0|
    |ap_phi_reg_pp0_iter19_empty_74_reg_446          |  416|   0|  416|          0|
    |ap_phi_reg_pp0_iter1_empty_72_reg_471           |  416|   0|  416|          0|
    |ap_phi_reg_pp0_iter1_empty_74_reg_446           |  416|   0|  416|          0|
    |ap_phi_reg_pp0_iter20_empty_72_reg_471          |  416|   0|  416|          0|
    |ap_phi_reg_pp0_iter20_empty_74_reg_446          |  416|   0|  416|          0|
    |ap_phi_reg_pp0_iter21_empty_72_reg_471          |  416|   0|  416|          0|
    |ap_phi_reg_pp0_iter21_empty_74_reg_446          |  416|   0|  416|          0|
    |ap_phi_reg_pp0_iter22_empty_72_reg_471          |  416|   0|  416|          0|
    |ap_phi_reg_pp0_iter22_empty_74_reg_446          |  416|   0|  416|          0|
    |ap_phi_reg_pp0_iter23_empty_72_reg_471          |  416|   0|  416|          0|
    |ap_phi_reg_pp0_iter23_empty_74_reg_446          |  416|   0|  416|          0|
    |ap_phi_reg_pp0_iter24_empty_72_reg_471          |  416|   0|  416|          0|
    |ap_phi_reg_pp0_iter24_empty_74_reg_446          |  416|   0|  416|          0|
    |ap_phi_reg_pp0_iter25_empty_72_reg_471          |  416|   0|  416|          0|
    |ap_phi_reg_pp0_iter25_empty_74_reg_446          |  416|   0|  416|          0|
    |ap_phi_reg_pp0_iter26_empty_72_reg_471          |  416|   0|  416|          0|
    |ap_phi_reg_pp0_iter26_empty_74_reg_446          |  416|   0|  416|          0|
    |ap_phi_reg_pp0_iter27_empty_72_reg_471          |  416|   0|  416|          0|
    |ap_phi_reg_pp0_iter27_empty_74_reg_446          |  416|   0|  416|          0|
    |ap_phi_reg_pp0_iter28_empty_72_reg_471          |  416|   0|  416|          0|
    |ap_phi_reg_pp0_iter28_empty_74_reg_446          |  416|   0|  416|          0|
    |ap_phi_reg_pp0_iter29_empty_72_reg_471          |  416|   0|  416|          0|
    |ap_phi_reg_pp0_iter29_empty_74_reg_446          |  416|   0|  416|          0|
    |ap_phi_reg_pp0_iter2_empty_72_reg_471           |  416|   0|  416|          0|
    |ap_phi_reg_pp0_iter2_empty_74_reg_446           |  416|   0|  416|          0|
    |ap_phi_reg_pp0_iter30_empty_72_reg_471          |  416|   0|  416|          0|
    |ap_phi_reg_pp0_iter30_empty_74_reg_446          |  416|   0|  416|          0|
    |ap_phi_reg_pp0_iter31_empty_72_reg_471          |  416|   0|  416|          0|
    |ap_phi_reg_pp0_iter31_empty_74_reg_446          |  416|   0|  416|          0|
    |ap_phi_reg_pp0_iter32_empty_72_reg_471          |  416|   0|  416|          0|
    |ap_phi_reg_pp0_iter32_empty_74_reg_446          |  416|   0|  416|          0|
    |ap_phi_reg_pp0_iter33_empty_72_reg_471          |  416|   0|  416|          0|
    |ap_phi_reg_pp0_iter33_empty_74_reg_446          |  416|   0|  416|          0|
    |ap_phi_reg_pp0_iter34_empty_72_reg_471          |  416|   0|  416|          0|
    |ap_phi_reg_pp0_iter34_empty_74_reg_446          |  416|   0|  416|          0|
    |ap_phi_reg_pp0_iter35_empty_72_reg_471          |  416|   0|  416|          0|
    |ap_phi_reg_pp0_iter35_empty_74_reg_446          |  416|   0|  416|          0|
    |ap_phi_reg_pp0_iter36_empty_72_reg_471          |  416|   0|  416|          0|
    |ap_phi_reg_pp0_iter3_empty_72_reg_471           |  416|   0|  416|          0|
    |ap_phi_reg_pp0_iter3_empty_74_reg_446           |  416|   0|  416|          0|
    |ap_phi_reg_pp0_iter4_empty_72_reg_471           |  416|   0|  416|          0|
    |ap_phi_reg_pp0_iter4_empty_74_reg_446           |  416|   0|  416|          0|
    |ap_phi_reg_pp0_iter5_empty_72_reg_471           |  416|   0|  416|          0|
    |ap_phi_reg_pp0_iter5_empty_74_reg_446           |  416|   0|  416|          0|
    |ap_phi_reg_pp0_iter6_empty_72_reg_471           |  416|   0|  416|          0|
    |ap_phi_reg_pp0_iter6_empty_74_reg_446           |  416|   0|  416|          0|
    |ap_phi_reg_pp0_iter7_empty_72_reg_471           |  416|   0|  416|          0|
    |ap_phi_reg_pp0_iter7_empty_74_reg_446           |  416|   0|  416|          0|
    |ap_phi_reg_pp0_iter8_empty_72_reg_471           |  416|   0|  416|          0|
    |ap_phi_reg_pp0_iter8_empty_74_reg_446           |  416|   0|  416|          0|
    |ap_phi_reg_pp0_iter9_empty_72_reg_471           |  416|   0|  416|          0|
    |ap_phi_reg_pp0_iter9_empty_74_reg_446           |  416|   0|  416|          0|
    |ap_predicate_pred1588_state107                  |    1|   0|    1|          0|
    |ap_predicate_pred1595_state107                  |    1|   0|    1|          0|
    |ap_predicate_pred1600_state107                  |    1|   0|    1|          0|
    |ap_predicate_pred1615_state108                  |    1|   0|    1|          0|
    |ap_predicate_pred1626_state108                  |    1|   0|    1|          0|
    |ap_predicate_pred1633_state108                  |    1|   0|    1|          0|
    |ap_predicate_pred1680_state108                  |    1|   0|    1|          0|
    |ap_predicate_pred1699_state108                  |    1|   0|    1|          0|
    |ap_predicate_pred1887_state109                  |    1|   0|    1|          0|
    |ap_predicate_pred1893_state109                  |    1|   0|    1|          0|
    |ap_predicate_pred2006_state99                   |    1|   0|    1|          0|
    |ap_predicate_pred2023_state100                  |    1|   0|    1|          0|
    |ap_predicate_pred2041_state102                  |    1|   0|    1|          0|
    |ap_predicate_pred2058_state103                  |    1|   0|    1|          0|
    |ap_predicate_pred3056_state91                   |    1|   0|    1|          0|
    |ap_predicate_pred3115_state89                   |    1|   0|    1|          0|
    |ap_predicate_pred3130_state89                   |    1|   0|    1|          0|
    |ap_predicate_pred3144_state89                   |    1|   0|    1|          0|
    |conv300_1_reg_2591                              |   32|   0|   32|          0|
    |conv300_2_reg_2606                              |   32|   0|   32|          0|
    |conv300_3_reg_2601                              |   32|   0|   32|          0|
    |conv3_reg_2566                                  |   32|   0|   32|          0|
    |conv4_reg_2586                                  |   32|   0|   32|          0|
    |conv6_reg_3036                                  |   64|   0|   64|          0|
    |current_height_reg_2774                         |   32|   0|   32|          0|
    |div301_1_reg_2714                               |   32|   0|   32|          0|
    |div301_2_reg_2764                               |   32|   0|   32|          0|
    |div301_3_reg_2739                               |   32|   0|   32|          0|
    |div4_reg_2704                                   |   32|   0|   32|          0|
    |div7_reg_3116                                   |   32|   0|   32|          0|
    |div9_reg_2675                                   |   32|   0|   32|          0|
    |empty_69_fu_160                                 |  416|   0|  416|          0|
    |empty_70_reg_2618                               |    1|   0|    1|          0|
    |empty_71_reg_2628                               |    1|   0|    1|          0|
    |empty_73_reg_457                                |  416|   0|  416|          0|
    |empty_78_reg_3082                               |    1|   0|    1|          0|
    |grp_p_hls_fptosi_float_i32_fu_484_ap_start_reg  |    1|   0|    1|          0|
    |grp_p_hls_fptosi_float_i32_fu_489_ap_start_reg  |    1|   0|    1|          0|
    |height_diff_1_reg_2938                          |   32|   0|   32|          0|
    |height_diff_2_reg_2970                          |   32|   0|   32|          0|
    |height_diff_3_reg_2946                          |   32|   0|   32|          0|
    |height_diff_reg_2930                            |   32|   0|   32|          0|
    |icmp_ln109_reg_2362                             |    1|   0|    1|          0|
    |icmp_ln110_reg_2366                             |    1|   0|    1|          0|
    |icmp_ln111_reg_2469                             |    1|   0|    1|          0|
    |icmp_ln128_1_reg_2837                           |    1|   0|    1|          0|
    |icmp_ln128_reg_2895                             |    1|   0|    1|          0|
    |icmp_ln139_2_reg_2811                           |    1|   0|    1|          0|
    |icmp_ln139_3_reg_2816                           |    1|   0|    1|          0|
    |icmp_ln139_4_reg_2827                           |    1|   0|    1|          0|
    |icmp_ln139_5_reg_2832                           |    1|   0|    1|          0|
    |icmp_ln139_6_reg_2914                           |    1|   0|    1|          0|
    |icmp_ln139_7_reg_2919                           |    1|   0|    1|          0|
    |icmp_ln139_8_reg_2879                           |    1|   0|    1|          0|
    |icmp_ln139_9_reg_2884                           |    1|   0|    1|          0|
    |icmp_ln151_1_reg_3047                           |    1|   0|    1|          0|
    |icmp_ln151_reg_3042                             |    1|   0|    1|          0|
    |indvar_flatten9_fu_156                          |   12|   0|   12|          0|
    |mul401_3_reg_3121                               |   32|   0|   32|          0|
    |mul7_reg_3101                                   |   32|   0|   32|          0|
    |mul_ln111_reg_2394                              |   10|   0|   10|          0|
    |mul_ln117_reg_2611                              |   12|   0|   12|          0|
    |mul_ln134_2_reg_2633                            |   12|   0|   12|          0|
    |mul_ln134_reg_2623                              |   12|   0|   12|          0|
    |my_spillage_level_1_reg_2954                    |   32|   0|   32|          0|
    |my_spillage_level_3_reg_2962                    |   32|   0|   32|          0|
    |my_spillage_level_5_reg_2978                    |   32|   0|   32|          0|
    |my_spillage_level_7_reg_2992                    |   32|   0|   32|          0|
    |my_spillage_level_8_reg_2999                    |   32|   0|   32|          0|
    |neighbor_height_2_reg_2797                      |   32|   0|   32|          0|
    |neighbor_height_4_reg_2900                      |   32|   0|   32|          0|
    |neighbor_height_6_reg_2842                      |   32|   0|   32|          0|
    |neighbor_height_8_reg_2693                      |   32|   0|   32|          0|
    |neighbor_height_reg_2789                        |   32|   0|   32|          0|
    |new_col_1_reg_2503                              |    7|   0|    7|          0|
    |new_col_2_reg_2510                              |    6|   0|    6|          0|
    |new_col_fu_148                                  |    6|   0|    6|          0|
    |new_row_1_reg_2448                              |    6|   0|    6|          0|
    |new_row_2_fu_152                                |    6|   0|    6|          0|
    |new_row_reg_2436                                |    7|   0|    7|          0|
    |notlhs178_reg_3056                              |    1|   0|    1|          0|
    |notrhs179_reg_3061                              |    1|   0|    1|          0|
    |or_ln139_reg_2850                               |    1|   0|    1|          0|
    |p_ground_load_2_reg_2709                        |   32|   0|   32|          0|
    |p_ground_load_3_reg_2759                        |   32|   0|   32|          0|
    |p_ground_load_reg_2668                          |   32|   0|   32|          0|
    |proportion_reg_3028                             |   32|   0|   32|          0|
    |reg_584                                         |   32|   0|   32|          0|
    |reg_588                                         |   32|   0|   32|          0|
    |reg_594                                         |   32|   0|   32|          0|
    |reg_601                                         |   32|   0|   32|          0|
    |select_ln109_reg_2380                           |    6|   0|    6|          0|
    |select_ln52_reg_2371                            |    6|   0|    6|          0|
    |spillage_flag_addr_reg_2643                     |   12|   0|   12|          0|
    |spillage_from_neigh_1_addr_reg_2688             |   12|   0|   12|          0|
    |spillage_from_neigh_2_addr_reg_2749             |   12|   0|   12|          0|
    |spillage_from_neigh_3_addr_reg_2724             |   12|   0|   12|          0|
    |spillage_from_neigh_addr_reg_2663               |   12|   0|   12|          0|
    |spillage_level_addr_reg_2648                    |   12|   0|   12|          0|
    |sub400_1_reg_3096                               |   32|   0|   32|          0|
    |sub400_2_reg_3106                               |   32|   0|   32|          0|
    |sub400_3_reg_3111                               |   32|   0|   32|          0|
    |sub6_reg_3086                                   |   32|   0|   32|          0|
    |sub7_reg_3091                                   |   32|   0|   32|          0|
    |sum_diff_1_reg_2986                             |   32|   0|   32|          0|
    |sum_diff_3_reg_3005                             |   32|   0|   32|          0|
    |sum_diff_5_reg_3011                             |   32|   0|   32|          0|
    |sum_diff_7_reg_3017                             |   32|   0|   32|          0|
    |tmp_11_reg_2556                                 |   32|   0|   32|          0|
    |tmp_49_reg_2389                                 |    5|   0|    5|          0|
    |tmp_4_reg_2521                                  |   32|   0|   32|          0|
    |tmp_50_reg_2516                                 |    5|   0|    5|          0|
    |tmp_5_reg_2526                                  |   32|   0|   32|          0|
    |tmp_6_reg_2596                                  |   32|   0|   32|          0|
    |tmp_s_reg_2464                                  |   32|   0|   32|          0|
    |trunc_ln134_reg_2443                            |    6|   0|    6|          0|
    |trunc_ln52_reg_2456                             |    2|   0|    2|          0|
    |trunc_ln52_reg_2456_pp0_iter4_reg               |    2|   0|    2|          0|
    |udiv_ln1_cast_reg_2551                          |   10|   0|   10|          0|
    |water_level_1_load_reg_2426                     |   32|   0|   32|          0|
    |water_level_1_load_reg_2426_pp0_iter2_reg       |   32|   0|   32|          0|
    |water_level_2_load_reg_2431                     |   32|   0|   32|          0|
    |water_level_2_load_reg_2431_pp0_iter2_reg       |   32|   0|   32|          0|
    |water_level_load_reg_2421                       |   32|   0|   32|          0|
    |water_level_load_reg_2421_pp0_iter2_reg         |   32|   0|   32|          0|
    |zext_ln111_reg_2400                             |    5|   0|   10|          5|
    |and_ln139_1_reg_2861                            |   64|  32|    1|          0|
    |and_ln139_3_reg_2867                            |   64|  32|    1|          0|
    |and_ln139_5_reg_2924                            |   64|  32|    1|          0|
    |and_ln139_7_reg_2889                            |   64|  32|    1|          0|
    |and_ln148_reg_3024                              |   64|  32|    1|          0|
    |and_ln151_reg_3052                              |   64|  32|    1|          0|
    |and_ln175_1_reg_3066                            |   64|  32|    1|          0|
    |and_ln175_3_reg_3070                            |   64|  32|    1|          0|
    |and_ln175_5_reg_3074                            |   64|  32|    1|          0|
    |and_ln175_7_reg_3078                            |   64|  32|    1|          0|
    |current_height_reg_2774                         |   64|  32|   32|          0|
    |div9_reg_2675                                   |   64|  32|   32|          0|
    |empty_70_reg_2618                               |   64|  32|    1|          0|
    |empty_71_reg_2628                               |   64|  32|    1|          0|
    |empty_78_reg_3082                               |   64|  32|    1|          0|
    |height_diff_1_reg_2938                          |   64|  32|   32|          0|
    |height_diff_2_reg_2970                          |   64|  32|   32|          0|
    |height_diff_3_reg_2946                          |   64|  32|   32|          0|
    |icmp_ln109_reg_2362                             |   64|  32|    1|          0|
    |icmp_ln111_reg_2469                             |   64|  32|    1|          0|
    |icmp_ln128_1_reg_2837                           |   64|  32|    1|          0|
    |icmp_ln128_reg_2895                             |   64|  32|    1|          0|
    |mul_ln111_reg_2394                              |   64|  32|   10|          0|
    |mul_ln117_reg_2611                              |   64|  32|   12|          0|
    |my_spillage_level_8_reg_2999                    |   64|  32|   32|          0|
    |neighbor_height_2_reg_2797                      |   64|  32|   32|          0|
    |neighbor_height_4_reg_2900                      |   64|  32|   32|          0|
    |neighbor_height_6_reg_2842                      |   64|  32|   32|          0|
    |neighbor_height_8_reg_2693                      |   64|  32|   32|          0|
    |neighbor_height_reg_2789                        |   64|  32|   32|          0|
    |new_col_1_reg_2503                              |   64|  32|    7|          0|
    |new_col_2_reg_2510                              |   64|  32|    6|          0|
    |new_row_1_reg_2448                              |   64|  32|    6|          0|
    |new_row_reg_2436                                |   64|  32|    7|          0|
    |or_ln139_reg_2850                               |   64|  32|    1|          0|
    |p_ground_load_reg_2668                          |   64|  32|   32|          0|
    |proportion_reg_3028                             |   64|  32|   32|          0|
    |select_ln109_reg_2380                           |   64|  32|    6|          0|
    |select_ln52_reg_2371                            |   64|  32|    6|          0|
    |spillage_flag_addr_reg_2643                     |   64|  32|   12|          0|
    |spillage_from_neigh_1_addr_reg_2688             |   64|  32|   12|          0|
    |spillage_from_neigh_2_addr_reg_2749             |   64|  32|   12|          0|
    |spillage_from_neigh_3_addr_reg_2724             |   64|  32|   12|          0|
    |spillage_from_neigh_addr_reg_2663               |   64|  32|   12|          0|
    |spillage_level_addr_reg_2648                    |   64|  32|   12|          0|
    |sum_diff_1_reg_2986                             |   64|  32|   32|          0|
    |sum_diff_3_reg_3005                             |   64|  32|   32|          0|
    |sum_diff_5_reg_3011                             |   64|  32|   32|          0|
    |zext_ln111_reg_2400                             |   64|  32|   10|          5|
    +------------------------------------------------+-----+----+-----+-----------+
    |Total                                           |35788|1568|33329|         10|
    +------------------------------------------------+-----+----+-----+-----------+



================================================================
== Interface
================================================================
* Summary: 
+--------------------------------------------+-----+-----+------------+--------------------------------------------------------+--------------+
|                  RTL Ports                 | Dir | Bits|  Protocol  |                      Source Object                     |    C Type    |
+--------------------------------------------+-----+-----+------------+--------------------------------------------------------+--------------+
|ap_clk                                      |   in|    1|  ap_ctrl_hs|  do_compute_Pipeline_VITIS_LOOP_109_9_VITIS_LOOP_110_10|  return value|
|ap_rst                                      |   in|    1|  ap_ctrl_hs|  do_compute_Pipeline_VITIS_LOOP_109_9_VITIS_LOOP_110_10|  return value|
|ap_start                                    |   in|    1|  ap_ctrl_hs|  do_compute_Pipeline_VITIS_LOOP_109_9_VITIS_LOOP_110_10|  return value|
|ap_done                                     |  out|    1|  ap_ctrl_hs|  do_compute_Pipeline_VITIS_LOOP_109_9_VITIS_LOOP_110_10|  return value|
|ap_idle                                     |  out|    1|  ap_ctrl_hs|  do_compute_Pipeline_VITIS_LOOP_109_9_VITIS_LOOP_110_10|  return value|
|ap_ready                                    |  out|    1|  ap_ctrl_hs|  do_compute_Pipeline_VITIS_LOOP_109_9_VITIS_LOOP_110_10|  return value|
|grp_fu_450_p_din0                           |  out|   32|  ap_ctrl_hs|  do_compute_Pipeline_VITIS_LOOP_109_9_VITIS_LOOP_110_10|  return value|
|grp_fu_450_p_din1                           |  out|   32|  ap_ctrl_hs|  do_compute_Pipeline_VITIS_LOOP_109_9_VITIS_LOOP_110_10|  return value|
|grp_fu_450_p_opcode                         |  out|    1|  ap_ctrl_hs|  do_compute_Pipeline_VITIS_LOOP_109_9_VITIS_LOOP_110_10|  return value|
|grp_fu_450_p_dout0                          |   in|   32|  ap_ctrl_hs|  do_compute_Pipeline_VITIS_LOOP_109_9_VITIS_LOOP_110_10|  return value|
|grp_fu_450_p_ce                             |  out|    1|  ap_ctrl_hs|  do_compute_Pipeline_VITIS_LOOP_109_9_VITIS_LOOP_110_10|  return value|
|grp_fu_455_p_din0                           |  out|   32|  ap_ctrl_hs|  do_compute_Pipeline_VITIS_LOOP_109_9_VITIS_LOOP_110_10|  return value|
|grp_fu_455_p_din1                           |  out|   32|  ap_ctrl_hs|  do_compute_Pipeline_VITIS_LOOP_109_9_VITIS_LOOP_110_10|  return value|
|grp_fu_455_p_opcode                         |  out|    2|  ap_ctrl_hs|  do_compute_Pipeline_VITIS_LOOP_109_9_VITIS_LOOP_110_10|  return value|
|grp_fu_455_p_dout0                          |   in|   32|  ap_ctrl_hs|  do_compute_Pipeline_VITIS_LOOP_109_9_VITIS_LOOP_110_10|  return value|
|grp_fu_455_p_ce                             |  out|    1|  ap_ctrl_hs|  do_compute_Pipeline_VITIS_LOOP_109_9_VITIS_LOOP_110_10|  return value|
|grp_fu_459_p_din0                           |  out|   32|  ap_ctrl_hs|  do_compute_Pipeline_VITIS_LOOP_109_9_VITIS_LOOP_110_10|  return value|
|grp_fu_459_p_din1                           |  out|   32|  ap_ctrl_hs|  do_compute_Pipeline_VITIS_LOOP_109_9_VITIS_LOOP_110_10|  return value|
|grp_fu_459_p_opcode                         |  out|    2|  ap_ctrl_hs|  do_compute_Pipeline_VITIS_LOOP_109_9_VITIS_LOOP_110_10|  return value|
|grp_fu_459_p_dout0                          |   in|   32|  ap_ctrl_hs|  do_compute_Pipeline_VITIS_LOOP_109_9_VITIS_LOOP_110_10|  return value|
|grp_fu_459_p_ce                             |  out|    1|  ap_ctrl_hs|  do_compute_Pipeline_VITIS_LOOP_109_9_VITIS_LOOP_110_10|  return value|
|grp_fu_464_p_din0                           |  out|   32|  ap_ctrl_hs|  do_compute_Pipeline_VITIS_LOOP_109_9_VITIS_LOOP_110_10|  return value|
|grp_fu_464_p_din1                           |  out|   32|  ap_ctrl_hs|  do_compute_Pipeline_VITIS_LOOP_109_9_VITIS_LOOP_110_10|  return value|
|grp_fu_464_p_dout0                          |   in|   32|  ap_ctrl_hs|  do_compute_Pipeline_VITIS_LOOP_109_9_VITIS_LOOP_110_10|  return value|
|grp_fu_464_p_ce                             |  out|    1|  ap_ctrl_hs|  do_compute_Pipeline_VITIS_LOOP_109_9_VITIS_LOOP_110_10|  return value|
|grp_fu_469_p_din0                           |  out|   32|  ap_ctrl_hs|  do_compute_Pipeline_VITIS_LOOP_109_9_VITIS_LOOP_110_10|  return value|
|grp_fu_469_p_din1                           |  out|   32|  ap_ctrl_hs|  do_compute_Pipeline_VITIS_LOOP_109_9_VITIS_LOOP_110_10|  return value|
|grp_fu_469_p_dout0                          |   in|   32|  ap_ctrl_hs|  do_compute_Pipeline_VITIS_LOOP_109_9_VITIS_LOOP_110_10|  return value|
|grp_fu_469_p_ce                             |  out|    1|  ap_ctrl_hs|  do_compute_Pipeline_VITIS_LOOP_109_9_VITIS_LOOP_110_10|  return value|
|grp_fu_474_p_din0                           |  out|   32|  ap_ctrl_hs|  do_compute_Pipeline_VITIS_LOOP_109_9_VITIS_LOOP_110_10|  return value|
|grp_fu_474_p_din1                           |  out|   32|  ap_ctrl_hs|  do_compute_Pipeline_VITIS_LOOP_109_9_VITIS_LOOP_110_10|  return value|
|grp_fu_474_p_dout0                          |   in|   32|  ap_ctrl_hs|  do_compute_Pipeline_VITIS_LOOP_109_9_VITIS_LOOP_110_10|  return value|
|grp_fu_474_p_ce                             |  out|    1|  ap_ctrl_hs|  do_compute_Pipeline_VITIS_LOOP_109_9_VITIS_LOOP_110_10|  return value|
|grp_fu_481_p_din0                           |  out|   32|  ap_ctrl_hs|  do_compute_Pipeline_VITIS_LOOP_109_9_VITIS_LOOP_110_10|  return value|
|grp_fu_481_p_din1                           |  out|   32|  ap_ctrl_hs|  do_compute_Pipeline_VITIS_LOOP_109_9_VITIS_LOOP_110_10|  return value|
|grp_fu_481_p_dout0                          |   in|   32|  ap_ctrl_hs|  do_compute_Pipeline_VITIS_LOOP_109_9_VITIS_LOOP_110_10|  return value|
|grp_fu_481_p_ce                             |  out|    1|  ap_ctrl_hs|  do_compute_Pipeline_VITIS_LOOP_109_9_VITIS_LOOP_110_10|  return value|
|grp_fu_486_p_din0                           |  out|   32|  ap_ctrl_hs|  do_compute_Pipeline_VITIS_LOOP_109_9_VITIS_LOOP_110_10|  return value|
|grp_fu_486_p_din1                           |  out|   32|  ap_ctrl_hs|  do_compute_Pipeline_VITIS_LOOP_109_9_VITIS_LOOP_110_10|  return value|
|grp_fu_486_p_dout0                          |   in|   32|  ap_ctrl_hs|  do_compute_Pipeline_VITIS_LOOP_109_9_VITIS_LOOP_110_10|  return value|
|grp_fu_486_p_ce                             |  out|    1|  ap_ctrl_hs|  do_compute_Pipeline_VITIS_LOOP_109_9_VITIS_LOOP_110_10|  return value|
|grp_fu_1441_p_din0                          |  out|   32|  ap_ctrl_hs|  do_compute_Pipeline_VITIS_LOOP_109_9_VITIS_LOOP_110_10|  return value|
|grp_fu_1441_p_dout0                         |   in|   32|  ap_ctrl_hs|  do_compute_Pipeline_VITIS_LOOP_109_9_VITIS_LOOP_110_10|  return value|
|grp_fu_1441_p_ce                            |  out|    1|  ap_ctrl_hs|  do_compute_Pipeline_VITIS_LOOP_109_9_VITIS_LOOP_110_10|  return value|
|grp_fu_497_p_din0                           |  out|   32|  ap_ctrl_hs|  do_compute_Pipeline_VITIS_LOOP_109_9_VITIS_LOOP_110_10|  return value|
|grp_fu_497_p_dout0                          |   in|   64|  ap_ctrl_hs|  do_compute_Pipeline_VITIS_LOOP_109_9_VITIS_LOOP_110_10|  return value|
|grp_fu_497_p_ce                             |  out|    1|  ap_ctrl_hs|  do_compute_Pipeline_VITIS_LOOP_109_9_VITIS_LOOP_110_10|  return value|
|grp_fu_503_p_din0                           |  out|   32|  ap_ctrl_hs|  do_compute_Pipeline_VITIS_LOOP_109_9_VITIS_LOOP_110_10|  return value|
|grp_fu_503_p_din1                           |  out|   32|  ap_ctrl_hs|  do_compute_Pipeline_VITIS_LOOP_109_9_VITIS_LOOP_110_10|  return value|
|grp_fu_503_p_opcode                         |  out|    5|  ap_ctrl_hs|  do_compute_Pipeline_VITIS_LOOP_109_9_VITIS_LOOP_110_10|  return value|
|grp_fu_503_p_dout0                          |   in|    1|  ap_ctrl_hs|  do_compute_Pipeline_VITIS_LOOP_109_9_VITIS_LOOP_110_10|  return value|
|grp_fu_503_p_ce                             |  out|    1|  ap_ctrl_hs|  do_compute_Pipeline_VITIS_LOOP_109_9_VITIS_LOOP_110_10|  return value|
|grp_fu_509_p_din0                           |  out|   32|  ap_ctrl_hs|  do_compute_Pipeline_VITIS_LOOP_109_9_VITIS_LOOP_110_10|  return value|
|grp_fu_509_p_din1                           |  out|   32|  ap_ctrl_hs|  do_compute_Pipeline_VITIS_LOOP_109_9_VITIS_LOOP_110_10|  return value|
|grp_fu_509_p_opcode                         |  out|    5|  ap_ctrl_hs|  do_compute_Pipeline_VITIS_LOOP_109_9_VITIS_LOOP_110_10|  return value|
|grp_fu_509_p_dout0                          |   in|    1|  ap_ctrl_hs|  do_compute_Pipeline_VITIS_LOOP_109_9_VITIS_LOOP_110_10|  return value|
|grp_fu_509_p_ce                             |  out|    1|  ap_ctrl_hs|  do_compute_Pipeline_VITIS_LOOP_109_9_VITIS_LOOP_110_10|  return value|
|grp_fu_514_p_din0                           |  out|   32|  ap_ctrl_hs|  do_compute_Pipeline_VITIS_LOOP_109_9_VITIS_LOOP_110_10|  return value|
|grp_fu_514_p_din1                           |  out|   32|  ap_ctrl_hs|  do_compute_Pipeline_VITIS_LOOP_109_9_VITIS_LOOP_110_10|  return value|
|grp_fu_514_p_opcode                         |  out|    5|  ap_ctrl_hs|  do_compute_Pipeline_VITIS_LOOP_109_9_VITIS_LOOP_110_10|  return value|
|grp_fu_514_p_dout0                          |   in|    1|  ap_ctrl_hs|  do_compute_Pipeline_VITIS_LOOP_109_9_VITIS_LOOP_110_10|  return value|
|grp_fu_514_p_ce                             |  out|    1|  ap_ctrl_hs|  do_compute_Pipeline_VITIS_LOOP_109_9_VITIS_LOOP_110_10|  return value|
|grp_fu_520_p_din0                           |  out|   64|  ap_ctrl_hs|  do_compute_Pipeline_VITIS_LOOP_109_9_VITIS_LOOP_110_10|  return value|
|grp_fu_520_p_din1                           |  out|   64|  ap_ctrl_hs|  do_compute_Pipeline_VITIS_LOOP_109_9_VITIS_LOOP_110_10|  return value|
|grp_fu_520_p_opcode                         |  out|    5|  ap_ctrl_hs|  do_compute_Pipeline_VITIS_LOOP_109_9_VITIS_LOOP_110_10|  return value|
|grp_fu_520_p_dout0                          |   in|    1|  ap_ctrl_hs|  do_compute_Pipeline_VITIS_LOOP_109_9_VITIS_LOOP_110_10|  return value|
|grp_fu_520_p_ce                             |  out|    1|  ap_ctrl_hs|  do_compute_Pipeline_VITIS_LOOP_109_9_VITIS_LOOP_110_10|  return value|
|grp_fu_1433_p_din0                          |  out|   32|  ap_ctrl_hs|  do_compute_Pipeline_VITIS_LOOP_109_9_VITIS_LOOP_110_10|  return value|
|grp_fu_1433_p_din1                          |  out|   34|  ap_ctrl_hs|  do_compute_Pipeline_VITIS_LOOP_109_9_VITIS_LOOP_110_10|  return value|
|grp_fu_1433_p_dout0                         |   in|   65|  ap_ctrl_hs|  do_compute_Pipeline_VITIS_LOOP_109_9_VITIS_LOOP_110_10|  return value|
|grp_fu_1433_p_ce                            |  out|    1|  ap_ctrl_hs|  do_compute_Pipeline_VITIS_LOOP_109_9_VITIS_LOOP_110_10|  return value|
|grp_p_hls_fptosi_float_i32_fu_1437_p_din1   |  out|   32|  ap_ctrl_hs|  do_compute_Pipeline_VITIS_LOOP_109_9_VITIS_LOOP_110_10|  return value|
|grp_p_hls_fptosi_float_i32_fu_1437_p_dout0  |   in|   32|  ap_ctrl_hs|  do_compute_Pipeline_VITIS_LOOP_109_9_VITIS_LOOP_110_10|  return value|
|grp_p_hls_fptosi_float_i32_fu_1437_p_ce     |  out|    1|  ap_ctrl_hs|  do_compute_Pipeline_VITIS_LOOP_109_9_VITIS_LOOP_110_10|  return value|
|grp_p_hls_fptosi_float_i32_fu_1437_p_start  |  out|    1|  ap_ctrl_hs|  do_compute_Pipeline_VITIS_LOOP_109_9_VITIS_LOOP_110_10|  return value|
|grp_p_hls_fptosi_float_i32_fu_1437_p_ready  |   in|    1|  ap_ctrl_hs|  do_compute_Pipeline_VITIS_LOOP_109_9_VITIS_LOOP_110_10|  return value|
|grp_p_hls_fptosi_float_i32_fu_1437_p_done   |   in|    1|  ap_ctrl_hs|  do_compute_Pipeline_VITIS_LOOP_109_9_VITIS_LOOP_110_10|  return value|
|grp_p_hls_fptosi_float_i32_fu_1437_p_idle   |   in|    1|  ap_ctrl_hs|  do_compute_Pipeline_VITIS_LOOP_109_9_VITIS_LOOP_110_10|  return value|
|grp_p_hls_fptosi_float_i32_fu_1444_p_din1   |  out|   32|  ap_ctrl_hs|  do_compute_Pipeline_VITIS_LOOP_109_9_VITIS_LOOP_110_10|  return value|
|grp_p_hls_fptosi_float_i32_fu_1444_p_dout0  |   in|   32|  ap_ctrl_hs|  do_compute_Pipeline_VITIS_LOOP_109_9_VITIS_LOOP_110_10|  return value|
|grp_p_hls_fptosi_float_i32_fu_1444_p_ce     |  out|    1|  ap_ctrl_hs|  do_compute_Pipeline_VITIS_LOOP_109_9_VITIS_LOOP_110_10|  return value|
|grp_p_hls_fptosi_float_i32_fu_1444_p_start  |  out|    1|  ap_ctrl_hs|  do_compute_Pipeline_VITIS_LOOP_109_9_VITIS_LOOP_110_10|  return value|
|grp_p_hls_fptosi_float_i32_fu_1444_p_ready  |   in|    1|  ap_ctrl_hs|  do_compute_Pipeline_VITIS_LOOP_109_9_VITIS_LOOP_110_10|  return value|
|grp_p_hls_fptosi_float_i32_fu_1444_p_done   |   in|    1|  ap_ctrl_hs|  do_compute_Pipeline_VITIS_LOOP_109_9_VITIS_LOOP_110_10|  return value|
|grp_p_hls_fptosi_float_i32_fu_1444_p_idle   |   in|    1|  ap_ctrl_hs|  do_compute_Pipeline_VITIS_LOOP_109_9_VITIS_LOOP_110_10|  return value|
|empty                                       |   in|  416|     ap_none|                                                   empty|        scalar|
|p_ground_address0                           |  out|   12|   ap_memory|                                                p_ground|         array|
|p_ground_ce0                                |  out|    1|   ap_memory|                                                p_ground|         array|
|p_ground_q0                                 |   in|   32|   ap_memory|                                                p_ground|         array|
|p_ground_address1                           |  out|   12|   ap_memory|                                                p_ground|         array|
|p_ground_ce1                                |  out|    1|   ap_memory|                                                p_ground|         array|
|p_ground_q1                                 |   in|   32|   ap_memory|                                                p_ground|         array|
|spillage_flag_address0                      |  out|   12|   ap_memory|                                           spillage_flag|         array|
|spillage_flag_ce0                           |  out|    1|   ap_memory|                                           spillage_flag|         array|
|spillage_flag_we0                           |  out|    1|   ap_memory|                                           spillage_flag|         array|
|spillage_flag_d0                            |  out|   32|   ap_memory|                                           spillage_flag|         array|
|spillage_level_address0                     |  out|   12|   ap_memory|                                          spillage_level|         array|
|spillage_level_ce0                          |  out|    1|   ap_memory|                                          spillage_level|         array|
|spillage_level_we0                          |  out|    1|   ap_memory|                                          spillage_level|         array|
|spillage_level_d0                           |  out|   32|   ap_memory|                                          spillage_level|         array|
|water_level_address0                        |  out|   10|   ap_memory|                                             water_level|         array|
|water_level_ce0                             |  out|    1|   ap_memory|                                             water_level|         array|
|water_level_q0                              |   in|   32|   ap_memory|                                             water_level|         array|
|water_level_address1                        |  out|   10|   ap_memory|                                             water_level|         array|
|water_level_ce1                             |  out|    1|   ap_memory|                                             water_level|         array|
|water_level_q1                              |   in|   32|   ap_memory|                                             water_level|         array|
|water_level_1_address0                      |  out|   10|   ap_memory|                                           water_level_1|         array|
|water_level_1_ce0                           |  out|    1|   ap_memory|                                           water_level_1|         array|
|water_level_1_q0                            |   in|   32|   ap_memory|                                           water_level_1|         array|
|water_level_1_address1                      |  out|   10|   ap_memory|                                           water_level_1|         array|
|water_level_1_ce1                           |  out|    1|   ap_memory|                                           water_level_1|         array|
|water_level_1_q1                            |   in|   32|   ap_memory|                                           water_level_1|         array|
|water_level_2_address0                      |  out|   10|   ap_memory|                                           water_level_2|         array|
|water_level_2_ce0                           |  out|    1|   ap_memory|                                           water_level_2|         array|
|water_level_2_q0                            |   in|   32|   ap_memory|                                           water_level_2|         array|
|water_level_2_address1                      |  out|   10|   ap_memory|                                           water_level_2|         array|
|water_level_2_ce1                           |  out|    1|   ap_memory|                                           water_level_2|         array|
|water_level_2_q1                            |   in|   32|   ap_memory|                                           water_level_2|         array|
|spillage_from_neigh_address0                |  out|   12|   ap_memory|                                     spillage_from_neigh|         array|
|spillage_from_neigh_ce0                     |  out|    1|   ap_memory|                                     spillage_from_neigh|         array|
|spillage_from_neigh_we0                     |  out|    1|   ap_memory|                                     spillage_from_neigh|         array|
|spillage_from_neigh_d0                      |  out|   32|   ap_memory|                                     spillage_from_neigh|         array|
|spillage_from_neigh_1_address0              |  out|   12|   ap_memory|                                   spillage_from_neigh_1|         array|
|spillage_from_neigh_1_ce0                   |  out|    1|   ap_memory|                                   spillage_from_neigh_1|         array|
|spillage_from_neigh_1_we0                   |  out|    1|   ap_memory|                                   spillage_from_neigh_1|         array|
|spillage_from_neigh_1_d0                    |  out|   32|   ap_memory|                                   spillage_from_neigh_1|         array|
|spillage_from_neigh_2_address0              |  out|   12|   ap_memory|                                   spillage_from_neigh_2|         array|
|spillage_from_neigh_2_ce0                   |  out|    1|   ap_memory|                                   spillage_from_neigh_2|         array|
|spillage_from_neigh_2_we0                   |  out|    1|   ap_memory|                                   spillage_from_neigh_2|         array|
|spillage_from_neigh_2_d0                    |  out|   32|   ap_memory|                                   spillage_from_neigh_2|         array|
|spillage_from_neigh_3_address0              |  out|   12|   ap_memory|                                   spillage_from_neigh_3|         array|
|spillage_from_neigh_3_ce0                   |  out|    1|   ap_memory|                                   spillage_from_neigh_3|         array|
|spillage_from_neigh_3_we0                   |  out|    1|   ap_memory|                                   spillage_from_neigh_3|         array|
|spillage_from_neigh_3_d0                    |  out|   32|   ap_memory|                                   spillage_from_neigh_3|         array|
|p_out                                       |  out|  416|      ap_vld|                                                   p_out|       pointer|
|p_out_ap_vld                                |  out|    1|      ap_vld|                                                   p_out|       pointer|
+--------------------------------------------+-----+-----+------------+--------------------------------------------------------+--------------+

============================================================
+ Verbose Summary: Synthesis Manager
============================================================
InlineROM: 1
ExposeGlobal: 0
============================================================
+ Verbose Summary: CDFG Model
============================================================
IsTopModel: 0
ResetActiveHigh: 1
IsCombinational: 2
IsDatapathOnly: 2
HasWiredReturn: 1
HasMFsm: 2
HasVarLatency: 1
IsPipeline: 0
IsRtlPipelined: 0
IsInstanceOverlapped: 0
IsDontTouch: 0
HasImplIP: 0
IsGatedGlobalClock: 0

+ Individual pipeline summary: 
  * Pipeline-0: initiation interval (II) = 3, depth = 109


============================================================
+ Verbose Summary: Schedule
============================================================
* Number of FSM states : 109
* Pipeline : 1
  Pipeline-0 : II = 3, D = 109, States = { 1 2 3 4 5 6 7 8 9 10 11 12 13 14 15 16 17 18 19 20 21 22 23 24 25 26 27 28 29 30 31 32 33 34 35 36 37 38 39 40 41 42 43 44 45 46 47 48 49 50 51 52 53 54 55 56 57 58 59 60 61 62 63 64 65 66 67 68 69 70 71 72 73 74 75 76 77 78 79 80 81 82 83 84 85 86 87 88 89 90 91 92 93 94 95 96 97 98 99 100 101 102 103 104 105 106 107 108 109 }
* Dataflow Pipeline: 0

* FSM state transitions: 
1 --> 2 
2 --> 3 
3 --> 4 
4 --> 5 
5 --> 6 
6 --> 7 
7 --> 8 
8 --> 9 
9 --> 10 
10 --> 11 
11 --> 12 
12 --> 13 
13 --> 14 
14 --> 15 
15 --> 16 
16 --> 17 
17 --> 18 
18 --> 19 
19 --> 20 
20 --> 21 
21 --> 22 
22 --> 23 
23 --> 24 
24 --> 25 
25 --> 26 
26 --> 27 
27 --> 28 
28 --> 29 
29 --> 30 
30 --> 31 
31 --> 32 
32 --> 33 
33 --> 34 
34 --> 35 
35 --> 36 
36 --> 37 
37 --> 38 
38 --> 39 
39 --> 40 
40 --> 41 
41 --> 42 
42 --> 43 
43 --> 44 
44 --> 45 
45 --> 46 
46 --> 47 
47 --> 48 
48 --> 49 
49 --> 50 
50 --> 51 
51 --> 52 
52 --> 53 
53 --> 54 
54 --> 55 
55 --> 56 
56 --> 57 
57 --> 58 
58 --> 59 
59 --> 60 
60 --> 61 
61 --> 62 
62 --> 63 
63 --> 64 
64 --> 65 
65 --> 66 
66 --> 67 
67 --> 68 
68 --> 69 
69 --> 70 
70 --> 71 
71 --> 72 
72 --> 73 
73 --> 74 
74 --> 75 
75 --> 76 
76 --> 77 
77 --> 78 
78 --> 79 
79 --> 80 
80 --> 81 
81 --> 82 
82 --> 83 
83 --> 84 
84 --> 85 
85 --> 86 
86 --> 87 
87 --> 88 
88 --> 89 
89 --> 90 
90 --> 91 
91 --> 92 
92 --> 93 
93 --> 94 
94 --> 95 
95 --> 96 
96 --> 97 
97 --> 98 
98 --> 99 
99 --> 100 
100 --> 101 
101 --> 102 
102 --> 103 
103 --> 104 
104 --> 105 
105 --> 106 
106 --> 107 
107 --> 108 
108 --> 109 
109 --> 

* FSM state operations: 

State 1 <SV = 0> <Delay = 2.48>
ST_1 : Operation 112 [1/1] (0.00ns)   --->   "%new_col = alloca i32 1" [flood_HLS_base.cpp:72]   --->   Operation 112 'alloca' 'new_col' <Predicate = true> <Delay = 0.00>
ST_1 : Operation 113 [1/1] (0.00ns)   --->   "%new_row_2 = alloca i32 1" [flood_HLS_base.cpp:72]   --->   Operation 113 'alloca' 'new_row_2' <Predicate = true> <Delay = 0.00>
ST_1 : Operation 114 [1/1] (0.00ns)   --->   "%indvar_flatten9 = alloca i32 1"   --->   Operation 114 'alloca' 'indvar_flatten9' <Predicate = true> <Delay = 0.00>
ST_1 : Operation 115 [1/1] (0.00ns)   --->   "%empty_69 = alloca i32 1"   --->   Operation 115 'alloca' 'empty_69' <Predicate = true> <Delay = 0.00>
ST_1 : Operation 116 [1/1] (0.00ns)   --->   "%specinterface_ln0 = specinterface void @_ssdm_op_SpecInterface, i32 %p_ground, void @empty_4, i32 0, i32 0, void @empty_3, i32 4294967295, i32 0, void @empty_3, void @empty_3, void @empty_3, i32 0, i32 0, i32 0, i32 0, void @empty_3, void @empty_3, i32 4294967295, i32 0, i32 0"   --->   Operation 116 'specinterface' 'specinterface_ln0' <Predicate = true> <Delay = 0.00>
ST_1 : Operation 117 [1/1] (0.00ns)   --->   "%tmp = read i416 @_ssdm_op_Read.ap_auto.i416, i416 %empty"   --->   Operation 117 'read' 'tmp' <Predicate = true> <Delay = 0.00>
ST_1 : Operation 118 [1/1] (0.41ns)   --->   "%store_ln0 = store i416 %tmp, i416 %empty_69"   --->   Operation 118 'store' 'store_ln0' <Predicate = true> <Delay = 0.41>
ST_1 : Operation 119 [1/1] (0.38ns)   --->   "%store_ln0 = store i12 0, i12 %indvar_flatten9"   --->   Operation 119 'store' 'store_ln0' <Predicate = true> <Delay = 0.38>
ST_1 : Operation 120 [1/1] (0.38ns)   --->   "%store_ln72 = store i6 0, i6 %new_row_2" [flood_HLS_base.cpp:72]   --->   Operation 120 'store' 'store_ln72' <Predicate = true> <Delay = 0.38>
ST_1 : Operation 121 [1/1] (0.38ns)   --->   "%store_ln72 = store i6 0, i6 %new_col" [flood_HLS_base.cpp:72]   --->   Operation 121 'store' 'store_ln72' <Predicate = true> <Delay = 0.38>
ST_1 : Operation 122 [1/1] (0.00ns)   --->   "%br_ln0 = br void %for.body250"   --->   Operation 122 'br' 'br_ln0' <Predicate = true> <Delay = 0.00>
ST_1 : Operation 123 [1/1] (0.00ns)   --->   "%indvar_flatten9_load = load i12 %indvar_flatten9" [flood_HLS_base.cpp:109]   --->   Operation 123 'load' 'indvar_flatten9_load' <Predicate = true> <Delay = 0.00>
ST_1 : Operation 124 [1/1] (0.74ns)   --->   "%icmp_ln109 = icmp_eq  i12 %indvar_flatten9_load, i12 2500" [flood_HLS_base.cpp:109]   --->   Operation 124 'icmp' 'icmp_ln109' <Predicate = true> <Delay = 0.74> <CoreInst = "Cmp">   --->   Core 9 'Cmp' <Latency = 0> <II = 1> <Delay = 0.74> <FuncUnit> <Opcode : 'seteq' 'setne' 'setle' 'setge' 'setlt' 'setgt'> <InPorts = 2> <OutPorts = 1>
ST_1 : Operation 125 [1/1] (0.74ns)   --->   "%add_ln109_1 = add i12 %indvar_flatten9_load, i12 1" [flood_HLS_base.cpp:109]   --->   Operation 125 'add' 'add_ln109_1' <Predicate = true> <Delay = 0.74> <CoreInst = "Adder">   --->   Core 1 'Adder' <Latency = 0> <II = 1> <Delay = 0.74> <FuncUnit> <Opcode : 'add' 'sub'> <InPorts = 2> <OutPorts = 1>
ST_1 : Operation 126 [1/1] (0.00ns)   --->   "%br_ln109 = br i1 %icmp_ln109, void %for.inc419, void %for.body427.preheader.exitStub" [flood_HLS_base.cpp:109]   --->   Operation 126 'br' 'br_ln109' <Predicate = true> <Delay = 0.00>
ST_1 : Operation 127 [1/1] (0.00ns)   --->   "%new_col_load = load i6 %new_col" [flood_HLS_base.cpp:110]   --->   Operation 127 'load' 'new_col_load' <Predicate = (!icmp_ln109)> <Delay = 0.00>
ST_1 : Operation 128 [1/1] (0.70ns)   --->   "%icmp_ln110 = icmp_eq  i6 %new_col_load, i6 50" [flood_HLS_base.cpp:110]   --->   Operation 128 'icmp' 'icmp_ln110' <Predicate = (!icmp_ln109)> <Delay = 0.70> <CoreInst = "Cmp">   --->   Core 9 'Cmp' <Latency = 0> <II = 1> <Delay = 0.70> <FuncUnit> <Opcode : 'seteq' 'setne' 'setle' 'setge' 'setlt' 'setgt'> <InPorts = 2> <OutPorts = 1>
ST_1 : Operation 129 [1/1] (0.29ns)   --->   "%select_ln52 = select i1 %icmp_ln110, i6 0, i6 %new_col_load" [flood_HLS_base.cpp:52]   --->   Operation 129 'select' 'select_ln52' <Predicate = (!icmp_ln109)> <Delay = 0.29> <CoreInst = "Sel">   --->   Core 73 'Sel' <Latency = 0> <II = 1> <Delay = 0.29> <FuncUnit> <Opcode : 'select'> <InPorts = 3> <OutPorts = 1>
ST_1 : Operation 130 [10/10] (1.02ns)   --->   "%urem_ln52 = urem i6 %select_ln52, i6 3" [flood_HLS_base.cpp:52]   --->   Operation 130 'urem' 'urem_ln52' <Predicate = (!icmp_ln109)> <Delay = 1.02> <CoreInst = "Divider">   --->   Core 6 'Divider' <Latency = 9> <II = 1> <Delay = 1.02> <FuncUnit> <Opcode : 'udiv' 'sdiv' 'urem' 'srem'> <InPorts = 2> <OutPorts = 1>
ST_1 : Operation 131 [1/1] (0.70ns)   --->   "%add_ln110 = add i6 %select_ln52, i6 1" [flood_HLS_base.cpp:110]   --->   Operation 131 'add' 'add_ln110' <Predicate = (!icmp_ln109)> <Delay = 0.70> <CoreInst = "Adder">   --->   Core 1 'Adder' <Latency = 0> <II = 1> <Delay = 0.70> <FuncUnit> <Opcode : 'add' 'sub'> <InPorts = 2> <OutPorts = 1>
ST_1 : Operation 132 [1/1] (0.38ns)   --->   "%store_ln109 = store i12 %add_ln109_1, i12 %indvar_flatten9" [flood_HLS_base.cpp:109]   --->   Operation 132 'store' 'store_ln109' <Predicate = (!icmp_ln109)> <Delay = 0.38>
ST_1 : Operation 133 [1/1] (0.38ns)   --->   "%store_ln72 = store i6 %add_ln110, i6 %new_col" [flood_HLS_base.cpp:72]   --->   Operation 133 'store' 'store_ln72' <Predicate = (!icmp_ln109)> <Delay = 0.38>

State 2 <SV = 1> <Delay = 1.55>
ST_2 : Operation 134 [1/1] (0.00ns)   --->   "%new_row_2_load = load i6 %new_row_2" [flood_HLS_base.cpp:109]   --->   Operation 134 'load' 'new_row_2_load' <Predicate = (!icmp_ln109)> <Delay = 0.00>
ST_2 : Operation 135 [1/1] (0.70ns)   --->   "%add_ln109 = add i6 %new_row_2_load, i6 1" [flood_HLS_base.cpp:109]   --->   Operation 135 'add' 'add_ln109' <Predicate = (!icmp_ln109 & icmp_ln110)> <Delay = 0.70> <CoreInst = "Adder">   --->   Core 1 'Adder' <Latency = 0> <II = 1> <Delay = 0.70> <FuncUnit> <Opcode : 'add' 'sub'> <InPorts = 2> <OutPorts = 1>
ST_2 : Operation 136 [1/1] (0.29ns)   --->   "%select_ln109 = select i1 %icmp_ln110, i6 %add_ln109, i6 %new_row_2_load" [flood_HLS_base.cpp:109]   --->   Operation 136 'select' 'select_ln109' <Predicate = (!icmp_ln109)> <Delay = 0.29> <CoreInst = "Sel">   --->   Core 73 'Sel' <Latency = 0> <II = 1> <Delay = 0.29> <FuncUnit> <Opcode : 'select'> <InPorts = 3> <OutPorts = 1>
ST_2 : Operation 137 [1/1] (0.00ns)   --->   "%zext_ln52 = zext i6 %select_ln52" [flood_HLS_base.cpp:52]   --->   Operation 137 'zext' 'zext_ln52' <Predicate = (!icmp_ln109)> <Delay = 0.00>
ST_2 : Operation 138 [1/1] (1.55ns)   --->   "%mul_ln52 = mul i13 %zext_ln52, i13 86" [flood_HLS_base.cpp:52]   --->   Operation 138 'mul' 'mul_ln52' <Predicate = (!icmp_ln109)> <Delay = 1.55> <CoreInst = "Multiplier">   --->   Core 3 'Multiplier' <Latency = 0> <II = 1> <Delay = 1.55> <FuncUnit> <Opcode : 'mul'> <InPorts = 2> <OutPorts = 1>
ST_2 : Operation 139 [1/1] (0.00ns)   --->   "%tmp_49 = partselect i5 @_ssdm_op_PartSelect.i5.i13.i32.i32, i13 %mul_ln52, i32 8, i32 12" [flood_HLS_base.cpp:52]   --->   Operation 139 'partselect' 'tmp_49' <Predicate = (!icmp_ln109)> <Delay = 0.00>
ST_2 : Operation 140 [9/10] (1.02ns)   --->   "%urem_ln52 = urem i6 %select_ln52, i6 3" [flood_HLS_base.cpp:52]   --->   Operation 140 'urem' 'urem_ln52' <Predicate = (!icmp_ln109)> <Delay = 1.02> <CoreInst = "Divider">   --->   Core 6 'Divider' <Latency = 9> <II = 1> <Delay = 1.02> <FuncUnit> <Opcode : 'udiv' 'sdiv' 'urem' 'srem'> <InPorts = 2> <OutPorts = 1>
ST_2 : Operation 141 [1/1] (0.38ns)   --->   "%store_ln72 = store i6 %select_ln109, i6 %new_row_2" [flood_HLS_base.cpp:72]   --->   Operation 141 'store' 'store_ln72' <Predicate = (!icmp_ln109)> <Delay = 0.38>
ST_2 : Operation 142 [1/1] (0.00ns)   --->   "%br_ln110 = br void %for.body250" [flood_HLS_base.cpp:110]   --->   Operation 142 'br' 'br_ln110' <Predicate = (!icmp_ln109)> <Delay = 0.00>

State 3 <SV = 2> <Delay = 2.65>
ST_3 : Operation 143 [1/1] (0.00ns)   --->   "%select_ln109_cast1 = zext i6 %select_ln109" [flood_HLS_base.cpp:109]   --->   Operation 143 'zext' 'select_ln109_cast1' <Predicate = (!icmp_ln109)> <Delay = 0.00>
ST_3 : Operation 144 [1/1] (0.00ns)   --->   "%tmp_36 = bitconcatenate i10 @_ssdm_op_BitConcatenate.i10.i6.i4, i6 %select_ln109, i4 0" [flood_HLS_base.cpp:111]   --->   Operation 144 'bitconcatenate' 'tmp_36' <Predicate = (!icmp_ln109)> <Delay = 0.00>
ST_3 : Operation 145 [1/1] (0.72ns)   --->   "%mul_ln111 = add i10 %tmp_36, i10 %select_ln109_cast1" [flood_HLS_base.cpp:111]   --->   Operation 145 'add' 'mul_ln111' <Predicate = (!icmp_ln109)> <Delay = 0.72> <CoreInst = "Adder">   --->   Core 1 'Adder' <Latency = 0> <II = 1> <Delay = 0.72> <FuncUnit> <Opcode : 'add' 'sub'> <InPorts = 2> <OutPorts = 1>
ST_3 : Operation 146 [1/1] (0.00ns)   --->   "%zext_ln111 = zext i5 %tmp_49" [flood_HLS_base.cpp:111]   --->   Operation 146 'zext' 'zext_ln111' <Predicate = (!icmp_ln109)> <Delay = 0.00>
ST_3 : Operation 147 [1/1] (0.72ns)   --->   "%add_ln111 = add i10 %mul_ln111, i10 %zext_ln111" [flood_HLS_base.cpp:111]   --->   Operation 147 'add' 'add_ln111' <Predicate = (!icmp_ln109)> <Delay = 0.72> <CoreInst = "Adder">   --->   Core 1 'Adder' <Latency = 0> <II = 1> <Delay = 0.72> <FuncUnit> <Opcode : 'add' 'sub'> <InPorts = 2> <OutPorts = 1>
ST_3 : Operation 148 [1/1] (0.00ns)   --->   "%zext_ln111_1 = zext i10 %add_ln111" [flood_HLS_base.cpp:111]   --->   Operation 148 'zext' 'zext_ln111_1' <Predicate = (!icmp_ln109)> <Delay = 0.00>
ST_3 : Operation 149 [1/1] (0.00ns)   --->   "%water_level_addr = getelementptr i32 %water_level, i64 0, i64 %zext_ln111_1" [flood_HLS_base.cpp:111]   --->   Operation 149 'getelementptr' 'water_level_addr' <Predicate = (!icmp_ln109)> <Delay = 0.00>
ST_3 : Operation 150 [1/1] (0.00ns)   --->   "%water_level_1_addr = getelementptr i32 %water_level_1, i64 0, i64 %zext_ln111_1" [flood_HLS_base.cpp:111]   --->   Operation 150 'getelementptr' 'water_level_1_addr' <Predicate = (!icmp_ln109)> <Delay = 0.00>
ST_3 : Operation 151 [1/1] (0.00ns)   --->   "%water_level_2_addr = getelementptr i32 %water_level_2, i64 0, i64 %zext_ln111_1" [flood_HLS_base.cpp:111]   --->   Operation 151 'getelementptr' 'water_level_2_addr' <Predicate = (!icmp_ln109)> <Delay = 0.00>
ST_3 : Operation 152 [8/10] (1.02ns)   --->   "%urem_ln52 = urem i6 %select_ln52, i6 3" [flood_HLS_base.cpp:52]   --->   Operation 152 'urem' 'urem_ln52' <Predicate = (!icmp_ln109)> <Delay = 1.02> <CoreInst = "Divider">   --->   Core 6 'Divider' <Latency = 9> <II = 1> <Delay = 1.02> <FuncUnit> <Opcode : 'udiv' 'sdiv' 'urem' 'srem'> <InPorts = 2> <OutPorts = 1>
ST_3 : Operation 153 [2/2] (1.20ns)   --->   "%water_level_load = load i10 %water_level_addr" [flood_HLS_base.cpp:111]   --->   Operation 153 'load' 'water_level_load' <Predicate = (!icmp_ln109)> <Delay = 1.20> <CoreInst = "RAM_1WnR">   --->   Core 83 'RAM_1WnR' <Latency = 1> <II = 1> <Delay = 1.20> <Storage> <Opcode : 'load' 'store'> <Ports = 17> <Width = 32> <Depth = 850> <RAM>
ST_3 : Operation 154 [2/2] (1.20ns)   --->   "%water_level_1_load = load i10 %water_level_1_addr" [flood_HLS_base.cpp:111]   --->   Operation 154 'load' 'water_level_1_load' <Predicate = (!icmp_ln109)> <Delay = 1.20> <CoreInst = "RAM_1WnR">   --->   Core 83 'RAM_1WnR' <Latency = 1> <II = 1> <Delay = 1.20> <Storage> <Opcode : 'load' 'store'> <Ports = 17> <Width = 32> <Depth = 850> <RAM>
ST_3 : Operation 155 [2/2] (1.20ns)   --->   "%water_level_2_load = load i10 %water_level_2_addr" [flood_HLS_base.cpp:111]   --->   Operation 155 'load' 'water_level_2_load' <Predicate = (!icmp_ln109)> <Delay = 1.20> <CoreInst = "RAM_1WnR">   --->   Core 83 'RAM_1WnR' <Latency = 1> <II = 1> <Delay = 1.20> <Storage> <Opcode : 'load' 'store'> <Ports = 17> <Width = 32> <Depth = 850> <RAM>

State 4 <SV = 3> <Delay = 1.20>
ST_4 : Operation 156 [7/10] (1.02ns)   --->   "%urem_ln52 = urem i6 %select_ln52, i6 3" [flood_HLS_base.cpp:52]   --->   Operation 156 'urem' 'urem_ln52' <Predicate = (!icmp_ln109)> <Delay = 1.02> <CoreInst = "Divider">   --->   Core 6 'Divider' <Latency = 9> <II = 1> <Delay = 1.02> <FuncUnit> <Opcode : 'udiv' 'sdiv' 'urem' 'srem'> <InPorts = 2> <OutPorts = 1>
ST_4 : Operation 157 [1/2] (1.20ns)   --->   "%water_level_load = load i10 %water_level_addr" [flood_HLS_base.cpp:111]   --->   Operation 157 'load' 'water_level_load' <Predicate = (!icmp_ln109)> <Delay = 1.20> <CoreInst = "RAM_1WnR">   --->   Core 83 'RAM_1WnR' <Latency = 1> <II = 1> <Delay = 1.20> <Storage> <Opcode : 'load' 'store'> <Ports = 17> <Width = 32> <Depth = 850> <RAM>
ST_4 : Operation 158 [1/2] (1.20ns)   --->   "%water_level_1_load = load i10 %water_level_1_addr" [flood_HLS_base.cpp:111]   --->   Operation 158 'load' 'water_level_1_load' <Predicate = (!icmp_ln109)> <Delay = 1.20> <CoreInst = "RAM_1WnR">   --->   Core 83 'RAM_1WnR' <Latency = 1> <II = 1> <Delay = 1.20> <Storage> <Opcode : 'load' 'store'> <Ports = 17> <Width = 32> <Depth = 850> <RAM>
ST_4 : Operation 159 [1/2] (1.20ns)   --->   "%water_level_2_load = load i10 %water_level_2_addr" [flood_HLS_base.cpp:111]   --->   Operation 159 'load' 'water_level_2_load' <Predicate = (!icmp_ln109)> <Delay = 1.20> <CoreInst = "RAM_1WnR">   --->   Core 83 'RAM_1WnR' <Latency = 1> <II = 1> <Delay = 1.20> <Storage> <Opcode : 'load' 'store'> <Ports = 17> <Width = 32> <Depth = 850> <RAM>

State 5 <SV = 4> <Delay = 1.02>
ST_5 : Operation 160 [6/10] (1.02ns)   --->   "%urem_ln52 = urem i6 %select_ln52, i6 3" [flood_HLS_base.cpp:52]   --->   Operation 160 'urem' 'urem_ln52' <Predicate = (!icmp_ln109)> <Delay = 1.02> <CoreInst = "Divider">   --->   Core 6 'Divider' <Latency = 9> <II = 1> <Delay = 1.02> <FuncUnit> <Opcode : 'udiv' 'sdiv' 'urem' 'srem'> <InPorts = 2> <OutPorts = 1>

State 6 <SV = 5> <Delay = 1.02>
ST_6 : Operation 161 [5/10] (1.02ns)   --->   "%urem_ln52 = urem i6 %select_ln52, i6 3" [flood_HLS_base.cpp:52]   --->   Operation 161 'urem' 'urem_ln52' <Predicate = (!icmp_ln109)> <Delay = 1.02> <CoreInst = "Divider">   --->   Core 6 'Divider' <Latency = 9> <II = 1> <Delay = 1.02> <FuncUnit> <Opcode : 'udiv' 'sdiv' 'urem' 'srem'> <InPorts = 2> <OutPorts = 1>

State 7 <SV = 6> <Delay = 1.02>
ST_7 : Operation 162 [4/10] (1.02ns)   --->   "%urem_ln52 = urem i6 %select_ln52, i6 3" [flood_HLS_base.cpp:52]   --->   Operation 162 'urem' 'urem_ln52' <Predicate = (!icmp_ln109)> <Delay = 1.02> <CoreInst = "Divider">   --->   Core 6 'Divider' <Latency = 9> <II = 1> <Delay = 1.02> <FuncUnit> <Opcode : 'udiv' 'sdiv' 'urem' 'srem'> <InPorts = 2> <OutPorts = 1>

State 8 <SV = 7> <Delay = 1.02>
ST_8 : Operation 163 [3/10] (1.02ns)   --->   "%urem_ln52 = urem i6 %select_ln52, i6 3" [flood_HLS_base.cpp:52]   --->   Operation 163 'urem' 'urem_ln52' <Predicate = (!icmp_ln109)> <Delay = 1.02> <CoreInst = "Divider">   --->   Core 6 'Divider' <Latency = 9> <II = 1> <Delay = 1.02> <FuncUnit> <Opcode : 'udiv' 'sdiv' 'urem' 'srem'> <InPorts = 2> <OutPorts = 1>

State 9 <SV = 8> <Delay = 1.02>
ST_9 : Operation 164 [1/1] (0.00ns)   --->   "%row_pos_4_cast = zext i6 %select_ln109" [flood_HLS_base.cpp:109]   --->   Operation 164 'zext' 'row_pos_4_cast' <Predicate = (!icmp_ln109)> <Delay = 0.00>
ST_9 : Operation 165 [1/1] (0.70ns)   --->   "%new_row = add i7 %row_pos_4_cast, i7 127" [flood_HLS_base.cpp:109]   --->   Operation 165 'add' 'new_row' <Predicate = (!icmp_ln109)> <Delay = 0.70> <CoreInst = "Adder">   --->   Core 1 'Adder' <Latency = 0> <II = 1> <Delay = 0.70> <FuncUnit> <Opcode : 'add' 'sub'> <InPorts = 2> <OutPorts = 1>
ST_9 : Operation 166 [1/1] (0.00ns)   --->   "%trunc_ln134 = trunc i7 %new_row" [flood_HLS_base.cpp:134]   --->   Operation 166 'trunc' 'trunc_ln134' <Predicate = (!icmp_ln109)> <Delay = 0.00>
ST_9 : Operation 167 [1/1] (0.70ns)   --->   "%new_row_1 = add i6 %select_ln109, i6 1" [flood_HLS_base.cpp:109]   --->   Operation 167 'add' 'new_row_1' <Predicate = (!icmp_ln109)> <Delay = 0.70> <CoreInst = "Adder">   --->   Core 1 'Adder' <Latency = 0> <II = 1> <Delay = 0.70> <FuncUnit> <Opcode : 'add' 'sub'> <InPorts = 2> <OutPorts = 1>
ST_9 : Operation 168 [2/10] (1.02ns)   --->   "%urem_ln52 = urem i6 %select_ln52, i6 3" [flood_HLS_base.cpp:52]   --->   Operation 168 'urem' 'urem_ln52' <Predicate = (!icmp_ln109)> <Delay = 1.02> <CoreInst = "Divider">   --->   Core 6 'Divider' <Latency = 9> <II = 1> <Delay = 1.02> <FuncUnit> <Opcode : 'udiv' 'sdiv' 'urem' 'srem'> <InPorts = 2> <OutPorts = 1>

State 10 <SV = 9> <Delay = 2.65>
ST_10 : Operation 169 [1/1] (0.00ns)   --->   "%new_row_cast2 = zext i7 %new_row" [flood_HLS_base.cpp:109]   --->   Operation 169 'zext' 'new_row_cast2' <Predicate = (!icmp_ln109)> <Delay = 0.00>
ST_10 : Operation 170 [1/1] (0.00ns)   --->   "%p_shl = bitconcatenate i10 @_ssdm_op_BitConcatenate.i10.i6.i4, i6 %trunc_ln134, i4 0" [flood_HLS_base.cpp:134]   --->   Operation 170 'bitconcatenate' 'p_shl' <Predicate = (!icmp_ln109)> <Delay = 0.00>
ST_10 : Operation 171 [1/1] (0.72ns)   --->   "%mul_ln134_1 = add i10 %p_shl, i10 %new_row_cast2" [flood_HLS_base.cpp:134]   --->   Operation 171 'add' 'mul_ln134_1' <Predicate = (!icmp_ln109)> <Delay = 0.72> <CoreInst = "Adder">   --->   Core 1 'Adder' <Latency = 0> <II = 1> <Delay = 0.72> <FuncUnit> <Opcode : 'add' 'sub'> <InPorts = 2> <OutPorts = 1>
ST_10 : Operation 172 [1/1] (0.00ns)   --->   "%zext_ln110 = zext i6 %new_row_1" [flood_HLS_base.cpp:110]   --->   Operation 172 'zext' 'zext_ln110' <Predicate = (!icmp_ln109)> <Delay = 0.00>
ST_10 : Operation 173 [1/1] (0.00ns)   --->   "%tmp_37 = bitconcatenate i10 @_ssdm_op_BitConcatenate.i10.i6.i4, i6 %new_row_1, i4 0" [flood_HLS_base.cpp:134]   --->   Operation 173 'bitconcatenate' 'tmp_37' <Predicate = (!icmp_ln109)> <Delay = 0.00>
ST_10 : Operation 174 [1/1] (0.72ns)   --->   "%add_ln110_1 = add i10 %tmp_37, i10 %zext_ln110" [flood_HLS_base.cpp:110]   --->   Operation 174 'add' 'add_ln110_1' <Predicate = (!icmp_ln109)> <Delay = 0.72> <CoreInst = "Adder">   --->   Core 1 'Adder' <Latency = 0> <II = 1> <Delay = 0.72> <FuncUnit> <Opcode : 'add' 'sub'> <InPorts = 2> <OutPorts = 1>
ST_10 : Operation 175 [1/10] (1.02ns)   --->   "%urem_ln52 = urem i6 %select_ln52, i6 3" [flood_HLS_base.cpp:52]   --->   Operation 175 'urem' 'urem_ln52' <Predicate = (!icmp_ln109)> <Delay = 1.02> <CoreInst = "Divider">   --->   Core 6 'Divider' <Latency = 9> <II = 1> <Delay = 1.02> <FuncUnit> <Opcode : 'udiv' 'sdiv' 'urem' 'srem'> <InPorts = 2> <OutPorts = 1>
ST_10 : Operation 176 [1/1] (0.00ns)   --->   "%trunc_ln52 = trunc i2 %urem_ln52" [flood_HLS_base.cpp:52]   --->   Operation 176 'trunc' 'trunc_ln52' <Predicate = (!icmp_ln109)> <Delay = 0.00>
ST_10 : Operation 177 [1/1] (0.38ns)   --->   "%tmp_s = sparsemux i32 @_ssdm_op_SparseMux.ap_auto.3i32.i32.i2, i2 0, i32 %water_level_load, i2 1, i32 %water_level_1_load, i2 2, i32 %water_level_2_load, i32 0, i2 %trunc_ln52" [flood_HLS_base.cpp:111]   --->   Operation 177 'sparsemux' 'tmp_s' <Predicate = (!icmp_ln109)> <Delay = 0.38> <CoreInst = "SparseMux">   --->   Core 144 'SparseMux' <Latency = 0> <II = 1> <Delay = 0.38> <FuncUnit> <Opcode : 'sparsemux'> <InPorts = 2> <OutPorts = 1>
ST_10 : Operation 178 [1/1] (0.88ns)   --->   "%icmp_ln111 = icmp_sgt  i32 %tmp_s, i32 0" [flood_HLS_base.cpp:111]   --->   Operation 178 'icmp' 'icmp_ln111' <Predicate = (!icmp_ln109)> <Delay = 0.88> <CoreInst = "Cmp">   --->   Core 9 'Cmp' <Latency = 0> <II = 1> <Delay = 0.88> <FuncUnit> <Opcode : 'seteq' 'setne' 'setle' 'setge' 'setlt' 'setgt'> <InPorts = 2> <OutPorts = 1>
ST_10 : Operation 179 [1/1] (0.00ns)   --->   "%br_ln111 = br i1 %icmp_ln111, void %for.inc416, void %VITIS_LOOP_121_11_ifconv" [flood_HLS_base.cpp:111]   --->   Operation 179 'br' 'br_ln111' <Predicate = (!icmp_ln109)> <Delay = 0.00>
ST_10 : Operation 180 [1/1] (0.00ns)   --->   "%zext_ln122 = zext i6 %select_ln52" [flood_HLS_base.cpp:122]   --->   Operation 180 'zext' 'zext_ln122' <Predicate = (!icmp_ln109 & icmp_ln111)> <Delay = 0.00>
ST_10 : Operation 181 [1/1] (0.72ns)   --->   "%add_ln134 = add i10 %mul_ln134_1, i10 %zext_ln111" [flood_HLS_base.cpp:134]   --->   Operation 181 'add' 'add_ln134' <Predicate = (!icmp_ln109 & icmp_ln111)> <Delay = 0.72> <CoreInst = "Adder">   --->   Core 1 'Adder' <Latency = 0> <II = 1> <Delay = 0.72> <FuncUnit> <Opcode : 'add' 'sub'> <InPorts = 2> <OutPorts = 1>
ST_10 : Operation 182 [1/1] (0.00ns)   --->   "%zext_ln134_3 = zext i10 %add_ln134" [flood_HLS_base.cpp:134]   --->   Operation 182 'zext' 'zext_ln134_3' <Predicate = (!icmp_ln109 & icmp_ln111)> <Delay = 0.00>
ST_10 : Operation 183 [1/1] (0.00ns)   --->   "%water_level_addr_1 = getelementptr i32 %water_level, i64 0, i64 %zext_ln134_3" [flood_HLS_base.cpp:134]   --->   Operation 183 'getelementptr' 'water_level_addr_1' <Predicate = (!icmp_ln109 & icmp_ln111)> <Delay = 0.00>
ST_10 : Operation 184 [1/1] (0.72ns)   --->   "%add_ln134_1 = add i10 %add_ln110_1, i10 %zext_ln111" [flood_HLS_base.cpp:134]   --->   Operation 184 'add' 'add_ln134_1' <Predicate = (!icmp_ln109 & icmp_ln111)> <Delay = 0.72> <CoreInst = "Adder">   --->   Core 1 'Adder' <Latency = 0> <II = 1> <Delay = 0.72> <FuncUnit> <Opcode : 'add' 'sub'> <InPorts = 2> <OutPorts = 1>
ST_10 : Operation 185 [1/1] (0.00ns)   --->   "%zext_ln134_4 = zext i10 %add_ln134_1" [flood_HLS_base.cpp:134]   --->   Operation 185 'zext' 'zext_ln134_4' <Predicate = (!icmp_ln109 & icmp_ln111)> <Delay = 0.00>
ST_10 : Operation 186 [1/1] (0.00ns)   --->   "%water_level_addr_2 = getelementptr i32 %water_level, i64 0, i64 %zext_ln134_4" [flood_HLS_base.cpp:134]   --->   Operation 186 'getelementptr' 'water_level_addr_2' <Predicate = (!icmp_ln109 & icmp_ln111)> <Delay = 0.00>
ST_10 : Operation 187 [1/1] (0.00ns)   --->   "%water_level_1_addr_1 = getelementptr i32 %water_level_1, i64 0, i64 %zext_ln134_3" [flood_HLS_base.cpp:134]   --->   Operation 187 'getelementptr' 'water_level_1_addr_1' <Predicate = (!icmp_ln109 & icmp_ln111)> <Delay = 0.00>
ST_10 : Operation 188 [1/1] (0.00ns)   --->   "%water_level_1_addr_2 = getelementptr i32 %water_level_1, i64 0, i64 %zext_ln134_4" [flood_HLS_base.cpp:134]   --->   Operation 188 'getelementptr' 'water_level_1_addr_2' <Predicate = (!icmp_ln109 & icmp_ln111)> <Delay = 0.00>
ST_10 : Operation 189 [1/1] (0.00ns)   --->   "%water_level_2_addr_1 = getelementptr i32 %water_level_2, i64 0, i64 %zext_ln134_3" [flood_HLS_base.cpp:134]   --->   Operation 189 'getelementptr' 'water_level_2_addr_1' <Predicate = (!icmp_ln109 & icmp_ln111)> <Delay = 0.00>
ST_10 : Operation 190 [1/1] (0.00ns)   --->   "%water_level_2_addr_2 = getelementptr i32 %water_level_2, i64 0, i64 %zext_ln134_4" [flood_HLS_base.cpp:134]   --->   Operation 190 'getelementptr' 'water_level_2_addr_2' <Predicate = (!icmp_ln109 & icmp_ln111)> <Delay = 0.00>
ST_10 : Operation 191 [2/2] (1.20ns)   --->   "%water_level_load_1 = load i10 %water_level_addr_1" [flood_HLS_base.cpp:134]   --->   Operation 191 'load' 'water_level_load_1' <Predicate = (!icmp_ln109 & icmp_ln111)> <Delay = 1.20> <CoreInst = "RAM_1WnR">   --->   Core 83 'RAM_1WnR' <Latency = 1> <II = 1> <Delay = 1.20> <Storage> <Opcode : 'load' 'store'> <Ports = 17> <Width = 32> <Depth = 850> <RAM>
ST_10 : Operation 192 [2/2] (1.20ns)   --->   "%water_level_1_load_1 = load i10 %water_level_1_addr_1" [flood_HLS_base.cpp:134]   --->   Operation 192 'load' 'water_level_1_load_1' <Predicate = (!icmp_ln109 & icmp_ln111)> <Delay = 1.20> <CoreInst = "RAM_1WnR">   --->   Core 83 'RAM_1WnR' <Latency = 1> <II = 1> <Delay = 1.20> <Storage> <Opcode : 'load' 'store'> <Ports = 17> <Width = 32> <Depth = 850> <RAM>
ST_10 : Operation 193 [2/2] (1.20ns)   --->   "%water_level_2_load_1 = load i10 %water_level_2_addr_1" [flood_HLS_base.cpp:134]   --->   Operation 193 'load' 'water_level_2_load_1' <Predicate = (!icmp_ln109 & icmp_ln111)> <Delay = 1.20> <CoreInst = "RAM_1WnR">   --->   Core 83 'RAM_1WnR' <Latency = 1> <II = 1> <Delay = 1.20> <Storage> <Opcode : 'load' 'store'> <Ports = 17> <Width = 32> <Depth = 850> <RAM>
ST_10 : Operation 194 [2/2] (1.20ns)   --->   "%water_level_load_2 = load i10 %water_level_addr_2" [flood_HLS_base.cpp:134]   --->   Operation 194 'load' 'water_level_load_2' <Predicate = (!icmp_ln109 & icmp_ln111)> <Delay = 1.20> <CoreInst = "RAM_1WnR">   --->   Core 83 'RAM_1WnR' <Latency = 1> <II = 1> <Delay = 1.20> <Storage> <Opcode : 'load' 'store'> <Ports = 17> <Width = 32> <Depth = 850> <RAM>
ST_10 : Operation 195 [2/2] (1.20ns)   --->   "%water_level_1_load_2 = load i10 %water_level_1_addr_2" [flood_HLS_base.cpp:134]   --->   Operation 195 'load' 'water_level_1_load_2' <Predicate = (!icmp_ln109 & icmp_ln111)> <Delay = 1.20> <CoreInst = "RAM_1WnR">   --->   Core 83 'RAM_1WnR' <Latency = 1> <II = 1> <Delay = 1.20> <Storage> <Opcode : 'load' 'store'> <Ports = 17> <Width = 32> <Depth = 850> <RAM>
ST_10 : Operation 196 [2/2] (1.20ns)   --->   "%water_level_2_load_2 = load i10 %water_level_2_addr_2" [flood_HLS_base.cpp:134]   --->   Operation 196 'load' 'water_level_2_load_2' <Predicate = (!icmp_ln109 & icmp_ln111)> <Delay = 1.20> <CoreInst = "RAM_1WnR">   --->   Core 83 'RAM_1WnR' <Latency = 1> <II = 1> <Delay = 1.20> <Storage> <Opcode : 'load' 'store'> <Ports = 17> <Width = 32> <Depth = 850> <RAM>
ST_10 : Operation 197 [1/1] (0.70ns)   --->   "%new_col_1 = add i7 %zext_ln122, i7 127" [flood_HLS_base.cpp:123]   --->   Operation 197 'add' 'new_col_1' <Predicate = (!icmp_ln109 & icmp_ln111)> <Delay = 0.70> <CoreInst = "Adder">   --->   Core 1 'Adder' <Latency = 0> <II = 1> <Delay = 0.70> <FuncUnit> <Opcode : 'add' 'sub'> <InPorts = 2> <OutPorts = 1>
ST_10 : Operation 198 [1/1] (0.70ns)   --->   "%new_col_2 = add i6 %select_ln52, i6 1" [flood_HLS_base.cpp:123]   --->   Operation 198 'add' 'new_col_2' <Predicate = (!icmp_ln109 & icmp_ln111)> <Delay = 0.70> <CoreInst = "Adder">   --->   Core 1 'Adder' <Latency = 0> <II = 1> <Delay = 0.70> <FuncUnit> <Opcode : 'add' 'sub'> <InPorts = 2> <OutPorts = 1>
ST_10 : Operation 199 [1/1] (0.00ns)   --->   "%zext_ln72_1 = zext i6 %new_col_2" [flood_HLS_base.cpp:72]   --->   Operation 199 'zext' 'zext_ln72_1' <Predicate = (!icmp_ln109 & icmp_ln111)> <Delay = 0.00>
ST_10 : Operation 200 [1/1] (1.55ns)   --->   "%mul_ln72_1 = mul i13 %zext_ln72_1, i13 86" [flood_HLS_base.cpp:72]   --->   Operation 200 'mul' 'mul_ln72_1' <Predicate = (!icmp_ln109 & icmp_ln111)> <Delay = 1.55> <CoreInst = "Multiplier">   --->   Core 3 'Multiplier' <Latency = 0> <II = 1> <Delay = 1.55> <FuncUnit> <Opcode : 'mul'> <InPorts = 2> <OutPorts = 1>
ST_10 : Operation 201 [1/1] (0.00ns)   --->   "%tmp_50 = partselect i5 @_ssdm_op_PartSelect.i5.i13.i32.i32, i13 %mul_ln72_1, i32 8, i32 12" [flood_HLS_base.cpp:72]   --->   Operation 201 'partselect' 'tmp_50' <Predicate = (!icmp_ln109 & icmp_ln111)> <Delay = 0.00>

State 11 <SV = 10> <Delay = 2.66>
ST_11 : Operation 202 [4/4] (2.66ns)   --->   "%conv3 = sitofp i32 %tmp_s" [flood_HLS_base.cpp:117]   --->   Operation 202 'sitofp' 'conv3' <Predicate = (!icmp_ln109 & icmp_ln111)> <Delay = 2.66> <CoreInst = "Int2Float">   --->   Core 62 'Int2Float' <Latency = 3> <II = 1> <Delay = 2.66> <FuncUnit> <Opcode : 'uitofp' 'sitofp'> <InPorts = 1> <OutPorts = 1>
ST_11 : Operation 203 [1/2] (1.20ns)   --->   "%water_level_load_1 = load i10 %water_level_addr_1" [flood_HLS_base.cpp:134]   --->   Operation 203 'load' 'water_level_load_1' <Predicate = (!icmp_ln109 & icmp_ln111)> <Delay = 1.20> <CoreInst = "RAM_1WnR">   --->   Core 83 'RAM_1WnR' <Latency = 1> <II = 1> <Delay = 1.20> <Storage> <Opcode : 'load' 'store'> <Ports = 17> <Width = 32> <Depth = 850> <RAM>
ST_11 : Operation 204 [1/2] (1.20ns)   --->   "%water_level_1_load_1 = load i10 %water_level_1_addr_1" [flood_HLS_base.cpp:134]   --->   Operation 204 'load' 'water_level_1_load_1' <Predicate = (!icmp_ln109 & icmp_ln111)> <Delay = 1.20> <CoreInst = "RAM_1WnR">   --->   Core 83 'RAM_1WnR' <Latency = 1> <II = 1> <Delay = 1.20> <Storage> <Opcode : 'load' 'store'> <Ports = 17> <Width = 32> <Depth = 850> <RAM>
ST_11 : Operation 205 [1/2] (1.20ns)   --->   "%water_level_2_load_1 = load i10 %water_level_2_addr_1" [flood_HLS_base.cpp:134]   --->   Operation 205 'load' 'water_level_2_load_1' <Predicate = (!icmp_ln109 & icmp_ln111)> <Delay = 1.20> <CoreInst = "RAM_1WnR">   --->   Core 83 'RAM_1WnR' <Latency = 1> <II = 1> <Delay = 1.20> <Storage> <Opcode : 'load' 'store'> <Ports = 17> <Width = 32> <Depth = 850> <RAM>
ST_11 : Operation 206 [1/1] (0.38ns)   --->   "%tmp_4 = sparsemux i32 @_ssdm_op_SparseMux.ap_auto.3i32.i32.i2, i2 0, i32 %water_level_load_1, i2 1, i32 %water_level_1_load_1, i2 2, i32 %water_level_2_load_1, i32 0, i2 %trunc_ln52" [flood_HLS_base.cpp:134]   --->   Operation 206 'sparsemux' 'tmp_4' <Predicate = (!icmp_ln109 & icmp_ln111)> <Delay = 0.38> <CoreInst = "SparseMux">   --->   Core 144 'SparseMux' <Latency = 0> <II = 1> <Delay = 0.38> <FuncUnit> <Opcode : 'sparsemux'> <InPorts = 2> <OutPorts = 1>
ST_11 : Operation 207 [1/2] (1.20ns)   --->   "%water_level_load_2 = load i10 %water_level_addr_2" [flood_HLS_base.cpp:134]   --->   Operation 207 'load' 'water_level_load_2' <Predicate = (!icmp_ln109 & icmp_ln111)> <Delay = 1.20> <CoreInst = "RAM_1WnR">   --->   Core 83 'RAM_1WnR' <Latency = 1> <II = 1> <Delay = 1.20> <Storage> <Opcode : 'load' 'store'> <Ports = 17> <Width = 32> <Depth = 850> <RAM>
ST_11 : Operation 208 [1/2] (1.20ns)   --->   "%water_level_1_load_2 = load i10 %water_level_1_addr_2" [flood_HLS_base.cpp:134]   --->   Operation 208 'load' 'water_level_1_load_2' <Predicate = (!icmp_ln109 & icmp_ln111)> <Delay = 1.20> <CoreInst = "RAM_1WnR">   --->   Core 83 'RAM_1WnR' <Latency = 1> <II = 1> <Delay = 1.20> <Storage> <Opcode : 'load' 'store'> <Ports = 17> <Width = 32> <Depth = 850> <RAM>
ST_11 : Operation 209 [1/2] (1.20ns)   --->   "%water_level_2_load_2 = load i10 %water_level_2_addr_2" [flood_HLS_base.cpp:134]   --->   Operation 209 'load' 'water_level_2_load_2' <Predicate = (!icmp_ln109 & icmp_ln111)> <Delay = 1.20> <CoreInst = "RAM_1WnR">   --->   Core 83 'RAM_1WnR' <Latency = 1> <II = 1> <Delay = 1.20> <Storage> <Opcode : 'load' 'store'> <Ports = 17> <Width = 32> <Depth = 850> <RAM>
ST_11 : Operation 210 [1/1] (0.38ns)   --->   "%tmp_5 = sparsemux i32 @_ssdm_op_SparseMux.ap_auto.3i32.i32.i2, i2 0, i32 %water_level_load_2, i2 1, i32 %water_level_1_load_2, i2 2, i32 %water_level_2_load_2, i32 0, i2 %trunc_ln52" [flood_HLS_base.cpp:134]   --->   Operation 210 'sparsemux' 'tmp_5' <Predicate = (!icmp_ln109 & icmp_ln111)> <Delay = 0.38> <CoreInst = "SparseMux">   --->   Core 144 'SparseMux' <Latency = 0> <II = 1> <Delay = 0.38> <FuncUnit> <Opcode : 'sparsemux'> <InPorts = 2> <OutPorts = 1>
ST_11 : Operation 211 [1/1] (0.00ns)   --->   "%sext_ln72 = sext i7 %new_col_1" [flood_HLS_base.cpp:72]   --->   Operation 211 'sext' 'sext_ln72' <Predicate = (!icmp_ln109 & icmp_ln111)> <Delay = 0.00>
ST_11 : Operation 212 [1/1] (0.00ns)   --->   "%zext_ln72 = zext i32 %sext_ln72" [flood_HLS_base.cpp:72]   --->   Operation 212 'zext' 'zext_ln72' <Predicate = (!icmp_ln109 & icmp_ln111)> <Delay = 0.00>
ST_11 : Operation 213 [2/2] (2.27ns)   --->   "%mul_ln72 = mul i65 %zext_ln72, i65 5726623062" [flood_HLS_base.cpp:72]   --->   Operation 213 'mul' 'mul_ln72' <Predicate = (!icmp_ln109 & icmp_ln111)> <Delay = 2.27> <CoreInst = "Multiplier">   --->   Core 3 'Multiplier' <Latency = 1> <II = 1> <Delay = 2.27> <FuncUnit> <Opcode : 'mul'> <InPorts = 2> <OutPorts = 1>
ST_11 : Operation 214 [1/1] (0.00ns)   --->   "%zext_ln134_8 = zext i5 %tmp_50" [flood_HLS_base.cpp:134]   --->   Operation 214 'zext' 'zext_ln134_8' <Predicate = (!icmp_ln109 & icmp_ln111)> <Delay = 0.00>
ST_11 : Operation 215 [1/1] (0.72ns)   --->   "%add_ln134_6 = add i10 %mul_ln111, i10 %zext_ln134_8" [flood_HLS_base.cpp:134]   --->   Operation 215 'add' 'add_ln134_6' <Predicate = (!icmp_ln109 & icmp_ln111)> <Delay = 0.72> <CoreInst = "Adder">   --->   Core 1 'Adder' <Latency = 0> <II = 1> <Delay = 0.72> <FuncUnit> <Opcode : 'add' 'sub'> <InPorts = 2> <OutPorts = 1>
ST_11 : Operation 216 [1/1] (0.00ns)   --->   "%zext_ln134_9 = zext i10 %add_ln134_6" [flood_HLS_base.cpp:134]   --->   Operation 216 'zext' 'zext_ln134_9' <Predicate = (!icmp_ln109 & icmp_ln111)> <Delay = 0.00>
ST_11 : Operation 217 [1/1] (0.00ns)   --->   "%water_level_addr_4 = getelementptr i32 %water_level, i64 0, i64 %zext_ln134_9" [flood_HLS_base.cpp:134]   --->   Operation 217 'getelementptr' 'water_level_addr_4' <Predicate = (!icmp_ln109 & icmp_ln111 & trunc_ln52 == 2)> <Delay = 0.00>
ST_11 : Operation 218 [1/1] (0.00ns)   --->   "%water_level_1_addr_4 = getelementptr i32 %water_level_1, i64 0, i64 %zext_ln134_9" [flood_HLS_base.cpp:134]   --->   Operation 218 'getelementptr' 'water_level_1_addr_4' <Predicate = (!icmp_ln109 & icmp_ln111 & trunc_ln52 == 0)> <Delay = 0.00>
ST_11 : Operation 219 [1/1] (0.00ns)   --->   "%water_level_2_addr_4 = getelementptr i32 %water_level_2, i64 0, i64 %zext_ln134_9" [flood_HLS_base.cpp:134]   --->   Operation 219 'getelementptr' 'water_level_2_addr_4' <Predicate = (!icmp_ln109 & icmp_ln111 & trunc_ln52 == 1)> <Delay = 0.00>
ST_11 : Operation 220 [2/2] (1.20ns)   --->   "%water_level_load_4 = load i10 %water_level_addr_4" [flood_HLS_base.cpp:134]   --->   Operation 220 'load' 'water_level_load_4' <Predicate = (!icmp_ln109 & icmp_ln111 & trunc_ln52 == 2)> <Delay = 1.20> <CoreInst = "RAM_1WnR">   --->   Core 83 'RAM_1WnR' <Latency = 1> <II = 1> <Delay = 1.20> <Storage> <Opcode : 'load' 'store'> <Ports = 17> <Width = 32> <Depth = 850> <RAM>
ST_11 : Operation 221 [2/2] (1.20ns)   --->   "%water_level_1_load_4 = load i10 %water_level_1_addr_4" [flood_HLS_base.cpp:134]   --->   Operation 221 'load' 'water_level_1_load_4' <Predicate = (!icmp_ln109 & icmp_ln111 & trunc_ln52 == 0)> <Delay = 1.20> <CoreInst = "RAM_1WnR">   --->   Core 83 'RAM_1WnR' <Latency = 1> <II = 1> <Delay = 1.20> <Storage> <Opcode : 'load' 'store'> <Ports = 17> <Width = 32> <Depth = 850> <RAM>
ST_11 : Operation 222 [2/2] (1.20ns)   --->   "%water_level_2_load_4 = load i10 %water_level_2_addr_4" [flood_HLS_base.cpp:134]   --->   Operation 222 'load' 'water_level_2_load_4' <Predicate = (!icmp_ln109 & icmp_ln111 & trunc_ln52 == 1)> <Delay = 1.20> <CoreInst = "RAM_1WnR">   --->   Core 83 'RAM_1WnR' <Latency = 1> <II = 1> <Delay = 1.20> <Storage> <Opcode : 'load' 'store'> <Ports = 17> <Width = 32> <Depth = 850> <RAM>

State 12 <SV = 11> <Delay = 2.66>
ST_12 : Operation 223 [3/4] (2.66ns)   --->   "%conv3 = sitofp i32 %tmp_s" [flood_HLS_base.cpp:117]   --->   Operation 223 'sitofp' 'conv3' <Predicate = (!icmp_ln109 & icmp_ln111)> <Delay = 2.66> <CoreInst = "Int2Float">   --->   Core 62 'Int2Float' <Latency = 3> <II = 1> <Delay = 2.66> <FuncUnit> <Opcode : 'uitofp' 'sitofp'> <InPorts = 1> <OutPorts = 1>
ST_12 : Operation 224 [4/4] (2.66ns)   --->   "%conv4 = sitofp i32 %tmp_4" [flood_HLS_base.cpp:134]   --->   Operation 224 'sitofp' 'conv4' <Predicate = (!icmp_ln109 & icmp_ln111)> <Delay = 2.66> <CoreInst = "Int2Float">   --->   Core 62 'Int2Float' <Latency = 3> <II = 1> <Delay = 2.66> <FuncUnit> <Opcode : 'uitofp' 'sitofp'> <InPorts = 1> <OutPorts = 1>
ST_12 : Operation 225 [4/4] (2.66ns)   --->   "%conv300_1 = sitofp i32 %tmp_5" [flood_HLS_base.cpp:134]   --->   Operation 225 'sitofp' 'conv300_1' <Predicate = (!icmp_ln109 & icmp_ln111)> <Delay = 2.66> <CoreInst = "Int2Float">   --->   Core 62 'Int2Float' <Latency = 3> <II = 1> <Delay = 2.66> <FuncUnit> <Opcode : 'uitofp' 'sitofp'> <InPorts = 1> <OutPorts = 1>
ST_12 : Operation 226 [1/2] (2.27ns)   --->   "%mul_ln72 = mul i65 %zext_ln72, i65 5726623062" [flood_HLS_base.cpp:72]   --->   Operation 226 'mul' 'mul_ln72' <Predicate = (!icmp_ln109 & icmp_ln111)> <Delay = 2.27> <CoreInst = "Multiplier">   --->   Core 3 'Multiplier' <Latency = 1> <II = 1> <Delay = 2.27> <FuncUnit> <Opcode : 'mul'> <InPorts = 2> <OutPorts = 1>
ST_12 : Operation 227 [1/1] (0.00ns)   --->   "%udiv_ln1_cast = partselect i10 @_ssdm_op_PartSelect.i10.i65.i32.i32, i65 %mul_ln72, i32 34, i32 43" [flood_HLS_base.cpp:134]   --->   Operation 227 'partselect' 'udiv_ln1_cast' <Predicate = (!icmp_ln109 & icmp_ln111)> <Delay = 0.00>
ST_12 : Operation 228 [1/2] (1.20ns)   --->   "%water_level_load_4 = load i10 %water_level_addr_4" [flood_HLS_base.cpp:134]   --->   Operation 228 'load' 'water_level_load_4' <Predicate = (!icmp_ln109 & icmp_ln111 & trunc_ln52 == 2)> <Delay = 1.20> <CoreInst = "RAM_1WnR">   --->   Core 83 'RAM_1WnR' <Latency = 1> <II = 1> <Delay = 1.20> <Storage> <Opcode : 'load' 'store'> <Ports = 17> <Width = 32> <Depth = 850> <RAM>
ST_12 : Operation 229 [1/2] (1.20ns)   --->   "%water_level_1_load_4 = load i10 %water_level_1_addr_4" [flood_HLS_base.cpp:134]   --->   Operation 229 'load' 'water_level_1_load_4' <Predicate = (!icmp_ln109 & icmp_ln111 & trunc_ln52 == 0)> <Delay = 1.20> <CoreInst = "RAM_1WnR">   --->   Core 83 'RAM_1WnR' <Latency = 1> <II = 1> <Delay = 1.20> <Storage> <Opcode : 'load' 'store'> <Ports = 17> <Width = 32> <Depth = 850> <RAM>
ST_12 : Operation 230 [1/2] (1.20ns)   --->   "%water_level_2_load_4 = load i10 %water_level_2_addr_4" [flood_HLS_base.cpp:134]   --->   Operation 230 'load' 'water_level_2_load_4' <Predicate = (!icmp_ln109 & icmp_ln111 & trunc_ln52 == 1)> <Delay = 1.20> <CoreInst = "RAM_1WnR">   --->   Core 83 'RAM_1WnR' <Latency = 1> <II = 1> <Delay = 1.20> <Storage> <Opcode : 'load' 'store'> <Ports = 17> <Width = 32> <Depth = 850> <RAM>
ST_12 : Operation 231 [1/1] (0.38ns)   --->   "%tmp_11 = sparsemux i32 @_ssdm_op_SparseMux.ap_auto.3i32.i32.i2, i2 2, i32 %water_level_load_4, i2 0, i32 %water_level_1_load_4, i2 1, i32 %water_level_2_load_4, i32 0, i2 %trunc_ln52" [flood_HLS_base.cpp:134]   --->   Operation 231 'sparsemux' 'tmp_11' <Predicate = (!icmp_ln109 & icmp_ln111)> <Delay = 0.38> <CoreInst = "SparseMux">   --->   Core 144 'SparseMux' <Latency = 0> <II = 1> <Delay = 0.38> <FuncUnit> <Opcode : 'sparsemux'> <InPorts = 2> <OutPorts = 1>

State 13 <SV = 12> <Delay = 2.66>
ST_13 : Operation 232 [2/4] (2.66ns)   --->   "%conv3 = sitofp i32 %tmp_s" [flood_HLS_base.cpp:117]   --->   Operation 232 'sitofp' 'conv3' <Predicate = (!icmp_ln109 & icmp_ln111)> <Delay = 2.66> <CoreInst = "Int2Float">   --->   Core 62 'Int2Float' <Latency = 3> <II = 1> <Delay = 2.66> <FuncUnit> <Opcode : 'uitofp' 'sitofp'> <InPorts = 1> <OutPorts = 1>
ST_13 : Operation 233 [3/4] (2.66ns)   --->   "%conv4 = sitofp i32 %tmp_4" [flood_HLS_base.cpp:134]   --->   Operation 233 'sitofp' 'conv4' <Predicate = (!icmp_ln109 & icmp_ln111)> <Delay = 2.66> <CoreInst = "Int2Float">   --->   Core 62 'Int2Float' <Latency = 3> <II = 1> <Delay = 2.66> <FuncUnit> <Opcode : 'uitofp' 'sitofp'> <InPorts = 1> <OutPorts = 1>
ST_13 : Operation 234 [3/4] (2.66ns)   --->   "%conv300_1 = sitofp i32 %tmp_5" [flood_HLS_base.cpp:134]   --->   Operation 234 'sitofp' 'conv300_1' <Predicate = (!icmp_ln109 & icmp_ln111)> <Delay = 2.66> <CoreInst = "Int2Float">   --->   Core 62 'Int2Float' <Latency = 3> <II = 1> <Delay = 2.66> <FuncUnit> <Opcode : 'uitofp' 'sitofp'> <InPorts = 1> <OutPorts = 1>
ST_13 : Operation 235 [1/1] (0.72ns)   --->   "%add_ln134_4 = add i10 %mul_ln111, i10 %udiv_ln1_cast" [flood_HLS_base.cpp:134]   --->   Operation 235 'add' 'add_ln134_4' <Predicate = (!icmp_ln109 & icmp_ln111)> <Delay = 0.72> <CoreInst = "Adder">   --->   Core 1 'Adder' <Latency = 0> <II = 1> <Delay = 0.72> <FuncUnit> <Opcode : 'add' 'sub'> <InPorts = 2> <OutPorts = 1>
ST_13 : Operation 236 [4/4] (2.66ns)   --->   "%conv300_3 = sitofp i32 %tmp_11" [flood_HLS_base.cpp:134]   --->   Operation 236 'sitofp' 'conv300_3' <Predicate = (!icmp_ln109 & icmp_ln111)> <Delay = 2.66> <CoreInst = "Int2Float">   --->   Core 62 'Int2Float' <Latency = 3> <II = 1> <Delay = 2.66> <FuncUnit> <Opcode : 'uitofp' 'sitofp'> <InPorts = 1> <OutPorts = 1>

State 14 <SV = 13> <Delay = 2.66>
ST_14 : Operation 237 [1/4] (2.66ns)   --->   "%conv3 = sitofp i32 %tmp_s" [flood_HLS_base.cpp:117]   --->   Operation 237 'sitofp' 'conv3' <Predicate = (!icmp_ln109 & icmp_ln111)> <Delay = 2.66> <CoreInst = "Int2Float">   --->   Core 62 'Int2Float' <Latency = 3> <II = 1> <Delay = 2.66> <FuncUnit> <Opcode : 'uitofp' 'sitofp'> <InPorts = 1> <OutPorts = 1>
ST_14 : Operation 238 [2/4] (2.66ns)   --->   "%conv4 = sitofp i32 %tmp_4" [flood_HLS_base.cpp:134]   --->   Operation 238 'sitofp' 'conv4' <Predicate = (!icmp_ln109 & icmp_ln111)> <Delay = 2.66> <CoreInst = "Int2Float">   --->   Core 62 'Int2Float' <Latency = 3> <II = 1> <Delay = 2.66> <FuncUnit> <Opcode : 'uitofp' 'sitofp'> <InPorts = 1> <OutPorts = 1>
ST_14 : Operation 239 [2/4] (2.66ns)   --->   "%conv300_1 = sitofp i32 %tmp_5" [flood_HLS_base.cpp:134]   --->   Operation 239 'sitofp' 'conv300_1' <Predicate = (!icmp_ln109 & icmp_ln111)> <Delay = 2.66> <CoreInst = "Int2Float">   --->   Core 62 'Int2Float' <Latency = 3> <II = 1> <Delay = 2.66> <FuncUnit> <Opcode : 'uitofp' 'sitofp'> <InPorts = 1> <OutPorts = 1>
ST_14 : Operation 240 [1/1] (0.00ns)   --->   "%zext_ln134_7 = zext i10 %add_ln134_4" [flood_HLS_base.cpp:134]   --->   Operation 240 'zext' 'zext_ln134_7' <Predicate = (!icmp_ln109 & icmp_ln111)> <Delay = 0.00>
ST_14 : Operation 241 [1/1] (0.00ns)   --->   "%water_level_addr_3 = getelementptr i32 %water_level, i64 0, i64 %zext_ln134_7" [flood_HLS_base.cpp:134]   --->   Operation 241 'getelementptr' 'water_level_addr_3' <Predicate = (!icmp_ln109 & icmp_ln111 & trunc_ln52 == 1)> <Delay = 0.00>
ST_14 : Operation 242 [1/1] (0.00ns)   --->   "%water_level_1_addr_3 = getelementptr i32 %water_level_1, i64 0, i64 %zext_ln134_7" [flood_HLS_base.cpp:134]   --->   Operation 242 'getelementptr' 'water_level_1_addr_3' <Predicate = (!icmp_ln109 & icmp_ln111 & trunc_ln52 == 2)> <Delay = 0.00>
ST_14 : Operation 243 [1/1] (0.00ns)   --->   "%water_level_2_addr_3 = getelementptr i32 %water_level_2, i64 0, i64 %zext_ln134_7" [flood_HLS_base.cpp:134]   --->   Operation 243 'getelementptr' 'water_level_2_addr_3' <Predicate = (!icmp_ln109 & icmp_ln111 & trunc_ln52 == 0)> <Delay = 0.00>
ST_14 : Operation 244 [2/2] (1.20ns)   --->   "%water_level_load_3 = load i10 %water_level_addr_3" [flood_HLS_base.cpp:134]   --->   Operation 244 'load' 'water_level_load_3' <Predicate = (!icmp_ln109 & icmp_ln111 & trunc_ln52 == 1)> <Delay = 1.20> <CoreInst = "RAM_1WnR">   --->   Core 83 'RAM_1WnR' <Latency = 1> <II = 1> <Delay = 1.20> <Storage> <Opcode : 'load' 'store'> <Ports = 17> <Width = 32> <Depth = 850> <RAM>
ST_14 : Operation 245 [2/2] (1.20ns)   --->   "%water_level_1_load_3 = load i10 %water_level_1_addr_3" [flood_HLS_base.cpp:134]   --->   Operation 245 'load' 'water_level_1_load_3' <Predicate = (!icmp_ln109 & icmp_ln111 & trunc_ln52 == 2)> <Delay = 1.20> <CoreInst = "RAM_1WnR">   --->   Core 83 'RAM_1WnR' <Latency = 1> <II = 1> <Delay = 1.20> <Storage> <Opcode : 'load' 'store'> <Ports = 17> <Width = 32> <Depth = 850> <RAM>
ST_14 : Operation 246 [2/2] (1.20ns)   --->   "%water_level_2_load_3 = load i10 %water_level_2_addr_3" [flood_HLS_base.cpp:134]   --->   Operation 246 'load' 'water_level_2_load_3' <Predicate = (!icmp_ln109 & icmp_ln111 & trunc_ln52 == 0)> <Delay = 1.20> <CoreInst = "RAM_1WnR">   --->   Core 83 'RAM_1WnR' <Latency = 1> <II = 1> <Delay = 1.20> <Storage> <Opcode : 'load' 'store'> <Ports = 17> <Width = 32> <Depth = 850> <RAM>
ST_14 : Operation 247 [3/4] (2.66ns)   --->   "%conv300_3 = sitofp i32 %tmp_11" [flood_HLS_base.cpp:134]   --->   Operation 247 'sitofp' 'conv300_3' <Predicate = (!icmp_ln109 & icmp_ln111)> <Delay = 2.66> <CoreInst = "Int2Float">   --->   Core 62 'Int2Float' <Latency = 3> <II = 1> <Delay = 2.66> <FuncUnit> <Opcode : 'uitofp' 'sitofp'> <InPorts = 1> <OutPorts = 1>

State 15 <SV = 14> <Delay = 2.66>
ST_15 : Operation 248 [12/12] (2.32ns)   --->   "%div9 = fdiv i32 %conv3, i32 1e+06" [flood_HLS_base.cpp:117]   --->   Operation 248 'fdiv' 'div9' <Predicate = (!icmp_ln109 & icmp_ln111)> <Delay = 2.32> <CoreInst = "FDiv">   --->   Core 20 'FDiv' <Latency = 11> <II = 1> <Delay = 2.32> <FuncUnit> <Opcode : 'fdiv' 'frem'> <InPorts = 2> <OutPorts = 1>
ST_15 : Operation 249 [1/4] (2.66ns)   --->   "%conv4 = sitofp i32 %tmp_4" [flood_HLS_base.cpp:134]   --->   Operation 249 'sitofp' 'conv4' <Predicate = (!icmp_ln109 & icmp_ln111)> <Delay = 2.66> <CoreInst = "Int2Float">   --->   Core 62 'Int2Float' <Latency = 3> <II = 1> <Delay = 2.66> <FuncUnit> <Opcode : 'uitofp' 'sitofp'> <InPorts = 1> <OutPorts = 1>
ST_15 : Operation 250 [1/4] (2.66ns)   --->   "%conv300_1 = sitofp i32 %tmp_5" [flood_HLS_base.cpp:134]   --->   Operation 250 'sitofp' 'conv300_1' <Predicate = (!icmp_ln109 & icmp_ln111)> <Delay = 2.66> <CoreInst = "Int2Float">   --->   Core 62 'Int2Float' <Latency = 3> <II = 1> <Delay = 2.66> <FuncUnit> <Opcode : 'uitofp' 'sitofp'> <InPorts = 1> <OutPorts = 1>
ST_15 : Operation 251 [1/2] (1.20ns)   --->   "%water_level_load_3 = load i10 %water_level_addr_3" [flood_HLS_base.cpp:134]   --->   Operation 251 'load' 'water_level_load_3' <Predicate = (!icmp_ln109 & icmp_ln111 & trunc_ln52 == 1)> <Delay = 1.20> <CoreInst = "RAM_1WnR">   --->   Core 83 'RAM_1WnR' <Latency = 1> <II = 1> <Delay = 1.20> <Storage> <Opcode : 'load' 'store'> <Ports = 17> <Width = 32> <Depth = 850> <RAM>
ST_15 : Operation 252 [1/2] (1.20ns)   --->   "%water_level_1_load_3 = load i10 %water_level_1_addr_3" [flood_HLS_base.cpp:134]   --->   Operation 252 'load' 'water_level_1_load_3' <Predicate = (!icmp_ln109 & icmp_ln111 & trunc_ln52 == 2)> <Delay = 1.20> <CoreInst = "RAM_1WnR">   --->   Core 83 'RAM_1WnR' <Latency = 1> <II = 1> <Delay = 1.20> <Storage> <Opcode : 'load' 'store'> <Ports = 17> <Width = 32> <Depth = 850> <RAM>
ST_15 : Operation 253 [1/2] (1.20ns)   --->   "%water_level_2_load_3 = load i10 %water_level_2_addr_3" [flood_HLS_base.cpp:134]   --->   Operation 253 'load' 'water_level_2_load_3' <Predicate = (!icmp_ln109 & icmp_ln111 & trunc_ln52 == 0)> <Delay = 1.20> <CoreInst = "RAM_1WnR">   --->   Core 83 'RAM_1WnR' <Latency = 1> <II = 1> <Delay = 1.20> <Storage> <Opcode : 'load' 'store'> <Ports = 17> <Width = 32> <Depth = 850> <RAM>
ST_15 : Operation 254 [1/1] (0.38ns)   --->   "%tmp_6 = sparsemux i32 @_ssdm_op_SparseMux.ap_auto.3i32.i32.i2, i2 1, i32 %water_level_load_3, i2 2, i32 %water_level_1_load_3, i2 0, i32 %water_level_2_load_3, i32 0, i2 %trunc_ln52" [flood_HLS_base.cpp:134]   --->   Operation 254 'sparsemux' 'tmp_6' <Predicate = (!icmp_ln109 & icmp_ln111)> <Delay = 0.38> <CoreInst = "SparseMux">   --->   Core 144 'SparseMux' <Latency = 0> <II = 1> <Delay = 0.38> <FuncUnit> <Opcode : 'sparsemux'> <InPorts = 2> <OutPorts = 1>
ST_15 : Operation 255 [2/4] (2.66ns)   --->   "%conv300_3 = sitofp i32 %tmp_11" [flood_HLS_base.cpp:134]   --->   Operation 255 'sitofp' 'conv300_3' <Predicate = (!icmp_ln109 & icmp_ln111)> <Delay = 2.66> <CoreInst = "Int2Float">   --->   Core 62 'Int2Float' <Latency = 3> <II = 1> <Delay = 2.66> <FuncUnit> <Opcode : 'uitofp' 'sitofp'> <InPorts = 1> <OutPorts = 1>

State 16 <SV = 15> <Delay = 2.66>
ST_16 : Operation 256 [11/12] (2.32ns)   --->   "%div9 = fdiv i32 %conv3, i32 1e+06" [flood_HLS_base.cpp:117]   --->   Operation 256 'fdiv' 'div9' <Predicate = (!icmp_ln109 & icmp_ln111)> <Delay = 2.32> <CoreInst = "FDiv">   --->   Core 20 'FDiv' <Latency = 11> <II = 1> <Delay = 2.32> <FuncUnit> <Opcode : 'fdiv' 'frem'> <InPorts = 2> <OutPorts = 1>
ST_16 : Operation 257 [12/12] (2.32ns)   --->   "%div4 = fdiv i32 %conv4, i32 1e+06" [flood_HLS_base.cpp:134]   --->   Operation 257 'fdiv' 'div4' <Predicate = (!icmp_ln109 & icmp_ln111)> <Delay = 2.32> <CoreInst = "FDiv">   --->   Core 20 'FDiv' <Latency = 11> <II = 1> <Delay = 2.32> <FuncUnit> <Opcode : 'fdiv' 'frem'> <InPorts = 2> <OutPorts = 1>
ST_16 : Operation 258 [12/12] (2.32ns)   --->   "%div301_1 = fdiv i32 %conv300_1, i32 1e+06" [flood_HLS_base.cpp:134]   --->   Operation 258 'fdiv' 'div301_1' <Predicate = (!icmp_ln109 & icmp_ln111)> <Delay = 2.32> <CoreInst = "FDiv">   --->   Core 20 'FDiv' <Latency = 11> <II = 1> <Delay = 2.32> <FuncUnit> <Opcode : 'fdiv' 'frem'> <InPorts = 2> <OutPorts = 1>
ST_16 : Operation 259 [4/4] (2.66ns)   --->   "%conv300_2 = sitofp i32 %tmp_6" [flood_HLS_base.cpp:134]   --->   Operation 259 'sitofp' 'conv300_2' <Predicate = (!icmp_ln109 & icmp_ln111)> <Delay = 2.66> <CoreInst = "Int2Float">   --->   Core 62 'Int2Float' <Latency = 3> <II = 1> <Delay = 2.66> <FuncUnit> <Opcode : 'uitofp' 'sitofp'> <InPorts = 1> <OutPorts = 1>
ST_16 : Operation 260 [1/4] (2.66ns)   --->   "%conv300_3 = sitofp i32 %tmp_11" [flood_HLS_base.cpp:134]   --->   Operation 260 'sitofp' 'conv300_3' <Predicate = (!icmp_ln109 & icmp_ln111)> <Delay = 2.66> <CoreInst = "Int2Float">   --->   Core 62 'Int2Float' <Latency = 3> <II = 1> <Delay = 2.66> <FuncUnit> <Opcode : 'uitofp' 'sitofp'> <InPorts = 1> <OutPorts = 1>

State 17 <SV = 16> <Delay = 2.66>
ST_17 : Operation 261 [10/12] (2.32ns)   --->   "%div9 = fdiv i32 %conv3, i32 1e+06" [flood_HLS_base.cpp:117]   --->   Operation 261 'fdiv' 'div9' <Predicate = (!icmp_ln109 & icmp_ln111)> <Delay = 2.32> <CoreInst = "FDiv">   --->   Core 20 'FDiv' <Latency = 11> <II = 1> <Delay = 2.32> <FuncUnit> <Opcode : 'fdiv' 'frem'> <InPorts = 2> <OutPorts = 1>
ST_17 : Operation 262 [11/12] (2.32ns)   --->   "%div4 = fdiv i32 %conv4, i32 1e+06" [flood_HLS_base.cpp:134]   --->   Operation 262 'fdiv' 'div4' <Predicate = (!icmp_ln109 & icmp_ln111)> <Delay = 2.32> <CoreInst = "FDiv">   --->   Core 20 'FDiv' <Latency = 11> <II = 1> <Delay = 2.32> <FuncUnit> <Opcode : 'fdiv' 'frem'> <InPorts = 2> <OutPorts = 1>
ST_17 : Operation 263 [11/12] (2.32ns)   --->   "%div301_1 = fdiv i32 %conv300_1, i32 1e+06" [flood_HLS_base.cpp:134]   --->   Operation 263 'fdiv' 'div301_1' <Predicate = (!icmp_ln109 & icmp_ln111)> <Delay = 2.32> <CoreInst = "FDiv">   --->   Core 20 'FDiv' <Latency = 11> <II = 1> <Delay = 2.32> <FuncUnit> <Opcode : 'fdiv' 'frem'> <InPorts = 2> <OutPorts = 1>
ST_17 : Operation 264 [3/4] (2.66ns)   --->   "%conv300_2 = sitofp i32 %tmp_6" [flood_HLS_base.cpp:134]   --->   Operation 264 'sitofp' 'conv300_2' <Predicate = (!icmp_ln109 & icmp_ln111)> <Delay = 2.66> <CoreInst = "Int2Float">   --->   Core 62 'Int2Float' <Latency = 3> <II = 1> <Delay = 2.66> <FuncUnit> <Opcode : 'uitofp' 'sitofp'> <InPorts = 1> <OutPorts = 1>
ST_17 : Operation 265 [12/12] (2.32ns)   --->   "%div301_3 = fdiv i32 %conv300_3, i32 1e+06" [flood_HLS_base.cpp:134]   --->   Operation 265 'fdiv' 'div301_3' <Predicate = (!icmp_ln109 & icmp_ln111)> <Delay = 2.32> <CoreInst = "FDiv">   --->   Core 20 'FDiv' <Latency = 11> <II = 1> <Delay = 2.32> <FuncUnit> <Opcode : 'fdiv' 'frem'> <InPorts = 2> <OutPorts = 1>

State 18 <SV = 17> <Delay = 2.66>
ST_18 : Operation 266 [9/12] (2.32ns)   --->   "%div9 = fdiv i32 %conv3, i32 1e+06" [flood_HLS_base.cpp:117]   --->   Operation 266 'fdiv' 'div9' <Predicate = (!icmp_ln109 & icmp_ln111)> <Delay = 2.32> <CoreInst = "FDiv">   --->   Core 20 'FDiv' <Latency = 11> <II = 1> <Delay = 2.32> <FuncUnit> <Opcode : 'fdiv' 'frem'> <InPorts = 2> <OutPorts = 1>
ST_18 : Operation 267 [10/12] (2.32ns)   --->   "%div4 = fdiv i32 %conv4, i32 1e+06" [flood_HLS_base.cpp:134]   --->   Operation 267 'fdiv' 'div4' <Predicate = (!icmp_ln109 & icmp_ln111)> <Delay = 2.32> <CoreInst = "FDiv">   --->   Core 20 'FDiv' <Latency = 11> <II = 1> <Delay = 2.32> <FuncUnit> <Opcode : 'fdiv' 'frem'> <InPorts = 2> <OutPorts = 1>
ST_18 : Operation 268 [10/12] (2.32ns)   --->   "%div301_1 = fdiv i32 %conv300_1, i32 1e+06" [flood_HLS_base.cpp:134]   --->   Operation 268 'fdiv' 'div301_1' <Predicate = (!icmp_ln109 & icmp_ln111)> <Delay = 2.32> <CoreInst = "FDiv">   --->   Core 20 'FDiv' <Latency = 11> <II = 1> <Delay = 2.32> <FuncUnit> <Opcode : 'fdiv' 'frem'> <InPorts = 2> <OutPorts = 1>
ST_18 : Operation 269 [2/4] (2.66ns)   --->   "%conv300_2 = sitofp i32 %tmp_6" [flood_HLS_base.cpp:134]   --->   Operation 269 'sitofp' 'conv300_2' <Predicate = (!icmp_ln109 & icmp_ln111)> <Delay = 2.66> <CoreInst = "Int2Float">   --->   Core 62 'Int2Float' <Latency = 3> <II = 1> <Delay = 2.66> <FuncUnit> <Opcode : 'uitofp' 'sitofp'> <InPorts = 1> <OutPorts = 1>
ST_18 : Operation 270 [11/12] (2.32ns)   --->   "%div301_3 = fdiv i32 %conv300_3, i32 1e+06" [flood_HLS_base.cpp:134]   --->   Operation 270 'fdiv' 'div301_3' <Predicate = (!icmp_ln109 & icmp_ln111)> <Delay = 2.32> <CoreInst = "FDiv">   --->   Core 20 'FDiv' <Latency = 11> <II = 1> <Delay = 2.32> <FuncUnit> <Opcode : 'fdiv' 'frem'> <InPorts = 2> <OutPorts = 1>

State 19 <SV = 18> <Delay = 2.66>
ST_19 : Operation 271 [8/12] (2.32ns)   --->   "%div9 = fdiv i32 %conv3, i32 1e+06" [flood_HLS_base.cpp:117]   --->   Operation 271 'fdiv' 'div9' <Predicate = (!icmp_ln109 & icmp_ln111)> <Delay = 2.32> <CoreInst = "FDiv">   --->   Core 20 'FDiv' <Latency = 11> <II = 1> <Delay = 2.32> <FuncUnit> <Opcode : 'fdiv' 'frem'> <InPorts = 2> <OutPorts = 1>
ST_19 : Operation 272 [9/12] (2.32ns)   --->   "%div4 = fdiv i32 %conv4, i32 1e+06" [flood_HLS_base.cpp:134]   --->   Operation 272 'fdiv' 'div4' <Predicate = (!icmp_ln109 & icmp_ln111)> <Delay = 2.32> <CoreInst = "FDiv">   --->   Core 20 'FDiv' <Latency = 11> <II = 1> <Delay = 2.32> <FuncUnit> <Opcode : 'fdiv' 'frem'> <InPorts = 2> <OutPorts = 1>
ST_19 : Operation 273 [9/12] (2.32ns)   --->   "%div301_1 = fdiv i32 %conv300_1, i32 1e+06" [flood_HLS_base.cpp:134]   --->   Operation 273 'fdiv' 'div301_1' <Predicate = (!icmp_ln109 & icmp_ln111)> <Delay = 2.32> <CoreInst = "FDiv">   --->   Core 20 'FDiv' <Latency = 11> <II = 1> <Delay = 2.32> <FuncUnit> <Opcode : 'fdiv' 'frem'> <InPorts = 2> <OutPorts = 1>
ST_19 : Operation 274 [1/4] (2.66ns)   --->   "%conv300_2 = sitofp i32 %tmp_6" [flood_HLS_base.cpp:134]   --->   Operation 274 'sitofp' 'conv300_2' <Predicate = (!icmp_ln109 & icmp_ln111)> <Delay = 2.66> <CoreInst = "Int2Float">   --->   Core 62 'Int2Float' <Latency = 3> <II = 1> <Delay = 2.66> <FuncUnit> <Opcode : 'uitofp' 'sitofp'> <InPorts = 1> <OutPorts = 1>
ST_19 : Operation 275 [10/12] (2.32ns)   --->   "%div301_3 = fdiv i32 %conv300_3, i32 1e+06" [flood_HLS_base.cpp:134]   --->   Operation 275 'fdiv' 'div301_3' <Predicate = (!icmp_ln109 & icmp_ln111)> <Delay = 2.32> <CoreInst = "FDiv">   --->   Core 20 'FDiv' <Latency = 11> <II = 1> <Delay = 2.32> <FuncUnit> <Opcode : 'fdiv' 'frem'> <InPorts = 2> <OutPorts = 1>

State 20 <SV = 19> <Delay = 2.32>
ST_20 : Operation 276 [7/12] (2.32ns)   --->   "%div9 = fdiv i32 %conv3, i32 1e+06" [flood_HLS_base.cpp:117]   --->   Operation 276 'fdiv' 'div9' <Predicate = (!icmp_ln109 & icmp_ln111)> <Delay = 2.32> <CoreInst = "FDiv">   --->   Core 20 'FDiv' <Latency = 11> <II = 1> <Delay = 2.32> <FuncUnit> <Opcode : 'fdiv' 'frem'> <InPorts = 2> <OutPorts = 1>
ST_20 : Operation 277 [8/12] (2.32ns)   --->   "%div4 = fdiv i32 %conv4, i32 1e+06" [flood_HLS_base.cpp:134]   --->   Operation 277 'fdiv' 'div4' <Predicate = (!icmp_ln109 & icmp_ln111)> <Delay = 2.32> <CoreInst = "FDiv">   --->   Core 20 'FDiv' <Latency = 11> <II = 1> <Delay = 2.32> <FuncUnit> <Opcode : 'fdiv' 'frem'> <InPorts = 2> <OutPorts = 1>
ST_20 : Operation 278 [8/12] (2.32ns)   --->   "%div301_1 = fdiv i32 %conv300_1, i32 1e+06" [flood_HLS_base.cpp:134]   --->   Operation 278 'fdiv' 'div301_1' <Predicate = (!icmp_ln109 & icmp_ln111)> <Delay = 2.32> <CoreInst = "FDiv">   --->   Core 20 'FDiv' <Latency = 11> <II = 1> <Delay = 2.32> <FuncUnit> <Opcode : 'fdiv' 'frem'> <InPorts = 2> <OutPorts = 1>
ST_20 : Operation 279 [12/12] (2.32ns)   --->   "%div301_2 = fdiv i32 %conv300_2, i32 1e+06" [flood_HLS_base.cpp:134]   --->   Operation 279 'fdiv' 'div301_2' <Predicate = (!icmp_ln109 & icmp_ln111)> <Delay = 2.32> <CoreInst = "FDiv">   --->   Core 20 'FDiv' <Latency = 11> <II = 1> <Delay = 2.32> <FuncUnit> <Opcode : 'fdiv' 'frem'> <InPorts = 2> <OutPorts = 1>
ST_20 : Operation 280 [9/12] (2.32ns)   --->   "%div301_3 = fdiv i32 %conv300_3, i32 1e+06" [flood_HLS_base.cpp:134]   --->   Operation 280 'fdiv' 'div301_3' <Predicate = (!icmp_ln109 & icmp_ln111)> <Delay = 2.32> <CoreInst = "FDiv">   --->   Core 20 'FDiv' <Latency = 11> <II = 1> <Delay = 2.32> <FuncUnit> <Opcode : 'fdiv' 'frem'> <InPorts = 2> <OutPorts = 1>

State 21 <SV = 20> <Delay = 2.32>
ST_21 : Operation 281 [6/12] (2.32ns)   --->   "%div9 = fdiv i32 %conv3, i32 1e+06" [flood_HLS_base.cpp:117]   --->   Operation 281 'fdiv' 'div9' <Predicate = (!icmp_ln109 & icmp_ln111)> <Delay = 2.32> <CoreInst = "FDiv">   --->   Core 20 'FDiv' <Latency = 11> <II = 1> <Delay = 2.32> <FuncUnit> <Opcode : 'fdiv' 'frem'> <InPorts = 2> <OutPorts = 1>
ST_21 : Operation 282 [7/12] (2.32ns)   --->   "%div4 = fdiv i32 %conv4, i32 1e+06" [flood_HLS_base.cpp:134]   --->   Operation 282 'fdiv' 'div4' <Predicate = (!icmp_ln109 & icmp_ln111)> <Delay = 2.32> <CoreInst = "FDiv">   --->   Core 20 'FDiv' <Latency = 11> <II = 1> <Delay = 2.32> <FuncUnit> <Opcode : 'fdiv' 'frem'> <InPorts = 2> <OutPorts = 1>
ST_21 : Operation 283 [7/12] (2.32ns)   --->   "%div301_1 = fdiv i32 %conv300_1, i32 1e+06" [flood_HLS_base.cpp:134]   --->   Operation 283 'fdiv' 'div301_1' <Predicate = (!icmp_ln109 & icmp_ln111)> <Delay = 2.32> <CoreInst = "FDiv">   --->   Core 20 'FDiv' <Latency = 11> <II = 1> <Delay = 2.32> <FuncUnit> <Opcode : 'fdiv' 'frem'> <InPorts = 2> <OutPorts = 1>
ST_21 : Operation 284 [11/12] (2.32ns)   --->   "%div301_2 = fdiv i32 %conv300_2, i32 1e+06" [flood_HLS_base.cpp:134]   --->   Operation 284 'fdiv' 'div301_2' <Predicate = (!icmp_ln109 & icmp_ln111)> <Delay = 2.32> <CoreInst = "FDiv">   --->   Core 20 'FDiv' <Latency = 11> <II = 1> <Delay = 2.32> <FuncUnit> <Opcode : 'fdiv' 'frem'> <InPorts = 2> <OutPorts = 1>
ST_21 : Operation 285 [8/12] (2.32ns)   --->   "%div301_3 = fdiv i32 %conv300_3, i32 1e+06" [flood_HLS_base.cpp:134]   --->   Operation 285 'fdiv' 'div301_3' <Predicate = (!icmp_ln109 & icmp_ln111)> <Delay = 2.32> <CoreInst = "FDiv">   --->   Core 20 'FDiv' <Latency = 11> <II = 1> <Delay = 2.32> <FuncUnit> <Opcode : 'fdiv' 'frem'> <InPorts = 2> <OutPorts = 1>

State 22 <SV = 21> <Delay = 2.32>
ST_22 : Operation 286 [1/1] (0.00ns)   --->   "%zext_ln117 = zext i6 %select_ln109" [flood_HLS_base.cpp:117]   --->   Operation 286 'zext' 'zext_ln117' <Predicate = (!icmp_ln109)> <Delay = 0.00>
ST_22 : Operation 287 [1/1] (1.27ns)   --->   "%mul_ln117 = mul i12 %zext_ln117, i12 50" [flood_HLS_base.cpp:117]   --->   Operation 287 'mul' 'mul_ln117' <Predicate = (!icmp_ln109)> <Delay = 1.27> <CoreInst = "Multiplier">   --->   Core 3 'Multiplier' <Latency = 0> <II = 1> <Delay = 1.27> <FuncUnit> <Opcode : 'mul'> <InPorts = 2> <OutPorts = 1>
ST_22 : Operation 288 [5/12] (2.32ns)   --->   "%div9 = fdiv i32 %conv3, i32 1e+06" [flood_HLS_base.cpp:117]   --->   Operation 288 'fdiv' 'div9' <Predicate = (!icmp_ln109 & icmp_ln111)> <Delay = 2.32> <CoreInst = "FDiv">   --->   Core 20 'FDiv' <Latency = 11> <II = 1> <Delay = 2.32> <FuncUnit> <Opcode : 'fdiv' 'frem'> <InPorts = 2> <OutPorts = 1>
ST_22 : Operation 289 [6/12] (2.32ns)   --->   "%div4 = fdiv i32 %conv4, i32 1e+06" [flood_HLS_base.cpp:134]   --->   Operation 289 'fdiv' 'div4' <Predicate = (!icmp_ln109 & icmp_ln111)> <Delay = 2.32> <CoreInst = "FDiv">   --->   Core 20 'FDiv' <Latency = 11> <II = 1> <Delay = 2.32> <FuncUnit> <Opcode : 'fdiv' 'frem'> <InPorts = 2> <OutPorts = 1>
ST_22 : Operation 290 [6/12] (2.32ns)   --->   "%div301_1 = fdiv i32 %conv300_1, i32 1e+06" [flood_HLS_base.cpp:134]   --->   Operation 290 'fdiv' 'div301_1' <Predicate = (!icmp_ln109 & icmp_ln111)> <Delay = 2.32> <CoreInst = "FDiv">   --->   Core 20 'FDiv' <Latency = 11> <II = 1> <Delay = 2.32> <FuncUnit> <Opcode : 'fdiv' 'frem'> <InPorts = 2> <OutPorts = 1>
ST_22 : Operation 291 [10/12] (2.32ns)   --->   "%div301_2 = fdiv i32 %conv300_2, i32 1e+06" [flood_HLS_base.cpp:134]   --->   Operation 291 'fdiv' 'div301_2' <Predicate = (!icmp_ln109 & icmp_ln111)> <Delay = 2.32> <CoreInst = "FDiv">   --->   Core 20 'FDiv' <Latency = 11> <II = 1> <Delay = 2.32> <FuncUnit> <Opcode : 'fdiv' 'frem'> <InPorts = 2> <OutPorts = 1>
ST_22 : Operation 292 [7/12] (2.32ns)   --->   "%div301_3 = fdiv i32 %conv300_3, i32 1e+06" [flood_HLS_base.cpp:134]   --->   Operation 292 'fdiv' 'div301_3' <Predicate = (!icmp_ln109 & icmp_ln111)> <Delay = 2.32> <CoreInst = "FDiv">   --->   Core 20 'FDiv' <Latency = 11> <II = 1> <Delay = 2.32> <FuncUnit> <Opcode : 'fdiv' 'frem'> <InPorts = 2> <OutPorts = 1>

State 23 <SV = 22> <Delay = 2.32>
ST_23 : Operation 293 [4/12] (2.32ns)   --->   "%div9 = fdiv i32 %conv3, i32 1e+06" [flood_HLS_base.cpp:117]   --->   Operation 293 'fdiv' 'div9' <Predicate = (!icmp_ln109 & icmp_ln111)> <Delay = 2.32> <CoreInst = "FDiv">   --->   Core 20 'FDiv' <Latency = 11> <II = 1> <Delay = 2.32> <FuncUnit> <Opcode : 'fdiv' 'frem'> <InPorts = 2> <OutPorts = 1>
ST_23 : Operation 294 [5/12] (2.32ns)   --->   "%div4 = fdiv i32 %conv4, i32 1e+06" [flood_HLS_base.cpp:134]   --->   Operation 294 'fdiv' 'div4' <Predicate = (!icmp_ln109 & icmp_ln111)> <Delay = 2.32> <CoreInst = "FDiv">   --->   Core 20 'FDiv' <Latency = 11> <II = 1> <Delay = 2.32> <FuncUnit> <Opcode : 'fdiv' 'frem'> <InPorts = 2> <OutPorts = 1>
ST_23 : Operation 295 [5/12] (2.32ns)   --->   "%div301_1 = fdiv i32 %conv300_1, i32 1e+06" [flood_HLS_base.cpp:134]   --->   Operation 295 'fdiv' 'div301_1' <Predicate = (!icmp_ln109 & icmp_ln111)> <Delay = 2.32> <CoreInst = "FDiv">   --->   Core 20 'FDiv' <Latency = 11> <II = 1> <Delay = 2.32> <FuncUnit> <Opcode : 'fdiv' 'frem'> <InPorts = 2> <OutPorts = 1>
ST_23 : Operation 296 [9/12] (2.32ns)   --->   "%div301_2 = fdiv i32 %conv300_2, i32 1e+06" [flood_HLS_base.cpp:134]   --->   Operation 296 'fdiv' 'div301_2' <Predicate = (!icmp_ln109 & icmp_ln111)> <Delay = 2.32> <CoreInst = "FDiv">   --->   Core 20 'FDiv' <Latency = 11> <II = 1> <Delay = 2.32> <FuncUnit> <Opcode : 'fdiv' 'frem'> <InPorts = 2> <OutPorts = 1>
ST_23 : Operation 297 [6/12] (2.32ns)   --->   "%div301_3 = fdiv i32 %conv300_3, i32 1e+06" [flood_HLS_base.cpp:134]   --->   Operation 297 'fdiv' 'div301_3' <Predicate = (!icmp_ln109 & icmp_ln111)> <Delay = 2.32> <CoreInst = "FDiv">   --->   Core 20 'FDiv' <Latency = 11> <II = 1> <Delay = 2.32> <FuncUnit> <Opcode : 'fdiv' 'frem'> <InPorts = 2> <OutPorts = 1>

State 24 <SV = 23> <Delay = 2.32>
ST_24 : Operation 298 [1/1] (0.70ns)   --->   "%empty_70 = icmp_ugt  i7 %new_row, i7 49" [flood_HLS_base.cpp:109]   --->   Operation 298 'icmp' 'empty_70' <Predicate = (!icmp_ln109)> <Delay = 0.70> <CoreInst = "Cmp">   --->   Core 9 'Cmp' <Latency = 0> <II = 1> <Delay = 0.70> <FuncUnit> <Opcode : 'seteq' 'setne' 'setle' 'setge' 'setlt' 'setgt'> <InPorts = 2> <OutPorts = 1>
ST_24 : Operation 299 [1/1] (0.00ns)   --->   "%zext_ln134_1 = zext i7 %new_row" [flood_HLS_base.cpp:134]   --->   Operation 299 'zext' 'zext_ln134_1' <Predicate = (!icmp_ln109)> <Delay = 0.00>
ST_24 : Operation 300 [1/1] (1.27ns)   --->   "%mul_ln134 = mul i12 %zext_ln134_1, i12 50" [flood_HLS_base.cpp:134]   --->   Operation 300 'mul' 'mul_ln134' <Predicate = (!icmp_ln109)> <Delay = 1.27> <CoreInst = "Multiplier">   --->   Core 3 'Multiplier' <Latency = 0> <II = 1> <Delay = 1.27> <FuncUnit> <Opcode : 'mul'> <InPorts = 2> <OutPorts = 1>
ST_24 : Operation 301 [1/1] (0.70ns)   --->   "%empty_71 = icmp_ugt  i6 %new_row_1, i6 49" [flood_HLS_base.cpp:109]   --->   Operation 301 'icmp' 'empty_71' <Predicate = (!icmp_ln109)> <Delay = 0.70> <CoreInst = "Cmp">   --->   Core 9 'Cmp' <Latency = 0> <II = 1> <Delay = 0.70> <FuncUnit> <Opcode : 'seteq' 'setne' 'setle' 'setge' 'setlt' 'setgt'> <InPorts = 2> <OutPorts = 1>
ST_24 : Operation 302 [1/1] (0.00ns)   --->   "%zext_ln134_2 = zext i6 %new_row_1" [flood_HLS_base.cpp:134]   --->   Operation 302 'zext' 'zext_ln134_2' <Predicate = (!icmp_ln109)> <Delay = 0.00>
ST_24 : Operation 303 [1/1] (1.27ns)   --->   "%mul_ln134_2 = mul i12 %zext_ln134_2, i12 50" [flood_HLS_base.cpp:134]   --->   Operation 303 'mul' 'mul_ln134_2' <Predicate = (!icmp_ln109)> <Delay = 1.27> <CoreInst = "Multiplier">   --->   Core 3 'Multiplier' <Latency = 0> <II = 1> <Delay = 1.27> <FuncUnit> <Opcode : 'mul'> <InPorts = 2> <OutPorts = 1>
ST_24 : Operation 304 [3/12] (2.32ns)   --->   "%div9 = fdiv i32 %conv3, i32 1e+06" [flood_HLS_base.cpp:117]   --->   Operation 304 'fdiv' 'div9' <Predicate = (!icmp_ln109 & icmp_ln111)> <Delay = 2.32> <CoreInst = "FDiv">   --->   Core 20 'FDiv' <Latency = 11> <II = 1> <Delay = 2.32> <FuncUnit> <Opcode : 'fdiv' 'frem'> <InPorts = 2> <OutPorts = 1>
ST_24 : Operation 305 [4/12] (2.32ns)   --->   "%div4 = fdiv i32 %conv4, i32 1e+06" [flood_HLS_base.cpp:134]   --->   Operation 305 'fdiv' 'div4' <Predicate = (!icmp_ln109 & icmp_ln111)> <Delay = 2.32> <CoreInst = "FDiv">   --->   Core 20 'FDiv' <Latency = 11> <II = 1> <Delay = 2.32> <FuncUnit> <Opcode : 'fdiv' 'frem'> <InPorts = 2> <OutPorts = 1>
ST_24 : Operation 306 [4/12] (2.32ns)   --->   "%div301_1 = fdiv i32 %conv300_1, i32 1e+06" [flood_HLS_base.cpp:134]   --->   Operation 306 'fdiv' 'div301_1' <Predicate = (!icmp_ln109 & icmp_ln111)> <Delay = 2.32> <CoreInst = "FDiv">   --->   Core 20 'FDiv' <Latency = 11> <II = 1> <Delay = 2.32> <FuncUnit> <Opcode : 'fdiv' 'frem'> <InPorts = 2> <OutPorts = 1>
ST_24 : Operation 307 [8/12] (2.32ns)   --->   "%div301_2 = fdiv i32 %conv300_2, i32 1e+06" [flood_HLS_base.cpp:134]   --->   Operation 307 'fdiv' 'div301_2' <Predicate = (!icmp_ln109 & icmp_ln111)> <Delay = 2.32> <CoreInst = "FDiv">   --->   Core 20 'FDiv' <Latency = 11> <II = 1> <Delay = 2.32> <FuncUnit> <Opcode : 'fdiv' 'frem'> <InPorts = 2> <OutPorts = 1>
ST_24 : Operation 308 [5/12] (2.32ns)   --->   "%div301_3 = fdiv i32 %conv300_3, i32 1e+06" [flood_HLS_base.cpp:134]   --->   Operation 308 'fdiv' 'div301_3' <Predicate = (!icmp_ln109 & icmp_ln111)> <Delay = 2.32> <CoreInst = "FDiv">   --->   Core 20 'FDiv' <Latency = 11> <II = 1> <Delay = 2.32> <FuncUnit> <Opcode : 'fdiv' 'frem'> <InPorts = 2> <OutPorts = 1>

State 25 <SV = 24> <Delay = 2.39>
ST_25 : Operation 309 [1/1] (0.00ns)   --->   "%specloopname_ln0 = specloopname void @_ssdm_op_SpecLoopName, void @VITIS_LOOP_109_9_VITIS_LOOP_110_10_str"   --->   Operation 309 'specloopname' 'specloopname_ln0' <Predicate = (!icmp_ln109)> <Delay = 0.00>
ST_25 : Operation 310 [1/1] (0.00ns)   --->   "%speclooptripcount_ln0 = speclooptripcount void @_ssdm_op_SpecLoopTripCount, i64 2500, i64 2500, i64 2500"   --->   Operation 310 'speclooptripcount' 'speclooptripcount_ln0' <Predicate = (!icmp_ln109)> <Delay = 0.00>
ST_25 : Operation 311 [1/1] (0.00ns)   --->   "%zext_ln117_1 = zext i6 %select_ln52" [flood_HLS_base.cpp:117]   --->   Operation 311 'zext' 'zext_ln117_1' <Predicate = (!icmp_ln109)> <Delay = 0.00>
ST_25 : Operation 312 [1/1] (0.74ns)   --->   "%add_ln117 = add i12 %mul_ln117, i12 %zext_ln117_1" [flood_HLS_base.cpp:117]   --->   Operation 312 'add' 'add_ln117' <Predicate = (!icmp_ln109)> <Delay = 0.74> <CoreInst = "Adder">   --->   Core 1 'Adder' <Latency = 0> <II = 1> <Delay = 0.74> <FuncUnit> <Opcode : 'add' 'sub'> <InPorts = 2> <OutPorts = 1>
ST_25 : Operation 313 [1/1] (0.00ns)   --->   "%zext_ln117_2 = zext i12 %add_ln117" [flood_HLS_base.cpp:117]   --->   Operation 313 'zext' 'zext_ln117_2' <Predicate = (!icmp_ln109)> <Delay = 0.00>
ST_25 : Operation 314 [1/1] (0.00ns)   --->   "%p_ground_addr = getelementptr i32 %p_ground, i64 0, i64 %zext_ln117_2" [flood_HLS_base.cpp:117]   --->   Operation 314 'getelementptr' 'p_ground_addr' <Predicate = (!icmp_ln109)> <Delay = 0.00>
ST_25 : Operation 315 [1/1] (0.00ns)   --->   "%spillage_flag_addr = getelementptr i32 %spillage_flag, i64 0, i64 %zext_ln117_2" [flood_HLS_base.cpp:152]   --->   Operation 315 'getelementptr' 'spillage_flag_addr' <Predicate = (!icmp_ln109)> <Delay = 0.00>
ST_25 : Operation 316 [1/1] (0.00ns)   --->   "%spillage_level_addr = getelementptr i32 %spillage_level, i64 0, i64 %zext_ln117_2" [flood_HLS_base.cpp:153]   --->   Operation 316 'getelementptr' 'spillage_level_addr' <Predicate = (!icmp_ln109)> <Delay = 0.00>
ST_25 : Operation 317 [1/1] (0.00ns)   --->   "%specpipeline_ln52 = specpipeline void @_ssdm_op_SpecPipeline, i32 4294967295, i32 0, i32 0, i32 0, void @empty_3" [flood_HLS_base.cpp:52]   --->   Operation 317 'specpipeline' 'specpipeline_ln52' <Predicate = (!icmp_ln109)> <Delay = 0.00>
ST_25 : Operation 318 [2/2] (1.64ns)   --->   "%p_ground_load = load i12 %p_ground_addr" [flood_HLS_base.cpp:117]   --->   Operation 318 'load' 'p_ground_load' <Predicate = (!icmp_ln109 & icmp_ln111)> <Delay = 1.64> <CoreInst = "RAM">   --->   Core 82 'RAM' <Latency = 1> <II = 1> <Delay = 1.64> <Storage> <Opcode : 'load' 'store'> <Ports = 2> <Width = 32> <Depth = 2500> <RAM>
ST_25 : Operation 319 [2/12] (2.32ns)   --->   "%div9 = fdiv i32 %conv3, i32 1e+06" [flood_HLS_base.cpp:117]   --->   Operation 319 'fdiv' 'div9' <Predicate = (!icmp_ln109 & icmp_ln111)> <Delay = 2.32> <CoreInst = "FDiv">   --->   Core 20 'FDiv' <Latency = 11> <II = 1> <Delay = 2.32> <FuncUnit> <Opcode : 'fdiv' 'frem'> <InPorts = 2> <OutPorts = 1>
ST_25 : Operation 320 [1/1] (0.74ns)   --->   "%add_ln134_2 = add i12 %mul_ln134, i12 %zext_ln117_1" [flood_HLS_base.cpp:134]   --->   Operation 320 'add' 'add_ln134_2' <Predicate = (!icmp_ln109 & icmp_ln111)> <Delay = 0.74> <CoreInst = "Adder">   --->   Core 1 'Adder' <Latency = 0> <II = 1> <Delay = 0.74> <FuncUnit> <Opcode : 'add' 'sub'> <InPorts = 2> <OutPorts = 1>
ST_25 : Operation 321 [1/1] (0.00ns)   --->   "%zext_ln134_5 = zext i12 %add_ln134_2" [flood_HLS_base.cpp:134]   --->   Operation 321 'zext' 'zext_ln134_5' <Predicate = (!icmp_ln109 & icmp_ln111)> <Delay = 0.00>
ST_25 : Operation 322 [1/1] (0.00ns)   --->   "%p_ground_addr_1 = getelementptr i32 %p_ground, i64 0, i64 %zext_ln134_5" [flood_HLS_base.cpp:134]   --->   Operation 322 'getelementptr' 'p_ground_addr_1' <Predicate = (!icmp_ln109 & icmp_ln111)> <Delay = 0.00>
ST_25 : Operation 323 [1/1] (0.74ns)   --->   "%add_ln134_3 = add i12 %mul_ln134_2, i12 %zext_ln117_1" [flood_HLS_base.cpp:134]   --->   Operation 323 'add' 'add_ln134_3' <Predicate = (!icmp_ln109 & icmp_ln111)> <Delay = 0.74> <CoreInst = "Adder">   --->   Core 1 'Adder' <Latency = 0> <II = 1> <Delay = 0.74> <FuncUnit> <Opcode : 'add' 'sub'> <InPorts = 2> <OutPorts = 1>
ST_25 : Operation 324 [1/1] (0.00ns)   --->   "%spillage_from_neigh_addr = getelementptr i32 %spillage_from_neigh, i64 0, i64 %zext_ln134_5" [flood_HLS_base.cpp:177]   --->   Operation 324 'getelementptr' 'spillage_from_neigh_addr' <Predicate = (!icmp_ln109 & icmp_ln111)> <Delay = 0.00>
ST_25 : Operation 325 [2/2] (1.64ns)   --->   "%p_ground_load_1 = load i12 %p_ground_addr_1" [flood_HLS_base.cpp:134]   --->   Operation 325 'load' 'p_ground_load_1' <Predicate = (!icmp_ln109 & icmp_ln111)> <Delay = 1.64> <CoreInst = "RAM">   --->   Core 82 'RAM' <Latency = 1> <II = 1> <Delay = 1.64> <Storage> <Opcode : 'load' 'store'> <Ports = 2> <Width = 32> <Depth = 2500> <RAM>
ST_25 : Operation 326 [3/12] (2.32ns)   --->   "%div4 = fdiv i32 %conv4, i32 1e+06" [flood_HLS_base.cpp:134]   --->   Operation 326 'fdiv' 'div4' <Predicate = (!icmp_ln109 & icmp_ln111)> <Delay = 2.32> <CoreInst = "FDiv">   --->   Core 20 'FDiv' <Latency = 11> <II = 1> <Delay = 2.32> <FuncUnit> <Opcode : 'fdiv' 'frem'> <InPorts = 2> <OutPorts = 1>
ST_25 : Operation 327 [3/12] (2.32ns)   --->   "%div301_1 = fdiv i32 %conv300_1, i32 1e+06" [flood_HLS_base.cpp:134]   --->   Operation 327 'fdiv' 'div301_1' <Predicate = (!icmp_ln109 & icmp_ln111)> <Delay = 2.32> <CoreInst = "FDiv">   --->   Core 20 'FDiv' <Latency = 11> <II = 1> <Delay = 2.32> <FuncUnit> <Opcode : 'fdiv' 'frem'> <InPorts = 2> <OutPorts = 1>
ST_25 : Operation 328 [7/12] (2.32ns)   --->   "%div301_2 = fdiv i32 %conv300_2, i32 1e+06" [flood_HLS_base.cpp:134]   --->   Operation 328 'fdiv' 'div301_2' <Predicate = (!icmp_ln109 & icmp_ln111)> <Delay = 2.32> <CoreInst = "FDiv">   --->   Core 20 'FDiv' <Latency = 11> <II = 1> <Delay = 2.32> <FuncUnit> <Opcode : 'fdiv' 'frem'> <InPorts = 2> <OutPorts = 1>
ST_25 : Operation 329 [4/12] (2.32ns)   --->   "%div301_3 = fdiv i32 %conv300_3, i32 1e+06" [flood_HLS_base.cpp:134]   --->   Operation 329 'fdiv' 'div301_3' <Predicate = (!icmp_ln109 & icmp_ln111)> <Delay = 2.32> <CoreInst = "FDiv">   --->   Core 20 'FDiv' <Latency = 11> <II = 1> <Delay = 2.32> <FuncUnit> <Opcode : 'fdiv' 'frem'> <InPorts = 2> <OutPorts = 1>

State 26 <SV = 25> <Delay = 2.32>
ST_26 : Operation 330 [1/2] (1.64ns)   --->   "%p_ground_load = load i12 %p_ground_addr" [flood_HLS_base.cpp:117]   --->   Operation 330 'load' 'p_ground_load' <Predicate = (!icmp_ln109 & icmp_ln111)> <Delay = 1.64> <CoreInst = "RAM">   --->   Core 82 'RAM' <Latency = 1> <II = 1> <Delay = 1.64> <Storage> <Opcode : 'load' 'store'> <Ports = 2> <Width = 32> <Depth = 2500> <RAM>
ST_26 : Operation 331 [1/12] (2.32ns)   --->   "%div9 = fdiv i32 %conv3, i32 1e+06" [flood_HLS_base.cpp:117]   --->   Operation 331 'fdiv' 'div9' <Predicate = (!icmp_ln109 & icmp_ln111)> <Delay = 2.32> <CoreInst = "FDiv">   --->   Core 20 'FDiv' <Latency = 11> <II = 1> <Delay = 2.32> <FuncUnit> <Opcode : 'fdiv' 'frem'> <InPorts = 2> <OutPorts = 1>
ST_26 : Operation 332 [1/1] (0.00ns)   --->   "%zext_ln134_6 = zext i12 %add_ln134_3" [flood_HLS_base.cpp:134]   --->   Operation 332 'zext' 'zext_ln134_6' <Predicate = (!icmp_ln109 & icmp_ln111)> <Delay = 0.00>
ST_26 : Operation 333 [1/1] (0.00ns)   --->   "%p_ground_addr_2 = getelementptr i32 %p_ground, i64 0, i64 %zext_ln134_6" [flood_HLS_base.cpp:134]   --->   Operation 333 'getelementptr' 'p_ground_addr_2' <Predicate = (!icmp_ln109 & icmp_ln111)> <Delay = 0.00>
ST_26 : Operation 334 [1/1] (0.00ns)   --->   "%spillage_from_neigh_1_addr = getelementptr i32 %spillage_from_neigh_1, i64 0, i64 %zext_ln134_6" [flood_HLS_base.cpp:177]   --->   Operation 334 'getelementptr' 'spillage_from_neigh_1_addr' <Predicate = (!icmp_ln109 & icmp_ln111)> <Delay = 0.00>
ST_26 : Operation 335 [1/2] (1.64ns)   --->   "%p_ground_load_1 = load i12 %p_ground_addr_1" [flood_HLS_base.cpp:134]   --->   Operation 335 'load' 'p_ground_load_1' <Predicate = (!icmp_ln109 & icmp_ln111)> <Delay = 1.64> <CoreInst = "RAM">   --->   Core 82 'RAM' <Latency = 1> <II = 1> <Delay = 1.64> <Storage> <Opcode : 'load' 'store'> <Ports = 2> <Width = 32> <Depth = 2500> <RAM>
ST_26 : Operation 336 [2/12] (2.32ns)   --->   "%div4 = fdiv i32 %conv4, i32 1e+06" [flood_HLS_base.cpp:134]   --->   Operation 336 'fdiv' 'div4' <Predicate = (!icmp_ln109 & icmp_ln111)> <Delay = 2.32> <CoreInst = "FDiv">   --->   Core 20 'FDiv' <Latency = 11> <II = 1> <Delay = 2.32> <FuncUnit> <Opcode : 'fdiv' 'frem'> <InPorts = 2> <OutPorts = 1>
ST_26 : Operation 337 [2/2] (1.64ns)   --->   "%p_ground_load_2 = load i12 %p_ground_addr_2" [flood_HLS_base.cpp:134]   --->   Operation 337 'load' 'p_ground_load_2' <Predicate = (!icmp_ln109 & icmp_ln111)> <Delay = 1.64> <CoreInst = "RAM">   --->   Core 82 'RAM' <Latency = 1> <II = 1> <Delay = 1.64> <Storage> <Opcode : 'load' 'store'> <Ports = 2> <Width = 32> <Depth = 2500> <RAM>
ST_26 : Operation 338 [2/12] (2.32ns)   --->   "%div301_1 = fdiv i32 %conv300_1, i32 1e+06" [flood_HLS_base.cpp:134]   --->   Operation 338 'fdiv' 'div301_1' <Predicate = (!icmp_ln109 & icmp_ln111)> <Delay = 2.32> <CoreInst = "FDiv">   --->   Core 20 'FDiv' <Latency = 11> <II = 1> <Delay = 2.32> <FuncUnit> <Opcode : 'fdiv' 'frem'> <InPorts = 2> <OutPorts = 1>
ST_26 : Operation 339 [6/12] (2.32ns)   --->   "%div301_2 = fdiv i32 %conv300_2, i32 1e+06" [flood_HLS_base.cpp:134]   --->   Operation 339 'fdiv' 'div301_2' <Predicate = (!icmp_ln109 & icmp_ln111)> <Delay = 2.32> <CoreInst = "FDiv">   --->   Core 20 'FDiv' <Latency = 11> <II = 1> <Delay = 2.32> <FuncUnit> <Opcode : 'fdiv' 'frem'> <InPorts = 2> <OutPorts = 1>
ST_26 : Operation 340 [3/12] (2.32ns)   --->   "%div301_3 = fdiv i32 %conv300_3, i32 1e+06" [flood_HLS_base.cpp:134]   --->   Operation 340 'fdiv' 'div301_3' <Predicate = (!icmp_ln109 & icmp_ln111)> <Delay = 2.32> <CoreInst = "FDiv">   --->   Core 20 'FDiv' <Latency = 11> <II = 1> <Delay = 2.32> <FuncUnit> <Opcode : 'fdiv' 'frem'> <InPorts = 2> <OutPorts = 1>

State 27 <SV = 26> <Delay = 2.39>
ST_27 : Operation 341 [1/1] (0.00ns)   --->   "%neighbor_height_8 = bitcast i32 %p_ground_load" [flood_HLS_base.cpp:117]   --->   Operation 341 'bitcast' 'neighbor_height_8' <Predicate = (!icmp_ln109 & icmp_ln111)> <Delay = 0.00>
ST_27 : Operation 342 [7/7] (2.34ns)   --->   "%current_height = fadd i32 %neighbor_height_8, i32 %div9" [flood_HLS_base.cpp:117]   --->   Operation 342 'fadd' 'current_height' <Predicate = (!icmp_ln109 & icmp_ln111)> <Delay = 2.34> <CoreInst = "FAddSub_fulldsp">   --->   Core 18 'FAddSub_fulldsp' <Latency = 6> <II = 1> <Delay = 2.34> <FuncUnit> <Opcode : 'fadd' 'fsub'> <InPorts = 2> <OutPorts = 1>
ST_27 : Operation 343 [1/12] (2.32ns)   --->   "%div4 = fdiv i32 %conv4, i32 1e+06" [flood_HLS_base.cpp:134]   --->   Operation 343 'fdiv' 'div4' <Predicate = (!icmp_ln109 & icmp_ln111)> <Delay = 2.32> <CoreInst = "FDiv">   --->   Core 20 'FDiv' <Latency = 11> <II = 1> <Delay = 2.32> <FuncUnit> <Opcode : 'fdiv' 'frem'> <InPorts = 2> <OutPorts = 1>
ST_27 : Operation 344 [1/2] (1.64ns)   --->   "%p_ground_load_2 = load i12 %p_ground_addr_2" [flood_HLS_base.cpp:134]   --->   Operation 344 'load' 'p_ground_load_2' <Predicate = (!icmp_ln109 & icmp_ln111)> <Delay = 1.64> <CoreInst = "RAM">   --->   Core 82 'RAM' <Latency = 1> <II = 1> <Delay = 1.64> <Storage> <Opcode : 'load' 'store'> <Ports = 2> <Width = 32> <Depth = 2500> <RAM>
ST_27 : Operation 345 [1/12] (2.32ns)   --->   "%div301_1 = fdiv i32 %conv300_1, i32 1e+06" [flood_HLS_base.cpp:134]   --->   Operation 345 'fdiv' 'div301_1' <Predicate = (!icmp_ln109 & icmp_ln111)> <Delay = 2.32> <CoreInst = "FDiv">   --->   Core 20 'FDiv' <Latency = 11> <II = 1> <Delay = 2.32> <FuncUnit> <Opcode : 'fdiv' 'frem'> <InPorts = 2> <OutPorts = 1>
ST_27 : Operation 346 [5/12] (2.32ns)   --->   "%div301_2 = fdiv i32 %conv300_2, i32 1e+06" [flood_HLS_base.cpp:134]   --->   Operation 346 'fdiv' 'div301_2' <Predicate = (!icmp_ln109 & icmp_ln111)> <Delay = 2.32> <CoreInst = "FDiv">   --->   Core 20 'FDiv' <Latency = 11> <II = 1> <Delay = 2.32> <FuncUnit> <Opcode : 'fdiv' 'frem'> <InPorts = 2> <OutPorts = 1>
ST_27 : Operation 347 [1/1] (0.00ns)   --->   "%zext_ln134_10 = zext i6 %new_col_2" [flood_HLS_base.cpp:134]   --->   Operation 347 'zext' 'zext_ln134_10' <Predicate = (!icmp_ln109 & icmp_ln111)> <Delay = 0.00>
ST_27 : Operation 348 [1/1] (0.74ns)   --->   "%add_ln134_7 = add i12 %mul_ln117, i12 %zext_ln134_10" [flood_HLS_base.cpp:134]   --->   Operation 348 'add' 'add_ln134_7' <Predicate = (!icmp_ln109 & icmp_ln111)> <Delay = 0.74> <CoreInst = "Adder">   --->   Core 1 'Adder' <Latency = 0> <II = 1> <Delay = 0.74> <FuncUnit> <Opcode : 'add' 'sub'> <InPorts = 2> <OutPorts = 1>
ST_27 : Operation 349 [1/1] (0.00ns)   --->   "%zext_ln134_11 = zext i12 %add_ln134_7" [flood_HLS_base.cpp:134]   --->   Operation 349 'zext' 'zext_ln134_11' <Predicate = (!icmp_ln109 & icmp_ln111)> <Delay = 0.00>
ST_27 : Operation 350 [1/1] (0.00ns)   --->   "%p_ground_addr_4 = getelementptr i32 %p_ground, i64 0, i64 %zext_ln134_11" [flood_HLS_base.cpp:134]   --->   Operation 350 'getelementptr' 'p_ground_addr_4' <Predicate = (!icmp_ln109 & icmp_ln111)> <Delay = 0.00>
ST_27 : Operation 351 [1/1] (0.00ns)   --->   "%spillage_from_neigh_3_addr = getelementptr i32 %spillage_from_neigh_3, i64 0, i64 %zext_ln134_11" [flood_HLS_base.cpp:177]   --->   Operation 351 'getelementptr' 'spillage_from_neigh_3_addr' <Predicate = (!icmp_ln109 & icmp_ln111)> <Delay = 0.00>
ST_27 : Operation 352 [2/2] (1.64ns)   --->   "%p_ground_load_4 = load i12 %p_ground_addr_4" [flood_HLS_base.cpp:134]   --->   Operation 352 'load' 'p_ground_load_4' <Predicate = (!icmp_ln109 & icmp_ln111)> <Delay = 1.64> <CoreInst = "RAM">   --->   Core 82 'RAM' <Latency = 1> <II = 1> <Delay = 1.64> <Storage> <Opcode : 'load' 'store'> <Ports = 2> <Width = 32> <Depth = 2500> <RAM>
ST_27 : Operation 353 [2/12] (2.32ns)   --->   "%div301_3 = fdiv i32 %conv300_3, i32 1e+06" [flood_HLS_base.cpp:134]   --->   Operation 353 'fdiv' 'div301_3' <Predicate = (!icmp_ln109 & icmp_ln111)> <Delay = 2.32> <CoreInst = "FDiv">   --->   Core 20 'FDiv' <Latency = 11> <II = 1> <Delay = 2.32> <FuncUnit> <Opcode : 'fdiv' 'frem'> <InPorts = 2> <OutPorts = 1>

State 28 <SV = 27> <Delay = 2.34>
ST_28 : Operation 354 [6/7] (2.34ns)   --->   "%current_height = fadd i32 %neighbor_height_8, i32 %div9" [flood_HLS_base.cpp:117]   --->   Operation 354 'fadd' 'current_height' <Predicate = (!icmp_ln109 & icmp_ln111)> <Delay = 2.34> <CoreInst = "FAddSub_fulldsp">   --->   Core 18 'FAddSub_fulldsp' <Latency = 6> <II = 1> <Delay = 2.34> <FuncUnit> <Opcode : 'fadd' 'fsub'> <InPorts = 2> <OutPorts = 1>
ST_28 : Operation 355 [1/1] (0.00ns)   --->   "%bitcast_ln134 = bitcast i32 %p_ground_load_1" [flood_HLS_base.cpp:134]   --->   Operation 355 'bitcast' 'bitcast_ln134' <Predicate = (!icmp_ln109 & icmp_ln111)> <Delay = 0.00>
ST_28 : Operation 356 [7/7] (2.34ns)   --->   "%neighbor_height = fadd i32 %bitcast_ln134, i32 %div4" [flood_HLS_base.cpp:134]   --->   Operation 356 'fadd' 'neighbor_height' <Predicate = (!icmp_ln109 & icmp_ln111)> <Delay = 2.34> <CoreInst = "FAddSub_fulldsp">   --->   Core 18 'FAddSub_fulldsp' <Latency = 6> <II = 1> <Delay = 2.34> <FuncUnit> <Opcode : 'fadd' 'fsub'> <InPorts = 2> <OutPorts = 1>
ST_28 : Operation 357 [1/1] (0.00ns)   --->   "%bitcast_ln134_1 = bitcast i32 %p_ground_load_2" [flood_HLS_base.cpp:134]   --->   Operation 357 'bitcast' 'bitcast_ln134_1' <Predicate = (!icmp_ln109 & icmp_ln111)> <Delay = 0.00>
ST_28 : Operation 358 [7/7] (2.34ns)   --->   "%neighbor_height_2 = fadd i32 %bitcast_ln134_1, i32 %div301_1" [flood_HLS_base.cpp:134]   --->   Operation 358 'fadd' 'neighbor_height_2' <Predicate = (!icmp_ln109 & icmp_ln111)> <Delay = 2.34> <CoreInst = "FAddSub_fulldsp">   --->   Core 18 'FAddSub_fulldsp' <Latency = 6> <II = 1> <Delay = 2.34> <FuncUnit> <Opcode : 'fadd' 'fsub'> <InPorts = 2> <OutPorts = 1>
ST_28 : Operation 359 [4/12] (2.32ns)   --->   "%div301_2 = fdiv i32 %conv300_2, i32 1e+06" [flood_HLS_base.cpp:134]   --->   Operation 359 'fdiv' 'div301_2' <Predicate = (!icmp_ln109 & icmp_ln111)> <Delay = 2.32> <CoreInst = "FDiv">   --->   Core 20 'FDiv' <Latency = 11> <II = 1> <Delay = 2.32> <FuncUnit> <Opcode : 'fdiv' 'frem'> <InPorts = 2> <OutPorts = 1>
ST_28 : Operation 360 [1/2] (1.64ns)   --->   "%p_ground_load_4 = load i12 %p_ground_addr_4" [flood_HLS_base.cpp:134]   --->   Operation 360 'load' 'p_ground_load_4' <Predicate = (!icmp_ln109 & icmp_ln111)> <Delay = 1.64> <CoreInst = "RAM">   --->   Core 82 'RAM' <Latency = 1> <II = 1> <Delay = 1.64> <Storage> <Opcode : 'load' 'store'> <Ports = 2> <Width = 32> <Depth = 2500> <RAM>
ST_28 : Operation 361 [1/12] (2.32ns)   --->   "%div301_3 = fdiv i32 %conv300_3, i32 1e+06" [flood_HLS_base.cpp:134]   --->   Operation 361 'fdiv' 'div301_3' <Predicate = (!icmp_ln109 & icmp_ln111)> <Delay = 2.32> <CoreInst = "FDiv">   --->   Core 20 'FDiv' <Latency = 11> <II = 1> <Delay = 2.32> <FuncUnit> <Opcode : 'fdiv' 'frem'> <InPorts = 2> <OutPorts = 1>

State 29 <SV = 28> <Delay = 2.39>
ST_29 : Operation 362 [5/7] (2.34ns)   --->   "%current_height = fadd i32 %neighbor_height_8, i32 %div9" [flood_HLS_base.cpp:117]   --->   Operation 362 'fadd' 'current_height' <Predicate = (!icmp_ln109 & icmp_ln111)> <Delay = 2.34> <CoreInst = "FAddSub_fulldsp">   --->   Core 18 'FAddSub_fulldsp' <Latency = 6> <II = 1> <Delay = 2.34> <FuncUnit> <Opcode : 'fadd' 'fsub'> <InPorts = 2> <OutPorts = 1>
ST_29 : Operation 363 [6/7] (2.34ns)   --->   "%neighbor_height = fadd i32 %bitcast_ln134, i32 %div4" [flood_HLS_base.cpp:134]   --->   Operation 363 'fadd' 'neighbor_height' <Predicate = (!icmp_ln109 & icmp_ln111)> <Delay = 2.34> <CoreInst = "FAddSub_fulldsp">   --->   Core 18 'FAddSub_fulldsp' <Latency = 6> <II = 1> <Delay = 2.34> <FuncUnit> <Opcode : 'fadd' 'fsub'> <InPorts = 2> <OutPorts = 1>
ST_29 : Operation 364 [6/7] (2.34ns)   --->   "%neighbor_height_2 = fadd i32 %bitcast_ln134_1, i32 %div301_1" [flood_HLS_base.cpp:134]   --->   Operation 364 'fadd' 'neighbor_height_2' <Predicate = (!icmp_ln109 & icmp_ln111)> <Delay = 2.34> <CoreInst = "FAddSub_fulldsp">   --->   Core 18 'FAddSub_fulldsp' <Latency = 6> <II = 1> <Delay = 2.34> <FuncUnit> <Opcode : 'fadd' 'fsub'> <InPorts = 2> <OutPorts = 1>
ST_29 : Operation 365 [1/1] (0.00ns)   --->   "%sext_ln134 = sext i7 %new_col_1" [flood_HLS_base.cpp:134]   --->   Operation 365 'sext' 'sext_ln134' <Predicate = (!icmp_ln109 & icmp_ln111)> <Delay = 0.00>
ST_29 : Operation 366 [1/1] (0.74ns)   --->   "%add_ln134_5 = add i12 %mul_ln117, i12 %sext_ln134" [flood_HLS_base.cpp:134]   --->   Operation 366 'add' 'add_ln134_5' <Predicate = (!icmp_ln109 & icmp_ln111)> <Delay = 0.74> <CoreInst = "Adder">   --->   Core 1 'Adder' <Latency = 0> <II = 1> <Delay = 0.74> <FuncUnit> <Opcode : 'add' 'sub'> <InPorts = 2> <OutPorts = 1>
ST_29 : Operation 367 [1/1] (0.00ns)   --->   "%zext_ln134 = zext i12 %add_ln134_5" [flood_HLS_base.cpp:134]   --->   Operation 367 'zext' 'zext_ln134' <Predicate = (!icmp_ln109 & icmp_ln111)> <Delay = 0.00>
ST_29 : Operation 368 [1/1] (0.00ns)   --->   "%p_ground_addr_3 = getelementptr i32 %p_ground, i64 0, i64 %zext_ln134" [flood_HLS_base.cpp:134]   --->   Operation 368 'getelementptr' 'p_ground_addr_3' <Predicate = (!icmp_ln109 & icmp_ln111)> <Delay = 0.00>
ST_29 : Operation 369 [1/1] (0.00ns)   --->   "%spillage_from_neigh_2_addr = getelementptr i32 %spillage_from_neigh_2, i64 0, i64 %zext_ln134" [flood_HLS_base.cpp:177]   --->   Operation 369 'getelementptr' 'spillage_from_neigh_2_addr' <Predicate = (!icmp_ln109 & icmp_ln111)> <Delay = 0.00>
ST_29 : Operation 370 [2/2] (1.64ns)   --->   "%p_ground_load_3 = load i12 %p_ground_addr_3" [flood_HLS_base.cpp:134]   --->   Operation 370 'load' 'p_ground_load_3' <Predicate = (!icmp_ln109 & icmp_ln111)> <Delay = 1.64> <CoreInst = "RAM">   --->   Core 82 'RAM' <Latency = 1> <II = 1> <Delay = 1.64> <Storage> <Opcode : 'load' 'store'> <Ports = 2> <Width = 32> <Depth = 2500> <RAM>
ST_29 : Operation 371 [3/12] (2.32ns)   --->   "%div301_2 = fdiv i32 %conv300_2, i32 1e+06" [flood_HLS_base.cpp:134]   --->   Operation 371 'fdiv' 'div301_2' <Predicate = (!icmp_ln109 & icmp_ln111)> <Delay = 2.32> <CoreInst = "FDiv">   --->   Core 20 'FDiv' <Latency = 11> <II = 1> <Delay = 2.32> <FuncUnit> <Opcode : 'fdiv' 'frem'> <InPorts = 2> <OutPorts = 1>
ST_29 : Operation 372 [1/1] (0.00ns)   --->   "%bitcast_ln134_3 = bitcast i32 %p_ground_load_4" [flood_HLS_base.cpp:134]   --->   Operation 372 'bitcast' 'bitcast_ln134_3' <Predicate = (!icmp_ln109 & icmp_ln111)> <Delay = 0.00>
ST_29 : Operation 373 [7/7] (2.34ns)   --->   "%neighbor_height_6 = fadd i32 %bitcast_ln134_3, i32 %div301_3" [flood_HLS_base.cpp:134]   --->   Operation 373 'fadd' 'neighbor_height_6' <Predicate = (!icmp_ln109 & icmp_ln111)> <Delay = 2.34> <CoreInst = "FAddSub_fulldsp">   --->   Core 18 'FAddSub_fulldsp' <Latency = 6> <II = 1> <Delay = 2.34> <FuncUnit> <Opcode : 'fadd' 'fsub'> <InPorts = 2> <OutPorts = 1>

State 30 <SV = 29> <Delay = 2.34>
ST_30 : Operation 374 [4/7] (2.34ns)   --->   "%current_height = fadd i32 %neighbor_height_8, i32 %div9" [flood_HLS_base.cpp:117]   --->   Operation 374 'fadd' 'current_height' <Predicate = (!icmp_ln109 & icmp_ln111)> <Delay = 2.34> <CoreInst = "FAddSub_fulldsp">   --->   Core 18 'FAddSub_fulldsp' <Latency = 6> <II = 1> <Delay = 2.34> <FuncUnit> <Opcode : 'fadd' 'fsub'> <InPorts = 2> <OutPorts = 1>
ST_30 : Operation 375 [5/7] (2.34ns)   --->   "%neighbor_height = fadd i32 %bitcast_ln134, i32 %div4" [flood_HLS_base.cpp:134]   --->   Operation 375 'fadd' 'neighbor_height' <Predicate = (!icmp_ln109 & icmp_ln111)> <Delay = 2.34> <CoreInst = "FAddSub_fulldsp">   --->   Core 18 'FAddSub_fulldsp' <Latency = 6> <II = 1> <Delay = 2.34> <FuncUnit> <Opcode : 'fadd' 'fsub'> <InPorts = 2> <OutPorts = 1>
ST_30 : Operation 376 [5/7] (2.34ns)   --->   "%neighbor_height_2 = fadd i32 %bitcast_ln134_1, i32 %div301_1" [flood_HLS_base.cpp:134]   --->   Operation 376 'fadd' 'neighbor_height_2' <Predicate = (!icmp_ln109 & icmp_ln111)> <Delay = 2.34> <CoreInst = "FAddSub_fulldsp">   --->   Core 18 'FAddSub_fulldsp' <Latency = 6> <II = 1> <Delay = 2.34> <FuncUnit> <Opcode : 'fadd' 'fsub'> <InPorts = 2> <OutPorts = 1>
ST_30 : Operation 377 [1/2] (1.64ns)   --->   "%p_ground_load_3 = load i12 %p_ground_addr_3" [flood_HLS_base.cpp:134]   --->   Operation 377 'load' 'p_ground_load_3' <Predicate = (!icmp_ln109 & icmp_ln111)> <Delay = 1.64> <CoreInst = "RAM">   --->   Core 82 'RAM' <Latency = 1> <II = 1> <Delay = 1.64> <Storage> <Opcode : 'load' 'store'> <Ports = 2> <Width = 32> <Depth = 2500> <RAM>
ST_30 : Operation 378 [2/12] (2.32ns)   --->   "%div301_2 = fdiv i32 %conv300_2, i32 1e+06" [flood_HLS_base.cpp:134]   --->   Operation 378 'fdiv' 'div301_2' <Predicate = (!icmp_ln109 & icmp_ln111)> <Delay = 2.32> <CoreInst = "FDiv">   --->   Core 20 'FDiv' <Latency = 11> <II = 1> <Delay = 2.32> <FuncUnit> <Opcode : 'fdiv' 'frem'> <InPorts = 2> <OutPorts = 1>
ST_30 : Operation 379 [6/7] (2.34ns)   --->   "%neighbor_height_6 = fadd i32 %bitcast_ln134_3, i32 %div301_3" [flood_HLS_base.cpp:134]   --->   Operation 379 'fadd' 'neighbor_height_6' <Predicate = (!icmp_ln109 & icmp_ln111)> <Delay = 2.34> <CoreInst = "FAddSub_fulldsp">   --->   Core 18 'FAddSub_fulldsp' <Latency = 6> <II = 1> <Delay = 2.34> <FuncUnit> <Opcode : 'fadd' 'fsub'> <InPorts = 2> <OutPorts = 1>

State 31 <SV = 30> <Delay = 2.34>
ST_31 : Operation 380 [3/7] (2.34ns)   --->   "%current_height = fadd i32 %neighbor_height_8, i32 %div9" [flood_HLS_base.cpp:117]   --->   Operation 380 'fadd' 'current_height' <Predicate = (!icmp_ln109 & icmp_ln111)> <Delay = 2.34> <CoreInst = "FAddSub_fulldsp">   --->   Core 18 'FAddSub_fulldsp' <Latency = 6> <II = 1> <Delay = 2.34> <FuncUnit> <Opcode : 'fadd' 'fsub'> <InPorts = 2> <OutPorts = 1>
ST_31 : Operation 381 [4/7] (2.34ns)   --->   "%neighbor_height = fadd i32 %bitcast_ln134, i32 %div4" [flood_HLS_base.cpp:134]   --->   Operation 381 'fadd' 'neighbor_height' <Predicate = (!icmp_ln109 & icmp_ln111)> <Delay = 2.34> <CoreInst = "FAddSub_fulldsp">   --->   Core 18 'FAddSub_fulldsp' <Latency = 6> <II = 1> <Delay = 2.34> <FuncUnit> <Opcode : 'fadd' 'fsub'> <InPorts = 2> <OutPorts = 1>
ST_31 : Operation 382 [4/7] (2.34ns)   --->   "%neighbor_height_2 = fadd i32 %bitcast_ln134_1, i32 %div301_1" [flood_HLS_base.cpp:134]   --->   Operation 382 'fadd' 'neighbor_height_2' <Predicate = (!icmp_ln109 & icmp_ln111)> <Delay = 2.34> <CoreInst = "FAddSub_fulldsp">   --->   Core 18 'FAddSub_fulldsp' <Latency = 6> <II = 1> <Delay = 2.34> <FuncUnit> <Opcode : 'fadd' 'fsub'> <InPorts = 2> <OutPorts = 1>
ST_31 : Operation 383 [1/12] (2.32ns)   --->   "%div301_2 = fdiv i32 %conv300_2, i32 1e+06" [flood_HLS_base.cpp:134]   --->   Operation 383 'fdiv' 'div301_2' <Predicate = (!icmp_ln109 & icmp_ln111)> <Delay = 2.32> <CoreInst = "FDiv">   --->   Core 20 'FDiv' <Latency = 11> <II = 1> <Delay = 2.32> <FuncUnit> <Opcode : 'fdiv' 'frem'> <InPorts = 2> <OutPorts = 1>
ST_31 : Operation 384 [5/7] (2.34ns)   --->   "%neighbor_height_6 = fadd i32 %bitcast_ln134_3, i32 %div301_3" [flood_HLS_base.cpp:134]   --->   Operation 384 'fadd' 'neighbor_height_6' <Predicate = (!icmp_ln109 & icmp_ln111)> <Delay = 2.34> <CoreInst = "FAddSub_fulldsp">   --->   Core 18 'FAddSub_fulldsp' <Latency = 6> <II = 1> <Delay = 2.34> <FuncUnit> <Opcode : 'fadd' 'fsub'> <InPorts = 2> <OutPorts = 1>

State 32 <SV = 31> <Delay = 2.34>
ST_32 : Operation 385 [2/7] (2.34ns)   --->   "%current_height = fadd i32 %neighbor_height_8, i32 %div9" [flood_HLS_base.cpp:117]   --->   Operation 385 'fadd' 'current_height' <Predicate = (!icmp_ln109 & icmp_ln111)> <Delay = 2.34> <CoreInst = "FAddSub_fulldsp">   --->   Core 18 'FAddSub_fulldsp' <Latency = 6> <II = 1> <Delay = 2.34> <FuncUnit> <Opcode : 'fadd' 'fsub'> <InPorts = 2> <OutPorts = 1>
ST_32 : Operation 386 [3/7] (2.34ns)   --->   "%neighbor_height = fadd i32 %bitcast_ln134, i32 %div4" [flood_HLS_base.cpp:134]   --->   Operation 386 'fadd' 'neighbor_height' <Predicate = (!icmp_ln109 & icmp_ln111)> <Delay = 2.34> <CoreInst = "FAddSub_fulldsp">   --->   Core 18 'FAddSub_fulldsp' <Latency = 6> <II = 1> <Delay = 2.34> <FuncUnit> <Opcode : 'fadd' 'fsub'> <InPorts = 2> <OutPorts = 1>
ST_32 : Operation 387 [3/7] (2.34ns)   --->   "%neighbor_height_2 = fadd i32 %bitcast_ln134_1, i32 %div301_1" [flood_HLS_base.cpp:134]   --->   Operation 387 'fadd' 'neighbor_height_2' <Predicate = (!icmp_ln109 & icmp_ln111)> <Delay = 2.34> <CoreInst = "FAddSub_fulldsp">   --->   Core 18 'FAddSub_fulldsp' <Latency = 6> <II = 1> <Delay = 2.34> <FuncUnit> <Opcode : 'fadd' 'fsub'> <InPorts = 2> <OutPorts = 1>
ST_32 : Operation 388 [1/1] (0.00ns)   --->   "%bitcast_ln134_2 = bitcast i32 %p_ground_load_3" [flood_HLS_base.cpp:134]   --->   Operation 388 'bitcast' 'bitcast_ln134_2' <Predicate = (!icmp_ln109 & icmp_ln111)> <Delay = 0.00>
ST_32 : Operation 389 [7/7] (2.34ns)   --->   "%neighbor_height_4 = fadd i32 %bitcast_ln134_2, i32 %div301_2" [flood_HLS_base.cpp:134]   --->   Operation 389 'fadd' 'neighbor_height_4' <Predicate = (!icmp_ln109 & icmp_ln111)> <Delay = 2.34> <CoreInst = "FAddSub_fulldsp">   --->   Core 18 'FAddSub_fulldsp' <Latency = 6> <II = 1> <Delay = 2.34> <FuncUnit> <Opcode : 'fadd' 'fsub'> <InPorts = 2> <OutPorts = 1>
ST_32 : Operation 390 [4/7] (2.34ns)   --->   "%neighbor_height_6 = fadd i32 %bitcast_ln134_3, i32 %div301_3" [flood_HLS_base.cpp:134]   --->   Operation 390 'fadd' 'neighbor_height_6' <Predicate = (!icmp_ln109 & icmp_ln111)> <Delay = 2.34> <CoreInst = "FAddSub_fulldsp">   --->   Core 18 'FAddSub_fulldsp' <Latency = 6> <II = 1> <Delay = 2.34> <FuncUnit> <Opcode : 'fadd' 'fsub'> <InPorts = 2> <OutPorts = 1>

State 33 <SV = 32> <Delay = 2.34>
ST_33 : Operation 391 [1/7] (2.34ns)   --->   "%current_height = fadd i32 %neighbor_height_8, i32 %div9" [flood_HLS_base.cpp:117]   --->   Operation 391 'fadd' 'current_height' <Predicate = (!icmp_ln109 & icmp_ln111)> <Delay = 2.34> <CoreInst = "FAddSub_fulldsp">   --->   Core 18 'FAddSub_fulldsp' <Latency = 6> <II = 1> <Delay = 2.34> <FuncUnit> <Opcode : 'fadd' 'fsub'> <InPorts = 2> <OutPorts = 1>
ST_33 : Operation 392 [2/7] (2.34ns)   --->   "%neighbor_height = fadd i32 %bitcast_ln134, i32 %div4" [flood_HLS_base.cpp:134]   --->   Operation 392 'fadd' 'neighbor_height' <Predicate = (!icmp_ln109 & icmp_ln111)> <Delay = 2.34> <CoreInst = "FAddSub_fulldsp">   --->   Core 18 'FAddSub_fulldsp' <Latency = 6> <II = 1> <Delay = 2.34> <FuncUnit> <Opcode : 'fadd' 'fsub'> <InPorts = 2> <OutPorts = 1>
ST_33 : Operation 393 [2/7] (2.34ns)   --->   "%neighbor_height_2 = fadd i32 %bitcast_ln134_1, i32 %div301_1" [flood_HLS_base.cpp:134]   --->   Operation 393 'fadd' 'neighbor_height_2' <Predicate = (!icmp_ln109 & icmp_ln111)> <Delay = 2.34> <CoreInst = "FAddSub_fulldsp">   --->   Core 18 'FAddSub_fulldsp' <Latency = 6> <II = 1> <Delay = 2.34> <FuncUnit> <Opcode : 'fadd' 'fsub'> <InPorts = 2> <OutPorts = 1>
ST_33 : Operation 394 [6/7] (2.34ns)   --->   "%neighbor_height_4 = fadd i32 %bitcast_ln134_2, i32 %div301_2" [flood_HLS_base.cpp:134]   --->   Operation 394 'fadd' 'neighbor_height_4' <Predicate = (!icmp_ln109 & icmp_ln111)> <Delay = 2.34> <CoreInst = "FAddSub_fulldsp">   --->   Core 18 'FAddSub_fulldsp' <Latency = 6> <II = 1> <Delay = 2.34> <FuncUnit> <Opcode : 'fadd' 'fsub'> <InPorts = 2> <OutPorts = 1>
ST_33 : Operation 395 [3/7] (2.34ns)   --->   "%neighbor_height_6 = fadd i32 %bitcast_ln134_3, i32 %div301_3" [flood_HLS_base.cpp:134]   --->   Operation 395 'fadd' 'neighbor_height_6' <Predicate = (!icmp_ln109 & icmp_ln111)> <Delay = 2.34> <CoreInst = "FAddSub_fulldsp">   --->   Core 18 'FAddSub_fulldsp' <Latency = 6> <II = 1> <Delay = 2.34> <FuncUnit> <Opcode : 'fadd' 'fsub'> <InPorts = 2> <OutPorts = 1>

State 34 <SV = 33> <Delay = 2.34>
ST_34 : Operation 396 [1/7] (2.34ns)   --->   "%neighbor_height = fadd i32 %bitcast_ln134, i32 %div4" [flood_HLS_base.cpp:134]   --->   Operation 396 'fadd' 'neighbor_height' <Predicate = (!icmp_ln109 & icmp_ln111)> <Delay = 2.34> <CoreInst = "FAddSub_fulldsp">   --->   Core 18 'FAddSub_fulldsp' <Latency = 6> <II = 1> <Delay = 2.34> <FuncUnit> <Opcode : 'fadd' 'fsub'> <InPorts = 2> <OutPorts = 1>
ST_34 : Operation 397 [1/7] (2.34ns)   --->   "%neighbor_height_2 = fadd i32 %bitcast_ln134_1, i32 %div301_1" [flood_HLS_base.cpp:134]   --->   Operation 397 'fadd' 'neighbor_height_2' <Predicate = (!icmp_ln109 & icmp_ln111)> <Delay = 2.34> <CoreInst = "FAddSub_fulldsp">   --->   Core 18 'FAddSub_fulldsp' <Latency = 6> <II = 1> <Delay = 2.34> <FuncUnit> <Opcode : 'fadd' 'fsub'> <InPorts = 2> <OutPorts = 1>
ST_34 : Operation 398 [5/7] (2.34ns)   --->   "%neighbor_height_4 = fadd i32 %bitcast_ln134_2, i32 %div301_2" [flood_HLS_base.cpp:134]   --->   Operation 398 'fadd' 'neighbor_height_4' <Predicate = (!icmp_ln109 & icmp_ln111)> <Delay = 2.34> <CoreInst = "FAddSub_fulldsp">   --->   Core 18 'FAddSub_fulldsp' <Latency = 6> <II = 1> <Delay = 2.34> <FuncUnit> <Opcode : 'fadd' 'fsub'> <InPorts = 2> <OutPorts = 1>
ST_34 : Operation 399 [2/7] (2.34ns)   --->   "%neighbor_height_6 = fadd i32 %bitcast_ln134_3, i32 %div301_3" [flood_HLS_base.cpp:134]   --->   Operation 399 'fadd' 'neighbor_height_6' <Predicate = (!icmp_ln109 & icmp_ln111)> <Delay = 2.34> <CoreInst = "FAddSub_fulldsp">   --->   Core 18 'FAddSub_fulldsp' <Latency = 6> <II = 1> <Delay = 2.34> <FuncUnit> <Opcode : 'fadd' 'fsub'> <InPorts = 2> <OutPorts = 1>

State 35 <SV = 34> <Delay = 2.56>
ST_35 : Operation 400 [1/1] (0.22ns)   --->   "%neighbor_height_1 = select i1 %empty_70, i32 %neighbor_height_8, i32 %neighbor_height" [flood_HLS_base.cpp:109]   --->   Operation 400 'select' 'neighbor_height_1' <Predicate = (!icmp_ln109 & icmp_ln111)> <Delay = 0.22> <CoreInst = "Sel">   --->   Core 73 'Sel' <Latency = 0> <II = 1> <Delay = 0.22> <FuncUnit> <Opcode : 'select'> <InPorts = 3> <OutPorts = 1>
ST_35 : Operation 401 [1/1] (0.00ns)   --->   "%bitcast_ln139_1 = bitcast i32 %neighbor_height_1" [flood_HLS_base.cpp:139]   --->   Operation 401 'bitcast' 'bitcast_ln139_1' <Predicate = (!icmp_ln109 & icmp_ln111)> <Delay = 0.00>
ST_35 : Operation 402 [1/1] (0.00ns)   --->   "%tmp_33 = partselect i8 @_ssdm_op_PartSelect.i8.i32.i32.i32, i32 %bitcast_ln139_1, i32 23, i32 30" [flood_HLS_base.cpp:139]   --->   Operation 402 'partselect' 'tmp_33' <Predicate = (!icmp_ln109 & icmp_ln111)> <Delay = 0.00>
ST_35 : Operation 403 [1/1] (0.00ns)   --->   "%trunc_ln139_1 = trunc i32 %bitcast_ln139_1" [flood_HLS_base.cpp:139]   --->   Operation 403 'trunc' 'trunc_ln139_1' <Predicate = (!icmp_ln109 & icmp_ln111)> <Delay = 0.00>
ST_35 : Operation 404 [1/1] (0.70ns)   --->   "%icmp_ln139_2 = icmp_ne  i8 %tmp_33, i8 255" [flood_HLS_base.cpp:139]   --->   Operation 404 'icmp' 'icmp_ln139_2' <Predicate = (!icmp_ln109 & icmp_ln111)> <Delay = 0.70> <CoreInst = "Cmp">   --->   Core 9 'Cmp' <Latency = 0> <II = 1> <Delay = 0.70> <FuncUnit> <Opcode : 'seteq' 'setne' 'setle' 'setge' 'setlt' 'setgt'> <InPorts = 2> <OutPorts = 1>
ST_35 : Operation 405 [1/1] (0.82ns)   --->   "%icmp_ln139_3 = icmp_eq  i23 %trunc_ln139_1, i23 0" [flood_HLS_base.cpp:139]   --->   Operation 405 'icmp' 'icmp_ln139_3' <Predicate = (!icmp_ln109 & icmp_ln111)> <Delay = 0.82> <CoreInst = "Cmp">   --->   Core 9 'Cmp' <Latency = 0> <II = 1> <Delay = 0.82> <FuncUnit> <Opcode : 'seteq' 'setne' 'setle' 'setge' 'setlt' 'setgt'> <InPorts = 2> <OutPorts = 1>
ST_35 : Operation 406 [2/2] (1.64ns)   --->   "%tmp_34 = fcmp_oge  i32 %current_height, i32 %neighbor_height_1" [flood_HLS_base.cpp:139]   --->   Operation 406 'fcmp' 'tmp_34' <Predicate = (!icmp_ln109 & icmp_ln111)> <Delay = 1.64> <CoreInst = "FCompare">   --->   Core 19 'FCompare' <Latency = 1> <II = 1> <Delay = 1.64> <FuncUnit> <Opcode : 'fcmp'> <InPorts = 2> <OutPorts = 1>
ST_35 : Operation 407 [7/7] (2.34ns)   --->   "%height_diff = fsub i32 %current_height, i32 %neighbor_height_1" [flood_HLS_base.cpp:140]   --->   Operation 407 'fsub' 'height_diff' <Predicate = (!icmp_ln109 & icmp_ln111)> <Delay = 2.34> <CoreInst = "FAddSub_fulldsp">   --->   Core 18 'FAddSub_fulldsp' <Latency = 6> <II = 1> <Delay = 2.34> <FuncUnit> <Opcode : 'fadd' 'fsub'> <InPorts = 2> <OutPorts = 1>
ST_35 : Operation 408 [1/1] (0.22ns)   --->   "%neighbor_height_3 = select i1 %empty_71, i32 %neighbor_height_8, i32 %neighbor_height_2" [flood_HLS_base.cpp:109]   --->   Operation 408 'select' 'neighbor_height_3' <Predicate = (!icmp_ln109 & icmp_ln111)> <Delay = 0.22> <CoreInst = "Sel">   --->   Core 73 'Sel' <Latency = 0> <II = 1> <Delay = 0.22> <FuncUnit> <Opcode : 'select'> <InPorts = 3> <OutPorts = 1>
ST_35 : Operation 409 [1/1] (0.00ns)   --->   "%bitcast_ln139_2 = bitcast i32 %neighbor_height_3" [flood_HLS_base.cpp:139]   --->   Operation 409 'bitcast' 'bitcast_ln139_2' <Predicate = (!icmp_ln109 & icmp_ln111)> <Delay = 0.00>
ST_35 : Operation 410 [1/1] (0.00ns)   --->   "%tmp_39 = partselect i8 @_ssdm_op_PartSelect.i8.i32.i32.i32, i32 %bitcast_ln139_2, i32 23, i32 30" [flood_HLS_base.cpp:139]   --->   Operation 410 'partselect' 'tmp_39' <Predicate = (!icmp_ln109 & icmp_ln111)> <Delay = 0.00>
ST_35 : Operation 411 [1/1] (0.00ns)   --->   "%trunc_ln139_2 = trunc i32 %bitcast_ln139_2" [flood_HLS_base.cpp:139]   --->   Operation 411 'trunc' 'trunc_ln139_2' <Predicate = (!icmp_ln109 & icmp_ln111)> <Delay = 0.00>
ST_35 : Operation 412 [1/1] (0.70ns)   --->   "%icmp_ln139_4 = icmp_ne  i8 %tmp_39, i8 255" [flood_HLS_base.cpp:139]   --->   Operation 412 'icmp' 'icmp_ln139_4' <Predicate = (!icmp_ln109 & icmp_ln111)> <Delay = 0.70> <CoreInst = "Cmp">   --->   Core 9 'Cmp' <Latency = 0> <II = 1> <Delay = 0.70> <FuncUnit> <Opcode : 'seteq' 'setne' 'setle' 'setge' 'setlt' 'setgt'> <InPorts = 2> <OutPorts = 1>
ST_35 : Operation 413 [1/1] (0.82ns)   --->   "%icmp_ln139_5 = icmp_eq  i23 %trunc_ln139_2, i23 0" [flood_HLS_base.cpp:139]   --->   Operation 413 'icmp' 'icmp_ln139_5' <Predicate = (!icmp_ln109 & icmp_ln111)> <Delay = 0.82> <CoreInst = "Cmp">   --->   Core 9 'Cmp' <Latency = 0> <II = 1> <Delay = 0.82> <FuncUnit> <Opcode : 'seteq' 'setne' 'setle' 'setge' 'setlt' 'setgt'> <InPorts = 2> <OutPorts = 1>
ST_35 : Operation 414 [2/2] (1.64ns)   --->   "%tmp_40 = fcmp_oge  i32 %current_height, i32 %neighbor_height_3" [flood_HLS_base.cpp:139]   --->   Operation 414 'fcmp' 'tmp_40' <Predicate = (!icmp_ln109 & icmp_ln111)> <Delay = 1.64> <CoreInst = "FCompare">   --->   Core 19 'FCompare' <Latency = 1> <II = 1> <Delay = 1.64> <FuncUnit> <Opcode : 'fcmp'> <InPorts = 2> <OutPorts = 1>
ST_35 : Operation 415 [7/7] (2.34ns)   --->   "%height_diff_1 = fsub i32 %current_height, i32 %neighbor_height_3" [flood_HLS_base.cpp:140]   --->   Operation 415 'fsub' 'height_diff_1' <Predicate = (!icmp_ln109 & icmp_ln111)> <Delay = 2.34> <CoreInst = "FAddSub_fulldsp">   --->   Core 18 'FAddSub_fulldsp' <Latency = 6> <II = 1> <Delay = 2.34> <FuncUnit> <Opcode : 'fadd' 'fsub'> <InPorts = 2> <OutPorts = 1>
ST_35 : Operation 416 [4/7] (2.34ns)   --->   "%neighbor_height_4 = fadd i32 %bitcast_ln134_2, i32 %div301_2" [flood_HLS_base.cpp:134]   --->   Operation 416 'fadd' 'neighbor_height_4' <Predicate = (!icmp_ln109 & icmp_ln111)> <Delay = 2.34> <CoreInst = "FAddSub_fulldsp">   --->   Core 18 'FAddSub_fulldsp' <Latency = 6> <II = 1> <Delay = 2.34> <FuncUnit> <Opcode : 'fadd' 'fsub'> <InPorts = 2> <OutPorts = 1>
ST_35 : Operation 417 [1/1] (0.70ns)   --->   "%icmp_ln128_1 = icmp_ugt  i6 %new_col_2, i6 49" [flood_HLS_base.cpp:128]   --->   Operation 417 'icmp' 'icmp_ln128_1' <Predicate = (!icmp_ln109 & icmp_ln111)> <Delay = 0.70> <CoreInst = "Cmp">   --->   Core 9 'Cmp' <Latency = 0> <II = 1> <Delay = 0.70> <FuncUnit> <Opcode : 'seteq' 'setne' 'setle' 'setge' 'setlt' 'setgt'> <InPorts = 2> <OutPorts = 1>
ST_35 : Operation 418 [1/7] (2.34ns)   --->   "%neighbor_height_6 = fadd i32 %bitcast_ln134_3, i32 %div301_3" [flood_HLS_base.cpp:134]   --->   Operation 418 'fadd' 'neighbor_height_6' <Predicate = (!icmp_ln109 & icmp_ln111)> <Delay = 2.34> <CoreInst = "FAddSub_fulldsp">   --->   Core 18 'FAddSub_fulldsp' <Latency = 6> <II = 1> <Delay = 2.34> <FuncUnit> <Opcode : 'fadd' 'fsub'> <InPorts = 2> <OutPorts = 1>

State 36 <SV = 35> <Delay = 2.56>
ST_36 : Operation 419 [1/1] (0.00ns)   --->   "%bitcast_ln139 = bitcast i32 %current_height" [flood_HLS_base.cpp:139]   --->   Operation 419 'bitcast' 'bitcast_ln139' <Predicate = (!icmp_ln109 & icmp_ln111)> <Delay = 0.00>
ST_36 : Operation 420 [1/1] (0.00ns)   --->   "%tmp_32 = partselect i8 @_ssdm_op_PartSelect.i8.i32.i32.i32, i32 %bitcast_ln139, i32 23, i32 30" [flood_HLS_base.cpp:139]   --->   Operation 420 'partselect' 'tmp_32' <Predicate = (!icmp_ln109 & icmp_ln111)> <Delay = 0.00>
ST_36 : Operation 421 [1/1] (0.00ns)   --->   "%trunc_ln139 = trunc i32 %bitcast_ln139" [flood_HLS_base.cpp:139]   --->   Operation 421 'trunc' 'trunc_ln139' <Predicate = (!icmp_ln109 & icmp_ln111)> <Delay = 0.00>
ST_36 : Operation 422 [1/1] (0.70ns)   --->   "%icmp_ln139 = icmp_ne  i8 %tmp_32, i8 255" [flood_HLS_base.cpp:139]   --->   Operation 422 'icmp' 'icmp_ln139' <Predicate = (!icmp_ln109 & icmp_ln111)> <Delay = 0.70> <CoreInst = "Cmp">   --->   Core 9 'Cmp' <Latency = 0> <II = 1> <Delay = 0.70> <FuncUnit> <Opcode : 'seteq' 'setne' 'setle' 'setge' 'setlt' 'setgt'> <InPorts = 2> <OutPorts = 1>
ST_36 : Operation 423 [1/1] (0.82ns)   --->   "%icmp_ln139_1 = icmp_eq  i23 %trunc_ln139, i23 0" [flood_HLS_base.cpp:139]   --->   Operation 423 'icmp' 'icmp_ln139_1' <Predicate = (!icmp_ln109 & icmp_ln111)> <Delay = 0.82> <CoreInst = "Cmp">   --->   Core 9 'Cmp' <Latency = 0> <II = 1> <Delay = 0.82> <FuncUnit> <Opcode : 'seteq' 'setne' 'setle' 'setge' 'setlt' 'setgt'> <InPorts = 2> <OutPorts = 1>
ST_36 : Operation 424 [1/1] (0.12ns)   --->   "%or_ln139 = or i1 %icmp_ln139_1, i1 %icmp_ln139" [flood_HLS_base.cpp:139]   --->   Operation 424 'or' 'or_ln139' <Predicate = (!icmp_ln109 & icmp_ln111)> <Delay = 0.12> <CoreInst = "LogicGate">   --->   Core 74 'LogicGate' <Latency = 0> <II = 1> <Delay = 0.12> <FuncUnit> <Opcode : 'and' 'or' 'xor'> <InPorts = 2> <OutPorts = 1>
ST_36 : Operation 425 [1/1] (0.00ns) (grouped into LUT with out node and_ln139_1)   --->   "%or_ln139_1 = or i1 %icmp_ln139_3, i1 %icmp_ln139_2" [flood_HLS_base.cpp:139]   --->   Operation 425 'or' 'or_ln139_1' <Predicate = (!icmp_ln109 & icmp_ln111)> <Delay = 0.00> <CoreInst = "LogicGate">   --->   Core 74 'LogicGate' <Latency = 0> <II = 1> <Delay = 0.12> <FuncUnit> <Opcode : 'and' 'or' 'xor'> <InPorts = 2> <OutPorts = 1>
ST_36 : Operation 426 [1/1] (0.00ns) (grouped into LUT with out node and_ln139_1)   --->   "%and_ln139 = and i1 %or_ln139, i1 %or_ln139_1" [flood_HLS_base.cpp:139]   --->   Operation 426 'and' 'and_ln139' <Predicate = (!icmp_ln109 & icmp_ln111)> <Delay = 0.00> <CoreInst = "LogicGate">   --->   Core 74 'LogicGate' <Latency = 0> <II = 1> <Delay = 0.12> <FuncUnit> <Opcode : 'and' 'or' 'xor'> <InPorts = 2> <OutPorts = 1>
ST_36 : Operation 427 [1/2] (1.64ns)   --->   "%tmp_34 = fcmp_oge  i32 %current_height, i32 %neighbor_height_1" [flood_HLS_base.cpp:139]   --->   Operation 427 'fcmp' 'tmp_34' <Predicate = (!icmp_ln109 & icmp_ln111)> <Delay = 1.64> <CoreInst = "FCompare">   --->   Core 19 'FCompare' <Latency = 1> <II = 1> <Delay = 1.64> <FuncUnit> <Opcode : 'fcmp'> <InPorts = 2> <OutPorts = 1>
ST_36 : Operation 428 [1/1] (0.12ns) (out node of the LUT)   --->   "%and_ln139_1 = and i1 %and_ln139, i1 %tmp_34" [flood_HLS_base.cpp:139]   --->   Operation 428 'and' 'and_ln139_1' <Predicate = (!icmp_ln109 & icmp_ln111)> <Delay = 0.12> <CoreInst = "LogicGate">   --->   Core 74 'LogicGate' <Latency = 0> <II = 1> <Delay = 0.12> <FuncUnit> <Opcode : 'and' 'or' 'xor'> <InPorts = 2> <OutPorts = 1>
ST_36 : Operation 429 [6/7] (2.34ns)   --->   "%height_diff = fsub i32 %current_height, i32 %neighbor_height_1" [flood_HLS_base.cpp:140]   --->   Operation 429 'fsub' 'height_diff' <Predicate = (!icmp_ln109 & icmp_ln111)> <Delay = 2.34> <CoreInst = "FAddSub_fulldsp">   --->   Core 18 'FAddSub_fulldsp' <Latency = 6> <II = 1> <Delay = 2.34> <FuncUnit> <Opcode : 'fadd' 'fsub'> <InPorts = 2> <OutPorts = 1>
ST_36 : Operation 430 [1/1] (0.00ns) (grouped into LUT with out node and_ln139_3)   --->   "%or_ln139_2 = or i1 %icmp_ln139_5, i1 %icmp_ln139_4" [flood_HLS_base.cpp:139]   --->   Operation 430 'or' 'or_ln139_2' <Predicate = (!icmp_ln109 & icmp_ln111)> <Delay = 0.00> <CoreInst = "LogicGate">   --->   Core 74 'LogicGate' <Latency = 0> <II = 1> <Delay = 0.12> <FuncUnit> <Opcode : 'and' 'or' 'xor'> <InPorts = 2> <OutPorts = 1>
ST_36 : Operation 431 [1/1] (0.00ns) (grouped into LUT with out node and_ln139_3)   --->   "%and_ln139_2 = and i1 %or_ln139, i1 %or_ln139_2" [flood_HLS_base.cpp:139]   --->   Operation 431 'and' 'and_ln139_2' <Predicate = (!icmp_ln109 & icmp_ln111)> <Delay = 0.00> <CoreInst = "LogicGate">   --->   Core 74 'LogicGate' <Latency = 0> <II = 1> <Delay = 0.12> <FuncUnit> <Opcode : 'and' 'or' 'xor'> <InPorts = 2> <OutPorts = 1>
ST_36 : Operation 432 [1/2] (1.64ns)   --->   "%tmp_40 = fcmp_oge  i32 %current_height, i32 %neighbor_height_3" [flood_HLS_base.cpp:139]   --->   Operation 432 'fcmp' 'tmp_40' <Predicate = (!icmp_ln109 & icmp_ln111)> <Delay = 1.64> <CoreInst = "FCompare">   --->   Core 19 'FCompare' <Latency = 1> <II = 1> <Delay = 1.64> <FuncUnit> <Opcode : 'fcmp'> <InPorts = 2> <OutPorts = 1>
ST_36 : Operation 433 [1/1] (0.12ns) (out node of the LUT)   --->   "%and_ln139_3 = and i1 %and_ln139_2, i1 %tmp_40" [flood_HLS_base.cpp:139]   --->   Operation 433 'and' 'and_ln139_3' <Predicate = (!icmp_ln109 & icmp_ln111)> <Delay = 0.12> <CoreInst = "LogicGate">   --->   Core 74 'LogicGate' <Latency = 0> <II = 1> <Delay = 0.12> <FuncUnit> <Opcode : 'and' 'or' 'xor'> <InPorts = 2> <OutPorts = 1>
ST_36 : Operation 434 [6/7] (2.34ns)   --->   "%height_diff_1 = fsub i32 %current_height, i32 %neighbor_height_3" [flood_HLS_base.cpp:140]   --->   Operation 434 'fsub' 'height_diff_1' <Predicate = (!icmp_ln109 & icmp_ln111)> <Delay = 2.34> <CoreInst = "FAddSub_fulldsp">   --->   Core 18 'FAddSub_fulldsp' <Latency = 6> <II = 1> <Delay = 2.34> <FuncUnit> <Opcode : 'fadd' 'fsub'> <InPorts = 2> <OutPorts = 1>
ST_36 : Operation 435 [3/7] (2.34ns)   --->   "%neighbor_height_4 = fadd i32 %bitcast_ln134_2, i32 %div301_2" [flood_HLS_base.cpp:134]   --->   Operation 435 'fadd' 'neighbor_height_4' <Predicate = (!icmp_ln109 & icmp_ln111)> <Delay = 2.34> <CoreInst = "FAddSub_fulldsp">   --->   Core 18 'FAddSub_fulldsp' <Latency = 6> <II = 1> <Delay = 2.34> <FuncUnit> <Opcode : 'fadd' 'fsub'> <InPorts = 2> <OutPorts = 1>
ST_36 : Operation 436 [1/1] (0.22ns)   --->   "%neighbor_height_7 = select i1 %icmp_ln128_1, i32 %neighbor_height_8, i32 %neighbor_height_6" [flood_HLS_base.cpp:128]   --->   Operation 436 'select' 'neighbor_height_7' <Predicate = (!icmp_ln109 & icmp_ln111)> <Delay = 0.22> <CoreInst = "Sel">   --->   Core 73 'Sel' <Latency = 0> <II = 1> <Delay = 0.22> <FuncUnit> <Opcode : 'select'> <InPorts = 3> <OutPorts = 1>
ST_36 : Operation 437 [1/1] (0.00ns)   --->   "%bitcast_ln139_4 = bitcast i32 %neighbor_height_7" [flood_HLS_base.cpp:139]   --->   Operation 437 'bitcast' 'bitcast_ln139_4' <Predicate = (!icmp_ln109 & icmp_ln111)> <Delay = 0.00>
ST_36 : Operation 438 [1/1] (0.00ns)   --->   "%tmp_51 = partselect i8 @_ssdm_op_PartSelect.i8.i32.i32.i32, i32 %bitcast_ln139_4, i32 23, i32 30" [flood_HLS_base.cpp:139]   --->   Operation 438 'partselect' 'tmp_51' <Predicate = (!icmp_ln109 & icmp_ln111)> <Delay = 0.00>
ST_36 : Operation 439 [1/1] (0.00ns)   --->   "%trunc_ln139_4 = trunc i32 %bitcast_ln139_4" [flood_HLS_base.cpp:139]   --->   Operation 439 'trunc' 'trunc_ln139_4' <Predicate = (!icmp_ln109 & icmp_ln111)> <Delay = 0.00>
ST_36 : Operation 440 [1/1] (0.70ns)   --->   "%icmp_ln139_8 = icmp_ne  i8 %tmp_51, i8 255" [flood_HLS_base.cpp:139]   --->   Operation 440 'icmp' 'icmp_ln139_8' <Predicate = (!icmp_ln109 & icmp_ln111)> <Delay = 0.70> <CoreInst = "Cmp">   --->   Core 9 'Cmp' <Latency = 0> <II = 1> <Delay = 0.70> <FuncUnit> <Opcode : 'seteq' 'setne' 'setle' 'setge' 'setlt' 'setgt'> <InPorts = 2> <OutPorts = 1>
ST_36 : Operation 441 [1/1] (0.82ns)   --->   "%icmp_ln139_9 = icmp_eq  i23 %trunc_ln139_4, i23 0" [flood_HLS_base.cpp:139]   --->   Operation 441 'icmp' 'icmp_ln139_9' <Predicate = (!icmp_ln109 & icmp_ln111)> <Delay = 0.82> <CoreInst = "Cmp">   --->   Core 9 'Cmp' <Latency = 0> <II = 1> <Delay = 0.82> <FuncUnit> <Opcode : 'seteq' 'setne' 'setle' 'setge' 'setlt' 'setgt'> <InPorts = 2> <OutPorts = 1>
ST_36 : Operation 442 [2/2] (1.64ns)   --->   "%tmp_52 = fcmp_oge  i32 %current_height, i32 %neighbor_height_7" [flood_HLS_base.cpp:139]   --->   Operation 442 'fcmp' 'tmp_52' <Predicate = (!icmp_ln109 & icmp_ln111)> <Delay = 1.64> <CoreInst = "FCompare">   --->   Core 19 'FCompare' <Latency = 1> <II = 1> <Delay = 1.64> <FuncUnit> <Opcode : 'fcmp'> <InPorts = 2> <OutPorts = 1>
ST_36 : Operation 443 [7/7] (2.34ns)   --->   "%height_diff_3 = fsub i32 %current_height, i32 %neighbor_height_7" [flood_HLS_base.cpp:140]   --->   Operation 443 'fsub' 'height_diff_3' <Predicate = (!icmp_ln109 & icmp_ln111)> <Delay = 2.34> <CoreInst = "FAddSub_fulldsp">   --->   Core 18 'FAddSub_fulldsp' <Latency = 6> <II = 1> <Delay = 2.34> <FuncUnit> <Opcode : 'fadd' 'fsub'> <InPorts = 2> <OutPorts = 1>

State 37 <SV = 36> <Delay = 2.34>
ST_37 : Operation 444 [5/7] (2.34ns)   --->   "%height_diff = fsub i32 %current_height, i32 %neighbor_height_1" [flood_HLS_base.cpp:140]   --->   Operation 444 'fsub' 'height_diff' <Predicate = (!icmp_ln109 & icmp_ln111)> <Delay = 2.34> <CoreInst = "FAddSub_fulldsp">   --->   Core 18 'FAddSub_fulldsp' <Latency = 6> <II = 1> <Delay = 2.34> <FuncUnit> <Opcode : 'fadd' 'fsub'> <InPorts = 2> <OutPorts = 1>
ST_37 : Operation 445 [5/7] (2.34ns)   --->   "%height_diff_1 = fsub i32 %current_height, i32 %neighbor_height_3" [flood_HLS_base.cpp:140]   --->   Operation 445 'fsub' 'height_diff_1' <Predicate = (!icmp_ln109 & icmp_ln111)> <Delay = 2.34> <CoreInst = "FAddSub_fulldsp">   --->   Core 18 'FAddSub_fulldsp' <Latency = 6> <II = 1> <Delay = 2.34> <FuncUnit> <Opcode : 'fadd' 'fsub'> <InPorts = 2> <OutPorts = 1>
ST_37 : Operation 446 [2/7] (2.34ns)   --->   "%neighbor_height_4 = fadd i32 %bitcast_ln134_2, i32 %div301_2" [flood_HLS_base.cpp:134]   --->   Operation 446 'fadd' 'neighbor_height_4' <Predicate = (!icmp_ln109 & icmp_ln111)> <Delay = 2.34> <CoreInst = "FAddSub_fulldsp">   --->   Core 18 'FAddSub_fulldsp' <Latency = 6> <II = 1> <Delay = 2.34> <FuncUnit> <Opcode : 'fadd' 'fsub'> <InPorts = 2> <OutPorts = 1>
ST_37 : Operation 447 [1/1] (0.00ns) (grouped into LUT with out node and_ln139_7)   --->   "%or_ln139_4 = or i1 %icmp_ln139_9, i1 %icmp_ln139_8" [flood_HLS_base.cpp:139]   --->   Operation 447 'or' 'or_ln139_4' <Predicate = (!icmp_ln109 & icmp_ln111)> <Delay = 0.00> <CoreInst = "LogicGate">   --->   Core 74 'LogicGate' <Latency = 0> <II = 1> <Delay = 0.12> <FuncUnit> <Opcode : 'and' 'or' 'xor'> <InPorts = 2> <OutPorts = 1>
ST_37 : Operation 448 [1/1] (0.00ns) (grouped into LUT with out node and_ln139_7)   --->   "%and_ln139_6 = and i1 %or_ln139, i1 %or_ln139_4" [flood_HLS_base.cpp:139]   --->   Operation 448 'and' 'and_ln139_6' <Predicate = (!icmp_ln109 & icmp_ln111)> <Delay = 0.00> <CoreInst = "LogicGate">   --->   Core 74 'LogicGate' <Latency = 0> <II = 1> <Delay = 0.12> <FuncUnit> <Opcode : 'and' 'or' 'xor'> <InPorts = 2> <OutPorts = 1>
ST_37 : Operation 449 [1/2] (1.64ns)   --->   "%tmp_52 = fcmp_oge  i32 %current_height, i32 %neighbor_height_7" [flood_HLS_base.cpp:139]   --->   Operation 449 'fcmp' 'tmp_52' <Predicate = (!icmp_ln109 & icmp_ln111)> <Delay = 1.64> <CoreInst = "FCompare">   --->   Core 19 'FCompare' <Latency = 1> <II = 1> <Delay = 1.64> <FuncUnit> <Opcode : 'fcmp'> <InPorts = 2> <OutPorts = 1>
ST_37 : Operation 450 [1/1] (0.12ns) (out node of the LUT)   --->   "%and_ln139_7 = and i1 %and_ln139_6, i1 %tmp_52" [flood_HLS_base.cpp:139]   --->   Operation 450 'and' 'and_ln139_7' <Predicate = (!icmp_ln109 & icmp_ln111)> <Delay = 0.12> <CoreInst = "LogicGate">   --->   Core 74 'LogicGate' <Latency = 0> <II = 1> <Delay = 0.12> <FuncUnit> <Opcode : 'and' 'or' 'xor'> <InPorts = 2> <OutPorts = 1>
ST_37 : Operation 451 [6/7] (2.34ns)   --->   "%height_diff_3 = fsub i32 %current_height, i32 %neighbor_height_7" [flood_HLS_base.cpp:140]   --->   Operation 451 'fsub' 'height_diff_3' <Predicate = (!icmp_ln109 & icmp_ln111)> <Delay = 2.34> <CoreInst = "FAddSub_fulldsp">   --->   Core 18 'FAddSub_fulldsp' <Latency = 6> <II = 1> <Delay = 2.34> <FuncUnit> <Opcode : 'fadd' 'fsub'> <InPorts = 2> <OutPorts = 1>

State 38 <SV = 37> <Delay = 2.34>
ST_38 : Operation 452 [4/7] (2.34ns)   --->   "%height_diff = fsub i32 %current_height, i32 %neighbor_height_1" [flood_HLS_base.cpp:140]   --->   Operation 452 'fsub' 'height_diff' <Predicate = (!icmp_ln109 & icmp_ln111)> <Delay = 2.34> <CoreInst = "FAddSub_fulldsp">   --->   Core 18 'FAddSub_fulldsp' <Latency = 6> <II = 1> <Delay = 2.34> <FuncUnit> <Opcode : 'fadd' 'fsub'> <InPorts = 2> <OutPorts = 1>
ST_38 : Operation 453 [4/7] (2.34ns)   --->   "%height_diff_1 = fsub i32 %current_height, i32 %neighbor_height_3" [flood_HLS_base.cpp:140]   --->   Operation 453 'fsub' 'height_diff_1' <Predicate = (!icmp_ln109 & icmp_ln111)> <Delay = 2.34> <CoreInst = "FAddSub_fulldsp">   --->   Core 18 'FAddSub_fulldsp' <Latency = 6> <II = 1> <Delay = 2.34> <FuncUnit> <Opcode : 'fadd' 'fsub'> <InPorts = 2> <OutPorts = 1>
ST_38 : Operation 454 [1/1] (0.70ns)   --->   "%icmp_ln128 = icmp_ugt  i7 %new_col_1, i7 49" [flood_HLS_base.cpp:128]   --->   Operation 454 'icmp' 'icmp_ln128' <Predicate = (!icmp_ln109 & icmp_ln111)> <Delay = 0.70> <CoreInst = "Cmp">   --->   Core 9 'Cmp' <Latency = 0> <II = 1> <Delay = 0.70> <FuncUnit> <Opcode : 'seteq' 'setne' 'setle' 'setge' 'setlt' 'setgt'> <InPorts = 2> <OutPorts = 1>
ST_38 : Operation 455 [1/7] (2.34ns)   --->   "%neighbor_height_4 = fadd i32 %bitcast_ln134_2, i32 %div301_2" [flood_HLS_base.cpp:134]   --->   Operation 455 'fadd' 'neighbor_height_4' <Predicate = (!icmp_ln109 & icmp_ln111)> <Delay = 2.34> <CoreInst = "FAddSub_fulldsp">   --->   Core 18 'FAddSub_fulldsp' <Latency = 6> <II = 1> <Delay = 2.34> <FuncUnit> <Opcode : 'fadd' 'fsub'> <InPorts = 2> <OutPorts = 1>
ST_38 : Operation 456 [5/7] (2.34ns)   --->   "%height_diff_3 = fsub i32 %current_height, i32 %neighbor_height_7" [flood_HLS_base.cpp:140]   --->   Operation 456 'fsub' 'height_diff_3' <Predicate = (!icmp_ln109 & icmp_ln111)> <Delay = 2.34> <CoreInst = "FAddSub_fulldsp">   --->   Core 18 'FAddSub_fulldsp' <Latency = 6> <II = 1> <Delay = 2.34> <FuncUnit> <Opcode : 'fadd' 'fsub'> <InPorts = 2> <OutPorts = 1>

State 39 <SV = 38> <Delay = 2.56>
ST_39 : Operation 457 [3/7] (2.34ns)   --->   "%height_diff = fsub i32 %current_height, i32 %neighbor_height_1" [flood_HLS_base.cpp:140]   --->   Operation 457 'fsub' 'height_diff' <Predicate = (!icmp_ln109 & icmp_ln111)> <Delay = 2.34> <CoreInst = "FAddSub_fulldsp">   --->   Core 18 'FAddSub_fulldsp' <Latency = 6> <II = 1> <Delay = 2.34> <FuncUnit> <Opcode : 'fadd' 'fsub'> <InPorts = 2> <OutPorts = 1>
ST_39 : Operation 458 [3/7] (2.34ns)   --->   "%height_diff_1 = fsub i32 %current_height, i32 %neighbor_height_3" [flood_HLS_base.cpp:140]   --->   Operation 458 'fsub' 'height_diff_1' <Predicate = (!icmp_ln109 & icmp_ln111)> <Delay = 2.34> <CoreInst = "FAddSub_fulldsp">   --->   Core 18 'FAddSub_fulldsp' <Latency = 6> <II = 1> <Delay = 2.34> <FuncUnit> <Opcode : 'fadd' 'fsub'> <InPorts = 2> <OutPorts = 1>
ST_39 : Operation 459 [1/1] (0.22ns)   --->   "%neighbor_height_5 = select i1 %icmp_ln128, i32 %neighbor_height_8, i32 %neighbor_height_4" [flood_HLS_base.cpp:128]   --->   Operation 459 'select' 'neighbor_height_5' <Predicate = (!icmp_ln109 & icmp_ln111)> <Delay = 0.22> <CoreInst = "Sel">   --->   Core 73 'Sel' <Latency = 0> <II = 1> <Delay = 0.22> <FuncUnit> <Opcode : 'select'> <InPorts = 3> <OutPorts = 1>
ST_39 : Operation 460 [1/1] (0.00ns)   --->   "%bitcast_ln139_3 = bitcast i32 %neighbor_height_5" [flood_HLS_base.cpp:139]   --->   Operation 460 'bitcast' 'bitcast_ln139_3' <Predicate = (!icmp_ln109 & icmp_ln111)> <Delay = 0.00>
ST_39 : Operation 461 [1/1] (0.00ns)   --->   "%tmp_44 = partselect i8 @_ssdm_op_PartSelect.i8.i32.i32.i32, i32 %bitcast_ln139_3, i32 23, i32 30" [flood_HLS_base.cpp:139]   --->   Operation 461 'partselect' 'tmp_44' <Predicate = (!icmp_ln109 & icmp_ln111)> <Delay = 0.00>
ST_39 : Operation 462 [1/1] (0.00ns)   --->   "%trunc_ln139_3 = trunc i32 %bitcast_ln139_3" [flood_HLS_base.cpp:139]   --->   Operation 462 'trunc' 'trunc_ln139_3' <Predicate = (!icmp_ln109 & icmp_ln111)> <Delay = 0.00>
ST_39 : Operation 463 [1/1] (0.70ns)   --->   "%icmp_ln139_6 = icmp_ne  i8 %tmp_44, i8 255" [flood_HLS_base.cpp:139]   --->   Operation 463 'icmp' 'icmp_ln139_6' <Predicate = (!icmp_ln109 & icmp_ln111)> <Delay = 0.70> <CoreInst = "Cmp">   --->   Core 9 'Cmp' <Latency = 0> <II = 1> <Delay = 0.70> <FuncUnit> <Opcode : 'seteq' 'setne' 'setle' 'setge' 'setlt' 'setgt'> <InPorts = 2> <OutPorts = 1>
ST_39 : Operation 464 [1/1] (0.82ns)   --->   "%icmp_ln139_7 = icmp_eq  i23 %trunc_ln139_3, i23 0" [flood_HLS_base.cpp:139]   --->   Operation 464 'icmp' 'icmp_ln139_7' <Predicate = (!icmp_ln109 & icmp_ln111)> <Delay = 0.82> <CoreInst = "Cmp">   --->   Core 9 'Cmp' <Latency = 0> <II = 1> <Delay = 0.82> <FuncUnit> <Opcode : 'seteq' 'setne' 'setle' 'setge' 'setlt' 'setgt'> <InPorts = 2> <OutPorts = 1>
ST_39 : Operation 465 [2/2] (1.64ns)   --->   "%tmp_45 = fcmp_oge  i32 %current_height, i32 %neighbor_height_5" [flood_HLS_base.cpp:139]   --->   Operation 465 'fcmp' 'tmp_45' <Predicate = (!icmp_ln109 & icmp_ln111)> <Delay = 1.64> <CoreInst = "FCompare">   --->   Core 19 'FCompare' <Latency = 1> <II = 1> <Delay = 1.64> <FuncUnit> <Opcode : 'fcmp'> <InPorts = 2> <OutPorts = 1>
ST_39 : Operation 466 [7/7] (2.34ns)   --->   "%height_diff_2 = fsub i32 %current_height, i32 %neighbor_height_5" [flood_HLS_base.cpp:140]   --->   Operation 466 'fsub' 'height_diff_2' <Predicate = (!icmp_ln109 & icmp_ln111)> <Delay = 2.34> <CoreInst = "FAddSub_fulldsp">   --->   Core 18 'FAddSub_fulldsp' <Latency = 6> <II = 1> <Delay = 2.34> <FuncUnit> <Opcode : 'fadd' 'fsub'> <InPorts = 2> <OutPorts = 1>
ST_39 : Operation 467 [4/7] (2.34ns)   --->   "%height_diff_3 = fsub i32 %current_height, i32 %neighbor_height_7" [flood_HLS_base.cpp:140]   --->   Operation 467 'fsub' 'height_diff_3' <Predicate = (!icmp_ln109 & icmp_ln111)> <Delay = 2.34> <CoreInst = "FAddSub_fulldsp">   --->   Core 18 'FAddSub_fulldsp' <Latency = 6> <II = 1> <Delay = 2.34> <FuncUnit> <Opcode : 'fadd' 'fsub'> <InPorts = 2> <OutPorts = 1>

State 40 <SV = 39> <Delay = 2.34>
ST_40 : Operation 468 [2/7] (2.34ns)   --->   "%height_diff = fsub i32 %current_height, i32 %neighbor_height_1" [flood_HLS_base.cpp:140]   --->   Operation 468 'fsub' 'height_diff' <Predicate = (!icmp_ln109 & icmp_ln111)> <Delay = 2.34> <CoreInst = "FAddSub_fulldsp">   --->   Core 18 'FAddSub_fulldsp' <Latency = 6> <II = 1> <Delay = 2.34> <FuncUnit> <Opcode : 'fadd' 'fsub'> <InPorts = 2> <OutPorts = 1>
ST_40 : Operation 469 [2/7] (2.34ns)   --->   "%height_diff_1 = fsub i32 %current_height, i32 %neighbor_height_3" [flood_HLS_base.cpp:140]   --->   Operation 469 'fsub' 'height_diff_1' <Predicate = (!icmp_ln109 & icmp_ln111)> <Delay = 2.34> <CoreInst = "FAddSub_fulldsp">   --->   Core 18 'FAddSub_fulldsp' <Latency = 6> <II = 1> <Delay = 2.34> <FuncUnit> <Opcode : 'fadd' 'fsub'> <InPorts = 2> <OutPorts = 1>
ST_40 : Operation 470 [1/1] (0.00ns) (grouped into LUT with out node and_ln139_5)   --->   "%or_ln139_3 = or i1 %icmp_ln139_7, i1 %icmp_ln139_6" [flood_HLS_base.cpp:139]   --->   Operation 470 'or' 'or_ln139_3' <Predicate = (!icmp_ln109 & icmp_ln111)> <Delay = 0.00> <CoreInst = "LogicGate">   --->   Core 74 'LogicGate' <Latency = 0> <II = 1> <Delay = 0.12> <FuncUnit> <Opcode : 'and' 'or' 'xor'> <InPorts = 2> <OutPorts = 1>
ST_40 : Operation 471 [1/1] (0.00ns) (grouped into LUT with out node and_ln139_5)   --->   "%and_ln139_4 = and i1 %or_ln139, i1 %or_ln139_3" [flood_HLS_base.cpp:139]   --->   Operation 471 'and' 'and_ln139_4' <Predicate = (!icmp_ln109 & icmp_ln111)> <Delay = 0.00> <CoreInst = "LogicGate">   --->   Core 74 'LogicGate' <Latency = 0> <II = 1> <Delay = 0.12> <FuncUnit> <Opcode : 'and' 'or' 'xor'> <InPorts = 2> <OutPorts = 1>
ST_40 : Operation 472 [1/2] (1.64ns)   --->   "%tmp_45 = fcmp_oge  i32 %current_height, i32 %neighbor_height_5" [flood_HLS_base.cpp:139]   --->   Operation 472 'fcmp' 'tmp_45' <Predicate = (!icmp_ln109 & icmp_ln111)> <Delay = 1.64> <CoreInst = "FCompare">   --->   Core 19 'FCompare' <Latency = 1> <II = 1> <Delay = 1.64> <FuncUnit> <Opcode : 'fcmp'> <InPorts = 2> <OutPorts = 1>
ST_40 : Operation 473 [1/1] (0.12ns) (out node of the LUT)   --->   "%and_ln139_5 = and i1 %and_ln139_4, i1 %tmp_45" [flood_HLS_base.cpp:139]   --->   Operation 473 'and' 'and_ln139_5' <Predicate = (!icmp_ln109 & icmp_ln111)> <Delay = 0.12> <CoreInst = "LogicGate">   --->   Core 74 'LogicGate' <Latency = 0> <II = 1> <Delay = 0.12> <FuncUnit> <Opcode : 'and' 'or' 'xor'> <InPorts = 2> <OutPorts = 1>
ST_40 : Operation 474 [6/7] (2.34ns)   --->   "%height_diff_2 = fsub i32 %current_height, i32 %neighbor_height_5" [flood_HLS_base.cpp:140]   --->   Operation 474 'fsub' 'height_diff_2' <Predicate = (!icmp_ln109 & icmp_ln111)> <Delay = 2.34> <CoreInst = "FAddSub_fulldsp">   --->   Core 18 'FAddSub_fulldsp' <Latency = 6> <II = 1> <Delay = 2.34> <FuncUnit> <Opcode : 'fadd' 'fsub'> <InPorts = 2> <OutPorts = 1>
ST_40 : Operation 475 [3/7] (2.34ns)   --->   "%height_diff_3 = fsub i32 %current_height, i32 %neighbor_height_7" [flood_HLS_base.cpp:140]   --->   Operation 475 'fsub' 'height_diff_3' <Predicate = (!icmp_ln109 & icmp_ln111)> <Delay = 2.34> <CoreInst = "FAddSub_fulldsp">   --->   Core 18 'FAddSub_fulldsp' <Latency = 6> <II = 1> <Delay = 2.34> <FuncUnit> <Opcode : 'fadd' 'fsub'> <InPorts = 2> <OutPorts = 1>

State 41 <SV = 40> <Delay = 2.34>
ST_41 : Operation 476 [1/7] (2.34ns)   --->   "%height_diff = fsub i32 %current_height, i32 %neighbor_height_1" [flood_HLS_base.cpp:140]   --->   Operation 476 'fsub' 'height_diff' <Predicate = (!icmp_ln109 & icmp_ln111)> <Delay = 2.34> <CoreInst = "FAddSub_fulldsp">   --->   Core 18 'FAddSub_fulldsp' <Latency = 6> <II = 1> <Delay = 2.34> <FuncUnit> <Opcode : 'fadd' 'fsub'> <InPorts = 2> <OutPorts = 1>
ST_41 : Operation 477 [1/7] (2.34ns)   --->   "%height_diff_1 = fsub i32 %current_height, i32 %neighbor_height_3" [flood_HLS_base.cpp:140]   --->   Operation 477 'fsub' 'height_diff_1' <Predicate = (!icmp_ln109 & icmp_ln111)> <Delay = 2.34> <CoreInst = "FAddSub_fulldsp">   --->   Core 18 'FAddSub_fulldsp' <Latency = 6> <II = 1> <Delay = 2.34> <FuncUnit> <Opcode : 'fadd' 'fsub'> <InPorts = 2> <OutPorts = 1>
ST_41 : Operation 478 [5/7] (2.34ns)   --->   "%height_diff_2 = fsub i32 %current_height, i32 %neighbor_height_5" [flood_HLS_base.cpp:140]   --->   Operation 478 'fsub' 'height_diff_2' <Predicate = (!icmp_ln109 & icmp_ln111)> <Delay = 2.34> <CoreInst = "FAddSub_fulldsp">   --->   Core 18 'FAddSub_fulldsp' <Latency = 6> <II = 1> <Delay = 2.34> <FuncUnit> <Opcode : 'fadd' 'fsub'> <InPorts = 2> <OutPorts = 1>
ST_41 : Operation 479 [2/7] (2.34ns)   --->   "%height_diff_3 = fsub i32 %current_height, i32 %neighbor_height_7" [flood_HLS_base.cpp:140]   --->   Operation 479 'fsub' 'height_diff_3' <Predicate = (!icmp_ln109 & icmp_ln111)> <Delay = 2.34> <CoreInst = "FAddSub_fulldsp">   --->   Core 18 'FAddSub_fulldsp' <Latency = 6> <II = 1> <Delay = 2.34> <FuncUnit> <Opcode : 'fadd' 'fsub'> <InPorts = 2> <OutPorts = 1>

State 42 <SV = 41> <Delay = 2.34>
ST_42 : Operation 480 [7/7] (2.34ns)   --->   "%sum_diff = fadd i32 %height_diff, i32 0" [flood_HLS_base.cpp:141]   --->   Operation 480 'fadd' 'sum_diff' <Predicate = (!icmp_ln109 & icmp_ln111 & and_ln139_1)> <Delay = 2.34> <CoreInst = "FAddSub_fulldsp">   --->   Core 18 'FAddSub_fulldsp' <Latency = 6> <II = 1> <Delay = 2.34> <FuncUnit> <Opcode : 'fadd' 'fsub'> <InPorts = 2> <OutPorts = 1>
ST_42 : Operation 481 [2/2] (1.64ns)   --->   "%tmp_38 = fcmp_olt  i32 %height_diff, i32 0" [flood_HLS_base.cpp:142]   --->   Operation 481 'fcmp' 'tmp_38' <Predicate = (!icmp_ln109 & icmp_ln111 & and_ln139_1)> <Delay = 1.64> <CoreInst = "FCompare">   --->   Core 19 'FCompare' <Latency = 1> <II = 1> <Delay = 1.64> <FuncUnit> <Opcode : 'fcmp'> <InPorts = 2> <OutPorts = 1>
ST_42 : Operation 482 [4/7] (2.34ns)   --->   "%height_diff_2 = fsub i32 %current_height, i32 %neighbor_height_5" [flood_HLS_base.cpp:140]   --->   Operation 482 'fsub' 'height_diff_2' <Predicate = (!icmp_ln109 & icmp_ln111)> <Delay = 2.34> <CoreInst = "FAddSub_fulldsp">   --->   Core 18 'FAddSub_fulldsp' <Latency = 6> <II = 1> <Delay = 2.34> <FuncUnit> <Opcode : 'fadd' 'fsub'> <InPorts = 2> <OutPorts = 1>
ST_42 : Operation 483 [1/7] (2.34ns)   --->   "%height_diff_3 = fsub i32 %current_height, i32 %neighbor_height_7" [flood_HLS_base.cpp:140]   --->   Operation 483 'fsub' 'height_diff_3' <Predicate = (!icmp_ln109 & icmp_ln111)> <Delay = 2.34> <CoreInst = "FAddSub_fulldsp">   --->   Core 18 'FAddSub_fulldsp' <Latency = 6> <II = 1> <Delay = 2.34> <FuncUnit> <Opcode : 'fadd' 'fsub'> <InPorts = 2> <OutPorts = 1>

State 43 <SV = 42> <Delay = 2.34>
ST_43 : Operation 484 [6/7] (2.34ns)   --->   "%sum_diff = fadd i32 %height_diff, i32 0" [flood_HLS_base.cpp:141]   --->   Operation 484 'fadd' 'sum_diff' <Predicate = (!icmp_ln109 & icmp_ln111 & and_ln139_1)> <Delay = 2.34> <CoreInst = "FAddSub_fulldsp">   --->   Core 18 'FAddSub_fulldsp' <Latency = 6> <II = 1> <Delay = 2.34> <FuncUnit> <Opcode : 'fadd' 'fsub'> <InPorts = 2> <OutPorts = 1>
ST_43 : Operation 485 [1/1] (0.00ns)   --->   "%bitcast_ln142 = bitcast i32 %height_diff" [flood_HLS_base.cpp:142]   --->   Operation 485 'bitcast' 'bitcast_ln142' <Predicate = (!icmp_ln109 & icmp_ln111 & and_ln139_1)> <Delay = 0.00>
ST_43 : Operation 486 [1/1] (0.00ns)   --->   "%tmp_35 = partselect i8 @_ssdm_op_PartSelect.i8.i32.i32.i32, i32 %bitcast_ln142, i32 23, i32 30" [flood_HLS_base.cpp:142]   --->   Operation 486 'partselect' 'tmp_35' <Predicate = (!icmp_ln109 & icmp_ln111 & and_ln139_1)> <Delay = 0.00>
ST_43 : Operation 487 [1/1] (0.00ns)   --->   "%trunc_ln142 = trunc i32 %bitcast_ln142" [flood_HLS_base.cpp:142]   --->   Operation 487 'trunc' 'trunc_ln142' <Predicate = (!icmp_ln109 & icmp_ln111 & and_ln139_1)> <Delay = 0.00>
ST_43 : Operation 488 [1/1] (0.70ns)   --->   "%icmp_ln142 = icmp_ne  i8 %tmp_35, i8 255" [flood_HLS_base.cpp:142]   --->   Operation 488 'icmp' 'icmp_ln142' <Predicate = (!icmp_ln109 & icmp_ln111 & and_ln139_1)> <Delay = 0.70> <CoreInst = "Cmp">   --->   Core 9 'Cmp' <Latency = 0> <II = 1> <Delay = 0.70> <FuncUnit> <Opcode : 'seteq' 'setne' 'setle' 'setge' 'setlt' 'setgt'> <InPorts = 2> <OutPorts = 1>
ST_43 : Operation 489 [1/1] (0.82ns)   --->   "%icmp_ln142_1 = icmp_eq  i23 %trunc_ln142, i23 0" [flood_HLS_base.cpp:142]   --->   Operation 489 'icmp' 'icmp_ln142_1' <Predicate = (!icmp_ln109 & icmp_ln111 & and_ln139_1)> <Delay = 0.82> <CoreInst = "Cmp">   --->   Core 9 'Cmp' <Latency = 0> <II = 1> <Delay = 0.82> <FuncUnit> <Opcode : 'seteq' 'setne' 'setle' 'setge' 'setlt' 'setgt'> <InPorts = 2> <OutPorts = 1>
ST_43 : Operation 490 [1/1] (0.00ns) (grouped into LUT with out node my_spillage_level_1)   --->   "%or_ln142 = or i1 %icmp_ln142_1, i1 %icmp_ln142" [flood_HLS_base.cpp:142]   --->   Operation 490 'or' 'or_ln142' <Predicate = (!icmp_ln109 & icmp_ln111 & and_ln139_1)> <Delay = 0.00> <CoreInst = "LogicGate">   --->   Core 74 'LogicGate' <Latency = 0> <II = 1> <Delay = 0.12> <FuncUnit> <Opcode : 'and' 'or' 'xor'> <InPorts = 2> <OutPorts = 1>
ST_43 : Operation 491 [1/2] (1.64ns)   --->   "%tmp_38 = fcmp_olt  i32 %height_diff, i32 0" [flood_HLS_base.cpp:142]   --->   Operation 491 'fcmp' 'tmp_38' <Predicate = (!icmp_ln109 & icmp_ln111 & and_ln139_1)> <Delay = 1.64> <CoreInst = "FCompare">   --->   Core 19 'FCompare' <Latency = 1> <II = 1> <Delay = 1.64> <FuncUnit> <Opcode : 'fcmp'> <InPorts = 2> <OutPorts = 1>
ST_43 : Operation 492 [1/1] (0.00ns) (grouped into LUT with out node my_spillage_level_1)   --->   "%and_ln142 = and i1 %or_ln142, i1 %tmp_38" [flood_HLS_base.cpp:142]   --->   Operation 492 'and' 'and_ln142' <Predicate = (!icmp_ln109 & icmp_ln111 & and_ln139_1)> <Delay = 0.00> <CoreInst = "LogicGate">   --->   Core 74 'LogicGate' <Latency = 0> <II = 1> <Delay = 0.12> <FuncUnit> <Opcode : 'and' 'or' 'xor'> <InPorts = 2> <OutPorts = 1>
ST_43 : Operation 493 [1/1] (0.00ns) (grouped into LUT with out node my_spillage_level_1)   --->   "%my_spillage_level = select i1 %and_ln142, i32 0, i32 %height_diff" [flood_HLS_base.cpp:142]   --->   Operation 493 'select' 'my_spillage_level' <Predicate = (!icmp_ln109 & icmp_ln111 & and_ln139_1)> <Delay = 0.00> <CoreInst = "Sel">   --->   Core 73 'Sel' <Latency = 0> <II = 1> <Delay = 0.22> <FuncUnit> <Opcode : 'select'> <InPorts = 3> <OutPorts = 1>
ST_43 : Operation 494 [1/1] (0.22ns) (out node of the LUT)   --->   "%my_spillage_level_1 = select i1 %and_ln139_1, i32 %my_spillage_level, i32 0" [flood_HLS_base.cpp:139]   --->   Operation 494 'select' 'my_spillage_level_1' <Predicate = (!icmp_ln109 & icmp_ln111)> <Delay = 0.22> <CoreInst = "Sel">   --->   Core 73 'Sel' <Latency = 0> <II = 1> <Delay = 0.22> <FuncUnit> <Opcode : 'select'> <InPorts = 3> <OutPorts = 1>
ST_43 : Operation 495 [3/7] (2.34ns)   --->   "%height_diff_2 = fsub i32 %current_height, i32 %neighbor_height_5" [flood_HLS_base.cpp:140]   --->   Operation 495 'fsub' 'height_diff_2' <Predicate = (!icmp_ln109 & icmp_ln111)> <Delay = 2.34> <CoreInst = "FAddSub_fulldsp">   --->   Core 18 'FAddSub_fulldsp' <Latency = 6> <II = 1> <Delay = 2.34> <FuncUnit> <Opcode : 'fadd' 'fsub'> <InPorts = 2> <OutPorts = 1>

State 44 <SV = 43> <Delay = 2.34>
ST_44 : Operation 496 [5/7] (2.34ns)   --->   "%sum_diff = fadd i32 %height_diff, i32 0" [flood_HLS_base.cpp:141]   --->   Operation 496 'fadd' 'sum_diff' <Predicate = (!icmp_ln109 & icmp_ln111 & and_ln139_1)> <Delay = 2.34> <CoreInst = "FAddSub_fulldsp">   --->   Core 18 'FAddSub_fulldsp' <Latency = 6> <II = 1> <Delay = 2.34> <FuncUnit> <Opcode : 'fadd' 'fsub'> <InPorts = 2> <OutPorts = 1>
ST_44 : Operation 497 [2/2] (1.64ns)   --->   "%tmp_43 = fcmp_ogt  i32 %my_spillage_level_1, i32 %height_diff_1" [flood_HLS_base.cpp:142]   --->   Operation 497 'fcmp' 'tmp_43' <Predicate = (!icmp_ln109 & icmp_ln111 & and_ln139_3)> <Delay = 1.64> <CoreInst = "FCompare">   --->   Core 19 'FCompare' <Latency = 1> <II = 1> <Delay = 1.64> <FuncUnit> <Opcode : 'fcmp'> <InPorts = 2> <OutPorts = 1>
ST_44 : Operation 498 [2/7] (2.34ns)   --->   "%height_diff_2 = fsub i32 %current_height, i32 %neighbor_height_5" [flood_HLS_base.cpp:140]   --->   Operation 498 'fsub' 'height_diff_2' <Predicate = (!icmp_ln109 & icmp_ln111)> <Delay = 2.34> <CoreInst = "FAddSub_fulldsp">   --->   Core 18 'FAddSub_fulldsp' <Latency = 6> <II = 1> <Delay = 2.34> <FuncUnit> <Opcode : 'fadd' 'fsub'> <InPorts = 2> <OutPorts = 1>

State 45 <SV = 44> <Delay = 2.34>
ST_45 : Operation 499 [4/7] (2.34ns)   --->   "%sum_diff = fadd i32 %height_diff, i32 0" [flood_HLS_base.cpp:141]   --->   Operation 499 'fadd' 'sum_diff' <Predicate = (!icmp_ln109 & icmp_ln111 & and_ln139_1)> <Delay = 2.34> <CoreInst = "FAddSub_fulldsp">   --->   Core 18 'FAddSub_fulldsp' <Latency = 6> <II = 1> <Delay = 2.34> <FuncUnit> <Opcode : 'fadd' 'fsub'> <InPorts = 2> <OutPorts = 1>
ST_45 : Operation 500 [1/1] (0.00ns)   --->   "%bitcast_ln142_1 = bitcast i32 %my_spillage_level_1" [flood_HLS_base.cpp:142]   --->   Operation 500 'bitcast' 'bitcast_ln142_1' <Predicate = (!icmp_ln109 & icmp_ln111 & and_ln139_3)> <Delay = 0.00>
ST_45 : Operation 501 [1/1] (0.00ns)   --->   "%tmp_41 = partselect i8 @_ssdm_op_PartSelect.i8.i32.i32.i32, i32 %bitcast_ln142_1, i32 23, i32 30" [flood_HLS_base.cpp:142]   --->   Operation 501 'partselect' 'tmp_41' <Predicate = (!icmp_ln109 & icmp_ln111 & and_ln139_3)> <Delay = 0.00>
ST_45 : Operation 502 [1/1] (0.00ns)   --->   "%trunc_ln142_1 = trunc i32 %bitcast_ln142_1" [flood_HLS_base.cpp:142]   --->   Operation 502 'trunc' 'trunc_ln142_1' <Predicate = (!icmp_ln109 & icmp_ln111 & and_ln139_3)> <Delay = 0.00>
ST_45 : Operation 503 [1/1] (0.00ns)   --->   "%bitcast_ln142_2 = bitcast i32 %height_diff_1" [flood_HLS_base.cpp:142]   --->   Operation 503 'bitcast' 'bitcast_ln142_2' <Predicate = (!icmp_ln109 & icmp_ln111 & and_ln139_3)> <Delay = 0.00>
ST_45 : Operation 504 [1/1] (0.00ns)   --->   "%tmp_42 = partselect i8 @_ssdm_op_PartSelect.i8.i32.i32.i32, i32 %bitcast_ln142_2, i32 23, i32 30" [flood_HLS_base.cpp:142]   --->   Operation 504 'partselect' 'tmp_42' <Predicate = (!icmp_ln109 & icmp_ln111 & and_ln139_3)> <Delay = 0.00>
ST_45 : Operation 505 [1/1] (0.00ns)   --->   "%trunc_ln142_2 = trunc i32 %bitcast_ln142_2" [flood_HLS_base.cpp:142]   --->   Operation 505 'trunc' 'trunc_ln142_2' <Predicate = (!icmp_ln109 & icmp_ln111 & and_ln139_3)> <Delay = 0.00>
ST_45 : Operation 506 [1/1] (0.70ns)   --->   "%icmp_ln142_2 = icmp_ne  i8 %tmp_41, i8 255" [flood_HLS_base.cpp:142]   --->   Operation 506 'icmp' 'icmp_ln142_2' <Predicate = (!icmp_ln109 & icmp_ln111 & and_ln139_3)> <Delay = 0.70> <CoreInst = "Cmp">   --->   Core 9 'Cmp' <Latency = 0> <II = 1> <Delay = 0.70> <FuncUnit> <Opcode : 'seteq' 'setne' 'setle' 'setge' 'setlt' 'setgt'> <InPorts = 2> <OutPorts = 1>
ST_45 : Operation 507 [1/1] (0.82ns)   --->   "%icmp_ln142_3 = icmp_eq  i23 %trunc_ln142_1, i23 0" [flood_HLS_base.cpp:142]   --->   Operation 507 'icmp' 'icmp_ln142_3' <Predicate = (!icmp_ln109 & icmp_ln111 & and_ln139_3)> <Delay = 0.82> <CoreInst = "Cmp">   --->   Core 9 'Cmp' <Latency = 0> <II = 1> <Delay = 0.82> <FuncUnit> <Opcode : 'seteq' 'setne' 'setle' 'setge' 'setlt' 'setgt'> <InPorts = 2> <OutPorts = 1>
ST_45 : Operation 508 [1/1] (0.00ns) (grouped into LUT with out node and_ln142_2)   --->   "%or_ln142_1 = or i1 %icmp_ln142_3, i1 %icmp_ln142_2" [flood_HLS_base.cpp:142]   --->   Operation 508 'or' 'or_ln142_1' <Predicate = (!icmp_ln109 & icmp_ln111 & and_ln139_3)> <Delay = 0.00> <CoreInst = "LogicGate">   --->   Core 74 'LogicGate' <Latency = 0> <II = 1> <Delay = 0.12> <FuncUnit> <Opcode : 'and' 'or' 'xor'> <InPorts = 2> <OutPorts = 1>
ST_45 : Operation 509 [1/1] (0.70ns)   --->   "%icmp_ln142_4 = icmp_ne  i8 %tmp_42, i8 255" [flood_HLS_base.cpp:142]   --->   Operation 509 'icmp' 'icmp_ln142_4' <Predicate = (!icmp_ln109 & icmp_ln111 & and_ln139_3)> <Delay = 0.70> <CoreInst = "Cmp">   --->   Core 9 'Cmp' <Latency = 0> <II = 1> <Delay = 0.70> <FuncUnit> <Opcode : 'seteq' 'setne' 'setle' 'setge' 'setlt' 'setgt'> <InPorts = 2> <OutPorts = 1>
ST_45 : Operation 510 [1/1] (0.82ns)   --->   "%icmp_ln142_5 = icmp_eq  i23 %trunc_ln142_2, i23 0" [flood_HLS_base.cpp:142]   --->   Operation 510 'icmp' 'icmp_ln142_5' <Predicate = (!icmp_ln109 & icmp_ln111 & and_ln139_3)> <Delay = 0.82> <CoreInst = "Cmp">   --->   Core 9 'Cmp' <Latency = 0> <II = 1> <Delay = 0.82> <FuncUnit> <Opcode : 'seteq' 'setne' 'setle' 'setge' 'setlt' 'setgt'> <InPorts = 2> <OutPorts = 1>
ST_45 : Operation 511 [1/1] (0.00ns) (grouped into LUT with out node and_ln142_2)   --->   "%or_ln142_2 = or i1 %icmp_ln142_5, i1 %icmp_ln142_4" [flood_HLS_base.cpp:142]   --->   Operation 511 'or' 'or_ln142_2' <Predicate = (!icmp_ln109 & icmp_ln111 & and_ln139_3)> <Delay = 0.00> <CoreInst = "LogicGate">   --->   Core 74 'LogicGate' <Latency = 0> <II = 1> <Delay = 0.12> <FuncUnit> <Opcode : 'and' 'or' 'xor'> <InPorts = 2> <OutPorts = 1>
ST_45 : Operation 512 [1/2] (1.64ns)   --->   "%tmp_43 = fcmp_ogt  i32 %my_spillage_level_1, i32 %height_diff_1" [flood_HLS_base.cpp:142]   --->   Operation 512 'fcmp' 'tmp_43' <Predicate = (!icmp_ln109 & icmp_ln111 & and_ln139_3)> <Delay = 1.64> <CoreInst = "FCompare">   --->   Core 19 'FCompare' <Latency = 1> <II = 1> <Delay = 1.64> <FuncUnit> <Opcode : 'fcmp'> <InPorts = 2> <OutPorts = 1>
ST_45 : Operation 513 [1/1] (0.00ns) (grouped into LUT with out node and_ln142_2)   --->   "%and_ln142_1 = and i1 %or_ln142_1, i1 %or_ln142_2" [flood_HLS_base.cpp:142]   --->   Operation 513 'and' 'and_ln142_1' <Predicate = (!icmp_ln109 & icmp_ln111 & and_ln139_3)> <Delay = 0.00> <CoreInst = "LogicGate">   --->   Core 74 'LogicGate' <Latency = 0> <II = 1> <Delay = 0.12> <FuncUnit> <Opcode : 'and' 'or' 'xor'> <InPorts = 2> <OutPorts = 1>
ST_45 : Operation 514 [1/1] (0.12ns) (out node of the LUT)   --->   "%and_ln142_2 = and i1 %and_ln142_1, i1 %tmp_43" [flood_HLS_base.cpp:142]   --->   Operation 514 'and' 'and_ln142_2' <Predicate = (!icmp_ln109 & icmp_ln111 & and_ln139_3)> <Delay = 0.12> <CoreInst = "LogicGate">   --->   Core 74 'LogicGate' <Latency = 0> <II = 1> <Delay = 0.12> <FuncUnit> <Opcode : 'and' 'or' 'xor'> <InPorts = 2> <OutPorts = 1>
ST_45 : Operation 515 [1/1] (0.00ns) (grouped into LUT with out node my_spillage_level_3)   --->   "%my_spillage_level_2 = select i1 %and_ln142_2, i32 %my_spillage_level_1, i32 %height_diff_1" [flood_HLS_base.cpp:142]   --->   Operation 515 'select' 'my_spillage_level_2' <Predicate = (!icmp_ln109 & icmp_ln111 & and_ln139_3)> <Delay = 0.00> <CoreInst = "Sel">   --->   Core 73 'Sel' <Latency = 0> <II = 1> <Delay = 0.22> <FuncUnit> <Opcode : 'select'> <InPorts = 3> <OutPorts = 1>
ST_45 : Operation 516 [1/1] (0.22ns) (out node of the LUT)   --->   "%my_spillage_level_3 = select i1 %and_ln139_3, i32 %my_spillage_level_2, i32 %my_spillage_level_1" [flood_HLS_base.cpp:139]   --->   Operation 516 'select' 'my_spillage_level_3' <Predicate = (!icmp_ln109 & icmp_ln111)> <Delay = 0.22> <CoreInst = "Sel">   --->   Core 73 'Sel' <Latency = 0> <II = 1> <Delay = 0.22> <FuncUnit> <Opcode : 'select'> <InPorts = 3> <OutPorts = 1>
ST_45 : Operation 517 [1/7] (2.34ns)   --->   "%height_diff_2 = fsub i32 %current_height, i32 %neighbor_height_5" [flood_HLS_base.cpp:140]   --->   Operation 517 'fsub' 'height_diff_2' <Predicate = (!icmp_ln109 & icmp_ln111)> <Delay = 2.34> <CoreInst = "FAddSub_fulldsp">   --->   Core 18 'FAddSub_fulldsp' <Latency = 6> <II = 1> <Delay = 2.34> <FuncUnit> <Opcode : 'fadd' 'fsub'> <InPorts = 2> <OutPorts = 1>

State 46 <SV = 45> <Delay = 2.34>
ST_46 : Operation 518 [3/7] (2.34ns)   --->   "%sum_diff = fadd i32 %height_diff, i32 0" [flood_HLS_base.cpp:141]   --->   Operation 518 'fadd' 'sum_diff' <Predicate = (!icmp_ln109 & icmp_ln111 & and_ln139_1)> <Delay = 2.34> <CoreInst = "FAddSub_fulldsp">   --->   Core 18 'FAddSub_fulldsp' <Latency = 6> <II = 1> <Delay = 2.34> <FuncUnit> <Opcode : 'fadd' 'fsub'> <InPorts = 2> <OutPorts = 1>
ST_46 : Operation 519 [2/2] (1.64ns)   --->   "%tmp_48 = fcmp_ogt  i32 %my_spillage_level_3, i32 %height_diff_2" [flood_HLS_base.cpp:142]   --->   Operation 519 'fcmp' 'tmp_48' <Predicate = (!icmp_ln109 & icmp_ln111 & and_ln139_5)> <Delay = 1.64> <CoreInst = "FCompare">   --->   Core 19 'FCompare' <Latency = 1> <II = 1> <Delay = 1.64> <FuncUnit> <Opcode : 'fcmp'> <InPorts = 2> <OutPorts = 1>

State 47 <SV = 46> <Delay = 2.34>
ST_47 : Operation 520 [2/7] (2.34ns)   --->   "%sum_diff = fadd i32 %height_diff, i32 0" [flood_HLS_base.cpp:141]   --->   Operation 520 'fadd' 'sum_diff' <Predicate = (!icmp_ln109 & icmp_ln111 & and_ln139_1)> <Delay = 2.34> <CoreInst = "FAddSub_fulldsp">   --->   Core 18 'FAddSub_fulldsp' <Latency = 6> <II = 1> <Delay = 2.34> <FuncUnit> <Opcode : 'fadd' 'fsub'> <InPorts = 2> <OutPorts = 1>
ST_47 : Operation 521 [1/1] (0.00ns)   --->   "%bitcast_ln142_3 = bitcast i32 %my_spillage_level_3" [flood_HLS_base.cpp:142]   --->   Operation 521 'bitcast' 'bitcast_ln142_3' <Predicate = (!icmp_ln109 & icmp_ln111 & and_ln139_5)> <Delay = 0.00>
ST_47 : Operation 522 [1/1] (0.00ns)   --->   "%tmp_46 = partselect i8 @_ssdm_op_PartSelect.i8.i32.i32.i32, i32 %bitcast_ln142_3, i32 23, i32 30" [flood_HLS_base.cpp:142]   --->   Operation 522 'partselect' 'tmp_46' <Predicate = (!icmp_ln109 & icmp_ln111 & and_ln139_5)> <Delay = 0.00>
ST_47 : Operation 523 [1/1] (0.00ns)   --->   "%trunc_ln142_3 = trunc i32 %bitcast_ln142_3" [flood_HLS_base.cpp:142]   --->   Operation 523 'trunc' 'trunc_ln142_3' <Predicate = (!icmp_ln109 & icmp_ln111 & and_ln139_5)> <Delay = 0.00>
ST_47 : Operation 524 [1/1] (0.00ns)   --->   "%bitcast_ln142_4 = bitcast i32 %height_diff_2" [flood_HLS_base.cpp:142]   --->   Operation 524 'bitcast' 'bitcast_ln142_4' <Predicate = (!icmp_ln109 & icmp_ln111 & and_ln139_5)> <Delay = 0.00>
ST_47 : Operation 525 [1/1] (0.00ns)   --->   "%tmp_47 = partselect i8 @_ssdm_op_PartSelect.i8.i32.i32.i32, i32 %bitcast_ln142_4, i32 23, i32 30" [flood_HLS_base.cpp:142]   --->   Operation 525 'partselect' 'tmp_47' <Predicate = (!icmp_ln109 & icmp_ln111 & and_ln139_5)> <Delay = 0.00>
ST_47 : Operation 526 [1/1] (0.00ns)   --->   "%trunc_ln142_4 = trunc i32 %bitcast_ln142_4" [flood_HLS_base.cpp:142]   --->   Operation 526 'trunc' 'trunc_ln142_4' <Predicate = (!icmp_ln109 & icmp_ln111 & and_ln139_5)> <Delay = 0.00>
ST_47 : Operation 527 [1/1] (0.70ns)   --->   "%icmp_ln142_6 = icmp_ne  i8 %tmp_46, i8 255" [flood_HLS_base.cpp:142]   --->   Operation 527 'icmp' 'icmp_ln142_6' <Predicate = (!icmp_ln109 & icmp_ln111 & and_ln139_5)> <Delay = 0.70> <CoreInst = "Cmp">   --->   Core 9 'Cmp' <Latency = 0> <II = 1> <Delay = 0.70> <FuncUnit> <Opcode : 'seteq' 'setne' 'setle' 'setge' 'setlt' 'setgt'> <InPorts = 2> <OutPorts = 1>
ST_47 : Operation 528 [1/1] (0.82ns)   --->   "%icmp_ln142_7 = icmp_eq  i23 %trunc_ln142_3, i23 0" [flood_HLS_base.cpp:142]   --->   Operation 528 'icmp' 'icmp_ln142_7' <Predicate = (!icmp_ln109 & icmp_ln111 & and_ln139_5)> <Delay = 0.82> <CoreInst = "Cmp">   --->   Core 9 'Cmp' <Latency = 0> <II = 1> <Delay = 0.82> <FuncUnit> <Opcode : 'seteq' 'setne' 'setle' 'setge' 'setlt' 'setgt'> <InPorts = 2> <OutPorts = 1>
ST_47 : Operation 529 [1/1] (0.00ns) (grouped into LUT with out node and_ln142_4)   --->   "%or_ln142_3 = or i1 %icmp_ln142_7, i1 %icmp_ln142_6" [flood_HLS_base.cpp:142]   --->   Operation 529 'or' 'or_ln142_3' <Predicate = (!icmp_ln109 & icmp_ln111 & and_ln139_5)> <Delay = 0.00> <CoreInst = "LogicGate">   --->   Core 74 'LogicGate' <Latency = 0> <II = 1> <Delay = 0.12> <FuncUnit> <Opcode : 'and' 'or' 'xor'> <InPorts = 2> <OutPorts = 1>
ST_47 : Operation 530 [1/1] (0.70ns)   --->   "%icmp_ln142_8 = icmp_ne  i8 %tmp_47, i8 255" [flood_HLS_base.cpp:142]   --->   Operation 530 'icmp' 'icmp_ln142_8' <Predicate = (!icmp_ln109 & icmp_ln111 & and_ln139_5)> <Delay = 0.70> <CoreInst = "Cmp">   --->   Core 9 'Cmp' <Latency = 0> <II = 1> <Delay = 0.70> <FuncUnit> <Opcode : 'seteq' 'setne' 'setle' 'setge' 'setlt' 'setgt'> <InPorts = 2> <OutPorts = 1>
ST_47 : Operation 531 [1/1] (0.82ns)   --->   "%icmp_ln142_9 = icmp_eq  i23 %trunc_ln142_4, i23 0" [flood_HLS_base.cpp:142]   --->   Operation 531 'icmp' 'icmp_ln142_9' <Predicate = (!icmp_ln109 & icmp_ln111 & and_ln139_5)> <Delay = 0.82> <CoreInst = "Cmp">   --->   Core 9 'Cmp' <Latency = 0> <II = 1> <Delay = 0.82> <FuncUnit> <Opcode : 'seteq' 'setne' 'setle' 'setge' 'setlt' 'setgt'> <InPorts = 2> <OutPorts = 1>
ST_47 : Operation 532 [1/1] (0.00ns) (grouped into LUT with out node and_ln142_4)   --->   "%or_ln142_4 = or i1 %icmp_ln142_9, i1 %icmp_ln142_8" [flood_HLS_base.cpp:142]   --->   Operation 532 'or' 'or_ln142_4' <Predicate = (!icmp_ln109 & icmp_ln111 & and_ln139_5)> <Delay = 0.00> <CoreInst = "LogicGate">   --->   Core 74 'LogicGate' <Latency = 0> <II = 1> <Delay = 0.12> <FuncUnit> <Opcode : 'and' 'or' 'xor'> <InPorts = 2> <OutPorts = 1>
ST_47 : Operation 533 [1/2] (1.64ns)   --->   "%tmp_48 = fcmp_ogt  i32 %my_spillage_level_3, i32 %height_diff_2" [flood_HLS_base.cpp:142]   --->   Operation 533 'fcmp' 'tmp_48' <Predicate = (!icmp_ln109 & icmp_ln111 & and_ln139_5)> <Delay = 1.64> <CoreInst = "FCompare">   --->   Core 19 'FCompare' <Latency = 1> <II = 1> <Delay = 1.64> <FuncUnit> <Opcode : 'fcmp'> <InPorts = 2> <OutPorts = 1>
ST_47 : Operation 534 [1/1] (0.00ns) (grouped into LUT with out node and_ln142_4)   --->   "%and_ln142_3 = and i1 %or_ln142_3, i1 %or_ln142_4" [flood_HLS_base.cpp:142]   --->   Operation 534 'and' 'and_ln142_3' <Predicate = (!icmp_ln109 & icmp_ln111 & and_ln139_5)> <Delay = 0.00> <CoreInst = "LogicGate">   --->   Core 74 'LogicGate' <Latency = 0> <II = 1> <Delay = 0.12> <FuncUnit> <Opcode : 'and' 'or' 'xor'> <InPorts = 2> <OutPorts = 1>
ST_47 : Operation 535 [1/1] (0.12ns) (out node of the LUT)   --->   "%and_ln142_4 = and i1 %and_ln142_3, i1 %tmp_48" [flood_HLS_base.cpp:142]   --->   Operation 535 'and' 'and_ln142_4' <Predicate = (!icmp_ln109 & icmp_ln111 & and_ln139_5)> <Delay = 0.12> <CoreInst = "LogicGate">   --->   Core 74 'LogicGate' <Latency = 0> <II = 1> <Delay = 0.12> <FuncUnit> <Opcode : 'and' 'or' 'xor'> <InPorts = 2> <OutPorts = 1>
ST_47 : Operation 536 [1/1] (0.00ns) (grouped into LUT with out node my_spillage_level_5)   --->   "%my_spillage_level_4 = select i1 %and_ln142_4, i32 %my_spillage_level_3, i32 %height_diff_2" [flood_HLS_base.cpp:142]   --->   Operation 536 'select' 'my_spillage_level_4' <Predicate = (!icmp_ln109 & icmp_ln111 & and_ln139_5)> <Delay = 0.00> <CoreInst = "Sel">   --->   Core 73 'Sel' <Latency = 0> <II = 1> <Delay = 0.22> <FuncUnit> <Opcode : 'select'> <InPorts = 3> <OutPorts = 1>
ST_47 : Operation 537 [1/1] (0.22ns) (out node of the LUT)   --->   "%my_spillage_level_5 = select i1 %and_ln139_5, i32 %my_spillage_level_4, i32 %my_spillage_level_3" [flood_HLS_base.cpp:139]   --->   Operation 537 'select' 'my_spillage_level_5' <Predicate = (!icmp_ln109 & icmp_ln111)> <Delay = 0.22> <CoreInst = "Sel">   --->   Core 73 'Sel' <Latency = 0> <II = 1> <Delay = 0.22> <FuncUnit> <Opcode : 'select'> <InPorts = 3> <OutPorts = 1>

State 48 <SV = 47> <Delay = 2.56>
ST_48 : Operation 538 [1/7] (2.34ns)   --->   "%sum_diff = fadd i32 %height_diff, i32 0" [flood_HLS_base.cpp:141]   --->   Operation 538 'fadd' 'sum_diff' <Predicate = (!icmp_ln109 & icmp_ln111 & and_ln139_1)> <Delay = 2.34> <CoreInst = "FAddSub_fulldsp">   --->   Core 18 'FAddSub_fulldsp' <Latency = 6> <II = 1> <Delay = 2.34> <FuncUnit> <Opcode : 'fadd' 'fsub'> <InPorts = 2> <OutPorts = 1>
ST_48 : Operation 539 [1/1] (0.22ns)   --->   "%sum_diff_1 = select i1 %and_ln139_1, i32 %sum_diff, i32 0" [flood_HLS_base.cpp:139]   --->   Operation 539 'select' 'sum_diff_1' <Predicate = (!icmp_ln109 & icmp_ln111)> <Delay = 0.22> <CoreInst = "Sel">   --->   Core 73 'Sel' <Latency = 0> <II = 1> <Delay = 0.22> <FuncUnit> <Opcode : 'select'> <InPorts = 3> <OutPorts = 1>
ST_48 : Operation 540 [2/2] (1.64ns)   --->   "%tmp_55 = fcmp_ogt  i32 %my_spillage_level_5, i32 %height_diff_3" [flood_HLS_base.cpp:142]   --->   Operation 540 'fcmp' 'tmp_55' <Predicate = (!icmp_ln109 & icmp_ln111 & and_ln139_7)> <Delay = 1.64> <CoreInst = "FCompare">   --->   Core 19 'FCompare' <Latency = 1> <II = 1> <Delay = 1.64> <FuncUnit> <Opcode : 'fcmp'> <InPorts = 2> <OutPorts = 1>

State 49 <SV = 48> <Delay = 2.34>
ST_49 : Operation 541 [7/7] (2.34ns)   --->   "%sum_diff_2 = fadd i32 %sum_diff_1, i32 %height_diff_1" [flood_HLS_base.cpp:141]   --->   Operation 541 'fadd' 'sum_diff_2' <Predicate = (!icmp_ln109 & icmp_ln111 & and_ln139_3)> <Delay = 2.34> <CoreInst = "FAddSub_fulldsp">   --->   Core 18 'FAddSub_fulldsp' <Latency = 6> <II = 1> <Delay = 2.34> <FuncUnit> <Opcode : 'fadd' 'fsub'> <InPorts = 2> <OutPorts = 1>
ST_49 : Operation 542 [1/1] (0.00ns)   --->   "%bitcast_ln142_5 = bitcast i32 %my_spillage_level_5" [flood_HLS_base.cpp:142]   --->   Operation 542 'bitcast' 'bitcast_ln142_5' <Predicate = (!icmp_ln109 & icmp_ln111 & and_ln139_7)> <Delay = 0.00>
ST_49 : Operation 543 [1/1] (0.00ns)   --->   "%tmp_53 = partselect i8 @_ssdm_op_PartSelect.i8.i32.i32.i32, i32 %bitcast_ln142_5, i32 23, i32 30" [flood_HLS_base.cpp:142]   --->   Operation 543 'partselect' 'tmp_53' <Predicate = (!icmp_ln109 & icmp_ln111 & and_ln139_7)> <Delay = 0.00>
ST_49 : Operation 544 [1/1] (0.00ns)   --->   "%trunc_ln142_5 = trunc i32 %bitcast_ln142_5" [flood_HLS_base.cpp:142]   --->   Operation 544 'trunc' 'trunc_ln142_5' <Predicate = (!icmp_ln109 & icmp_ln111 & and_ln139_7)> <Delay = 0.00>
ST_49 : Operation 545 [1/1] (0.00ns)   --->   "%bitcast_ln142_6 = bitcast i32 %height_diff_3" [flood_HLS_base.cpp:142]   --->   Operation 545 'bitcast' 'bitcast_ln142_6' <Predicate = (!icmp_ln109 & icmp_ln111 & and_ln139_7)> <Delay = 0.00>
ST_49 : Operation 546 [1/1] (0.00ns)   --->   "%tmp_54 = partselect i8 @_ssdm_op_PartSelect.i8.i32.i32.i32, i32 %bitcast_ln142_6, i32 23, i32 30" [flood_HLS_base.cpp:142]   --->   Operation 546 'partselect' 'tmp_54' <Predicate = (!icmp_ln109 & icmp_ln111 & and_ln139_7)> <Delay = 0.00>
ST_49 : Operation 547 [1/1] (0.00ns)   --->   "%trunc_ln142_6 = trunc i32 %bitcast_ln142_6" [flood_HLS_base.cpp:142]   --->   Operation 547 'trunc' 'trunc_ln142_6' <Predicate = (!icmp_ln109 & icmp_ln111 & and_ln139_7)> <Delay = 0.00>
ST_49 : Operation 548 [1/1] (0.70ns)   --->   "%icmp_ln142_10 = icmp_ne  i8 %tmp_53, i8 255" [flood_HLS_base.cpp:142]   --->   Operation 548 'icmp' 'icmp_ln142_10' <Predicate = (!icmp_ln109 & icmp_ln111 & and_ln139_7)> <Delay = 0.70> <CoreInst = "Cmp">   --->   Core 9 'Cmp' <Latency = 0> <II = 1> <Delay = 0.70> <FuncUnit> <Opcode : 'seteq' 'setne' 'setle' 'setge' 'setlt' 'setgt'> <InPorts = 2> <OutPorts = 1>
ST_49 : Operation 549 [1/1] (0.82ns)   --->   "%icmp_ln142_11 = icmp_eq  i23 %trunc_ln142_5, i23 0" [flood_HLS_base.cpp:142]   --->   Operation 549 'icmp' 'icmp_ln142_11' <Predicate = (!icmp_ln109 & icmp_ln111 & and_ln139_7)> <Delay = 0.82> <CoreInst = "Cmp">   --->   Core 9 'Cmp' <Latency = 0> <II = 1> <Delay = 0.82> <FuncUnit> <Opcode : 'seteq' 'setne' 'setle' 'setge' 'setlt' 'setgt'> <InPorts = 2> <OutPorts = 1>
ST_49 : Operation 550 [1/1] (0.00ns) (grouped into LUT with out node and_ln142_6)   --->   "%or_ln142_5 = or i1 %icmp_ln142_11, i1 %icmp_ln142_10" [flood_HLS_base.cpp:142]   --->   Operation 550 'or' 'or_ln142_5' <Predicate = (!icmp_ln109 & icmp_ln111 & and_ln139_7)> <Delay = 0.00> <CoreInst = "LogicGate">   --->   Core 74 'LogicGate' <Latency = 0> <II = 1> <Delay = 0.12> <FuncUnit> <Opcode : 'and' 'or' 'xor'> <InPorts = 2> <OutPorts = 1>
ST_49 : Operation 551 [1/1] (0.70ns)   --->   "%icmp_ln142_12 = icmp_ne  i8 %tmp_54, i8 255" [flood_HLS_base.cpp:142]   --->   Operation 551 'icmp' 'icmp_ln142_12' <Predicate = (!icmp_ln109 & icmp_ln111 & and_ln139_7)> <Delay = 0.70> <CoreInst = "Cmp">   --->   Core 9 'Cmp' <Latency = 0> <II = 1> <Delay = 0.70> <FuncUnit> <Opcode : 'seteq' 'setne' 'setle' 'setge' 'setlt' 'setgt'> <InPorts = 2> <OutPorts = 1>
ST_49 : Operation 552 [1/1] (0.82ns)   --->   "%icmp_ln142_13 = icmp_eq  i23 %trunc_ln142_6, i23 0" [flood_HLS_base.cpp:142]   --->   Operation 552 'icmp' 'icmp_ln142_13' <Predicate = (!icmp_ln109 & icmp_ln111 & and_ln139_7)> <Delay = 0.82> <CoreInst = "Cmp">   --->   Core 9 'Cmp' <Latency = 0> <II = 1> <Delay = 0.82> <FuncUnit> <Opcode : 'seteq' 'setne' 'setle' 'setge' 'setlt' 'setgt'> <InPorts = 2> <OutPorts = 1>
ST_49 : Operation 553 [1/1] (0.00ns) (grouped into LUT with out node and_ln142_6)   --->   "%or_ln142_6 = or i1 %icmp_ln142_13, i1 %icmp_ln142_12" [flood_HLS_base.cpp:142]   --->   Operation 553 'or' 'or_ln142_6' <Predicate = (!icmp_ln109 & icmp_ln111 & and_ln139_7)> <Delay = 0.00> <CoreInst = "LogicGate">   --->   Core 74 'LogicGate' <Latency = 0> <II = 1> <Delay = 0.12> <FuncUnit> <Opcode : 'and' 'or' 'xor'> <InPorts = 2> <OutPorts = 1>
ST_49 : Operation 554 [1/2] (1.64ns)   --->   "%tmp_55 = fcmp_ogt  i32 %my_spillage_level_5, i32 %height_diff_3" [flood_HLS_base.cpp:142]   --->   Operation 554 'fcmp' 'tmp_55' <Predicate = (!icmp_ln109 & icmp_ln111 & and_ln139_7)> <Delay = 1.64> <CoreInst = "FCompare">   --->   Core 19 'FCompare' <Latency = 1> <II = 1> <Delay = 1.64> <FuncUnit> <Opcode : 'fcmp'> <InPorts = 2> <OutPorts = 1>
ST_49 : Operation 555 [1/1] (0.00ns) (grouped into LUT with out node and_ln142_6)   --->   "%and_ln142_5 = and i1 %or_ln142_5, i1 %or_ln142_6" [flood_HLS_base.cpp:142]   --->   Operation 555 'and' 'and_ln142_5' <Predicate = (!icmp_ln109 & icmp_ln111 & and_ln139_7)> <Delay = 0.00> <CoreInst = "LogicGate">   --->   Core 74 'LogicGate' <Latency = 0> <II = 1> <Delay = 0.12> <FuncUnit> <Opcode : 'and' 'or' 'xor'> <InPorts = 2> <OutPorts = 1>
ST_49 : Operation 556 [1/1] (0.12ns) (out node of the LUT)   --->   "%and_ln142_6 = and i1 %and_ln142_5, i1 %tmp_55" [flood_HLS_base.cpp:142]   --->   Operation 556 'and' 'and_ln142_6' <Predicate = (!icmp_ln109 & icmp_ln111 & and_ln139_7)> <Delay = 0.12> <CoreInst = "LogicGate">   --->   Core 74 'LogicGate' <Latency = 0> <II = 1> <Delay = 0.12> <FuncUnit> <Opcode : 'and' 'or' 'xor'> <InPorts = 2> <OutPorts = 1>
ST_49 : Operation 557 [1/1] (0.00ns) (grouped into LUT with out node my_spillage_level_7)   --->   "%my_spillage_level_6 = select i1 %and_ln142_6, i32 %my_spillage_level_5, i32 %height_diff_3" [flood_HLS_base.cpp:142]   --->   Operation 557 'select' 'my_spillage_level_6' <Predicate = (!icmp_ln109 & icmp_ln111 & and_ln139_7)> <Delay = 0.00> <CoreInst = "Sel">   --->   Core 73 'Sel' <Latency = 0> <II = 1> <Delay = 0.22> <FuncUnit> <Opcode : 'select'> <InPorts = 3> <OutPorts = 1>
ST_49 : Operation 558 [1/1] (0.22ns) (out node of the LUT)   --->   "%my_spillage_level_7 = select i1 %and_ln139_7, i32 %my_spillage_level_6, i32 %my_spillage_level_5" [flood_HLS_base.cpp:139]   --->   Operation 558 'select' 'my_spillage_level_7' <Predicate = (!icmp_ln109 & icmp_ln111)> <Delay = 0.22> <CoreInst = "Sel">   --->   Core 73 'Sel' <Latency = 0> <II = 1> <Delay = 0.22> <FuncUnit> <Opcode : 'select'> <InPorts = 3> <OutPorts = 1>

State 50 <SV = 49> <Delay = 2.34>
ST_50 : Operation 559 [6/7] (2.34ns)   --->   "%sum_diff_2 = fadd i32 %sum_diff_1, i32 %height_diff_1" [flood_HLS_base.cpp:141]   --->   Operation 559 'fadd' 'sum_diff_2' <Predicate = (!icmp_ln109 & icmp_ln111 & and_ln139_3)> <Delay = 2.34> <CoreInst = "FAddSub_fulldsp">   --->   Core 18 'FAddSub_fulldsp' <Latency = 6> <II = 1> <Delay = 2.34> <FuncUnit> <Opcode : 'fadd' 'fsub'> <InPorts = 2> <OutPorts = 1>
ST_50 : Operation 560 [2/2] (1.64ns)   --->   "%tmp_58 = fcmp_olt  i32 %div9, i32 %my_spillage_level_7" [flood_HLS_base.cpp:145]   --->   Operation 560 'fcmp' 'tmp_58' <Predicate = (!icmp_ln109 & icmp_ln111)> <Delay = 1.64> <CoreInst = "FCompare">   --->   Core 19 'FCompare' <Latency = 1> <II = 1> <Delay = 1.64> <FuncUnit> <Opcode : 'fcmp'> <InPorts = 2> <OutPorts = 1>

State 51 <SV = 50> <Delay = 2.34>
ST_51 : Operation 561 [5/7] (2.34ns)   --->   "%sum_diff_2 = fadd i32 %sum_diff_1, i32 %height_diff_1" [flood_HLS_base.cpp:141]   --->   Operation 561 'fadd' 'sum_diff_2' <Predicate = (!icmp_ln109 & icmp_ln111 & and_ln139_3)> <Delay = 2.34> <CoreInst = "FAddSub_fulldsp">   --->   Core 18 'FAddSub_fulldsp' <Latency = 6> <II = 1> <Delay = 2.34> <FuncUnit> <Opcode : 'fadd' 'fsub'> <InPorts = 2> <OutPorts = 1>
ST_51 : Operation 562 [1/1] (0.00ns)   --->   "%bitcast_ln145 = bitcast i32 %div9" [flood_HLS_base.cpp:145]   --->   Operation 562 'bitcast' 'bitcast_ln145' <Predicate = (!icmp_ln109 & icmp_ln111)> <Delay = 0.00>
ST_51 : Operation 563 [1/1] (0.00ns)   --->   "%tmp_56 = partselect i8 @_ssdm_op_PartSelect.i8.i32.i32.i32, i32 %bitcast_ln145, i32 23, i32 30" [flood_HLS_base.cpp:145]   --->   Operation 563 'partselect' 'tmp_56' <Predicate = (!icmp_ln109 & icmp_ln111)> <Delay = 0.00>
ST_51 : Operation 564 [1/1] (0.00ns)   --->   "%trunc_ln145 = trunc i32 %bitcast_ln145" [flood_HLS_base.cpp:145]   --->   Operation 564 'trunc' 'trunc_ln145' <Predicate = (!icmp_ln109 & icmp_ln111)> <Delay = 0.00>
ST_51 : Operation 565 [1/1] (0.00ns)   --->   "%bitcast_ln145_1 = bitcast i32 %my_spillage_level_7" [flood_HLS_base.cpp:145]   --->   Operation 565 'bitcast' 'bitcast_ln145_1' <Predicate = (!icmp_ln109 & icmp_ln111)> <Delay = 0.00>
ST_51 : Operation 566 [1/1] (0.00ns)   --->   "%tmp_57 = partselect i8 @_ssdm_op_PartSelect.i8.i32.i32.i32, i32 %bitcast_ln145_1, i32 23, i32 30" [flood_HLS_base.cpp:145]   --->   Operation 566 'partselect' 'tmp_57' <Predicate = (!icmp_ln109 & icmp_ln111)> <Delay = 0.00>
ST_51 : Operation 567 [1/1] (0.00ns)   --->   "%trunc_ln145_1 = trunc i32 %bitcast_ln145_1" [flood_HLS_base.cpp:145]   --->   Operation 567 'trunc' 'trunc_ln145_1' <Predicate = (!icmp_ln109 & icmp_ln111)> <Delay = 0.00>
ST_51 : Operation 568 [1/1] (0.70ns)   --->   "%icmp_ln145 = icmp_ne  i8 %tmp_56, i8 255" [flood_HLS_base.cpp:145]   --->   Operation 568 'icmp' 'icmp_ln145' <Predicate = (!icmp_ln109 & icmp_ln111)> <Delay = 0.70> <CoreInst = "Cmp">   --->   Core 9 'Cmp' <Latency = 0> <II = 1> <Delay = 0.70> <FuncUnit> <Opcode : 'seteq' 'setne' 'setle' 'setge' 'setlt' 'setgt'> <InPorts = 2> <OutPorts = 1>
ST_51 : Operation 569 [1/1] (0.82ns)   --->   "%icmp_ln145_1 = icmp_eq  i23 %trunc_ln145, i23 0" [flood_HLS_base.cpp:145]   --->   Operation 569 'icmp' 'icmp_ln145_1' <Predicate = (!icmp_ln109 & icmp_ln111)> <Delay = 0.82> <CoreInst = "Cmp">   --->   Core 9 'Cmp' <Latency = 0> <II = 1> <Delay = 0.82> <FuncUnit> <Opcode : 'seteq' 'setne' 'setle' 'setge' 'setlt' 'setgt'> <InPorts = 2> <OutPorts = 1>
ST_51 : Operation 570 [1/1] (0.00ns) (grouped into LUT with out node and_ln145_1)   --->   "%or_ln145 = or i1 %icmp_ln145_1, i1 %icmp_ln145" [flood_HLS_base.cpp:145]   --->   Operation 570 'or' 'or_ln145' <Predicate = (!icmp_ln109 & icmp_ln111)> <Delay = 0.00> <CoreInst = "LogicGate">   --->   Core 74 'LogicGate' <Latency = 0> <II = 1> <Delay = 0.12> <FuncUnit> <Opcode : 'and' 'or' 'xor'> <InPorts = 2> <OutPorts = 1>
ST_51 : Operation 571 [1/1] (0.70ns)   --->   "%icmp_ln145_2 = icmp_ne  i8 %tmp_57, i8 255" [flood_HLS_base.cpp:145]   --->   Operation 571 'icmp' 'icmp_ln145_2' <Predicate = (!icmp_ln109 & icmp_ln111)> <Delay = 0.70> <CoreInst = "Cmp">   --->   Core 9 'Cmp' <Latency = 0> <II = 1> <Delay = 0.70> <FuncUnit> <Opcode : 'seteq' 'setne' 'setle' 'setge' 'setlt' 'setgt'> <InPorts = 2> <OutPorts = 1>
ST_51 : Operation 572 [1/1] (0.82ns)   --->   "%icmp_ln145_3 = icmp_eq  i23 %trunc_ln145_1, i23 0" [flood_HLS_base.cpp:145]   --->   Operation 572 'icmp' 'icmp_ln145_3' <Predicate = (!icmp_ln109 & icmp_ln111)> <Delay = 0.82> <CoreInst = "Cmp">   --->   Core 9 'Cmp' <Latency = 0> <II = 1> <Delay = 0.82> <FuncUnit> <Opcode : 'seteq' 'setne' 'setle' 'setge' 'setlt' 'setgt'> <InPorts = 2> <OutPorts = 1>
ST_51 : Operation 573 [1/1] (0.00ns) (grouped into LUT with out node and_ln145_1)   --->   "%or_ln145_1 = or i1 %icmp_ln145_3, i1 %icmp_ln145_2" [flood_HLS_base.cpp:145]   --->   Operation 573 'or' 'or_ln145_1' <Predicate = (!icmp_ln109 & icmp_ln111)> <Delay = 0.00> <CoreInst = "LogicGate">   --->   Core 74 'LogicGate' <Latency = 0> <II = 1> <Delay = 0.12> <FuncUnit> <Opcode : 'and' 'or' 'xor'> <InPorts = 2> <OutPorts = 1>
ST_51 : Operation 574 [1/2] (1.64ns)   --->   "%tmp_58 = fcmp_olt  i32 %div9, i32 %my_spillage_level_7" [flood_HLS_base.cpp:145]   --->   Operation 574 'fcmp' 'tmp_58' <Predicate = (!icmp_ln109 & icmp_ln111)> <Delay = 1.64> <CoreInst = "FCompare">   --->   Core 19 'FCompare' <Latency = 1> <II = 1> <Delay = 1.64> <FuncUnit> <Opcode : 'fcmp'> <InPorts = 2> <OutPorts = 1>
ST_51 : Operation 575 [1/1] (0.00ns) (grouped into LUT with out node and_ln145_1)   --->   "%and_ln145 = and i1 %tmp_58, i1 %or_ln145" [flood_HLS_base.cpp:145]   --->   Operation 575 'and' 'and_ln145' <Predicate = (!icmp_ln109 & icmp_ln111)> <Delay = 0.00> <CoreInst = "LogicGate">   --->   Core 74 'LogicGate' <Latency = 0> <II = 1> <Delay = 0.12> <FuncUnit> <Opcode : 'and' 'or' 'xor'> <InPorts = 2> <OutPorts = 1>
ST_51 : Operation 576 [1/1] (0.12ns) (out node of the LUT)   --->   "%and_ln145_1 = and i1 %and_ln145, i1 %or_ln145_1" [flood_HLS_base.cpp:145]   --->   Operation 576 'and' 'and_ln145_1' <Predicate = (!icmp_ln109 & icmp_ln111)> <Delay = 0.12> <CoreInst = "LogicGate">   --->   Core 74 'LogicGate' <Latency = 0> <II = 1> <Delay = 0.12> <FuncUnit> <Opcode : 'and' 'or' 'xor'> <InPorts = 2> <OutPorts = 1>
ST_51 : Operation 577 [1/1] (0.22ns) (out node of the LUT)   --->   "%my_spillage_level_8 = select i1 %and_ln145_1, i32 %div9, i32 %my_spillage_level_7" [flood_HLS_base.cpp:145]   --->   Operation 577 'select' 'my_spillage_level_8' <Predicate = (!icmp_ln109 & icmp_ln111)> <Delay = 0.22> <CoreInst = "Sel">   --->   Core 73 'Sel' <Latency = 0> <II = 1> <Delay = 0.22> <FuncUnit> <Opcode : 'select'> <InPorts = 3> <OutPorts = 1>

State 52 <SV = 51> <Delay = 2.34>
ST_52 : Operation 578 [4/7] (2.34ns)   --->   "%sum_diff_2 = fadd i32 %sum_diff_1, i32 %height_diff_1" [flood_HLS_base.cpp:141]   --->   Operation 578 'fadd' 'sum_diff_2' <Predicate = (!icmp_ln109 & icmp_ln111 & and_ln139_3)> <Delay = 2.34> <CoreInst = "FAddSub_fulldsp">   --->   Core 18 'FAddSub_fulldsp' <Latency = 6> <II = 1> <Delay = 2.34> <FuncUnit> <Opcode : 'fadd' 'fsub'> <InPorts = 2> <OutPorts = 1>

State 53 <SV = 52> <Delay = 2.34>
ST_53 : Operation 579 [3/7] (2.34ns)   --->   "%sum_diff_2 = fadd i32 %sum_diff_1, i32 %height_diff_1" [flood_HLS_base.cpp:141]   --->   Operation 579 'fadd' 'sum_diff_2' <Predicate = (!icmp_ln109 & icmp_ln111 & and_ln139_3)> <Delay = 2.34> <CoreInst = "FAddSub_fulldsp">   --->   Core 18 'FAddSub_fulldsp' <Latency = 6> <II = 1> <Delay = 2.34> <FuncUnit> <Opcode : 'fadd' 'fsub'> <InPorts = 2> <OutPorts = 1>

State 54 <SV = 53> <Delay = 2.34>
ST_54 : Operation 580 [2/7] (2.34ns)   --->   "%sum_diff_2 = fadd i32 %sum_diff_1, i32 %height_diff_1" [flood_HLS_base.cpp:141]   --->   Operation 580 'fadd' 'sum_diff_2' <Predicate = (!icmp_ln109 & icmp_ln111 & and_ln139_3)> <Delay = 2.34> <CoreInst = "FAddSub_fulldsp">   --->   Core 18 'FAddSub_fulldsp' <Latency = 6> <II = 1> <Delay = 2.34> <FuncUnit> <Opcode : 'fadd' 'fsub'> <InPorts = 2> <OutPorts = 1>

State 55 <SV = 54> <Delay = 2.56>
ST_55 : Operation 581 [1/7] (2.34ns)   --->   "%sum_diff_2 = fadd i32 %sum_diff_1, i32 %height_diff_1" [flood_HLS_base.cpp:141]   --->   Operation 581 'fadd' 'sum_diff_2' <Predicate = (!icmp_ln109 & icmp_ln111 & and_ln139_3)> <Delay = 2.34> <CoreInst = "FAddSub_fulldsp">   --->   Core 18 'FAddSub_fulldsp' <Latency = 6> <II = 1> <Delay = 2.34> <FuncUnit> <Opcode : 'fadd' 'fsub'> <InPorts = 2> <OutPorts = 1>
ST_55 : Operation 582 [1/1] (0.22ns)   --->   "%sum_diff_3 = select i1 %and_ln139_3, i32 %sum_diff_2, i32 %sum_diff_1" [flood_HLS_base.cpp:139]   --->   Operation 582 'select' 'sum_diff_3' <Predicate = (!icmp_ln109 & icmp_ln111)> <Delay = 0.22> <CoreInst = "Sel">   --->   Core 73 'Sel' <Latency = 0> <II = 1> <Delay = 0.22> <FuncUnit> <Opcode : 'select'> <InPorts = 3> <OutPorts = 1>

State 56 <SV = 55> <Delay = 2.34>
ST_56 : Operation 583 [7/7] (2.34ns)   --->   "%sum_diff_4 = fadd i32 %sum_diff_3, i32 %height_diff_2" [flood_HLS_base.cpp:141]   --->   Operation 583 'fadd' 'sum_diff_4' <Predicate = (!icmp_ln109 & icmp_ln111 & and_ln139_5)> <Delay = 2.34> <CoreInst = "FAddSub_fulldsp">   --->   Core 18 'FAddSub_fulldsp' <Latency = 6> <II = 1> <Delay = 2.34> <FuncUnit> <Opcode : 'fadd' 'fsub'> <InPorts = 2> <OutPorts = 1>

State 57 <SV = 56> <Delay = 2.34>
ST_57 : Operation 584 [6/7] (2.34ns)   --->   "%sum_diff_4 = fadd i32 %sum_diff_3, i32 %height_diff_2" [flood_HLS_base.cpp:141]   --->   Operation 584 'fadd' 'sum_diff_4' <Predicate = (!icmp_ln109 & icmp_ln111 & and_ln139_5)> <Delay = 2.34> <CoreInst = "FAddSub_fulldsp">   --->   Core 18 'FAddSub_fulldsp' <Latency = 6> <II = 1> <Delay = 2.34> <FuncUnit> <Opcode : 'fadd' 'fsub'> <InPorts = 2> <OutPorts = 1>

State 58 <SV = 57> <Delay = 2.34>
ST_58 : Operation 585 [5/7] (2.34ns)   --->   "%sum_diff_4 = fadd i32 %sum_diff_3, i32 %height_diff_2" [flood_HLS_base.cpp:141]   --->   Operation 585 'fadd' 'sum_diff_4' <Predicate = (!icmp_ln109 & icmp_ln111 & and_ln139_5)> <Delay = 2.34> <CoreInst = "FAddSub_fulldsp">   --->   Core 18 'FAddSub_fulldsp' <Latency = 6> <II = 1> <Delay = 2.34> <FuncUnit> <Opcode : 'fadd' 'fsub'> <InPorts = 2> <OutPorts = 1>

State 59 <SV = 58> <Delay = 2.34>
ST_59 : Operation 586 [4/7] (2.34ns)   --->   "%sum_diff_4 = fadd i32 %sum_diff_3, i32 %height_diff_2" [flood_HLS_base.cpp:141]   --->   Operation 586 'fadd' 'sum_diff_4' <Predicate = (!icmp_ln109 & icmp_ln111 & and_ln139_5)> <Delay = 2.34> <CoreInst = "FAddSub_fulldsp">   --->   Core 18 'FAddSub_fulldsp' <Latency = 6> <II = 1> <Delay = 2.34> <FuncUnit> <Opcode : 'fadd' 'fsub'> <InPorts = 2> <OutPorts = 1>

State 60 <SV = 59> <Delay = 2.34>
ST_60 : Operation 587 [3/7] (2.34ns)   --->   "%sum_diff_4 = fadd i32 %sum_diff_3, i32 %height_diff_2" [flood_HLS_base.cpp:141]   --->   Operation 587 'fadd' 'sum_diff_4' <Predicate = (!icmp_ln109 & icmp_ln111 & and_ln139_5)> <Delay = 2.34> <CoreInst = "FAddSub_fulldsp">   --->   Core 18 'FAddSub_fulldsp' <Latency = 6> <II = 1> <Delay = 2.34> <FuncUnit> <Opcode : 'fadd' 'fsub'> <InPorts = 2> <OutPorts = 1>

State 61 <SV = 60> <Delay = 2.34>
ST_61 : Operation 588 [2/7] (2.34ns)   --->   "%sum_diff_4 = fadd i32 %sum_diff_3, i32 %height_diff_2" [flood_HLS_base.cpp:141]   --->   Operation 588 'fadd' 'sum_diff_4' <Predicate = (!icmp_ln109 & icmp_ln111 & and_ln139_5)> <Delay = 2.34> <CoreInst = "FAddSub_fulldsp">   --->   Core 18 'FAddSub_fulldsp' <Latency = 6> <II = 1> <Delay = 2.34> <FuncUnit> <Opcode : 'fadd' 'fsub'> <InPorts = 2> <OutPorts = 1>

State 62 <SV = 61> <Delay = 2.56>
ST_62 : Operation 589 [1/7] (2.34ns)   --->   "%sum_diff_4 = fadd i32 %sum_diff_3, i32 %height_diff_2" [flood_HLS_base.cpp:141]   --->   Operation 589 'fadd' 'sum_diff_4' <Predicate = (!icmp_ln109 & icmp_ln111 & and_ln139_5)> <Delay = 2.34> <CoreInst = "FAddSub_fulldsp">   --->   Core 18 'FAddSub_fulldsp' <Latency = 6> <II = 1> <Delay = 2.34> <FuncUnit> <Opcode : 'fadd' 'fsub'> <InPorts = 2> <OutPorts = 1>
ST_62 : Operation 590 [1/1] (0.22ns)   --->   "%sum_diff_5 = select i1 %and_ln139_5, i32 %sum_diff_4, i32 %sum_diff_3" [flood_HLS_base.cpp:139]   --->   Operation 590 'select' 'sum_diff_5' <Predicate = (!icmp_ln109 & icmp_ln111)> <Delay = 0.22> <CoreInst = "Sel">   --->   Core 73 'Sel' <Latency = 0> <II = 1> <Delay = 0.22> <FuncUnit> <Opcode : 'select'> <InPorts = 3> <OutPorts = 1>

State 63 <SV = 62> <Delay = 2.34>
ST_63 : Operation 591 [7/7] (2.34ns)   --->   "%sum_diff_6 = fadd i32 %sum_diff_5, i32 %height_diff_3" [flood_HLS_base.cpp:141]   --->   Operation 591 'fadd' 'sum_diff_6' <Predicate = (!icmp_ln109 & icmp_ln111 & and_ln139_7)> <Delay = 2.34> <CoreInst = "FAddSub_fulldsp">   --->   Core 18 'FAddSub_fulldsp' <Latency = 6> <II = 1> <Delay = 2.34> <FuncUnit> <Opcode : 'fadd' 'fsub'> <InPorts = 2> <OutPorts = 1>

State 64 <SV = 63> <Delay = 2.34>
ST_64 : Operation 592 [6/7] (2.34ns)   --->   "%sum_diff_6 = fadd i32 %sum_diff_5, i32 %height_diff_3" [flood_HLS_base.cpp:141]   --->   Operation 592 'fadd' 'sum_diff_6' <Predicate = (!icmp_ln109 & icmp_ln111 & and_ln139_7)> <Delay = 2.34> <CoreInst = "FAddSub_fulldsp">   --->   Core 18 'FAddSub_fulldsp' <Latency = 6> <II = 1> <Delay = 2.34> <FuncUnit> <Opcode : 'fadd' 'fsub'> <InPorts = 2> <OutPorts = 1>

State 65 <SV = 64> <Delay = 2.34>
ST_65 : Operation 593 [5/7] (2.34ns)   --->   "%sum_diff_6 = fadd i32 %sum_diff_5, i32 %height_diff_3" [flood_HLS_base.cpp:141]   --->   Operation 593 'fadd' 'sum_diff_6' <Predicate = (!icmp_ln109 & icmp_ln111 & and_ln139_7)> <Delay = 2.34> <CoreInst = "FAddSub_fulldsp">   --->   Core 18 'FAddSub_fulldsp' <Latency = 6> <II = 1> <Delay = 2.34> <FuncUnit> <Opcode : 'fadd' 'fsub'> <InPorts = 2> <OutPorts = 1>

State 66 <SV = 65> <Delay = 2.34>
ST_66 : Operation 594 [4/7] (2.34ns)   --->   "%sum_diff_6 = fadd i32 %sum_diff_5, i32 %height_diff_3" [flood_HLS_base.cpp:141]   --->   Operation 594 'fadd' 'sum_diff_6' <Predicate = (!icmp_ln109 & icmp_ln111 & and_ln139_7)> <Delay = 2.34> <CoreInst = "FAddSub_fulldsp">   --->   Core 18 'FAddSub_fulldsp' <Latency = 6> <II = 1> <Delay = 2.34> <FuncUnit> <Opcode : 'fadd' 'fsub'> <InPorts = 2> <OutPorts = 1>

State 67 <SV = 66> <Delay = 2.34>
ST_67 : Operation 595 [3/7] (2.34ns)   --->   "%sum_diff_6 = fadd i32 %sum_diff_5, i32 %height_diff_3" [flood_HLS_base.cpp:141]   --->   Operation 595 'fadd' 'sum_diff_6' <Predicate = (!icmp_ln109 & icmp_ln111 & and_ln139_7)> <Delay = 2.34> <CoreInst = "FAddSub_fulldsp">   --->   Core 18 'FAddSub_fulldsp' <Latency = 6> <II = 1> <Delay = 2.34> <FuncUnit> <Opcode : 'fadd' 'fsub'> <InPorts = 2> <OutPorts = 1>

State 68 <SV = 67> <Delay = 2.34>
ST_68 : Operation 596 [2/7] (2.34ns)   --->   "%sum_diff_6 = fadd i32 %sum_diff_5, i32 %height_diff_3" [flood_HLS_base.cpp:141]   --->   Operation 596 'fadd' 'sum_diff_6' <Predicate = (!icmp_ln109 & icmp_ln111 & and_ln139_7)> <Delay = 2.34> <CoreInst = "FAddSub_fulldsp">   --->   Core 18 'FAddSub_fulldsp' <Latency = 6> <II = 1> <Delay = 2.34> <FuncUnit> <Opcode : 'fadd' 'fsub'> <InPorts = 2> <OutPorts = 1>

State 69 <SV = 68> <Delay = 2.56>
ST_69 : Operation 597 [1/7] (2.34ns)   --->   "%sum_diff_6 = fadd i32 %sum_diff_5, i32 %height_diff_3" [flood_HLS_base.cpp:141]   --->   Operation 597 'fadd' 'sum_diff_6' <Predicate = (!icmp_ln109 & icmp_ln111 & and_ln139_7)> <Delay = 2.34> <CoreInst = "FAddSub_fulldsp">   --->   Core 18 'FAddSub_fulldsp' <Latency = 6> <II = 1> <Delay = 2.34> <FuncUnit> <Opcode : 'fadd' 'fsub'> <InPorts = 2> <OutPorts = 1>
ST_69 : Operation 598 [1/1] (0.22ns)   --->   "%sum_diff_7 = select i1 %and_ln139_7, i32 %sum_diff_6, i32 %sum_diff_5" [flood_HLS_base.cpp:139]   --->   Operation 598 'select' 'sum_diff_7' <Predicate = (!icmp_ln109 & icmp_ln111)> <Delay = 0.22> <CoreInst = "Sel">   --->   Core 73 'Sel' <Latency = 0> <II = 1> <Delay = 0.22> <FuncUnit> <Opcode : 'select'> <InPorts = 3> <OutPorts = 1>

State 70 <SV = 69> <Delay = 1.64>
ST_70 : Operation 599 [2/2] (1.64ns)   --->   "%tmp_60 = fcmp_ogt  i32 %sum_diff_7, i32 0" [flood_HLS_base.cpp:148]   --->   Operation 599 'fcmp' 'tmp_60' <Predicate = (!icmp_ln109 & icmp_ln111)> <Delay = 1.64> <CoreInst = "FCompare">   --->   Core 19 'FCompare' <Latency = 1> <II = 1> <Delay = 1.64> <FuncUnit> <Opcode : 'fcmp'> <InPorts = 2> <OutPorts = 1>

State 71 <SV = 70> <Delay = 1.77>
ST_71 : Operation 600 [1/1] (0.00ns)   --->   "%bitcast_ln148 = bitcast i32 %sum_diff_7" [flood_HLS_base.cpp:148]   --->   Operation 600 'bitcast' 'bitcast_ln148' <Predicate = (!icmp_ln109 & icmp_ln111)> <Delay = 0.00>
ST_71 : Operation 601 [1/1] (0.00ns)   --->   "%tmp_59 = partselect i8 @_ssdm_op_PartSelect.i8.i32.i32.i32, i32 %bitcast_ln148, i32 23, i32 30" [flood_HLS_base.cpp:148]   --->   Operation 601 'partselect' 'tmp_59' <Predicate = (!icmp_ln109 & icmp_ln111)> <Delay = 0.00>
ST_71 : Operation 602 [1/1] (0.00ns)   --->   "%trunc_ln148 = trunc i32 %bitcast_ln148" [flood_HLS_base.cpp:148]   --->   Operation 602 'trunc' 'trunc_ln148' <Predicate = (!icmp_ln109 & icmp_ln111)> <Delay = 0.00>
ST_71 : Operation 603 [1/1] (0.70ns)   --->   "%icmp_ln148 = icmp_ne  i8 %tmp_59, i8 255" [flood_HLS_base.cpp:148]   --->   Operation 603 'icmp' 'icmp_ln148' <Predicate = (!icmp_ln109 & icmp_ln111)> <Delay = 0.70> <CoreInst = "Cmp">   --->   Core 9 'Cmp' <Latency = 0> <II = 1> <Delay = 0.70> <FuncUnit> <Opcode : 'seteq' 'setne' 'setle' 'setge' 'setlt' 'setgt'> <InPorts = 2> <OutPorts = 1>
ST_71 : Operation 604 [1/1] (0.82ns)   --->   "%icmp_ln148_1 = icmp_eq  i23 %trunc_ln148, i23 0" [flood_HLS_base.cpp:148]   --->   Operation 604 'icmp' 'icmp_ln148_1' <Predicate = (!icmp_ln109 & icmp_ln111)> <Delay = 0.82> <CoreInst = "Cmp">   --->   Core 9 'Cmp' <Latency = 0> <II = 1> <Delay = 0.82> <FuncUnit> <Opcode : 'seteq' 'setne' 'setle' 'setge' 'setlt' 'setgt'> <InPorts = 2> <OutPorts = 1>
ST_71 : Operation 605 [1/1] (0.00ns) (grouped into LUT with out node and_ln148)   --->   "%or_ln148 = or i1 %icmp_ln148_1, i1 %icmp_ln148" [flood_HLS_base.cpp:148]   --->   Operation 605 'or' 'or_ln148' <Predicate = (!icmp_ln109 & icmp_ln111)> <Delay = 0.00> <CoreInst = "LogicGate">   --->   Core 74 'LogicGate' <Latency = 0> <II = 1> <Delay = 0.12> <FuncUnit> <Opcode : 'and' 'or' 'xor'> <InPorts = 2> <OutPorts = 1>
ST_71 : Operation 606 [1/2] (1.64ns)   --->   "%tmp_60 = fcmp_ogt  i32 %sum_diff_7, i32 0" [flood_HLS_base.cpp:148]   --->   Operation 606 'fcmp' 'tmp_60' <Predicate = (!icmp_ln109 & icmp_ln111)> <Delay = 1.64> <CoreInst = "FCompare">   --->   Core 19 'FCompare' <Latency = 1> <II = 1> <Delay = 1.64> <FuncUnit> <Opcode : 'fcmp'> <InPorts = 2> <OutPorts = 1>
ST_71 : Operation 607 [1/1] (0.12ns) (out node of the LUT)   --->   "%and_ln148 = and i1 %or_ln148, i1 %tmp_60" [flood_HLS_base.cpp:148]   --->   Operation 607 'and' 'and_ln148' <Predicate = (!icmp_ln109 & icmp_ln111)> <Delay = 0.12> <CoreInst = "LogicGate">   --->   Core 74 'LogicGate' <Latency = 0> <II = 1> <Delay = 0.12> <FuncUnit> <Opcode : 'and' 'or' 'xor'> <InPorts = 2> <OutPorts = 1>
ST_71 : Operation 608 [1/1] (0.00ns)   --->   "%br_ln148 = br i1 %and_ln148, void %for.inc416, void %if.then336" [flood_HLS_base.cpp:148]   --->   Operation 608 'br' 'br_ln148' <Predicate = (!icmp_ln109 & icmp_ln111)> <Delay = 0.00>

State 72 <SV = 71> <Delay = 2.32>
ST_72 : Operation 609 [12/12] (2.32ns)   --->   "%proportion = fdiv i32 %my_spillage_level_8, i32 %sum_diff_7" [flood_HLS_base.cpp:149]   --->   Operation 609 'fdiv' 'proportion' <Predicate = (!icmp_ln109 & icmp_ln111 & and_ln148)> <Delay = 2.32> <CoreInst = "FDiv">   --->   Core 20 'FDiv' <Latency = 11> <II = 1> <Delay = 2.32> <FuncUnit> <Opcode : 'fdiv' 'frem'> <InPorts = 2> <OutPorts = 1>

State 73 <SV = 72> <Delay = 2.32>
ST_73 : Operation 610 [11/12] (2.32ns)   --->   "%proportion = fdiv i32 %my_spillage_level_8, i32 %sum_diff_7" [flood_HLS_base.cpp:149]   --->   Operation 610 'fdiv' 'proportion' <Predicate = (!icmp_ln109 & icmp_ln111 & and_ln148)> <Delay = 2.32> <CoreInst = "FDiv">   --->   Core 20 'FDiv' <Latency = 11> <II = 1> <Delay = 2.32> <FuncUnit> <Opcode : 'fdiv' 'frem'> <InPorts = 2> <OutPorts = 1>

State 74 <SV = 73> <Delay = 2.32>
ST_74 : Operation 611 [10/12] (2.32ns)   --->   "%proportion = fdiv i32 %my_spillage_level_8, i32 %sum_diff_7" [flood_HLS_base.cpp:149]   --->   Operation 611 'fdiv' 'proportion' <Predicate = (!icmp_ln109 & icmp_ln111 & and_ln148)> <Delay = 2.32> <CoreInst = "FDiv">   --->   Core 20 'FDiv' <Latency = 11> <II = 1> <Delay = 2.32> <FuncUnit> <Opcode : 'fdiv' 'frem'> <InPorts = 2> <OutPorts = 1>

State 75 <SV = 74> <Delay = 2.32>
ST_75 : Operation 612 [9/12] (2.32ns)   --->   "%proportion = fdiv i32 %my_spillage_level_8, i32 %sum_diff_7" [flood_HLS_base.cpp:149]   --->   Operation 612 'fdiv' 'proportion' <Predicate = (!icmp_ln109 & icmp_ln111 & and_ln148)> <Delay = 2.32> <CoreInst = "FDiv">   --->   Core 20 'FDiv' <Latency = 11> <II = 1> <Delay = 2.32> <FuncUnit> <Opcode : 'fdiv' 'frem'> <InPorts = 2> <OutPorts = 1>

State 76 <SV = 75> <Delay = 2.32>
ST_76 : Operation 613 [8/12] (2.32ns)   --->   "%proportion = fdiv i32 %my_spillage_level_8, i32 %sum_diff_7" [flood_HLS_base.cpp:149]   --->   Operation 613 'fdiv' 'proportion' <Predicate = (!icmp_ln109 & icmp_ln111 & and_ln148)> <Delay = 2.32> <CoreInst = "FDiv">   --->   Core 20 'FDiv' <Latency = 11> <II = 1> <Delay = 2.32> <FuncUnit> <Opcode : 'fdiv' 'frem'> <InPorts = 2> <OutPorts = 1>

State 77 <SV = 76> <Delay = 2.32>
ST_77 : Operation 614 [7/12] (2.32ns)   --->   "%proportion = fdiv i32 %my_spillage_level_8, i32 %sum_diff_7" [flood_HLS_base.cpp:149]   --->   Operation 614 'fdiv' 'proportion' <Predicate = (!icmp_ln109 & icmp_ln111 & and_ln148)> <Delay = 2.32> <CoreInst = "FDiv">   --->   Core 20 'FDiv' <Latency = 11> <II = 1> <Delay = 2.32> <FuncUnit> <Opcode : 'fdiv' 'frem'> <InPorts = 2> <OutPorts = 1>

State 78 <SV = 77> <Delay = 2.32>
ST_78 : Operation 615 [6/12] (2.32ns)   --->   "%proportion = fdiv i32 %my_spillage_level_8, i32 %sum_diff_7" [flood_HLS_base.cpp:149]   --->   Operation 615 'fdiv' 'proportion' <Predicate = (!icmp_ln109 & icmp_ln111 & and_ln148)> <Delay = 2.32> <CoreInst = "FDiv">   --->   Core 20 'FDiv' <Latency = 11> <II = 1> <Delay = 2.32> <FuncUnit> <Opcode : 'fdiv' 'frem'> <InPorts = 2> <OutPorts = 1>

State 79 <SV = 78> <Delay = 2.32>
ST_79 : Operation 616 [5/12] (2.32ns)   --->   "%proportion = fdiv i32 %my_spillage_level_8, i32 %sum_diff_7" [flood_HLS_base.cpp:149]   --->   Operation 616 'fdiv' 'proportion' <Predicate = (!icmp_ln109 & icmp_ln111 & and_ln148)> <Delay = 2.32> <CoreInst = "FDiv">   --->   Core 20 'FDiv' <Latency = 11> <II = 1> <Delay = 2.32> <FuncUnit> <Opcode : 'fdiv' 'frem'> <InPorts = 2> <OutPorts = 1>

State 80 <SV = 79> <Delay = 2.32>
ST_80 : Operation 617 [4/12] (2.32ns)   --->   "%proportion = fdiv i32 %my_spillage_level_8, i32 %sum_diff_7" [flood_HLS_base.cpp:149]   --->   Operation 617 'fdiv' 'proportion' <Predicate = (!icmp_ln109 & icmp_ln111 & and_ln148)> <Delay = 2.32> <CoreInst = "FDiv">   --->   Core 20 'FDiv' <Latency = 11> <II = 1> <Delay = 2.32> <FuncUnit> <Opcode : 'fdiv' 'frem'> <InPorts = 2> <OutPorts = 1>

State 81 <SV = 80> <Delay = 2.32>
ST_81 : Operation 618 [3/12] (2.32ns)   --->   "%proportion = fdiv i32 %my_spillage_level_8, i32 %sum_diff_7" [flood_HLS_base.cpp:149]   --->   Operation 618 'fdiv' 'proportion' <Predicate = (!icmp_ln109 & icmp_ln111 & and_ln148)> <Delay = 2.32> <CoreInst = "FDiv">   --->   Core 20 'FDiv' <Latency = 11> <II = 1> <Delay = 2.32> <FuncUnit> <Opcode : 'fdiv' 'frem'> <InPorts = 2> <OutPorts = 1>

State 82 <SV = 81> <Delay = 2.32>
ST_82 : Operation 619 [2/12] (2.32ns)   --->   "%proportion = fdiv i32 %my_spillage_level_8, i32 %sum_diff_7" [flood_HLS_base.cpp:149]   --->   Operation 619 'fdiv' 'proportion' <Predicate = (!icmp_ln109 & icmp_ln111 & and_ln148)> <Delay = 2.32> <CoreInst = "FDiv">   --->   Core 20 'FDiv' <Latency = 11> <II = 1> <Delay = 2.32> <FuncUnit> <Opcode : 'fdiv' 'frem'> <InPorts = 2> <OutPorts = 1>

State 83 <SV = 82> <Delay = 2.32>
ST_83 : Operation 620 [1/12] (2.32ns)   --->   "%proportion = fdiv i32 %my_spillage_level_8, i32 %sum_diff_7" [flood_HLS_base.cpp:149]   --->   Operation 620 'fdiv' 'proportion' <Predicate = (!icmp_ln109 & icmp_ln111 & and_ln148)> <Delay = 2.32> <CoreInst = "FDiv">   --->   Core 20 'FDiv' <Latency = 11> <II = 1> <Delay = 2.32> <FuncUnit> <Opcode : 'fdiv' 'frem'> <InPorts = 2> <OutPorts = 1>

State 84 <SV = 83> <Delay = 1.54>
ST_84 : Operation 621 [2/2] (1.54ns)   --->   "%conv6 = fpext i32 %proportion" [flood_HLS_base.cpp:151]   --->   Operation 621 'fpext' 'conv6' <Predicate = (!icmp_ln109 & icmp_ln111 & and_ln148)> <Delay = 1.54> <CoreInst = "Float2Double">   --->   Core 64 'Float2Double' <Latency = 1> <II = 1> <Delay = 1.54> <FuncUnit> <Opcode : 'fpext'> <InPorts = 1> <OutPorts = 1>

State 85 <SV = 84> <Delay = 1.54>
ST_85 : Operation 622 [1/2] (1.54ns)   --->   "%conv6 = fpext i32 %proportion" [flood_HLS_base.cpp:151]   --->   Operation 622 'fpext' 'conv6' <Predicate = (!icmp_ln109 & icmp_ln111 & and_ln148)> <Delay = 1.54> <CoreInst = "Float2Double">   --->   Core 64 'Float2Double' <Latency = 1> <II = 1> <Delay = 1.54> <FuncUnit> <Opcode : 'fpext'> <InPorts = 1> <OutPorts = 1>

State 86 <SV = 85> <Delay = 2.01>
ST_86 : Operation 623 [1/1] (0.00ns)   --->   "%bitcast_ln151 = bitcast i64 %conv6" [flood_HLS_base.cpp:151]   --->   Operation 623 'bitcast' 'bitcast_ln151' <Predicate = (!icmp_ln109 & icmp_ln111 & and_ln148)> <Delay = 0.00>
ST_86 : Operation 624 [1/1] (0.00ns)   --->   "%tmp_61 = partselect i11 @_ssdm_op_PartSelect.i11.i64.i32.i32, i64 %bitcast_ln151, i32 52, i32 62" [flood_HLS_base.cpp:151]   --->   Operation 624 'partselect' 'tmp_61' <Predicate = (!icmp_ln109 & icmp_ln111 & and_ln148)> <Delay = 0.00>
ST_86 : Operation 625 [1/1] (0.00ns)   --->   "%trunc_ln151 = trunc i64 %bitcast_ln151" [flood_HLS_base.cpp:151]   --->   Operation 625 'trunc' 'trunc_ln151' <Predicate = (!icmp_ln109 & icmp_ln111 & and_ln148)> <Delay = 0.00>
ST_86 : Operation 626 [1/1] (0.73ns)   --->   "%icmp_ln151 = icmp_ne  i11 %tmp_61, i11 2047" [flood_HLS_base.cpp:151]   --->   Operation 626 'icmp' 'icmp_ln151' <Predicate = (!icmp_ln109 & icmp_ln111 & and_ln148)> <Delay = 0.73> <CoreInst = "Cmp">   --->   Core 9 'Cmp' <Latency = 0> <II = 1> <Delay = 0.73> <FuncUnit> <Opcode : 'seteq' 'setne' 'setle' 'setge' 'setlt' 'setgt'> <InPorts = 2> <OutPorts = 1>
ST_86 : Operation 627 [1/1] (0.98ns)   --->   "%icmp_ln151_1 = icmp_eq  i52 %trunc_ln151, i52 0" [flood_HLS_base.cpp:151]   --->   Operation 627 'icmp' 'icmp_ln151_1' <Predicate = (!icmp_ln109 & icmp_ln111 & and_ln148)> <Delay = 0.98> <CoreInst = "Cmp">   --->   Core 9 'Cmp' <Latency = 0> <II = 1> <Delay = 0.98> <FuncUnit> <Opcode : 'seteq' 'setne' 'setle' 'setge' 'setlt' 'setgt'> <InPorts = 2> <OutPorts = 1>
ST_86 : Operation 628 [2/2] (2.01ns)   --->   "%tmp_62 = fcmp_ogt  i64 %conv6, i64 1e-08" [flood_HLS_base.cpp:151]   --->   Operation 628 'dcmp' 'tmp_62' <Predicate = (!icmp_ln109 & icmp_ln111 & and_ln148)> <Delay = 2.01> <CoreInst = "DCompare">   --->   Core 38 'DCompare' <Latency = 1> <II = 1> <Delay = 2.01> <FuncUnit> <Opcode : 'dcmp'> <InPorts = 2> <OutPorts = 1>

State 87 <SV = 86> <Delay = 2.34>
ST_87 : Operation 629 [1/1] (0.00ns) (grouped into LUT with out node and_ln151)   --->   "%or_ln151 = or i1 %icmp_ln151_1, i1 %icmp_ln151" [flood_HLS_base.cpp:151]   --->   Operation 629 'or' 'or_ln151' <Predicate = (!icmp_ln109 & icmp_ln111 & and_ln148)> <Delay = 0.00> <CoreInst = "LogicGate">   --->   Core 74 'LogicGate' <Latency = 0> <II = 1> <Delay = 0.12> <FuncUnit> <Opcode : 'and' 'or' 'xor'> <InPorts = 2> <OutPorts = 1>
ST_87 : Operation 630 [1/2] (2.01ns)   --->   "%tmp_62 = fcmp_ogt  i64 %conv6, i64 1e-08" [flood_HLS_base.cpp:151]   --->   Operation 630 'dcmp' 'tmp_62' <Predicate = (!icmp_ln109 & icmp_ln111 & and_ln148)> <Delay = 2.01> <CoreInst = "DCompare">   --->   Core 38 'DCompare' <Latency = 1> <II = 1> <Delay = 2.01> <FuncUnit> <Opcode : 'dcmp'> <InPorts = 2> <OutPorts = 1>
ST_87 : Operation 631 [1/1] (0.12ns) (out node of the LUT)   --->   "%and_ln151 = and i1 %or_ln151, i1 %tmp_62" [flood_HLS_base.cpp:151]   --->   Operation 631 'and' 'and_ln151' <Predicate = (!icmp_ln109 & icmp_ln111 & and_ln148)> <Delay = 0.12> <CoreInst = "LogicGate">   --->   Core 74 'LogicGate' <Latency = 0> <II = 1> <Delay = 0.12> <FuncUnit> <Opcode : 'and' 'or' 'xor'> <InPorts = 2> <OutPorts = 1>
ST_87 : Operation 632 [1/1] (0.00ns)   --->   "%br_ln151 = br i1 %and_ln151, void %for.inc416, void %VITIS_LOOP_156_12" [flood_HLS_base.cpp:151]   --->   Operation 632 'br' 'br_ln151' <Predicate = (!icmp_ln109 & icmp_ln111 & and_ln148)> <Delay = 0.00>
ST_87 : Operation 633 [1/1] (0.00ns)   --->   "%tmp_63 = partselect i8 @_ssdm_op_PartSelect.i8.i32.i32.i32, i32 %p_ground_load, i32 23, i32 30" [flood_HLS_base.cpp:117]   --->   Operation 633 'partselect' 'tmp_63' <Predicate = (!icmp_ln109 & icmp_ln111 & and_ln148 & and_ln151)> <Delay = 0.00>
ST_87 : Operation 634 [1/1] (0.00ns)   --->   "%empty_75 = trunc i32 %p_ground_load" [flood_HLS_base.cpp:117]   --->   Operation 634 'trunc' 'empty_75' <Predicate = (!icmp_ln109 & icmp_ln111 & and_ln148 & and_ln151)> <Delay = 0.00>
ST_87 : Operation 635 [1/1] (0.70ns)   --->   "%notlhs178 = icmp_ne  i8 %tmp_63, i8 255" [flood_HLS_base.cpp:117]   --->   Operation 635 'icmp' 'notlhs178' <Predicate = (!icmp_ln109 & icmp_ln111 & and_ln148 & and_ln151)> <Delay = 0.70> <CoreInst = "Cmp">   --->   Core 9 'Cmp' <Latency = 0> <II = 1> <Delay = 0.70> <FuncUnit> <Opcode : 'seteq' 'setne' 'setle' 'setge' 'setlt' 'setgt'> <InPorts = 2> <OutPorts = 1>
ST_87 : Operation 636 [1/1] (0.82ns)   --->   "%notrhs179 = icmp_eq  i23 %empty_75, i23 0" [flood_HLS_base.cpp:117]   --->   Operation 636 'icmp' 'notrhs179' <Predicate = (!icmp_ln109 & icmp_ln111 & and_ln148 & and_ln151)> <Delay = 0.82> <CoreInst = "Cmp">   --->   Core 9 'Cmp' <Latency = 0> <II = 1> <Delay = 0.82> <FuncUnit> <Opcode : 'seteq' 'setne' 'setle' 'setge' 'setlt' 'setgt'> <InPorts = 2> <OutPorts = 1>
ST_87 : Operation 637 [7/7] (2.34ns)   --->   "%sub6 = fsub i32 %current_height, i32 %neighbor_height_8" [flood_HLS_base.cpp:117]   --->   Operation 637 'fsub' 'sub6' <Predicate = (!icmp_ln109 & icmp_ln111 & and_ln148 & and_ln151)> <Delay = 2.34> <CoreInst = "FAddSub_fulldsp">   --->   Core 18 'FAddSub_fulldsp' <Latency = 6> <II = 1> <Delay = 2.34> <FuncUnit> <Opcode : 'fadd' 'fsub'> <InPorts = 2> <OutPorts = 1>
ST_87 : Operation 638 [1/1] (0.00ns)   --->   "%br_ln163 = br i1 %empty_70, void %if.else384, void %if.then368" [flood_HLS_base.cpp:163]   --->   Operation 638 'br' 'br_ln163' <Predicate = (!icmp_ln109 & icmp_ln111 & and_ln148 & and_ln151)> <Delay = 0.00>
ST_87 : Operation 639 [2/2] (1.64ns)   --->   "%tmp_66 = fcmp_oge  i32 %current_height, i32 %neighbor_height" [flood_HLS_base.cpp:175]   --->   Operation 639 'fcmp' 'tmp_66' <Predicate = (!icmp_ln109 & icmp_ln111 & and_ln148 & and_ln151 & !empty_70)> <Delay = 1.64> <CoreInst = "FCompare">   --->   Core 19 'FCompare' <Latency = 1> <II = 1> <Delay = 1.64> <FuncUnit> <Opcode : 'fcmp'> <InPorts = 2> <OutPorts = 1>
ST_87 : Operation 640 [1/1] (0.00ns)   --->   "%br_ln163 = br i1 %empty_71, void %if.else384.1, void %if.then368.1" [flood_HLS_base.cpp:163]   --->   Operation 640 'br' 'br_ln163' <Predicate = (!icmp_ln109 & icmp_ln111 & and_ln148 & and_ln151)> <Delay = 0.00>
ST_87 : Operation 641 [1/1] (0.00ns)   --->   "%br_ln163 = br i1 %icmp_ln128_1, void %if.else384.3, void %if.then368.3" [flood_HLS_base.cpp:163]   --->   Operation 641 'br' 'br_ln163' <Predicate = (!icmp_ln109 & icmp_ln111 & and_ln148 & and_ln151)> <Delay = 0.00>

State 88 <SV = 87> <Delay = 2.34>
ST_88 : Operation 642 [1/1] (1.64ns)   --->   "%store_ln152 = store i32 1, i12 %spillage_flag_addr" [flood_HLS_base.cpp:152]   --->   Operation 642 'store' 'store_ln152' <Predicate = (!icmp_ln109 & icmp_ln111 & and_ln148 & and_ln151)> <Delay = 1.64> <CoreInst = "RAM">   --->   Core 82 'RAM' <Latency = 1> <II = 1> <Delay = 1.64> <Storage> <Opcode : 'load' 'store'> <Ports = 2> <Width = 32> <Depth = 2500> <RAM>
ST_88 : Operation 643 [1/1] (1.64ns)   --->   "%store_ln153 = store i32 %my_spillage_level_8, i12 %spillage_level_addr" [flood_HLS_base.cpp:153]   --->   Operation 643 'store' 'store_ln153' <Predicate = (!icmp_ln109 & icmp_ln111 & and_ln148 & and_ln151)> <Delay = 1.64> <CoreInst = "RAM">   --->   Core 82 'RAM' <Latency = 1> <II = 1> <Delay = 1.64> <Storage> <Opcode : 'load' 'store'> <Ports = 2> <Width = 32> <Depth = 2500> <RAM>
ST_88 : Operation 644 [6/7] (2.34ns)   --->   "%sub6 = fsub i32 %current_height, i32 %neighbor_height_8" [flood_HLS_base.cpp:117]   --->   Operation 644 'fsub' 'sub6' <Predicate = (!icmp_ln109 & icmp_ln111 & and_ln148 & and_ln151)> <Delay = 2.34> <CoreInst = "FAddSub_fulldsp">   --->   Core 18 'FAddSub_fulldsp' <Latency = 6> <II = 1> <Delay = 2.34> <FuncUnit> <Opcode : 'fadd' 'fsub'> <InPorts = 2> <OutPorts = 1>
ST_88 : Operation 645 [1/1] (0.00ns)   --->   "%bitcast_ln175 = bitcast i32 %neighbor_height" [flood_HLS_base.cpp:175]   --->   Operation 645 'bitcast' 'bitcast_ln175' <Predicate = (!icmp_ln109 & icmp_ln111 & and_ln148 & and_ln151 & !empty_70)> <Delay = 0.00>
ST_88 : Operation 646 [1/1] (0.00ns)   --->   "%tmp_65 = partselect i8 @_ssdm_op_PartSelect.i8.i32.i32.i32, i32 %bitcast_ln175, i32 23, i32 30" [flood_HLS_base.cpp:175]   --->   Operation 646 'partselect' 'tmp_65' <Predicate = (!icmp_ln109 & icmp_ln111 & and_ln148 & and_ln151 & !empty_70)> <Delay = 0.00>
ST_88 : Operation 647 [1/1] (0.00ns)   --->   "%trunc_ln175 = trunc i32 %bitcast_ln175" [flood_HLS_base.cpp:175]   --->   Operation 647 'trunc' 'trunc_ln175' <Predicate = (!icmp_ln109 & icmp_ln111 & and_ln148 & and_ln151 & !empty_70)> <Delay = 0.00>
ST_88 : Operation 648 [1/1] (0.70ns)   --->   "%icmp_ln175 = icmp_ne  i8 %tmp_65, i8 255" [flood_HLS_base.cpp:175]   --->   Operation 648 'icmp' 'icmp_ln175' <Predicate = (!icmp_ln109 & icmp_ln111 & and_ln148 & and_ln151 & !empty_70)> <Delay = 0.70> <CoreInst = "Cmp">   --->   Core 9 'Cmp' <Latency = 0> <II = 1> <Delay = 0.70> <FuncUnit> <Opcode : 'seteq' 'setne' 'setle' 'setge' 'setlt' 'setgt'> <InPorts = 2> <OutPorts = 1>
ST_88 : Operation 649 [1/1] (0.82ns)   --->   "%icmp_ln175_1 = icmp_eq  i23 %trunc_ln175, i23 0" [flood_HLS_base.cpp:175]   --->   Operation 649 'icmp' 'icmp_ln175_1' <Predicate = (!icmp_ln109 & icmp_ln111 & and_ln148 & and_ln151 & !empty_70)> <Delay = 0.82> <CoreInst = "Cmp">   --->   Core 9 'Cmp' <Latency = 0> <II = 1> <Delay = 0.82> <FuncUnit> <Opcode : 'seteq' 'setne' 'setle' 'setge' 'setlt' 'setgt'> <InPorts = 2> <OutPorts = 1>
ST_88 : Operation 650 [1/1] (0.00ns) (grouped into LUT with out node and_ln175_1)   --->   "%or_ln175 = or i1 %icmp_ln175_1, i1 %icmp_ln175" [flood_HLS_base.cpp:175]   --->   Operation 650 'or' 'or_ln175' <Predicate = (!icmp_ln109 & icmp_ln111 & and_ln148 & and_ln151 & !empty_70)> <Delay = 0.00> <CoreInst = "LogicGate">   --->   Core 74 'LogicGate' <Latency = 0> <II = 1> <Delay = 0.12> <FuncUnit> <Opcode : 'and' 'or' 'xor'> <InPorts = 2> <OutPorts = 1>
ST_88 : Operation 651 [1/1] (0.00ns) (grouped into LUT with out node and_ln175_1)   --->   "%and_ln175 = and i1 %or_ln139, i1 %or_ln175" [flood_HLS_base.cpp:175]   --->   Operation 651 'and' 'and_ln175' <Predicate = (!icmp_ln109 & icmp_ln111 & and_ln148 & and_ln151 & !empty_70)> <Delay = 0.00> <CoreInst = "LogicGate">   --->   Core 74 'LogicGate' <Latency = 0> <II = 1> <Delay = 0.12> <FuncUnit> <Opcode : 'and' 'or' 'xor'> <InPorts = 2> <OutPorts = 1>
ST_88 : Operation 652 [1/2] (1.64ns)   --->   "%tmp_66 = fcmp_oge  i32 %current_height, i32 %neighbor_height" [flood_HLS_base.cpp:175]   --->   Operation 652 'fcmp' 'tmp_66' <Predicate = (!icmp_ln109 & icmp_ln111 & and_ln148 & and_ln151 & !empty_70)> <Delay = 1.64> <CoreInst = "FCompare">   --->   Core 19 'FCompare' <Latency = 1> <II = 1> <Delay = 1.64> <FuncUnit> <Opcode : 'fcmp'> <InPorts = 2> <OutPorts = 1>
ST_88 : Operation 653 [1/1] (0.12ns) (out node of the LUT)   --->   "%and_ln175_1 = and i1 %and_ln175, i1 %tmp_66" [flood_HLS_base.cpp:175]   --->   Operation 653 'and' 'and_ln175_1' <Predicate = (!icmp_ln109 & icmp_ln111 & and_ln148 & and_ln151 & !empty_70)> <Delay = 0.12> <CoreInst = "LogicGate">   --->   Core 74 'LogicGate' <Latency = 0> <II = 1> <Delay = 0.12> <FuncUnit> <Opcode : 'and' 'or' 'xor'> <InPorts = 2> <OutPorts = 1>
ST_88 : Operation 654 [1/1] (0.00ns)   --->   "%br_ln175 = br i1 %and_ln175_1, void %if.end408, void %if.then398" [flood_HLS_base.cpp:175]   --->   Operation 654 'br' 'br_ln175' <Predicate = (!icmp_ln109 & icmp_ln111 & and_ln148 & and_ln151 & !empty_70)> <Delay = 0.00>
ST_88 : Operation 655 [7/7] (2.34ns)   --->   "%sub7 = fsub i32 %current_height, i32 %neighbor_height" [flood_HLS_base.cpp:177]   --->   Operation 655 'fsub' 'sub7' <Predicate = (!icmp_ln109 & icmp_ln111 & and_ln148 & and_ln151 & !empty_70 & and_ln175_1)> <Delay = 2.34> <CoreInst = "FAddSub_fulldsp">   --->   Core 18 'FAddSub_fulldsp' <Latency = 6> <II = 1> <Delay = 2.34> <FuncUnit> <Opcode : 'fadd' 'fsub'> <InPorts = 2> <OutPorts = 1>
ST_88 : Operation 656 [2/2] (1.64ns)   --->   "%tmp_69 = fcmp_oge  i32 %current_height, i32 %neighbor_height_2" [flood_HLS_base.cpp:175]   --->   Operation 656 'fcmp' 'tmp_69' <Predicate = (!icmp_ln109 & icmp_ln111 & and_ln148 & and_ln151 & !empty_71)> <Delay = 1.64> <CoreInst = "FCompare">   --->   Core 19 'FCompare' <Latency = 1> <II = 1> <Delay = 1.64> <FuncUnit> <Opcode : 'fcmp'> <InPorts = 2> <OutPorts = 1>
ST_88 : Operation 657 [2/2] (1.64ns)   --->   "%tmp_72 = fcmp_oge  i32 %current_height, i32 %neighbor_height_4" [flood_HLS_base.cpp:175]   --->   Operation 657 'fcmp' 'tmp_72' <Predicate = (!icmp_ln109 & icmp_ln111 & and_ln148 & and_ln151 & !icmp_ln128)> <Delay = 1.64> <CoreInst = "FCompare">   --->   Core 19 'FCompare' <Latency = 1> <II = 1> <Delay = 1.64> <FuncUnit> <Opcode : 'fcmp'> <InPorts = 2> <OutPorts = 1>
ST_88 : Operation 658 [2/2] (1.64ns)   --->   "%tmp_75 = fcmp_oge  i32 %current_height, i32 %neighbor_height_6" [flood_HLS_base.cpp:175]   --->   Operation 658 'fcmp' 'tmp_75' <Predicate = (!icmp_ln109 & icmp_ln111 & and_ln148 & and_ln151 & !icmp_ln128_1)> <Delay = 1.64> <CoreInst = "FCompare">   --->   Core 19 'FCompare' <Latency = 1> <II = 1> <Delay = 1.64> <FuncUnit> <Opcode : 'fcmp'> <InPorts = 2> <OutPorts = 1>

State 89 <SV = 88> <Delay = 2.34>
ST_89 : Operation 659 [2/2] (1.64ns)   --->   "%tmp_64 = fcmp_oge  i32 %current_height, i32 %neighbor_height_8" [flood_HLS_base.cpp:117]   --->   Operation 659 'fcmp' 'tmp_64' <Predicate = (!icmp_ln109 & icmp_ln111 & and_ln148 & and_ln151)> <Delay = 1.64> <CoreInst = "FCompare">   --->   Core 19 'FCompare' <Latency = 1> <II = 1> <Delay = 1.64> <FuncUnit> <Opcode : 'fcmp'> <InPorts = 2> <OutPorts = 1>
ST_89 : Operation 660 [5/7] (2.34ns)   --->   "%sub6 = fsub i32 %current_height, i32 %neighbor_height_8" [flood_HLS_base.cpp:117]   --->   Operation 660 'fsub' 'sub6' <Predicate = (!icmp_ln109 & icmp_ln111 & and_ln148 & and_ln151)> <Delay = 2.34> <CoreInst = "FAddSub_fulldsp">   --->   Core 18 'FAddSub_fulldsp' <Latency = 6> <II = 1> <Delay = 2.34> <FuncUnit> <Opcode : 'fadd' 'fsub'> <InPorts = 2> <OutPorts = 1>
ST_89 : Operation 661 [6/7] (2.34ns)   --->   "%sub7 = fsub i32 %current_height, i32 %neighbor_height" [flood_HLS_base.cpp:177]   --->   Operation 661 'fsub' 'sub7' <Predicate = (!icmp_ln109 & icmp_ln111 & and_ln148 & and_ln151 & !empty_70 & and_ln175_1)> <Delay = 2.34> <CoreInst = "FAddSub_fulldsp">   --->   Core 18 'FAddSub_fulldsp' <Latency = 6> <II = 1> <Delay = 2.34> <FuncUnit> <Opcode : 'fadd' 'fsub'> <InPorts = 2> <OutPorts = 1>
ST_89 : Operation 662 [1/1] (0.00ns)   --->   "%bitcast_ln175_1 = bitcast i32 %neighbor_height_2" [flood_HLS_base.cpp:175]   --->   Operation 662 'bitcast' 'bitcast_ln175_1' <Predicate = (!icmp_ln109 & icmp_ln111 & and_ln148 & and_ln151 & !empty_71)> <Delay = 0.00>
ST_89 : Operation 663 [1/1] (0.00ns)   --->   "%tmp_68 = partselect i8 @_ssdm_op_PartSelect.i8.i32.i32.i32, i32 %bitcast_ln175_1, i32 23, i32 30" [flood_HLS_base.cpp:175]   --->   Operation 663 'partselect' 'tmp_68' <Predicate = (!icmp_ln109 & icmp_ln111 & and_ln148 & and_ln151 & !empty_71)> <Delay = 0.00>
ST_89 : Operation 664 [1/1] (0.00ns)   --->   "%trunc_ln175_1 = trunc i32 %bitcast_ln175_1" [flood_HLS_base.cpp:175]   --->   Operation 664 'trunc' 'trunc_ln175_1' <Predicate = (!icmp_ln109 & icmp_ln111 & and_ln148 & and_ln151 & !empty_71)> <Delay = 0.00>
ST_89 : Operation 665 [1/1] (0.70ns)   --->   "%icmp_ln175_2 = icmp_ne  i8 %tmp_68, i8 255" [flood_HLS_base.cpp:175]   --->   Operation 665 'icmp' 'icmp_ln175_2' <Predicate = (!icmp_ln109 & icmp_ln111 & and_ln148 & and_ln151 & !empty_71)> <Delay = 0.70> <CoreInst = "Cmp">   --->   Core 9 'Cmp' <Latency = 0> <II = 1> <Delay = 0.70> <FuncUnit> <Opcode : 'seteq' 'setne' 'setle' 'setge' 'setlt' 'setgt'> <InPorts = 2> <OutPorts = 1>
ST_89 : Operation 666 [1/1] (0.82ns)   --->   "%icmp_ln175_3 = icmp_eq  i23 %trunc_ln175_1, i23 0" [flood_HLS_base.cpp:175]   --->   Operation 666 'icmp' 'icmp_ln175_3' <Predicate = (!icmp_ln109 & icmp_ln111 & and_ln148 & and_ln151 & !empty_71)> <Delay = 0.82> <CoreInst = "Cmp">   --->   Core 9 'Cmp' <Latency = 0> <II = 1> <Delay = 0.82> <FuncUnit> <Opcode : 'seteq' 'setne' 'setle' 'setge' 'setlt' 'setgt'> <InPorts = 2> <OutPorts = 1>
ST_89 : Operation 667 [1/1] (0.00ns) (grouped into LUT with out node and_ln175_3)   --->   "%or_ln175_1 = or i1 %icmp_ln175_3, i1 %icmp_ln175_2" [flood_HLS_base.cpp:175]   --->   Operation 667 'or' 'or_ln175_1' <Predicate = (!icmp_ln109 & icmp_ln111 & and_ln148 & and_ln151 & !empty_71)> <Delay = 0.00> <CoreInst = "LogicGate">   --->   Core 74 'LogicGate' <Latency = 0> <II = 1> <Delay = 0.12> <FuncUnit> <Opcode : 'and' 'or' 'xor'> <InPorts = 2> <OutPorts = 1>
ST_89 : Operation 668 [1/1] (0.00ns) (grouped into LUT with out node and_ln175_3)   --->   "%and_ln175_2 = and i1 %or_ln139, i1 %or_ln175_1" [flood_HLS_base.cpp:175]   --->   Operation 668 'and' 'and_ln175_2' <Predicate = (!icmp_ln109 & icmp_ln111 & and_ln148 & and_ln151 & !empty_71)> <Delay = 0.00> <CoreInst = "LogicGate">   --->   Core 74 'LogicGate' <Latency = 0> <II = 1> <Delay = 0.12> <FuncUnit> <Opcode : 'and' 'or' 'xor'> <InPorts = 2> <OutPorts = 1>
ST_89 : Operation 669 [1/2] (1.64ns)   --->   "%tmp_69 = fcmp_oge  i32 %current_height, i32 %neighbor_height_2" [flood_HLS_base.cpp:175]   --->   Operation 669 'fcmp' 'tmp_69' <Predicate = (!icmp_ln109 & icmp_ln111 & and_ln148 & and_ln151 & !empty_71)> <Delay = 1.64> <CoreInst = "FCompare">   --->   Core 19 'FCompare' <Latency = 1> <II = 1> <Delay = 1.64> <FuncUnit> <Opcode : 'fcmp'> <InPorts = 2> <OutPorts = 1>
ST_89 : Operation 670 [1/1] (0.12ns) (out node of the LUT)   --->   "%and_ln175_3 = and i1 %and_ln175_2, i1 %tmp_69" [flood_HLS_base.cpp:175]   --->   Operation 670 'and' 'and_ln175_3' <Predicate = (!icmp_ln109 & icmp_ln111 & and_ln148 & and_ln151 & !empty_71)> <Delay = 0.12> <CoreInst = "LogicGate">   --->   Core 74 'LogicGate' <Latency = 0> <II = 1> <Delay = 0.12> <FuncUnit> <Opcode : 'and' 'or' 'xor'> <InPorts = 2> <OutPorts = 1>
ST_89 : Operation 671 [1/1] (0.00ns)   --->   "%br_ln175 = br i1 %and_ln175_3, void %if.end408.1, void %if.then398.1" [flood_HLS_base.cpp:175]   --->   Operation 671 'br' 'br_ln175' <Predicate = (!icmp_ln109 & icmp_ln111 & and_ln148 & and_ln151 & !empty_71)> <Delay = 0.00>
ST_89 : Operation 672 [7/7] (2.34ns)   --->   "%sub400_1 = fsub i32 %current_height, i32 %neighbor_height_2" [flood_HLS_base.cpp:177]   --->   Operation 672 'fsub' 'sub400_1' <Predicate = (!icmp_ln109 & icmp_ln111 & and_ln148 & and_ln151 & !empty_71 & and_ln175_3)> <Delay = 2.34> <CoreInst = "FAddSub_fulldsp">   --->   Core 18 'FAddSub_fulldsp' <Latency = 6> <II = 1> <Delay = 2.34> <FuncUnit> <Opcode : 'fadd' 'fsub'> <InPorts = 2> <OutPorts = 1>
ST_89 : Operation 673 [1/1] (0.00ns)   --->   "%bitcast_ln175_2 = bitcast i32 %neighbor_height_4" [flood_HLS_base.cpp:175]   --->   Operation 673 'bitcast' 'bitcast_ln175_2' <Predicate = (!icmp_ln109 & icmp_ln111 & and_ln148 & and_ln151 & !icmp_ln128)> <Delay = 0.00>
ST_89 : Operation 674 [1/1] (0.00ns)   --->   "%tmp_71 = partselect i8 @_ssdm_op_PartSelect.i8.i32.i32.i32, i32 %bitcast_ln175_2, i32 23, i32 30" [flood_HLS_base.cpp:175]   --->   Operation 674 'partselect' 'tmp_71' <Predicate = (!icmp_ln109 & icmp_ln111 & and_ln148 & and_ln151 & !icmp_ln128)> <Delay = 0.00>
ST_89 : Operation 675 [1/1] (0.00ns)   --->   "%trunc_ln175_2 = trunc i32 %bitcast_ln175_2" [flood_HLS_base.cpp:175]   --->   Operation 675 'trunc' 'trunc_ln175_2' <Predicate = (!icmp_ln109 & icmp_ln111 & and_ln148 & and_ln151 & !icmp_ln128)> <Delay = 0.00>
ST_89 : Operation 676 [1/1] (0.70ns)   --->   "%icmp_ln175_4 = icmp_ne  i8 %tmp_71, i8 255" [flood_HLS_base.cpp:175]   --->   Operation 676 'icmp' 'icmp_ln175_4' <Predicate = (!icmp_ln109 & icmp_ln111 & and_ln148 & and_ln151 & !icmp_ln128)> <Delay = 0.70> <CoreInst = "Cmp">   --->   Core 9 'Cmp' <Latency = 0> <II = 1> <Delay = 0.70> <FuncUnit> <Opcode : 'seteq' 'setne' 'setle' 'setge' 'setlt' 'setgt'> <InPorts = 2> <OutPorts = 1>
ST_89 : Operation 677 [1/1] (0.82ns)   --->   "%icmp_ln175_5 = icmp_eq  i23 %trunc_ln175_2, i23 0" [flood_HLS_base.cpp:175]   --->   Operation 677 'icmp' 'icmp_ln175_5' <Predicate = (!icmp_ln109 & icmp_ln111 & and_ln148 & and_ln151 & !icmp_ln128)> <Delay = 0.82> <CoreInst = "Cmp">   --->   Core 9 'Cmp' <Latency = 0> <II = 1> <Delay = 0.82> <FuncUnit> <Opcode : 'seteq' 'setne' 'setle' 'setge' 'setlt' 'setgt'> <InPorts = 2> <OutPorts = 1>
ST_89 : Operation 678 [1/1] (0.00ns) (grouped into LUT with out node and_ln175_5)   --->   "%or_ln175_2 = or i1 %icmp_ln175_5, i1 %icmp_ln175_4" [flood_HLS_base.cpp:175]   --->   Operation 678 'or' 'or_ln175_2' <Predicate = (!icmp_ln109 & icmp_ln111 & and_ln148 & and_ln151 & !icmp_ln128)> <Delay = 0.00> <CoreInst = "LogicGate">   --->   Core 74 'LogicGate' <Latency = 0> <II = 1> <Delay = 0.12> <FuncUnit> <Opcode : 'and' 'or' 'xor'> <InPorts = 2> <OutPorts = 1>
ST_89 : Operation 679 [1/1] (0.00ns) (grouped into LUT with out node and_ln175_5)   --->   "%and_ln175_4 = and i1 %or_ln139, i1 %or_ln175_2" [flood_HLS_base.cpp:175]   --->   Operation 679 'and' 'and_ln175_4' <Predicate = (!icmp_ln109 & icmp_ln111 & and_ln148 & and_ln151 & !icmp_ln128)> <Delay = 0.00> <CoreInst = "LogicGate">   --->   Core 74 'LogicGate' <Latency = 0> <II = 1> <Delay = 0.12> <FuncUnit> <Opcode : 'and' 'or' 'xor'> <InPorts = 2> <OutPorts = 1>
ST_89 : Operation 680 [1/2] (1.64ns)   --->   "%tmp_72 = fcmp_oge  i32 %current_height, i32 %neighbor_height_4" [flood_HLS_base.cpp:175]   --->   Operation 680 'fcmp' 'tmp_72' <Predicate = (!icmp_ln109 & icmp_ln111 & and_ln148 & and_ln151 & !icmp_ln128)> <Delay = 1.64> <CoreInst = "FCompare">   --->   Core 19 'FCompare' <Latency = 1> <II = 1> <Delay = 1.64> <FuncUnit> <Opcode : 'fcmp'> <InPorts = 2> <OutPorts = 1>
ST_89 : Operation 681 [1/1] (0.12ns) (out node of the LUT)   --->   "%and_ln175_5 = and i1 %and_ln175_4, i1 %tmp_72" [flood_HLS_base.cpp:175]   --->   Operation 681 'and' 'and_ln175_5' <Predicate = (!icmp_ln109 & icmp_ln111 & and_ln148 & and_ln151 & !icmp_ln128)> <Delay = 0.12> <CoreInst = "LogicGate">   --->   Core 74 'LogicGate' <Latency = 0> <II = 1> <Delay = 0.12> <FuncUnit> <Opcode : 'and' 'or' 'xor'> <InPorts = 2> <OutPorts = 1>
ST_89 : Operation 682 [1/1] (0.00ns)   --->   "%br_ln175 = br i1 %and_ln175_5, void %if.end408.2, void %if.then398.2" [flood_HLS_base.cpp:175]   --->   Operation 682 'br' 'br_ln175' <Predicate = (!icmp_ln109 & icmp_ln111 & and_ln148 & and_ln151 & !icmp_ln128)> <Delay = 0.00>
ST_89 : Operation 683 [1/1] (0.00ns)   --->   "%bitcast_ln175_3 = bitcast i32 %neighbor_height_6" [flood_HLS_base.cpp:175]   --->   Operation 683 'bitcast' 'bitcast_ln175_3' <Predicate = (!icmp_ln109 & icmp_ln111 & and_ln148 & and_ln151 & !icmp_ln128_1)> <Delay = 0.00>
ST_89 : Operation 684 [1/1] (0.00ns)   --->   "%tmp_74 = partselect i8 @_ssdm_op_PartSelect.i8.i32.i32.i32, i32 %bitcast_ln175_3, i32 23, i32 30" [flood_HLS_base.cpp:175]   --->   Operation 684 'partselect' 'tmp_74' <Predicate = (!icmp_ln109 & icmp_ln111 & and_ln148 & and_ln151 & !icmp_ln128_1)> <Delay = 0.00>
ST_89 : Operation 685 [1/1] (0.00ns)   --->   "%trunc_ln175_3 = trunc i32 %bitcast_ln175_3" [flood_HLS_base.cpp:175]   --->   Operation 685 'trunc' 'trunc_ln175_3' <Predicate = (!icmp_ln109 & icmp_ln111 & and_ln148 & and_ln151 & !icmp_ln128_1)> <Delay = 0.00>
ST_89 : Operation 686 [1/1] (0.70ns)   --->   "%icmp_ln175_6 = icmp_ne  i8 %tmp_74, i8 255" [flood_HLS_base.cpp:175]   --->   Operation 686 'icmp' 'icmp_ln175_6' <Predicate = (!icmp_ln109 & icmp_ln111 & and_ln148 & and_ln151 & !icmp_ln128_1)> <Delay = 0.70> <CoreInst = "Cmp">   --->   Core 9 'Cmp' <Latency = 0> <II = 1> <Delay = 0.70> <FuncUnit> <Opcode : 'seteq' 'setne' 'setle' 'setge' 'setlt' 'setgt'> <InPorts = 2> <OutPorts = 1>
ST_89 : Operation 687 [1/1] (0.82ns)   --->   "%icmp_ln175_7 = icmp_eq  i23 %trunc_ln175_3, i23 0" [flood_HLS_base.cpp:175]   --->   Operation 687 'icmp' 'icmp_ln175_7' <Predicate = (!icmp_ln109 & icmp_ln111 & and_ln148 & and_ln151 & !icmp_ln128_1)> <Delay = 0.82> <CoreInst = "Cmp">   --->   Core 9 'Cmp' <Latency = 0> <II = 1> <Delay = 0.82> <FuncUnit> <Opcode : 'seteq' 'setne' 'setle' 'setge' 'setlt' 'setgt'> <InPorts = 2> <OutPorts = 1>
ST_89 : Operation 688 [1/1] (0.00ns) (grouped into LUT with out node and_ln175_7)   --->   "%or_ln175_3 = or i1 %icmp_ln175_7, i1 %icmp_ln175_6" [flood_HLS_base.cpp:175]   --->   Operation 688 'or' 'or_ln175_3' <Predicate = (!icmp_ln109 & icmp_ln111 & and_ln148 & and_ln151 & !icmp_ln128_1)> <Delay = 0.00> <CoreInst = "LogicGate">   --->   Core 74 'LogicGate' <Latency = 0> <II = 1> <Delay = 0.12> <FuncUnit> <Opcode : 'and' 'or' 'xor'> <InPorts = 2> <OutPorts = 1>
ST_89 : Operation 689 [1/1] (0.00ns) (grouped into LUT with out node and_ln175_7)   --->   "%and_ln175_6 = and i1 %or_ln139, i1 %or_ln175_3" [flood_HLS_base.cpp:175]   --->   Operation 689 'and' 'and_ln175_6' <Predicate = (!icmp_ln109 & icmp_ln111 & and_ln148 & and_ln151 & !icmp_ln128_1)> <Delay = 0.00> <CoreInst = "LogicGate">   --->   Core 74 'LogicGate' <Latency = 0> <II = 1> <Delay = 0.12> <FuncUnit> <Opcode : 'and' 'or' 'xor'> <InPorts = 2> <OutPorts = 1>
ST_89 : Operation 690 [1/2] (1.64ns)   --->   "%tmp_75 = fcmp_oge  i32 %current_height, i32 %neighbor_height_6" [flood_HLS_base.cpp:175]   --->   Operation 690 'fcmp' 'tmp_75' <Predicate = (!icmp_ln109 & icmp_ln111 & and_ln148 & and_ln151 & !icmp_ln128_1)> <Delay = 1.64> <CoreInst = "FCompare">   --->   Core 19 'FCompare' <Latency = 1> <II = 1> <Delay = 1.64> <FuncUnit> <Opcode : 'fcmp'> <InPorts = 2> <OutPorts = 1>
ST_89 : Operation 691 [1/1] (0.12ns) (out node of the LUT)   --->   "%and_ln175_7 = and i1 %and_ln175_6, i1 %tmp_75" [flood_HLS_base.cpp:175]   --->   Operation 691 'and' 'and_ln175_7' <Predicate = (!icmp_ln109 & icmp_ln111 & and_ln148 & and_ln151 & !icmp_ln128_1)> <Delay = 0.12> <CoreInst = "LogicGate">   --->   Core 74 'LogicGate' <Latency = 0> <II = 1> <Delay = 0.12> <FuncUnit> <Opcode : 'and' 'or' 'xor'> <InPorts = 2> <OutPorts = 1>
ST_89 : Operation 692 [1/1] (0.00ns)   --->   "%br_ln175 = br i1 %and_ln175_7, void %if.end408.3, void %if.then398.3" [flood_HLS_base.cpp:175]   --->   Operation 692 'br' 'br_ln175' <Predicate = (!icmp_ln109 & icmp_ln111 & and_ln148 & and_ln151 & !icmp_ln128_1)> <Delay = 0.00>

State 90 <SV = 89> <Delay = 2.34>
ST_90 : Operation 693 [1/1] (0.00ns) (grouped into LUT with out node empty_78)   --->   "%empty_76 = or i1 %notrhs179, i1 %notlhs178" [flood_HLS_base.cpp:117]   --->   Operation 693 'or' 'empty_76' <Predicate = (!icmp_ln109 & icmp_ln111 & and_ln148 & and_ln151)> <Delay = 0.00> <CoreInst = "LogicGate">   --->   Core 74 'LogicGate' <Latency = 0> <II = 1> <Delay = 0.12> <FuncUnit> <Opcode : 'and' 'or' 'xor'> <InPorts = 2> <OutPorts = 1>
ST_90 : Operation 694 [1/1] (0.00ns) (grouped into LUT with out node empty_78)   --->   "%empty_77 = and i1 %or_ln139, i1 %empty_76" [flood_HLS_base.cpp:139]   --->   Operation 694 'and' 'empty_77' <Predicate = (!icmp_ln109 & icmp_ln111 & and_ln148 & and_ln151)> <Delay = 0.00> <CoreInst = "LogicGate">   --->   Core 74 'LogicGate' <Latency = 0> <II = 1> <Delay = 0.12> <FuncUnit> <Opcode : 'and' 'or' 'xor'> <InPorts = 2> <OutPorts = 1>
ST_90 : Operation 695 [1/2] (1.64ns)   --->   "%tmp_64 = fcmp_oge  i32 %current_height, i32 %neighbor_height_8" [flood_HLS_base.cpp:117]   --->   Operation 695 'fcmp' 'tmp_64' <Predicate = (!icmp_ln109 & icmp_ln111 & and_ln148 & and_ln151)> <Delay = 1.64> <CoreInst = "FCompare">   --->   Core 19 'FCompare' <Latency = 1> <II = 1> <Delay = 1.64> <FuncUnit> <Opcode : 'fcmp'> <InPorts = 2> <OutPorts = 1>
ST_90 : Operation 696 [1/1] (0.12ns) (out node of the LUT)   --->   "%empty_78 = and i1 %empty_77, i1 %tmp_64" [flood_HLS_base.cpp:139]   --->   Operation 696 'and' 'empty_78' <Predicate = (!icmp_ln109 & icmp_ln111 & and_ln148 & and_ln151)> <Delay = 0.12> <CoreInst = "LogicGate">   --->   Core 74 'LogicGate' <Latency = 0> <II = 1> <Delay = 0.12> <FuncUnit> <Opcode : 'and' 'or' 'xor'> <InPorts = 2> <OutPorts = 1>
ST_90 : Operation 697 [4/7] (2.34ns)   --->   "%sub6 = fsub i32 %current_height, i32 %neighbor_height_8" [flood_HLS_base.cpp:117]   --->   Operation 697 'fsub' 'sub6' <Predicate = (!icmp_ln109 & icmp_ln111 & and_ln148 & and_ln151)> <Delay = 2.34> <CoreInst = "FAddSub_fulldsp">   --->   Core 18 'FAddSub_fulldsp' <Latency = 6> <II = 1> <Delay = 2.34> <FuncUnit> <Opcode : 'fadd' 'fsub'> <InPorts = 2> <OutPorts = 1>
ST_90 : Operation 698 [5/7] (2.34ns)   --->   "%sub7 = fsub i32 %current_height, i32 %neighbor_height" [flood_HLS_base.cpp:177]   --->   Operation 698 'fsub' 'sub7' <Predicate = (!icmp_ln109 & icmp_ln111 & and_ln148 & and_ln151 & !empty_70 & and_ln175_1)> <Delay = 2.34> <CoreInst = "FAddSub_fulldsp">   --->   Core 18 'FAddSub_fulldsp' <Latency = 6> <II = 1> <Delay = 2.34> <FuncUnit> <Opcode : 'fadd' 'fsub'> <InPorts = 2> <OutPorts = 1>
ST_90 : Operation 699 [6/7] (2.34ns)   --->   "%sub400_1 = fsub i32 %current_height, i32 %neighbor_height_2" [flood_HLS_base.cpp:177]   --->   Operation 699 'fsub' 'sub400_1' <Predicate = (!icmp_ln109 & icmp_ln111 & and_ln148 & and_ln151 & !empty_71 & and_ln175_3)> <Delay = 2.34> <CoreInst = "FAddSub_fulldsp">   --->   Core 18 'FAddSub_fulldsp' <Latency = 6> <II = 1> <Delay = 2.34> <FuncUnit> <Opcode : 'fadd' 'fsub'> <InPorts = 2> <OutPorts = 1>
ST_90 : Operation 700 [1/1] (0.00ns)   --->   "%br_ln167 = br i1 %empty_78, void %if.then368.3.for.inc416_crit_edge, void %if.then375.3" [flood_HLS_base.cpp:167]   --->   Operation 700 'br' 'br_ln167' <Predicate = (!icmp_ln109 & icmp_ln111 & and_ln148 & and_ln151 & icmp_ln128_1)> <Delay = 0.00>

State 91 <SV = 90> <Delay = 2.34>
ST_91 : Operation 701 [3/7] (2.34ns)   --->   "%sub6 = fsub i32 %current_height, i32 %neighbor_height_8" [flood_HLS_base.cpp:117]   --->   Operation 701 'fsub' 'sub6' <Predicate = (!icmp_ln109 & icmp_ln111 & and_ln148 & and_ln151)> <Delay = 2.34> <CoreInst = "FAddSub_fulldsp">   --->   Core 18 'FAddSub_fulldsp' <Latency = 6> <II = 1> <Delay = 2.34> <FuncUnit> <Opcode : 'fadd' 'fsub'> <InPorts = 2> <OutPorts = 1>
ST_91 : Operation 702 [4/7] (2.34ns)   --->   "%sub7 = fsub i32 %current_height, i32 %neighbor_height" [flood_HLS_base.cpp:177]   --->   Operation 702 'fsub' 'sub7' <Predicate = (!icmp_ln109 & icmp_ln111 & and_ln148 & and_ln151 & !empty_70 & and_ln175_1)> <Delay = 2.34> <CoreInst = "FAddSub_fulldsp">   --->   Core 18 'FAddSub_fulldsp' <Latency = 6> <II = 1> <Delay = 2.34> <FuncUnit> <Opcode : 'fadd' 'fsub'> <InPorts = 2> <OutPorts = 1>
ST_91 : Operation 703 [5/7] (2.34ns)   --->   "%sub400_1 = fsub i32 %current_height, i32 %neighbor_height_2" [flood_HLS_base.cpp:177]   --->   Operation 703 'fsub' 'sub400_1' <Predicate = (!icmp_ln109 & icmp_ln111 & and_ln148 & and_ln151 & !empty_71 & and_ln175_3)> <Delay = 2.34> <CoreInst = "FAddSub_fulldsp">   --->   Core 18 'FAddSub_fulldsp' <Latency = 6> <II = 1> <Delay = 2.34> <FuncUnit> <Opcode : 'fadd' 'fsub'> <InPorts = 2> <OutPorts = 1>
ST_91 : Operation 704 [7/7] (2.34ns)   --->   "%sub400_2 = fsub i32 %current_height, i32 %neighbor_height_4" [flood_HLS_base.cpp:177]   --->   Operation 704 'fsub' 'sub400_2' <Predicate = (!icmp_ln109 & icmp_ln111 & and_ln148 & and_ln151 & !icmp_ln128 & and_ln175_5)> <Delay = 2.34> <CoreInst = "FAddSub_fulldsp">   --->   Core 18 'FAddSub_fulldsp' <Latency = 6> <II = 1> <Delay = 2.34> <FuncUnit> <Opcode : 'fadd' 'fsub'> <InPorts = 2> <OutPorts = 1>
ST_91 : Operation 705 [7/7] (2.34ns)   --->   "%sub400_3 = fsub i32 %current_height, i32 %neighbor_height_6" [flood_HLS_base.cpp:177]   --->   Operation 705 'fsub' 'sub400_3' <Predicate = (!icmp_ln109 & icmp_ln111 & and_ln148 & and_ln151 & !icmp_ln128_1 & and_ln175_7)> <Delay = 2.34> <CoreInst = "FAddSub_fulldsp">   --->   Core 18 'FAddSub_fulldsp' <Latency = 6> <II = 1> <Delay = 2.34> <FuncUnit> <Opcode : 'fadd' 'fsub'> <InPorts = 2> <OutPorts = 1>

State 92 <SV = 91> <Delay = 2.34>
ST_92 : Operation 706 [2/7] (2.34ns)   --->   "%sub6 = fsub i32 %current_height, i32 %neighbor_height_8" [flood_HLS_base.cpp:117]   --->   Operation 706 'fsub' 'sub6' <Predicate = (!icmp_ln109 & icmp_ln111 & and_ln148 & and_ln151)> <Delay = 2.34> <CoreInst = "FAddSub_fulldsp">   --->   Core 18 'FAddSub_fulldsp' <Latency = 6> <II = 1> <Delay = 2.34> <FuncUnit> <Opcode : 'fadd' 'fsub'> <InPorts = 2> <OutPorts = 1>
ST_92 : Operation 707 [3/7] (2.34ns)   --->   "%sub7 = fsub i32 %current_height, i32 %neighbor_height" [flood_HLS_base.cpp:177]   --->   Operation 707 'fsub' 'sub7' <Predicate = (!icmp_ln109 & icmp_ln111 & and_ln148 & and_ln151 & !empty_70 & and_ln175_1)> <Delay = 2.34> <CoreInst = "FAddSub_fulldsp">   --->   Core 18 'FAddSub_fulldsp' <Latency = 6> <II = 1> <Delay = 2.34> <FuncUnit> <Opcode : 'fadd' 'fsub'> <InPorts = 2> <OutPorts = 1>
ST_92 : Operation 708 [4/7] (2.34ns)   --->   "%sub400_1 = fsub i32 %current_height, i32 %neighbor_height_2" [flood_HLS_base.cpp:177]   --->   Operation 708 'fsub' 'sub400_1' <Predicate = (!icmp_ln109 & icmp_ln111 & and_ln148 & and_ln151 & !empty_71 & and_ln175_3)> <Delay = 2.34> <CoreInst = "FAddSub_fulldsp">   --->   Core 18 'FAddSub_fulldsp' <Latency = 6> <II = 1> <Delay = 2.34> <FuncUnit> <Opcode : 'fadd' 'fsub'> <InPorts = 2> <OutPorts = 1>
ST_92 : Operation 709 [6/7] (2.34ns)   --->   "%sub400_2 = fsub i32 %current_height, i32 %neighbor_height_4" [flood_HLS_base.cpp:177]   --->   Operation 709 'fsub' 'sub400_2' <Predicate = (!icmp_ln109 & icmp_ln111 & and_ln148 & and_ln151 & !icmp_ln128 & and_ln175_5)> <Delay = 2.34> <CoreInst = "FAddSub_fulldsp">   --->   Core 18 'FAddSub_fulldsp' <Latency = 6> <II = 1> <Delay = 2.34> <FuncUnit> <Opcode : 'fadd' 'fsub'> <InPorts = 2> <OutPorts = 1>
ST_92 : Operation 710 [6/7] (2.34ns)   --->   "%sub400_3 = fsub i32 %current_height, i32 %neighbor_height_6" [flood_HLS_base.cpp:177]   --->   Operation 710 'fsub' 'sub400_3' <Predicate = (!icmp_ln109 & icmp_ln111 & and_ln148 & and_ln151 & !icmp_ln128_1 & and_ln175_7)> <Delay = 2.34> <CoreInst = "FAddSub_fulldsp">   --->   Core 18 'FAddSub_fulldsp' <Latency = 6> <II = 1> <Delay = 2.34> <FuncUnit> <Opcode : 'fadd' 'fsub'> <InPorts = 2> <OutPorts = 1>

State 93 <SV = 92> <Delay = 2.34>
ST_93 : Operation 711 [1/7] (2.34ns)   --->   "%sub6 = fsub i32 %current_height, i32 %neighbor_height_8" [flood_HLS_base.cpp:117]   --->   Operation 711 'fsub' 'sub6' <Predicate = (!icmp_ln109 & icmp_ln111 & and_ln148 & and_ln151)> <Delay = 2.34> <CoreInst = "FAddSub_fulldsp">   --->   Core 18 'FAddSub_fulldsp' <Latency = 6> <II = 1> <Delay = 2.34> <FuncUnit> <Opcode : 'fadd' 'fsub'> <InPorts = 2> <OutPorts = 1>
ST_93 : Operation 712 [2/7] (2.34ns)   --->   "%sub7 = fsub i32 %current_height, i32 %neighbor_height" [flood_HLS_base.cpp:177]   --->   Operation 712 'fsub' 'sub7' <Predicate = (!icmp_ln109 & icmp_ln111 & and_ln148 & and_ln151 & !empty_70 & and_ln175_1)> <Delay = 2.34> <CoreInst = "FAddSub_fulldsp">   --->   Core 18 'FAddSub_fulldsp' <Latency = 6> <II = 1> <Delay = 2.34> <FuncUnit> <Opcode : 'fadd' 'fsub'> <InPorts = 2> <OutPorts = 1>
ST_93 : Operation 713 [3/7] (2.34ns)   --->   "%sub400_1 = fsub i32 %current_height, i32 %neighbor_height_2" [flood_HLS_base.cpp:177]   --->   Operation 713 'fsub' 'sub400_1' <Predicate = (!icmp_ln109 & icmp_ln111 & and_ln148 & and_ln151 & !empty_71 & and_ln175_3)> <Delay = 2.34> <CoreInst = "FAddSub_fulldsp">   --->   Core 18 'FAddSub_fulldsp' <Latency = 6> <II = 1> <Delay = 2.34> <FuncUnit> <Opcode : 'fadd' 'fsub'> <InPorts = 2> <OutPorts = 1>
ST_93 : Operation 714 [5/7] (2.34ns)   --->   "%sub400_2 = fsub i32 %current_height, i32 %neighbor_height_4" [flood_HLS_base.cpp:177]   --->   Operation 714 'fsub' 'sub400_2' <Predicate = (!icmp_ln109 & icmp_ln111 & and_ln148 & and_ln151 & !icmp_ln128 & and_ln175_5)> <Delay = 2.34> <CoreInst = "FAddSub_fulldsp">   --->   Core 18 'FAddSub_fulldsp' <Latency = 6> <II = 1> <Delay = 2.34> <FuncUnit> <Opcode : 'fadd' 'fsub'> <InPorts = 2> <OutPorts = 1>
ST_93 : Operation 715 [5/7] (2.34ns)   --->   "%sub400_3 = fsub i32 %current_height, i32 %neighbor_height_6" [flood_HLS_base.cpp:177]   --->   Operation 715 'fsub' 'sub400_3' <Predicate = (!icmp_ln109 & icmp_ln111 & and_ln148 & and_ln151 & !icmp_ln128_1 & and_ln175_7)> <Delay = 2.34> <CoreInst = "FAddSub_fulldsp">   --->   Core 18 'FAddSub_fulldsp' <Latency = 6> <II = 1> <Delay = 2.34> <FuncUnit> <Opcode : 'fadd' 'fsub'> <InPorts = 2> <OutPorts = 1>

State 94 <SV = 93> <Delay = 2.34>
ST_94 : Operation 716 [4/4] (2.32ns)   --->   "%mul7 = fmul i32 %proportion, i32 %sub6" [flood_HLS_base.cpp:149]   --->   Operation 716 'fmul' 'mul7' <Predicate = (!icmp_ln109 & icmp_ln111 & and_ln148 & and_ln151)> <Delay = 2.32> <CoreInst = "FMul_maxdsp">   --->   Core 30 'FMul_maxdsp' <Latency = 3> <II = 1> <Delay = 2.32> <FuncUnit> <Opcode : 'fmul'> <InPorts = 2> <OutPorts = 1>
ST_94 : Operation 717 [1/7] (2.34ns)   --->   "%sub7 = fsub i32 %current_height, i32 %neighbor_height" [flood_HLS_base.cpp:177]   --->   Operation 717 'fsub' 'sub7' <Predicate = (!icmp_ln109 & icmp_ln111 & and_ln148 & and_ln151 & !empty_70 & and_ln175_1)> <Delay = 2.34> <CoreInst = "FAddSub_fulldsp">   --->   Core 18 'FAddSub_fulldsp' <Latency = 6> <II = 1> <Delay = 2.34> <FuncUnit> <Opcode : 'fadd' 'fsub'> <InPorts = 2> <OutPorts = 1>
ST_94 : Operation 718 [2/7] (2.34ns)   --->   "%sub400_1 = fsub i32 %current_height, i32 %neighbor_height_2" [flood_HLS_base.cpp:177]   --->   Operation 718 'fsub' 'sub400_1' <Predicate = (!icmp_ln109 & icmp_ln111 & and_ln148 & and_ln151 & !empty_71 & and_ln175_3)> <Delay = 2.34> <CoreInst = "FAddSub_fulldsp">   --->   Core 18 'FAddSub_fulldsp' <Latency = 6> <II = 1> <Delay = 2.34> <FuncUnit> <Opcode : 'fadd' 'fsub'> <InPorts = 2> <OutPorts = 1>
ST_94 : Operation 719 [4/7] (2.34ns)   --->   "%sub400_2 = fsub i32 %current_height, i32 %neighbor_height_4" [flood_HLS_base.cpp:177]   --->   Operation 719 'fsub' 'sub400_2' <Predicate = (!icmp_ln109 & icmp_ln111 & and_ln148 & and_ln151 & !icmp_ln128 & and_ln175_5)> <Delay = 2.34> <CoreInst = "FAddSub_fulldsp">   --->   Core 18 'FAddSub_fulldsp' <Latency = 6> <II = 1> <Delay = 2.34> <FuncUnit> <Opcode : 'fadd' 'fsub'> <InPorts = 2> <OutPorts = 1>
ST_94 : Operation 720 [4/7] (2.34ns)   --->   "%sub400_3 = fsub i32 %current_height, i32 %neighbor_height_6" [flood_HLS_base.cpp:177]   --->   Operation 720 'fsub' 'sub400_3' <Predicate = (!icmp_ln109 & icmp_ln111 & and_ln148 & and_ln151 & !icmp_ln128_1 & and_ln175_7)> <Delay = 2.34> <CoreInst = "FAddSub_fulldsp">   --->   Core 18 'FAddSub_fulldsp' <Latency = 6> <II = 1> <Delay = 2.34> <FuncUnit> <Opcode : 'fadd' 'fsub'> <InPorts = 2> <OutPorts = 1>

State 95 <SV = 94> <Delay = 2.34>
ST_95 : Operation 721 [3/4] (2.32ns)   --->   "%mul7 = fmul i32 %proportion, i32 %sub6" [flood_HLS_base.cpp:149]   --->   Operation 721 'fmul' 'mul7' <Predicate = (!icmp_ln109 & icmp_ln111 & and_ln148 & and_ln151)> <Delay = 2.32> <CoreInst = "FMul_maxdsp">   --->   Core 30 'FMul_maxdsp' <Latency = 3> <II = 1> <Delay = 2.32> <FuncUnit> <Opcode : 'fmul'> <InPorts = 2> <OutPorts = 1>
ST_95 : Operation 722 [4/4] (2.32ns)   --->   "%mul9 = fmul i32 %proportion, i32 %sub7" [flood_HLS_base.cpp:177]   --->   Operation 722 'fmul' 'mul9' <Predicate = (!icmp_ln109 & icmp_ln111 & and_ln148 & and_ln151 & !empty_70 & and_ln175_1)> <Delay = 2.32> <CoreInst = "FMul_maxdsp">   --->   Core 30 'FMul_maxdsp' <Latency = 3> <II = 1> <Delay = 2.32> <FuncUnit> <Opcode : 'fmul'> <InPorts = 2> <OutPorts = 1>
ST_95 : Operation 723 [1/7] (2.34ns)   --->   "%sub400_1 = fsub i32 %current_height, i32 %neighbor_height_2" [flood_HLS_base.cpp:177]   --->   Operation 723 'fsub' 'sub400_1' <Predicate = (!icmp_ln109 & icmp_ln111 & and_ln148 & and_ln151 & !empty_71 & and_ln175_3)> <Delay = 2.34> <CoreInst = "FAddSub_fulldsp">   --->   Core 18 'FAddSub_fulldsp' <Latency = 6> <II = 1> <Delay = 2.34> <FuncUnit> <Opcode : 'fadd' 'fsub'> <InPorts = 2> <OutPorts = 1>
ST_95 : Operation 724 [3/7] (2.34ns)   --->   "%sub400_2 = fsub i32 %current_height, i32 %neighbor_height_4" [flood_HLS_base.cpp:177]   --->   Operation 724 'fsub' 'sub400_2' <Predicate = (!icmp_ln109 & icmp_ln111 & and_ln148 & and_ln151 & !icmp_ln128 & and_ln175_5)> <Delay = 2.34> <CoreInst = "FAddSub_fulldsp">   --->   Core 18 'FAddSub_fulldsp' <Latency = 6> <II = 1> <Delay = 2.34> <FuncUnit> <Opcode : 'fadd' 'fsub'> <InPorts = 2> <OutPorts = 1>
ST_95 : Operation 725 [3/7] (2.34ns)   --->   "%sub400_3 = fsub i32 %current_height, i32 %neighbor_height_6" [flood_HLS_base.cpp:177]   --->   Operation 725 'fsub' 'sub400_3' <Predicate = (!icmp_ln109 & icmp_ln111 & and_ln148 & and_ln151 & !icmp_ln128_1 & and_ln175_7)> <Delay = 2.34> <CoreInst = "FAddSub_fulldsp">   --->   Core 18 'FAddSub_fulldsp' <Latency = 6> <II = 1> <Delay = 2.34> <FuncUnit> <Opcode : 'fadd' 'fsub'> <InPorts = 2> <OutPorts = 1>

State 96 <SV = 95> <Delay = 2.34>
ST_96 : Operation 726 [2/4] (2.32ns)   --->   "%mul7 = fmul i32 %proportion, i32 %sub6" [flood_HLS_base.cpp:149]   --->   Operation 726 'fmul' 'mul7' <Predicate = (!icmp_ln109 & icmp_ln111 & and_ln148 & and_ln151)> <Delay = 2.32> <CoreInst = "FMul_maxdsp">   --->   Core 30 'FMul_maxdsp' <Latency = 3> <II = 1> <Delay = 2.32> <FuncUnit> <Opcode : 'fmul'> <InPorts = 2> <OutPorts = 1>
ST_96 : Operation 727 [3/4] (2.32ns)   --->   "%mul9 = fmul i32 %proportion, i32 %sub7" [flood_HLS_base.cpp:177]   --->   Operation 727 'fmul' 'mul9' <Predicate = (!icmp_ln109 & icmp_ln111 & and_ln148 & and_ln151 & !empty_70 & and_ln175_1)> <Delay = 2.32> <CoreInst = "FMul_maxdsp">   --->   Core 30 'FMul_maxdsp' <Latency = 3> <II = 1> <Delay = 2.32> <FuncUnit> <Opcode : 'fmul'> <InPorts = 2> <OutPorts = 1>
ST_96 : Operation 728 [4/4] (2.32ns)   --->   "%mul401_1 = fmul i32 %proportion, i32 %sub400_1" [flood_HLS_base.cpp:177]   --->   Operation 728 'fmul' 'mul401_1' <Predicate = (!icmp_ln109 & icmp_ln111 & and_ln148 & and_ln151 & !empty_71 & and_ln175_3)> <Delay = 2.32> <CoreInst = "FMul_maxdsp">   --->   Core 30 'FMul_maxdsp' <Latency = 3> <II = 1> <Delay = 2.32> <FuncUnit> <Opcode : 'fmul'> <InPorts = 2> <OutPorts = 1>
ST_96 : Operation 729 [2/7] (2.34ns)   --->   "%sub400_2 = fsub i32 %current_height, i32 %neighbor_height_4" [flood_HLS_base.cpp:177]   --->   Operation 729 'fsub' 'sub400_2' <Predicate = (!icmp_ln109 & icmp_ln111 & and_ln148 & and_ln151 & !icmp_ln128 & and_ln175_5)> <Delay = 2.34> <CoreInst = "FAddSub_fulldsp">   --->   Core 18 'FAddSub_fulldsp' <Latency = 6> <II = 1> <Delay = 2.34> <FuncUnit> <Opcode : 'fadd' 'fsub'> <InPorts = 2> <OutPorts = 1>
ST_96 : Operation 730 [2/7] (2.34ns)   --->   "%sub400_3 = fsub i32 %current_height, i32 %neighbor_height_6" [flood_HLS_base.cpp:177]   --->   Operation 730 'fsub' 'sub400_3' <Predicate = (!icmp_ln109 & icmp_ln111 & and_ln148 & and_ln151 & !icmp_ln128_1 & and_ln175_7)> <Delay = 2.34> <CoreInst = "FAddSub_fulldsp">   --->   Core 18 'FAddSub_fulldsp' <Latency = 6> <II = 1> <Delay = 2.34> <FuncUnit> <Opcode : 'fadd' 'fsub'> <InPorts = 2> <OutPorts = 1>

State 97 <SV = 96> <Delay = 2.34>
ST_97 : Operation 731 [1/4] (2.32ns)   --->   "%mul7 = fmul i32 %proportion, i32 %sub6" [flood_HLS_base.cpp:149]   --->   Operation 731 'fmul' 'mul7' <Predicate = (!icmp_ln109 & icmp_ln111 & and_ln148 & and_ln151)> <Delay = 2.32> <CoreInst = "FMul_maxdsp">   --->   Core 30 'FMul_maxdsp' <Latency = 3> <II = 1> <Delay = 2.32> <FuncUnit> <Opcode : 'fmul'> <InPorts = 2> <OutPorts = 1>
ST_97 : Operation 732 [2/4] (2.32ns)   --->   "%mul9 = fmul i32 %proportion, i32 %sub7" [flood_HLS_base.cpp:177]   --->   Operation 732 'fmul' 'mul9' <Predicate = (!icmp_ln109 & icmp_ln111 & and_ln148 & and_ln151 & !empty_70 & and_ln175_1)> <Delay = 2.32> <CoreInst = "FMul_maxdsp">   --->   Core 30 'FMul_maxdsp' <Latency = 3> <II = 1> <Delay = 2.32> <FuncUnit> <Opcode : 'fmul'> <InPorts = 2> <OutPorts = 1>
ST_97 : Operation 733 [3/4] (2.32ns)   --->   "%mul401_1 = fmul i32 %proportion, i32 %sub400_1" [flood_HLS_base.cpp:177]   --->   Operation 733 'fmul' 'mul401_1' <Predicate = (!icmp_ln109 & icmp_ln111 & and_ln148 & and_ln151 & !empty_71 & and_ln175_3)> <Delay = 2.32> <CoreInst = "FMul_maxdsp">   --->   Core 30 'FMul_maxdsp' <Latency = 3> <II = 1> <Delay = 2.32> <FuncUnit> <Opcode : 'fmul'> <InPorts = 2> <OutPorts = 1>
ST_97 : Operation 734 [1/7] (2.34ns)   --->   "%sub400_2 = fsub i32 %current_height, i32 %neighbor_height_4" [flood_HLS_base.cpp:177]   --->   Operation 734 'fsub' 'sub400_2' <Predicate = (!icmp_ln109 & icmp_ln111 & and_ln148 & and_ln151 & !icmp_ln128 & and_ln175_5)> <Delay = 2.34> <CoreInst = "FAddSub_fulldsp">   --->   Core 18 'FAddSub_fulldsp' <Latency = 6> <II = 1> <Delay = 2.34> <FuncUnit> <Opcode : 'fadd' 'fsub'> <InPorts = 2> <OutPorts = 1>
ST_97 : Operation 735 [1/7] (2.34ns)   --->   "%sub400_3 = fsub i32 %current_height, i32 %neighbor_height_6" [flood_HLS_base.cpp:177]   --->   Operation 735 'fsub' 'sub400_3' <Predicate = (!icmp_ln109 & icmp_ln111 & and_ln148 & and_ln151 & !icmp_ln128_1 & and_ln175_7)> <Delay = 2.34> <CoreInst = "FAddSub_fulldsp">   --->   Core 18 'FAddSub_fulldsp' <Latency = 6> <II = 1> <Delay = 2.34> <FuncUnit> <Opcode : 'fadd' 'fsub'> <InPorts = 2> <OutPorts = 1>

State 98 <SV = 97> <Delay = 2.32>
ST_98 : Operation 736 [4/4] (2.32ns)   --->   "%div7 = fmul i32 %mul7, i32 0.5" [flood_HLS_base.cpp:149]   --->   Operation 736 'fmul' 'div7' <Predicate = (!icmp_ln109 & icmp_ln111 & and_ln148 & and_ln151)> <Delay = 2.32> <CoreInst = "FMul_maxdsp">   --->   Core 30 'FMul_maxdsp' <Latency = 3> <II = 1> <Delay = 2.32> <FuncUnit> <Opcode : 'fmul'> <InPorts = 2> <OutPorts = 1>
ST_98 : Operation 737 [1/4] (2.32ns)   --->   "%mul9 = fmul i32 %proportion, i32 %sub7" [flood_HLS_base.cpp:177]   --->   Operation 737 'fmul' 'mul9' <Predicate = (!icmp_ln109 & icmp_ln111 & and_ln148 & and_ln151 & !empty_70 & and_ln175_1)> <Delay = 2.32> <CoreInst = "FMul_maxdsp">   --->   Core 30 'FMul_maxdsp' <Latency = 3> <II = 1> <Delay = 2.32> <FuncUnit> <Opcode : 'fmul'> <InPorts = 2> <OutPorts = 1>
ST_98 : Operation 738 [2/4] (2.32ns)   --->   "%mul401_1 = fmul i32 %proportion, i32 %sub400_1" [flood_HLS_base.cpp:177]   --->   Operation 738 'fmul' 'mul401_1' <Predicate = (!icmp_ln109 & icmp_ln111 & and_ln148 & and_ln151 & !empty_71 & and_ln175_3)> <Delay = 2.32> <CoreInst = "FMul_maxdsp">   --->   Core 30 'FMul_maxdsp' <Latency = 3> <II = 1> <Delay = 2.32> <FuncUnit> <Opcode : 'fmul'> <InPorts = 2> <OutPorts = 1>
ST_98 : Operation 739 [4/4] (2.32ns)   --->   "%mul401_2 = fmul i32 %proportion, i32 %sub400_2" [flood_HLS_base.cpp:177]   --->   Operation 739 'fmul' 'mul401_2' <Predicate = (!icmp_ln109 & icmp_ln111 & and_ln148 & and_ln151 & !icmp_ln128 & and_ln175_5)> <Delay = 2.32> <CoreInst = "FMul_maxdsp">   --->   Core 30 'FMul_maxdsp' <Latency = 3> <II = 1> <Delay = 2.32> <FuncUnit> <Opcode : 'fmul'> <InPorts = 2> <OutPorts = 1>

State 99 <SV = 98> <Delay = 2.32>
ST_99 : Operation 740 [3/4] (2.32ns)   --->   "%div7 = fmul i32 %mul7, i32 0.5" [flood_HLS_base.cpp:149]   --->   Operation 740 'fmul' 'div7' <Predicate = (!icmp_ln109 & icmp_ln111 & and_ln148 & and_ln151)> <Delay = 2.32> <CoreInst = "FMul_maxdsp">   --->   Core 30 'FMul_maxdsp' <Latency = 3> <II = 1> <Delay = 2.32> <FuncUnit> <Opcode : 'fmul'> <InPorts = 2> <OutPorts = 1>
ST_99 : Operation 741 [1/1] (1.64ns)   --->   "%store_ln177 = store i32 %mul9, i12 %spillage_from_neigh_addr" [flood_HLS_base.cpp:177]   --->   Operation 741 'store' 'store_ln177' <Predicate = (!icmp_ln109 & icmp_ln111 & and_ln148 & and_ln151 & !empty_70 & and_ln175_1)> <Delay = 1.64> <CoreInst = "RAM">   --->   Core 82 'RAM' <Latency = 1> <II = 1> <Delay = 1.64> <Storage> <Opcode : 'load' 'store'> <Ports = 2> <Width = 32> <Depth = 2500> <RAM>
ST_99 : Operation 742 [1/1] (0.00ns)   --->   "%br_ln179 = br void %if.end408" [flood_HLS_base.cpp:179]   --->   Operation 742 'br' 'br_ln179' <Predicate = (!icmp_ln109 & icmp_ln111 & and_ln148 & and_ln151 & !empty_70 & and_ln175_1)> <Delay = 0.00>
ST_99 : Operation 743 [1/4] (2.32ns)   --->   "%mul401_1 = fmul i32 %proportion, i32 %sub400_1" [flood_HLS_base.cpp:177]   --->   Operation 743 'fmul' 'mul401_1' <Predicate = (!icmp_ln109 & icmp_ln111 & and_ln148 & and_ln151 & !empty_71 & and_ln175_3)> <Delay = 2.32> <CoreInst = "FMul_maxdsp">   --->   Core 30 'FMul_maxdsp' <Latency = 3> <II = 1> <Delay = 2.32> <FuncUnit> <Opcode : 'fmul'> <InPorts = 2> <OutPorts = 1>
ST_99 : Operation 744 [3/4] (2.32ns)   --->   "%mul401_2 = fmul i32 %proportion, i32 %sub400_2" [flood_HLS_base.cpp:177]   --->   Operation 744 'fmul' 'mul401_2' <Predicate = (!icmp_ln109 & icmp_ln111 & and_ln148 & and_ln151 & !icmp_ln128 & and_ln175_5)> <Delay = 2.32> <CoreInst = "FMul_maxdsp">   --->   Core 30 'FMul_maxdsp' <Latency = 3> <II = 1> <Delay = 2.32> <FuncUnit> <Opcode : 'fmul'> <InPorts = 2> <OutPorts = 1>
ST_99 : Operation 745 [4/4] (2.32ns)   --->   "%mul401_3 = fmul i32 %proportion, i32 %sub400_3" [flood_HLS_base.cpp:177]   --->   Operation 745 'fmul' 'mul401_3' <Predicate = (!icmp_ln109 & icmp_ln111 & and_ln148 & and_ln151 & !icmp_ln128_1 & and_ln175_7)> <Delay = 2.32> <CoreInst = "FMul_maxdsp">   --->   Core 30 'FMul_maxdsp' <Latency = 3> <II = 1> <Delay = 2.32> <FuncUnit> <Opcode : 'fmul'> <InPorts = 2> <OutPorts = 1>

State 100 <SV = 99> <Delay = 2.32>
ST_100 : Operation 746 [2/4] (2.32ns)   --->   "%div7 = fmul i32 %mul7, i32 0.5" [flood_HLS_base.cpp:149]   --->   Operation 746 'fmul' 'div7' <Predicate = (!icmp_ln109 & icmp_ln111 & and_ln148 & and_ln151)> <Delay = 2.32> <CoreInst = "FMul_maxdsp">   --->   Core 30 'FMul_maxdsp' <Latency = 3> <II = 1> <Delay = 2.32> <FuncUnit> <Opcode : 'fmul'> <InPorts = 2> <OutPorts = 1>
ST_100 : Operation 747 [1/1] (1.64ns)   --->   "%store_ln177 = store i32 %mul401_1, i12 %spillage_from_neigh_1_addr" [flood_HLS_base.cpp:177]   --->   Operation 747 'store' 'store_ln177' <Predicate = (!icmp_ln109 & icmp_ln111 & and_ln148 & and_ln151 & !empty_71 & and_ln175_3)> <Delay = 1.64> <CoreInst = "RAM">   --->   Core 82 'RAM' <Latency = 1> <II = 1> <Delay = 1.64> <Storage> <Opcode : 'load' 'store'> <Ports = 2> <Width = 32> <Depth = 2500> <RAM>
ST_100 : Operation 748 [1/1] (0.00ns)   --->   "%br_ln179 = br void %if.end408.1" [flood_HLS_base.cpp:179]   --->   Operation 748 'br' 'br_ln179' <Predicate = (!icmp_ln109 & icmp_ln111 & and_ln148 & and_ln151 & !empty_71 & and_ln175_3)> <Delay = 0.00>
ST_100 : Operation 749 [2/4] (2.32ns)   --->   "%mul401_2 = fmul i32 %proportion, i32 %sub400_2" [flood_HLS_base.cpp:177]   --->   Operation 749 'fmul' 'mul401_2' <Predicate = (!icmp_ln109 & icmp_ln111 & and_ln148 & and_ln151 & !icmp_ln128 & and_ln175_5)> <Delay = 2.32> <CoreInst = "FMul_maxdsp">   --->   Core 30 'FMul_maxdsp' <Latency = 3> <II = 1> <Delay = 2.32> <FuncUnit> <Opcode : 'fmul'> <InPorts = 2> <OutPorts = 1>
ST_100 : Operation 750 [3/4] (2.32ns)   --->   "%mul401_3 = fmul i32 %proportion, i32 %sub400_3" [flood_HLS_base.cpp:177]   --->   Operation 750 'fmul' 'mul401_3' <Predicate = (!icmp_ln109 & icmp_ln111 & and_ln148 & and_ln151 & !icmp_ln128_1 & and_ln175_7)> <Delay = 2.32> <CoreInst = "FMul_maxdsp">   --->   Core 30 'FMul_maxdsp' <Latency = 3> <II = 1> <Delay = 2.32> <FuncUnit> <Opcode : 'fmul'> <InPorts = 2> <OutPorts = 1>

State 101 <SV = 100> <Delay = 2.32>
ST_101 : Operation 751 [1/4] (2.32ns)   --->   "%div7 = fmul i32 %mul7, i32 0.5" [flood_HLS_base.cpp:149]   --->   Operation 751 'fmul' 'div7' <Predicate = (!icmp_ln109 & icmp_ln111 & and_ln148 & and_ln151)> <Delay = 2.32> <CoreInst = "FMul_maxdsp">   --->   Core 30 'FMul_maxdsp' <Latency = 3> <II = 1> <Delay = 2.32> <FuncUnit> <Opcode : 'fmul'> <InPorts = 2> <OutPorts = 1>
ST_101 : Operation 752 [1/4] (2.32ns)   --->   "%mul401_2 = fmul i32 %proportion, i32 %sub400_2" [flood_HLS_base.cpp:177]   --->   Operation 752 'fmul' 'mul401_2' <Predicate = (!icmp_ln109 & icmp_ln111 & and_ln148 & and_ln151 & !icmp_ln128 & and_ln175_5)> <Delay = 2.32> <CoreInst = "FMul_maxdsp">   --->   Core 30 'FMul_maxdsp' <Latency = 3> <II = 1> <Delay = 2.32> <FuncUnit> <Opcode : 'fmul'> <InPorts = 2> <OutPorts = 1>
ST_101 : Operation 753 [2/4] (2.32ns)   --->   "%mul401_3 = fmul i32 %proportion, i32 %sub400_3" [flood_HLS_base.cpp:177]   --->   Operation 753 'fmul' 'mul401_3' <Predicate = (!icmp_ln109 & icmp_ln111 & and_ln148 & and_ln151 & !icmp_ln128_1 & and_ln175_7)> <Delay = 2.32> <CoreInst = "FMul_maxdsp">   --->   Core 30 'FMul_maxdsp' <Latency = 3> <II = 1> <Delay = 2.32> <FuncUnit> <Opcode : 'fmul'> <InPorts = 2> <OutPorts = 1>

State 102 <SV = 101> <Delay = 2.32>
ST_102 : Operation 754 [4/4] (2.32ns)   --->   "%mul8 = fmul i32 %div7, i32 1e+06" [flood_HLS_base.cpp:149]   --->   Operation 754 'fmul' 'mul8' <Predicate = (!icmp_ln109 & icmp_ln111 & and_ln148 & and_ln151)> <Delay = 2.32> <CoreInst = "FMul_maxdsp">   --->   Core 30 'FMul_maxdsp' <Latency = 3> <II = 1> <Delay = 2.32> <FuncUnit> <Opcode : 'fmul'> <InPorts = 2> <OutPorts = 1>
ST_102 : Operation 755 [1/1] (1.64ns)   --->   "%store_ln177 = store i32 %mul401_2, i12 %spillage_from_neigh_2_addr" [flood_HLS_base.cpp:177]   --->   Operation 755 'store' 'store_ln177' <Predicate = (!icmp_ln109 & icmp_ln111 & and_ln148 & and_ln151 & !icmp_ln128 & and_ln175_5)> <Delay = 1.64> <CoreInst = "RAM">   --->   Core 82 'RAM' <Latency = 1> <II = 1> <Delay = 1.64> <Storage> <Opcode : 'load' 'store'> <Ports = 2> <Width = 32> <Depth = 2500> <RAM>
ST_102 : Operation 756 [1/1] (0.00ns)   --->   "%br_ln179 = br void %if.end408.2" [flood_HLS_base.cpp:179]   --->   Operation 756 'br' 'br_ln179' <Predicate = (!icmp_ln109 & icmp_ln111 & and_ln148 & and_ln151 & !icmp_ln128 & and_ln175_5)> <Delay = 0.00>
ST_102 : Operation 757 [1/4] (2.32ns)   --->   "%mul401_3 = fmul i32 %proportion, i32 %sub400_3" [flood_HLS_base.cpp:177]   --->   Operation 757 'fmul' 'mul401_3' <Predicate = (!icmp_ln109 & icmp_ln111 & and_ln148 & and_ln151 & !icmp_ln128_1 & and_ln175_7)> <Delay = 2.32> <CoreInst = "FMul_maxdsp">   --->   Core 30 'FMul_maxdsp' <Latency = 3> <II = 1> <Delay = 2.32> <FuncUnit> <Opcode : 'fmul'> <InPorts = 2> <OutPorts = 1>

State 103 <SV = 102> <Delay = 2.32>
ST_103 : Operation 758 [3/4] (2.32ns)   --->   "%mul8 = fmul i32 %div7, i32 1e+06" [flood_HLS_base.cpp:149]   --->   Operation 758 'fmul' 'mul8' <Predicate = (!icmp_ln109 & icmp_ln111 & and_ln148 & and_ln151)> <Delay = 2.32> <CoreInst = "FMul_maxdsp">   --->   Core 30 'FMul_maxdsp' <Latency = 3> <II = 1> <Delay = 2.32> <FuncUnit> <Opcode : 'fmul'> <InPorts = 2> <OutPorts = 1>
ST_103 : Operation 759 [1/1] (1.64ns)   --->   "%store_ln177 = store i32 %mul401_3, i12 %spillage_from_neigh_3_addr" [flood_HLS_base.cpp:177]   --->   Operation 759 'store' 'store_ln177' <Predicate = (!icmp_ln109 & icmp_ln111 & and_ln148 & and_ln151 & !icmp_ln128_1 & and_ln175_7)> <Delay = 1.64> <CoreInst = "RAM">   --->   Core 82 'RAM' <Latency = 1> <II = 1> <Delay = 1.64> <Storage> <Opcode : 'load' 'store'> <Ports = 2> <Width = 32> <Depth = 2500> <RAM>
ST_103 : Operation 760 [1/1] (0.00ns)   --->   "%br_ln179 = br void %if.end408.3" [flood_HLS_base.cpp:179]   --->   Operation 760 'br' 'br_ln179' <Predicate = (!icmp_ln109 & icmp_ln111 & and_ln148 & and_ln151 & !icmp_ln128_1 & and_ln175_7)> <Delay = 0.00>

State 104 <SV = 103> <Delay = 2.32>
ST_104 : Operation 761 [2/4] (2.32ns)   --->   "%mul8 = fmul i32 %div7, i32 1e+06" [flood_HLS_base.cpp:149]   --->   Operation 761 'fmul' 'mul8' <Predicate = (!icmp_ln109 & icmp_ln111 & and_ln148 & and_ln151)> <Delay = 2.32> <CoreInst = "FMul_maxdsp">   --->   Core 30 'FMul_maxdsp' <Latency = 3> <II = 1> <Delay = 2.32> <FuncUnit> <Opcode : 'fmul'> <InPorts = 2> <OutPorts = 1>

State 105 <SV = 104> <Delay = 2.32>
ST_105 : Operation 762 [1/4] (2.32ns)   --->   "%mul8 = fmul i32 %div7, i32 1e+06" [flood_HLS_base.cpp:149]   --->   Operation 762 'fmul' 'mul8' <Predicate = (!icmp_ln109 & icmp_ln111 & and_ln148 & and_ln151)> <Delay = 2.32> <CoreInst = "FMul_maxdsp">   --->   Core 30 'FMul_maxdsp' <Latency = 3> <II = 1> <Delay = 2.32> <FuncUnit> <Opcode : 'fmul'> <InPorts = 2> <OutPorts = 1>

State 106 <SV = 105> <Delay = 2.28>
ST_106 : Operation 763 [2/2] (2.28ns)   --->   "%tmp_20 = call i32 @__hls_fptosi_float_i32, i32 %mul8" [flood_HLS_base.cpp:169]   --->   Operation 763 'call' 'tmp_20' <Predicate = (!icmp_ln109 & icmp_ln111 & and_ln148 & and_ln151 & empty_70 & empty_78)> <Delay = 2.28> <CoreType = "Generic">   --->   Core 0 '' <Latency = 0> <II = 1> <Delay = 1.00> <Generic> <Opcode : >
ST_106 : Operation 764 [2/2] (2.28ns)   --->   "%tmp_21 = call i32 @__hls_fptosi_float_i32, i32 %mul8" [flood_HLS_base.cpp:169]   --->   Operation 764 'call' 'tmp_21' <Predicate = (!icmp_ln109 & icmp_ln111 & and_ln148 & and_ln151 & empty_78 & empty_71)> <Delay = 2.28> <CoreType = "Generic">   --->   Core 0 '' <Latency = 0> <II = 1> <Delay = 1.00> <Generic> <Opcode : >

State 107 <SV = 106> <Delay = 2.28>
ST_107 : Operation 765 [1/1] (0.00ns)   --->   "%p_load = load i416 %empty_69" [flood_HLS_base.cpp:168]   --->   Operation 765 'load' 'p_load' <Predicate = true> <Delay = 0.00>
ST_107 : Operation 766 [1/1] (0.38ns)   --->   "%br_ln0 = br void %for.inc410"   --->   Operation 766 'br' 'br_ln0' <Predicate = (!icmp_ln109 & icmp_ln111 & and_ln148 & and_ln151 & !empty_70)> <Delay = 0.38>
ST_107 : Operation 767 [1/1] (0.38ns)   --->   "%br_ln167 = br i1 %empty_78, void %for.inc410, void %if.then375" [flood_HLS_base.cpp:167]   --->   Operation 767 'br' 'br_ln167' <Predicate = (!icmp_ln109 & icmp_ln111 & and_ln148 & and_ln151 & empty_70)> <Delay = 0.38>
ST_107 : Operation 768 [1/2] (1.10ns)   --->   "%tmp_20 = call i32 @__hls_fptosi_float_i32, i32 %mul8" [flood_HLS_base.cpp:169]   --->   Operation 768 'call' 'tmp_20' <Predicate = (!icmp_ln109 & icmp_ln111 & and_ln148 & and_ln151 & empty_70 & empty_78)> <Delay = 1.10> <CoreType = "Generic">   --->   Core 0 '' <Latency = 0> <II = 1> <Delay = 1.00> <Generic> <Opcode : >
ST_107 : Operation 769 [1/1] (0.00ns)   --->   "%sext_ln169 = sext i32 %tmp_20" [flood_HLS_base.cpp:169]   --->   Operation 769 'sext' 'sext_ln169' <Predicate = (!icmp_ln109 & icmp_ln111 & and_ln148 & and_ln151 & empty_70 & empty_78)> <Delay = 0.00>
ST_107 : Operation 770 [1/1] (0.00ns)   --->   "%trunc_ln = partselect i64 @_ssdm_op_PartSelect.i64.i416.i32.i32, i416 %p_load, i32 288, i32 351" [flood_HLS_base.cpp:168]   --->   Operation 770 'partselect' 'trunc_ln' <Predicate = (!icmp_ln109 & icmp_ln111 & and_ln148 & and_ln151 & empty_70 & empty_78)> <Delay = 0.00>
ST_107 : Operation 771 [1/1] (1.14ns)   --->   "%add_ln168 = add i64 %trunc_ln, i64 %sext_ln169" [flood_HLS_base.cpp:168]   --->   Operation 771 'add' 'add_ln168' <Predicate = (!icmp_ln109 & icmp_ln111 & and_ln148 & and_ln151 & empty_70 & empty_78)> <Delay = 1.14> <CoreInst = "Adder">   --->   Core 1 'Adder' <Latency = 0> <II = 1> <Delay = 1.14> <FuncUnit> <Opcode : 'add' 'sub'> <InPorts = 2> <OutPorts = 1>
ST_107 : Operation 772 [1/1] (0.00ns)   --->   "%tmp_67 = partselect i64 @_ssdm_op_PartSelect.i64.i416.i32.i32, i416 %p_load, i32 352, i32 415" [flood_HLS_base.cpp:168]   --->   Operation 772 'partselect' 'tmp_67' <Predicate = (!icmp_ln109 & icmp_ln111 & and_ln148 & and_ln151 & empty_70 & empty_78)> <Delay = 0.00>
ST_107 : Operation 773 [1/1] (0.00ns)   --->   "%trunc_ln168 = trunc i416 %p_load" [flood_HLS_base.cpp:168]   --->   Operation 773 'trunc' 'trunc_ln168' <Predicate = (!icmp_ln109 & icmp_ln111 & and_ln148 & and_ln151 & empty_70 & empty_78)> <Delay = 0.00>
ST_107 : Operation 774 [1/1] (0.00ns)   --->   "%or_ln2 = bitconcatenate i416 @_ssdm_op_BitConcatenate.i416.i64.i64.i288, i64 %tmp_67, i64 %add_ln168, i288 %trunc_ln168" [flood_HLS_base.cpp:168]   --->   Operation 774 'bitconcatenate' 'or_ln2' <Predicate = (!icmp_ln109 & icmp_ln111 & and_ln148 & and_ln151 & empty_70 & empty_78)> <Delay = 0.00>
ST_107 : Operation 775 [1/1] (0.38ns)   --->   "%br_ln170 = br void %for.inc410" [flood_HLS_base.cpp:170]   --->   Operation 775 'br' 'br_ln170' <Predicate = (!icmp_ln109 & icmp_ln111 & and_ln148 & and_ln151 & empty_70 & empty_78)> <Delay = 0.38>
ST_107 : Operation 776 [1/2] (1.10ns)   --->   "%tmp_21 = call i32 @__hls_fptosi_float_i32, i32 %mul8" [flood_HLS_base.cpp:169]   --->   Operation 776 'call' 'tmp_21' <Predicate = (!icmp_ln109 & icmp_ln111 & and_ln148 & and_ln151 & empty_78 & empty_71)> <Delay = 1.10> <CoreType = "Generic">   --->   Core 0 '' <Latency = 0> <II = 1> <Delay = 1.00> <Generic> <Opcode : >
ST_107 : Operation 777 [2/2] (2.28ns)   --->   "%tmp_22 = call i32 @__hls_fptosi_float_i32, i32 %mul8" [flood_HLS_base.cpp:169]   --->   Operation 777 'call' 'tmp_22' <Predicate = (!icmp_ln109 & icmp_ln111 & and_ln148 & and_ln151 & empty_78 & icmp_ln128)> <Delay = 2.28> <CoreType = "Generic">   --->   Core 0 '' <Latency = 0> <II = 1> <Delay = 1.00> <Generic> <Opcode : >
ST_107 : Operation 778 [2/2] (2.28ns)   --->   "%tmp_23 = call i32 @__hls_fptosi_float_i32, i32 %mul8" [flood_HLS_base.cpp:169]   --->   Operation 778 'call' 'tmp_23' <Predicate = (!icmp_ln109 & icmp_ln111 & and_ln148 & and_ln151 & empty_78 & icmp_ln128_1)> <Delay = 2.28> <CoreType = "Generic">   --->   Core 0 '' <Latency = 0> <II = 1> <Delay = 1.00> <Generic> <Opcode : >
ST_107 : Operation 815 [1/1] (0.00ns)   --->   "%write_ln168 = write void @_ssdm_op_Write.ap_auto.i416P0A, i416 %p_out, i416 %p_load" [flood_HLS_base.cpp:168]   --->   Operation 815 'write' 'write_ln168' <Predicate = (icmp_ln109)> <Delay = 0.00>
ST_107 : Operation 816 [1/1] (0.38ns)   --->   "%ret_ln0 = ret"   --->   Operation 816 'ret' 'ret_ln0' <Predicate = (icmp_ln109)> <Delay = 0.38>

State 108 <SV = 107> <Delay = 2.68>
ST_108 : Operation 779 [1/1] (0.00ns)   --->   "%empty_74 = phi i416 %p_load, void %if.end408, i416 %or_ln2, void %if.then375, i416 %p_load, void %if.then368" [flood_HLS_base.cpp:168]   --->   Operation 779 'phi' 'empty_74' <Predicate = (!icmp_ln109 & icmp_ln111 & and_ln148 & and_ln151)> <Delay = 0.00>
ST_108 : Operation 780 [1/1] (0.38ns)   --->   "%br_ln0 = br void %for.inc410.1"   --->   Operation 780 'br' 'br_ln0' <Predicate = (!icmp_ln109 & icmp_ln111 & and_ln148 & and_ln151 & !empty_71)> <Delay = 0.38>
ST_108 : Operation 781 [1/1] (0.38ns)   --->   "%br_ln167 = br i1 %empty_78, void %for.inc410.1, void %if.then375.1" [flood_HLS_base.cpp:167]   --->   Operation 781 'br' 'br_ln167' <Predicate = (!icmp_ln109 & icmp_ln111 & and_ln148 & and_ln151 & empty_71)> <Delay = 0.38>
ST_108 : Operation 782 [1/1] (0.00ns)   --->   "%sext_ln169_1 = sext i32 %tmp_21" [flood_HLS_base.cpp:169]   --->   Operation 782 'sext' 'sext_ln169_1' <Predicate = (!icmp_ln109 & icmp_ln111 & and_ln148 & and_ln151 & empty_78 & empty_71)> <Delay = 0.00>
ST_108 : Operation 783 [1/1] (0.00ns)   --->   "%trunc_ln168_1 = partselect i64 @_ssdm_op_PartSelect.i64.i416.i32.i32, i416 %empty_74, i32 288, i32 351" [flood_HLS_base.cpp:168]   --->   Operation 783 'partselect' 'trunc_ln168_1' <Predicate = (!icmp_ln109 & icmp_ln111 & and_ln148 & and_ln151 & empty_78 & empty_71)> <Delay = 0.00>
ST_108 : Operation 784 [1/1] (1.14ns)   --->   "%add_ln168_1 = add i64 %trunc_ln168_1, i64 %sext_ln169_1" [flood_HLS_base.cpp:168]   --->   Operation 784 'add' 'add_ln168_1' <Predicate = (!icmp_ln109 & icmp_ln111 & and_ln148 & and_ln151 & empty_78 & empty_71)> <Delay = 1.14> <CoreInst = "Adder">   --->   Core 1 'Adder' <Latency = 0> <II = 1> <Delay = 1.14> <FuncUnit> <Opcode : 'add' 'sub'> <InPorts = 2> <OutPorts = 1>
ST_108 : Operation 785 [1/1] (0.00ns)   --->   "%tmp_70 = partselect i64 @_ssdm_op_PartSelect.i64.i416.i32.i32, i416 %empty_74, i32 352, i32 415" [flood_HLS_base.cpp:168]   --->   Operation 785 'partselect' 'tmp_70' <Predicate = (!icmp_ln109 & icmp_ln111 & and_ln148 & and_ln151 & empty_78 & empty_71)> <Delay = 0.00>
ST_108 : Operation 786 [1/1] (0.00ns)   --->   "%trunc_ln168_4 = trunc i416 %empty_74" [flood_HLS_base.cpp:168]   --->   Operation 786 'trunc' 'trunc_ln168_4' <Predicate = (!icmp_ln109 & icmp_ln111 & and_ln148 & and_ln151 & empty_78 & empty_71)> <Delay = 0.00>
ST_108 : Operation 787 [1/1] (0.00ns)   --->   "%or_ln168_1 = bitconcatenate i416 @_ssdm_op_BitConcatenate.i416.i64.i64.i288, i64 %tmp_70, i64 %add_ln168_1, i288 %trunc_ln168_4" [flood_HLS_base.cpp:168]   --->   Operation 787 'bitconcatenate' 'or_ln168_1' <Predicate = (!icmp_ln109 & icmp_ln111 & and_ln148 & and_ln151 & empty_78 & empty_71)> <Delay = 0.00>
ST_108 : Operation 788 [1/1] (0.38ns)   --->   "%br_ln170 = br void %for.inc410.1" [flood_HLS_base.cpp:170]   --->   Operation 788 'br' 'br_ln170' <Predicate = (!icmp_ln109 & icmp_ln111 & and_ln148 & and_ln151 & empty_78 & empty_71)> <Delay = 0.38>
ST_108 : Operation 789 [1/1] (0.00ns)   --->   "%empty_73 = phi i416 %empty_74, void %if.end408.1, i416 %or_ln168_1, void %if.then375.1, i416 %empty_74, void %if.then368.1" [flood_HLS_base.cpp:168]   --->   Operation 789 'phi' 'empty_73' <Predicate = (!icmp_ln109 & icmp_ln111 & and_ln148 & and_ln151)> <Delay = 0.00>
ST_108 : Operation 790 [1/1] (0.00ns)   --->   "%br_ln163 = br i1 %icmp_ln128, void %if.else384.2, void %if.then368.2" [flood_HLS_base.cpp:163]   --->   Operation 790 'br' 'br_ln163' <Predicate = (!icmp_ln109 & icmp_ln111 & and_ln148 & and_ln151)> <Delay = 0.00>
ST_108 : Operation 791 [1/1] (0.38ns)   --->   "%br_ln0 = br void %for.inc410.2"   --->   Operation 791 'br' 'br_ln0' <Predicate = (!icmp_ln109 & icmp_ln111 & and_ln148 & and_ln151 & !icmp_ln128)> <Delay = 0.38>
ST_108 : Operation 792 [1/1] (0.38ns)   --->   "%br_ln167 = br i1 %empty_78, void %for.inc410.2, void %if.then375.2" [flood_HLS_base.cpp:167]   --->   Operation 792 'br' 'br_ln167' <Predicate = (!icmp_ln109 & icmp_ln111 & and_ln148 & and_ln151 & icmp_ln128)> <Delay = 0.38>
ST_108 : Operation 793 [1/2] (1.10ns)   --->   "%tmp_22 = call i32 @__hls_fptosi_float_i32, i32 %mul8" [flood_HLS_base.cpp:169]   --->   Operation 793 'call' 'tmp_22' <Predicate = (!icmp_ln109 & icmp_ln111 & and_ln148 & and_ln151 & empty_78 & icmp_ln128)> <Delay = 1.10> <CoreType = "Generic">   --->   Core 0 '' <Latency = 0> <II = 1> <Delay = 1.00> <Generic> <Opcode : >
ST_108 : Operation 794 [1/1] (0.00ns)   --->   "%sext_ln169_2 = sext i32 %tmp_22" [flood_HLS_base.cpp:169]   --->   Operation 794 'sext' 'sext_ln169_2' <Predicate = (!icmp_ln109 & icmp_ln111 & and_ln148 & and_ln151 & empty_78 & icmp_ln128)> <Delay = 0.00>
ST_108 : Operation 795 [1/1] (0.00ns)   --->   "%trunc_ln168_2 = partselect i64 @_ssdm_op_PartSelect.i64.i416.i32.i32, i416 %empty_73, i32 288, i32 351" [flood_HLS_base.cpp:168]   --->   Operation 795 'partselect' 'trunc_ln168_2' <Predicate = (!icmp_ln109 & icmp_ln111 & and_ln148 & and_ln151 & empty_78 & icmp_ln128)> <Delay = 0.00>
ST_108 : Operation 796 [1/1] (1.14ns)   --->   "%add_ln168_2 = add i64 %trunc_ln168_2, i64 %sext_ln169_2" [flood_HLS_base.cpp:168]   --->   Operation 796 'add' 'add_ln168_2' <Predicate = (!icmp_ln109 & icmp_ln111 & and_ln148 & and_ln151 & empty_78 & icmp_ln128)> <Delay = 1.14> <CoreInst = "Adder">   --->   Core 1 'Adder' <Latency = 0> <II = 1> <Delay = 1.14> <FuncUnit> <Opcode : 'add' 'sub'> <InPorts = 2> <OutPorts = 1>
ST_108 : Operation 797 [1/2] (1.10ns)   --->   "%tmp_23 = call i32 @__hls_fptosi_float_i32, i32 %mul8" [flood_HLS_base.cpp:169]   --->   Operation 797 'call' 'tmp_23' <Predicate = (!icmp_ln109 & icmp_ln111 & and_ln148 & and_ln151 & empty_78 & icmp_ln128_1)> <Delay = 1.10> <CoreType = "Generic">   --->   Core 0 '' <Latency = 0> <II = 1> <Delay = 1.00> <Generic> <Opcode : >

State 109 <SV = 108> <Delay = 1.95>
ST_109 : Operation 798 [1/1] (0.00ns)   --->   "%tmp_73 = partselect i64 @_ssdm_op_PartSelect.i64.i416.i32.i32, i416 %empty_73, i32 352, i32 415" [flood_HLS_base.cpp:168]   --->   Operation 798 'partselect' 'tmp_73' <Predicate = (!icmp_ln109 & icmp_ln111 & and_ln148 & and_ln151 & empty_78 & icmp_ln128)> <Delay = 0.00>
ST_109 : Operation 799 [1/1] (0.00ns)   --->   "%trunc_ln168_5 = trunc i416 %empty_73" [flood_HLS_base.cpp:168]   --->   Operation 799 'trunc' 'trunc_ln168_5' <Predicate = (!icmp_ln109 & icmp_ln111 & and_ln148 & and_ln151 & empty_78 & icmp_ln128)> <Delay = 0.00>
ST_109 : Operation 800 [1/1] (0.00ns)   --->   "%or_ln168_2 = bitconcatenate i416 @_ssdm_op_BitConcatenate.i416.i64.i64.i288, i64 %tmp_73, i64 %add_ln168_2, i288 %trunc_ln168_5" [flood_HLS_base.cpp:168]   --->   Operation 800 'bitconcatenate' 'or_ln168_2' <Predicate = (!icmp_ln109 & icmp_ln111 & and_ln148 & and_ln151 & empty_78 & icmp_ln128)> <Delay = 0.00>
ST_109 : Operation 801 [1/1] (0.38ns)   --->   "%br_ln170 = br void %for.inc410.2" [flood_HLS_base.cpp:170]   --->   Operation 801 'br' 'br_ln170' <Predicate = (!icmp_ln109 & icmp_ln111 & and_ln148 & and_ln151 & empty_78 & icmp_ln128)> <Delay = 0.38>
ST_109 : Operation 802 [1/1] (0.00ns)   --->   "%empty_72 = phi i416 %empty_73, void %if.end408.2, i416 %or_ln168_2, void %if.then375.2, i416 %empty_73, void %if.then368.2" [flood_HLS_base.cpp:168]   --->   Operation 802 'phi' 'empty_72' <Predicate = (icmp_ln111 & and_ln148 & and_ln151)> <Delay = 0.00>
ST_109 : Operation 803 [1/1] (0.41ns)   --->   "%store_ln168 = store i416 %empty_72, i416 %empty_69" [flood_HLS_base.cpp:168]   --->   Operation 803 'store' 'store_ln168' <Predicate = (icmp_ln111 & and_ln148 & and_ln151 & !icmp_ln128_1)> <Delay = 0.41>
ST_109 : Operation 804 [1/1] (0.00ns)   --->   "%br_ln0 = br void %for.inc416"   --->   Operation 804 'br' 'br_ln0' <Predicate = (icmp_ln111 & and_ln148 & and_ln151 & !icmp_ln128_1)> <Delay = 0.00>
ST_109 : Operation 805 [1/1] (0.41ns)   --->   "%store_ln168 = store i416 %empty_72, i416 %empty_69" [flood_HLS_base.cpp:168]   --->   Operation 805 'store' 'store_ln168' <Predicate = (icmp_ln111 & and_ln148 & and_ln151 & !empty_78 & icmp_ln128_1)> <Delay = 0.41>
ST_109 : Operation 806 [1/1] (0.00ns)   --->   "%br_ln167 = br void %for.inc416" [flood_HLS_base.cpp:167]   --->   Operation 806 'br' 'br_ln167' <Predicate = (icmp_ln111 & and_ln148 & and_ln151 & !empty_78 & icmp_ln128_1)> <Delay = 0.00>
ST_109 : Operation 807 [1/1] (0.00ns)   --->   "%sext_ln169_3 = sext i32 %tmp_23" [flood_HLS_base.cpp:169]   --->   Operation 807 'sext' 'sext_ln169_3' <Predicate = (icmp_ln111 & and_ln148 & and_ln151 & empty_78 & icmp_ln128_1)> <Delay = 0.00>
ST_109 : Operation 808 [1/1] (0.00ns)   --->   "%trunc_ln168_3 = partselect i64 @_ssdm_op_PartSelect.i64.i416.i32.i32, i416 %empty_72, i32 288, i32 351" [flood_HLS_base.cpp:168]   --->   Operation 808 'partselect' 'trunc_ln168_3' <Predicate = (icmp_ln111 & and_ln148 & and_ln151 & empty_78 & icmp_ln128_1)> <Delay = 0.00>
ST_109 : Operation 809 [1/1] (1.14ns)   --->   "%add_ln168_3 = add i64 %trunc_ln168_3, i64 %sext_ln169_3" [flood_HLS_base.cpp:168]   --->   Operation 809 'add' 'add_ln168_3' <Predicate = (icmp_ln111 & and_ln148 & and_ln151 & empty_78 & icmp_ln128_1)> <Delay = 1.14> <CoreInst = "Adder">   --->   Core 1 'Adder' <Latency = 0> <II = 1> <Delay = 1.14> <FuncUnit> <Opcode : 'add' 'sub'> <InPorts = 2> <OutPorts = 1>
ST_109 : Operation 810 [1/1] (0.00ns)   --->   "%tmp_76 = partselect i64 @_ssdm_op_PartSelect.i64.i416.i32.i32, i416 %empty_72, i32 352, i32 415" [flood_HLS_base.cpp:168]   --->   Operation 810 'partselect' 'tmp_76' <Predicate = (icmp_ln111 & and_ln148 & and_ln151 & empty_78 & icmp_ln128_1)> <Delay = 0.00>
ST_109 : Operation 811 [1/1] (0.00ns)   --->   "%trunc_ln168_6 = trunc i416 %empty_72" [flood_HLS_base.cpp:168]   --->   Operation 811 'trunc' 'trunc_ln168_6' <Predicate = (icmp_ln111 & and_ln148 & and_ln151 & empty_78 & icmp_ln128_1)> <Delay = 0.00>
ST_109 : Operation 812 [1/1] (0.00ns)   --->   "%or_ln168_3 = bitconcatenate i416 @_ssdm_op_BitConcatenate.i416.i64.i64.i288, i64 %tmp_76, i64 %add_ln168_3, i288 %trunc_ln168_6" [flood_HLS_base.cpp:168]   --->   Operation 812 'bitconcatenate' 'or_ln168_3' <Predicate = (icmp_ln111 & and_ln148 & and_ln151 & empty_78 & icmp_ln128_1)> <Delay = 0.00>
ST_109 : Operation 813 [1/1] (0.41ns)   --->   "%store_ln168 = store i416 %or_ln168_3, i416 %empty_69" [flood_HLS_base.cpp:168]   --->   Operation 813 'store' 'store_ln168' <Predicate = (icmp_ln111 & and_ln148 & and_ln151 & empty_78 & icmp_ln128_1)> <Delay = 0.41>
ST_109 : Operation 814 [1/1] (0.00ns)   --->   "%br_ln170 = br void %for.inc416" [flood_HLS_base.cpp:170]   --->   Operation 814 'br' 'br_ln170' <Predicate = (icmp_ln111 & and_ln148 & and_ln151 & empty_78 & icmp_ln128_1)> <Delay = 0.00>


============================================================
+ Verbose Summary: Binding
============================================================
STG Binding: 
---------------- STG Properties BEGIN ----------------
- Is combinational: 0
- Is one-state seq: 0
- Is datapath-only: 0
- Is pipelined: 0
- Is top level: 0
Port [ Return ] is wired: 1; IO mode=ap_ctrl_hs:ce=0
Port [ empty]:  wired=1; compound=0; hidden=0; nouse=0; global=0; static=0; extern=0; dir=0; type=0; pingpong=0; private_global=0; IO mode=ap_none:ce=0
Port [ p_ground]:  wired=1; compound=1; hidden=0; nouse=0; global=0; static=0; extern=0; dir=0; type=1; pingpong=0; private_global=0; MemPort=[11]; IO mode=ap_memory:ce=0
Port [ spillage_flag]:  wired=1; compound=1; hidden=0; nouse=0; global=0; static=0; extern=0; dir=1; type=1; pingpong=0; private_global=0; MemPort=[03]; IO mode=ap_memory:ce=0
Port [ spillage_level]:  wired=1; compound=1; hidden=0; nouse=0; global=0; static=0; extern=0; dir=1; type=1; pingpong=0; private_global=0; MemPort=[03]; IO mode=ap_memory:ce=0
Port [ water_level]:  wired=1; compound=1; hidden=0; nouse=0; global=0; static=0; extern=0; dir=0; type=1; pingpong=0; private_global=0; MemPort=[11333333333333333]; IO mode=ap_memory:ce=0
Port [ water_level_1]:  wired=1; compound=1; hidden=0; nouse=0; global=0; static=0; extern=0; dir=0; type=1; pingpong=0; private_global=0; MemPort=[11333333333333333]; IO mode=ap_memory:ce=0
Port [ water_level_2]:  wired=1; compound=1; hidden=0; nouse=0; global=0; static=0; extern=0; dir=0; type=1; pingpong=0; private_global=0; MemPort=[11333333333333333]; IO mode=ap_memory:ce=0
Port [ spillage_from_neigh]:  wired=1; compound=1; hidden=0; nouse=0; global=0; static=0; extern=0; dir=1; type=1; pingpong=0; private_global=0; MemPort=[03]; IO mode=ap_memory:ce=0
Port [ spillage_from_neigh_1]:  wired=1; compound=1; hidden=0; nouse=0; global=0; static=0; extern=0; dir=1; type=1; pingpong=0; private_global=0; MemPort=[03]; IO mode=ap_memory:ce=0
Port [ spillage_from_neigh_2]:  wired=1; compound=1; hidden=0; nouse=0; global=0; static=0; extern=0; dir=1; type=1; pingpong=0; private_global=0; MemPort=[03]; IO mode=ap_memory:ce=0
Port [ spillage_from_neigh_3]:  wired=1; compound=1; hidden=0; nouse=0; global=0; static=0; extern=0; dir=1; type=1; pingpong=0; private_global=0; MemPort=[03]; IO mode=ap_memory:ce=0
Port [ p_out]:  wired=1; compound=0; hidden=0; nouse=0; global=0; static=0; extern=0; dir=1; type=0; pingpong=0; private_global=0; IO mode=ap_vld:ce=0
---------------- STG Properties END ------------------

---------------- Datapath Model BEGIN ----------------

<LifeTime>
<method=bitvector/>
new_col                    (alloca           ) [ 01000000000000000000000000000000000000000000000000000000000000000000000000000000000000000000000000000000000000]
new_row_2                  (alloca           ) [ 01100000000000000000000000000000000000000000000000000000000000000000000000000000000000000000000000000000000000]
indvar_flatten9            (alloca           ) [ 01000000000000000000000000000000000000000000000000000000000000000000000000000000000000000000000000000000000000]
empty_69                   (alloca           ) [ 01111111111111111111111111111111111111111111111111111111111111111111111111111111111111111111111111111111111111]
specinterface_ln0          (specinterface    ) [ 00000000000000000000000000000000000000000000000000000000000000000000000000000000000000000000000000000000000000]
tmp                        (read             ) [ 00000000000000000000000000000000000000000000000000000000000000000000000000000000000000000000000000000000000000]
store_ln0                  (store            ) [ 00000000000000000000000000000000000000000000000000000000000000000000000000000000000000000000000000000000000000]
store_ln0                  (store            ) [ 00000000000000000000000000000000000000000000000000000000000000000000000000000000000000000000000000000000000000]
store_ln72                 (store            ) [ 00000000000000000000000000000000000000000000000000000000000000000000000000000000000000000000000000000000000000]
store_ln72                 (store            ) [ 00000000000000000000000000000000000000000000000000000000000000000000000000000000000000000000000000000000000000]
br_ln0                     (br               ) [ 00000000000000000000000000000000000000000000000000000000000000000000000000000000000000000000000000000000000000]
indvar_flatten9_load       (load             ) [ 00000000000000000000000000000000000000000000000000000000000000000000000000000000000000000000000000000000000000]
icmp_ln109                 (icmp             ) [ 01111111111111111111111111111111111111111111111111111111111111111111111111111111111111111111111111111111111111]
add_ln109_1                (add              ) [ 00000000000000000000000000000000000000000000000000000000000000000000000000000000000000000000000000000000000000]
br_ln109                   (br               ) [ 00000000000000000000000000000000000000000000000000000000000000000000000000000000000000000000000000000000000000]
new_col_load               (load             ) [ 00000000000000000000000000000000000000000000000000000000000000000000000000000000000000000000000000000000000000]
icmp_ln110                 (icmp             ) [ 00100000000000000000000000000000000000000000000000000000000000000000000000000000000000000000000000000000000000]
select_ln52                (select           ) [ 01111111111111111111111111000000000000000000000000000000000000000000000000000000000000000000000000000000000000]
add_ln110                  (add              ) [ 00000000000000000000000000000000000000000000000000000000000000000000000000000000000000000000000000000000000000]
store_ln109                (store            ) [ 00000000000000000000000000000000000000000000000000000000000000000000000000000000000000000000000000000000000000]
store_ln72                 (store            ) [ 00000000000000000000000000000000000000000000000000000000000000000000000000000000000000000000000000000000000000]
new_row_2_load             (load             ) [ 00000000000000000000000000000000000000000000000000000000000000000000000000000000000000000000000000000000000000]
add_ln109                  (add              ) [ 00000000000000000000000000000000000000000000000000000000000000000000000000000000000000000000000000000000000000]
select_ln109               (select           ) [ 01111111111111111111111000000000000000000000000000000000000000000000000000000000000000000000000000000000000000]
zext_ln52                  (zext             ) [ 00000000000000000000000000000000000000000000000000000000000000000000000000000000000000000000000000000000000000]
mul_ln52                   (mul              ) [ 00000000000000000000000000000000000000000000000000000000000000000000000000000000000000000000000000000000000000]
tmp_49                     (partselect       ) [ 00010000000000000000000000000000000000000000000000000000000000000000000000000000000000000000000000000000000000]
store_ln72                 (store            ) [ 00000000000000000000000000000000000000000000000000000000000000000000000000000000000000000000000000000000000000]
br_ln110                   (br               ) [ 00000000000000000000000000000000000000000000000000000000000000000000000000000000000000000000000000000000000000]
select_ln109_cast1         (zext             ) [ 00000000000000000000000000000000000000000000000000000000000000000000000000000000000000000000000000000000000000]
tmp_36                     (bitconcatenate   ) [ 00000000000000000000000000000000000000000000000000000000000000000000000000000000000000000000000000000000000000]
mul_ln111                  (add              ) [ 01111111111111000000000000000000000000000000000000000000000000000000000000000000000000000000000000000000000000]
zext_ln111                 (zext             ) [ 01111111111000000000000000000000000000000000000000000000000000000000000000000000000000000000000000000000000000]
add_ln111                  (add              ) [ 00000000000000000000000000000000000000000000000000000000000000000000000000000000000000000000000000000000000000]
zext_ln111_1               (zext             ) [ 00000000000000000000000000000000000000000000000000000000000000000000000000000000000000000000000000000000000000]
water_level_addr           (getelementptr    ) [ 01001000000000000000000000000000000000000000000000000000000000000000000000000000000000000000000000000000000000]
water_level_1_addr         (getelementptr    ) [ 01001000000000000000000000000000000000000000000000000000000000000000000000000000000000000000000000000000000000]
water_level_2_addr         (getelementptr    ) [ 01001000000000000000000000000000000000000000000000000000000000000000000000000000000000000000000000000000000000]
water_level_load           (load             ) [ 01110111111000000000000000000000000000000000000000000000000000000000000000000000000000000000000000000000000000]
water_level_1_load         (load             ) [ 01110111111000000000000000000000000000000000000000000000000000000000000000000000000000000000000000000000000000]
water_level_2_load         (load             ) [ 01110111111000000000000000000000000000000000000000000000000000000000000000000000000000000000000000000000000000]
row_pos_4_cast             (zext             ) [ 00000000000000000000000000000000000000000000000000000000000000000000000000000000000000000000000000000000000000]
new_row                    (add              ) [ 01110000001111111111111110000000000000000000000000000000000000000000000000000000000000000000000000000000000000]
trunc_ln134                (trunc            ) [ 01000000001000000000000000000000000000000000000000000000000000000000000000000000000000000000000000000000000000]
new_row_1                  (add              ) [ 01110000001111111111111110000000000000000000000000000000000000000000000000000000000000000000000000000000000000]
new_row_cast2              (zext             ) [ 00000000000000000000000000000000000000000000000000000000000000000000000000000000000000000000000000000000000000]
p_shl                      (bitconcatenate   ) [ 00000000000000000000000000000000000000000000000000000000000000000000000000000000000000000000000000000000000000]
mul_ln134_1                (add              ) [ 00000000000000000000000000000000000000000000000000000000000000000000000000000000000000000000000000000000000000]
zext_ln110                 (zext             ) [ 00000000000000000000000000000000000000000000000000000000000000000000000000000000000000000000000000000000000000]
tmp_37                     (bitconcatenate   ) [ 00000000000000000000000000000000000000000000000000000000000000000000000000000000000000000000000000000000000000]
add_ln110_1                (add              ) [ 00000000000000000000000000000000000000000000000000000000000000000000000000000000000000000000000000000000000000]
urem_ln52                  (urem             ) [ 00000000000000000000000000000000000000000000000000000000000000000000000000000000000000000000000000000000000000]
trunc_ln52                 (trunc            ) [ 01110000000111110000000000000000000000000000000000000000000000000000000000000000000000000000000000000000000000]
tmp_s                      (sparsemux        ) [ 01110000000111100000000000000000000000000000000000000000000000000000000000000000000000000000000000000000000000]
icmp_ln111                 (icmp             ) [ 01110000001111111111111111111111111111111111111111111111111111111111111111111111111111111111111111111111111111]
br_ln111                   (br               ) [ 00000000000000000000000000000000000000000000000000000000000000000000000000000000000000000000000000000000000000]
zext_ln122                 (zext             ) [ 00000000000000000000000000000000000000000000000000000000000000000000000000000000000000000000000000000000000000]
add_ln134                  (add              ) [ 00000000000000000000000000000000000000000000000000000000000000000000000000000000000000000000000000000000000000]
zext_ln134_3               (zext             ) [ 00000000000000000000000000000000000000000000000000000000000000000000000000000000000000000000000000000000000000]
water_level_addr_1         (getelementptr    ) [ 00100000000100000000000000000000000000000000000000000000000000000000000000000000000000000000000000000000000000]
add_ln134_1                (add              ) [ 00000000000000000000000000000000000000000000000000000000000000000000000000000000000000000000000000000000000000]
zext_ln134_4               (zext             ) [ 00000000000000000000000000000000000000000000000000000000000000000000000000000000000000000000000000000000000000]
water_level_addr_2         (getelementptr    ) [ 00100000000100000000000000000000000000000000000000000000000000000000000000000000000000000000000000000000000000]
water_level_1_addr_1       (getelementptr    ) [ 00100000000100000000000000000000000000000000000000000000000000000000000000000000000000000000000000000000000000]
water_level_1_addr_2       (getelementptr    ) [ 00100000000100000000000000000000000000000000000000000000000000000000000000000000000000000000000000000000000000]
water_level_2_addr_1       (getelementptr    ) [ 00100000000100000000000000000000000000000000000000000000000000000000000000000000000000000000000000000000000000]
water_level_2_addr_2       (getelementptr    ) [ 00100000000100000000000000000000000000000000000000000000000000000000000000000000000000000000000000000000000000]
new_col_1                  (add              ) [ 01110000000111111111111111111111111111100000000000000000000000000000000000000000000000000000000000000000000000]
new_col_2                  (add              ) [ 01110000000111111111111111111111111100000000000000000000000000000000000000000000000000000000000000000000000000]
zext_ln72_1                (zext             ) [ 00000000000000000000000000000000000000000000000000000000000000000000000000000000000000000000000000000000000000]
mul_ln72_1                 (mul              ) [ 00000000000000000000000000000000000000000000000000000000000000000000000000000000000000000000000000000000000000]
tmp_50                     (partselect       ) [ 00100000000100000000000000000000000000000000000000000000000000000000000000000000000000000000000000000000000000]
water_level_load_1         (load             ) [ 00000000000000000000000000000000000000000000000000000000000000000000000000000000000000000000000000000000000000]
water_level_1_load_1       (load             ) [ 00000000000000000000000000000000000000000000000000000000000000000000000000000000000000000000000000000000000000]
water_level_2_load_1       (load             ) [ 00000000000000000000000000000000000000000000000000000000000000000000000000000000000000000000000000000000000000]
tmp_4                      (sparsemux        ) [ 01110000000011110000000000000000000000000000000000000000000000000000000000000000000000000000000000000000000000]
water_level_load_2         (load             ) [ 00000000000000000000000000000000000000000000000000000000000000000000000000000000000000000000000000000000000000]
water_level_1_load_2       (load             ) [ 00000000000000000000000000000000000000000000000000000000000000000000000000000000000000000000000000000000000000]
water_level_2_load_2       (load             ) [ 00000000000000000000000000000000000000000000000000000000000000000000000000000000000000000000000000000000000000]
tmp_5                      (sparsemux        ) [ 01110000000011110000000000000000000000000000000000000000000000000000000000000000000000000000000000000000000000]
sext_ln72                  (sext             ) [ 00000000000000000000000000000000000000000000000000000000000000000000000000000000000000000000000000000000000000]
zext_ln72                  (zext             ) [ 00010000000010000000000000000000000000000000000000000000000000000000000000000000000000000000000000000000000000]
zext_ln134_8               (zext             ) [ 00000000000000000000000000000000000000000000000000000000000000000000000000000000000000000000000000000000000000]
add_ln134_6                (add              ) [ 00000000000000000000000000000000000000000000000000000000000000000000000000000000000000000000000000000000000000]
zext_ln134_9               (zext             ) [ 00000000000000000000000000000000000000000000000000000000000000000000000000000000000000000000000000000000000000]
water_level_addr_4         (getelementptr    ) [ 00010000000010000000000000000000000000000000000000000000000000000000000000000000000000000000000000000000000000]
water_level_1_addr_4       (getelementptr    ) [ 00010000000010000000000000000000000000000000000000000000000000000000000000000000000000000000000000000000000000]
water_level_2_addr_4       (getelementptr    ) [ 00010000000010000000000000000000000000000000000000000000000000000000000000000000000000000000000000000000000000]
mul_ln72                   (mul              ) [ 00000000000000000000000000000000000000000000000000000000000000000000000000000000000000000000000000000000000000]
udiv_ln1_cast              (partselect       ) [ 01000000000001000000000000000000000000000000000000000000000000000000000000000000000000000000000000000000000000]
water_level_load_4         (load             ) [ 00000000000000000000000000000000000000000000000000000000000000000000000000000000000000000000000000000000000000]
water_level_1_load_4       (load             ) [ 00000000000000000000000000000000000000000000000000000000000000000000000000000000000000000000000000000000000000]
water_level_2_load_4       (load             ) [ 00000000000000000000000000000000000000000000000000000000000000000000000000000000000000000000000000000000000000]
tmp_11                     (sparsemux        ) [ 01110000000001111000000000000000000000000000000000000000000000000000000000000000000000000000000000000000000000]
add_ln134_4                (add              ) [ 00100000000000100000000000000000000000000000000000000000000000000000000000000000000000000000000000000000000000]
conv3                      (sitofp           ) [ 01110000000000011111111111100000000000000000000000000000000000000000000000000000000000000000000000000000000000]
zext_ln134_7               (zext             ) [ 00000000000000000000000000000000000000000000000000000000000000000000000000000000000000000000000000000000000000]
water_level_addr_3         (getelementptr    ) [ 00010000000000010000000000000000000000000000000000000000000000000000000000000000000000000000000000000000000000]
water_level_1_addr_3       (getelementptr    ) [ 00010000000000010000000000000000000000000000000000000000000000000000000000000000000000000000000000000000000000]
water_level_2_addr_3       (getelementptr    ) [ 00010000000000010000000000000000000000000000000000000000000000000000000000000000000000000000000000000000000000]
conv4                      (sitofp           ) [ 01110000000000001111111111110000000000000000000000000000000000000000000000000000000000000000000000000000000000]
conv300_1                  (sitofp           ) [ 01110000000000001111111111110000000000000000000000000000000000000000000000000000000000000000000000000000000000]
water_level_load_3         (load             ) [ 00000000000000000000000000000000000000000000000000000000000000000000000000000000000000000000000000000000000000]
water_level_1_load_3       (load             ) [ 00000000000000000000000000000000000000000000000000000000000000000000000000000000000000000000000000000000000000]
water_level_2_load_3       (load             ) [ 00000000000000000000000000000000000000000000000000000000000000000000000000000000000000000000000000000000000000]
tmp_6                      (sparsemux        ) [ 01110000000000001111000000000000000000000000000000000000000000000000000000000000000000000000000000000000000000]
conv300_3                  (sitofp           ) [ 01110000000000000111111111111000000000000000000000000000000000000000000000000000000000000000000000000000000000]
conv300_2                  (sitofp           ) [ 01110000000000000000111111111111000000000000000000000000000000000000000000000000000000000000000000000000000000]
zext_ln117                 (zext             ) [ 00000000000000000000000000000000000000000000000000000000000000000000000000000000000000000000000000000000000000]
mul_ln117                  (mul              ) [ 01110000000000000000000111111100000000000000000000000000000000000000000000000000000000000000000000000000000000]
empty_70                   (icmp             ) [ 01110000000000000000000001111111111111111111111111111111111111111111111111111111111111111111111111111111111111]
zext_ln134_1               (zext             ) [ 00000000000000000000000000000000000000000000000000000000000000000000000000000000000000000000000000000000000000]
mul_ln134                  (mul              ) [ 01000000000000000000000001000000000000000000000000000000000000000000000000000000000000000000000000000000000000]
empty_71                   (icmp             ) [ 01110000000000000000000001111111111111111111111111111111111111111111111111111111111111111111111111111111111111]
zext_ln134_2               (zext             ) [ 00000000000000000000000000000000000000000000000000000000000000000000000000000000000000000000000000000000000000]
mul_ln134_2                (mul              ) [ 01000000000000000000000001000000000000000000000000000000000000000000000000000000000000000000000000000000000000]
specloopname_ln0           (specloopname     ) [ 00000000000000000000000000000000000000000000000000000000000000000000000000000000000000000000000000000000000000]
speclooptripcount_ln0      (speclooptripcount) [ 00000000000000000000000000000000000000000000000000000000000000000000000000000000000000000000000000000000000000]
zext_ln117_1               (zext             ) [ 00000000000000000000000000000000000000000000000000000000000000000000000000000000000000000000000000000000000000]
add_ln117                  (add              ) [ 00000000000000000000000000000000000000000000000000000000000000000000000000000000000000000000000000000000000000]
zext_ln117_2               (zext             ) [ 00000000000000000000000000000000000000000000000000000000000000000000000000000000000000000000000000000000000000]
p_ground_addr              (getelementptr    ) [ 00100000000000000000000000100000000000000000000000000000000000000000000000000000000000000000000000000000000000]
spillage_flag_addr         (getelementptr    ) [ 01110000000000000000000000111111111111111111111111111111111111111111111111111111111111111000000000000000000000]
spillage_level_addr        (getelementptr    ) [ 01110000000000000000000000111111111111111111111111111111111111111111111111111111111111111000000000000000000000]
specpipeline_ln52          (specpipeline     ) [ 00000000000000000000000000000000000000000000000000000000000000000000000000000000000000000000000000000000000000]
add_ln134_2                (add              ) [ 00000000000000000000000000000000000000000000000000000000000000000000000000000000000000000000000000000000000000]
zext_ln134_5               (zext             ) [ 00000000000000000000000000000000000000000000000000000000000000000000000000000000000000000000000000000000000000]
p_ground_addr_1            (getelementptr    ) [ 00100000000000000000000000100000000000000000000000000000000000000000000000000000000000000000000000000000000000]
add_ln134_3                (add              ) [ 00100000000000000000000000100000000000000000000000000000000000000000000000000000000000000000000000000000000000]
spillage_from_neigh_addr   (getelementptr    ) [ 01110000000000000000000000111111111111111111111111111111111111111111111111111111111111111111111111110000000000]
p_ground_load              (load             ) [ 01110000000000000000000000011111111111111111111111111111111111111111111111111111111111110000000000000000000000]
div9                       (fdiv             ) [ 01110000000000000000000000011111111111111111111111110000000000000000000000000000000000000000000000000000000000]
zext_ln134_6               (zext             ) [ 00000000000000000000000000000000000000000000000000000000000000000000000000000000000000000000000000000000000000]
p_ground_addr_2            (getelementptr    ) [ 00010000000000000000000000010000000000000000000000000000000000000000000000000000000000000000000000000000000000]
spillage_from_neigh_1_addr (getelementptr    ) [ 01110000000000000000000000011111111111111111111111111111111111111111111111111111111111111111111111111000000000]
p_ground_load_1            (load             ) [ 01010000000000000000000000011000000000000000000000000000000000000000000000000000000000000000000000000000000000]
neighbor_height_8          (bitcast          ) [ 01110000000000000000000000001111111111111111111111111111111111111111111111111111111111111111110000000000000000]
div4                       (fdiv             ) [ 01110000000000000000000000001111111000000000000000000000000000000000000000000000000000000000000000000000000000]
p_ground_load_2            (load             ) [ 01000000000000000000000000001000000000000000000000000000000000000000000000000000000000000000000000000000000000]
div301_1                   (fdiv             ) [ 01110000000000000000000000001111111000000000000000000000000000000000000000000000000000000000000000000000000000]
zext_ln134_10              (zext             ) [ 00000000000000000000000000000000000000000000000000000000000000000000000000000000000000000000000000000000000000]
add_ln134_7                (add              ) [ 00000000000000000000000000000000000000000000000000000000000000000000000000000000000000000000000000000000000000]
zext_ln134_11              (zext             ) [ 00000000000000000000000000000000000000000000000000000000000000000000000000000000000000000000000000000000000000]
p_ground_addr_4            (getelementptr    ) [ 01000000000000000000000000001000000000000000000000000000000000000000000000000000000000000000000000000000000000]
spillage_from_neigh_3_addr (getelementptr    ) [ 01110000000000000000000000001111111111111111111111111111111111111111111111111111111111111111111111111111000000]
bitcast_ln134              (bitcast          ) [ 01110000000000000000000000000111111000000000000000000000000000000000000000000000000000000000000000000000000000]
bitcast_ln134_1            (bitcast          ) [ 01110000000000000000000000000111111000000000000000000000000000000000000000000000000000000000000000000000000000]
p_ground_load_4            (load             ) [ 00100000000000000000000000000100000000000000000000000000000000000000000000000000000000000000000000000000000000]
div301_3                   (fdiv             ) [ 01110000000000000000000000000111111100000000000000000000000000000000000000000000000000000000000000000000000000]
sext_ln134                 (sext             ) [ 00000000000000000000000000000000000000000000000000000000000000000000000000000000000000000000000000000000000000]
add_ln134_5                (add              ) [ 00000000000000000000000000000000000000000000000000000000000000000000000000000000000000000000000000000000000000]
zext_ln134                 (zext             ) [ 00000000000000000000000000000000000000000000000000000000000000000000000000000000000000000000000000000000000000]
p_ground_addr_3            (getelementptr    ) [ 00010000000000000000000000000010000000000000000000000000000000000000000000000000000000000000000000000000000000]
spillage_from_neigh_2_addr (getelementptr    ) [ 01110000000000000000000000000011111111111111111111111111111111111111111111111111111111111111111111111110000000]
bitcast_ln134_3            (bitcast          ) [ 01110000000000000000000000000011111100000000000000000000000000000000000000000000000000000000000000000000000000]
p_ground_load_3            (load             ) [ 01100000000000000000000000000001100000000000000000000000000000000000000000000000000000000000000000000000000000]
div301_2                   (fdiv             ) [ 01110000000000000000000000000000111111100000000000000000000000000000000000000000000000000000000000000000000000]
bitcast_ln134_2            (bitcast          ) [ 01110000000000000000000000000000011111100000000000000000000000000000000000000000000000000000000000000000000000]
current_height             (fadd             ) [ 01110000000000000000000000000000001111111111111111111111111111111111111111111111111111111111111111000000000000]
neighbor_height            (fadd             ) [ 01110000000000000000000000000000000111111111111111111111111111111111111111111111111111111111111000000000000000]
neighbor_height_2          (fadd             ) [ 01110000000000000000000000000000000111111111111111111111111111111111111111111111111111111111111100000000000000]
neighbor_height_1          (select           ) [ 01110000000000000000000000000000000011111100000000000000000000000000000000000000000000000000000000000000000000]
bitcast_ln139_1            (bitcast          ) [ 00000000000000000000000000000000000000000000000000000000000000000000000000000000000000000000000000000000000000]
tmp_33                     (partselect       ) [ 00000000000000000000000000000000000000000000000000000000000000000000000000000000000000000000000000000000000000]
trunc_ln139_1              (trunc            ) [ 00000000000000000000000000000000000000000000000000000000000000000000000000000000000000000000000000000000000000]
icmp_ln139_2               (icmp             ) [ 00010000000000000000000000000000000010000000000000000000000000000000000000000000000000000000000000000000000000]
icmp_ln139_3               (icmp             ) [ 00010000000000000000000000000000000010000000000000000000000000000000000000000000000000000000000000000000000000]
neighbor_height_3          (select           ) [ 01110000000000000000000000000000000011111100000000000000000000000000000000000000000000000000000000000000000000]
bitcast_ln139_2            (bitcast          ) [ 00000000000000000000000000000000000000000000000000000000000000000000000000000000000000000000000000000000000000]
tmp_39                     (partselect       ) [ 00000000000000000000000000000000000000000000000000000000000000000000000000000000000000000000000000000000000000]
trunc_ln139_2              (trunc            ) [ 00000000000000000000000000000000000000000000000000000000000000000000000000000000000000000000000000000000000000]
icmp_ln139_4               (icmp             ) [ 00010000000000000000000000000000000010000000000000000000000000000000000000000000000000000000000000000000000000]
icmp_ln139_5               (icmp             ) [ 00010000000000000000000000000000000010000000000000000000000000000000000000000000000000000000000000000000000000]
icmp_ln128_1               (icmp             ) [ 01110000000000000000000000000000000011111111111111111111111111111111111111111111111111111111111111111111111111]
neighbor_height_6          (fadd             ) [ 01110000000000000000000000000000000011111111111111111111111111111111111111111111111111111111111111000000000000]
bitcast_ln139              (bitcast          ) [ 00000000000000000000000000000000000000000000000000000000000000000000000000000000000000000000000000000000000000]
tmp_32                     (partselect       ) [ 00000000000000000000000000000000000000000000000000000000000000000000000000000000000000000000000000000000000000]
trunc_ln139                (trunc            ) [ 00000000000000000000000000000000000000000000000000000000000000000000000000000000000000000000000000000000000000]
icmp_ln139                 (icmp             ) [ 00000000000000000000000000000000000000000000000000000000000000000000000000000000000000000000000000000000000000]
icmp_ln139_1               (icmp             ) [ 00000000000000000000000000000000000000000000000000000000000000000000000000000000000000000000000000000000000000]
or_ln139                   (or               ) [ 01110000000000000000000000000000000001111111111111111111111111111111111111111111111111111110000000000000000000]
or_ln139_1                 (or               ) [ 00000000000000000000000000000000000000000000000000000000000000000000000000000000000000000000000000000000000000]
and_ln139                  (and              ) [ 00000000000000000000000000000000000000000000000000000000000000000000000000000000000000000000000000000000000000]
tmp_34                     (fcmp             ) [ 00000000000000000000000000000000000000000000000000000000000000000000000000000000000000000000000000000000000000]
and_ln139_1                (and              ) [ 01110000000000000000000000000000000001111111111110000000000000000000000000000000000000000000000000000000000000]
or_ln139_2                 (or               ) [ 00000000000000000000000000000000000000000000000000000000000000000000000000000000000000000000000000000000000000]
and_ln139_2                (and              ) [ 00000000000000000000000000000000000000000000000000000000000000000000000000000000000000000000000000000000000000]
tmp_40                     (fcmp             ) [ 00000000000000000000000000000000000000000000000000000000000000000000000000000000000000000000000000000000000000]
and_ln139_3                (and              ) [ 01110000000000000000000000000000000001111111111111111111000000000000000000000000000000000000000000000000000000]
neighbor_height_7          (select           ) [ 01110000000000000000000000000000000001111110000000000000000000000000000000000000000000000000000000000000000000]
bitcast_ln139_4            (bitcast          ) [ 00000000000000000000000000000000000000000000000000000000000000000000000000000000000000000000000000000000000000]
tmp_51                     (partselect       ) [ 00000000000000000000000000000000000000000000000000000000000000000000000000000000000000000000000000000000000000]
trunc_ln139_4              (trunc            ) [ 00000000000000000000000000000000000000000000000000000000000000000000000000000000000000000000000000000000000000]
icmp_ln139_8               (icmp             ) [ 01000000000000000000000000000000000001000000000000000000000000000000000000000000000000000000000000000000000000]
icmp_ln139_9               (icmp             ) [ 01000000000000000000000000000000000001000000000000000000000000000000000000000000000000000000000000000000000000]
or_ln139_4                 (or               ) [ 00000000000000000000000000000000000000000000000000000000000000000000000000000000000000000000000000000000000000]
and_ln139_6                (and              ) [ 00000000000000000000000000000000000000000000000000000000000000000000000000000000000000000000000000000000000000]
tmp_52                     (fcmp             ) [ 00000000000000000000000000000000000000000000000000000000000000000000000000000000000000000000000000000000000000]
and_ln139_7                (and              ) [ 01110000000000000000000000000000000000111111111111111111111111111111110000000000000000000000000000000000000000]
icmp_ln128                 (icmp             ) [ 01110000000000000000000000000000000000011111111111111111111111111111111111111111111111111111111111111111111111]
neighbor_height_4          (fadd             ) [ 01110000000000000000000000000000000000011111111111111111111111111111111111111111111111111111111111000000000000]
neighbor_height_5          (select           ) [ 01110000000000000000000000000000000000001111110000000000000000000000000000000000000000000000000000000000000000]
bitcast_ln139_3            (bitcast          ) [ 00000000000000000000000000000000000000000000000000000000000000000000000000000000000000000000000000000000000000]
tmp_44                     (partselect       ) [ 00000000000000000000000000000000000000000000000000000000000000000000000000000000000000000000000000000000000000]
trunc_ln139_3              (trunc            ) [ 00000000000000000000000000000000000000000000000000000000000000000000000000000000000000000000000000000000000000]
icmp_ln139_6               (icmp             ) [ 01000000000000000000000000000000000000001000000000000000000000000000000000000000000000000000000000000000000000]
icmp_ln139_7               (icmp             ) [ 01000000000000000000000000000000000000001000000000000000000000000000000000000000000000000000000000000000000000]
or_ln139_3                 (or               ) [ 00000000000000000000000000000000000000000000000000000000000000000000000000000000000000000000000000000000000000]
and_ln139_4                (and              ) [ 00000000000000000000000000000000000000000000000000000000000000000000000000000000000000000000000000000000000000]
tmp_45                     (fcmp             ) [ 00000000000000000000000000000000000000000000000000000000000000000000000000000000000000000000000000000000000000]
and_ln139_5                (and              ) [ 01110000000000000000000000000000000000000111111111111111111111100000000000000000000000000000000000000000000000]
height_diff                (fsub             ) [ 01110000000000000000000000000000000000000011111110000000000000000000000000000000000000000000000000000000000000]
height_diff_1              (fsub             ) [ 01110000000000000000000000000000000000000011111111111111000000000000000000000000000000000000000000000000000000]
height_diff_3              (fsub             ) [ 01110000000000000000000000000000000000000001111111111111111111111111110000000000000000000000000000000000000000]
bitcast_ln142              (bitcast          ) [ 00000000000000000000000000000000000000000000000000000000000000000000000000000000000000000000000000000000000000]
tmp_35                     (partselect       ) [ 00000000000000000000000000000000000000000000000000000000000000000000000000000000000000000000000000000000000000]
trunc_ln142                (trunc            ) [ 00000000000000000000000000000000000000000000000000000000000000000000000000000000000000000000000000000000000000]
icmp_ln142                 (icmp             ) [ 00000000000000000000000000000000000000000000000000000000000000000000000000000000000000000000000000000000000000]
icmp_ln142_1               (icmp             ) [ 00000000000000000000000000000000000000000000000000000000000000000000000000000000000000000000000000000000000000]
or_ln142                   (or               ) [ 00000000000000000000000000000000000000000000000000000000000000000000000000000000000000000000000000000000000000]
tmp_38                     (fcmp             ) [ 00000000000000000000000000000000000000000000000000000000000000000000000000000000000000000000000000000000000000]
and_ln142                  (and              ) [ 00000000000000000000000000000000000000000000000000000000000000000000000000000000000000000000000000000000000000]
my_spillage_level          (select           ) [ 00000000000000000000000000000000000000000000000000000000000000000000000000000000000000000000000000000000000000]
my_spillage_level_1        (select           ) [ 00110000000000000000000000000000000000000000110000000000000000000000000000000000000000000000000000000000000000]
bitcast_ln142_1            (bitcast          ) [ 00000000000000000000000000000000000000000000000000000000000000000000000000000000000000000000000000000000000000]
tmp_41                     (partselect       ) [ 00000000000000000000000000000000000000000000000000000000000000000000000000000000000000000000000000000000000000]
trunc_ln142_1              (trunc            ) [ 00000000000000000000000000000000000000000000000000000000000000000000000000000000000000000000000000000000000000]
bitcast_ln142_2            (bitcast          ) [ 00000000000000000000000000000000000000000000000000000000000000000000000000000000000000000000000000000000000000]
tmp_42                     (partselect       ) [ 00000000000000000000000000000000000000000000000000000000000000000000000000000000000000000000000000000000000000]
trunc_ln142_2              (trunc            ) [ 00000000000000000000000000000000000000000000000000000000000000000000000000000000000000000000000000000000000000]
icmp_ln142_2               (icmp             ) [ 00000000000000000000000000000000000000000000000000000000000000000000000000000000000000000000000000000000000000]
icmp_ln142_3               (icmp             ) [ 00000000000000000000000000000000000000000000000000000000000000000000000000000000000000000000000000000000000000]
or_ln142_1                 (or               ) [ 00000000000000000000000000000000000000000000000000000000000000000000000000000000000000000000000000000000000000]
icmp_ln142_4               (icmp             ) [ 00000000000000000000000000000000000000000000000000000000000000000000000000000000000000000000000000000000000000]
icmp_ln142_5               (icmp             ) [ 00000000000000000000000000000000000000000000000000000000000000000000000000000000000000000000000000000000000000]
or_ln142_2                 (or               ) [ 00000000000000000000000000000000000000000000000000000000000000000000000000000000000000000000000000000000000000]
tmp_43                     (fcmp             ) [ 00000000000000000000000000000000000000000000000000000000000000000000000000000000000000000000000000000000000000]
and_ln142_1                (and              ) [ 00000000000000000000000000000000000000000000000000000000000000000000000000000000000000000000000000000000000000]
and_ln142_2                (and              ) [ 00000000000000000000000000000000000000000000000000000000000000000000000000000000000000000000000000000000000000]
my_spillage_level_2        (select           ) [ 00000000000000000000000000000000000000000000000000000000000000000000000000000000000000000000000000000000000000]
my_spillage_level_3        (select           ) [ 01100000000000000000000000000000000000000000001100000000000000000000000000000000000000000000000000000000000000]
height_diff_2              (fsub             ) [ 01110000000000000000000000000000000000000000001111111111111111100000000000000000000000000000000000000000000000]
bitcast_ln142_3            (bitcast          ) [ 00000000000000000000000000000000000000000000000000000000000000000000000000000000000000000000000000000000000000]
tmp_46                     (partselect       ) [ 00000000000000000000000000000000000000000000000000000000000000000000000000000000000000000000000000000000000000]
trunc_ln142_3              (trunc            ) [ 00000000000000000000000000000000000000000000000000000000000000000000000000000000000000000000000000000000000000]
bitcast_ln142_4            (bitcast          ) [ 00000000000000000000000000000000000000000000000000000000000000000000000000000000000000000000000000000000000000]
tmp_47                     (partselect       ) [ 00000000000000000000000000000000000000000000000000000000000000000000000000000000000000000000000000000000000000]
trunc_ln142_4              (trunc            ) [ 00000000000000000000000000000000000000000000000000000000000000000000000000000000000000000000000000000000000000]
icmp_ln142_6               (icmp             ) [ 00000000000000000000000000000000000000000000000000000000000000000000000000000000000000000000000000000000000000]
icmp_ln142_7               (icmp             ) [ 00000000000000000000000000000000000000000000000000000000000000000000000000000000000000000000000000000000000000]
or_ln142_3                 (or               ) [ 00000000000000000000000000000000000000000000000000000000000000000000000000000000000000000000000000000000000000]
icmp_ln142_8               (icmp             ) [ 00000000000000000000000000000000000000000000000000000000000000000000000000000000000000000000000000000000000000]
icmp_ln142_9               (icmp             ) [ 00000000000000000000000000000000000000000000000000000000000000000000000000000000000000000000000000000000000000]
or_ln142_4                 (or               ) [ 00000000000000000000000000000000000000000000000000000000000000000000000000000000000000000000000000000000000000]
tmp_48                     (fcmp             ) [ 00000000000000000000000000000000000000000000000000000000000000000000000000000000000000000000000000000000000000]
and_ln142_3                (and              ) [ 00000000000000000000000000000000000000000000000000000000000000000000000000000000000000000000000000000000000000]
and_ln142_4                (and              ) [ 00000000000000000000000000000000000000000000000000000000000000000000000000000000000000000000000000000000000000]
my_spillage_level_4        (select           ) [ 00000000000000000000000000000000000000000000000000000000000000000000000000000000000000000000000000000000000000]
my_spillage_level_5        (select           ) [ 01010000000000000000000000000000000000000000000011000000000000000000000000000000000000000000000000000000000000]
sum_diff                   (fadd             ) [ 00000000000000000000000000000000000000000000000000000000000000000000000000000000000000000000000000000000000000]
sum_diff_1                 (select           ) [ 01110000000000000000000000000000000000000000000001111111000000000000000000000000000000000000000000000000000000]
bitcast_ln142_5            (bitcast          ) [ 00000000000000000000000000000000000000000000000000000000000000000000000000000000000000000000000000000000000000]
tmp_53                     (partselect       ) [ 00000000000000000000000000000000000000000000000000000000000000000000000000000000000000000000000000000000000000]
trunc_ln142_5              (trunc            ) [ 00000000000000000000000000000000000000000000000000000000000000000000000000000000000000000000000000000000000000]
bitcast_ln142_6            (bitcast          ) [ 00000000000000000000000000000000000000000000000000000000000000000000000000000000000000000000000000000000000000]
tmp_54                     (partselect       ) [ 00000000000000000000000000000000000000000000000000000000000000000000000000000000000000000000000000000000000000]
trunc_ln142_6              (trunc            ) [ 00000000000000000000000000000000000000000000000000000000000000000000000000000000000000000000000000000000000000]
icmp_ln142_10              (icmp             ) [ 00000000000000000000000000000000000000000000000000000000000000000000000000000000000000000000000000000000000000]
icmp_ln142_11              (icmp             ) [ 00000000000000000000000000000000000000000000000000000000000000000000000000000000000000000000000000000000000000]
or_ln142_5                 (or               ) [ 00000000000000000000000000000000000000000000000000000000000000000000000000000000000000000000000000000000000000]
icmp_ln142_12              (icmp             ) [ 00000000000000000000000000000000000000000000000000000000000000000000000000000000000000000000000000000000000000]
icmp_ln142_13              (icmp             ) [ 00000000000000000000000000000000000000000000000000000000000000000000000000000000000000000000000000000000000000]
or_ln142_6                 (or               ) [ 00000000000000000000000000000000000000000000000000000000000000000000000000000000000000000000000000000000000000]
tmp_55                     (fcmp             ) [ 00000000000000000000000000000000000000000000000000000000000000000000000000000000000000000000000000000000000000]
and_ln142_5                (and              ) [ 00000000000000000000000000000000000000000000000000000000000000000000000000000000000000000000000000000000000000]
and_ln142_6                (and              ) [ 00000000000000000000000000000000000000000000000000000000000000000000000000000000000000000000000000000000000000]
my_spillage_level_6        (select           ) [ 00000000000000000000000000000000000000000000000000000000000000000000000000000000000000000000000000000000000000]
my_spillage_level_7        (select           ) [ 00110000000000000000000000000000000000000000000000110000000000000000000000000000000000000000000000000000000000]
bitcast_ln145              (bitcast          ) [ 00000000000000000000000000000000000000000000000000000000000000000000000000000000000000000000000000000000000000]
tmp_56                     (partselect       ) [ 00000000000000000000000000000000000000000000000000000000000000000000000000000000000000000000000000000000000000]
trunc_ln145                (trunc            ) [ 00000000000000000000000000000000000000000000000000000000000000000000000000000000000000000000000000000000000000]
bitcast_ln145_1            (bitcast          ) [ 00000000000000000000000000000000000000000000000000000000000000000000000000000000000000000000000000000000000000]
tmp_57                     (partselect       ) [ 00000000000000000000000000000000000000000000000000000000000000000000000000000000000000000000000000000000000000]
trunc_ln145_1              (trunc            ) [ 00000000000000000000000000000000000000000000000000000000000000000000000000000000000000000000000000000000000000]
icmp_ln145                 (icmp             ) [ 00000000000000000000000000000000000000000000000000000000000000000000000000000000000000000000000000000000000000]
icmp_ln145_1               (icmp             ) [ 00000000000000000000000000000000000000000000000000000000000000000000000000000000000000000000000000000000000000]
or_ln145                   (or               ) [ 00000000000000000000000000000000000000000000000000000000000000000000000000000000000000000000000000000000000000]
icmp_ln145_2               (icmp             ) [ 00000000000000000000000000000000000000000000000000000000000000000000000000000000000000000000000000000000000000]
icmp_ln145_3               (icmp             ) [ 00000000000000000000000000000000000000000000000000000000000000000000000000000000000000000000000000000000000000]
or_ln145_1                 (or               ) [ 00000000000000000000000000000000000000000000000000000000000000000000000000000000000000000000000000000000000000]
tmp_58                     (fcmp             ) [ 00000000000000000000000000000000000000000000000000000000000000000000000000000000000000000000000000000000000000]
and_ln145                  (and              ) [ 00000000000000000000000000000000000000000000000000000000000000000000000000000000000000000000000000000000000000]
and_ln145_1                (and              ) [ 00000000000000000000000000000000000000000000000000000000000000000000000000000000000000000000000000000000000000]
my_spillage_level_8        (select           ) [ 01110000000000000000000000000000000000000000000000001111111111111111111111111111111111111000000000000000000000]
sum_diff_2                 (fadd             ) [ 00000000000000000000000000000000000000000000000000000000000000000000000000000000000000000000000000000000000000]
sum_diff_3                 (select           ) [ 01110000000000000000000000000000000000000000000000000000111111100000000000000000000000000000000000000000000000]
sum_diff_4                 (fadd             ) [ 00000000000000000000000000000000000000000000000000000000000000000000000000000000000000000000000000000000000000]
sum_diff_5                 (select           ) [ 01110000000000000000000000000000000000000000000000000000000000011111110000000000000000000000000000000000000000]
sum_diff_6                 (fadd             ) [ 00000000000000000000000000000000000000000000000000000000000000000000000000000000000000000000000000000000000000]
sum_diff_7                 (select           ) [ 01110000000000000000000000000000000000000000000000000000000000000000001111111111111100000000000000000000000000]
bitcast_ln148              (bitcast          ) [ 00000000000000000000000000000000000000000000000000000000000000000000000000000000000000000000000000000000000000]
tmp_59                     (partselect       ) [ 00000000000000000000000000000000000000000000000000000000000000000000000000000000000000000000000000000000000000]
trunc_ln148                (trunc            ) [ 00000000000000000000000000000000000000000000000000000000000000000000000000000000000000000000000000000000000000]
icmp_ln148                 (icmp             ) [ 00000000000000000000000000000000000000000000000000000000000000000000000000000000000000000000000000000000000000]
icmp_ln148_1               (icmp             ) [ 00000000000000000000000000000000000000000000000000000000000000000000000000000000000000000000000000000000000000]
or_ln148                   (or               ) [ 00000000000000000000000000000000000000000000000000000000000000000000000000000000000000000000000000000000000000]
tmp_60                     (fcmp             ) [ 00000000000000000000000000000000000000000000000000000000000000000000000000000000000000000000000000000000000000]
and_ln148                  (and              ) [ 01110000000000000000000000000000000000000000000000000000000000000000000011111111111111111111111111111111111111]
br_ln148                   (br               ) [ 00000000000000000000000000000000000000000000000000000000000000000000000000000000000000000000000000000000000000]
proportion                 (fdiv             ) [ 01110000000000000000000000000000000000000000000000000000000000000000000000000000000011111111111111111110000000]
conv6                      (fpext            ) [ 00110000000000000000000000000000000000000000000000000000000000000000000000000000000000110000000000000000000000]
bitcast_ln151              (bitcast          ) [ 00000000000000000000000000000000000000000000000000000000000000000000000000000000000000000000000000000000000000]
tmp_61                     (partselect       ) [ 00000000000000000000000000000000000000000000000000000000000000000000000000000000000000000000000000000000000000]
trunc_ln151                (trunc            ) [ 00000000000000000000000000000000000000000000000000000000000000000000000000000000000000000000000000000000000000]
icmp_ln151                 (icmp             ) [ 00010000000000000000000000000000000000000000000000000000000000000000000000000000000000010000000000000000000000]
icmp_ln151_1               (icmp             ) [ 00010000000000000000000000000000000000000000000000000000000000000000000000000000000000010000000000000000000000]
or_ln151                   (or               ) [ 00000000000000000000000000000000000000000000000000000000000000000000000000000000000000000000000000000000000000]
tmp_62                     (dcmp             ) [ 00000000000000000000000000000000000000000000000000000000000000000000000000000000000000000000000000000000000000]
and_ln151                  (and              ) [ 01110000000000000000000000000000000000000000000000000000000000000000000000000000000000011111111111111111111111]
br_ln151                   (br               ) [ 00000000000000000000000000000000000000000000000000000000000000000000000000000000000000000000000000000000000000]
tmp_63                     (partselect       ) [ 00000000000000000000000000000000000000000000000000000000000000000000000000000000000000000000000000000000000000]
empty_75                   (trunc            ) [ 00000000000000000000000000000000000000000000000000000000000000000000000000000000000000000000000000000000000000]
notlhs178                  (icmp             ) [ 01110000000000000000000000000000000000000000000000000000000000000000000000000000000000001110000000000000000000]
notrhs179                  (icmp             ) [ 01110000000000000000000000000000000000000000000000000000000000000000000000000000000000001110000000000000000000]
br_ln163                   (br               ) [ 00000000000000000000000000000000000000000000000000000000000000000000000000000000000000000000000000000000000000]
br_ln163                   (br               ) [ 00000000000000000000000000000000000000000000000000000000000000000000000000000000000000000000000000000000000000]
br_ln163                   (br               ) [ 00000000000000000000000000000000000000000000000000000000000000000000000000000000000000000000000000000000000000]
store_ln152                (store            ) [ 00000000000000000000000000000000000000000000000000000000000000000000000000000000000000000000000000000000000000]
store_ln153                (store            ) [ 00000000000000000000000000000000000000000000000000000000000000000000000000000000000000000000000000000000000000]
bitcast_ln175              (bitcast          ) [ 00000000000000000000000000000000000000000000000000000000000000000000000000000000000000000000000000000000000000]
tmp_65                     (partselect       ) [ 00000000000000000000000000000000000000000000000000000000000000000000000000000000000000000000000000000000000000]
trunc_ln175                (trunc            ) [ 00000000000000000000000000000000000000000000000000000000000000000000000000000000000000000000000000000000000000]
icmp_ln175                 (icmp             ) [ 00000000000000000000000000000000000000000000000000000000000000000000000000000000000000000000000000000000000000]
icmp_ln175_1               (icmp             ) [ 00000000000000000000000000000000000000000000000000000000000000000000000000000000000000000000000000000000000000]
or_ln175                   (or               ) [ 00000000000000000000000000000000000000000000000000000000000000000000000000000000000000000000000000000000000000]
and_ln175                  (and              ) [ 00000000000000000000000000000000000000000000000000000000000000000000000000000000000000000000000000000000000000]
tmp_66                     (fcmp             ) [ 00000000000000000000000000000000000000000000000000000000000000000000000000000000000000000000000000000000000000]
and_ln175_1                (and              ) [ 01110000000000000000000000000000000000000000000000000000000000000000000000000000000000001111111111110000000000]
br_ln175                   (br               ) [ 00000000000000000000000000000000000000000000000000000000000000000000000000000000000000000000000000000000000000]
bitcast_ln175_1            (bitcast          ) [ 00000000000000000000000000000000000000000000000000000000000000000000000000000000000000000000000000000000000000]
tmp_68                     (partselect       ) [ 00000000000000000000000000000000000000000000000000000000000000000000000000000000000000000000000000000000000000]
trunc_ln175_1              (trunc            ) [ 00000000000000000000000000000000000000000000000000000000000000000000000000000000000000000000000000000000000000]
icmp_ln175_2               (icmp             ) [ 00000000000000000000000000000000000000000000000000000000000000000000000000000000000000000000000000000000000000]
icmp_ln175_3               (icmp             ) [ 00000000000000000000000000000000000000000000000000000000000000000000000000000000000000000000000000000000000000]
or_ln175_1                 (or               ) [ 00000000000000000000000000000000000000000000000000000000000000000000000000000000000000000000000000000000000000]
and_ln175_2                (and              ) [ 00000000000000000000000000000000000000000000000000000000000000000000000000000000000000000000000000000000000000]
tmp_69                     (fcmp             ) [ 00000000000000000000000000000000000000000000000000000000000000000000000000000000000000000000000000000000000000]
and_ln175_3                (and              ) [ 01110000000000000000000000000000000000000000000000000000000000000000000000000000000000000111111111111000000000]
br_ln175                   (br               ) [ 00000000000000000000000000000000000000000000000000000000000000000000000000000000000000000000000000000000000000]
bitcast_ln175_2            (bitcast          ) [ 00000000000000000000000000000000000000000000000000000000000000000000000000000000000000000000000000000000000000]
tmp_71                     (partselect       ) [ 00000000000000000000000000000000000000000000000000000000000000000000000000000000000000000000000000000000000000]
trunc_ln175_2              (trunc            ) [ 00000000000000000000000000000000000000000000000000000000000000000000000000000000000000000000000000000000000000]
icmp_ln175_4               (icmp             ) [ 00000000000000000000000000000000000000000000000000000000000000000000000000000000000000000000000000000000000000]
icmp_ln175_5               (icmp             ) [ 00000000000000000000000000000000000000000000000000000000000000000000000000000000000000000000000000000000000000]
or_ln175_2                 (or               ) [ 00000000000000000000000000000000000000000000000000000000000000000000000000000000000000000000000000000000000000]
and_ln175_4                (and              ) [ 00000000000000000000000000000000000000000000000000000000000000000000000000000000000000000000000000000000000000]
tmp_72                     (fcmp             ) [ 00000000000000000000000000000000000000000000000000000000000000000000000000000000000000000000000000000000000000]
and_ln175_5                (and              ) [ 01110000000000000000000000000000000000000000000000000000000000000000000000000000000000000011111111111110000000]
br_ln175                   (br               ) [ 00000000000000000000000000000000000000000000000000000000000000000000000000000000000000000000000000000000000000]
bitcast_ln175_3            (bitcast          ) [ 00000000000000000000000000000000000000000000000000000000000000000000000000000000000000000000000000000000000000]
tmp_74                     (partselect       ) [ 00000000000000000000000000000000000000000000000000000000000000000000000000000000000000000000000000000000000000]
trunc_ln175_3              (trunc            ) [ 00000000000000000000000000000000000000000000000000000000000000000000000000000000000000000000000000000000000000]
icmp_ln175_6               (icmp             ) [ 00000000000000000000000000000000000000000000000000000000000000000000000000000000000000000000000000000000000000]
icmp_ln175_7               (icmp             ) [ 00000000000000000000000000000000000000000000000000000000000000000000000000000000000000000000000000000000000000]
or_ln175_3                 (or               ) [ 00000000000000000000000000000000000000000000000000000000000000000000000000000000000000000000000000000000000000]
and_ln175_6                (and              ) [ 00000000000000000000000000000000000000000000000000000000000000000000000000000000000000000000000000000000000000]
tmp_75                     (fcmp             ) [ 00000000000000000000000000000000000000000000000000000000000000000000000000000000000000000000000000000000000000]
and_ln175_7                (and              ) [ 01110000000000000000000000000000000000000000000000000000000000000000000000000000000000000011111111111111000000]
br_ln175                   (br               ) [ 00000000000000000000000000000000000000000000000000000000000000000000000000000000000000000000000000000000000000]
empty_76                   (or               ) [ 00000000000000000000000000000000000000000000000000000000000000000000000000000000000000000000000000000000000000]
empty_77                   (and              ) [ 00000000000000000000000000000000000000000000000000000000000000000000000000000000000000000000000000000000000000]
tmp_64                     (fcmp             ) [ 00000000000000000000000000000000000000000000000000000000000000000000000000000000000000000000000000000000000000]
empty_78                   (and              ) [ 01110000000000000000000000000000000000000000000000000000000000000000000000000000000000000001111111111111111111]
br_ln167                   (br               ) [ 00000000000000000000000000000000000000000000000000000000000000000000000000000000000000000000000000000000000000]
sub6                       (fsub             ) [ 01110000000000000000000000000000000000000000000000000000000000000000000000000000000000000000001111000000000000]
sub7                       (fsub             ) [ 01110000000000000000000000000000000000000000000000000000000000000000000000000000000000000000000111100000000000]
sub400_1                   (fsub             ) [ 01110000000000000000000000000000000000000000000000000000000000000000000000000000000000000000000011110000000000]
mul7                       (fmul             ) [ 01110000000000000000000000000000000000000000000000000000000000000000000000000000000000000000000000111100000000]
sub400_2                   (fsub             ) [ 01110000000000000000000000000000000000000000000000000000000000000000000000000000000000000000000000111100000000]
sub400_3                   (fsub             ) [ 01110000000000000000000000000000000000000000000000000000000000000000000000000000000000000000000000111110000000]
mul9                       (fmul             ) [ 00010000000000000000000000000000000000000000000000000000000000000000000000000000000000000000000000010000000000]
store_ln177                (store            ) [ 00000000000000000000000000000000000000000000000000000000000000000000000000000000000000000000000000000000000000]
br_ln179                   (br               ) [ 00000000000000000000000000000000000000000000000000000000000000000000000000000000000000000000000000000000000000]
mul401_1                   (fmul             ) [ 01000000000000000000000000000000000000000000000000000000000000000000000000000000000000000000000000001000000000]
store_ln177                (store            ) [ 00000000000000000000000000000000000000000000000000000000000000000000000000000000000000000000000000000000000000]
br_ln179                   (br               ) [ 00000000000000000000000000000000000000000000000000000000000000000000000000000000000000000000000000000000000000]
div7                       (fmul             ) [ 01110000000000000000000000000000000000000000000000000000000000000000000000000000000000000000000000000011110000]
mul401_2                   (fmul             ) [ 00010000000000000000000000000000000000000000000000000000000000000000000000000000000000000000000000000010000000]
store_ln177                (store            ) [ 00000000000000000000000000000000000000000000000000000000000000000000000000000000000000000000000000000000000000]
br_ln179                   (br               ) [ 00000000000000000000000000000000000000000000000000000000000000000000000000000000000000000000000000000000000000]
mul401_3                   (fmul             ) [ 01000000000000000000000000000000000000000000000000000000000000000000000000000000000000000000000000000001000000]
store_ln177                (store            ) [ 00000000000000000000000000000000000000000000000000000000000000000000000000000000000000000000000000000000000000]
br_ln179                   (br               ) [ 00000000000000000000000000000000000000000000000000000000000000000000000000000000000000000000000000000000000000]
mul8                       (fmul             ) [ 01100000000000000000000000000000000000000000000000000000000000000000000000000000000000000000000000000000001100]
p_load                     (load             ) [ 00110000000000000000000000000000000000000000000000000000000000000000000000000000000000000000000000000000000110]
br_ln0                     (br               ) [ 00110000000000000000000000000000000000000000000000000000000000000000000000000000000000000000000000000000000110]
br_ln167                   (br               ) [ 00110000000000000000000000000000000000000000000000000000000000000000000000000000000000000000000000000000000110]
tmp_20                     (call             ) [ 00000000000000000000000000000000000000000000000000000000000000000000000000000000000000000000000000000000000000]
sext_ln169                 (sext             ) [ 00000000000000000000000000000000000000000000000000000000000000000000000000000000000000000000000000000000000000]
trunc_ln                   (partselect       ) [ 00000000000000000000000000000000000000000000000000000000000000000000000000000000000000000000000000000000000000]
add_ln168                  (add              ) [ 00000000000000000000000000000000000000000000000000000000000000000000000000000000000000000000000000000000000000]
tmp_67                     (partselect       ) [ 00000000000000000000000000000000000000000000000000000000000000000000000000000000000000000000000000000000000000]
trunc_ln168                (trunc            ) [ 00000000000000000000000000000000000000000000000000000000000000000000000000000000000000000000000000000000000000]
or_ln2                     (bitconcatenate   ) [ 00110000000000000000000000000000000000000000000000000000000000000000000000000000000000000000000000000000000110]
br_ln170                   (br               ) [ 00110000000000000000000000000000000000000000000000000000000000000000000000000000000000000000000000000000000110]
tmp_21                     (call             ) [ 00010000000000000000000000000000000000000000000000000000000000000000000000000000000000000000000000000000000010]
empty_74                   (phi              ) [ 00010000000000000000000000000000000000000000000000000000000000000000000000000000000000000000000000000000000010]
br_ln0                     (br               ) [ 00000000000000000000000000000000000000000000000000000000000000000000000000000000000000000000000000000000000000]
br_ln167                   (br               ) [ 00000000000000000000000000000000000000000000000000000000000000000000000000000000000000000000000000000000000000]
sext_ln169_1               (sext             ) [ 00000000000000000000000000000000000000000000000000000000000000000000000000000000000000000000000000000000000000]
trunc_ln168_1              (partselect       ) [ 00000000000000000000000000000000000000000000000000000000000000000000000000000000000000000000000000000000000000]
add_ln168_1                (add              ) [ 00000000000000000000000000000000000000000000000000000000000000000000000000000000000000000000000000000000000000]
tmp_70                     (partselect       ) [ 00000000000000000000000000000000000000000000000000000000000000000000000000000000000000000000000000000000000000]
trunc_ln168_4              (trunc            ) [ 00000000000000000000000000000000000000000000000000000000000000000000000000000000000000000000000000000000000000]
or_ln168_1                 (bitconcatenate   ) [ 00000000000000000000000000000000000000000000000000000000000000000000000000000000000000000000000000000000000000]
br_ln170                   (br               ) [ 00000000000000000000000000000000000000000000000000000000000000000000000000000000000000000000000000000000000000]
empty_73                   (phi              ) [ 01010000000000000000000000000000000000000000000000000000000000000000000000000000000000000000000000000000000011]
br_ln163                   (br               ) [ 00000000000000000000000000000000000000000000000000000000000000000000000000000000000000000000000000000000000000]
br_ln0                     (br               ) [ 01010000000000000000000000000000000000000000000000000000000000000000000000000000000000000000000000000000000011]
br_ln167                   (br               ) [ 01010000000000000000000000000000000000000000000000000000000000000000000000000000000000000000000000000000000011]
tmp_22                     (call             ) [ 00000000000000000000000000000000000000000000000000000000000000000000000000000000000000000000000000000000000000]
sext_ln169_2               (sext             ) [ 00000000000000000000000000000000000000000000000000000000000000000000000000000000000000000000000000000000000000]
trunc_ln168_2              (partselect       ) [ 00000000000000000000000000000000000000000000000000000000000000000000000000000000000000000000000000000000000000]
add_ln168_2                (add              ) [ 01000000000000000000000000000000000000000000000000000000000000000000000000000000000000000000000000000000000001]
tmp_23                     (call             ) [ 01000000000000000000000000000000000000000000000000000000000000000000000000000000000000000000000000000000000001]
tmp_73                     (partselect       ) [ 00000000000000000000000000000000000000000000000000000000000000000000000000000000000000000000000000000000000000]
trunc_ln168_5              (trunc            ) [ 00000000000000000000000000000000000000000000000000000000000000000000000000000000000000000000000000000000000000]
or_ln168_2                 (bitconcatenate   ) [ 00000000000000000000000000000000000000000000000000000000000000000000000000000000000000000000000000000000000000]
br_ln170                   (br               ) [ 00000000000000000000000000000000000000000000000000000000000000000000000000000000000000000000000000000000000000]
empty_72                   (phi              ) [ 01000000000000000000000000000000000000000000000000000000000000000000000000000000000000000000000000000000000001]
store_ln168                (store            ) [ 00000000000000000000000000000000000000000000000000000000000000000000000000000000000000000000000000000000000000]
br_ln0                     (br               ) [ 00000000000000000000000000000000000000000000000000000000000000000000000000000000000000000000000000000000000000]
store_ln168                (store            ) [ 00000000000000000000000000000000000000000000000000000000000000000000000000000000000000000000000000000000000000]
br_ln167                   (br               ) [ 00000000000000000000000000000000000000000000000000000000000000000000000000000000000000000000000000000000000000]
sext_ln169_3               (sext             ) [ 00000000000000000000000000000000000000000000000000000000000000000000000000000000000000000000000000000000000000]
trunc_ln168_3              (partselect       ) [ 00000000000000000000000000000000000000000000000000000000000000000000000000000000000000000000000000000000000000]
add_ln168_3                (add              ) [ 00000000000000000000000000000000000000000000000000000000000000000000000000000000000000000000000000000000000000]
tmp_76                     (partselect       ) [ 00000000000000000000000000000000000000000000000000000000000000000000000000000000000000000000000000000000000000]
trunc_ln168_6              (trunc            ) [ 00000000000000000000000000000000000000000000000000000000000000000000000000000000000000000000000000000000000000]
or_ln168_3                 (bitconcatenate   ) [ 00000000000000000000000000000000000000000000000000000000000000000000000000000000000000000000000000000000000000]
store_ln168                (store            ) [ 00000000000000000000000000000000000000000000000000000000000000000000000000000000000000000000000000000000000000]
br_ln170                   (br               ) [ 00000000000000000000000000000000000000000000000000000000000000000000000000000000000000000000000000000000000000]
write_ln168                (write            ) [ 00000000000000000000000000000000000000000000000000000000000000000000000000000000000000000000000000000000000000]
ret_ln0                    (ret              ) [ 00000000000000000000000000000000000000000000000000000000000000000000000000000000000000000000000000000000000000]
</LifeTime>

<model>

<comp_list>
<comp id="0" class="1000" name="empty">
<pin_list>
<pin id="1" dir="1" index="0" bw="1" slack="0"/>
</pin_list>
<bind>
<StgValue><ssdm name="empty"/></StgValue>
</bind>
</comp>

<comp id="2" class="1000" name="p_ground">
<pin_list>
<pin id="3" dir="1" index="0" bw="1" slack="0"/>
</pin_list>
<bind>
<StgValue><ssdm name="p_ground"/><MemPortTyVec>1 1 </MemPortTyVec>
</StgValue>
</bind>
</comp>

<comp id="4" class="1000" name="spillage_flag">
<pin_list>
<pin id="5" dir="1" index="0" bw="1" slack="0"/>
</pin_list>
<bind>
<StgValue><ssdm name="spillage_flag"/><MemPortTyVec>0 3 </MemPortTyVec>
</StgValue>
</bind>
</comp>

<comp id="6" class="1000" name="spillage_level">
<pin_list>
<pin id="7" dir="1" index="0" bw="1" slack="0"/>
</pin_list>
<bind>
<StgValue><ssdm name="spillage_level"/><MemPortTyVec>0 3 </MemPortTyVec>
</StgValue>
</bind>
</comp>

<comp id="8" class="1000" name="water_level">
<pin_list>
<pin id="9" dir="1" index="0" bw="1" slack="0"/>
</pin_list>
<bind>
<StgValue><ssdm name="water_level"/><MemPortTyVec>1 1 3 3 3 3 3 3 3 3 3 3 3 3 3 3 3 </MemPortTyVec>
</StgValue>
</bind>
</comp>

<comp id="10" class="1000" name="water_level_1">
<pin_list>
<pin id="11" dir="1" index="0" bw="1" slack="0"/>
</pin_list>
<bind>
<StgValue><ssdm name="water_level_1"/><MemPortTyVec>1 1 3 3 3 3 3 3 3 3 3 3 3 3 3 3 3 </MemPortTyVec>
</StgValue>
</bind>
</comp>

<comp id="12" class="1000" name="water_level_2">
<pin_list>
<pin id="13" dir="1" index="0" bw="1" slack="0"/>
</pin_list>
<bind>
<StgValue><ssdm name="water_level_2"/><MemPortTyVec>1 1 3 3 3 3 3 3 3 3 3 3 3 3 3 3 3 </MemPortTyVec>
</StgValue>
</bind>
</comp>

<comp id="14" class="1000" name="spillage_from_neigh">
<pin_list>
<pin id="15" dir="1" index="0" bw="1" slack="0"/>
</pin_list>
<bind>
<StgValue><ssdm name="spillage_from_neigh"/><MemPortTyVec>0 3 </MemPortTyVec>
</StgValue>
</bind>
</comp>

<comp id="16" class="1000" name="spillage_from_neigh_1">
<pin_list>
<pin id="17" dir="1" index="0" bw="1" slack="0"/>
</pin_list>
<bind>
<StgValue><ssdm name="spillage_from_neigh_1"/><MemPortTyVec>0 3 </MemPortTyVec>
</StgValue>
</bind>
</comp>

<comp id="18" class="1000" name="spillage_from_neigh_2">
<pin_list>
<pin id="19" dir="1" index="0" bw="1" slack="0"/>
</pin_list>
<bind>
<StgValue><ssdm name="spillage_from_neigh_2"/><MemPortTyVec>0 3 </MemPortTyVec>
</StgValue>
</bind>
</comp>

<comp id="20" class="1000" name="spillage_from_neigh_3">
<pin_list>
<pin id="21" dir="1" index="0" bw="1" slack="0"/>
</pin_list>
<bind>
<StgValue><ssdm name="spillage_from_neigh_3"/><MemPortTyVec>0 3 </MemPortTyVec>
</StgValue>
</bind>
</comp>

<comp id="22" class="1000" name="p_out">
<pin_list>
<pin id="23" dir="1" index="0" bw="1" slack="0"/>
</pin_list>
<bind>
<StgValue><ssdm name="p_out"/></StgValue>
</bind>
</comp>

<comp id="24" class="1001" name="const_24">
<pin_list>
<pin id="25" dir="1" index="0" bw="1" slack="0"/>
</pin_list>
<bind>
<StgValue><ssdm name=""/></StgValue>
</bind>
</comp>

<comp id="26" class="1001" name="const_26">
<pin_list>
<pin id="27" dir="1" index="0" bw="1" slack="2147483647"/>
</pin_list>
<bind>
<StgValue><ssdm name="_ssdm_op_SpecInterface"/></StgValue>
</bind>
</comp>

<comp id="28" class="1001" name="const_28">
<pin_list>
<pin id="29" dir="1" index="0" bw="1" slack="2147483647"/>
</pin_list>
<bind>
<StgValue><ssdm name="empty_4"/></StgValue>
</bind>
</comp>

<comp id="30" class="1001" name="const_30">
<pin_list>
<pin id="31" dir="1" index="0" bw="1" slack="0"/>
</pin_list>
<bind>
<StgValue><ssdm name=""/></StgValue>
</bind>
</comp>

<comp id="32" class="1001" name="const_32">
<pin_list>
<pin id="33" dir="1" index="0" bw="1" slack="2147483647"/>
</pin_list>
<bind>
<StgValue><ssdm name="empty_3"/></StgValue>
</bind>
</comp>

<comp id="34" class="1001" name="const_34">
<pin_list>
<pin id="35" dir="1" index="0" bw="1" slack="2147483647"/>
</pin_list>
<bind>
<StgValue><ssdm name=""/></StgValue>
</bind>
</comp>

<comp id="36" class="1001" name="const_36">
<pin_list>
<pin id="37" dir="1" index="0" bw="1" slack="0"/>
</pin_list>
<bind>
<StgValue><ssdm name="_ssdm_op_Read.ap_auto.i416"/></StgValue>
</bind>
</comp>

<comp id="38" class="1001" name="const_38">
<pin_list>
<pin id="39" dir="1" index="0" bw="1" slack="0"/>
</pin_list>
<bind>
<StgValue><ssdm name=""/></StgValue>
</bind>
</comp>

<comp id="40" class="1001" name="const_40">
<pin_list>
<pin id="41" dir="1" index="0" bw="1" slack="0"/>
</pin_list>
<bind>
<StgValue><ssdm name=""/></StgValue>
</bind>
</comp>

<comp id="42" class="1001" name="const_42">
<pin_list>
<pin id="43" dir="1" index="0" bw="1" slack="0"/>
</pin_list>
<bind>
<StgValue><ssdm name=""/></StgValue>
</bind>
</comp>

<comp id="44" class="1001" name="const_44">
<pin_list>
<pin id="45" dir="1" index="0" bw="1" slack="0"/>
</pin_list>
<bind>
<StgValue><ssdm name=""/></StgValue>
</bind>
</comp>

<comp id="46" class="1001" name="const_46">
<pin_list>
<pin id="47" dir="1" index="0" bw="1" slack="0"/>
</pin_list>
<bind>
<StgValue><ssdm name=""/></StgValue>
</bind>
</comp>

<comp id="48" class="1001" name="const_48">
<pin_list>
<pin id="49" dir="1" index="0" bw="1" slack="0"/>
</pin_list>
<bind>
<StgValue><ssdm name=""/></StgValue>
</bind>
</comp>

<comp id="50" class="1001" name="const_50">
<pin_list>
<pin id="51" dir="1" index="0" bw="1" slack="0"/>
</pin_list>
<bind>
<StgValue><ssdm name=""/></StgValue>
</bind>
</comp>

<comp id="52" class="1001" name="const_52">
<pin_list>
<pin id="53" dir="1" index="0" bw="1" slack="0"/>
</pin_list>
<bind>
<StgValue><ssdm name=""/></StgValue>
</bind>
</comp>

<comp id="54" class="1001" name="const_54">
<pin_list>
<pin id="55" dir="1" index="0" bw="1" slack="0"/>
</pin_list>
<bind>
<StgValue><ssdm name="_ssdm_op_PartSelect.i5.i13.i32.i32"/></StgValue>
</bind>
</comp>

<comp id="56" class="1001" name="const_56">
<pin_list>
<pin id="57" dir="1" index="0" bw="1" slack="0"/>
</pin_list>
<bind>
<StgValue><ssdm name=""/></StgValue>
</bind>
</comp>

<comp id="58" class="1001" name="const_58">
<pin_list>
<pin id="59" dir="1" index="0" bw="1" slack="0"/>
</pin_list>
<bind>
<StgValue><ssdm name=""/></StgValue>
</bind>
</comp>

<comp id="60" class="1001" name="const_60">
<pin_list>
<pin id="61" dir="1" index="0" bw="1" slack="0"/>
</pin_list>
<bind>
<StgValue><ssdm name="_ssdm_op_BitConcatenate.i10.i6.i4"/></StgValue>
</bind>
</comp>

<comp id="62" class="1001" name="const_62">
<pin_list>
<pin id="63" dir="1" index="0" bw="1" slack="0"/>
</pin_list>
<bind>
<StgValue><ssdm name=""/></StgValue>
</bind>
</comp>

<comp id="64" class="1001" name="const_64">
<pin_list>
<pin id="65" dir="1" index="0" bw="1" slack="0"/>
</pin_list>
<bind>
<StgValue><ssdm name=""/></StgValue>
</bind>
</comp>

<comp id="66" class="1001" name="const_66">
<pin_list>
<pin id="67" dir="1" index="0" bw="1" slack="0"/>
</pin_list>
<bind>
<StgValue><ssdm name=""/></StgValue>
</bind>
</comp>

<comp id="68" class="1001" name="const_68">
<pin_list>
<pin id="69" dir="1" index="0" bw="1" slack="0"/>
</pin_list>
<bind>
<StgValue><ssdm name="_ssdm_op_SparseMux.ap_auto.3i32.i32.i2"/></StgValue>
</bind>
</comp>

<comp id="70" class="1001" name="const_70">
<pin_list>
<pin id="71" dir="1" index="0" bw="1" slack="0"/>
</pin_list>
<bind>
<StgValue><ssdm name=""/></StgValue>
</bind>
</comp>

<comp id="72" class="1001" name="const_72">
<pin_list>
<pin id="73" dir="1" index="0" bw="1" slack="0"/>
</pin_list>
<bind>
<StgValue><ssdm name=""/></StgValue>
</bind>
</comp>

<comp id="74" class="1001" name="const_74">
<pin_list>
<pin id="75" dir="1" index="0" bw="1" slack="0"/>
</pin_list>
<bind>
<StgValue><ssdm name=""/></StgValue>
</bind>
</comp>

<comp id="76" class="1001" name="const_76">
<pin_list>
<pin id="77" dir="1" index="0" bw="1" slack="0"/>
</pin_list>
<bind>
<StgValue><ssdm name=""/></StgValue>
</bind>
</comp>

<comp id="78" class="1001" name="const_78">
<pin_list>
<pin id="79" dir="1" index="0" bw="1" slack="0"/>
</pin_list>
<bind>
<StgValue><ssdm name=""/></StgValue>
</bind>
</comp>

<comp id="80" class="1001" name="const_80">
<pin_list>
<pin id="81" dir="1" index="0" bw="1" slack="0"/>
</pin_list>
<bind>
<StgValue><ssdm name="_ssdm_op_PartSelect.i10.i65.i32.i32"/></StgValue>
</bind>
</comp>

<comp id="82" class="1001" name="const_82">
<pin_list>
<pin id="83" dir="1" index="0" bw="1" slack="0"/>
</pin_list>
<bind>
<StgValue><ssdm name=""/></StgValue>
</bind>
</comp>

<comp id="84" class="1001" name="const_84">
<pin_list>
<pin id="85" dir="1" index="0" bw="1" slack="0"/>
</pin_list>
<bind>
<StgValue><ssdm name=""/></StgValue>
</bind>
</comp>

<comp id="86" class="1001" name="const_86">
<pin_list>
<pin id="87" dir="1" index="0" bw="1" slack="0"/>
</pin_list>
<bind>
<StgValue><ssdm name=""/></StgValue>
</bind>
</comp>

<comp id="88" class="1001" name="const_88">
<pin_list>
<pin id="89" dir="1" index="0" bw="1" slack="0"/>
</pin_list>
<bind>
<StgValue><ssdm name=""/></StgValue>
</bind>
</comp>

<comp id="90" class="1001" name="const_90">
<pin_list>
<pin id="91" dir="1" index="0" bw="1" slack="0"/>
</pin_list>
<bind>
<StgValue><ssdm name=""/></StgValue>
</bind>
</comp>

<comp id="92" class="1001" name="const_92">
<pin_list>
<pin id="93" dir="1" index="0" bw="1" slack="0"/>
</pin_list>
<bind>
<StgValue><ssdm name=""/></StgValue>
</bind>
</comp>

<comp id="94" class="1001" name="const_94">
<pin_list>
<pin id="95" dir="1" index="0" bw="1" slack="2147483647"/>
</pin_list>
<bind>
<StgValue><ssdm name="_ssdm_op_SpecLoopName"/></StgValue>
</bind>
</comp>

<comp id="96" class="1001" name="const_96">
<pin_list>
<pin id="97" dir="1" index="0" bw="1" slack="2147483647"/>
</pin_list>
<bind>
<StgValue><ssdm name="VITIS_LOOP_109_9_VITIS_LOOP_110_10_str"/></StgValue>
</bind>
</comp>

<comp id="98" class="1001" name="const_98">
<pin_list>
<pin id="99" dir="1" index="0" bw="1" slack="2147483647"/>
</pin_list>
<bind>
<StgValue><ssdm name="_ssdm_op_SpecLoopTripCount"/></StgValue>
</bind>
</comp>

<comp id="100" class="1001" name="const_100">
<pin_list>
<pin id="101" dir="1" index="0" bw="1" slack="2147483647"/>
</pin_list>
<bind>
<StgValue><ssdm name=""/></StgValue>
</bind>
</comp>

<comp id="102" class="1001" name="const_102">
<pin_list>
<pin id="103" dir="1" index="0" bw="1" slack="2147483647"/>
</pin_list>
<bind>
<StgValue><ssdm name="_ssdm_op_SpecPipeline"/></StgValue>
</bind>
</comp>

<comp id="104" class="1001" name="const_104">
<pin_list>
<pin id="105" dir="1" index="0" bw="1" slack="0"/>
</pin_list>
<bind>
<StgValue><ssdm name="_ssdm_op_PartSelect.i8.i32.i32.i32"/></StgValue>
</bind>
</comp>

<comp id="106" class="1001" name="const_106">
<pin_list>
<pin id="107" dir="1" index="0" bw="1" slack="0"/>
</pin_list>
<bind>
<StgValue><ssdm name=""/></StgValue>
</bind>
</comp>

<comp id="108" class="1001" name="const_108">
<pin_list>
<pin id="109" dir="1" index="0" bw="1" slack="0"/>
</pin_list>
<bind>
<StgValue><ssdm name=""/></StgValue>
</bind>
</comp>

<comp id="110" class="1001" name="const_110">
<pin_list>
<pin id="111" dir="1" index="0" bw="1" slack="0"/>
</pin_list>
<bind>
<StgValue><ssdm name=""/></StgValue>
</bind>
</comp>

<comp id="112" class="1001" name="const_112">
<pin_list>
<pin id="113" dir="1" index="0" bw="1" slack="0"/>
</pin_list>
<bind>
<StgValue><ssdm name=""/></StgValue>
</bind>
</comp>

<comp id="114" class="1001" name="const_114">
<pin_list>
<pin id="115" dir="1" index="0" bw="1" slack="0"/>
</pin_list>
<bind>
<StgValue><ssdm name=""/></StgValue>
</bind>
</comp>

<comp id="116" class="1001" name="const_116">
<pin_list>
<pin id="117" dir="1" index="0" bw="1" slack="0"/>
</pin_list>
<bind>
<StgValue><ssdm name="_ssdm_op_PartSelect.i11.i64.i32.i32"/></StgValue>
</bind>
</comp>

<comp id="118" class="1001" name="const_118">
<pin_list>
<pin id="119" dir="1" index="0" bw="1" slack="0"/>
</pin_list>
<bind>
<StgValue><ssdm name=""/></StgValue>
</bind>
</comp>

<comp id="120" class="1001" name="const_120">
<pin_list>
<pin id="121" dir="1" index="0" bw="1" slack="0"/>
</pin_list>
<bind>
<StgValue><ssdm name=""/></StgValue>
</bind>
</comp>

<comp id="122" class="1001" name="const_122">
<pin_list>
<pin id="123" dir="1" index="0" bw="1" slack="0"/>
</pin_list>
<bind>
<StgValue><ssdm name=""/></StgValue>
</bind>
</comp>

<comp id="124" class="1001" name="const_124">
<pin_list>
<pin id="125" dir="1" index="0" bw="1" slack="0"/>
</pin_list>
<bind>
<StgValue><ssdm name=""/></StgValue>
</bind>
</comp>

<comp id="126" class="1001" name="const_126">
<pin_list>
<pin id="127" dir="1" index="0" bw="1" slack="0"/>
</pin_list>
<bind>
<StgValue><ssdm name=""/></StgValue>
</bind>
</comp>

<comp id="128" class="1001" name="const_128">
<pin_list>
<pin id="129" dir="1" index="0" bw="1" slack="0"/>
</pin_list>
<bind>
<StgValue><ssdm name=""/></StgValue>
</bind>
</comp>

<comp id="130" class="1001" name="const_130">
<pin_list>
<pin id="131" dir="1" index="0" bw="1" slack="0"/>
</pin_list>
<bind>
<StgValue><ssdm name=""/></StgValue>
</bind>
</comp>

<comp id="132" class="1001" name="const_132">
<pin_list>
<pin id="133" dir="1" index="0" bw="1" slack="0"/>
</pin_list>
<bind>
<StgValue><ssdm name="__hls_fptosi_float_i32"/></StgValue>
</bind>
</comp>

<comp id="134" class="1001" name="const_134">
<pin_list>
<pin id="135" dir="1" index="0" bw="1" slack="0"/>
</pin_list>
<bind>
<StgValue><ssdm name="_ssdm_op_PartSelect.i64.i416.i32.i32"/></StgValue>
</bind>
</comp>

<comp id="136" class="1001" name="const_136">
<pin_list>
<pin id="137" dir="1" index="0" bw="1" slack="0"/>
</pin_list>
<bind>
<StgValue><ssdm name=""/></StgValue>
</bind>
</comp>

<comp id="138" class="1001" name="const_138">
<pin_list>
<pin id="139" dir="1" index="0" bw="1" slack="0"/>
</pin_list>
<bind>
<StgValue><ssdm name=""/></StgValue>
</bind>
</comp>

<comp id="140" class="1001" name="const_140">
<pin_list>
<pin id="141" dir="1" index="0" bw="1" slack="0"/>
</pin_list>
<bind>
<StgValue><ssdm name=""/></StgValue>
</bind>
</comp>

<comp id="142" class="1001" name="const_142">
<pin_list>
<pin id="143" dir="1" index="0" bw="1" slack="0"/>
</pin_list>
<bind>
<StgValue><ssdm name=""/></StgValue>
</bind>
</comp>

<comp id="144" class="1001" name="const_144">
<pin_list>
<pin id="145" dir="1" index="0" bw="1" slack="0"/>
</pin_list>
<bind>
<StgValue><ssdm name="_ssdm_op_BitConcatenate.i416.i64.i64.i288"/></StgValue>
</bind>
</comp>

<comp id="146" class="1001" name="const_146">
<pin_list>
<pin id="147" dir="1" index="0" bw="1" slack="0"/>
</pin_list>
<bind>
<StgValue><ssdm name="_ssdm_op_Write.ap_auto.i416P0A"/></StgValue>
</bind>
</comp>

<comp id="148" class="1004" name="new_col_fu_148">
<pin_list>
<pin id="149" dir="0" index="0" bw="1" slack="0"/>
<pin id="150" dir="1" index="1" bw="6" slack="0"/>
</pin_list>
<bind>
<opcode="alloca(26) " fcode="alloca"/>
<opset="new_col/1 "/>
</bind>
</comp>

<comp id="152" class="1004" name="new_row_2_fu_152">
<pin_list>
<pin id="153" dir="0" index="0" bw="1" slack="0"/>
<pin id="154" dir="1" index="1" bw="6" slack="0"/>
</pin_list>
<bind>
<opcode="alloca(26) " fcode="alloca"/>
<opset="new_row_2/1 "/>
</bind>
</comp>

<comp id="156" class="1004" name="indvar_flatten9_fu_156">
<pin_list>
<pin id="157" dir="0" index="0" bw="1" slack="0"/>
<pin id="158" dir="1" index="1" bw="12" slack="0"/>
</pin_list>
<bind>
<opcode="alloca(26) " fcode="alloca"/>
<opset="indvar_flatten9/1 "/>
</bind>
</comp>

<comp id="160" class="1004" name="empty_69_fu_160">
<pin_list>
<pin id="161" dir="0" index="0" bw="1" slack="0"/>
<pin id="162" dir="1" index="1" bw="416" slack="0"/>
</pin_list>
<bind>
<opcode="alloca(26) " fcode="alloca"/>
<opset="empty_69/1 "/>
</bind>
</comp>

<comp id="164" class="1004" name="tmp_read_fu_164">
<pin_list>
<pin id="165" dir="0" index="0" bw="416" slack="0"/>
<pin id="166" dir="0" index="1" bw="416" slack="0"/>
<pin id="167" dir="1" index="2" bw="416" slack="0"/>
</pin_list>
<bind>
<opcode="read(1150) " fcode="read"/>
<opset="tmp/1 "/>
</bind>
</comp>

<comp id="170" class="1004" name="write_ln168_write_fu_170">
<pin_list>
<pin id="171" dir="0" index="0" bw="0" slack="0"/>
<pin id="172" dir="0" index="1" bw="416" slack="0"/>
<pin id="173" dir="0" index="2" bw="416" slack="0"/>
<pin id="174" dir="1" index="3" bw="0" slack="2147483647"/>
</pin_list>
<bind>
<opcode="write(1151) " fcode="write"/>
<opset="write_ln168/107 "/>
</bind>
</comp>

<comp id="177" class="1004" name="water_level_addr_gep_fu_177">
<pin_list>
<pin id="178" dir="0" index="0" bw="32" slack="0"/>
<pin id="179" dir="0" index="1" bw="1" slack="0"/>
<pin id="180" dir="0" index="2" bw="10" slack="0"/>
<pin id="181" dir="1" index="3" bw="10" slack="0"/>
</pin_list>
<bind>
<opcode="getelementptr(29) " fcode="getelementptr"/>
<opset="water_level_addr/3 "/>
</bind>
</comp>

<comp id="184" class="1004" name="water_level_1_addr_gep_fu_184">
<pin_list>
<pin id="185" dir="0" index="0" bw="32" slack="0"/>
<pin id="186" dir="0" index="1" bw="1" slack="0"/>
<pin id="187" dir="0" index="2" bw="10" slack="0"/>
<pin id="188" dir="1" index="3" bw="10" slack="0"/>
</pin_list>
<bind>
<opcode="getelementptr(29) " fcode="getelementptr"/>
<opset="water_level_1_addr/3 "/>
</bind>
</comp>

<comp id="191" class="1004" name="water_level_2_addr_gep_fu_191">
<pin_list>
<pin id="192" dir="0" index="0" bw="32" slack="0"/>
<pin id="193" dir="0" index="1" bw="1" slack="0"/>
<pin id="194" dir="0" index="2" bw="10" slack="0"/>
<pin id="195" dir="1" index="3" bw="10" slack="0"/>
</pin_list>
<bind>
<opcode="getelementptr(29) " fcode="getelementptr"/>
<opset="water_level_2_addr/3 "/>
</bind>
</comp>

<comp id="198" class="1004" name="grp_access_fu_198">
<pin_list>
<pin id="199" dir="0" index="0" bw="10" slack="0"/>
<pin id="200" dir="0" index="1" bw="32" slack="2147483647"/>
<pin id="201" dir="0" index="2" bw="0" slack="0"/>
<pin id="258" dir="0" index="4" bw="10" slack="2147483647"/>
<pin id="259" dir="0" index="5" bw="32" slack="2147483647"/>
<pin id="260" dir="0" index="6" bw="0" slack="2147483647"/>
<pin id="202" dir="1" index="3" bw="32" slack="0"/>
<pin id="261" dir="1" index="7" bw="32" slack="0"/>
</pin_list>
<bind>
<opcode="load(27) " fcode="load"/>
<opset="water_level_load/3 water_level_load_1/10 water_level_load_2/10 water_level_load_4/11 water_level_load_3/14 "/>
</bind>
</comp>

<comp id="204" class="1004" name="grp_access_fu_204">
<pin_list>
<pin id="205" dir="0" index="0" bw="10" slack="0"/>
<pin id="206" dir="0" index="1" bw="32" slack="2147483647"/>
<pin id="207" dir="0" index="2" bw="0" slack="0"/>
<pin id="263" dir="0" index="4" bw="10" slack="2147483647"/>
<pin id="264" dir="0" index="5" bw="32" slack="2147483647"/>
<pin id="265" dir="0" index="6" bw="0" slack="2147483647"/>
<pin id="208" dir="1" index="3" bw="32" slack="0"/>
<pin id="266" dir="1" index="7" bw="32" slack="0"/>
</pin_list>
<bind>
<opcode="load(27) " fcode="load"/>
<opset="water_level_1_load/3 water_level_1_load_1/10 water_level_1_load_2/10 water_level_1_load_4/11 water_level_1_load_3/14 "/>
</bind>
</comp>

<comp id="210" class="1004" name="grp_access_fu_210">
<pin_list>
<pin id="211" dir="0" index="0" bw="10" slack="0"/>
<pin id="212" dir="0" index="1" bw="32" slack="2147483647"/>
<pin id="213" dir="0" index="2" bw="0" slack="0"/>
<pin id="268" dir="0" index="4" bw="10" slack="2147483647"/>
<pin id="269" dir="0" index="5" bw="32" slack="2147483647"/>
<pin id="270" dir="0" index="6" bw="0" slack="2147483647"/>
<pin id="214" dir="1" index="3" bw="32" slack="0"/>
<pin id="271" dir="1" index="7" bw="32" slack="0"/>
</pin_list>
<bind>
<opcode="load(27) " fcode="load"/>
<opset="water_level_2_load/3 water_level_2_load_1/10 water_level_2_load_2/10 water_level_2_load_4/11 water_level_2_load_3/14 "/>
</bind>
</comp>

<comp id="216" class="1004" name="water_level_addr_1_gep_fu_216">
<pin_list>
<pin id="217" dir="0" index="0" bw="32" slack="0"/>
<pin id="218" dir="0" index="1" bw="1" slack="0"/>
<pin id="219" dir="0" index="2" bw="10" slack="0"/>
<pin id="220" dir="1" index="3" bw="10" slack="0"/>
</pin_list>
<bind>
<opcode="getelementptr(29) " fcode="getelementptr"/>
<opset="water_level_addr_1/10 "/>
</bind>
</comp>

<comp id="223" class="1004" name="water_level_addr_2_gep_fu_223">
<pin_list>
<pin id="224" dir="0" index="0" bw="32" slack="0"/>
<pin id="225" dir="0" index="1" bw="1" slack="0"/>
<pin id="226" dir="0" index="2" bw="10" slack="0"/>
<pin id="227" dir="1" index="3" bw="10" slack="0"/>
</pin_list>
<bind>
<opcode="getelementptr(29) " fcode="getelementptr"/>
<opset="water_level_addr_2/10 "/>
</bind>
</comp>

<comp id="230" class="1004" name="water_level_1_addr_1_gep_fu_230">
<pin_list>
<pin id="231" dir="0" index="0" bw="32" slack="0"/>
<pin id="232" dir="0" index="1" bw="1" slack="0"/>
<pin id="233" dir="0" index="2" bw="10" slack="0"/>
<pin id="234" dir="1" index="3" bw="10" slack="0"/>
</pin_list>
<bind>
<opcode="getelementptr(29) " fcode="getelementptr"/>
<opset="water_level_1_addr_1/10 "/>
</bind>
</comp>

<comp id="237" class="1004" name="water_level_1_addr_2_gep_fu_237">
<pin_list>
<pin id="238" dir="0" index="0" bw="32" slack="0"/>
<pin id="239" dir="0" index="1" bw="1" slack="0"/>
<pin id="240" dir="0" index="2" bw="10" slack="0"/>
<pin id="241" dir="1" index="3" bw="10" slack="0"/>
</pin_list>
<bind>
<opcode="getelementptr(29) " fcode="getelementptr"/>
<opset="water_level_1_addr_2/10 "/>
</bind>
</comp>

<comp id="244" class="1004" name="water_level_2_addr_1_gep_fu_244">
<pin_list>
<pin id="245" dir="0" index="0" bw="32" slack="0"/>
<pin id="246" dir="0" index="1" bw="1" slack="0"/>
<pin id="247" dir="0" index="2" bw="10" slack="0"/>
<pin id="248" dir="1" index="3" bw="10" slack="0"/>
</pin_list>
<bind>
<opcode="getelementptr(29) " fcode="getelementptr"/>
<opset="water_level_2_addr_1/10 "/>
</bind>
</comp>

<comp id="251" class="1004" name="water_level_2_addr_2_gep_fu_251">
<pin_list>
<pin id="252" dir="0" index="0" bw="32" slack="0"/>
<pin id="253" dir="0" index="1" bw="1" slack="0"/>
<pin id="254" dir="0" index="2" bw="10" slack="0"/>
<pin id="255" dir="1" index="3" bw="10" slack="0"/>
</pin_list>
<bind>
<opcode="getelementptr(29) " fcode="getelementptr"/>
<opset="water_level_2_addr_2/10 "/>
</bind>
</comp>

<comp id="276" class="1004" name="water_level_addr_4_gep_fu_276">
<pin_list>
<pin id="277" dir="0" index="0" bw="32" slack="0"/>
<pin id="278" dir="0" index="1" bw="1" slack="0"/>
<pin id="279" dir="0" index="2" bw="10" slack="0"/>
<pin id="280" dir="1" index="3" bw="10" slack="0"/>
</pin_list>
<bind>
<opcode="getelementptr(29) " fcode="getelementptr"/>
<opset="water_level_addr_4/11 "/>
</bind>
</comp>

<comp id="283" class="1004" name="water_level_1_addr_4_gep_fu_283">
<pin_list>
<pin id="284" dir="0" index="0" bw="32" slack="0"/>
<pin id="285" dir="0" index="1" bw="1" slack="0"/>
<pin id="286" dir="0" index="2" bw="10" slack="0"/>
<pin id="287" dir="1" index="3" bw="10" slack="0"/>
</pin_list>
<bind>
<opcode="getelementptr(29) " fcode="getelementptr"/>
<opset="water_level_1_addr_4/11 "/>
</bind>
</comp>

<comp id="290" class="1004" name="water_level_2_addr_4_gep_fu_290">
<pin_list>
<pin id="291" dir="0" index="0" bw="32" slack="0"/>
<pin id="292" dir="0" index="1" bw="1" slack="0"/>
<pin id="293" dir="0" index="2" bw="10" slack="0"/>
<pin id="294" dir="1" index="3" bw="10" slack="0"/>
</pin_list>
<bind>
<opcode="getelementptr(29) " fcode="getelementptr"/>
<opset="water_level_2_addr_4/11 "/>
</bind>
</comp>

<comp id="300" class="1004" name="water_level_addr_3_gep_fu_300">
<pin_list>
<pin id="301" dir="0" index="0" bw="32" slack="0"/>
<pin id="302" dir="0" index="1" bw="1" slack="0"/>
<pin id="303" dir="0" index="2" bw="10" slack="0"/>
<pin id="304" dir="1" index="3" bw="10" slack="0"/>
</pin_list>
<bind>
<opcode="getelementptr(29) " fcode="getelementptr"/>
<opset="water_level_addr_3/14 "/>
</bind>
</comp>

<comp id="307" class="1004" name="water_level_1_addr_3_gep_fu_307">
<pin_list>
<pin id="308" dir="0" index="0" bw="32" slack="0"/>
<pin id="309" dir="0" index="1" bw="1" slack="0"/>
<pin id="310" dir="0" index="2" bw="10" slack="0"/>
<pin id="311" dir="1" index="3" bw="10" slack="0"/>
</pin_list>
<bind>
<opcode="getelementptr(29) " fcode="getelementptr"/>
<opset="water_level_1_addr_3/14 "/>
</bind>
</comp>

<comp id="314" class="1004" name="water_level_2_addr_3_gep_fu_314">
<pin_list>
<pin id="315" dir="0" index="0" bw="32" slack="0"/>
<pin id="316" dir="0" index="1" bw="1" slack="0"/>
<pin id="317" dir="0" index="2" bw="10" slack="0"/>
<pin id="318" dir="1" index="3" bw="10" slack="0"/>
</pin_list>
<bind>
<opcode="getelementptr(29) " fcode="getelementptr"/>
<opset="water_level_2_addr_3/14 "/>
</bind>
</comp>

<comp id="324" class="1004" name="p_ground_addr_gep_fu_324">
<pin_list>
<pin id="325" dir="0" index="0" bw="32" slack="0"/>
<pin id="326" dir="0" index="1" bw="1" slack="0"/>
<pin id="327" dir="0" index="2" bw="12" slack="0"/>
<pin id="328" dir="1" index="3" bw="12" slack="0"/>
</pin_list>
<bind>
<opcode="getelementptr(29) " fcode="getelementptr"/>
<opset="p_ground_addr/25 "/>
</bind>
</comp>

<comp id="331" class="1004" name="spillage_flag_addr_gep_fu_331">
<pin_list>
<pin id="332" dir="0" index="0" bw="32" slack="0"/>
<pin id="333" dir="0" index="1" bw="1" slack="0"/>
<pin id="334" dir="0" index="2" bw="12" slack="0"/>
<pin id="335" dir="1" index="3" bw="12" slack="63"/>
</pin_list>
<bind>
<opcode="getelementptr(29) " fcode="getelementptr"/>
<opset="spillage_flag_addr/25 "/>
</bind>
</comp>

<comp id="338" class="1004" name="spillage_level_addr_gep_fu_338">
<pin_list>
<pin id="339" dir="0" index="0" bw="32" slack="0"/>
<pin id="340" dir="0" index="1" bw="1" slack="0"/>
<pin id="341" dir="0" index="2" bw="12" slack="0"/>
<pin id="342" dir="1" index="3" bw="12" slack="63"/>
</pin_list>
<bind>
<opcode="getelementptr(29) " fcode="getelementptr"/>
<opset="spillage_level_addr/25 "/>
</bind>
</comp>

<comp id="345" class="1004" name="grp_access_fu_345">
<pin_list>
<pin id="346" dir="0" index="0" bw="12" slack="0"/>
<pin id="347" dir="0" index="1" bw="32" slack="2147483647"/>
<pin id="348" dir="0" index="2" bw="0" slack="0"/>
<pin id="350" dir="0" index="4" bw="12" slack="2147483647"/>
<pin id="351" dir="0" index="5" bw="32" slack="2147483647"/>
<pin id="352" dir="0" index="6" bw="0" slack="2147483647"/>
<pin id="349" dir="1" index="3" bw="32" slack="1"/>
<pin id="353" dir="1" index="7" bw="32" slack="1"/>
</pin_list>
<bind>
<opcode="load(27) " fcode="load"/>
<opset="p_ground_load/25 p_ground_load_1/25 p_ground_load_2/26 p_ground_load_4/27 p_ground_load_3/29 "/>
</bind>
</comp>

<comp id="355" class="1004" name="p_ground_addr_1_gep_fu_355">
<pin_list>
<pin id="356" dir="0" index="0" bw="32" slack="0"/>
<pin id="357" dir="0" index="1" bw="1" slack="0"/>
<pin id="358" dir="0" index="2" bw="12" slack="0"/>
<pin id="359" dir="1" index="3" bw="12" slack="0"/>
</pin_list>
<bind>
<opcode="getelementptr(29) " fcode="getelementptr"/>
<opset="p_ground_addr_1/25 "/>
</bind>
</comp>

<comp id="362" class="1004" name="spillage_from_neigh_addr_gep_fu_362">
<pin_list>
<pin id="363" dir="0" index="0" bw="32" slack="0"/>
<pin id="364" dir="0" index="1" bw="1" slack="0"/>
<pin id="365" dir="0" index="2" bw="12" slack="0"/>
<pin id="366" dir="1" index="3" bw="12" slack="74"/>
</pin_list>
<bind>
<opcode="getelementptr(29) " fcode="getelementptr"/>
<opset="spillage_from_neigh_addr/25 "/>
</bind>
</comp>

<comp id="370" class="1004" name="p_ground_addr_2_gep_fu_370">
<pin_list>
<pin id="371" dir="0" index="0" bw="32" slack="0"/>
<pin id="372" dir="0" index="1" bw="1" slack="0"/>
<pin id="373" dir="0" index="2" bw="12" slack="0"/>
<pin id="374" dir="1" index="3" bw="12" slack="0"/>
</pin_list>
<bind>
<opcode="getelementptr(29) " fcode="getelementptr"/>
<opset="p_ground_addr_2/26 "/>
</bind>
</comp>

<comp id="377" class="1004" name="spillage_from_neigh_1_addr_gep_fu_377">
<pin_list>
<pin id="378" dir="0" index="0" bw="32" slack="0"/>
<pin id="379" dir="0" index="1" bw="1" slack="0"/>
<pin id="380" dir="0" index="2" bw="12" slack="0"/>
<pin id="381" dir="1" index="3" bw="12" slack="74"/>
</pin_list>
<bind>
<opcode="getelementptr(29) " fcode="getelementptr"/>
<opset="spillage_from_neigh_1_addr/26 "/>
</bind>
</comp>

<comp id="385" class="1004" name="p_ground_addr_4_gep_fu_385">
<pin_list>
<pin id="386" dir="0" index="0" bw="32" slack="0"/>
<pin id="387" dir="0" index="1" bw="1" slack="0"/>
<pin id="388" dir="0" index="2" bw="12" slack="0"/>
<pin id="389" dir="1" index="3" bw="12" slack="0"/>
</pin_list>
<bind>
<opcode="getelementptr(29) " fcode="getelementptr"/>
<opset="p_ground_addr_4/27 "/>
</bind>
</comp>

<comp id="392" class="1004" name="spillage_from_neigh_3_addr_gep_fu_392">
<pin_list>
<pin id="393" dir="0" index="0" bw="32" slack="0"/>
<pin id="394" dir="0" index="1" bw="1" slack="0"/>
<pin id="395" dir="0" index="2" bw="12" slack="0"/>
<pin id="396" dir="1" index="3" bw="12" slack="76"/>
</pin_list>
<bind>
<opcode="getelementptr(29) " fcode="getelementptr"/>
<opset="spillage_from_neigh_3_addr/27 "/>
</bind>
</comp>

<comp id="400" class="1004" name="p_ground_addr_3_gep_fu_400">
<pin_list>
<pin id="401" dir="0" index="0" bw="32" slack="0"/>
<pin id="402" dir="0" index="1" bw="1" slack="0"/>
<pin id="403" dir="0" index="2" bw="12" slack="0"/>
<pin id="404" dir="1" index="3" bw="12" slack="0"/>
</pin_list>
<bind>
<opcode="getelementptr(29) " fcode="getelementptr"/>
<opset="p_ground_addr_3/29 "/>
</bind>
</comp>

<comp id="407" class="1004" name="spillage_from_neigh_2_addr_gep_fu_407">
<pin_list>
<pin id="408" dir="0" index="0" bw="32" slack="0"/>
<pin id="409" dir="0" index="1" bw="1" slack="0"/>
<pin id="410" dir="0" index="2" bw="12" slack="0"/>
<pin id="411" dir="1" index="3" bw="12" slack="73"/>
</pin_list>
<bind>
<opcode="getelementptr(29) " fcode="getelementptr"/>
<opset="spillage_from_neigh_2_addr/29 "/>
</bind>
</comp>

<comp id="415" class="1004" name="store_ln152_access_fu_415">
<pin_list>
<pin id="416" dir="0" index="0" bw="12" slack="63"/>
<pin id="417" dir="0" index="1" bw="32" slack="0"/>
<pin id="418" dir="0" index="2" bw="0" slack="2147483647"/>
<pin id="419" dir="1" index="3" bw="32" slack="2147483647"/>
</pin_list>
<bind>
<opcode="store(28) " fcode="store"/>
<opset="store_ln152/88 "/>
</bind>
</comp>

<comp id="421" class="1004" name="store_ln153_access_fu_421">
<pin_list>
<pin id="422" dir="0" index="0" bw="12" slack="63"/>
<pin id="423" dir="0" index="1" bw="32" slack="37"/>
<pin id="424" dir="0" index="2" bw="0" slack="2147483647"/>
<pin id="425" dir="1" index="3" bw="32" slack="2147483647"/>
</pin_list>
<bind>
<opcode="store(28) " fcode="store"/>
<opset="store_ln153/88 "/>
</bind>
</comp>

<comp id="426" class="1004" name="store_ln177_access_fu_426">
<pin_list>
<pin id="427" dir="0" index="0" bw="12" slack="74"/>
<pin id="428" dir="0" index="1" bw="32" slack="1"/>
<pin id="429" dir="0" index="2" bw="0" slack="2147483647"/>
<pin id="430" dir="1" index="3" bw="32" slack="2147483647"/>
</pin_list>
<bind>
<opcode="store(28) " fcode="store"/>
<opset="store_ln177/99 "/>
</bind>
</comp>

<comp id="431" class="1004" name="store_ln177_access_fu_431">
<pin_list>
<pin id="432" dir="0" index="0" bw="12" slack="74"/>
<pin id="433" dir="0" index="1" bw="32" slack="1"/>
<pin id="434" dir="0" index="2" bw="0" slack="2147483647"/>
<pin id="435" dir="1" index="3" bw="32" slack="2147483647"/>
</pin_list>
<bind>
<opcode="store(28) " fcode="store"/>
<opset="store_ln177/100 "/>
</bind>
</comp>

<comp id="436" class="1004" name="store_ln177_access_fu_436">
<pin_list>
<pin id="437" dir="0" index="0" bw="12" slack="73"/>
<pin id="438" dir="0" index="1" bw="32" slack="1"/>
<pin id="439" dir="0" index="2" bw="0" slack="2147483647"/>
<pin id="440" dir="1" index="3" bw="32" slack="2147483647"/>
</pin_list>
<bind>
<opcode="store(28) " fcode="store"/>
<opset="store_ln177/102 "/>
</bind>
</comp>

<comp id="441" class="1004" name="store_ln177_access_fu_441">
<pin_list>
<pin id="442" dir="0" index="0" bw="12" slack="76"/>
<pin id="443" dir="0" index="1" bw="32" slack="1"/>
<pin id="444" dir="0" index="2" bw="0" slack="2147483647"/>
<pin id="445" dir="1" index="3" bw="32" slack="2147483647"/>
</pin_list>
<bind>
<opcode="store(28) " fcode="store"/>
<opset="store_ln177/103 "/>
</bind>
</comp>

<comp id="446" class="1005" name="empty_74_reg_446">
<pin_list>
<pin id="447" dir="0" index="0" bw="416" slack="2147483647"/>
<pin id="448" dir="1" index="1" bw="416" slack="2147483647"/>
</pin_list>
<bind>
<opset="empty_74 (phireg) "/>
</bind>
</comp>

<comp id="449" class="1004" name="empty_74_phi_fu_449">
<pin_list>
<pin id="450" dir="0" index="0" bw="416" slack="1"/>
<pin id="451" dir="0" index="1" bw="0" slack="2147483647"/>
<pin id="452" dir="0" index="2" bw="416" slack="1"/>
<pin id="453" dir="0" index="3" bw="0" slack="2147483647"/>
<pin id="454" dir="0" index="4" bw="416" slack="1"/>
<pin id="455" dir="0" index="5" bw="0" slack="2147483647"/>
<pin id="456" dir="1" index="6" bw="416" slack="0"/>
</pin_list>
<bind>
<opcode="phi(47) " fcode="phi"/>
<opset="empty_74/108 "/>
</bind>
</comp>

<comp id="457" class="1005" name="empty_73_reg_457">
<pin_list>
<pin id="458" dir="0" index="0" bw="416" slack="1"/>
<pin id="459" dir="1" index="1" bw="416" slack="1"/>
</pin_list>
<bind>
<opset="empty_73 (phireg) "/>
</bind>
</comp>

<comp id="460" class="1004" name="empty_73_phi_fu_460">
<pin_list>
<pin id="461" dir="0" index="0" bw="416" slack="0"/>
<pin id="462" dir="0" index="1" bw="0" slack="2147483647"/>
<pin id="463" dir="0" index="2" bw="416" slack="0"/>
<pin id="464" dir="0" index="3" bw="0" slack="2147483647"/>
<pin id="465" dir="0" index="4" bw="416" slack="0"/>
<pin id="466" dir="0" index="5" bw="0" slack="2147483647"/>
<pin id="467" dir="1" index="6" bw="416" slack="0"/>
</pin_list>
<bind>
<opcode="phi(47) " fcode="phi"/>
<opset="empty_73/108 "/>
</bind>
</comp>

<comp id="471" class="1005" name="empty_72_reg_471">
<pin_list>
<pin id="472" dir="0" index="0" bw="416" slack="2147483647"/>
<pin id="473" dir="1" index="1" bw="416" slack="2147483647"/>
</pin_list>
<bind>
<opset="empty_72 (phireg) "/>
</bind>
</comp>

<comp id="474" class="1004" name="empty_72_phi_fu_474">
<pin_list>
<pin id="475" dir="0" index="0" bw="416" slack="1"/>
<pin id="476" dir="0" index="1" bw="0" slack="2147483647"/>
<pin id="477" dir="0" index="2" bw="416" slack="0"/>
<pin id="478" dir="0" index="3" bw="0" slack="2147483647"/>
<pin id="479" dir="0" index="4" bw="416" slack="1"/>
<pin id="480" dir="0" index="5" bw="0" slack="2147483647"/>
<pin id="481" dir="1" index="6" bw="416" slack="0"/>
</pin_list>
<bind>
<opcode="phi(47) " fcode="phi"/>
<opset="empty_72/109 "/>
</bind>
</comp>

<comp id="484" class="1004" name="grp_p_hls_fptosi_float_i32_fu_484">
<pin_list>
<pin id="485" dir="0" index="0" bw="32" slack="0"/>
<pin id="486" dir="0" index="1" bw="32" slack="1"/>
<pin id="487" dir="1" index="2" bw="32" slack="0"/>
</pin_list>
<bind>
<opcode="call(48) " fcode="call"/>
<opset="tmp_20/106 tmp_22/107 "/>
</bind>
</comp>

<comp id="489" class="1004" name="grp_p_hls_fptosi_float_i32_fu_489">
<pin_list>
<pin id="490" dir="0" index="0" bw="32" slack="0"/>
<pin id="491" dir="0" index="1" bw="32" slack="1"/>
<pin id="492" dir="1" index="2" bw="32" slack="1"/>
</pin_list>
<bind>
<opcode="call(48) " fcode="call"/>
<opset="tmp_21/106 tmp_23/107 "/>
</bind>
</comp>

<comp id="494" class="1004" name="grp_fu_494">
<pin_list>
<pin id="495" dir="0" index="0" bw="32" slack="0"/>
<pin id="496" dir="0" index="1" bw="32" slack="1"/>
<pin id="497" dir="1" index="2" bw="32" slack="1"/>
</pin_list>
<bind>
<opcode="fadd(9) " fcode="fadd"/>
<opset="current_height/27 neighbor_height/28 neighbor_height_6/29 "/>
</bind>
</comp>

<comp id="498" class="1004" name="grp_fu_498">
<pin_list>
<pin id="499" dir="0" index="0" bw="32" slack="0"/>
<pin id="500" dir="0" index="1" bw="32" slack="0"/>
<pin id="501" dir="1" index="2" bw="32" slack="1"/>
</pin_list>
<bind>
<opcode="fadd(9) fsub(11) " fcode="fadd"/>
<opset="neighbor_height_2/28 neighbor_height_4/32 height_diff_3/36 "/>
</bind>
</comp>

<comp id="502" class="1004" name="grp_fu_502">
<pin_list>
<pin id="503" dir="0" index="0" bw="32" slack="1"/>
<pin id="504" dir="0" index="1" bw="32" slack="0"/>
<pin id="505" dir="1" index="2" bw="32" slack="0"/>
</pin_list>
<bind>
<opcode="fadd(9) fsub(11) " fcode="fadd"/>
<opset="height_diff/35 height_diff_2/39 sum_diff_2/49 "/>
</bind>
</comp>

<comp id="506" class="1004" name="grp_fu_506">
<pin_list>
<pin id="507" dir="0" index="0" bw="32" slack="1"/>
<pin id="508" dir="0" index="1" bw="32" slack="0"/>
<pin id="509" dir="1" index="2" bw="32" slack="0"/>
</pin_list>
<bind>
<opcode="fadd(9) fsub(11) " fcode="fadd"/>
<opset="height_diff_1/35 sum_diff/42 sub7/88 "/>
</bind>
</comp>

<comp id="511" class="1004" name="grp_fu_511">
<pin_list>
<pin id="512" dir="0" index="0" bw="32" slack="1"/>
<pin id="513" dir="0" index="1" bw="32" slack="11"/>
<pin id="514" dir="1" index="2" bw="32" slack="0"/>
</pin_list>
<bind>
<opcode="fadd(9) fsub(11) " fcode="fadd"/>
<opset="sum_diff_4/56 sum_diff_6/63 sub400_2/91 "/>
</bind>
</comp>

<comp id="515" class="1004" name="grp_fu_515">
<pin_list>
<pin id="516" dir="0" index="0" bw="32" slack="54"/>
<pin id="517" dir="0" index="1" bw="32" slack="55"/>
<pin id="518" dir="1" index="2" bw="32" slack="1"/>
</pin_list>
<bind>
<opcode="fsub(11) " fcode="fadd"/>
<opset="sub6/87 sub400_1/89 sub400_3/91 "/>
</bind>
</comp>

<comp id="519" class="1004" name="grp_fu_519">
<pin_list>
<pin id="520" dir="0" index="0" bw="32" slack="11"/>
<pin id="521" dir="0" index="1" bw="32" slack="1"/>
<pin id="522" dir="1" index="2" bw="32" slack="1"/>
</pin_list>
<bind>
<opcode="fmul(13) " fcode="fmul"/>
<opset="mul7/94 mul9/95 mul401_1/96 "/>
</bind>
</comp>

<comp id="523" class="1004" name="grp_fu_523">
<pin_list>
<pin id="524" dir="0" index="0" bw="32" slack="1"/>
<pin id="525" dir="0" index="1" bw="32" slack="0"/>
<pin id="526" dir="1" index="2" bw="32" slack="1"/>
</pin_list>
<bind>
<opcode="fmul(13) " fcode="fmul"/>
<opset="div7/98 mul401_3/99 "/>
</bind>
</comp>

<comp id="528" class="1004" name="grp_fu_528">
<pin_list>
<pin id="529" dir="0" index="0" bw="32" slack="1"/>
<pin id="530" dir="0" index="1" bw="32" slack="0"/>
<pin id="531" dir="1" index="2" bw="32" slack="1"/>
</pin_list>
<bind>
<opcode="fmul(13) " fcode="fmul"/>
<opset="mul401_2/98 mul8/102 "/>
</bind>
</comp>

<comp id="533" class="1004" name="grp_fu_533">
<pin_list>
<pin id="534" dir="0" index="0" bw="32" slack="1"/>
<pin id="535" dir="0" index="1" bw="32" slack="0"/>
<pin id="536" dir="1" index="2" bw="32" slack="1"/>
</pin_list>
<bind>
<opcode="fdiv(16) " fcode="fdiv"/>
<opset="div9/15 div4/16 div301_3/17 "/>
</bind>
</comp>

<comp id="538" class="1004" name="grp_fu_538">
<pin_list>
<pin id="539" dir="0" index="0" bw="32" slack="1"/>
<pin id="540" dir="0" index="1" bw="32" slack="0"/>
<pin id="541" dir="1" index="2" bw="32" slack="1"/>
</pin_list>
<bind>
<opcode="fdiv(16) " fcode="fdiv"/>
<opset="div301_1/16 div301_2/20 proportion/72 "/>
</bind>
</comp>

<comp id="543" class="1004" name="grp_fu_543">
<pin_list>
<pin id="544" dir="0" index="0" bw="32" slack="1"/>
<pin id="545" dir="1" index="1" bw="32" slack="1"/>
</pin_list>
<bind>
<opcode="sitofp(39) " fcode="sitofp"/>
<opset="conv3/11 conv4/12 conv300_3/13 "/>
</bind>
</comp>

<comp id="546" class="1004" name="grp_fu_546">
<pin_list>
<pin id="547" dir="0" index="0" bw="32" slack="1"/>
<pin id="548" dir="1" index="1" bw="32" slack="1"/>
</pin_list>
<bind>
<opcode="sitofp(39) " fcode="sitofp"/>
<opset="conv300_1/12 conv300_2/16 "/>
</bind>
</comp>

<comp id="549" class="1004" name="grp_fu_549">
<pin_list>
<pin id="550" dir="0" index="0" bw="32" slack="1"/>
<pin id="551" dir="1" index="1" bw="64" slack="1"/>
</pin_list>
<bind>
<opcode="fpext(41) " fcode="fpext"/>
<opset="conv6/84 "/>
</bind>
</comp>

<comp id="552" class="1004" name="grp_fu_552">
<pin_list>
<pin id="553" dir="0" index="0" bw="32" slack="1"/>
<pin id="554" dir="0" index="1" bw="32" slack="0"/>
<pin id="555" dir="1" index="2" bw="1" slack="0"/>
</pin_list>
<bind>
<opcode="fcmp(46) " fcode="fcmp"/>
<opset="tmp_34/35 tmp_52/36 tmp_48/46 "/>
</bind>
</comp>

<comp id="556" class="1004" name="grp_fu_556">
<pin_list>
<pin id="557" dir="0" index="0" bw="32" slack="1"/>
<pin id="558" dir="0" index="1" bw="32" slack="0"/>
<pin id="559" dir="1" index="2" bw="1" slack="0"/>
</pin_list>
<bind>
<opcode="fcmp(46) " fcode="fcmp"/>
<opset="tmp_40/35 tmp_45/39 tmp_60/70 "/>
</bind>
</comp>

<comp id="560" class="1004" name="grp_fu_560">
<pin_list>
<pin id="561" dir="0" index="0" bw="32" slack="1"/>
<pin id="562" dir="0" index="1" bw="32" slack="0"/>
<pin id="563" dir="1" index="2" bw="1" slack="0"/>
</pin_list>
<bind>
<opcode="fcmp(46) " fcode="fcmp"/>
<opset="tmp_38/42 tmp_43/44 tmp_69/88 "/>
</bind>
</comp>

<comp id="565" class="1004" name="grp_fu_565">
<pin_list>
<pin id="566" dir="0" index="0" bw="32" slack="1"/>
<pin id="567" dir="0" index="1" bw="32" slack="1"/>
<pin id="568" dir="1" index="2" bw="1" slack="0"/>
</pin_list>
<bind>
<opcode="fcmp(46) " fcode="fcmp"/>
<opset="tmp_55/48 tmp_58/50 tmp_72/88 "/>
</bind>
</comp>

<comp id="570" class="1004" name="grp_fu_570">
<pin_list>
<pin id="571" dir="0" index="0" bw="32" slack="54"/>
<pin id="572" dir="0" index="1" bw="32" slack="53"/>
<pin id="573" dir="1" index="2" bw="1" slack="0"/>
</pin_list>
<bind>
<opcode="fcmp(46) " fcode="fcmp"/>
<opset="tmp_66/87 tmp_75/88 tmp_64/89 "/>
</bind>
</comp>

<comp id="574" class="1004" name="grp_fu_574">
<pin_list>
<pin id="575" dir="0" index="0" bw="64" slack="1"/>
<pin id="576" dir="0" index="1" bw="64" slack="0"/>
<pin id="577" dir="1" index="2" bw="1" slack="0"/>
</pin_list>
<bind>
<opcode="dcmp(513) " fcode="dcmp"/>
<opset="tmp_62/86 "/>
</bind>
</comp>

<comp id="579" class="1004" name="grp_fu_579">
<pin_list>
<pin id="580" dir="0" index="0" bw="32" slack="0"/>
<pin id="581" dir="0" index="1" bw="34" slack="0"/>
<pin id="582" dir="1" index="2" bw="65" slack="0"/>
</pin_list>
<bind>
<opcode="mul(12) " fcode="mul"/>
<opset="mul_ln72/11 "/>
</bind>
</comp>

<comp id="584" class="1005" name="reg_584">
<pin_list>
<pin id="585" dir="0" index="0" bw="32" slack="1"/>
<pin id="586" dir="1" index="1" bw="32" slack="1"/>
</pin_list>
<bind>
<opset="p_ground_load_1 p_ground_load_4 "/>
</bind>
</comp>

<comp id="588" class="1005" name="reg_588">
<pin_list>
<pin id="589" dir="0" index="0" bw="32" slack="1"/>
<pin id="590" dir="1" index="1" bw="32" slack="1"/>
</pin_list>
<bind>
<opset="mul9 mul401_1 "/>
</bind>
</comp>

<comp id="594" class="1005" name="reg_594">
<pin_list>
<pin id="595" dir="0" index="0" bw="32" slack="1"/>
<pin id="596" dir="1" index="1" bw="32" slack="1"/>
</pin_list>
<bind>
<opset="mul401_2 mul8 "/>
</bind>
</comp>

<comp id="601" class="1005" name="reg_601">
<pin_list>
<pin id="602" dir="0" index="0" bw="32" slack="1"/>
<pin id="603" dir="1" index="1" bw="32" slack="1"/>
</pin_list>
<bind>
<opset="tmp_21 tmp_23 "/>
</bind>
</comp>

<comp id="605" class="1004" name="store_ln0_store_fu_605">
<pin_list>
<pin id="606" dir="0" index="0" bw="416" slack="0"/>
<pin id="607" dir="0" index="1" bw="416" slack="0"/>
<pin id="608" dir="1" index="2" bw="0" slack="2147483647"/>
</pin_list>
<bind>
<opcode="store(28) " fcode="store"/>
<opset="store_ln0/1 "/>
</bind>
</comp>

<comp id="610" class="1004" name="store_ln0_store_fu_610">
<pin_list>
<pin id="611" dir="0" index="0" bw="1" slack="0"/>
<pin id="612" dir="0" index="1" bw="12" slack="0"/>
<pin id="613" dir="1" index="2" bw="0" slack="2147483647"/>
</pin_list>
<bind>
<opcode="store(28) " fcode="store"/>
<opset="store_ln0/1 "/>
</bind>
</comp>

<comp id="615" class="1004" name="store_ln72_store_fu_615">
<pin_list>
<pin id="616" dir="0" index="0" bw="1" slack="0"/>
<pin id="617" dir="0" index="1" bw="6" slack="0"/>
<pin id="618" dir="1" index="2" bw="0" slack="2147483647"/>
</pin_list>
<bind>
<opcode="store(28) " fcode="store"/>
<opset="store_ln72/1 "/>
</bind>
</comp>

<comp id="620" class="1004" name="store_ln72_store_fu_620">
<pin_list>
<pin id="621" dir="0" index="0" bw="1" slack="0"/>
<pin id="622" dir="0" index="1" bw="6" slack="0"/>
<pin id="623" dir="1" index="2" bw="0" slack="2147483647"/>
</pin_list>
<bind>
<opcode="store(28) " fcode="store"/>
<opset="store_ln72/1 "/>
</bind>
</comp>

<comp id="625" class="1004" name="indvar_flatten9_load_load_fu_625">
<pin_list>
<pin id="626" dir="0" index="0" bw="12" slack="0"/>
<pin id="627" dir="1" index="1" bw="12" slack="0"/>
</pin_list>
<bind>
<opcode="load(27) " fcode="load"/>
<opset="indvar_flatten9_load/1 "/>
</bind>
</comp>

<comp id="628" class="1004" name="icmp_ln109_fu_628">
<pin_list>
<pin id="629" dir="0" index="0" bw="12" slack="0"/>
<pin id="630" dir="0" index="1" bw="12" slack="0"/>
<pin id="631" dir="1" index="2" bw="1" slack="1"/>
</pin_list>
<bind>
<opcode="icmp(45) " fcode="icmp"/>
<opset="icmp_ln109/1 "/>
</bind>
</comp>

<comp id="634" class="1004" name="add_ln109_1_fu_634">
<pin_list>
<pin id="635" dir="0" index="0" bw="12" slack="0"/>
<pin id="636" dir="0" index="1" bw="1" slack="0"/>
<pin id="637" dir="1" index="2" bw="12" slack="0"/>
</pin_list>
<bind>
<opcode="add(8) " fcode="add"/>
<opset="add_ln109_1/1 "/>
</bind>
</comp>

<comp id="640" class="1004" name="new_col_load_load_fu_640">
<pin_list>
<pin id="641" dir="0" index="0" bw="6" slack="0"/>
<pin id="642" dir="1" index="1" bw="6" slack="0"/>
</pin_list>
<bind>
<opcode="load(27) " fcode="load"/>
<opset="new_col_load/1 "/>
</bind>
</comp>

<comp id="643" class="1004" name="icmp_ln110_fu_643">
<pin_list>
<pin id="644" dir="0" index="0" bw="6" slack="0"/>
<pin id="645" dir="0" index="1" bw="6" slack="0"/>
<pin id="646" dir="1" index="2" bw="1" slack="0"/>
</pin_list>
<bind>
<opcode="icmp(45) " fcode="icmp"/>
<opset="icmp_ln110/1 "/>
</bind>
</comp>

<comp id="649" class="1004" name="select_ln52_fu_649">
<pin_list>
<pin id="650" dir="0" index="0" bw="1" slack="0"/>
<pin id="651" dir="0" index="1" bw="6" slack="0"/>
<pin id="652" dir="0" index="2" bw="6" slack="0"/>
<pin id="653" dir="1" index="3" bw="6" slack="0"/>
</pin_list>
<bind>
<opcode="select(49) " fcode="select"/>
<opset="select_ln52/1 "/>
</bind>
</comp>

<comp id="657" class="1004" name="grp_fu_657">
<pin_list>
<pin id="658" dir="0" index="0" bw="6" slack="0"/>
<pin id="659" dir="0" index="1" bw="3" slack="0"/>
<pin id="660" dir="1" index="2" bw="2" slack="0"/>
</pin_list>
<bind>
<opcode="urem(17) " fcode="urem"/>
<opset="urem_ln52/1 "/>
</bind>
</comp>

<comp id="663" class="1004" name="add_ln110_fu_663">
<pin_list>
<pin id="664" dir="0" index="0" bw="6" slack="0"/>
<pin id="665" dir="0" index="1" bw="1" slack="0"/>
<pin id="666" dir="1" index="2" bw="6" slack="0"/>
</pin_list>
<bind>
<opcode="add(8) " fcode="add"/>
<opset="add_ln110/1 "/>
</bind>
</comp>

<comp id="669" class="1004" name="store_ln109_store_fu_669">
<pin_list>
<pin id="670" dir="0" index="0" bw="12" slack="0"/>
<pin id="671" dir="0" index="1" bw="12" slack="0"/>
<pin id="672" dir="1" index="2" bw="0" slack="2147483647"/>
</pin_list>
<bind>
<opcode="store(28) " fcode="store"/>
<opset="store_ln109/1 "/>
</bind>
</comp>

<comp id="674" class="1004" name="store_ln72_store_fu_674">
<pin_list>
<pin id="675" dir="0" index="0" bw="6" slack="0"/>
<pin id="676" dir="0" index="1" bw="6" slack="0"/>
<pin id="677" dir="1" index="2" bw="0" slack="2147483647"/>
</pin_list>
<bind>
<opcode="store(28) " fcode="store"/>
<opset="store_ln72/1 "/>
</bind>
</comp>

<comp id="679" class="1004" name="new_row_2_load_load_fu_679">
<pin_list>
<pin id="680" dir="0" index="0" bw="6" slack="1"/>
<pin id="681" dir="1" index="1" bw="6" slack="0"/>
</pin_list>
<bind>
<opcode="load(27) " fcode="load"/>
<opset="new_row_2_load/2 "/>
</bind>
</comp>

<comp id="682" class="1004" name="add_ln109_fu_682">
<pin_list>
<pin id="683" dir="0" index="0" bw="6" slack="0"/>
<pin id="684" dir="0" index="1" bw="1" slack="0"/>
<pin id="685" dir="1" index="2" bw="6" slack="0"/>
</pin_list>
<bind>
<opcode="add(8) " fcode="add"/>
<opset="add_ln109/2 "/>
</bind>
</comp>

<comp id="688" class="1004" name="select_ln109_fu_688">
<pin_list>
<pin id="689" dir="0" index="0" bw="1" slack="1"/>
<pin id="690" dir="0" index="1" bw="6" slack="0"/>
<pin id="691" dir="0" index="2" bw="6" slack="0"/>
<pin id="692" dir="1" index="3" bw="6" slack="0"/>
</pin_list>
<bind>
<opcode="select(49) " fcode="select"/>
<opset="select_ln109/2 "/>
</bind>
</comp>

<comp id="695" class="1004" name="zext_ln52_fu_695">
<pin_list>
<pin id="696" dir="0" index="0" bw="6" slack="1"/>
<pin id="697" dir="1" index="1" bw="13" slack="0"/>
</pin_list>
<bind>
<opcode="zext(34) " fcode="zext"/>
<opset="zext_ln52/2 "/>
</bind>
</comp>

<comp id="698" class="1004" name="mul_ln52_fu_698">
<pin_list>
<pin id="699" dir="0" index="0" bw="6" slack="0"/>
<pin id="700" dir="0" index="1" bw="8" slack="0"/>
<pin id="701" dir="1" index="2" bw="13" slack="0"/>
</pin_list>
<bind>
<opcode="mul(12) " fcode="mul"/>
<opset="mul_ln52/2 "/>
</bind>
</comp>

<comp id="704" class="1004" name="tmp_49_fu_704">
<pin_list>
<pin id="705" dir="0" index="0" bw="5" slack="0"/>
<pin id="706" dir="0" index="1" bw="13" slack="0"/>
<pin id="707" dir="0" index="2" bw="5" slack="0"/>
<pin id="708" dir="0" index="3" bw="5" slack="0"/>
<pin id="709" dir="1" index="4" bw="5" slack="1"/>
</pin_list>
<bind>
<opcode="partselect(1002) " fcode="partselect"/>
<opset="tmp_49/2 "/>
</bind>
</comp>

<comp id="714" class="1004" name="store_ln72_store_fu_714">
<pin_list>
<pin id="715" dir="0" index="0" bw="6" slack="0"/>
<pin id="716" dir="0" index="1" bw="6" slack="1"/>
<pin id="717" dir="1" index="2" bw="0" slack="2147483647"/>
</pin_list>
<bind>
<opcode="store(28) " fcode="store"/>
<opset="store_ln72/2 "/>
</bind>
</comp>

<comp id="719" class="1004" name="select_ln109_cast1_fu_719">
<pin_list>
<pin id="720" dir="0" index="0" bw="6" slack="1"/>
<pin id="721" dir="1" index="1" bw="10" slack="0"/>
</pin_list>
<bind>
<opcode="zext(34) " fcode="zext"/>
<opset="select_ln109_cast1/3 "/>
</bind>
</comp>

<comp id="722" class="1004" name="tmp_36_fu_722">
<pin_list>
<pin id="723" dir="0" index="0" bw="10" slack="0"/>
<pin id="724" dir="0" index="1" bw="6" slack="1"/>
<pin id="725" dir="0" index="2" bw="1" slack="0"/>
<pin id="726" dir="1" index="3" bw="10" slack="0"/>
</pin_list>
<bind>
<opcode="bitconcatenate(1004) " fcode="bitconcatenate"/>
<opset="tmp_36/3 "/>
</bind>
</comp>

<comp id="729" class="1004" name="mul_ln111_fu_729">
<pin_list>
<pin id="730" dir="0" index="0" bw="10" slack="0"/>
<pin id="731" dir="0" index="1" bw="6" slack="0"/>
<pin id="732" dir="1" index="2" bw="10" slack="0"/>
</pin_list>
<bind>
<opcode="add(8) " fcode="add"/>
<opset="mul_ln111/3 "/>
</bind>
</comp>

<comp id="735" class="1004" name="zext_ln111_fu_735">
<pin_list>
<pin id="736" dir="0" index="0" bw="5" slack="1"/>
<pin id="737" dir="1" index="1" bw="10" slack="0"/>
</pin_list>
<bind>
<opcode="zext(34) " fcode="zext"/>
<opset="zext_ln111/3 "/>
</bind>
</comp>

<comp id="738" class="1004" name="add_ln111_fu_738">
<pin_list>
<pin id="739" dir="0" index="0" bw="10" slack="0"/>
<pin id="740" dir="0" index="1" bw="5" slack="0"/>
<pin id="741" dir="1" index="2" bw="10" slack="0"/>
</pin_list>
<bind>
<opcode="add(8) " fcode="add"/>
<opset="add_ln111/3 "/>
</bind>
</comp>

<comp id="744" class="1004" name="zext_ln111_1_fu_744">
<pin_list>
<pin id="745" dir="0" index="0" bw="10" slack="0"/>
<pin id="746" dir="1" index="1" bw="64" slack="0"/>
</pin_list>
<bind>
<opcode="zext(34) " fcode="zext"/>
<opset="zext_ln111_1/3 "/>
</bind>
</comp>

<comp id="751" class="1004" name="row_pos_4_cast_fu_751">
<pin_list>
<pin id="752" dir="0" index="0" bw="6" slack="7"/>
<pin id="753" dir="1" index="1" bw="7" slack="0"/>
</pin_list>
<bind>
<opcode="zext(34) " fcode="zext"/>
<opset="row_pos_4_cast/9 "/>
</bind>
</comp>

<comp id="754" class="1004" name="new_row_fu_754">
<pin_list>
<pin id="755" dir="0" index="0" bw="6" slack="0"/>
<pin id="756" dir="0" index="1" bw="1" slack="0"/>
<pin id="757" dir="1" index="2" bw="7" slack="0"/>
</pin_list>
<bind>
<opcode="add(8) " fcode="add"/>
<opset="new_row/9 "/>
</bind>
</comp>

<comp id="760" class="1004" name="trunc_ln134_fu_760">
<pin_list>
<pin id="761" dir="0" index="0" bw="7" slack="0"/>
<pin id="762" dir="1" index="1" bw="6" slack="1"/>
</pin_list>
<bind>
<opcode="trunc(33) " fcode="trunc"/>
<opset="trunc_ln134/9 "/>
</bind>
</comp>

<comp id="764" class="1004" name="new_row_1_fu_764">
<pin_list>
<pin id="765" dir="0" index="0" bw="6" slack="7"/>
<pin id="766" dir="0" index="1" bw="1" slack="0"/>
<pin id="767" dir="1" index="2" bw="6" slack="1"/>
</pin_list>
<bind>
<opcode="add(8) " fcode="add"/>
<opset="new_row_1/9 "/>
</bind>
</comp>

<comp id="769" class="1004" name="new_row_cast2_fu_769">
<pin_list>
<pin id="770" dir="0" index="0" bw="7" slack="1"/>
<pin id="771" dir="1" index="1" bw="10" slack="0"/>
</pin_list>
<bind>
<opcode="zext(34) " fcode="zext"/>
<opset="new_row_cast2/10 "/>
</bind>
</comp>

<comp id="772" class="1004" name="p_shl_fu_772">
<pin_list>
<pin id="773" dir="0" index="0" bw="10" slack="0"/>
<pin id="774" dir="0" index="1" bw="6" slack="1"/>
<pin id="775" dir="0" index="2" bw="1" slack="0"/>
<pin id="776" dir="1" index="3" bw="10" slack="0"/>
</pin_list>
<bind>
<opcode="bitconcatenate(1004) " fcode="bitconcatenate"/>
<opset="p_shl/10 "/>
</bind>
</comp>

<comp id="779" class="1004" name="mul_ln134_1_fu_779">
<pin_list>
<pin id="780" dir="0" index="0" bw="10" slack="0"/>
<pin id="781" dir="0" index="1" bw="7" slack="0"/>
<pin id="782" dir="1" index="2" bw="10" slack="0"/>
</pin_list>
<bind>
<opcode="add(8) " fcode="add"/>
<opset="mul_ln134_1/10 "/>
</bind>
</comp>

<comp id="785" class="1004" name="zext_ln110_fu_785">
<pin_list>
<pin id="786" dir="0" index="0" bw="6" slack="1"/>
<pin id="787" dir="1" index="1" bw="10" slack="0"/>
</pin_list>
<bind>
<opcode="zext(34) " fcode="zext"/>
<opset="zext_ln110/10 "/>
</bind>
</comp>

<comp id="788" class="1004" name="tmp_37_fu_788">
<pin_list>
<pin id="789" dir="0" index="0" bw="10" slack="0"/>
<pin id="790" dir="0" index="1" bw="6" slack="1"/>
<pin id="791" dir="0" index="2" bw="1" slack="0"/>
<pin id="792" dir="1" index="3" bw="10" slack="0"/>
</pin_list>
<bind>
<opcode="bitconcatenate(1004) " fcode="bitconcatenate"/>
<opset="tmp_37/10 "/>
</bind>
</comp>

<comp id="795" class="1004" name="add_ln110_1_fu_795">
<pin_list>
<pin id="796" dir="0" index="0" bw="10" slack="0"/>
<pin id="797" dir="0" index="1" bw="6" slack="0"/>
<pin id="798" dir="1" index="2" bw="10" slack="0"/>
</pin_list>
<bind>
<opcode="add(8) " fcode="add"/>
<opset="add_ln110_1/10 "/>
</bind>
</comp>

<comp id="801" class="1004" name="trunc_ln52_fu_801">
<pin_list>
<pin id="802" dir="0" index="0" bw="2" slack="0"/>
<pin id="803" dir="1" index="1" bw="2" slack="0"/>
</pin_list>
<bind>
<opcode="trunc(33) " fcode="trunc"/>
<opset="trunc_ln52/10 "/>
</bind>
</comp>

<comp id="805" class="1004" name="tmp_s_fu_805">
<pin_list>
<pin id="806" dir="0" index="0" bw="32" slack="0"/>
<pin id="807" dir="0" index="1" bw="2" slack="0"/>
<pin id="808" dir="0" index="2" bw="32" slack="6"/>
<pin id="809" dir="0" index="3" bw="2" slack="0"/>
<pin id="810" dir="0" index="4" bw="32" slack="6"/>
<pin id="811" dir="0" index="5" bw="2" slack="0"/>
<pin id="812" dir="0" index="6" bw="32" slack="6"/>
<pin id="813" dir="0" index="7" bw="32" slack="0"/>
<pin id="814" dir="0" index="8" bw="2" slack="0"/>
<pin id="815" dir="1" index="9" bw="32" slack="0"/>
</pin_list>
<bind>
<opcode="sparsemux(1197) " fcode="sparsemux"/>
<opset="tmp_s/10 "/>
</bind>
</comp>

<comp id="822" class="1004" name="icmp_ln111_fu_822">
<pin_list>
<pin id="823" dir="0" index="0" bw="32" slack="0"/>
<pin id="824" dir="0" index="1" bw="32" slack="0"/>
<pin id="825" dir="1" index="2" bw="1" slack="1"/>
</pin_list>
<bind>
<opcode="icmp(45) " fcode="icmp"/>
<opset="icmp_ln111/10 "/>
</bind>
</comp>

<comp id="828" class="1004" name="zext_ln122_fu_828">
<pin_list>
<pin id="829" dir="0" index="0" bw="6" slack="9"/>
<pin id="830" dir="1" index="1" bw="7" slack="0"/>
</pin_list>
<bind>
<opcode="zext(34) " fcode="zext"/>
<opset="zext_ln122/10 "/>
</bind>
</comp>

<comp id="831" class="1004" name="add_ln134_fu_831">
<pin_list>
<pin id="832" dir="0" index="0" bw="10" slack="0"/>
<pin id="833" dir="0" index="1" bw="5" slack="7"/>
<pin id="834" dir="1" index="2" bw="10" slack="0"/>
</pin_list>
<bind>
<opcode="add(8) " fcode="add"/>
<opset="add_ln134/10 "/>
</bind>
</comp>

<comp id="836" class="1004" name="zext_ln134_3_fu_836">
<pin_list>
<pin id="837" dir="0" index="0" bw="10" slack="0"/>
<pin id="838" dir="1" index="1" bw="64" slack="0"/>
</pin_list>
<bind>
<opcode="zext(34) " fcode="zext"/>
<opset="zext_ln134_3/10 "/>
</bind>
</comp>

<comp id="843" class="1004" name="add_ln134_1_fu_843">
<pin_list>
<pin id="844" dir="0" index="0" bw="10" slack="0"/>
<pin id="845" dir="0" index="1" bw="5" slack="7"/>
<pin id="846" dir="1" index="2" bw="10" slack="0"/>
</pin_list>
<bind>
<opcode="add(8) " fcode="add"/>
<opset="add_ln134_1/10 "/>
</bind>
</comp>

<comp id="848" class="1004" name="zext_ln134_4_fu_848">
<pin_list>
<pin id="849" dir="0" index="0" bw="10" slack="0"/>
<pin id="850" dir="1" index="1" bw="64" slack="0"/>
</pin_list>
<bind>
<opcode="zext(34) " fcode="zext"/>
<opset="zext_ln134_4/10 "/>
</bind>
</comp>

<comp id="855" class="1004" name="new_col_1_fu_855">
<pin_list>
<pin id="856" dir="0" index="0" bw="6" slack="0"/>
<pin id="857" dir="0" index="1" bw="1" slack="0"/>
<pin id="858" dir="1" index="2" bw="7" slack="1"/>
</pin_list>
<bind>
<opcode="add(8) " fcode="add"/>
<opset="new_col_1/10 "/>
</bind>
</comp>

<comp id="861" class="1004" name="new_col_2_fu_861">
<pin_list>
<pin id="862" dir="0" index="0" bw="6" slack="9"/>
<pin id="863" dir="0" index="1" bw="1" slack="0"/>
<pin id="864" dir="1" index="2" bw="6" slack="0"/>
</pin_list>
<bind>
<opcode="add(8) " fcode="add"/>
<opset="new_col_2/10 "/>
</bind>
</comp>

<comp id="866" class="1004" name="zext_ln72_1_fu_866">
<pin_list>
<pin id="867" dir="0" index="0" bw="6" slack="0"/>
<pin id="868" dir="1" index="1" bw="13" slack="0"/>
</pin_list>
<bind>
<opcode="zext(34) " fcode="zext"/>
<opset="zext_ln72_1/10 "/>
</bind>
</comp>

<comp id="870" class="1004" name="mul_ln72_1_fu_870">
<pin_list>
<pin id="871" dir="0" index="0" bw="6" slack="0"/>
<pin id="872" dir="0" index="1" bw="8" slack="0"/>
<pin id="873" dir="1" index="2" bw="13" slack="0"/>
</pin_list>
<bind>
<opcode="mul(12) " fcode="mul"/>
<opset="mul_ln72_1/10 "/>
</bind>
</comp>

<comp id="876" class="1004" name="tmp_50_fu_876">
<pin_list>
<pin id="877" dir="0" index="0" bw="5" slack="0"/>
<pin id="878" dir="0" index="1" bw="13" slack="0"/>
<pin id="879" dir="0" index="2" bw="5" slack="0"/>
<pin id="880" dir="0" index="3" bw="5" slack="0"/>
<pin id="881" dir="1" index="4" bw="5" slack="1"/>
</pin_list>
<bind>
<opcode="partselect(1002) " fcode="partselect"/>
<opset="tmp_50/10 "/>
</bind>
</comp>

<comp id="886" class="1004" name="tmp_4_fu_886">
<pin_list>
<pin id="887" dir="0" index="0" bw="32" slack="0"/>
<pin id="888" dir="0" index="1" bw="2" slack="0"/>
<pin id="889" dir="0" index="2" bw="32" slack="0"/>
<pin id="890" dir="0" index="3" bw="2" slack="0"/>
<pin id="891" dir="0" index="4" bw="32" slack="0"/>
<pin id="892" dir="0" index="5" bw="2" slack="0"/>
<pin id="893" dir="0" index="6" bw="32" slack="0"/>
<pin id="894" dir="0" index="7" bw="32" slack="0"/>
<pin id="895" dir="0" index="8" bw="2" slack="1"/>
<pin id="896" dir="1" index="9" bw="32" slack="1"/>
</pin_list>
<bind>
<opcode="sparsemux(1197) " fcode="sparsemux"/>
<opset="tmp_4/11 "/>
</bind>
</comp>

<comp id="905" class="1004" name="tmp_5_fu_905">
<pin_list>
<pin id="906" dir="0" index="0" bw="32" slack="0"/>
<pin id="907" dir="0" index="1" bw="2" slack="0"/>
<pin id="908" dir="0" index="2" bw="32" slack="0"/>
<pin id="909" dir="0" index="3" bw="2" slack="0"/>
<pin id="910" dir="0" index="4" bw="32" slack="0"/>
<pin id="911" dir="0" index="5" bw="2" slack="0"/>
<pin id="912" dir="0" index="6" bw="32" slack="0"/>
<pin id="913" dir="0" index="7" bw="32" slack="0"/>
<pin id="914" dir="0" index="8" bw="2" slack="1"/>
<pin id="915" dir="1" index="9" bw="32" slack="1"/>
</pin_list>
<bind>
<opcode="sparsemux(1197) " fcode="sparsemux"/>
<opset="tmp_5/11 "/>
</bind>
</comp>

<comp id="924" class="1004" name="sext_ln72_fu_924">
<pin_list>
<pin id="925" dir="0" index="0" bw="7" slack="1"/>
<pin id="926" dir="1" index="1" bw="32" slack="0"/>
</pin_list>
<bind>
<opcode="sext(35) " fcode="sext"/>
<opset="sext_ln72/11 "/>
</bind>
</comp>

<comp id="927" class="1004" name="zext_ln72_fu_927">
<pin_list>
<pin id="928" dir="0" index="0" bw="7" slack="0"/>
<pin id="929" dir="1" index="1" bw="65" slack="0"/>
</pin_list>
<bind>
<opcode="zext(34) " fcode="zext"/>
<opset="zext_ln72/11 "/>
</bind>
</comp>

<comp id="932" class="1004" name="zext_ln134_8_fu_932">
<pin_list>
<pin id="933" dir="0" index="0" bw="5" slack="1"/>
<pin id="934" dir="1" index="1" bw="10" slack="0"/>
</pin_list>
<bind>
<opcode="zext(34) " fcode="zext"/>
<opset="zext_ln134_8/11 "/>
</bind>
</comp>

<comp id="935" class="1004" name="add_ln134_6_fu_935">
<pin_list>
<pin id="936" dir="0" index="0" bw="10" slack="8"/>
<pin id="937" dir="0" index="1" bw="5" slack="0"/>
<pin id="938" dir="1" index="2" bw="10" slack="0"/>
</pin_list>
<bind>
<opcode="add(8) " fcode="add"/>
<opset="add_ln134_6/11 "/>
</bind>
</comp>

<comp id="940" class="1004" name="zext_ln134_9_fu_940">
<pin_list>
<pin id="941" dir="0" index="0" bw="10" slack="0"/>
<pin id="942" dir="1" index="1" bw="64" slack="0"/>
</pin_list>
<bind>
<opcode="zext(34) " fcode="zext"/>
<opset="zext_ln134_9/11 "/>
</bind>
</comp>

<comp id="947" class="1004" name="udiv_ln1_cast_fu_947">
<pin_list>
<pin id="948" dir="0" index="0" bw="10" slack="0"/>
<pin id="949" dir="0" index="1" bw="65" slack="0"/>
<pin id="950" dir="0" index="2" bw="7" slack="0"/>
<pin id="951" dir="0" index="3" bw="7" slack="0"/>
<pin id="952" dir="1" index="4" bw="10" slack="1"/>
</pin_list>
<bind>
<opcode="partselect(1002) " fcode="partselect"/>
<opset="udiv_ln1_cast/12 "/>
</bind>
</comp>

<comp id="957" class="1004" name="tmp_11_fu_957">
<pin_list>
<pin id="958" dir="0" index="0" bw="32" slack="0"/>
<pin id="959" dir="0" index="1" bw="2" slack="0"/>
<pin id="960" dir="0" index="2" bw="32" slack="0"/>
<pin id="961" dir="0" index="3" bw="2" slack="0"/>
<pin id="962" dir="0" index="4" bw="32" slack="0"/>
<pin id="963" dir="0" index="5" bw="2" slack="0"/>
<pin id="964" dir="0" index="6" bw="32" slack="0"/>
<pin id="965" dir="0" index="7" bw="32" slack="0"/>
<pin id="966" dir="0" index="8" bw="2" slack="2"/>
<pin id="967" dir="1" index="9" bw="32" slack="1"/>
</pin_list>
<bind>
<opcode="sparsemux(1197) " fcode="sparsemux"/>
<opset="tmp_11/12 "/>
</bind>
</comp>

<comp id="976" class="1004" name="add_ln134_4_fu_976">
<pin_list>
<pin id="977" dir="0" index="0" bw="10" slack="10"/>
<pin id="978" dir="0" index="1" bw="10" slack="1"/>
<pin id="979" dir="1" index="2" bw="10" slack="1"/>
</pin_list>
<bind>
<opcode="add(8) " fcode="add"/>
<opset="add_ln134_4/13 "/>
</bind>
</comp>

<comp id="980" class="1004" name="zext_ln134_7_fu_980">
<pin_list>
<pin id="981" dir="0" index="0" bw="10" slack="1"/>
<pin id="982" dir="1" index="1" bw="64" slack="0"/>
</pin_list>
<bind>
<opcode="zext(34) " fcode="zext"/>
<opset="zext_ln134_7/14 "/>
</bind>
</comp>

<comp id="986" class="1004" name="tmp_6_fu_986">
<pin_list>
<pin id="987" dir="0" index="0" bw="32" slack="0"/>
<pin id="988" dir="0" index="1" bw="2" slack="0"/>
<pin id="989" dir="0" index="2" bw="32" slack="0"/>
<pin id="990" dir="0" index="3" bw="2" slack="0"/>
<pin id="991" dir="0" index="4" bw="32" slack="0"/>
<pin id="992" dir="0" index="5" bw="2" slack="0"/>
<pin id="993" dir="0" index="6" bw="32" slack="0"/>
<pin id="994" dir="0" index="7" bw="32" slack="0"/>
<pin id="995" dir="0" index="8" bw="2" slack="5"/>
<pin id="996" dir="1" index="9" bw="32" slack="1"/>
</pin_list>
<bind>
<opcode="sparsemux(1197) " fcode="sparsemux"/>
<opset="tmp_6/15 "/>
</bind>
</comp>

<comp id="1005" class="1004" name="zext_ln117_fu_1005">
<pin_list>
<pin id="1006" dir="0" index="0" bw="6" slack="20"/>
<pin id="1007" dir="1" index="1" bw="12" slack="0"/>
</pin_list>
<bind>
<opcode="zext(34) " fcode="zext"/>
<opset="zext_ln117/22 "/>
</bind>
</comp>

<comp id="1008" class="1004" name="mul_ln117_fu_1008">
<pin_list>
<pin id="1009" dir="0" index="0" bw="6" slack="0"/>
<pin id="1010" dir="0" index="1" bw="7" slack="0"/>
<pin id="1011" dir="1" index="2" bw="12" slack="3"/>
</pin_list>
<bind>
<opcode="mul(12) " fcode="mul"/>
<opset="mul_ln117/22 "/>
</bind>
</comp>

<comp id="1014" class="1004" name="empty_70_fu_1014">
<pin_list>
<pin id="1015" dir="0" index="0" bw="7" slack="15"/>
<pin id="1016" dir="0" index="1" bw="7" slack="0"/>
<pin id="1017" dir="1" index="2" bw="1" slack="11"/>
</pin_list>
<bind>
<opcode="icmp(45) " fcode="icmp"/>
<opset="empty_70/24 "/>
</bind>
</comp>

<comp id="1019" class="1004" name="zext_ln134_1_fu_1019">
<pin_list>
<pin id="1020" dir="0" index="0" bw="7" slack="15"/>
<pin id="1021" dir="1" index="1" bw="12" slack="0"/>
</pin_list>
<bind>
<opcode="zext(34) " fcode="zext"/>
<opset="zext_ln134_1/24 "/>
</bind>
</comp>

<comp id="1022" class="1004" name="mul_ln134_fu_1022">
<pin_list>
<pin id="1023" dir="0" index="0" bw="7" slack="0"/>
<pin id="1024" dir="0" index="1" bw="7" slack="0"/>
<pin id="1025" dir="1" index="2" bw="12" slack="1"/>
</pin_list>
<bind>
<opcode="mul(12) " fcode="mul"/>
<opset="mul_ln134/24 "/>
</bind>
</comp>

<comp id="1028" class="1004" name="empty_71_fu_1028">
<pin_list>
<pin id="1029" dir="0" index="0" bw="6" slack="15"/>
<pin id="1030" dir="0" index="1" bw="6" slack="0"/>
<pin id="1031" dir="1" index="2" bw="1" slack="11"/>
</pin_list>
<bind>
<opcode="icmp(45) " fcode="icmp"/>
<opset="empty_71/24 "/>
</bind>
</comp>

<comp id="1033" class="1004" name="zext_ln134_2_fu_1033">
<pin_list>
<pin id="1034" dir="0" index="0" bw="6" slack="15"/>
<pin id="1035" dir="1" index="1" bw="12" slack="0"/>
</pin_list>
<bind>
<opcode="zext(34) " fcode="zext"/>
<opset="zext_ln134_2/24 "/>
</bind>
</comp>

<comp id="1036" class="1004" name="mul_ln134_2_fu_1036">
<pin_list>
<pin id="1037" dir="0" index="0" bw="6" slack="0"/>
<pin id="1038" dir="0" index="1" bw="7" slack="0"/>
<pin id="1039" dir="1" index="2" bw="12" slack="1"/>
</pin_list>
<bind>
<opcode="mul(12) " fcode="mul"/>
<opset="mul_ln134_2/24 "/>
</bind>
</comp>

<comp id="1042" class="1004" name="zext_ln117_1_fu_1042">
<pin_list>
<pin id="1043" dir="0" index="0" bw="6" slack="24"/>
<pin id="1044" dir="1" index="1" bw="12" slack="0"/>
</pin_list>
<bind>
<opcode="zext(34) " fcode="zext"/>
<opset="zext_ln117_1/25 "/>
</bind>
</comp>

<comp id="1045" class="1004" name="add_ln117_fu_1045">
<pin_list>
<pin id="1046" dir="0" index="0" bw="12" slack="3"/>
<pin id="1047" dir="0" index="1" bw="6" slack="0"/>
<pin id="1048" dir="1" index="2" bw="12" slack="0"/>
</pin_list>
<bind>
<opcode="add(8) " fcode="add"/>
<opset="add_ln117/25 "/>
</bind>
</comp>

<comp id="1050" class="1004" name="zext_ln117_2_fu_1050">
<pin_list>
<pin id="1051" dir="0" index="0" bw="12" slack="0"/>
<pin id="1052" dir="1" index="1" bw="64" slack="0"/>
</pin_list>
<bind>
<opcode="zext(34) " fcode="zext"/>
<opset="zext_ln117_2/25 "/>
</bind>
</comp>

<comp id="1057" class="1004" name="add_ln134_2_fu_1057">
<pin_list>
<pin id="1058" dir="0" index="0" bw="12" slack="1"/>
<pin id="1059" dir="0" index="1" bw="6" slack="0"/>
<pin id="1060" dir="1" index="2" bw="12" slack="0"/>
</pin_list>
<bind>
<opcode="add(8) " fcode="add"/>
<opset="add_ln134_2/25 "/>
</bind>
</comp>

<comp id="1062" class="1004" name="zext_ln134_5_fu_1062">
<pin_list>
<pin id="1063" dir="0" index="0" bw="12" slack="0"/>
<pin id="1064" dir="1" index="1" bw="64" slack="0"/>
</pin_list>
<bind>
<opcode="zext(34) " fcode="zext"/>
<opset="zext_ln134_5/25 "/>
</bind>
</comp>

<comp id="1068" class="1004" name="add_ln134_3_fu_1068">
<pin_list>
<pin id="1069" dir="0" index="0" bw="12" slack="1"/>
<pin id="1070" dir="0" index="1" bw="6" slack="0"/>
<pin id="1071" dir="1" index="2" bw="12" slack="1"/>
</pin_list>
<bind>
<opcode="add(8) " fcode="add"/>
<opset="add_ln134_3/25 "/>
</bind>
</comp>

<comp id="1073" class="1004" name="zext_ln134_6_fu_1073">
<pin_list>
<pin id="1074" dir="0" index="0" bw="12" slack="1"/>
<pin id="1075" dir="1" index="1" bw="64" slack="0"/>
</pin_list>
<bind>
<opcode="zext(34) " fcode="zext"/>
<opset="zext_ln134_6/26 "/>
</bind>
</comp>

<comp id="1078" class="1004" name="neighbor_height_8_fu_1078">
<pin_list>
<pin id="1079" dir="0" index="0" bw="32" slack="1"/>
<pin id="1080" dir="1" index="1" bw="32" slack="0"/>
</pin_list>
<bind>
<opcode="bitcast(44) " fcode="bitcast"/>
<opset="neighbor_height_8/27 "/>
</bind>
</comp>

<comp id="1082" class="1004" name="zext_ln134_10_fu_1082">
<pin_list>
<pin id="1083" dir="0" index="0" bw="6" slack="17"/>
<pin id="1084" dir="1" index="1" bw="12" slack="0"/>
</pin_list>
<bind>
<opcode="zext(34) " fcode="zext"/>
<opset="zext_ln134_10/27 "/>
</bind>
</comp>

<comp id="1085" class="1004" name="add_ln134_7_fu_1085">
<pin_list>
<pin id="1086" dir="0" index="0" bw="12" slack="5"/>
<pin id="1087" dir="0" index="1" bw="6" slack="0"/>
<pin id="1088" dir="1" index="2" bw="12" slack="0"/>
</pin_list>
<bind>
<opcode="add(8) " fcode="add"/>
<opset="add_ln134_7/27 "/>
</bind>
</comp>

<comp id="1090" class="1004" name="zext_ln134_11_fu_1090">
<pin_list>
<pin id="1091" dir="0" index="0" bw="12" slack="0"/>
<pin id="1092" dir="1" index="1" bw="64" slack="0"/>
</pin_list>
<bind>
<opcode="zext(34) " fcode="zext"/>
<opset="zext_ln134_11/27 "/>
</bind>
</comp>

<comp id="1096" class="1004" name="bitcast_ln134_fu_1096">
<pin_list>
<pin id="1097" dir="0" index="0" bw="32" slack="2"/>
<pin id="1098" dir="1" index="1" bw="32" slack="0"/>
</pin_list>
<bind>
<opcode="bitcast(44) " fcode="bitcast"/>
<opset="bitcast_ln134/28 "/>
</bind>
</comp>

<comp id="1101" class="1004" name="bitcast_ln134_1_fu_1101">
<pin_list>
<pin id="1102" dir="0" index="0" bw="32" slack="1"/>
<pin id="1103" dir="1" index="1" bw="32" slack="0"/>
</pin_list>
<bind>
<opcode="bitcast(44) " fcode="bitcast"/>
<opset="bitcast_ln134_1/28 "/>
</bind>
</comp>

<comp id="1105" class="1004" name="sext_ln134_fu_1105">
<pin_list>
<pin id="1106" dir="0" index="0" bw="7" slack="19"/>
<pin id="1107" dir="1" index="1" bw="12" slack="0"/>
</pin_list>
<bind>
<opcode="sext(35) " fcode="sext"/>
<opset="sext_ln134/29 "/>
</bind>
</comp>

<comp id="1108" class="1004" name="add_ln134_5_fu_1108">
<pin_list>
<pin id="1109" dir="0" index="0" bw="12" slack="7"/>
<pin id="1110" dir="0" index="1" bw="7" slack="0"/>
<pin id="1111" dir="1" index="2" bw="12" slack="0"/>
</pin_list>
<bind>
<opcode="add(8) " fcode="add"/>
<opset="add_ln134_5/29 "/>
</bind>
</comp>

<comp id="1113" class="1004" name="zext_ln134_fu_1113">
<pin_list>
<pin id="1114" dir="0" index="0" bw="12" slack="0"/>
<pin id="1115" dir="1" index="1" bw="64" slack="0"/>
</pin_list>
<bind>
<opcode="zext(34) " fcode="zext"/>
<opset="zext_ln134/29 "/>
</bind>
</comp>

<comp id="1119" class="1004" name="bitcast_ln134_3_fu_1119">
<pin_list>
<pin id="1120" dir="0" index="0" bw="32" slack="1"/>
<pin id="1121" dir="1" index="1" bw="32" slack="0"/>
</pin_list>
<bind>
<opcode="bitcast(44) " fcode="bitcast"/>
<opset="bitcast_ln134_3/29 "/>
</bind>
</comp>

<comp id="1124" class="1004" name="bitcast_ln134_2_fu_1124">
<pin_list>
<pin id="1125" dir="0" index="0" bw="32" slack="2"/>
<pin id="1126" dir="1" index="1" bw="32" slack="0"/>
</pin_list>
<bind>
<opcode="bitcast(44) " fcode="bitcast"/>
<opset="bitcast_ln134_2/32 "/>
</bind>
</comp>

<comp id="1128" class="1004" name="neighbor_height_1_fu_1128">
<pin_list>
<pin id="1129" dir="0" index="0" bw="1" slack="11"/>
<pin id="1130" dir="0" index="1" bw="32" slack="8"/>
<pin id="1131" dir="0" index="2" bw="32" slack="1"/>
<pin id="1132" dir="1" index="3" bw="32" slack="0"/>
</pin_list>
<bind>
<opcode="select(49) " fcode="select"/>
<opset="neighbor_height_1/35 "/>
</bind>
</comp>

<comp id="1135" class="1004" name="bitcast_ln139_1_fu_1135">
<pin_list>
<pin id="1136" dir="0" index="0" bw="32" slack="0"/>
<pin id="1137" dir="1" index="1" bw="32" slack="0"/>
</pin_list>
<bind>
<opcode="bitcast(44) " fcode="bitcast"/>
<opset="bitcast_ln139_1/35 "/>
</bind>
</comp>

<comp id="1139" class="1004" name="tmp_33_fu_1139">
<pin_list>
<pin id="1140" dir="0" index="0" bw="8" slack="0"/>
<pin id="1141" dir="0" index="1" bw="32" slack="0"/>
<pin id="1142" dir="0" index="2" bw="6" slack="0"/>
<pin id="1143" dir="0" index="3" bw="6" slack="0"/>
<pin id="1144" dir="1" index="4" bw="8" slack="0"/>
</pin_list>
<bind>
<opcode="partselect(1002) " fcode="partselect"/>
<opset="tmp_33/35 "/>
</bind>
</comp>

<comp id="1149" class="1004" name="trunc_ln139_1_fu_1149">
<pin_list>
<pin id="1150" dir="0" index="0" bw="32" slack="0"/>
<pin id="1151" dir="1" index="1" bw="23" slack="0"/>
</pin_list>
<bind>
<opcode="trunc(33) " fcode="trunc"/>
<opset="trunc_ln139_1/35 "/>
</bind>
</comp>

<comp id="1153" class="1004" name="icmp_ln139_2_fu_1153">
<pin_list>
<pin id="1154" dir="0" index="0" bw="8" slack="0"/>
<pin id="1155" dir="0" index="1" bw="8" slack="0"/>
<pin id="1156" dir="1" index="2" bw="1" slack="1"/>
</pin_list>
<bind>
<opcode="icmp(45) " fcode="icmp"/>
<opset="icmp_ln139_2/35 "/>
</bind>
</comp>

<comp id="1159" class="1004" name="icmp_ln139_3_fu_1159">
<pin_list>
<pin id="1160" dir="0" index="0" bw="23" slack="0"/>
<pin id="1161" dir="0" index="1" bw="23" slack="0"/>
<pin id="1162" dir="1" index="2" bw="1" slack="1"/>
</pin_list>
<bind>
<opcode="icmp(45) " fcode="icmp"/>
<opset="icmp_ln139_3/35 "/>
</bind>
</comp>

<comp id="1165" class="1004" name="neighbor_height_3_fu_1165">
<pin_list>
<pin id="1166" dir="0" index="0" bw="1" slack="11"/>
<pin id="1167" dir="0" index="1" bw="32" slack="8"/>
<pin id="1168" dir="0" index="2" bw="32" slack="1"/>
<pin id="1169" dir="1" index="3" bw="32" slack="0"/>
</pin_list>
<bind>
<opcode="select(49) " fcode="select"/>
<opset="neighbor_height_3/35 "/>
</bind>
</comp>

<comp id="1172" class="1004" name="bitcast_ln139_2_fu_1172">
<pin_list>
<pin id="1173" dir="0" index="0" bw="32" slack="0"/>
<pin id="1174" dir="1" index="1" bw="32" slack="0"/>
</pin_list>
<bind>
<opcode="bitcast(44) " fcode="bitcast"/>
<opset="bitcast_ln139_2/35 "/>
</bind>
</comp>

<comp id="1176" class="1004" name="tmp_39_fu_1176">
<pin_list>
<pin id="1177" dir="0" index="0" bw="8" slack="0"/>
<pin id="1178" dir="0" index="1" bw="32" slack="0"/>
<pin id="1179" dir="0" index="2" bw="6" slack="0"/>
<pin id="1180" dir="0" index="3" bw="6" slack="0"/>
<pin id="1181" dir="1" index="4" bw="8" slack="0"/>
</pin_list>
<bind>
<opcode="partselect(1002) " fcode="partselect"/>
<opset="tmp_39/35 "/>
</bind>
</comp>

<comp id="1186" class="1004" name="trunc_ln139_2_fu_1186">
<pin_list>
<pin id="1187" dir="0" index="0" bw="32" slack="0"/>
<pin id="1188" dir="1" index="1" bw="23" slack="0"/>
</pin_list>
<bind>
<opcode="trunc(33) " fcode="trunc"/>
<opset="trunc_ln139_2/35 "/>
</bind>
</comp>

<comp id="1190" class="1004" name="icmp_ln139_4_fu_1190">
<pin_list>
<pin id="1191" dir="0" index="0" bw="8" slack="0"/>
<pin id="1192" dir="0" index="1" bw="8" slack="0"/>
<pin id="1193" dir="1" index="2" bw="1" slack="1"/>
</pin_list>
<bind>
<opcode="icmp(45) " fcode="icmp"/>
<opset="icmp_ln139_4/35 "/>
</bind>
</comp>

<comp id="1196" class="1004" name="icmp_ln139_5_fu_1196">
<pin_list>
<pin id="1197" dir="0" index="0" bw="23" slack="0"/>
<pin id="1198" dir="0" index="1" bw="23" slack="0"/>
<pin id="1199" dir="1" index="2" bw="1" slack="1"/>
</pin_list>
<bind>
<opcode="icmp(45) " fcode="icmp"/>
<opset="icmp_ln139_5/35 "/>
</bind>
</comp>

<comp id="1202" class="1004" name="icmp_ln128_1_fu_1202">
<pin_list>
<pin id="1203" dir="0" index="0" bw="6" slack="25"/>
<pin id="1204" dir="0" index="1" bw="6" slack="0"/>
<pin id="1205" dir="1" index="2" bw="1" slack="1"/>
</pin_list>
<bind>
<opcode="icmp(45) " fcode="icmp"/>
<opset="icmp_ln128_1/35 "/>
</bind>
</comp>

<comp id="1207" class="1004" name="bitcast_ln139_fu_1207">
<pin_list>
<pin id="1208" dir="0" index="0" bw="32" slack="3"/>
<pin id="1209" dir="1" index="1" bw="32" slack="0"/>
</pin_list>
<bind>
<opcode="bitcast(44) " fcode="bitcast"/>
<opset="bitcast_ln139/36 "/>
</bind>
</comp>

<comp id="1210" class="1004" name="tmp_32_fu_1210">
<pin_list>
<pin id="1211" dir="0" index="0" bw="8" slack="0"/>
<pin id="1212" dir="0" index="1" bw="32" slack="0"/>
<pin id="1213" dir="0" index="2" bw="6" slack="0"/>
<pin id="1214" dir="0" index="3" bw="6" slack="0"/>
<pin id="1215" dir="1" index="4" bw="8" slack="0"/>
</pin_list>
<bind>
<opcode="partselect(1002) " fcode="partselect"/>
<opset="tmp_32/36 "/>
</bind>
</comp>

<comp id="1220" class="1004" name="trunc_ln139_fu_1220">
<pin_list>
<pin id="1221" dir="0" index="0" bw="32" slack="0"/>
<pin id="1222" dir="1" index="1" bw="23" slack="0"/>
</pin_list>
<bind>
<opcode="trunc(33) " fcode="trunc"/>
<opset="trunc_ln139/36 "/>
</bind>
</comp>

<comp id="1224" class="1004" name="icmp_ln139_fu_1224">
<pin_list>
<pin id="1225" dir="0" index="0" bw="8" slack="0"/>
<pin id="1226" dir="0" index="1" bw="8" slack="0"/>
<pin id="1227" dir="1" index="2" bw="1" slack="0"/>
</pin_list>
<bind>
<opcode="icmp(45) " fcode="icmp"/>
<opset="icmp_ln139/36 "/>
</bind>
</comp>

<comp id="1230" class="1004" name="icmp_ln139_1_fu_1230">
<pin_list>
<pin id="1231" dir="0" index="0" bw="23" slack="0"/>
<pin id="1232" dir="0" index="1" bw="23" slack="0"/>
<pin id="1233" dir="1" index="2" bw="1" slack="0"/>
</pin_list>
<bind>
<opcode="icmp(45) " fcode="icmp"/>
<opset="icmp_ln139_1/36 "/>
</bind>
</comp>

<comp id="1236" class="1004" name="or_ln139_fu_1236">
<pin_list>
<pin id="1237" dir="0" index="0" bw="1" slack="0"/>
<pin id="1238" dir="0" index="1" bw="1" slack="0"/>
<pin id="1239" dir="1" index="2" bw="1" slack="0"/>
</pin_list>
<bind>
<opcode="or(24) " fcode="or"/>
<opset="or_ln139/36 "/>
</bind>
</comp>

<comp id="1242" class="1004" name="or_ln139_1_fu_1242">
<pin_list>
<pin id="1243" dir="0" index="0" bw="1" slack="1"/>
<pin id="1244" dir="0" index="1" bw="1" slack="1"/>
<pin id="1245" dir="1" index="2" bw="1" slack="0"/>
</pin_list>
<bind>
<opcode="or(24) " fcode="or"/>
<opset="or_ln139_1/36 "/>
</bind>
</comp>

<comp id="1246" class="1004" name="and_ln139_fu_1246">
<pin_list>
<pin id="1247" dir="0" index="0" bw="1" slack="0"/>
<pin id="1248" dir="0" index="1" bw="1" slack="0"/>
<pin id="1249" dir="1" index="2" bw="1" slack="0"/>
</pin_list>
<bind>
<opcode="and(23) " fcode="and"/>
<opset="and_ln139/36 "/>
</bind>
</comp>

<comp id="1252" class="1004" name="and_ln139_1_fu_1252">
<pin_list>
<pin id="1253" dir="0" index="0" bw="1" slack="0"/>
<pin id="1254" dir="0" index="1" bw="1" slack="0"/>
<pin id="1255" dir="1" index="2" bw="1" slack="6"/>
</pin_list>
<bind>
<opcode="and(23) " fcode="and"/>
<opset="and_ln139_1/36 "/>
</bind>
</comp>

<comp id="1258" class="1004" name="or_ln139_2_fu_1258">
<pin_list>
<pin id="1259" dir="0" index="0" bw="1" slack="1"/>
<pin id="1260" dir="0" index="1" bw="1" slack="1"/>
<pin id="1261" dir="1" index="2" bw="1" slack="0"/>
</pin_list>
<bind>
<opcode="or(24) " fcode="or"/>
<opset="or_ln139_2/36 "/>
</bind>
</comp>

<comp id="1262" class="1004" name="and_ln139_2_fu_1262">
<pin_list>
<pin id="1263" dir="0" index="0" bw="1" slack="0"/>
<pin id="1264" dir="0" index="1" bw="1" slack="0"/>
<pin id="1265" dir="1" index="2" bw="1" slack="0"/>
</pin_list>
<bind>
<opcode="and(23) " fcode="and"/>
<opset="and_ln139_2/36 "/>
</bind>
</comp>

<comp id="1268" class="1004" name="and_ln139_3_fu_1268">
<pin_list>
<pin id="1269" dir="0" index="0" bw="1" slack="0"/>
<pin id="1270" dir="0" index="1" bw="1" slack="0"/>
<pin id="1271" dir="1" index="2" bw="1" slack="8"/>
</pin_list>
<bind>
<opcode="and(23) " fcode="and"/>
<opset="and_ln139_3/36 "/>
</bind>
</comp>

<comp id="1274" class="1004" name="neighbor_height_7_fu_1274">
<pin_list>
<pin id="1275" dir="0" index="0" bw="1" slack="1"/>
<pin id="1276" dir="0" index="1" bw="32" slack="9"/>
<pin id="1277" dir="0" index="2" bw="32" slack="1"/>
<pin id="1278" dir="1" index="3" bw="32" slack="0"/>
</pin_list>
<bind>
<opcode="select(49) " fcode="select"/>
<opset="neighbor_height_7/36 "/>
</bind>
</comp>

<comp id="1281" class="1004" name="bitcast_ln139_4_fu_1281">
<pin_list>
<pin id="1282" dir="0" index="0" bw="32" slack="0"/>
<pin id="1283" dir="1" index="1" bw="32" slack="0"/>
</pin_list>
<bind>
<opcode="bitcast(44) " fcode="bitcast"/>
<opset="bitcast_ln139_4/36 "/>
</bind>
</comp>

<comp id="1285" class="1004" name="tmp_51_fu_1285">
<pin_list>
<pin id="1286" dir="0" index="0" bw="8" slack="0"/>
<pin id="1287" dir="0" index="1" bw="32" slack="0"/>
<pin id="1288" dir="0" index="2" bw="6" slack="0"/>
<pin id="1289" dir="0" index="3" bw="6" slack="0"/>
<pin id="1290" dir="1" index="4" bw="8" slack="0"/>
</pin_list>
<bind>
<opcode="partselect(1002) " fcode="partselect"/>
<opset="tmp_51/36 "/>
</bind>
</comp>

<comp id="1295" class="1004" name="trunc_ln139_4_fu_1295">
<pin_list>
<pin id="1296" dir="0" index="0" bw="32" slack="0"/>
<pin id="1297" dir="1" index="1" bw="23" slack="0"/>
</pin_list>
<bind>
<opcode="trunc(33) " fcode="trunc"/>
<opset="trunc_ln139_4/36 "/>
</bind>
</comp>

<comp id="1299" class="1004" name="icmp_ln139_8_fu_1299">
<pin_list>
<pin id="1300" dir="0" index="0" bw="8" slack="0"/>
<pin id="1301" dir="0" index="1" bw="8" slack="0"/>
<pin id="1302" dir="1" index="2" bw="1" slack="1"/>
</pin_list>
<bind>
<opcode="icmp(45) " fcode="icmp"/>
<opset="icmp_ln139_8/36 "/>
</bind>
</comp>

<comp id="1305" class="1004" name="icmp_ln139_9_fu_1305">
<pin_list>
<pin id="1306" dir="0" index="0" bw="23" slack="0"/>
<pin id="1307" dir="0" index="1" bw="23" slack="0"/>
<pin id="1308" dir="1" index="2" bw="1" slack="1"/>
</pin_list>
<bind>
<opcode="icmp(45) " fcode="icmp"/>
<opset="icmp_ln139_9/36 "/>
</bind>
</comp>

<comp id="1311" class="1004" name="or_ln139_4_fu_1311">
<pin_list>
<pin id="1312" dir="0" index="0" bw="1" slack="1"/>
<pin id="1313" dir="0" index="1" bw="1" slack="1"/>
<pin id="1314" dir="1" index="2" bw="1" slack="0"/>
</pin_list>
<bind>
<opcode="or(24) " fcode="or"/>
<opset="or_ln139_4/37 "/>
</bind>
</comp>

<comp id="1315" class="1004" name="and_ln139_6_fu_1315">
<pin_list>
<pin id="1316" dir="0" index="0" bw="1" slack="1"/>
<pin id="1317" dir="0" index="1" bw="1" slack="0"/>
<pin id="1318" dir="1" index="2" bw="1" slack="0"/>
</pin_list>
<bind>
<opcode="and(23) " fcode="and"/>
<opset="and_ln139_6/37 "/>
</bind>
</comp>

<comp id="1320" class="1004" name="and_ln139_7_fu_1320">
<pin_list>
<pin id="1321" dir="0" index="0" bw="1" slack="0"/>
<pin id="1322" dir="0" index="1" bw="1" slack="0"/>
<pin id="1323" dir="1" index="2" bw="1" slack="11"/>
</pin_list>
<bind>
<opcode="and(23) " fcode="and"/>
<opset="and_ln139_7/37 "/>
</bind>
</comp>

<comp id="1326" class="1004" name="icmp_ln128_fu_1326">
<pin_list>
<pin id="1327" dir="0" index="0" bw="7" slack="28"/>
<pin id="1328" dir="0" index="1" bw="7" slack="0"/>
<pin id="1329" dir="1" index="2" bw="1" slack="1"/>
</pin_list>
<bind>
<opcode="icmp(45) " fcode="icmp"/>
<opset="icmp_ln128/38 "/>
</bind>
</comp>

<comp id="1331" class="1004" name="neighbor_height_5_fu_1331">
<pin_list>
<pin id="1332" dir="0" index="0" bw="1" slack="1"/>
<pin id="1333" dir="0" index="1" bw="32" slack="12"/>
<pin id="1334" dir="0" index="2" bw="32" slack="1"/>
<pin id="1335" dir="1" index="3" bw="32" slack="0"/>
</pin_list>
<bind>
<opcode="select(49) " fcode="select"/>
<opset="neighbor_height_5/39 "/>
</bind>
</comp>

<comp id="1338" class="1004" name="bitcast_ln139_3_fu_1338">
<pin_list>
<pin id="1339" dir="0" index="0" bw="32" slack="0"/>
<pin id="1340" dir="1" index="1" bw="32" slack="0"/>
</pin_list>
<bind>
<opcode="bitcast(44) " fcode="bitcast"/>
<opset="bitcast_ln139_3/39 "/>
</bind>
</comp>

<comp id="1342" class="1004" name="tmp_44_fu_1342">
<pin_list>
<pin id="1343" dir="0" index="0" bw="8" slack="0"/>
<pin id="1344" dir="0" index="1" bw="32" slack="0"/>
<pin id="1345" dir="0" index="2" bw="6" slack="0"/>
<pin id="1346" dir="0" index="3" bw="6" slack="0"/>
<pin id="1347" dir="1" index="4" bw="8" slack="0"/>
</pin_list>
<bind>
<opcode="partselect(1002) " fcode="partselect"/>
<opset="tmp_44/39 "/>
</bind>
</comp>

<comp id="1352" class="1004" name="trunc_ln139_3_fu_1352">
<pin_list>
<pin id="1353" dir="0" index="0" bw="32" slack="0"/>
<pin id="1354" dir="1" index="1" bw="23" slack="0"/>
</pin_list>
<bind>
<opcode="trunc(33) " fcode="trunc"/>
<opset="trunc_ln139_3/39 "/>
</bind>
</comp>

<comp id="1356" class="1004" name="icmp_ln139_6_fu_1356">
<pin_list>
<pin id="1357" dir="0" index="0" bw="8" slack="0"/>
<pin id="1358" dir="0" index="1" bw="8" slack="0"/>
<pin id="1359" dir="1" index="2" bw="1" slack="1"/>
</pin_list>
<bind>
<opcode="icmp(45) " fcode="icmp"/>
<opset="icmp_ln139_6/39 "/>
</bind>
</comp>

<comp id="1362" class="1004" name="icmp_ln139_7_fu_1362">
<pin_list>
<pin id="1363" dir="0" index="0" bw="23" slack="0"/>
<pin id="1364" dir="0" index="1" bw="23" slack="0"/>
<pin id="1365" dir="1" index="2" bw="1" slack="1"/>
</pin_list>
<bind>
<opcode="icmp(45) " fcode="icmp"/>
<opset="icmp_ln139_7/39 "/>
</bind>
</comp>

<comp id="1368" class="1004" name="or_ln139_3_fu_1368">
<pin_list>
<pin id="1369" dir="0" index="0" bw="1" slack="1"/>
<pin id="1370" dir="0" index="1" bw="1" slack="1"/>
<pin id="1371" dir="1" index="2" bw="1" slack="0"/>
</pin_list>
<bind>
<opcode="or(24) " fcode="or"/>
<opset="or_ln139_3/40 "/>
</bind>
</comp>

<comp id="1372" class="1004" name="and_ln139_4_fu_1372">
<pin_list>
<pin id="1373" dir="0" index="0" bw="1" slack="4"/>
<pin id="1374" dir="0" index="1" bw="1" slack="0"/>
<pin id="1375" dir="1" index="2" bw="1" slack="0"/>
</pin_list>
<bind>
<opcode="and(23) " fcode="and"/>
<opset="and_ln139_4/40 "/>
</bind>
</comp>

<comp id="1377" class="1004" name="and_ln139_5_fu_1377">
<pin_list>
<pin id="1378" dir="0" index="0" bw="1" slack="0"/>
<pin id="1379" dir="0" index="1" bw="1" slack="0"/>
<pin id="1380" dir="1" index="2" bw="1" slack="6"/>
</pin_list>
<bind>
<opcode="and(23) " fcode="and"/>
<opset="and_ln139_5/40 "/>
</bind>
</comp>

<comp id="1383" class="1004" name="bitcast_ln142_fu_1383">
<pin_list>
<pin id="1384" dir="0" index="0" bw="32" slack="2"/>
<pin id="1385" dir="1" index="1" bw="32" slack="0"/>
</pin_list>
<bind>
<opcode="bitcast(44) " fcode="bitcast"/>
<opset="bitcast_ln142/43 "/>
</bind>
</comp>

<comp id="1386" class="1004" name="tmp_35_fu_1386">
<pin_list>
<pin id="1387" dir="0" index="0" bw="8" slack="0"/>
<pin id="1388" dir="0" index="1" bw="32" slack="0"/>
<pin id="1389" dir="0" index="2" bw="6" slack="0"/>
<pin id="1390" dir="0" index="3" bw="6" slack="0"/>
<pin id="1391" dir="1" index="4" bw="8" slack="0"/>
</pin_list>
<bind>
<opcode="partselect(1002) " fcode="partselect"/>
<opset="tmp_35/43 "/>
</bind>
</comp>

<comp id="1396" class="1004" name="trunc_ln142_fu_1396">
<pin_list>
<pin id="1397" dir="0" index="0" bw="32" slack="0"/>
<pin id="1398" dir="1" index="1" bw="23" slack="0"/>
</pin_list>
<bind>
<opcode="trunc(33) " fcode="trunc"/>
<opset="trunc_ln142/43 "/>
</bind>
</comp>

<comp id="1400" class="1004" name="icmp_ln142_fu_1400">
<pin_list>
<pin id="1401" dir="0" index="0" bw="8" slack="0"/>
<pin id="1402" dir="0" index="1" bw="8" slack="0"/>
<pin id="1403" dir="1" index="2" bw="1" slack="0"/>
</pin_list>
<bind>
<opcode="icmp(45) " fcode="icmp"/>
<opset="icmp_ln142/43 "/>
</bind>
</comp>

<comp id="1406" class="1004" name="icmp_ln142_1_fu_1406">
<pin_list>
<pin id="1407" dir="0" index="0" bw="23" slack="0"/>
<pin id="1408" dir="0" index="1" bw="23" slack="0"/>
<pin id="1409" dir="1" index="2" bw="1" slack="0"/>
</pin_list>
<bind>
<opcode="icmp(45) " fcode="icmp"/>
<opset="icmp_ln142_1/43 "/>
</bind>
</comp>

<comp id="1412" class="1004" name="or_ln142_fu_1412">
<pin_list>
<pin id="1413" dir="0" index="0" bw="1" slack="0"/>
<pin id="1414" dir="0" index="1" bw="1" slack="0"/>
<pin id="1415" dir="1" index="2" bw="1" slack="0"/>
</pin_list>
<bind>
<opcode="or(24) " fcode="or"/>
<opset="or_ln142/43 "/>
</bind>
</comp>

<comp id="1418" class="1004" name="and_ln142_fu_1418">
<pin_list>
<pin id="1419" dir="0" index="0" bw="1" slack="0"/>
<pin id="1420" dir="0" index="1" bw="1" slack="0"/>
<pin id="1421" dir="1" index="2" bw="1" slack="0"/>
</pin_list>
<bind>
<opcode="and(23) " fcode="and"/>
<opset="and_ln142/43 "/>
</bind>
</comp>

<comp id="1424" class="1004" name="my_spillage_level_fu_1424">
<pin_list>
<pin id="1425" dir="0" index="0" bw="1" slack="0"/>
<pin id="1426" dir="0" index="1" bw="32" slack="0"/>
<pin id="1427" dir="0" index="2" bw="32" slack="2"/>
<pin id="1428" dir="1" index="3" bw="32" slack="0"/>
</pin_list>
<bind>
<opcode="select(49) " fcode="select"/>
<opset="my_spillage_level/43 "/>
</bind>
</comp>

<comp id="1431" class="1004" name="my_spillage_level_1_fu_1431">
<pin_list>
<pin id="1432" dir="0" index="0" bw="1" slack="7"/>
<pin id="1433" dir="0" index="1" bw="32" slack="0"/>
<pin id="1434" dir="0" index="2" bw="32" slack="0"/>
<pin id="1435" dir="1" index="3" bw="32" slack="1"/>
</pin_list>
<bind>
<opcode="select(49) " fcode="select"/>
<opset="my_spillage_level_1/43 "/>
</bind>
</comp>

<comp id="1438" class="1004" name="bitcast_ln142_1_fu_1438">
<pin_list>
<pin id="1439" dir="0" index="0" bw="32" slack="2"/>
<pin id="1440" dir="1" index="1" bw="32" slack="0"/>
</pin_list>
<bind>
<opcode="bitcast(44) " fcode="bitcast"/>
<opset="bitcast_ln142_1/45 "/>
</bind>
</comp>

<comp id="1441" class="1004" name="tmp_41_fu_1441">
<pin_list>
<pin id="1442" dir="0" index="0" bw="8" slack="0"/>
<pin id="1443" dir="0" index="1" bw="32" slack="0"/>
<pin id="1444" dir="0" index="2" bw="6" slack="0"/>
<pin id="1445" dir="0" index="3" bw="6" slack="0"/>
<pin id="1446" dir="1" index="4" bw="8" slack="0"/>
</pin_list>
<bind>
<opcode="partselect(1002) " fcode="partselect"/>
<opset="tmp_41/45 "/>
</bind>
</comp>

<comp id="1451" class="1004" name="trunc_ln142_1_fu_1451">
<pin_list>
<pin id="1452" dir="0" index="0" bw="32" slack="0"/>
<pin id="1453" dir="1" index="1" bw="23" slack="0"/>
</pin_list>
<bind>
<opcode="trunc(33) " fcode="trunc"/>
<opset="trunc_ln142_1/45 "/>
</bind>
</comp>

<comp id="1455" class="1004" name="bitcast_ln142_2_fu_1455">
<pin_list>
<pin id="1456" dir="0" index="0" bw="32" slack="4"/>
<pin id="1457" dir="1" index="1" bw="32" slack="0"/>
</pin_list>
<bind>
<opcode="bitcast(44) " fcode="bitcast"/>
<opset="bitcast_ln142_2/45 "/>
</bind>
</comp>

<comp id="1458" class="1004" name="tmp_42_fu_1458">
<pin_list>
<pin id="1459" dir="0" index="0" bw="8" slack="0"/>
<pin id="1460" dir="0" index="1" bw="32" slack="0"/>
<pin id="1461" dir="0" index="2" bw="6" slack="0"/>
<pin id="1462" dir="0" index="3" bw="6" slack="0"/>
<pin id="1463" dir="1" index="4" bw="8" slack="0"/>
</pin_list>
<bind>
<opcode="partselect(1002) " fcode="partselect"/>
<opset="tmp_42/45 "/>
</bind>
</comp>

<comp id="1468" class="1004" name="trunc_ln142_2_fu_1468">
<pin_list>
<pin id="1469" dir="0" index="0" bw="32" slack="0"/>
<pin id="1470" dir="1" index="1" bw="23" slack="0"/>
</pin_list>
<bind>
<opcode="trunc(33) " fcode="trunc"/>
<opset="trunc_ln142_2/45 "/>
</bind>
</comp>

<comp id="1472" class="1004" name="icmp_ln142_2_fu_1472">
<pin_list>
<pin id="1473" dir="0" index="0" bw="8" slack="0"/>
<pin id="1474" dir="0" index="1" bw="8" slack="0"/>
<pin id="1475" dir="1" index="2" bw="1" slack="0"/>
</pin_list>
<bind>
<opcode="icmp(45) " fcode="icmp"/>
<opset="icmp_ln142_2/45 "/>
</bind>
</comp>

<comp id="1478" class="1004" name="icmp_ln142_3_fu_1478">
<pin_list>
<pin id="1479" dir="0" index="0" bw="23" slack="0"/>
<pin id="1480" dir="0" index="1" bw="23" slack="0"/>
<pin id="1481" dir="1" index="2" bw="1" slack="0"/>
</pin_list>
<bind>
<opcode="icmp(45) " fcode="icmp"/>
<opset="icmp_ln142_3/45 "/>
</bind>
</comp>

<comp id="1484" class="1004" name="or_ln142_1_fu_1484">
<pin_list>
<pin id="1485" dir="0" index="0" bw="1" slack="0"/>
<pin id="1486" dir="0" index="1" bw="1" slack="0"/>
<pin id="1487" dir="1" index="2" bw="1" slack="0"/>
</pin_list>
<bind>
<opcode="or(24) " fcode="or"/>
<opset="or_ln142_1/45 "/>
</bind>
</comp>

<comp id="1490" class="1004" name="icmp_ln142_4_fu_1490">
<pin_list>
<pin id="1491" dir="0" index="0" bw="8" slack="0"/>
<pin id="1492" dir="0" index="1" bw="8" slack="0"/>
<pin id="1493" dir="1" index="2" bw="1" slack="0"/>
</pin_list>
<bind>
<opcode="icmp(45) " fcode="icmp"/>
<opset="icmp_ln142_4/45 "/>
</bind>
</comp>

<comp id="1496" class="1004" name="icmp_ln142_5_fu_1496">
<pin_list>
<pin id="1497" dir="0" index="0" bw="23" slack="0"/>
<pin id="1498" dir="0" index="1" bw="23" slack="0"/>
<pin id="1499" dir="1" index="2" bw="1" slack="0"/>
</pin_list>
<bind>
<opcode="icmp(45) " fcode="icmp"/>
<opset="icmp_ln142_5/45 "/>
</bind>
</comp>

<comp id="1502" class="1004" name="or_ln142_2_fu_1502">
<pin_list>
<pin id="1503" dir="0" index="0" bw="1" slack="0"/>
<pin id="1504" dir="0" index="1" bw="1" slack="0"/>
<pin id="1505" dir="1" index="2" bw="1" slack="0"/>
</pin_list>
<bind>
<opcode="or(24) " fcode="or"/>
<opset="or_ln142_2/45 "/>
</bind>
</comp>

<comp id="1508" class="1004" name="and_ln142_1_fu_1508">
<pin_list>
<pin id="1509" dir="0" index="0" bw="1" slack="0"/>
<pin id="1510" dir="0" index="1" bw="1" slack="0"/>
<pin id="1511" dir="1" index="2" bw="1" slack="0"/>
</pin_list>
<bind>
<opcode="and(23) " fcode="and"/>
<opset="and_ln142_1/45 "/>
</bind>
</comp>

<comp id="1514" class="1004" name="and_ln142_2_fu_1514">
<pin_list>
<pin id="1515" dir="0" index="0" bw="1" slack="0"/>
<pin id="1516" dir="0" index="1" bw="1" slack="0"/>
<pin id="1517" dir="1" index="2" bw="1" slack="0"/>
</pin_list>
<bind>
<opcode="and(23) " fcode="and"/>
<opset="and_ln142_2/45 "/>
</bind>
</comp>

<comp id="1520" class="1004" name="my_spillage_level_2_fu_1520">
<pin_list>
<pin id="1521" dir="0" index="0" bw="1" slack="0"/>
<pin id="1522" dir="0" index="1" bw="32" slack="2"/>
<pin id="1523" dir="0" index="2" bw="32" slack="4"/>
<pin id="1524" dir="1" index="3" bw="32" slack="0"/>
</pin_list>
<bind>
<opcode="select(49) " fcode="select"/>
<opset="my_spillage_level_2/45 "/>
</bind>
</comp>

<comp id="1526" class="1004" name="my_spillage_level_3_fu_1526">
<pin_list>
<pin id="1527" dir="0" index="0" bw="1" slack="9"/>
<pin id="1528" dir="0" index="1" bw="32" slack="0"/>
<pin id="1529" dir="0" index="2" bw="32" slack="2"/>
<pin id="1530" dir="1" index="3" bw="32" slack="1"/>
</pin_list>
<bind>
<opcode="select(49) " fcode="select"/>
<opset="my_spillage_level_3/45 "/>
</bind>
</comp>

<comp id="1532" class="1004" name="bitcast_ln142_3_fu_1532">
<pin_list>
<pin id="1533" dir="0" index="0" bw="32" slack="2"/>
<pin id="1534" dir="1" index="1" bw="32" slack="0"/>
</pin_list>
<bind>
<opcode="bitcast(44) " fcode="bitcast"/>
<opset="bitcast_ln142_3/47 "/>
</bind>
</comp>

<comp id="1535" class="1004" name="tmp_46_fu_1535">
<pin_list>
<pin id="1536" dir="0" index="0" bw="8" slack="0"/>
<pin id="1537" dir="0" index="1" bw="32" slack="0"/>
<pin id="1538" dir="0" index="2" bw="6" slack="0"/>
<pin id="1539" dir="0" index="3" bw="6" slack="0"/>
<pin id="1540" dir="1" index="4" bw="8" slack="0"/>
</pin_list>
<bind>
<opcode="partselect(1002) " fcode="partselect"/>
<opset="tmp_46/47 "/>
</bind>
</comp>

<comp id="1545" class="1004" name="trunc_ln142_3_fu_1545">
<pin_list>
<pin id="1546" dir="0" index="0" bw="32" slack="0"/>
<pin id="1547" dir="1" index="1" bw="23" slack="0"/>
</pin_list>
<bind>
<opcode="trunc(33) " fcode="trunc"/>
<opset="trunc_ln142_3/47 "/>
</bind>
</comp>

<comp id="1549" class="1004" name="bitcast_ln142_4_fu_1549">
<pin_list>
<pin id="1550" dir="0" index="0" bw="32" slack="2"/>
<pin id="1551" dir="1" index="1" bw="32" slack="0"/>
</pin_list>
<bind>
<opcode="bitcast(44) " fcode="bitcast"/>
<opset="bitcast_ln142_4/47 "/>
</bind>
</comp>

<comp id="1552" class="1004" name="tmp_47_fu_1552">
<pin_list>
<pin id="1553" dir="0" index="0" bw="8" slack="0"/>
<pin id="1554" dir="0" index="1" bw="32" slack="0"/>
<pin id="1555" dir="0" index="2" bw="6" slack="0"/>
<pin id="1556" dir="0" index="3" bw="6" slack="0"/>
<pin id="1557" dir="1" index="4" bw="8" slack="0"/>
</pin_list>
<bind>
<opcode="partselect(1002) " fcode="partselect"/>
<opset="tmp_47/47 "/>
</bind>
</comp>

<comp id="1562" class="1004" name="trunc_ln142_4_fu_1562">
<pin_list>
<pin id="1563" dir="0" index="0" bw="32" slack="0"/>
<pin id="1564" dir="1" index="1" bw="23" slack="0"/>
</pin_list>
<bind>
<opcode="trunc(33) " fcode="trunc"/>
<opset="trunc_ln142_4/47 "/>
</bind>
</comp>

<comp id="1566" class="1004" name="icmp_ln142_6_fu_1566">
<pin_list>
<pin id="1567" dir="0" index="0" bw="8" slack="0"/>
<pin id="1568" dir="0" index="1" bw="8" slack="0"/>
<pin id="1569" dir="1" index="2" bw="1" slack="0"/>
</pin_list>
<bind>
<opcode="icmp(45) " fcode="icmp"/>
<opset="icmp_ln142_6/47 "/>
</bind>
</comp>

<comp id="1572" class="1004" name="icmp_ln142_7_fu_1572">
<pin_list>
<pin id="1573" dir="0" index="0" bw="23" slack="0"/>
<pin id="1574" dir="0" index="1" bw="23" slack="0"/>
<pin id="1575" dir="1" index="2" bw="1" slack="0"/>
</pin_list>
<bind>
<opcode="icmp(45) " fcode="icmp"/>
<opset="icmp_ln142_7/47 "/>
</bind>
</comp>

<comp id="1578" class="1004" name="or_ln142_3_fu_1578">
<pin_list>
<pin id="1579" dir="0" index="0" bw="1" slack="0"/>
<pin id="1580" dir="0" index="1" bw="1" slack="0"/>
<pin id="1581" dir="1" index="2" bw="1" slack="0"/>
</pin_list>
<bind>
<opcode="or(24) " fcode="or"/>
<opset="or_ln142_3/47 "/>
</bind>
</comp>

<comp id="1584" class="1004" name="icmp_ln142_8_fu_1584">
<pin_list>
<pin id="1585" dir="0" index="0" bw="8" slack="0"/>
<pin id="1586" dir="0" index="1" bw="8" slack="0"/>
<pin id="1587" dir="1" index="2" bw="1" slack="0"/>
</pin_list>
<bind>
<opcode="icmp(45) " fcode="icmp"/>
<opset="icmp_ln142_8/47 "/>
</bind>
</comp>

<comp id="1590" class="1004" name="icmp_ln142_9_fu_1590">
<pin_list>
<pin id="1591" dir="0" index="0" bw="23" slack="0"/>
<pin id="1592" dir="0" index="1" bw="23" slack="0"/>
<pin id="1593" dir="1" index="2" bw="1" slack="0"/>
</pin_list>
<bind>
<opcode="icmp(45) " fcode="icmp"/>
<opset="icmp_ln142_9/47 "/>
</bind>
</comp>

<comp id="1596" class="1004" name="or_ln142_4_fu_1596">
<pin_list>
<pin id="1597" dir="0" index="0" bw="1" slack="0"/>
<pin id="1598" dir="0" index="1" bw="1" slack="0"/>
<pin id="1599" dir="1" index="2" bw="1" slack="0"/>
</pin_list>
<bind>
<opcode="or(24) " fcode="or"/>
<opset="or_ln142_4/47 "/>
</bind>
</comp>

<comp id="1602" class="1004" name="and_ln142_3_fu_1602">
<pin_list>
<pin id="1603" dir="0" index="0" bw="1" slack="0"/>
<pin id="1604" dir="0" index="1" bw="1" slack="0"/>
<pin id="1605" dir="1" index="2" bw="1" slack="0"/>
</pin_list>
<bind>
<opcode="and(23) " fcode="and"/>
<opset="and_ln142_3/47 "/>
</bind>
</comp>

<comp id="1608" class="1004" name="and_ln142_4_fu_1608">
<pin_list>
<pin id="1609" dir="0" index="0" bw="1" slack="0"/>
<pin id="1610" dir="0" index="1" bw="1" slack="0"/>
<pin id="1611" dir="1" index="2" bw="1" slack="0"/>
</pin_list>
<bind>
<opcode="and(23) " fcode="and"/>
<opset="and_ln142_4/47 "/>
</bind>
</comp>

<comp id="1614" class="1004" name="my_spillage_level_4_fu_1614">
<pin_list>
<pin id="1615" dir="0" index="0" bw="1" slack="0"/>
<pin id="1616" dir="0" index="1" bw="32" slack="2"/>
<pin id="1617" dir="0" index="2" bw="32" slack="2"/>
<pin id="1618" dir="1" index="3" bw="32" slack="0"/>
</pin_list>
<bind>
<opcode="select(49) " fcode="select"/>
<opset="my_spillage_level_4/47 "/>
</bind>
</comp>

<comp id="1620" class="1004" name="my_spillage_level_5_fu_1620">
<pin_list>
<pin id="1621" dir="0" index="0" bw="1" slack="7"/>
<pin id="1622" dir="0" index="1" bw="32" slack="0"/>
<pin id="1623" dir="0" index="2" bw="32" slack="2"/>
<pin id="1624" dir="1" index="3" bw="32" slack="1"/>
</pin_list>
<bind>
<opcode="select(49) " fcode="select"/>
<opset="my_spillage_level_5/47 "/>
</bind>
</comp>

<comp id="1626" class="1004" name="sum_diff_1_fu_1626">
<pin_list>
<pin id="1627" dir="0" index="0" bw="1" slack="12"/>
<pin id="1628" dir="0" index="1" bw="32" slack="0"/>
<pin id="1629" dir="0" index="2" bw="32" slack="0"/>
<pin id="1630" dir="1" index="3" bw="32" slack="1"/>
</pin_list>
<bind>
<opcode="select(49) " fcode="select"/>
<opset="sum_diff_1/48 "/>
</bind>
</comp>

<comp id="1633" class="1004" name="bitcast_ln142_5_fu_1633">
<pin_list>
<pin id="1634" dir="0" index="0" bw="32" slack="2"/>
<pin id="1635" dir="1" index="1" bw="32" slack="0"/>
</pin_list>
<bind>
<opcode="bitcast(44) " fcode="bitcast"/>
<opset="bitcast_ln142_5/49 "/>
</bind>
</comp>

<comp id="1636" class="1004" name="tmp_53_fu_1636">
<pin_list>
<pin id="1637" dir="0" index="0" bw="8" slack="0"/>
<pin id="1638" dir="0" index="1" bw="32" slack="0"/>
<pin id="1639" dir="0" index="2" bw="6" slack="0"/>
<pin id="1640" dir="0" index="3" bw="6" slack="0"/>
<pin id="1641" dir="1" index="4" bw="8" slack="0"/>
</pin_list>
<bind>
<opcode="partselect(1002) " fcode="partselect"/>
<opset="tmp_53/49 "/>
</bind>
</comp>

<comp id="1646" class="1004" name="trunc_ln142_5_fu_1646">
<pin_list>
<pin id="1647" dir="0" index="0" bw="32" slack="0"/>
<pin id="1648" dir="1" index="1" bw="23" slack="0"/>
</pin_list>
<bind>
<opcode="trunc(33) " fcode="trunc"/>
<opset="trunc_ln142_5/49 "/>
</bind>
</comp>

<comp id="1650" class="1004" name="bitcast_ln142_6_fu_1650">
<pin_list>
<pin id="1651" dir="0" index="0" bw="32" slack="7"/>
<pin id="1652" dir="1" index="1" bw="32" slack="0"/>
</pin_list>
<bind>
<opcode="bitcast(44) " fcode="bitcast"/>
<opset="bitcast_ln142_6/49 "/>
</bind>
</comp>

<comp id="1653" class="1004" name="tmp_54_fu_1653">
<pin_list>
<pin id="1654" dir="0" index="0" bw="8" slack="0"/>
<pin id="1655" dir="0" index="1" bw="32" slack="0"/>
<pin id="1656" dir="0" index="2" bw="6" slack="0"/>
<pin id="1657" dir="0" index="3" bw="6" slack="0"/>
<pin id="1658" dir="1" index="4" bw="8" slack="0"/>
</pin_list>
<bind>
<opcode="partselect(1002) " fcode="partselect"/>
<opset="tmp_54/49 "/>
</bind>
</comp>

<comp id="1663" class="1004" name="trunc_ln142_6_fu_1663">
<pin_list>
<pin id="1664" dir="0" index="0" bw="32" slack="0"/>
<pin id="1665" dir="1" index="1" bw="23" slack="0"/>
</pin_list>
<bind>
<opcode="trunc(33) " fcode="trunc"/>
<opset="trunc_ln142_6/49 "/>
</bind>
</comp>

<comp id="1667" class="1004" name="icmp_ln142_10_fu_1667">
<pin_list>
<pin id="1668" dir="0" index="0" bw="8" slack="0"/>
<pin id="1669" dir="0" index="1" bw="8" slack="0"/>
<pin id="1670" dir="1" index="2" bw="1" slack="0"/>
</pin_list>
<bind>
<opcode="icmp(45) " fcode="icmp"/>
<opset="icmp_ln142_10/49 "/>
</bind>
</comp>

<comp id="1673" class="1004" name="icmp_ln142_11_fu_1673">
<pin_list>
<pin id="1674" dir="0" index="0" bw="23" slack="0"/>
<pin id="1675" dir="0" index="1" bw="23" slack="0"/>
<pin id="1676" dir="1" index="2" bw="1" slack="0"/>
</pin_list>
<bind>
<opcode="icmp(45) " fcode="icmp"/>
<opset="icmp_ln142_11/49 "/>
</bind>
</comp>

<comp id="1679" class="1004" name="or_ln142_5_fu_1679">
<pin_list>
<pin id="1680" dir="0" index="0" bw="1" slack="0"/>
<pin id="1681" dir="0" index="1" bw="1" slack="0"/>
<pin id="1682" dir="1" index="2" bw="1" slack="0"/>
</pin_list>
<bind>
<opcode="or(24) " fcode="or"/>
<opset="or_ln142_5/49 "/>
</bind>
</comp>

<comp id="1685" class="1004" name="icmp_ln142_12_fu_1685">
<pin_list>
<pin id="1686" dir="0" index="0" bw="8" slack="0"/>
<pin id="1687" dir="0" index="1" bw="8" slack="0"/>
<pin id="1688" dir="1" index="2" bw="1" slack="0"/>
</pin_list>
<bind>
<opcode="icmp(45) " fcode="icmp"/>
<opset="icmp_ln142_12/49 "/>
</bind>
</comp>

<comp id="1691" class="1004" name="icmp_ln142_13_fu_1691">
<pin_list>
<pin id="1692" dir="0" index="0" bw="23" slack="0"/>
<pin id="1693" dir="0" index="1" bw="23" slack="0"/>
<pin id="1694" dir="1" index="2" bw="1" slack="0"/>
</pin_list>
<bind>
<opcode="icmp(45) " fcode="icmp"/>
<opset="icmp_ln142_13/49 "/>
</bind>
</comp>

<comp id="1697" class="1004" name="or_ln142_6_fu_1697">
<pin_list>
<pin id="1698" dir="0" index="0" bw="1" slack="0"/>
<pin id="1699" dir="0" index="1" bw="1" slack="0"/>
<pin id="1700" dir="1" index="2" bw="1" slack="0"/>
</pin_list>
<bind>
<opcode="or(24) " fcode="or"/>
<opset="or_ln142_6/49 "/>
</bind>
</comp>

<comp id="1703" class="1004" name="and_ln142_5_fu_1703">
<pin_list>
<pin id="1704" dir="0" index="0" bw="1" slack="0"/>
<pin id="1705" dir="0" index="1" bw="1" slack="0"/>
<pin id="1706" dir="1" index="2" bw="1" slack="0"/>
</pin_list>
<bind>
<opcode="and(23) " fcode="and"/>
<opset="and_ln142_5/49 "/>
</bind>
</comp>

<comp id="1709" class="1004" name="and_ln142_6_fu_1709">
<pin_list>
<pin id="1710" dir="0" index="0" bw="1" slack="0"/>
<pin id="1711" dir="0" index="1" bw="1" slack="0"/>
<pin id="1712" dir="1" index="2" bw="1" slack="0"/>
</pin_list>
<bind>
<opcode="and(23) " fcode="and"/>
<opset="and_ln142_6/49 "/>
</bind>
</comp>

<comp id="1715" class="1004" name="my_spillage_level_6_fu_1715">
<pin_list>
<pin id="1716" dir="0" index="0" bw="1" slack="0"/>
<pin id="1717" dir="0" index="1" bw="32" slack="2"/>
<pin id="1718" dir="0" index="2" bw="32" slack="7"/>
<pin id="1719" dir="1" index="3" bw="32" slack="0"/>
</pin_list>
<bind>
<opcode="select(49) " fcode="select"/>
<opset="my_spillage_level_6/49 "/>
</bind>
</comp>

<comp id="1721" class="1004" name="my_spillage_level_7_fu_1721">
<pin_list>
<pin id="1722" dir="0" index="0" bw="1" slack="12"/>
<pin id="1723" dir="0" index="1" bw="32" slack="0"/>
<pin id="1724" dir="0" index="2" bw="32" slack="2"/>
<pin id="1725" dir="1" index="3" bw="32" slack="1"/>
</pin_list>
<bind>
<opcode="select(49) " fcode="select"/>
<opset="my_spillage_level_7/49 "/>
</bind>
</comp>

<comp id="1727" class="1004" name="bitcast_ln145_fu_1727">
<pin_list>
<pin id="1728" dir="0" index="0" bw="32" slack="25"/>
<pin id="1729" dir="1" index="1" bw="32" slack="0"/>
</pin_list>
<bind>
<opcode="bitcast(44) " fcode="bitcast"/>
<opset="bitcast_ln145/51 "/>
</bind>
</comp>

<comp id="1730" class="1004" name="tmp_56_fu_1730">
<pin_list>
<pin id="1731" dir="0" index="0" bw="8" slack="0"/>
<pin id="1732" dir="0" index="1" bw="32" slack="0"/>
<pin id="1733" dir="0" index="2" bw="6" slack="0"/>
<pin id="1734" dir="0" index="3" bw="6" slack="0"/>
<pin id="1735" dir="1" index="4" bw="8" slack="0"/>
</pin_list>
<bind>
<opcode="partselect(1002) " fcode="partselect"/>
<opset="tmp_56/51 "/>
</bind>
</comp>

<comp id="1740" class="1004" name="trunc_ln145_fu_1740">
<pin_list>
<pin id="1741" dir="0" index="0" bw="32" slack="0"/>
<pin id="1742" dir="1" index="1" bw="23" slack="0"/>
</pin_list>
<bind>
<opcode="trunc(33) " fcode="trunc"/>
<opset="trunc_ln145/51 "/>
</bind>
</comp>

<comp id="1744" class="1004" name="bitcast_ln145_1_fu_1744">
<pin_list>
<pin id="1745" dir="0" index="0" bw="32" slack="2"/>
<pin id="1746" dir="1" index="1" bw="32" slack="0"/>
</pin_list>
<bind>
<opcode="bitcast(44) " fcode="bitcast"/>
<opset="bitcast_ln145_1/51 "/>
</bind>
</comp>

<comp id="1747" class="1004" name="tmp_57_fu_1747">
<pin_list>
<pin id="1748" dir="0" index="0" bw="8" slack="0"/>
<pin id="1749" dir="0" index="1" bw="32" slack="0"/>
<pin id="1750" dir="0" index="2" bw="6" slack="0"/>
<pin id="1751" dir="0" index="3" bw="6" slack="0"/>
<pin id="1752" dir="1" index="4" bw="8" slack="0"/>
</pin_list>
<bind>
<opcode="partselect(1002) " fcode="partselect"/>
<opset="tmp_57/51 "/>
</bind>
</comp>

<comp id="1757" class="1004" name="trunc_ln145_1_fu_1757">
<pin_list>
<pin id="1758" dir="0" index="0" bw="32" slack="0"/>
<pin id="1759" dir="1" index="1" bw="23" slack="0"/>
</pin_list>
<bind>
<opcode="trunc(33) " fcode="trunc"/>
<opset="trunc_ln145_1/51 "/>
</bind>
</comp>

<comp id="1761" class="1004" name="icmp_ln145_fu_1761">
<pin_list>
<pin id="1762" dir="0" index="0" bw="8" slack="0"/>
<pin id="1763" dir="0" index="1" bw="8" slack="0"/>
<pin id="1764" dir="1" index="2" bw="1" slack="0"/>
</pin_list>
<bind>
<opcode="icmp(45) " fcode="icmp"/>
<opset="icmp_ln145/51 "/>
</bind>
</comp>

<comp id="1767" class="1004" name="icmp_ln145_1_fu_1767">
<pin_list>
<pin id="1768" dir="0" index="0" bw="23" slack="0"/>
<pin id="1769" dir="0" index="1" bw="23" slack="0"/>
<pin id="1770" dir="1" index="2" bw="1" slack="0"/>
</pin_list>
<bind>
<opcode="icmp(45) " fcode="icmp"/>
<opset="icmp_ln145_1/51 "/>
</bind>
</comp>

<comp id="1773" class="1004" name="or_ln145_fu_1773">
<pin_list>
<pin id="1774" dir="0" index="0" bw="1" slack="0"/>
<pin id="1775" dir="0" index="1" bw="1" slack="0"/>
<pin id="1776" dir="1" index="2" bw="1" slack="0"/>
</pin_list>
<bind>
<opcode="or(24) " fcode="or"/>
<opset="or_ln145/51 "/>
</bind>
</comp>

<comp id="1779" class="1004" name="icmp_ln145_2_fu_1779">
<pin_list>
<pin id="1780" dir="0" index="0" bw="8" slack="0"/>
<pin id="1781" dir="0" index="1" bw="8" slack="0"/>
<pin id="1782" dir="1" index="2" bw="1" slack="0"/>
</pin_list>
<bind>
<opcode="icmp(45) " fcode="icmp"/>
<opset="icmp_ln145_2/51 "/>
</bind>
</comp>

<comp id="1785" class="1004" name="icmp_ln145_3_fu_1785">
<pin_list>
<pin id="1786" dir="0" index="0" bw="23" slack="0"/>
<pin id="1787" dir="0" index="1" bw="23" slack="0"/>
<pin id="1788" dir="1" index="2" bw="1" slack="0"/>
</pin_list>
<bind>
<opcode="icmp(45) " fcode="icmp"/>
<opset="icmp_ln145_3/51 "/>
</bind>
</comp>

<comp id="1791" class="1004" name="or_ln145_1_fu_1791">
<pin_list>
<pin id="1792" dir="0" index="0" bw="1" slack="0"/>
<pin id="1793" dir="0" index="1" bw="1" slack="0"/>
<pin id="1794" dir="1" index="2" bw="1" slack="0"/>
</pin_list>
<bind>
<opcode="or(24) " fcode="or"/>
<opset="or_ln145_1/51 "/>
</bind>
</comp>

<comp id="1797" class="1004" name="and_ln145_fu_1797">
<pin_list>
<pin id="1798" dir="0" index="0" bw="1" slack="0"/>
<pin id="1799" dir="0" index="1" bw="1" slack="0"/>
<pin id="1800" dir="1" index="2" bw="1" slack="0"/>
</pin_list>
<bind>
<opcode="and(23) " fcode="and"/>
<opset="and_ln145/51 "/>
</bind>
</comp>

<comp id="1803" class="1004" name="and_ln145_1_fu_1803">
<pin_list>
<pin id="1804" dir="0" index="0" bw="1" slack="0"/>
<pin id="1805" dir="0" index="1" bw="1" slack="0"/>
<pin id="1806" dir="1" index="2" bw="1" slack="0"/>
</pin_list>
<bind>
<opcode="and(23) " fcode="and"/>
<opset="and_ln145_1/51 "/>
</bind>
</comp>

<comp id="1809" class="1004" name="my_spillage_level_8_fu_1809">
<pin_list>
<pin id="1810" dir="0" index="0" bw="1" slack="0"/>
<pin id="1811" dir="0" index="1" bw="32" slack="25"/>
<pin id="1812" dir="0" index="2" bw="32" slack="2"/>
<pin id="1813" dir="1" index="3" bw="32" slack="21"/>
</pin_list>
<bind>
<opcode="select(49) " fcode="select"/>
<opset="my_spillage_level_8/51 "/>
</bind>
</comp>

<comp id="1815" class="1004" name="sum_diff_3_fu_1815">
<pin_list>
<pin id="1816" dir="0" index="0" bw="1" slack="19"/>
<pin id="1817" dir="0" index="1" bw="32" slack="0"/>
<pin id="1818" dir="0" index="2" bw="32" slack="7"/>
<pin id="1819" dir="1" index="3" bw="32" slack="1"/>
</pin_list>
<bind>
<opcode="select(49) " fcode="select"/>
<opset="sum_diff_3/55 "/>
</bind>
</comp>

<comp id="1821" class="1004" name="sum_diff_5_fu_1821">
<pin_list>
<pin id="1822" dir="0" index="0" bw="1" slack="22"/>
<pin id="1823" dir="0" index="1" bw="32" slack="0"/>
<pin id="1824" dir="0" index="2" bw="32" slack="7"/>
<pin id="1825" dir="1" index="3" bw="32" slack="1"/>
</pin_list>
<bind>
<opcode="select(49) " fcode="select"/>
<opset="sum_diff_5/62 "/>
</bind>
</comp>

<comp id="1827" class="1004" name="sum_diff_7_fu_1827">
<pin_list>
<pin id="1828" dir="0" index="0" bw="1" slack="32"/>
<pin id="1829" dir="0" index="1" bw="32" slack="0"/>
<pin id="1830" dir="0" index="2" bw="32" slack="7"/>
<pin id="1831" dir="1" index="3" bw="32" slack="1"/>
</pin_list>
<bind>
<opcode="select(49) " fcode="select"/>
<opset="sum_diff_7/69 "/>
</bind>
</comp>

<comp id="1833" class="1004" name="bitcast_ln148_fu_1833">
<pin_list>
<pin id="1834" dir="0" index="0" bw="32" slack="2"/>
<pin id="1835" dir="1" index="1" bw="32" slack="0"/>
</pin_list>
<bind>
<opcode="bitcast(44) " fcode="bitcast"/>
<opset="bitcast_ln148/71 "/>
</bind>
</comp>

<comp id="1836" class="1004" name="tmp_59_fu_1836">
<pin_list>
<pin id="1837" dir="0" index="0" bw="8" slack="0"/>
<pin id="1838" dir="0" index="1" bw="32" slack="0"/>
<pin id="1839" dir="0" index="2" bw="6" slack="0"/>
<pin id="1840" dir="0" index="3" bw="6" slack="0"/>
<pin id="1841" dir="1" index="4" bw="8" slack="0"/>
</pin_list>
<bind>
<opcode="partselect(1002) " fcode="partselect"/>
<opset="tmp_59/71 "/>
</bind>
</comp>

<comp id="1846" class="1004" name="trunc_ln148_fu_1846">
<pin_list>
<pin id="1847" dir="0" index="0" bw="32" slack="0"/>
<pin id="1848" dir="1" index="1" bw="23" slack="0"/>
</pin_list>
<bind>
<opcode="trunc(33) " fcode="trunc"/>
<opset="trunc_ln148/71 "/>
</bind>
</comp>

<comp id="1850" class="1004" name="icmp_ln148_fu_1850">
<pin_list>
<pin id="1851" dir="0" index="0" bw="8" slack="0"/>
<pin id="1852" dir="0" index="1" bw="8" slack="0"/>
<pin id="1853" dir="1" index="2" bw="1" slack="0"/>
</pin_list>
<bind>
<opcode="icmp(45) " fcode="icmp"/>
<opset="icmp_ln148/71 "/>
</bind>
</comp>

<comp id="1856" class="1004" name="icmp_ln148_1_fu_1856">
<pin_list>
<pin id="1857" dir="0" index="0" bw="23" slack="0"/>
<pin id="1858" dir="0" index="1" bw="23" slack="0"/>
<pin id="1859" dir="1" index="2" bw="1" slack="0"/>
</pin_list>
<bind>
<opcode="icmp(45) " fcode="icmp"/>
<opset="icmp_ln148_1/71 "/>
</bind>
</comp>

<comp id="1862" class="1004" name="or_ln148_fu_1862">
<pin_list>
<pin id="1863" dir="0" index="0" bw="1" slack="0"/>
<pin id="1864" dir="0" index="1" bw="1" slack="0"/>
<pin id="1865" dir="1" index="2" bw="1" slack="0"/>
</pin_list>
<bind>
<opcode="or(24) " fcode="or"/>
<opset="or_ln148/71 "/>
</bind>
</comp>

<comp id="1868" class="1004" name="and_ln148_fu_1868">
<pin_list>
<pin id="1869" dir="0" index="0" bw="1" slack="0"/>
<pin id="1870" dir="0" index="1" bw="1" slack="0"/>
<pin id="1871" dir="1" index="2" bw="1" slack="1"/>
</pin_list>
<bind>
<opcode="and(23) " fcode="and"/>
<opset="and_ln148/71 "/>
</bind>
</comp>

<comp id="1874" class="1004" name="bitcast_ln151_fu_1874">
<pin_list>
<pin id="1875" dir="0" index="0" bw="64" slack="1"/>
<pin id="1876" dir="1" index="1" bw="64" slack="0"/>
</pin_list>
<bind>
<opcode="bitcast(44) " fcode="bitcast"/>
<opset="bitcast_ln151/86 "/>
</bind>
</comp>

<comp id="1877" class="1004" name="tmp_61_fu_1877">
<pin_list>
<pin id="1878" dir="0" index="0" bw="11" slack="0"/>
<pin id="1879" dir="0" index="1" bw="64" slack="0"/>
<pin id="1880" dir="0" index="2" bw="7" slack="0"/>
<pin id="1881" dir="0" index="3" bw="7" slack="0"/>
<pin id="1882" dir="1" index="4" bw="11" slack="0"/>
</pin_list>
<bind>
<opcode="partselect(1002) " fcode="partselect"/>
<opset="tmp_61/86 "/>
</bind>
</comp>

<comp id="1887" class="1004" name="trunc_ln151_fu_1887">
<pin_list>
<pin id="1888" dir="0" index="0" bw="64" slack="0"/>
<pin id="1889" dir="1" index="1" bw="52" slack="0"/>
</pin_list>
<bind>
<opcode="trunc(33) " fcode="trunc"/>
<opset="trunc_ln151/86 "/>
</bind>
</comp>

<comp id="1891" class="1004" name="icmp_ln151_fu_1891">
<pin_list>
<pin id="1892" dir="0" index="0" bw="11" slack="0"/>
<pin id="1893" dir="0" index="1" bw="11" slack="0"/>
<pin id="1894" dir="1" index="2" bw="1" slack="1"/>
</pin_list>
<bind>
<opcode="icmp(45) " fcode="icmp"/>
<opset="icmp_ln151/86 "/>
</bind>
</comp>

<comp id="1897" class="1004" name="icmp_ln151_1_fu_1897">
<pin_list>
<pin id="1898" dir="0" index="0" bw="52" slack="0"/>
<pin id="1899" dir="0" index="1" bw="52" slack="0"/>
<pin id="1900" dir="1" index="2" bw="1" slack="1"/>
</pin_list>
<bind>
<opcode="icmp(45) " fcode="icmp"/>
<opset="icmp_ln151_1/86 "/>
</bind>
</comp>

<comp id="1903" class="1004" name="or_ln151_fu_1903">
<pin_list>
<pin id="1904" dir="0" index="0" bw="1" slack="1"/>
<pin id="1905" dir="0" index="1" bw="1" slack="1"/>
<pin id="1906" dir="1" index="2" bw="1" slack="0"/>
</pin_list>
<bind>
<opcode="or(24) " fcode="or"/>
<opset="or_ln151/87 "/>
</bind>
</comp>

<comp id="1907" class="1004" name="and_ln151_fu_1907">
<pin_list>
<pin id="1908" dir="0" index="0" bw="1" slack="0"/>
<pin id="1909" dir="0" index="1" bw="1" slack="0"/>
<pin id="1910" dir="1" index="2" bw="1" slack="1"/>
</pin_list>
<bind>
<opcode="and(23) " fcode="and"/>
<opset="and_ln151/87 "/>
</bind>
</comp>

<comp id="1913" class="1004" name="tmp_63_fu_1913">
<pin_list>
<pin id="1914" dir="0" index="0" bw="8" slack="0"/>
<pin id="1915" dir="0" index="1" bw="32" slack="61"/>
<pin id="1916" dir="0" index="2" bw="6" slack="0"/>
<pin id="1917" dir="0" index="3" bw="6" slack="0"/>
<pin id="1918" dir="1" index="4" bw="8" slack="0"/>
</pin_list>
<bind>
<opcode="partselect(1002) " fcode="partselect"/>
<opset="tmp_63/87 "/>
</bind>
</comp>

<comp id="1922" class="1004" name="empty_75_fu_1922">
<pin_list>
<pin id="1923" dir="0" index="0" bw="32" slack="61"/>
<pin id="1924" dir="1" index="1" bw="23" slack="0"/>
</pin_list>
<bind>
<opcode="trunc(33) " fcode="trunc"/>
<opset="empty_75/87 "/>
</bind>
</comp>

<comp id="1925" class="1004" name="notlhs178_fu_1925">
<pin_list>
<pin id="1926" dir="0" index="0" bw="8" slack="0"/>
<pin id="1927" dir="0" index="1" bw="8" slack="0"/>
<pin id="1928" dir="1" index="2" bw="1" slack="3"/>
</pin_list>
<bind>
<opcode="icmp(45) " fcode="icmp"/>
<opset="notlhs178/87 "/>
</bind>
</comp>

<comp id="1931" class="1004" name="notrhs179_fu_1931">
<pin_list>
<pin id="1932" dir="0" index="0" bw="23" slack="0"/>
<pin id="1933" dir="0" index="1" bw="23" slack="0"/>
<pin id="1934" dir="1" index="2" bw="1" slack="3"/>
</pin_list>
<bind>
<opcode="icmp(45) " fcode="icmp"/>
<opset="notrhs179/87 "/>
</bind>
</comp>

<comp id="1937" class="1004" name="bitcast_ln175_fu_1937">
<pin_list>
<pin id="1938" dir="0" index="0" bw="32" slack="54"/>
<pin id="1939" dir="1" index="1" bw="32" slack="0"/>
</pin_list>
<bind>
<opcode="bitcast(44) " fcode="bitcast"/>
<opset="bitcast_ln175/88 "/>
</bind>
</comp>

<comp id="1940" class="1004" name="tmp_65_fu_1940">
<pin_list>
<pin id="1941" dir="0" index="0" bw="8" slack="0"/>
<pin id="1942" dir="0" index="1" bw="32" slack="0"/>
<pin id="1943" dir="0" index="2" bw="6" slack="0"/>
<pin id="1944" dir="0" index="3" bw="6" slack="0"/>
<pin id="1945" dir="1" index="4" bw="8" slack="0"/>
</pin_list>
<bind>
<opcode="partselect(1002) " fcode="partselect"/>
<opset="tmp_65/88 "/>
</bind>
</comp>

<comp id="1950" class="1004" name="trunc_ln175_fu_1950">
<pin_list>
<pin id="1951" dir="0" index="0" bw="32" slack="0"/>
<pin id="1952" dir="1" index="1" bw="23" slack="0"/>
</pin_list>
<bind>
<opcode="trunc(33) " fcode="trunc"/>
<opset="trunc_ln175/88 "/>
</bind>
</comp>

<comp id="1954" class="1004" name="icmp_ln175_fu_1954">
<pin_list>
<pin id="1955" dir="0" index="0" bw="8" slack="0"/>
<pin id="1956" dir="0" index="1" bw="8" slack="0"/>
<pin id="1957" dir="1" index="2" bw="1" slack="0"/>
</pin_list>
<bind>
<opcode="icmp(45) " fcode="icmp"/>
<opset="icmp_ln175/88 "/>
</bind>
</comp>

<comp id="1960" class="1004" name="icmp_ln175_1_fu_1960">
<pin_list>
<pin id="1961" dir="0" index="0" bw="23" slack="0"/>
<pin id="1962" dir="0" index="1" bw="23" slack="0"/>
<pin id="1963" dir="1" index="2" bw="1" slack="0"/>
</pin_list>
<bind>
<opcode="icmp(45) " fcode="icmp"/>
<opset="icmp_ln175_1/88 "/>
</bind>
</comp>

<comp id="1966" class="1004" name="or_ln175_fu_1966">
<pin_list>
<pin id="1967" dir="0" index="0" bw="1" slack="0"/>
<pin id="1968" dir="0" index="1" bw="1" slack="0"/>
<pin id="1969" dir="1" index="2" bw="1" slack="0"/>
</pin_list>
<bind>
<opcode="or(24) " fcode="or"/>
<opset="or_ln175/88 "/>
</bind>
</comp>

<comp id="1972" class="1004" name="and_ln175_fu_1972">
<pin_list>
<pin id="1973" dir="0" index="0" bw="1" slack="52"/>
<pin id="1974" dir="0" index="1" bw="1" slack="0"/>
<pin id="1975" dir="1" index="2" bw="1" slack="0"/>
</pin_list>
<bind>
<opcode="and(23) " fcode="and"/>
<opset="and_ln175/88 "/>
</bind>
</comp>

<comp id="1977" class="1004" name="and_ln175_1_fu_1977">
<pin_list>
<pin id="1978" dir="0" index="0" bw="1" slack="0"/>
<pin id="1979" dir="0" index="1" bw="1" slack="0"/>
<pin id="1980" dir="1" index="2" bw="1" slack="1"/>
</pin_list>
<bind>
<opcode="and(23) " fcode="and"/>
<opset="and_ln175_1/88 "/>
</bind>
</comp>

<comp id="1983" class="1004" name="bitcast_ln175_1_fu_1983">
<pin_list>
<pin id="1984" dir="0" index="0" bw="32" slack="55"/>
<pin id="1985" dir="1" index="1" bw="32" slack="0"/>
</pin_list>
<bind>
<opcode="bitcast(44) " fcode="bitcast"/>
<opset="bitcast_ln175_1/89 "/>
</bind>
</comp>

<comp id="1986" class="1004" name="tmp_68_fu_1986">
<pin_list>
<pin id="1987" dir="0" index="0" bw="8" slack="0"/>
<pin id="1988" dir="0" index="1" bw="32" slack="0"/>
<pin id="1989" dir="0" index="2" bw="6" slack="0"/>
<pin id="1990" dir="0" index="3" bw="6" slack="0"/>
<pin id="1991" dir="1" index="4" bw="8" slack="0"/>
</pin_list>
<bind>
<opcode="partselect(1002) " fcode="partselect"/>
<opset="tmp_68/89 "/>
</bind>
</comp>

<comp id="1996" class="1004" name="trunc_ln175_1_fu_1996">
<pin_list>
<pin id="1997" dir="0" index="0" bw="32" slack="0"/>
<pin id="1998" dir="1" index="1" bw="23" slack="0"/>
</pin_list>
<bind>
<opcode="trunc(33) " fcode="trunc"/>
<opset="trunc_ln175_1/89 "/>
</bind>
</comp>

<comp id="2000" class="1004" name="icmp_ln175_2_fu_2000">
<pin_list>
<pin id="2001" dir="0" index="0" bw="8" slack="0"/>
<pin id="2002" dir="0" index="1" bw="8" slack="0"/>
<pin id="2003" dir="1" index="2" bw="1" slack="0"/>
</pin_list>
<bind>
<opcode="icmp(45) " fcode="icmp"/>
<opset="icmp_ln175_2/89 "/>
</bind>
</comp>

<comp id="2006" class="1004" name="icmp_ln175_3_fu_2006">
<pin_list>
<pin id="2007" dir="0" index="0" bw="23" slack="0"/>
<pin id="2008" dir="0" index="1" bw="23" slack="0"/>
<pin id="2009" dir="1" index="2" bw="1" slack="0"/>
</pin_list>
<bind>
<opcode="icmp(45) " fcode="icmp"/>
<opset="icmp_ln175_3/89 "/>
</bind>
</comp>

<comp id="2012" class="1004" name="or_ln175_1_fu_2012">
<pin_list>
<pin id="2013" dir="0" index="0" bw="1" slack="0"/>
<pin id="2014" dir="0" index="1" bw="1" slack="0"/>
<pin id="2015" dir="1" index="2" bw="1" slack="0"/>
</pin_list>
<bind>
<opcode="or(24) " fcode="or"/>
<opset="or_ln175_1/89 "/>
</bind>
</comp>

<comp id="2018" class="1004" name="and_ln175_2_fu_2018">
<pin_list>
<pin id="2019" dir="0" index="0" bw="1" slack="53"/>
<pin id="2020" dir="0" index="1" bw="1" slack="0"/>
<pin id="2021" dir="1" index="2" bw="1" slack="0"/>
</pin_list>
<bind>
<opcode="and(23) " fcode="and"/>
<opset="and_ln175_2/89 "/>
</bind>
</comp>

<comp id="2023" class="1004" name="and_ln175_3_fu_2023">
<pin_list>
<pin id="2024" dir="0" index="0" bw="1" slack="0"/>
<pin id="2025" dir="0" index="1" bw="1" slack="0"/>
<pin id="2026" dir="1" index="2" bw="1" slack="1"/>
</pin_list>
<bind>
<opcode="and(23) " fcode="and"/>
<opset="and_ln175_3/89 "/>
</bind>
</comp>

<comp id="2029" class="1004" name="bitcast_ln175_2_fu_2029">
<pin_list>
<pin id="2030" dir="0" index="0" bw="32" slack="51"/>
<pin id="2031" dir="1" index="1" bw="32" slack="0"/>
</pin_list>
<bind>
<opcode="bitcast(44) " fcode="bitcast"/>
<opset="bitcast_ln175_2/89 "/>
</bind>
</comp>

<comp id="2032" class="1004" name="tmp_71_fu_2032">
<pin_list>
<pin id="2033" dir="0" index="0" bw="8" slack="0"/>
<pin id="2034" dir="0" index="1" bw="32" slack="0"/>
<pin id="2035" dir="0" index="2" bw="6" slack="0"/>
<pin id="2036" dir="0" index="3" bw="6" slack="0"/>
<pin id="2037" dir="1" index="4" bw="8" slack="0"/>
</pin_list>
<bind>
<opcode="partselect(1002) " fcode="partselect"/>
<opset="tmp_71/89 "/>
</bind>
</comp>

<comp id="2042" class="1004" name="trunc_ln175_2_fu_2042">
<pin_list>
<pin id="2043" dir="0" index="0" bw="32" slack="0"/>
<pin id="2044" dir="1" index="1" bw="23" slack="0"/>
</pin_list>
<bind>
<opcode="trunc(33) " fcode="trunc"/>
<opset="trunc_ln175_2/89 "/>
</bind>
</comp>

<comp id="2046" class="1004" name="icmp_ln175_4_fu_2046">
<pin_list>
<pin id="2047" dir="0" index="0" bw="8" slack="0"/>
<pin id="2048" dir="0" index="1" bw="8" slack="0"/>
<pin id="2049" dir="1" index="2" bw="1" slack="0"/>
</pin_list>
<bind>
<opcode="icmp(45) " fcode="icmp"/>
<opset="icmp_ln175_4/89 "/>
</bind>
</comp>

<comp id="2052" class="1004" name="icmp_ln175_5_fu_2052">
<pin_list>
<pin id="2053" dir="0" index="0" bw="23" slack="0"/>
<pin id="2054" dir="0" index="1" bw="23" slack="0"/>
<pin id="2055" dir="1" index="2" bw="1" slack="0"/>
</pin_list>
<bind>
<opcode="icmp(45) " fcode="icmp"/>
<opset="icmp_ln175_5/89 "/>
</bind>
</comp>

<comp id="2058" class="1004" name="or_ln175_2_fu_2058">
<pin_list>
<pin id="2059" dir="0" index="0" bw="1" slack="0"/>
<pin id="2060" dir="0" index="1" bw="1" slack="0"/>
<pin id="2061" dir="1" index="2" bw="1" slack="0"/>
</pin_list>
<bind>
<opcode="or(24) " fcode="or"/>
<opset="or_ln175_2/89 "/>
</bind>
</comp>

<comp id="2064" class="1004" name="and_ln175_4_fu_2064">
<pin_list>
<pin id="2065" dir="0" index="0" bw="1" slack="53"/>
<pin id="2066" dir="0" index="1" bw="1" slack="0"/>
<pin id="2067" dir="1" index="2" bw="1" slack="0"/>
</pin_list>
<bind>
<opcode="and(23) " fcode="and"/>
<opset="and_ln175_4/89 "/>
</bind>
</comp>

<comp id="2069" class="1004" name="and_ln175_5_fu_2069">
<pin_list>
<pin id="2070" dir="0" index="0" bw="1" slack="0"/>
<pin id="2071" dir="0" index="1" bw="1" slack="0"/>
<pin id="2072" dir="1" index="2" bw="1" slack="2"/>
</pin_list>
<bind>
<opcode="and(23) " fcode="and"/>
<opset="and_ln175_5/89 "/>
</bind>
</comp>

<comp id="2075" class="1004" name="bitcast_ln175_3_fu_2075">
<pin_list>
<pin id="2076" dir="0" index="0" bw="32" slack="54"/>
<pin id="2077" dir="1" index="1" bw="32" slack="0"/>
</pin_list>
<bind>
<opcode="bitcast(44) " fcode="bitcast"/>
<opset="bitcast_ln175_3/89 "/>
</bind>
</comp>

<comp id="2078" class="1004" name="tmp_74_fu_2078">
<pin_list>
<pin id="2079" dir="0" index="0" bw="8" slack="0"/>
<pin id="2080" dir="0" index="1" bw="32" slack="0"/>
<pin id="2081" dir="0" index="2" bw="6" slack="0"/>
<pin id="2082" dir="0" index="3" bw="6" slack="0"/>
<pin id="2083" dir="1" index="4" bw="8" slack="0"/>
</pin_list>
<bind>
<opcode="partselect(1002) " fcode="partselect"/>
<opset="tmp_74/89 "/>
</bind>
</comp>

<comp id="2088" class="1004" name="trunc_ln175_3_fu_2088">
<pin_list>
<pin id="2089" dir="0" index="0" bw="32" slack="0"/>
<pin id="2090" dir="1" index="1" bw="23" slack="0"/>
</pin_list>
<bind>
<opcode="trunc(33) " fcode="trunc"/>
<opset="trunc_ln175_3/89 "/>
</bind>
</comp>

<comp id="2092" class="1004" name="icmp_ln175_6_fu_2092">
<pin_list>
<pin id="2093" dir="0" index="0" bw="8" slack="0"/>
<pin id="2094" dir="0" index="1" bw="8" slack="0"/>
<pin id="2095" dir="1" index="2" bw="1" slack="0"/>
</pin_list>
<bind>
<opcode="icmp(45) " fcode="icmp"/>
<opset="icmp_ln175_6/89 "/>
</bind>
</comp>

<comp id="2098" class="1004" name="icmp_ln175_7_fu_2098">
<pin_list>
<pin id="2099" dir="0" index="0" bw="23" slack="0"/>
<pin id="2100" dir="0" index="1" bw="23" slack="0"/>
<pin id="2101" dir="1" index="2" bw="1" slack="0"/>
</pin_list>
<bind>
<opcode="icmp(45) " fcode="icmp"/>
<opset="icmp_ln175_7/89 "/>
</bind>
</comp>

<comp id="2104" class="1004" name="or_ln175_3_fu_2104">
<pin_list>
<pin id="2105" dir="0" index="0" bw="1" slack="0"/>
<pin id="2106" dir="0" index="1" bw="1" slack="0"/>
<pin id="2107" dir="1" index="2" bw="1" slack="0"/>
</pin_list>
<bind>
<opcode="or(24) " fcode="or"/>
<opset="or_ln175_3/89 "/>
</bind>
</comp>

<comp id="2110" class="1004" name="and_ln175_6_fu_2110">
<pin_list>
<pin id="2111" dir="0" index="0" bw="1" slack="53"/>
<pin id="2112" dir="0" index="1" bw="1" slack="0"/>
<pin id="2113" dir="1" index="2" bw="1" slack="0"/>
</pin_list>
<bind>
<opcode="and(23) " fcode="and"/>
<opset="and_ln175_6/89 "/>
</bind>
</comp>

<comp id="2115" class="1004" name="and_ln175_7_fu_2115">
<pin_list>
<pin id="2116" dir="0" index="0" bw="1" slack="0"/>
<pin id="2117" dir="0" index="1" bw="1" slack="0"/>
<pin id="2118" dir="1" index="2" bw="1" slack="2"/>
</pin_list>
<bind>
<opcode="and(23) " fcode="and"/>
<opset="and_ln175_7/89 "/>
</bind>
</comp>

<comp id="2121" class="1004" name="empty_76_fu_2121">
<pin_list>
<pin id="2122" dir="0" index="0" bw="1" slack="3"/>
<pin id="2123" dir="0" index="1" bw="1" slack="3"/>
<pin id="2124" dir="1" index="2" bw="1" slack="0"/>
</pin_list>
<bind>
<opcode="or(24) " fcode="or"/>
<opset="empty_76/90 "/>
</bind>
</comp>

<comp id="2125" class="1004" name="empty_77_fu_2125">
<pin_list>
<pin id="2126" dir="0" index="0" bw="1" slack="54"/>
<pin id="2127" dir="0" index="1" bw="1" slack="0"/>
<pin id="2128" dir="1" index="2" bw="1" slack="0"/>
</pin_list>
<bind>
<opcode="and(23) " fcode="and"/>
<opset="empty_77/90 "/>
</bind>
</comp>

<comp id="2130" class="1004" name="empty_78_fu_2130">
<pin_list>
<pin id="2131" dir="0" index="0" bw="1" slack="0"/>
<pin id="2132" dir="0" index="1" bw="1" slack="0"/>
<pin id="2133" dir="1" index="2" bw="1" slack="16"/>
</pin_list>
<bind>
<opcode="and(23) " fcode="and"/>
<opset="empty_78/90 "/>
</bind>
</comp>

<comp id="2136" class="1004" name="p_load_load_fu_2136">
<pin_list>
<pin id="2137" dir="0" index="0" bw="416" slack="106"/>
<pin id="2138" dir="1" index="1" bw="416" slack="0"/>
</pin_list>
<bind>
<opcode="load(27) " fcode="load"/>
<opset="p_load/107 "/>
</bind>
</comp>

<comp id="2140" class="1004" name="sext_ln169_fu_2140">
<pin_list>
<pin id="2141" dir="0" index="0" bw="32" slack="0"/>
<pin id="2142" dir="1" index="1" bw="64" slack="0"/>
</pin_list>
<bind>
<opcode="sext(35) " fcode="sext"/>
<opset="sext_ln169/107 "/>
</bind>
</comp>

<comp id="2144" class="1004" name="trunc_ln_fu_2144">
<pin_list>
<pin id="2145" dir="0" index="0" bw="64" slack="0"/>
<pin id="2146" dir="0" index="1" bw="416" slack="0"/>
<pin id="2147" dir="0" index="2" bw="10" slack="0"/>
<pin id="2148" dir="0" index="3" bw="10" slack="0"/>
<pin id="2149" dir="1" index="4" bw="64" slack="0"/>
</pin_list>
<bind>
<opcode="partselect(1002) " fcode="partselect"/>
<opset="trunc_ln/107 "/>
</bind>
</comp>

<comp id="2154" class="1004" name="add_ln168_fu_2154">
<pin_list>
<pin id="2155" dir="0" index="0" bw="64" slack="0"/>
<pin id="2156" dir="0" index="1" bw="32" slack="0"/>
<pin id="2157" dir="1" index="2" bw="64" slack="0"/>
</pin_list>
<bind>
<opcode="add(8) " fcode="add"/>
<opset="add_ln168/107 "/>
</bind>
</comp>

<comp id="2160" class="1004" name="tmp_67_fu_2160">
<pin_list>
<pin id="2161" dir="0" index="0" bw="64" slack="0"/>
<pin id="2162" dir="0" index="1" bw="416" slack="0"/>
<pin id="2163" dir="0" index="2" bw="10" slack="0"/>
<pin id="2164" dir="0" index="3" bw="10" slack="0"/>
<pin id="2165" dir="1" index="4" bw="64" slack="0"/>
</pin_list>
<bind>
<opcode="partselect(1002) " fcode="partselect"/>
<opset="tmp_67/107 "/>
</bind>
</comp>

<comp id="2170" class="1004" name="trunc_ln168_fu_2170">
<pin_list>
<pin id="2171" dir="0" index="0" bw="416" slack="0"/>
<pin id="2172" dir="1" index="1" bw="288" slack="0"/>
</pin_list>
<bind>
<opcode="trunc(33) " fcode="trunc"/>
<opset="trunc_ln168/107 "/>
</bind>
</comp>

<comp id="2174" class="1004" name="or_ln2_fu_2174">
<pin_list>
<pin id="2175" dir="0" index="0" bw="416" slack="0"/>
<pin id="2176" dir="0" index="1" bw="64" slack="0"/>
<pin id="2177" dir="0" index="2" bw="64" slack="0"/>
<pin id="2178" dir="0" index="3" bw="288" slack="0"/>
<pin id="2179" dir="1" index="4" bw="416" slack="1"/>
</pin_list>
<bind>
<opcode="bitconcatenate(1004) " fcode="bitconcatenate"/>
<opset="or_ln2/107 "/>
</bind>
</comp>

<comp id="2184" class="1004" name="sext_ln169_1_fu_2184">
<pin_list>
<pin id="2185" dir="0" index="0" bw="32" slack="1"/>
<pin id="2186" dir="1" index="1" bw="64" slack="0"/>
</pin_list>
<bind>
<opcode="sext(35) " fcode="sext"/>
<opset="sext_ln169_1/108 "/>
</bind>
</comp>

<comp id="2188" class="1004" name="trunc_ln168_1_fu_2188">
<pin_list>
<pin id="2189" dir="0" index="0" bw="64" slack="0"/>
<pin id="2190" dir="0" index="1" bw="416" slack="0"/>
<pin id="2191" dir="0" index="2" bw="10" slack="0"/>
<pin id="2192" dir="0" index="3" bw="10" slack="0"/>
<pin id="2193" dir="1" index="4" bw="64" slack="0"/>
</pin_list>
<bind>
<opcode="partselect(1002) " fcode="partselect"/>
<opset="trunc_ln168_1/108 "/>
</bind>
</comp>

<comp id="2198" class="1004" name="add_ln168_1_fu_2198">
<pin_list>
<pin id="2199" dir="0" index="0" bw="64" slack="0"/>
<pin id="2200" dir="0" index="1" bw="32" slack="0"/>
<pin id="2201" dir="1" index="2" bw="64" slack="0"/>
</pin_list>
<bind>
<opcode="add(8) " fcode="add"/>
<opset="add_ln168_1/108 "/>
</bind>
</comp>

<comp id="2204" class="1004" name="tmp_70_fu_2204">
<pin_list>
<pin id="2205" dir="0" index="0" bw="64" slack="0"/>
<pin id="2206" dir="0" index="1" bw="416" slack="0"/>
<pin id="2207" dir="0" index="2" bw="10" slack="0"/>
<pin id="2208" dir="0" index="3" bw="10" slack="0"/>
<pin id="2209" dir="1" index="4" bw="64" slack="0"/>
</pin_list>
<bind>
<opcode="partselect(1002) " fcode="partselect"/>
<opset="tmp_70/108 "/>
</bind>
</comp>

<comp id="2214" class="1004" name="trunc_ln168_4_fu_2214">
<pin_list>
<pin id="2215" dir="0" index="0" bw="416" slack="0"/>
<pin id="2216" dir="1" index="1" bw="288" slack="0"/>
</pin_list>
<bind>
<opcode="trunc(33) " fcode="trunc"/>
<opset="trunc_ln168_4/108 "/>
</bind>
</comp>

<comp id="2218" class="1004" name="or_ln168_1_fu_2218">
<pin_list>
<pin id="2219" dir="0" index="0" bw="416" slack="0"/>
<pin id="2220" dir="0" index="1" bw="64" slack="0"/>
<pin id="2221" dir="0" index="2" bw="64" slack="0"/>
<pin id="2222" dir="0" index="3" bw="288" slack="0"/>
<pin id="2223" dir="1" index="4" bw="416" slack="0"/>
</pin_list>
<bind>
<opcode="bitconcatenate(1004) " fcode="bitconcatenate"/>
<opset="or_ln168_1/108 "/>
</bind>
</comp>

<comp id="2229" class="1004" name="sext_ln169_2_fu_2229">
<pin_list>
<pin id="2230" dir="0" index="0" bw="32" slack="0"/>
<pin id="2231" dir="1" index="1" bw="64" slack="0"/>
</pin_list>
<bind>
<opcode="sext(35) " fcode="sext"/>
<opset="sext_ln169_2/108 "/>
</bind>
</comp>

<comp id="2233" class="1004" name="trunc_ln168_2_fu_2233">
<pin_list>
<pin id="2234" dir="0" index="0" bw="64" slack="0"/>
<pin id="2235" dir="0" index="1" bw="416" slack="0"/>
<pin id="2236" dir="0" index="2" bw="10" slack="0"/>
<pin id="2237" dir="0" index="3" bw="10" slack="0"/>
<pin id="2238" dir="1" index="4" bw="64" slack="0"/>
</pin_list>
<bind>
<opcode="partselect(1002) " fcode="partselect"/>
<opset="trunc_ln168_2/108 "/>
</bind>
</comp>

<comp id="2243" class="1004" name="add_ln168_2_fu_2243">
<pin_list>
<pin id="2244" dir="0" index="0" bw="64" slack="0"/>
<pin id="2245" dir="0" index="1" bw="32" slack="0"/>
<pin id="2246" dir="1" index="2" bw="64" slack="1"/>
</pin_list>
<bind>
<opcode="add(8) " fcode="add"/>
<opset="add_ln168_2/108 "/>
</bind>
</comp>

<comp id="2249" class="1004" name="tmp_73_fu_2249">
<pin_list>
<pin id="2250" dir="0" index="0" bw="64" slack="0"/>
<pin id="2251" dir="0" index="1" bw="416" slack="1"/>
<pin id="2252" dir="0" index="2" bw="10" slack="0"/>
<pin id="2253" dir="0" index="3" bw="10" slack="0"/>
<pin id="2254" dir="1" index="4" bw="64" slack="0"/>
</pin_list>
<bind>
<opcode="partselect(1002) " fcode="partselect"/>
<opset="tmp_73/109 "/>
</bind>
</comp>

<comp id="2259" class="1004" name="trunc_ln168_5_fu_2259">
<pin_list>
<pin id="2260" dir="0" index="0" bw="416" slack="1"/>
<pin id="2261" dir="1" index="1" bw="288" slack="0"/>
</pin_list>
<bind>
<opcode="trunc(33) " fcode="trunc"/>
<opset="trunc_ln168_5/109 "/>
</bind>
</comp>

<comp id="2263" class="1004" name="or_ln168_2_fu_2263">
<pin_list>
<pin id="2264" dir="0" index="0" bw="416" slack="0"/>
<pin id="2265" dir="0" index="1" bw="64" slack="0"/>
<pin id="2266" dir="0" index="2" bw="64" slack="1"/>
<pin id="2267" dir="0" index="3" bw="288" slack="0"/>
<pin id="2268" dir="1" index="4" bw="416" slack="0"/>
</pin_list>
<bind>
<opcode="bitconcatenate(1004) " fcode="bitconcatenate"/>
<opset="or_ln168_2/109 "/>
</bind>
</comp>

<comp id="2273" class="1004" name="store_ln168_store_fu_2273">
<pin_list>
<pin id="2274" dir="0" index="0" bw="416" slack="0"/>
<pin id="2275" dir="0" index="1" bw="416" slack="108"/>
<pin id="2276" dir="1" index="2" bw="0" slack="2147483647"/>
</pin_list>
<bind>
<opcode="store(28) " fcode="store"/>
<opset="store_ln168/109 "/>
</bind>
</comp>

<comp id="2278" class="1004" name="store_ln168_store_fu_2278">
<pin_list>
<pin id="2279" dir="0" index="0" bw="416" slack="0"/>
<pin id="2280" dir="0" index="1" bw="416" slack="108"/>
<pin id="2281" dir="1" index="2" bw="0" slack="2147483647"/>
</pin_list>
<bind>
<opcode="store(28) " fcode="store"/>
<opset="store_ln168/109 "/>
</bind>
</comp>

<comp id="2283" class="1004" name="sext_ln169_3_fu_2283">
<pin_list>
<pin id="2284" dir="0" index="0" bw="32" slack="1"/>
<pin id="2285" dir="1" index="1" bw="64" slack="0"/>
</pin_list>
<bind>
<opcode="sext(35) " fcode="sext"/>
<opset="sext_ln169_3/109 "/>
</bind>
</comp>

<comp id="2287" class="1004" name="trunc_ln168_3_fu_2287">
<pin_list>
<pin id="2288" dir="0" index="0" bw="64" slack="0"/>
<pin id="2289" dir="0" index="1" bw="416" slack="0"/>
<pin id="2290" dir="0" index="2" bw="10" slack="0"/>
<pin id="2291" dir="0" index="3" bw="10" slack="0"/>
<pin id="2292" dir="1" index="4" bw="64" slack="0"/>
</pin_list>
<bind>
<opcode="partselect(1002) " fcode="partselect"/>
<opset="trunc_ln168_3/109 "/>
</bind>
</comp>

<comp id="2297" class="1004" name="add_ln168_3_fu_2297">
<pin_list>
<pin id="2298" dir="0" index="0" bw="64" slack="0"/>
<pin id="2299" dir="0" index="1" bw="32" slack="0"/>
<pin id="2300" dir="1" index="2" bw="64" slack="0"/>
</pin_list>
<bind>
<opcode="add(8) " fcode="add"/>
<opset="add_ln168_3/109 "/>
</bind>
</comp>

<comp id="2303" class="1004" name="tmp_76_fu_2303">
<pin_list>
<pin id="2304" dir="0" index="0" bw="64" slack="0"/>
<pin id="2305" dir="0" index="1" bw="416" slack="0"/>
<pin id="2306" dir="0" index="2" bw="10" slack="0"/>
<pin id="2307" dir="0" index="3" bw="10" slack="0"/>
<pin id="2308" dir="1" index="4" bw="64" slack="0"/>
</pin_list>
<bind>
<opcode="partselect(1002) " fcode="partselect"/>
<opset="tmp_76/109 "/>
</bind>
</comp>

<comp id="2313" class="1004" name="trunc_ln168_6_fu_2313">
<pin_list>
<pin id="2314" dir="0" index="0" bw="416" slack="0"/>
<pin id="2315" dir="1" index="1" bw="288" slack="0"/>
</pin_list>
<bind>
<opcode="trunc(33) " fcode="trunc"/>
<opset="trunc_ln168_6/109 "/>
</bind>
</comp>

<comp id="2317" class="1004" name="or_ln168_3_fu_2317">
<pin_list>
<pin id="2318" dir="0" index="0" bw="416" slack="0"/>
<pin id="2319" dir="0" index="1" bw="64" slack="0"/>
<pin id="2320" dir="0" index="2" bw="64" slack="0"/>
<pin id="2321" dir="0" index="3" bw="288" slack="0"/>
<pin id="2322" dir="1" index="4" bw="416" slack="0"/>
</pin_list>
<bind>
<opcode="bitconcatenate(1004) " fcode="bitconcatenate"/>
<opset="or_ln168_3/109 "/>
</bind>
</comp>

<comp id="2327" class="1004" name="store_ln168_store_fu_2327">
<pin_list>
<pin id="2328" dir="0" index="0" bw="416" slack="0"/>
<pin id="2329" dir="0" index="1" bw="416" slack="108"/>
<pin id="2330" dir="1" index="2" bw="0" slack="2147483647"/>
</pin_list>
<bind>
<opcode="store(28) " fcode="store"/>
<opset="store_ln168/109 "/>
</bind>
</comp>

<comp id="2332" class="1005" name="new_col_reg_2332">
<pin_list>
<pin id="2333" dir="0" index="0" bw="6" slack="0"/>
<pin id="2334" dir="1" index="1" bw="6" slack="0"/>
</pin_list>
<bind>
<opset="new_col "/>
</bind>
</comp>

<comp id="2339" class="1005" name="new_row_2_reg_2339">
<pin_list>
<pin id="2340" dir="0" index="0" bw="6" slack="0"/>
<pin id="2341" dir="1" index="1" bw="6" slack="0"/>
</pin_list>
<bind>
<opset="new_row_2 "/>
</bind>
</comp>

<comp id="2346" class="1005" name="indvar_flatten9_reg_2346">
<pin_list>
<pin id="2347" dir="0" index="0" bw="12" slack="0"/>
<pin id="2348" dir="1" index="1" bw="12" slack="0"/>
</pin_list>
<bind>
<opset="indvar_flatten9 "/>
</bind>
</comp>

<comp id="2353" class="1005" name="empty_69_reg_2353">
<pin_list>
<pin id="2354" dir="0" index="0" bw="416" slack="0"/>
<pin id="2355" dir="1" index="1" bw="416" slack="0"/>
</pin_list>
<bind>
<opset="empty_69 "/>
</bind>
</comp>

<comp id="2362" class="1005" name="icmp_ln109_reg_2362">
<pin_list>
<pin id="2363" dir="0" index="0" bw="1" slack="1"/>
<pin id="2364" dir="1" index="1" bw="1" slack="2147483647"/>
</pin_list>
<bind>
<opset="icmp_ln109 "/>
</bind>
</comp>

<comp id="2366" class="1005" name="icmp_ln110_reg_2366">
<pin_list>
<pin id="2367" dir="0" index="0" bw="1" slack="1"/>
<pin id="2368" dir="1" index="1" bw="1" slack="1"/>
</pin_list>
<bind>
<opset="icmp_ln110 "/>
</bind>
</comp>

<comp id="2371" class="1005" name="select_ln52_reg_2371">
<pin_list>
<pin id="2372" dir="0" index="0" bw="6" slack="1"/>
<pin id="2373" dir="1" index="1" bw="6" slack="1"/>
</pin_list>
<bind>
<opset="select_ln52 "/>
</bind>
</comp>

<comp id="2380" class="1005" name="select_ln109_reg_2380">
<pin_list>
<pin id="2381" dir="0" index="0" bw="6" slack="1"/>
<pin id="2382" dir="1" index="1" bw="6" slack="1"/>
</pin_list>
<bind>
<opset="select_ln109 "/>
</bind>
</comp>

<comp id="2389" class="1005" name="tmp_49_reg_2389">
<pin_list>
<pin id="2390" dir="0" index="0" bw="5" slack="1"/>
<pin id="2391" dir="1" index="1" bw="5" slack="1"/>
</pin_list>
<bind>
<opset="tmp_49 "/>
</bind>
</comp>

<comp id="2394" class="1005" name="mul_ln111_reg_2394">
<pin_list>
<pin id="2395" dir="0" index="0" bw="10" slack="8"/>
<pin id="2396" dir="1" index="1" bw="10" slack="8"/>
</pin_list>
<bind>
<opset="mul_ln111 "/>
</bind>
</comp>

<comp id="2400" class="1005" name="zext_ln111_reg_2400">
<pin_list>
<pin id="2401" dir="0" index="0" bw="10" slack="7"/>
<pin id="2402" dir="1" index="1" bw="10" slack="7"/>
</pin_list>
<bind>
<opset="zext_ln111 "/>
</bind>
</comp>

<comp id="2406" class="1005" name="water_level_addr_reg_2406">
<pin_list>
<pin id="2407" dir="0" index="0" bw="10" slack="1"/>
<pin id="2408" dir="1" index="1" bw="10" slack="1"/>
</pin_list>
<bind>
<opset="water_level_addr "/>
</bind>
</comp>

<comp id="2411" class="1005" name="water_level_1_addr_reg_2411">
<pin_list>
<pin id="2412" dir="0" index="0" bw="10" slack="1"/>
<pin id="2413" dir="1" index="1" bw="10" slack="1"/>
</pin_list>
<bind>
<opset="water_level_1_addr "/>
</bind>
</comp>

<comp id="2416" class="1005" name="water_level_2_addr_reg_2416">
<pin_list>
<pin id="2417" dir="0" index="0" bw="10" slack="1"/>
<pin id="2418" dir="1" index="1" bw="10" slack="1"/>
</pin_list>
<bind>
<opset="water_level_2_addr "/>
</bind>
</comp>

<comp id="2421" class="1005" name="water_level_load_reg_2421">
<pin_list>
<pin id="2422" dir="0" index="0" bw="32" slack="6"/>
<pin id="2423" dir="1" index="1" bw="32" slack="6"/>
</pin_list>
<bind>
<opset="water_level_load "/>
</bind>
</comp>

<comp id="2426" class="1005" name="water_level_1_load_reg_2426">
<pin_list>
<pin id="2427" dir="0" index="0" bw="32" slack="6"/>
<pin id="2428" dir="1" index="1" bw="32" slack="6"/>
</pin_list>
<bind>
<opset="water_level_1_load "/>
</bind>
</comp>

<comp id="2431" class="1005" name="water_level_2_load_reg_2431">
<pin_list>
<pin id="2432" dir="0" index="0" bw="32" slack="6"/>
<pin id="2433" dir="1" index="1" bw="32" slack="6"/>
</pin_list>
<bind>
<opset="water_level_2_load "/>
</bind>
</comp>

<comp id="2436" class="1005" name="new_row_reg_2436">
<pin_list>
<pin id="2437" dir="0" index="0" bw="7" slack="1"/>
<pin id="2438" dir="1" index="1" bw="7" slack="1"/>
</pin_list>
<bind>
<opset="new_row "/>
</bind>
</comp>

<comp id="2443" class="1005" name="trunc_ln134_reg_2443">
<pin_list>
<pin id="2444" dir="0" index="0" bw="6" slack="1"/>
<pin id="2445" dir="1" index="1" bw="6" slack="1"/>
</pin_list>
<bind>
<opset="trunc_ln134 "/>
</bind>
</comp>

<comp id="2448" class="1005" name="new_row_1_reg_2448">
<pin_list>
<pin id="2449" dir="0" index="0" bw="6" slack="1"/>
<pin id="2450" dir="1" index="1" bw="6" slack="1"/>
</pin_list>
<bind>
<opset="new_row_1 "/>
</bind>
</comp>

<comp id="2456" class="1005" name="trunc_ln52_reg_2456">
<pin_list>
<pin id="2457" dir="0" index="0" bw="2" slack="1"/>
<pin id="2458" dir="1" index="1" bw="2" slack="1"/>
</pin_list>
<bind>
<opset="trunc_ln52 "/>
</bind>
</comp>

<comp id="2464" class="1005" name="tmp_s_reg_2464">
<pin_list>
<pin id="2465" dir="0" index="0" bw="32" slack="1"/>
<pin id="2466" dir="1" index="1" bw="32" slack="1"/>
</pin_list>
<bind>
<opset="tmp_s "/>
</bind>
</comp>

<comp id="2469" class="1005" name="icmp_ln111_reg_2469">
<pin_list>
<pin id="2470" dir="0" index="0" bw="1" slack="1"/>
<pin id="2471" dir="1" index="1" bw="1" slack="2147483647"/>
</pin_list>
<bind>
<opset="icmp_ln111 "/>
</bind>
</comp>

<comp id="2473" class="1005" name="water_level_addr_1_reg_2473">
<pin_list>
<pin id="2474" dir="0" index="0" bw="10" slack="1"/>
<pin id="2475" dir="1" index="1" bw="10" slack="1"/>
</pin_list>
<bind>
<opset="water_level_addr_1 "/>
</bind>
</comp>

<comp id="2478" class="1005" name="water_level_addr_2_reg_2478">
<pin_list>
<pin id="2479" dir="0" index="0" bw="10" slack="1"/>
<pin id="2480" dir="1" index="1" bw="10" slack="1"/>
</pin_list>
<bind>
<opset="water_level_addr_2 "/>
</bind>
</comp>

<comp id="2483" class="1005" name="water_level_1_addr_1_reg_2483">
<pin_list>
<pin id="2484" dir="0" index="0" bw="10" slack="1"/>
<pin id="2485" dir="1" index="1" bw="10" slack="1"/>
</pin_list>
<bind>
<opset="water_level_1_addr_1 "/>
</bind>
</comp>

<comp id="2488" class="1005" name="water_level_1_addr_2_reg_2488">
<pin_list>
<pin id="2489" dir="0" index="0" bw="10" slack="1"/>
<pin id="2490" dir="1" index="1" bw="10" slack="1"/>
</pin_list>
<bind>
<opset="water_level_1_addr_2 "/>
</bind>
</comp>

<comp id="2493" class="1005" name="water_level_2_addr_1_reg_2493">
<pin_list>
<pin id="2494" dir="0" index="0" bw="10" slack="1"/>
<pin id="2495" dir="1" index="1" bw="10" slack="1"/>
</pin_list>
<bind>
<opset="water_level_2_addr_1 "/>
</bind>
</comp>

<comp id="2498" class="1005" name="water_level_2_addr_2_reg_2498">
<pin_list>
<pin id="2499" dir="0" index="0" bw="10" slack="1"/>
<pin id="2500" dir="1" index="1" bw="10" slack="1"/>
</pin_list>
<bind>
<opset="water_level_2_addr_2 "/>
</bind>
</comp>

<comp id="2503" class="1005" name="new_col_1_reg_2503">
<pin_list>
<pin id="2504" dir="0" index="0" bw="7" slack="1"/>
<pin id="2505" dir="1" index="1" bw="7" slack="1"/>
</pin_list>
<bind>
<opset="new_col_1 "/>
</bind>
</comp>

<comp id="2510" class="1005" name="new_col_2_reg_2510">
<pin_list>
<pin id="2511" dir="0" index="0" bw="6" slack="17"/>
<pin id="2512" dir="1" index="1" bw="6" slack="17"/>
</pin_list>
<bind>
<opset="new_col_2 "/>
</bind>
</comp>

<comp id="2516" class="1005" name="tmp_50_reg_2516">
<pin_list>
<pin id="2517" dir="0" index="0" bw="5" slack="1"/>
<pin id="2518" dir="1" index="1" bw="5" slack="1"/>
</pin_list>
<bind>
<opset="tmp_50 "/>
</bind>
</comp>

<comp id="2521" class="1005" name="tmp_4_reg_2521">
<pin_list>
<pin id="2522" dir="0" index="0" bw="32" slack="1"/>
<pin id="2523" dir="1" index="1" bw="32" slack="1"/>
</pin_list>
<bind>
<opset="tmp_4 "/>
</bind>
</comp>

<comp id="2526" class="1005" name="tmp_5_reg_2526">
<pin_list>
<pin id="2527" dir="0" index="0" bw="32" slack="1"/>
<pin id="2528" dir="1" index="1" bw="32" slack="1"/>
</pin_list>
<bind>
<opset="tmp_5 "/>
</bind>
</comp>

<comp id="2531" class="1005" name="zext_ln72_reg_2531">
<pin_list>
<pin id="2532" dir="0" index="0" bw="65" slack="1"/>
<pin id="2533" dir="1" index="1" bw="65" slack="1"/>
</pin_list>
<bind>
<opset="zext_ln72 "/>
</bind>
</comp>

<comp id="2536" class="1005" name="water_level_addr_4_reg_2536">
<pin_list>
<pin id="2537" dir="0" index="0" bw="10" slack="1"/>
<pin id="2538" dir="1" index="1" bw="10" slack="1"/>
</pin_list>
<bind>
<opset="water_level_addr_4 "/>
</bind>
</comp>

<comp id="2541" class="1005" name="water_level_1_addr_4_reg_2541">
<pin_list>
<pin id="2542" dir="0" index="0" bw="10" slack="1"/>
<pin id="2543" dir="1" index="1" bw="10" slack="1"/>
</pin_list>
<bind>
<opset="water_level_1_addr_4 "/>
</bind>
</comp>

<comp id="2546" class="1005" name="water_level_2_addr_4_reg_2546">
<pin_list>
<pin id="2547" dir="0" index="0" bw="10" slack="1"/>
<pin id="2548" dir="1" index="1" bw="10" slack="1"/>
</pin_list>
<bind>
<opset="water_level_2_addr_4 "/>
</bind>
</comp>

<comp id="2551" class="1005" name="udiv_ln1_cast_reg_2551">
<pin_list>
<pin id="2552" dir="0" index="0" bw="10" slack="1"/>
<pin id="2553" dir="1" index="1" bw="10" slack="1"/>
</pin_list>
<bind>
<opset="udiv_ln1_cast "/>
</bind>
</comp>

<comp id="2556" class="1005" name="tmp_11_reg_2556">
<pin_list>
<pin id="2557" dir="0" index="0" bw="32" slack="1"/>
<pin id="2558" dir="1" index="1" bw="32" slack="1"/>
</pin_list>
<bind>
<opset="tmp_11 "/>
</bind>
</comp>

<comp id="2561" class="1005" name="add_ln134_4_reg_2561">
<pin_list>
<pin id="2562" dir="0" index="0" bw="10" slack="1"/>
<pin id="2563" dir="1" index="1" bw="10" slack="1"/>
</pin_list>
<bind>
<opset="add_ln134_4 "/>
</bind>
</comp>

<comp id="2566" class="1005" name="conv3_reg_2566">
<pin_list>
<pin id="2567" dir="0" index="0" bw="32" slack="1"/>
<pin id="2568" dir="1" index="1" bw="32" slack="1"/>
</pin_list>
<bind>
<opset="conv3 "/>
</bind>
</comp>

<comp id="2571" class="1005" name="water_level_addr_3_reg_2571">
<pin_list>
<pin id="2572" dir="0" index="0" bw="10" slack="1"/>
<pin id="2573" dir="1" index="1" bw="10" slack="1"/>
</pin_list>
<bind>
<opset="water_level_addr_3 "/>
</bind>
</comp>

<comp id="2576" class="1005" name="water_level_1_addr_3_reg_2576">
<pin_list>
<pin id="2577" dir="0" index="0" bw="10" slack="1"/>
<pin id="2578" dir="1" index="1" bw="10" slack="1"/>
</pin_list>
<bind>
<opset="water_level_1_addr_3 "/>
</bind>
</comp>

<comp id="2581" class="1005" name="water_level_2_addr_3_reg_2581">
<pin_list>
<pin id="2582" dir="0" index="0" bw="10" slack="1"/>
<pin id="2583" dir="1" index="1" bw="10" slack="1"/>
</pin_list>
<bind>
<opset="water_level_2_addr_3 "/>
</bind>
</comp>

<comp id="2586" class="1005" name="conv4_reg_2586">
<pin_list>
<pin id="2587" dir="0" index="0" bw="32" slack="1"/>
<pin id="2588" dir="1" index="1" bw="32" slack="1"/>
</pin_list>
<bind>
<opset="conv4 "/>
</bind>
</comp>

<comp id="2591" class="1005" name="conv300_1_reg_2591">
<pin_list>
<pin id="2592" dir="0" index="0" bw="32" slack="1"/>
<pin id="2593" dir="1" index="1" bw="32" slack="1"/>
</pin_list>
<bind>
<opset="conv300_1 "/>
</bind>
</comp>

<comp id="2596" class="1005" name="tmp_6_reg_2596">
<pin_list>
<pin id="2597" dir="0" index="0" bw="32" slack="1"/>
<pin id="2598" dir="1" index="1" bw="32" slack="1"/>
</pin_list>
<bind>
<opset="tmp_6 "/>
</bind>
</comp>

<comp id="2601" class="1005" name="conv300_3_reg_2601">
<pin_list>
<pin id="2602" dir="0" index="0" bw="32" slack="1"/>
<pin id="2603" dir="1" index="1" bw="32" slack="1"/>
</pin_list>
<bind>
<opset="conv300_3 "/>
</bind>
</comp>

<comp id="2606" class="1005" name="conv300_2_reg_2606">
<pin_list>
<pin id="2607" dir="0" index="0" bw="32" slack="1"/>
<pin id="2608" dir="1" index="1" bw="32" slack="1"/>
</pin_list>
<bind>
<opset="conv300_2 "/>
</bind>
</comp>

<comp id="2611" class="1005" name="mul_ln117_reg_2611">
<pin_list>
<pin id="2612" dir="0" index="0" bw="12" slack="3"/>
<pin id="2613" dir="1" index="1" bw="12" slack="3"/>
</pin_list>
<bind>
<opset="mul_ln117 "/>
</bind>
</comp>

<comp id="2618" class="1005" name="empty_70_reg_2618">
<pin_list>
<pin id="2619" dir="0" index="0" bw="1" slack="11"/>
<pin id="2620" dir="1" index="1" bw="1" slack="11"/>
</pin_list>
<bind>
<opset="empty_70 "/>
</bind>
</comp>

<comp id="2623" class="1005" name="mul_ln134_reg_2623">
<pin_list>
<pin id="2624" dir="0" index="0" bw="12" slack="1"/>
<pin id="2625" dir="1" index="1" bw="12" slack="1"/>
</pin_list>
<bind>
<opset="mul_ln134 "/>
</bind>
</comp>

<comp id="2628" class="1005" name="empty_71_reg_2628">
<pin_list>
<pin id="2629" dir="0" index="0" bw="1" slack="11"/>
<pin id="2630" dir="1" index="1" bw="1" slack="11"/>
</pin_list>
<bind>
<opset="empty_71 "/>
</bind>
</comp>

<comp id="2633" class="1005" name="mul_ln134_2_reg_2633">
<pin_list>
<pin id="2634" dir="0" index="0" bw="12" slack="1"/>
<pin id="2635" dir="1" index="1" bw="12" slack="1"/>
</pin_list>
<bind>
<opset="mul_ln134_2 "/>
</bind>
</comp>

<comp id="2638" class="1005" name="p_ground_addr_reg_2638">
<pin_list>
<pin id="2639" dir="0" index="0" bw="12" slack="1"/>
<pin id="2640" dir="1" index="1" bw="12" slack="1"/>
</pin_list>
<bind>
<opset="p_ground_addr "/>
</bind>
</comp>

<comp id="2643" class="1005" name="spillage_flag_addr_reg_2643">
<pin_list>
<pin id="2644" dir="0" index="0" bw="12" slack="63"/>
<pin id="2645" dir="1" index="1" bw="12" slack="63"/>
</pin_list>
<bind>
<opset="spillage_flag_addr "/>
</bind>
</comp>

<comp id="2648" class="1005" name="spillage_level_addr_reg_2648">
<pin_list>
<pin id="2649" dir="0" index="0" bw="12" slack="63"/>
<pin id="2650" dir="1" index="1" bw="12" slack="63"/>
</pin_list>
<bind>
<opset="spillage_level_addr "/>
</bind>
</comp>

<comp id="2653" class="1005" name="p_ground_addr_1_reg_2653">
<pin_list>
<pin id="2654" dir="0" index="0" bw="12" slack="1"/>
<pin id="2655" dir="1" index="1" bw="12" slack="1"/>
</pin_list>
<bind>
<opset="p_ground_addr_1 "/>
</bind>
</comp>

<comp id="2658" class="1005" name="add_ln134_3_reg_2658">
<pin_list>
<pin id="2659" dir="0" index="0" bw="12" slack="1"/>
<pin id="2660" dir="1" index="1" bw="12" slack="1"/>
</pin_list>
<bind>
<opset="add_ln134_3 "/>
</bind>
</comp>

<comp id="2663" class="1005" name="spillage_from_neigh_addr_reg_2663">
<pin_list>
<pin id="2664" dir="0" index="0" bw="12" slack="74"/>
<pin id="2665" dir="1" index="1" bw="12" slack="74"/>
</pin_list>
<bind>
<opset="spillage_from_neigh_addr "/>
</bind>
</comp>

<comp id="2668" class="1005" name="p_ground_load_reg_2668">
<pin_list>
<pin id="2669" dir="0" index="0" bw="32" slack="1"/>
<pin id="2670" dir="1" index="1" bw="32" slack="1"/>
</pin_list>
<bind>
<opset="p_ground_load "/>
</bind>
</comp>

<comp id="2675" class="1005" name="div9_reg_2675">
<pin_list>
<pin id="2676" dir="0" index="0" bw="32" slack="1"/>
<pin id="2677" dir="1" index="1" bw="32" slack="1"/>
</pin_list>
<bind>
<opset="div9 "/>
</bind>
</comp>

<comp id="2683" class="1005" name="p_ground_addr_2_reg_2683">
<pin_list>
<pin id="2684" dir="0" index="0" bw="12" slack="1"/>
<pin id="2685" dir="1" index="1" bw="12" slack="1"/>
</pin_list>
<bind>
<opset="p_ground_addr_2 "/>
</bind>
</comp>

<comp id="2688" class="1005" name="spillage_from_neigh_1_addr_reg_2688">
<pin_list>
<pin id="2689" dir="0" index="0" bw="12" slack="74"/>
<pin id="2690" dir="1" index="1" bw="12" slack="74"/>
</pin_list>
<bind>
<opset="spillage_from_neigh_1_addr "/>
</bind>
</comp>

<comp id="2693" class="1005" name="neighbor_height_8_reg_2693">
<pin_list>
<pin id="2694" dir="0" index="0" bw="32" slack="1"/>
<pin id="2695" dir="1" index="1" bw="32" slack="1"/>
</pin_list>
<bind>
<opset="neighbor_height_8 "/>
</bind>
</comp>

<comp id="2704" class="1005" name="div4_reg_2704">
<pin_list>
<pin id="2705" dir="0" index="0" bw="32" slack="1"/>
<pin id="2706" dir="1" index="1" bw="32" slack="1"/>
</pin_list>
<bind>
<opset="div4 "/>
</bind>
</comp>

<comp id="2709" class="1005" name="p_ground_load_2_reg_2709">
<pin_list>
<pin id="2710" dir="0" index="0" bw="32" slack="1"/>
<pin id="2711" dir="1" index="1" bw="32" slack="1"/>
</pin_list>
<bind>
<opset="p_ground_load_2 "/>
</bind>
</comp>

<comp id="2714" class="1005" name="div301_1_reg_2714">
<pin_list>
<pin id="2715" dir="0" index="0" bw="32" slack="1"/>
<pin id="2716" dir="1" index="1" bw="32" slack="1"/>
</pin_list>
<bind>
<opset="div301_1 "/>
</bind>
</comp>

<comp id="2719" class="1005" name="p_ground_addr_4_reg_2719">
<pin_list>
<pin id="2720" dir="0" index="0" bw="12" slack="1"/>
<pin id="2721" dir="1" index="1" bw="12" slack="1"/>
</pin_list>
<bind>
<opset="p_ground_addr_4 "/>
</bind>
</comp>

<comp id="2724" class="1005" name="spillage_from_neigh_3_addr_reg_2724">
<pin_list>
<pin id="2725" dir="0" index="0" bw="12" slack="76"/>
<pin id="2726" dir="1" index="1" bw="12" slack="76"/>
</pin_list>
<bind>
<opset="spillage_from_neigh_3_addr "/>
</bind>
</comp>

<comp id="2729" class="1005" name="bitcast_ln134_reg_2729">
<pin_list>
<pin id="2730" dir="0" index="0" bw="32" slack="1"/>
<pin id="2731" dir="1" index="1" bw="32" slack="1"/>
</pin_list>
<bind>
<opset="bitcast_ln134 "/>
</bind>
</comp>

<comp id="2734" class="1005" name="bitcast_ln134_1_reg_2734">
<pin_list>
<pin id="2735" dir="0" index="0" bw="32" slack="1"/>
<pin id="2736" dir="1" index="1" bw="32" slack="1"/>
</pin_list>
<bind>
<opset="bitcast_ln134_1 "/>
</bind>
</comp>

<comp id="2739" class="1005" name="div301_3_reg_2739">
<pin_list>
<pin id="2740" dir="0" index="0" bw="32" slack="1"/>
<pin id="2741" dir="1" index="1" bw="32" slack="1"/>
</pin_list>
<bind>
<opset="div301_3 "/>
</bind>
</comp>

<comp id="2744" class="1005" name="p_ground_addr_3_reg_2744">
<pin_list>
<pin id="2745" dir="0" index="0" bw="12" slack="1"/>
<pin id="2746" dir="1" index="1" bw="12" slack="1"/>
</pin_list>
<bind>
<opset="p_ground_addr_3 "/>
</bind>
</comp>

<comp id="2749" class="1005" name="spillage_from_neigh_2_addr_reg_2749">
<pin_list>
<pin id="2750" dir="0" index="0" bw="12" slack="73"/>
<pin id="2751" dir="1" index="1" bw="12" slack="73"/>
</pin_list>
<bind>
<opset="spillage_from_neigh_2_addr "/>
</bind>
</comp>

<comp id="2754" class="1005" name="bitcast_ln134_3_reg_2754">
<pin_list>
<pin id="2755" dir="0" index="0" bw="32" slack="1"/>
<pin id="2756" dir="1" index="1" bw="32" slack="1"/>
</pin_list>
<bind>
<opset="bitcast_ln134_3 "/>
</bind>
</comp>

<comp id="2759" class="1005" name="p_ground_load_3_reg_2759">
<pin_list>
<pin id="2760" dir="0" index="0" bw="32" slack="2"/>
<pin id="2761" dir="1" index="1" bw="32" slack="2"/>
</pin_list>
<bind>
<opset="p_ground_load_3 "/>
</bind>
</comp>

<comp id="2764" class="1005" name="div301_2_reg_2764">
<pin_list>
<pin id="2765" dir="0" index="0" bw="32" slack="1"/>
<pin id="2766" dir="1" index="1" bw="32" slack="1"/>
</pin_list>
<bind>
<opset="div301_2 "/>
</bind>
</comp>

<comp id="2769" class="1005" name="bitcast_ln134_2_reg_2769">
<pin_list>
<pin id="2770" dir="0" index="0" bw="32" slack="1"/>
<pin id="2771" dir="1" index="1" bw="32" slack="1"/>
</pin_list>
<bind>
<opset="bitcast_ln134_2 "/>
</bind>
</comp>

<comp id="2774" class="1005" name="current_height_reg_2774">
<pin_list>
<pin id="2775" dir="0" index="0" bw="32" slack="2"/>
<pin id="2776" dir="1" index="1" bw="32" slack="2"/>
</pin_list>
<bind>
<opset="current_height "/>
</bind>
</comp>

<comp id="2789" class="1005" name="neighbor_height_reg_2789">
<pin_list>
<pin id="2790" dir="0" index="0" bw="32" slack="1"/>
<pin id="2791" dir="1" index="1" bw="32" slack="1"/>
</pin_list>
<bind>
<opset="neighbor_height "/>
</bind>
</comp>

<comp id="2797" class="1005" name="neighbor_height_2_reg_2797">
<pin_list>
<pin id="2798" dir="0" index="0" bw="32" slack="1"/>
<pin id="2799" dir="1" index="1" bw="32" slack="1"/>
</pin_list>
<bind>
<opset="neighbor_height_2 "/>
</bind>
</comp>

<comp id="2805" class="1005" name="neighbor_height_1_reg_2805">
<pin_list>
<pin id="2806" dir="0" index="0" bw="32" slack="1"/>
<pin id="2807" dir="1" index="1" bw="32" slack="1"/>
</pin_list>
<bind>
<opset="neighbor_height_1 "/>
</bind>
</comp>

<comp id="2811" class="1005" name="icmp_ln139_2_reg_2811">
<pin_list>
<pin id="2812" dir="0" index="0" bw="1" slack="1"/>
<pin id="2813" dir="1" index="1" bw="1" slack="1"/>
</pin_list>
<bind>
<opset="icmp_ln139_2 "/>
</bind>
</comp>

<comp id="2816" class="1005" name="icmp_ln139_3_reg_2816">
<pin_list>
<pin id="2817" dir="0" index="0" bw="1" slack="1"/>
<pin id="2818" dir="1" index="1" bw="1" slack="1"/>
</pin_list>
<bind>
<opset="icmp_ln139_3 "/>
</bind>
</comp>

<comp id="2821" class="1005" name="neighbor_height_3_reg_2821">
<pin_list>
<pin id="2822" dir="0" index="0" bw="32" slack="1"/>
<pin id="2823" dir="1" index="1" bw="32" slack="1"/>
</pin_list>
<bind>
<opset="neighbor_height_3 "/>
</bind>
</comp>

<comp id="2827" class="1005" name="icmp_ln139_4_reg_2827">
<pin_list>
<pin id="2828" dir="0" index="0" bw="1" slack="1"/>
<pin id="2829" dir="1" index="1" bw="1" slack="1"/>
</pin_list>
<bind>
<opset="icmp_ln139_4 "/>
</bind>
</comp>

<comp id="2832" class="1005" name="icmp_ln139_5_reg_2832">
<pin_list>
<pin id="2833" dir="0" index="0" bw="1" slack="1"/>
<pin id="2834" dir="1" index="1" bw="1" slack="1"/>
</pin_list>
<bind>
<opset="icmp_ln139_5 "/>
</bind>
</comp>

<comp id="2837" class="1005" name="icmp_ln128_1_reg_2837">
<pin_list>
<pin id="2838" dir="0" index="0" bw="1" slack="1"/>
<pin id="2839" dir="1" index="1" bw="1" slack="1"/>
</pin_list>
<bind>
<opset="icmp_ln128_1 "/>
</bind>
</comp>

<comp id="2842" class="1005" name="neighbor_height_6_reg_2842">
<pin_list>
<pin id="2843" dir="0" index="0" bw="32" slack="1"/>
<pin id="2844" dir="1" index="1" bw="32" slack="1"/>
</pin_list>
<bind>
<opset="neighbor_height_6 "/>
</bind>
</comp>

<comp id="2850" class="1005" name="or_ln139_reg_2850">
<pin_list>
<pin id="2851" dir="0" index="0" bw="1" slack="1"/>
<pin id="2852" dir="1" index="1" bw="1" slack="1"/>
</pin_list>
<bind>
<opset="or_ln139 "/>
</bind>
</comp>

<comp id="2861" class="1005" name="and_ln139_1_reg_2861">
<pin_list>
<pin id="2862" dir="0" index="0" bw="1" slack="6"/>
<pin id="2863" dir="1" index="1" bw="1" slack="7"/>
</pin_list>
<bind>
<opset="and_ln139_1 "/>
</bind>
</comp>

<comp id="2867" class="1005" name="and_ln139_3_reg_2867">
<pin_list>
<pin id="2868" dir="0" index="0" bw="1" slack="8"/>
<pin id="2869" dir="1" index="1" bw="1" slack="9"/>
</pin_list>
<bind>
<opset="and_ln139_3 "/>
</bind>
</comp>

<comp id="2873" class="1005" name="neighbor_height_7_reg_2873">
<pin_list>
<pin id="2874" dir="0" index="0" bw="32" slack="1"/>
<pin id="2875" dir="1" index="1" bw="32" slack="1"/>
</pin_list>
<bind>
<opset="neighbor_height_7 "/>
</bind>
</comp>

<comp id="2879" class="1005" name="icmp_ln139_8_reg_2879">
<pin_list>
<pin id="2880" dir="0" index="0" bw="1" slack="1"/>
<pin id="2881" dir="1" index="1" bw="1" slack="1"/>
</pin_list>
<bind>
<opset="icmp_ln139_8 "/>
</bind>
</comp>

<comp id="2884" class="1005" name="icmp_ln139_9_reg_2884">
<pin_list>
<pin id="2885" dir="0" index="0" bw="1" slack="1"/>
<pin id="2886" dir="1" index="1" bw="1" slack="1"/>
</pin_list>
<bind>
<opset="icmp_ln139_9 "/>
</bind>
</comp>

<comp id="2889" class="1005" name="and_ln139_7_reg_2889">
<pin_list>
<pin id="2890" dir="0" index="0" bw="1" slack="11"/>
<pin id="2891" dir="1" index="1" bw="1" slack="12"/>
</pin_list>
<bind>
<opset="and_ln139_7 "/>
</bind>
</comp>

<comp id="2895" class="1005" name="icmp_ln128_reg_2895">
<pin_list>
<pin id="2896" dir="0" index="0" bw="1" slack="1"/>
<pin id="2897" dir="1" index="1" bw="1" slack="1"/>
</pin_list>
<bind>
<opset="icmp_ln128 "/>
</bind>
</comp>

<comp id="2900" class="1005" name="neighbor_height_4_reg_2900">
<pin_list>
<pin id="2901" dir="0" index="0" bw="32" slack="1"/>
<pin id="2902" dir="1" index="1" bw="32" slack="1"/>
</pin_list>
<bind>
<opset="neighbor_height_4 "/>
</bind>
</comp>

<comp id="2908" class="1005" name="neighbor_height_5_reg_2908">
<pin_list>
<pin id="2909" dir="0" index="0" bw="32" slack="1"/>
<pin id="2910" dir="1" index="1" bw="32" slack="1"/>
</pin_list>
<bind>
<opset="neighbor_height_5 "/>
</bind>
</comp>

<comp id="2914" class="1005" name="icmp_ln139_6_reg_2914">
<pin_list>
<pin id="2915" dir="0" index="0" bw="1" slack="1"/>
<pin id="2916" dir="1" index="1" bw="1" slack="1"/>
</pin_list>
<bind>
<opset="icmp_ln139_6 "/>
</bind>
</comp>

<comp id="2919" class="1005" name="icmp_ln139_7_reg_2919">
<pin_list>
<pin id="2920" dir="0" index="0" bw="1" slack="1"/>
<pin id="2921" dir="1" index="1" bw="1" slack="1"/>
</pin_list>
<bind>
<opset="icmp_ln139_7 "/>
</bind>
</comp>

<comp id="2924" class="1005" name="and_ln139_5_reg_2924">
<pin_list>
<pin id="2925" dir="0" index="0" bw="1" slack="6"/>
<pin id="2926" dir="1" index="1" bw="1" slack="7"/>
</pin_list>
<bind>
<opset="and_ln139_5 "/>
</bind>
</comp>

<comp id="2930" class="1005" name="height_diff_reg_2930">
<pin_list>
<pin id="2931" dir="0" index="0" bw="32" slack="1"/>
<pin id="2932" dir="1" index="1" bw="32" slack="1"/>
</pin_list>
<bind>
<opset="height_diff "/>
</bind>
</comp>

<comp id="2938" class="1005" name="height_diff_1_reg_2938">
<pin_list>
<pin id="2939" dir="0" index="0" bw="32" slack="3"/>
<pin id="2940" dir="1" index="1" bw="32" slack="3"/>
</pin_list>
<bind>
<opset="height_diff_1 "/>
</bind>
</comp>

<comp id="2946" class="1005" name="height_diff_3_reg_2946">
<pin_list>
<pin id="2947" dir="0" index="0" bw="32" slack="6"/>
<pin id="2948" dir="1" index="1" bw="32" slack="6"/>
</pin_list>
<bind>
<opset="height_diff_3 "/>
</bind>
</comp>

<comp id="2954" class="1005" name="my_spillage_level_1_reg_2954">
<pin_list>
<pin id="2955" dir="0" index="0" bw="32" slack="1"/>
<pin id="2956" dir="1" index="1" bw="32" slack="1"/>
</pin_list>
<bind>
<opset="my_spillage_level_1 "/>
</bind>
</comp>

<comp id="2962" class="1005" name="my_spillage_level_3_reg_2962">
<pin_list>
<pin id="2963" dir="0" index="0" bw="32" slack="1"/>
<pin id="2964" dir="1" index="1" bw="32" slack="1"/>
</pin_list>
<bind>
<opset="my_spillage_level_3 "/>
</bind>
</comp>

<comp id="2970" class="1005" name="height_diff_2_reg_2970">
<pin_list>
<pin id="2971" dir="0" index="0" bw="32" slack="1"/>
<pin id="2972" dir="1" index="1" bw="32" slack="1"/>
</pin_list>
<bind>
<opset="height_diff_2 "/>
</bind>
</comp>

<comp id="2978" class="1005" name="my_spillage_level_5_reg_2978">
<pin_list>
<pin id="2979" dir="0" index="0" bw="32" slack="1"/>
<pin id="2980" dir="1" index="1" bw="32" slack="1"/>
</pin_list>
<bind>
<opset="my_spillage_level_5 "/>
</bind>
</comp>

<comp id="2986" class="1005" name="sum_diff_1_reg_2986">
<pin_list>
<pin id="2987" dir="0" index="0" bw="32" slack="1"/>
<pin id="2988" dir="1" index="1" bw="32" slack="1"/>
</pin_list>
<bind>
<opset="sum_diff_1 "/>
</bind>
</comp>

<comp id="2992" class="1005" name="my_spillage_level_7_reg_2992">
<pin_list>
<pin id="2993" dir="0" index="0" bw="32" slack="1"/>
<pin id="2994" dir="1" index="1" bw="32" slack="1"/>
</pin_list>
<bind>
<opset="my_spillage_level_7 "/>
</bind>
</comp>

<comp id="2999" class="1005" name="my_spillage_level_8_reg_2999">
<pin_list>
<pin id="3000" dir="0" index="0" bw="32" slack="21"/>
<pin id="3001" dir="1" index="1" bw="32" slack="21"/>
</pin_list>
<bind>
<opset="my_spillage_level_8 "/>
</bind>
</comp>

<comp id="3005" class="1005" name="sum_diff_3_reg_3005">
<pin_list>
<pin id="3006" dir="0" index="0" bw="32" slack="1"/>
<pin id="3007" dir="1" index="1" bw="32" slack="1"/>
</pin_list>
<bind>
<opset="sum_diff_3 "/>
</bind>
</comp>

<comp id="3011" class="1005" name="sum_diff_5_reg_3011">
<pin_list>
<pin id="3012" dir="0" index="0" bw="32" slack="1"/>
<pin id="3013" dir="1" index="1" bw="32" slack="1"/>
</pin_list>
<bind>
<opset="sum_diff_5 "/>
</bind>
</comp>

<comp id="3017" class="1005" name="sum_diff_7_reg_3017">
<pin_list>
<pin id="3018" dir="0" index="0" bw="32" slack="1"/>
<pin id="3019" dir="1" index="1" bw="32" slack="1"/>
</pin_list>
<bind>
<opset="sum_diff_7 "/>
</bind>
</comp>

<comp id="3024" class="1005" name="and_ln148_reg_3024">
<pin_list>
<pin id="3025" dir="0" index="0" bw="1" slack="1"/>
<pin id="3026" dir="1" index="1" bw="1" slack="2147483647"/>
</pin_list>
<bind>
<opset="and_ln148 "/>
</bind>
</comp>

<comp id="3028" class="1005" name="proportion_reg_3028">
<pin_list>
<pin id="3029" dir="0" index="0" bw="32" slack="1"/>
<pin id="3030" dir="1" index="1" bw="32" slack="1"/>
</pin_list>
<bind>
<opset="proportion "/>
</bind>
</comp>

<comp id="3036" class="1005" name="conv6_reg_3036">
<pin_list>
<pin id="3037" dir="0" index="0" bw="64" slack="1"/>
<pin id="3038" dir="1" index="1" bw="64" slack="1"/>
</pin_list>
<bind>
<opset="conv6 "/>
</bind>
</comp>

<comp id="3042" class="1005" name="icmp_ln151_reg_3042">
<pin_list>
<pin id="3043" dir="0" index="0" bw="1" slack="1"/>
<pin id="3044" dir="1" index="1" bw="1" slack="1"/>
</pin_list>
<bind>
<opset="icmp_ln151 "/>
</bind>
</comp>

<comp id="3047" class="1005" name="icmp_ln151_1_reg_3047">
<pin_list>
<pin id="3048" dir="0" index="0" bw="1" slack="1"/>
<pin id="3049" dir="1" index="1" bw="1" slack="1"/>
</pin_list>
<bind>
<opset="icmp_ln151_1 "/>
</bind>
</comp>

<comp id="3052" class="1005" name="and_ln151_reg_3052">
<pin_list>
<pin id="3053" dir="0" index="0" bw="1" slack="1"/>
<pin id="3054" dir="1" index="1" bw="1" slack="2147483647"/>
</pin_list>
<bind>
<opset="and_ln151 "/>
</bind>
</comp>

<comp id="3056" class="1005" name="notlhs178_reg_3056">
<pin_list>
<pin id="3057" dir="0" index="0" bw="1" slack="3"/>
<pin id="3058" dir="1" index="1" bw="1" slack="3"/>
</pin_list>
<bind>
<opset="notlhs178 "/>
</bind>
</comp>

<comp id="3061" class="1005" name="notrhs179_reg_3061">
<pin_list>
<pin id="3062" dir="0" index="0" bw="1" slack="3"/>
<pin id="3063" dir="1" index="1" bw="1" slack="3"/>
</pin_list>
<bind>
<opset="notrhs179 "/>
</bind>
</comp>

<comp id="3066" class="1005" name="and_ln175_1_reg_3066">
<pin_list>
<pin id="3067" dir="0" index="0" bw="1" slack="1"/>
<pin id="3068" dir="1" index="1" bw="1" slack="2147483647"/>
</pin_list>
<bind>
<opset="and_ln175_1 "/>
</bind>
</comp>

<comp id="3070" class="1005" name="and_ln175_3_reg_3070">
<pin_list>
<pin id="3071" dir="0" index="0" bw="1" slack="1"/>
<pin id="3072" dir="1" index="1" bw="1" slack="2147483647"/>
</pin_list>
<bind>
<opset="and_ln175_3 "/>
</bind>
</comp>

<comp id="3074" class="1005" name="and_ln175_5_reg_3074">
<pin_list>
<pin id="3075" dir="0" index="0" bw="1" slack="2"/>
<pin id="3076" dir="1" index="1" bw="1" slack="2147483647"/>
</pin_list>
<bind>
<opset="and_ln175_5 "/>
</bind>
</comp>

<comp id="3078" class="1005" name="and_ln175_7_reg_3078">
<pin_list>
<pin id="3079" dir="0" index="0" bw="1" slack="2"/>
<pin id="3080" dir="1" index="1" bw="1" slack="2147483647"/>
</pin_list>
<bind>
<opset="and_ln175_7 "/>
</bind>
</comp>

<comp id="3082" class="1005" name="empty_78_reg_3082">
<pin_list>
<pin id="3083" dir="0" index="0" bw="1" slack="16"/>
<pin id="3084" dir="1" index="1" bw="1" slack="2147483647"/>
</pin_list>
<bind>
<opset="empty_78 "/>
</bind>
</comp>

<comp id="3086" class="1005" name="sub6_reg_3086">
<pin_list>
<pin id="3087" dir="0" index="0" bw="32" slack="1"/>
<pin id="3088" dir="1" index="1" bw="32" slack="1"/>
</pin_list>
<bind>
<opset="sub6 "/>
</bind>
</comp>

<comp id="3091" class="1005" name="sub7_reg_3091">
<pin_list>
<pin id="3092" dir="0" index="0" bw="32" slack="1"/>
<pin id="3093" dir="1" index="1" bw="32" slack="1"/>
</pin_list>
<bind>
<opset="sub7 "/>
</bind>
</comp>

<comp id="3096" class="1005" name="sub400_1_reg_3096">
<pin_list>
<pin id="3097" dir="0" index="0" bw="32" slack="1"/>
<pin id="3098" dir="1" index="1" bw="32" slack="1"/>
</pin_list>
<bind>
<opset="sub400_1 "/>
</bind>
</comp>

<comp id="3101" class="1005" name="mul7_reg_3101">
<pin_list>
<pin id="3102" dir="0" index="0" bw="32" slack="1"/>
<pin id="3103" dir="1" index="1" bw="32" slack="1"/>
</pin_list>
<bind>
<opset="mul7 "/>
</bind>
</comp>

<comp id="3106" class="1005" name="sub400_2_reg_3106">
<pin_list>
<pin id="3107" dir="0" index="0" bw="32" slack="1"/>
<pin id="3108" dir="1" index="1" bw="32" slack="1"/>
</pin_list>
<bind>
<opset="sub400_2 "/>
</bind>
</comp>

<comp id="3111" class="1005" name="sub400_3_reg_3111">
<pin_list>
<pin id="3112" dir="0" index="0" bw="32" slack="2"/>
<pin id="3113" dir="1" index="1" bw="32" slack="2"/>
</pin_list>
<bind>
<opset="sub400_3 "/>
</bind>
</comp>

<comp id="3116" class="1005" name="div7_reg_3116">
<pin_list>
<pin id="3117" dir="0" index="0" bw="32" slack="1"/>
<pin id="3118" dir="1" index="1" bw="32" slack="1"/>
</pin_list>
<bind>
<opset="div7 "/>
</bind>
</comp>

<comp id="3121" class="1005" name="mul401_3_reg_3121">
<pin_list>
<pin id="3122" dir="0" index="0" bw="32" slack="1"/>
<pin id="3123" dir="1" index="1" bw="32" slack="1"/>
</pin_list>
<bind>
<opset="mul401_3 "/>
</bind>
</comp>

<comp id="3126" class="1005" name="p_load_reg_3126">
<pin_list>
<pin id="3127" dir="0" index="0" bw="416" slack="1"/>
<pin id="3128" dir="1" index="1" bw="416" slack="1"/>
</pin_list>
<bind>
<opset="p_load "/>
</bind>
</comp>

<comp id="3132" class="1005" name="or_ln2_reg_3132">
<pin_list>
<pin id="3133" dir="0" index="0" bw="416" slack="1"/>
<pin id="3134" dir="1" index="1" bw="416" slack="1"/>
</pin_list>
<bind>
<opset="or_ln2 "/>
</bind>
</comp>

<comp id="3137" class="1005" name="add_ln168_2_reg_3137">
<pin_list>
<pin id="3138" dir="0" index="0" bw="64" slack="1"/>
<pin id="3139" dir="1" index="1" bw="64" slack="1"/>
</pin_list>
<bind>
<opset="add_ln168_2 "/>
</bind>
</comp>

</comp_list>

<net_list>
<net id="151"><net_src comp="24" pin="0"/><net_sink comp="148" pin=0"/></net>

<net id="155"><net_src comp="24" pin="0"/><net_sink comp="152" pin=0"/></net>

<net id="159"><net_src comp="24" pin="0"/><net_sink comp="156" pin=0"/></net>

<net id="163"><net_src comp="24" pin="0"/><net_sink comp="160" pin=0"/></net>

<net id="168"><net_src comp="36" pin="0"/><net_sink comp="164" pin=0"/></net>

<net id="169"><net_src comp="0" pin="0"/><net_sink comp="164" pin=1"/></net>

<net id="175"><net_src comp="146" pin="0"/><net_sink comp="170" pin=0"/></net>

<net id="176"><net_src comp="22" pin="0"/><net_sink comp="170" pin=1"/></net>

<net id="182"><net_src comp="8" pin="0"/><net_sink comp="177" pin=0"/></net>

<net id="183"><net_src comp="64" pin="0"/><net_sink comp="177" pin=1"/></net>

<net id="189"><net_src comp="10" pin="0"/><net_sink comp="184" pin=0"/></net>

<net id="190"><net_src comp="64" pin="0"/><net_sink comp="184" pin=1"/></net>

<net id="196"><net_src comp="12" pin="0"/><net_sink comp="191" pin=0"/></net>

<net id="197"><net_src comp="64" pin="0"/><net_sink comp="191" pin=1"/></net>

<net id="203"><net_src comp="177" pin="3"/><net_sink comp="198" pin=0"/></net>

<net id="209"><net_src comp="184" pin="3"/><net_sink comp="204" pin=0"/></net>

<net id="215"><net_src comp="191" pin="3"/><net_sink comp="210" pin=0"/></net>

<net id="221"><net_src comp="8" pin="0"/><net_sink comp="216" pin=0"/></net>

<net id="222"><net_src comp="64" pin="0"/><net_sink comp="216" pin=1"/></net>

<net id="228"><net_src comp="8" pin="0"/><net_sink comp="223" pin=0"/></net>

<net id="229"><net_src comp="64" pin="0"/><net_sink comp="223" pin=1"/></net>

<net id="235"><net_src comp="10" pin="0"/><net_sink comp="230" pin=0"/></net>

<net id="236"><net_src comp="64" pin="0"/><net_sink comp="230" pin=1"/></net>

<net id="242"><net_src comp="10" pin="0"/><net_sink comp="237" pin=0"/></net>

<net id="243"><net_src comp="64" pin="0"/><net_sink comp="237" pin=1"/></net>

<net id="249"><net_src comp="12" pin="0"/><net_sink comp="244" pin=0"/></net>

<net id="250"><net_src comp="64" pin="0"/><net_sink comp="244" pin=1"/></net>

<net id="256"><net_src comp="12" pin="0"/><net_sink comp="251" pin=0"/></net>

<net id="257"><net_src comp="64" pin="0"/><net_sink comp="251" pin=1"/></net>

<net id="262"><net_src comp="216" pin="3"/><net_sink comp="198" pin=2"/></net>

<net id="267"><net_src comp="230" pin="3"/><net_sink comp="204" pin=2"/></net>

<net id="272"><net_src comp="244" pin="3"/><net_sink comp="210" pin=2"/></net>

<net id="273"><net_src comp="223" pin="3"/><net_sink comp="198" pin=0"/></net>

<net id="274"><net_src comp="237" pin="3"/><net_sink comp="204" pin=0"/></net>

<net id="275"><net_src comp="251" pin="3"/><net_sink comp="210" pin=0"/></net>

<net id="281"><net_src comp="8" pin="0"/><net_sink comp="276" pin=0"/></net>

<net id="282"><net_src comp="64" pin="0"/><net_sink comp="276" pin=1"/></net>

<net id="288"><net_src comp="10" pin="0"/><net_sink comp="283" pin=0"/></net>

<net id="289"><net_src comp="64" pin="0"/><net_sink comp="283" pin=1"/></net>

<net id="295"><net_src comp="12" pin="0"/><net_sink comp="290" pin=0"/></net>

<net id="296"><net_src comp="64" pin="0"/><net_sink comp="290" pin=1"/></net>

<net id="297"><net_src comp="276" pin="3"/><net_sink comp="198" pin=2"/></net>

<net id="298"><net_src comp="283" pin="3"/><net_sink comp="204" pin=2"/></net>

<net id="299"><net_src comp="290" pin="3"/><net_sink comp="210" pin=2"/></net>

<net id="305"><net_src comp="8" pin="0"/><net_sink comp="300" pin=0"/></net>

<net id="306"><net_src comp="64" pin="0"/><net_sink comp="300" pin=1"/></net>

<net id="312"><net_src comp="10" pin="0"/><net_sink comp="307" pin=0"/></net>

<net id="313"><net_src comp="64" pin="0"/><net_sink comp="307" pin=1"/></net>

<net id="319"><net_src comp="12" pin="0"/><net_sink comp="314" pin=0"/></net>

<net id="320"><net_src comp="64" pin="0"/><net_sink comp="314" pin=1"/></net>

<net id="321"><net_src comp="300" pin="3"/><net_sink comp="198" pin=0"/></net>

<net id="322"><net_src comp="307" pin="3"/><net_sink comp="204" pin=0"/></net>

<net id="323"><net_src comp="314" pin="3"/><net_sink comp="210" pin=0"/></net>

<net id="329"><net_src comp="2" pin="0"/><net_sink comp="324" pin=0"/></net>

<net id="330"><net_src comp="64" pin="0"/><net_sink comp="324" pin=1"/></net>

<net id="336"><net_src comp="4" pin="0"/><net_sink comp="331" pin=0"/></net>

<net id="337"><net_src comp="64" pin="0"/><net_sink comp="331" pin=1"/></net>

<net id="343"><net_src comp="6" pin="0"/><net_sink comp="338" pin=0"/></net>

<net id="344"><net_src comp="64" pin="0"/><net_sink comp="338" pin=1"/></net>

<net id="354"><net_src comp="324" pin="3"/><net_sink comp="345" pin=2"/></net>

<net id="360"><net_src comp="2" pin="0"/><net_sink comp="355" pin=0"/></net>

<net id="361"><net_src comp="64" pin="0"/><net_sink comp="355" pin=1"/></net>

<net id="367"><net_src comp="14" pin="0"/><net_sink comp="362" pin=0"/></net>

<net id="368"><net_src comp="64" pin="0"/><net_sink comp="362" pin=1"/></net>

<net id="369"><net_src comp="355" pin="3"/><net_sink comp="345" pin=0"/></net>

<net id="375"><net_src comp="2" pin="0"/><net_sink comp="370" pin=0"/></net>

<net id="376"><net_src comp="64" pin="0"/><net_sink comp="370" pin=1"/></net>

<net id="382"><net_src comp="16" pin="0"/><net_sink comp="377" pin=0"/></net>

<net id="383"><net_src comp="64" pin="0"/><net_sink comp="377" pin=1"/></net>

<net id="384"><net_src comp="370" pin="3"/><net_sink comp="345" pin=2"/></net>

<net id="390"><net_src comp="2" pin="0"/><net_sink comp="385" pin=0"/></net>

<net id="391"><net_src comp="64" pin="0"/><net_sink comp="385" pin=1"/></net>

<net id="397"><net_src comp="20" pin="0"/><net_sink comp="392" pin=0"/></net>

<net id="398"><net_src comp="64" pin="0"/><net_sink comp="392" pin=1"/></net>

<net id="399"><net_src comp="385" pin="3"/><net_sink comp="345" pin=0"/></net>

<net id="405"><net_src comp="2" pin="0"/><net_sink comp="400" pin=0"/></net>

<net id="406"><net_src comp="64" pin="0"/><net_sink comp="400" pin=1"/></net>

<net id="412"><net_src comp="18" pin="0"/><net_sink comp="407" pin=0"/></net>

<net id="413"><net_src comp="64" pin="0"/><net_sink comp="407" pin=1"/></net>

<net id="414"><net_src comp="400" pin="3"/><net_sink comp="345" pin=0"/></net>

<net id="420"><net_src comp="128" pin="0"/><net_sink comp="415" pin=1"/></net>

<net id="468"><net_src comp="449" pin="6"/><net_sink comp="460" pin=0"/></net>

<net id="469"><net_src comp="449" pin="6"/><net_sink comp="460" pin=4"/></net>

<net id="470"><net_src comp="460" pin="6"/><net_sink comp="457" pin=0"/></net>

<net id="482"><net_src comp="457" pin="1"/><net_sink comp="474" pin=0"/></net>

<net id="483"><net_src comp="457" pin="1"/><net_sink comp="474" pin=4"/></net>

<net id="488"><net_src comp="132" pin="0"/><net_sink comp="484" pin=0"/></net>

<net id="493"><net_src comp="132" pin="0"/><net_sink comp="489" pin=0"/></net>

<net id="510"><net_src comp="114" pin="0"/><net_sink comp="506" pin=1"/></net>

<net id="527"><net_src comp="130" pin="0"/><net_sink comp="523" pin=1"/></net>

<net id="532"><net_src comp="86" pin="0"/><net_sink comp="528" pin=1"/></net>

<net id="537"><net_src comp="86" pin="0"/><net_sink comp="533" pin=1"/></net>

<net id="542"><net_src comp="86" pin="0"/><net_sink comp="538" pin=1"/></net>

<net id="564"><net_src comp="114" pin="0"/><net_sink comp="560" pin=1"/></net>

<net id="569"><net_src comp="114" pin="0"/><net_sink comp="556" pin=1"/></net>

<net id="578"><net_src comp="126" pin="0"/><net_sink comp="574" pin=1"/></net>

<net id="583"><net_src comp="78" pin="0"/><net_sink comp="579" pin=1"/></net>

<net id="587"><net_src comp="345" pin="3"/><net_sink comp="584" pin=0"/></net>

<net id="591"><net_src comp="519" pin="2"/><net_sink comp="588" pin=0"/></net>

<net id="592"><net_src comp="588" pin="1"/><net_sink comp="426" pin=1"/></net>

<net id="593"><net_src comp="588" pin="1"/><net_sink comp="431" pin=1"/></net>

<net id="597"><net_src comp="528" pin="2"/><net_sink comp="594" pin=0"/></net>

<net id="598"><net_src comp="594" pin="1"/><net_sink comp="436" pin=1"/></net>

<net id="599"><net_src comp="594" pin="1"/><net_sink comp="484" pin=1"/></net>

<net id="600"><net_src comp="594" pin="1"/><net_sink comp="489" pin=1"/></net>

<net id="604"><net_src comp="489" pin="2"/><net_sink comp="601" pin=0"/></net>

<net id="609"><net_src comp="164" pin="2"/><net_sink comp="605" pin=0"/></net>

<net id="614"><net_src comp="38" pin="0"/><net_sink comp="610" pin=0"/></net>

<net id="619"><net_src comp="40" pin="0"/><net_sink comp="615" pin=0"/></net>

<net id="624"><net_src comp="40" pin="0"/><net_sink comp="620" pin=0"/></net>

<net id="632"><net_src comp="625" pin="1"/><net_sink comp="628" pin=0"/></net>

<net id="633"><net_src comp="42" pin="0"/><net_sink comp="628" pin=1"/></net>

<net id="638"><net_src comp="625" pin="1"/><net_sink comp="634" pin=0"/></net>

<net id="639"><net_src comp="44" pin="0"/><net_sink comp="634" pin=1"/></net>

<net id="647"><net_src comp="640" pin="1"/><net_sink comp="643" pin=0"/></net>

<net id="648"><net_src comp="46" pin="0"/><net_sink comp="643" pin=1"/></net>

<net id="654"><net_src comp="643" pin="2"/><net_sink comp="649" pin=0"/></net>

<net id="655"><net_src comp="40" pin="0"/><net_sink comp="649" pin=1"/></net>

<net id="656"><net_src comp="640" pin="1"/><net_sink comp="649" pin=2"/></net>

<net id="661"><net_src comp="649" pin="3"/><net_sink comp="657" pin=0"/></net>

<net id="662"><net_src comp="48" pin="0"/><net_sink comp="657" pin=1"/></net>

<net id="667"><net_src comp="649" pin="3"/><net_sink comp="663" pin=0"/></net>

<net id="668"><net_src comp="50" pin="0"/><net_sink comp="663" pin=1"/></net>

<net id="673"><net_src comp="634" pin="2"/><net_sink comp="669" pin=0"/></net>

<net id="678"><net_src comp="663" pin="2"/><net_sink comp="674" pin=0"/></net>

<net id="686"><net_src comp="679" pin="1"/><net_sink comp="682" pin=0"/></net>

<net id="687"><net_src comp="50" pin="0"/><net_sink comp="682" pin=1"/></net>

<net id="693"><net_src comp="682" pin="2"/><net_sink comp="688" pin=1"/></net>

<net id="694"><net_src comp="679" pin="1"/><net_sink comp="688" pin=2"/></net>

<net id="702"><net_src comp="695" pin="1"/><net_sink comp="698" pin=0"/></net>

<net id="703"><net_src comp="52" pin="0"/><net_sink comp="698" pin=1"/></net>

<net id="710"><net_src comp="54" pin="0"/><net_sink comp="704" pin=0"/></net>

<net id="711"><net_src comp="698" pin="2"/><net_sink comp="704" pin=1"/></net>

<net id="712"><net_src comp="56" pin="0"/><net_sink comp="704" pin=2"/></net>

<net id="713"><net_src comp="58" pin="0"/><net_sink comp="704" pin=3"/></net>

<net id="718"><net_src comp="688" pin="3"/><net_sink comp="714" pin=0"/></net>

<net id="727"><net_src comp="60" pin="0"/><net_sink comp="722" pin=0"/></net>

<net id="728"><net_src comp="62" pin="0"/><net_sink comp="722" pin=2"/></net>

<net id="733"><net_src comp="722" pin="3"/><net_sink comp="729" pin=0"/></net>

<net id="734"><net_src comp="719" pin="1"/><net_sink comp="729" pin=1"/></net>

<net id="742"><net_src comp="729" pin="2"/><net_sink comp="738" pin=0"/></net>

<net id="743"><net_src comp="735" pin="1"/><net_sink comp="738" pin=1"/></net>

<net id="747"><net_src comp="738" pin="2"/><net_sink comp="744" pin=0"/></net>

<net id="748"><net_src comp="744" pin="1"/><net_sink comp="177" pin=2"/></net>

<net id="749"><net_src comp="744" pin="1"/><net_sink comp="184" pin=2"/></net>

<net id="750"><net_src comp="744" pin="1"/><net_sink comp="191" pin=2"/></net>

<net id="758"><net_src comp="751" pin="1"/><net_sink comp="754" pin=0"/></net>

<net id="759"><net_src comp="66" pin="0"/><net_sink comp="754" pin=1"/></net>

<net id="763"><net_src comp="754" pin="2"/><net_sink comp="760" pin=0"/></net>

<net id="768"><net_src comp="50" pin="0"/><net_sink comp="764" pin=1"/></net>

<net id="777"><net_src comp="60" pin="0"/><net_sink comp="772" pin=0"/></net>

<net id="778"><net_src comp="62" pin="0"/><net_sink comp="772" pin=2"/></net>

<net id="783"><net_src comp="772" pin="3"/><net_sink comp="779" pin=0"/></net>

<net id="784"><net_src comp="769" pin="1"/><net_sink comp="779" pin=1"/></net>

<net id="793"><net_src comp="60" pin="0"/><net_sink comp="788" pin=0"/></net>

<net id="794"><net_src comp="62" pin="0"/><net_sink comp="788" pin=2"/></net>

<net id="799"><net_src comp="788" pin="3"/><net_sink comp="795" pin=0"/></net>

<net id="800"><net_src comp="785" pin="1"/><net_sink comp="795" pin=1"/></net>

<net id="804"><net_src comp="657" pin="2"/><net_sink comp="801" pin=0"/></net>

<net id="816"><net_src comp="68" pin="0"/><net_sink comp="805" pin=0"/></net>

<net id="817"><net_src comp="70" pin="0"/><net_sink comp="805" pin=1"/></net>

<net id="818"><net_src comp="72" pin="0"/><net_sink comp="805" pin=3"/></net>

<net id="819"><net_src comp="74" pin="0"/><net_sink comp="805" pin=5"/></net>

<net id="820"><net_src comp="76" pin="0"/><net_sink comp="805" pin=7"/></net>

<net id="821"><net_src comp="801" pin="1"/><net_sink comp="805" pin=8"/></net>

<net id="826"><net_src comp="805" pin="9"/><net_sink comp="822" pin=0"/></net>

<net id="827"><net_src comp="30" pin="0"/><net_sink comp="822" pin=1"/></net>

<net id="835"><net_src comp="779" pin="2"/><net_sink comp="831" pin=0"/></net>

<net id="839"><net_src comp="831" pin="2"/><net_sink comp="836" pin=0"/></net>

<net id="840"><net_src comp="836" pin="1"/><net_sink comp="216" pin=2"/></net>

<net id="841"><net_src comp="836" pin="1"/><net_sink comp="230" pin=2"/></net>

<net id="842"><net_src comp="836" pin="1"/><net_sink comp="244" pin=2"/></net>

<net id="847"><net_src comp="795" pin="2"/><net_sink comp="843" pin=0"/></net>

<net id="851"><net_src comp="843" pin="2"/><net_sink comp="848" pin=0"/></net>

<net id="852"><net_src comp="848" pin="1"/><net_sink comp="223" pin=2"/></net>

<net id="853"><net_src comp="848" pin="1"/><net_sink comp="237" pin=2"/></net>

<net id="854"><net_src comp="848" pin="1"/><net_sink comp="251" pin=2"/></net>

<net id="859"><net_src comp="828" pin="1"/><net_sink comp="855" pin=0"/></net>

<net id="860"><net_src comp="66" pin="0"/><net_sink comp="855" pin=1"/></net>

<net id="865"><net_src comp="50" pin="0"/><net_sink comp="861" pin=1"/></net>

<net id="869"><net_src comp="861" pin="2"/><net_sink comp="866" pin=0"/></net>

<net id="874"><net_src comp="866" pin="1"/><net_sink comp="870" pin=0"/></net>

<net id="875"><net_src comp="52" pin="0"/><net_sink comp="870" pin=1"/></net>

<net id="882"><net_src comp="54" pin="0"/><net_sink comp="876" pin=0"/></net>

<net id="883"><net_src comp="870" pin="2"/><net_sink comp="876" pin=1"/></net>

<net id="884"><net_src comp="56" pin="0"/><net_sink comp="876" pin=2"/></net>

<net id="885"><net_src comp="58" pin="0"/><net_sink comp="876" pin=3"/></net>

<net id="897"><net_src comp="68" pin="0"/><net_sink comp="886" pin=0"/></net>

<net id="898"><net_src comp="70" pin="0"/><net_sink comp="886" pin=1"/></net>

<net id="899"><net_src comp="198" pin="7"/><net_sink comp="886" pin=2"/></net>

<net id="900"><net_src comp="72" pin="0"/><net_sink comp="886" pin=3"/></net>

<net id="901"><net_src comp="204" pin="7"/><net_sink comp="886" pin=4"/></net>

<net id="902"><net_src comp="74" pin="0"/><net_sink comp="886" pin=5"/></net>

<net id="903"><net_src comp="210" pin="7"/><net_sink comp="886" pin=6"/></net>

<net id="904"><net_src comp="76" pin="0"/><net_sink comp="886" pin=7"/></net>

<net id="916"><net_src comp="68" pin="0"/><net_sink comp="905" pin=0"/></net>

<net id="917"><net_src comp="70" pin="0"/><net_sink comp="905" pin=1"/></net>

<net id="918"><net_src comp="198" pin="3"/><net_sink comp="905" pin=2"/></net>

<net id="919"><net_src comp="72" pin="0"/><net_sink comp="905" pin=3"/></net>

<net id="920"><net_src comp="204" pin="3"/><net_sink comp="905" pin=4"/></net>

<net id="921"><net_src comp="74" pin="0"/><net_sink comp="905" pin=5"/></net>

<net id="922"><net_src comp="210" pin="3"/><net_sink comp="905" pin=6"/></net>

<net id="923"><net_src comp="76" pin="0"/><net_sink comp="905" pin=7"/></net>

<net id="930"><net_src comp="924" pin="1"/><net_sink comp="927" pin=0"/></net>

<net id="931"><net_src comp="927" pin="1"/><net_sink comp="579" pin=0"/></net>

<net id="939"><net_src comp="932" pin="1"/><net_sink comp="935" pin=1"/></net>

<net id="943"><net_src comp="935" pin="2"/><net_sink comp="940" pin=0"/></net>

<net id="944"><net_src comp="940" pin="1"/><net_sink comp="276" pin=2"/></net>

<net id="945"><net_src comp="940" pin="1"/><net_sink comp="283" pin=2"/></net>

<net id="946"><net_src comp="940" pin="1"/><net_sink comp="290" pin=2"/></net>

<net id="953"><net_src comp="80" pin="0"/><net_sink comp="947" pin=0"/></net>

<net id="954"><net_src comp="579" pin="2"/><net_sink comp="947" pin=1"/></net>

<net id="955"><net_src comp="82" pin="0"/><net_sink comp="947" pin=2"/></net>

<net id="956"><net_src comp="84" pin="0"/><net_sink comp="947" pin=3"/></net>

<net id="968"><net_src comp="68" pin="0"/><net_sink comp="957" pin=0"/></net>

<net id="969"><net_src comp="74" pin="0"/><net_sink comp="957" pin=1"/></net>

<net id="970"><net_src comp="198" pin="7"/><net_sink comp="957" pin=2"/></net>

<net id="971"><net_src comp="70" pin="0"/><net_sink comp="957" pin=3"/></net>

<net id="972"><net_src comp="204" pin="7"/><net_sink comp="957" pin=4"/></net>

<net id="973"><net_src comp="72" pin="0"/><net_sink comp="957" pin=5"/></net>

<net id="974"><net_src comp="210" pin="7"/><net_sink comp="957" pin=6"/></net>

<net id="975"><net_src comp="76" pin="0"/><net_sink comp="957" pin=7"/></net>

<net id="983"><net_src comp="980" pin="1"/><net_sink comp="300" pin=2"/></net>

<net id="984"><net_src comp="980" pin="1"/><net_sink comp="307" pin=2"/></net>

<net id="985"><net_src comp="980" pin="1"/><net_sink comp="314" pin=2"/></net>

<net id="997"><net_src comp="68" pin="0"/><net_sink comp="986" pin=0"/></net>

<net id="998"><net_src comp="72" pin="0"/><net_sink comp="986" pin=1"/></net>

<net id="999"><net_src comp="198" pin="3"/><net_sink comp="986" pin=2"/></net>

<net id="1000"><net_src comp="74" pin="0"/><net_sink comp="986" pin=3"/></net>

<net id="1001"><net_src comp="204" pin="3"/><net_sink comp="986" pin=4"/></net>

<net id="1002"><net_src comp="70" pin="0"/><net_sink comp="986" pin=5"/></net>

<net id="1003"><net_src comp="210" pin="3"/><net_sink comp="986" pin=6"/></net>

<net id="1004"><net_src comp="76" pin="0"/><net_sink comp="986" pin=7"/></net>

<net id="1012"><net_src comp="1005" pin="1"/><net_sink comp="1008" pin=0"/></net>

<net id="1013"><net_src comp="88" pin="0"/><net_sink comp="1008" pin=1"/></net>

<net id="1018"><net_src comp="90" pin="0"/><net_sink comp="1014" pin=1"/></net>

<net id="1026"><net_src comp="1019" pin="1"/><net_sink comp="1022" pin=0"/></net>

<net id="1027"><net_src comp="88" pin="0"/><net_sink comp="1022" pin=1"/></net>

<net id="1032"><net_src comp="92" pin="0"/><net_sink comp="1028" pin=1"/></net>

<net id="1040"><net_src comp="1033" pin="1"/><net_sink comp="1036" pin=0"/></net>

<net id="1041"><net_src comp="88" pin="0"/><net_sink comp="1036" pin=1"/></net>

<net id="1049"><net_src comp="1042" pin="1"/><net_sink comp="1045" pin=1"/></net>

<net id="1053"><net_src comp="1045" pin="2"/><net_sink comp="1050" pin=0"/></net>

<net id="1054"><net_src comp="1050" pin="1"/><net_sink comp="324" pin=2"/></net>

<net id="1055"><net_src comp="1050" pin="1"/><net_sink comp="331" pin=2"/></net>

<net id="1056"><net_src comp="1050" pin="1"/><net_sink comp="338" pin=2"/></net>

<net id="1061"><net_src comp="1042" pin="1"/><net_sink comp="1057" pin=1"/></net>

<net id="1065"><net_src comp="1057" pin="2"/><net_sink comp="1062" pin=0"/></net>

<net id="1066"><net_src comp="1062" pin="1"/><net_sink comp="355" pin=2"/></net>

<net id="1067"><net_src comp="1062" pin="1"/><net_sink comp="362" pin=2"/></net>

<net id="1072"><net_src comp="1042" pin="1"/><net_sink comp="1068" pin=1"/></net>

<net id="1076"><net_src comp="1073" pin="1"/><net_sink comp="370" pin=2"/></net>

<net id="1077"><net_src comp="1073" pin="1"/><net_sink comp="377" pin=2"/></net>

<net id="1081"><net_src comp="1078" pin="1"/><net_sink comp="494" pin=0"/></net>

<net id="1089"><net_src comp="1082" pin="1"/><net_sink comp="1085" pin=1"/></net>

<net id="1093"><net_src comp="1085" pin="2"/><net_sink comp="1090" pin=0"/></net>

<net id="1094"><net_src comp="1090" pin="1"/><net_sink comp="385" pin=2"/></net>

<net id="1095"><net_src comp="1090" pin="1"/><net_sink comp="392" pin=2"/></net>

<net id="1099"><net_src comp="584" pin="1"/><net_sink comp="1096" pin=0"/></net>

<net id="1100"><net_src comp="1096" pin="1"/><net_sink comp="494" pin=0"/></net>

<net id="1104"><net_src comp="1101" pin="1"/><net_sink comp="498" pin=0"/></net>

<net id="1112"><net_src comp="1105" pin="1"/><net_sink comp="1108" pin=1"/></net>

<net id="1116"><net_src comp="1108" pin="2"/><net_sink comp="1113" pin=0"/></net>

<net id="1117"><net_src comp="1113" pin="1"/><net_sink comp="400" pin=2"/></net>

<net id="1118"><net_src comp="1113" pin="1"/><net_sink comp="407" pin=2"/></net>

<net id="1122"><net_src comp="584" pin="1"/><net_sink comp="1119" pin=0"/></net>

<net id="1123"><net_src comp="1119" pin="1"/><net_sink comp="494" pin=0"/></net>

<net id="1127"><net_src comp="1124" pin="1"/><net_sink comp="498" pin=0"/></net>

<net id="1133"><net_src comp="1128" pin="3"/><net_sink comp="552" pin=1"/></net>

<net id="1134"><net_src comp="1128" pin="3"/><net_sink comp="502" pin=1"/></net>

<net id="1138"><net_src comp="1128" pin="3"/><net_sink comp="1135" pin=0"/></net>

<net id="1145"><net_src comp="104" pin="0"/><net_sink comp="1139" pin=0"/></net>

<net id="1146"><net_src comp="1135" pin="1"/><net_sink comp="1139" pin=1"/></net>

<net id="1147"><net_src comp="106" pin="0"/><net_sink comp="1139" pin=2"/></net>

<net id="1148"><net_src comp="108" pin="0"/><net_sink comp="1139" pin=3"/></net>

<net id="1152"><net_src comp="1135" pin="1"/><net_sink comp="1149" pin=0"/></net>

<net id="1157"><net_src comp="1139" pin="4"/><net_sink comp="1153" pin=0"/></net>

<net id="1158"><net_src comp="110" pin="0"/><net_sink comp="1153" pin=1"/></net>

<net id="1163"><net_src comp="1149" pin="1"/><net_sink comp="1159" pin=0"/></net>

<net id="1164"><net_src comp="112" pin="0"/><net_sink comp="1159" pin=1"/></net>

<net id="1170"><net_src comp="1165" pin="3"/><net_sink comp="556" pin=1"/></net>

<net id="1171"><net_src comp="1165" pin="3"/><net_sink comp="506" pin=1"/></net>

<net id="1175"><net_src comp="1165" pin="3"/><net_sink comp="1172" pin=0"/></net>

<net id="1182"><net_src comp="104" pin="0"/><net_sink comp="1176" pin=0"/></net>

<net id="1183"><net_src comp="1172" pin="1"/><net_sink comp="1176" pin=1"/></net>

<net id="1184"><net_src comp="106" pin="0"/><net_sink comp="1176" pin=2"/></net>

<net id="1185"><net_src comp="108" pin="0"/><net_sink comp="1176" pin=3"/></net>

<net id="1189"><net_src comp="1172" pin="1"/><net_sink comp="1186" pin=0"/></net>

<net id="1194"><net_src comp="1176" pin="4"/><net_sink comp="1190" pin=0"/></net>

<net id="1195"><net_src comp="110" pin="0"/><net_sink comp="1190" pin=1"/></net>

<net id="1200"><net_src comp="1186" pin="1"/><net_sink comp="1196" pin=0"/></net>

<net id="1201"><net_src comp="112" pin="0"/><net_sink comp="1196" pin=1"/></net>

<net id="1206"><net_src comp="92" pin="0"/><net_sink comp="1202" pin=1"/></net>

<net id="1216"><net_src comp="104" pin="0"/><net_sink comp="1210" pin=0"/></net>

<net id="1217"><net_src comp="1207" pin="1"/><net_sink comp="1210" pin=1"/></net>

<net id="1218"><net_src comp="106" pin="0"/><net_sink comp="1210" pin=2"/></net>

<net id="1219"><net_src comp="108" pin="0"/><net_sink comp="1210" pin=3"/></net>

<net id="1223"><net_src comp="1207" pin="1"/><net_sink comp="1220" pin=0"/></net>

<net id="1228"><net_src comp="1210" pin="4"/><net_sink comp="1224" pin=0"/></net>

<net id="1229"><net_src comp="110" pin="0"/><net_sink comp="1224" pin=1"/></net>

<net id="1234"><net_src comp="1220" pin="1"/><net_sink comp="1230" pin=0"/></net>

<net id="1235"><net_src comp="112" pin="0"/><net_sink comp="1230" pin=1"/></net>

<net id="1240"><net_src comp="1230" pin="2"/><net_sink comp="1236" pin=0"/></net>

<net id="1241"><net_src comp="1224" pin="2"/><net_sink comp="1236" pin=1"/></net>

<net id="1250"><net_src comp="1236" pin="2"/><net_sink comp="1246" pin=0"/></net>

<net id="1251"><net_src comp="1242" pin="2"/><net_sink comp="1246" pin=1"/></net>

<net id="1256"><net_src comp="1246" pin="2"/><net_sink comp="1252" pin=0"/></net>

<net id="1257"><net_src comp="552" pin="2"/><net_sink comp="1252" pin=1"/></net>

<net id="1266"><net_src comp="1236" pin="2"/><net_sink comp="1262" pin=0"/></net>

<net id="1267"><net_src comp="1258" pin="2"/><net_sink comp="1262" pin=1"/></net>

<net id="1272"><net_src comp="1262" pin="2"/><net_sink comp="1268" pin=0"/></net>

<net id="1273"><net_src comp="556" pin="2"/><net_sink comp="1268" pin=1"/></net>

<net id="1279"><net_src comp="1274" pin="3"/><net_sink comp="552" pin=1"/></net>

<net id="1280"><net_src comp="1274" pin="3"/><net_sink comp="498" pin=1"/></net>

<net id="1284"><net_src comp="1274" pin="3"/><net_sink comp="1281" pin=0"/></net>

<net id="1291"><net_src comp="104" pin="0"/><net_sink comp="1285" pin=0"/></net>

<net id="1292"><net_src comp="1281" pin="1"/><net_sink comp="1285" pin=1"/></net>

<net id="1293"><net_src comp="106" pin="0"/><net_sink comp="1285" pin=2"/></net>

<net id="1294"><net_src comp="108" pin="0"/><net_sink comp="1285" pin=3"/></net>

<net id="1298"><net_src comp="1281" pin="1"/><net_sink comp="1295" pin=0"/></net>

<net id="1303"><net_src comp="1285" pin="4"/><net_sink comp="1299" pin=0"/></net>

<net id="1304"><net_src comp="110" pin="0"/><net_sink comp="1299" pin=1"/></net>

<net id="1309"><net_src comp="1295" pin="1"/><net_sink comp="1305" pin=0"/></net>

<net id="1310"><net_src comp="112" pin="0"/><net_sink comp="1305" pin=1"/></net>

<net id="1319"><net_src comp="1311" pin="2"/><net_sink comp="1315" pin=1"/></net>

<net id="1324"><net_src comp="1315" pin="2"/><net_sink comp="1320" pin=0"/></net>

<net id="1325"><net_src comp="552" pin="2"/><net_sink comp="1320" pin=1"/></net>

<net id="1330"><net_src comp="90" pin="0"/><net_sink comp="1326" pin=1"/></net>

<net id="1336"><net_src comp="1331" pin="3"/><net_sink comp="556" pin=1"/></net>

<net id="1337"><net_src comp="1331" pin="3"/><net_sink comp="502" pin=1"/></net>

<net id="1341"><net_src comp="1331" pin="3"/><net_sink comp="1338" pin=0"/></net>

<net id="1348"><net_src comp="104" pin="0"/><net_sink comp="1342" pin=0"/></net>

<net id="1349"><net_src comp="1338" pin="1"/><net_sink comp="1342" pin=1"/></net>

<net id="1350"><net_src comp="106" pin="0"/><net_sink comp="1342" pin=2"/></net>

<net id="1351"><net_src comp="108" pin="0"/><net_sink comp="1342" pin=3"/></net>

<net id="1355"><net_src comp="1338" pin="1"/><net_sink comp="1352" pin=0"/></net>

<net id="1360"><net_src comp="1342" pin="4"/><net_sink comp="1356" pin=0"/></net>

<net id="1361"><net_src comp="110" pin="0"/><net_sink comp="1356" pin=1"/></net>

<net id="1366"><net_src comp="1352" pin="1"/><net_sink comp="1362" pin=0"/></net>

<net id="1367"><net_src comp="112" pin="0"/><net_sink comp="1362" pin=1"/></net>

<net id="1376"><net_src comp="1368" pin="2"/><net_sink comp="1372" pin=1"/></net>

<net id="1381"><net_src comp="1372" pin="2"/><net_sink comp="1377" pin=0"/></net>

<net id="1382"><net_src comp="556" pin="2"/><net_sink comp="1377" pin=1"/></net>

<net id="1392"><net_src comp="104" pin="0"/><net_sink comp="1386" pin=0"/></net>

<net id="1393"><net_src comp="1383" pin="1"/><net_sink comp="1386" pin=1"/></net>

<net id="1394"><net_src comp="106" pin="0"/><net_sink comp="1386" pin=2"/></net>

<net id="1395"><net_src comp="108" pin="0"/><net_sink comp="1386" pin=3"/></net>

<net id="1399"><net_src comp="1383" pin="1"/><net_sink comp="1396" pin=0"/></net>

<net id="1404"><net_src comp="1386" pin="4"/><net_sink comp="1400" pin=0"/></net>

<net id="1405"><net_src comp="110" pin="0"/><net_sink comp="1400" pin=1"/></net>

<net id="1410"><net_src comp="1396" pin="1"/><net_sink comp="1406" pin=0"/></net>

<net id="1411"><net_src comp="112" pin="0"/><net_sink comp="1406" pin=1"/></net>

<net id="1416"><net_src comp="1406" pin="2"/><net_sink comp="1412" pin=0"/></net>

<net id="1417"><net_src comp="1400" pin="2"/><net_sink comp="1412" pin=1"/></net>

<net id="1422"><net_src comp="1412" pin="2"/><net_sink comp="1418" pin=0"/></net>

<net id="1423"><net_src comp="560" pin="2"/><net_sink comp="1418" pin=1"/></net>

<net id="1429"><net_src comp="1418" pin="2"/><net_sink comp="1424" pin=0"/></net>

<net id="1430"><net_src comp="114" pin="0"/><net_sink comp="1424" pin=1"/></net>

<net id="1436"><net_src comp="1424" pin="3"/><net_sink comp="1431" pin=1"/></net>

<net id="1437"><net_src comp="114" pin="0"/><net_sink comp="1431" pin=2"/></net>

<net id="1447"><net_src comp="104" pin="0"/><net_sink comp="1441" pin=0"/></net>

<net id="1448"><net_src comp="1438" pin="1"/><net_sink comp="1441" pin=1"/></net>

<net id="1449"><net_src comp="106" pin="0"/><net_sink comp="1441" pin=2"/></net>

<net id="1450"><net_src comp="108" pin="0"/><net_sink comp="1441" pin=3"/></net>

<net id="1454"><net_src comp="1438" pin="1"/><net_sink comp="1451" pin=0"/></net>

<net id="1464"><net_src comp="104" pin="0"/><net_sink comp="1458" pin=0"/></net>

<net id="1465"><net_src comp="1455" pin="1"/><net_sink comp="1458" pin=1"/></net>

<net id="1466"><net_src comp="106" pin="0"/><net_sink comp="1458" pin=2"/></net>

<net id="1467"><net_src comp="108" pin="0"/><net_sink comp="1458" pin=3"/></net>

<net id="1471"><net_src comp="1455" pin="1"/><net_sink comp="1468" pin=0"/></net>

<net id="1476"><net_src comp="1441" pin="4"/><net_sink comp="1472" pin=0"/></net>

<net id="1477"><net_src comp="110" pin="0"/><net_sink comp="1472" pin=1"/></net>

<net id="1482"><net_src comp="1451" pin="1"/><net_sink comp="1478" pin=0"/></net>

<net id="1483"><net_src comp="112" pin="0"/><net_sink comp="1478" pin=1"/></net>

<net id="1488"><net_src comp="1478" pin="2"/><net_sink comp="1484" pin=0"/></net>

<net id="1489"><net_src comp="1472" pin="2"/><net_sink comp="1484" pin=1"/></net>

<net id="1494"><net_src comp="1458" pin="4"/><net_sink comp="1490" pin=0"/></net>

<net id="1495"><net_src comp="110" pin="0"/><net_sink comp="1490" pin=1"/></net>

<net id="1500"><net_src comp="1468" pin="1"/><net_sink comp="1496" pin=0"/></net>

<net id="1501"><net_src comp="112" pin="0"/><net_sink comp="1496" pin=1"/></net>

<net id="1506"><net_src comp="1496" pin="2"/><net_sink comp="1502" pin=0"/></net>

<net id="1507"><net_src comp="1490" pin="2"/><net_sink comp="1502" pin=1"/></net>

<net id="1512"><net_src comp="1484" pin="2"/><net_sink comp="1508" pin=0"/></net>

<net id="1513"><net_src comp="1502" pin="2"/><net_sink comp="1508" pin=1"/></net>

<net id="1518"><net_src comp="1508" pin="2"/><net_sink comp="1514" pin=0"/></net>

<net id="1519"><net_src comp="560" pin="2"/><net_sink comp="1514" pin=1"/></net>

<net id="1525"><net_src comp="1514" pin="2"/><net_sink comp="1520" pin=0"/></net>

<net id="1531"><net_src comp="1520" pin="3"/><net_sink comp="1526" pin=1"/></net>

<net id="1541"><net_src comp="104" pin="0"/><net_sink comp="1535" pin=0"/></net>

<net id="1542"><net_src comp="1532" pin="1"/><net_sink comp="1535" pin=1"/></net>

<net id="1543"><net_src comp="106" pin="0"/><net_sink comp="1535" pin=2"/></net>

<net id="1544"><net_src comp="108" pin="0"/><net_sink comp="1535" pin=3"/></net>

<net id="1548"><net_src comp="1532" pin="1"/><net_sink comp="1545" pin=0"/></net>

<net id="1558"><net_src comp="104" pin="0"/><net_sink comp="1552" pin=0"/></net>

<net id="1559"><net_src comp="1549" pin="1"/><net_sink comp="1552" pin=1"/></net>

<net id="1560"><net_src comp="106" pin="0"/><net_sink comp="1552" pin=2"/></net>

<net id="1561"><net_src comp="108" pin="0"/><net_sink comp="1552" pin=3"/></net>

<net id="1565"><net_src comp="1549" pin="1"/><net_sink comp="1562" pin=0"/></net>

<net id="1570"><net_src comp="1535" pin="4"/><net_sink comp="1566" pin=0"/></net>

<net id="1571"><net_src comp="110" pin="0"/><net_sink comp="1566" pin=1"/></net>

<net id="1576"><net_src comp="1545" pin="1"/><net_sink comp="1572" pin=0"/></net>

<net id="1577"><net_src comp="112" pin="0"/><net_sink comp="1572" pin=1"/></net>

<net id="1582"><net_src comp="1572" pin="2"/><net_sink comp="1578" pin=0"/></net>

<net id="1583"><net_src comp="1566" pin="2"/><net_sink comp="1578" pin=1"/></net>

<net id="1588"><net_src comp="1552" pin="4"/><net_sink comp="1584" pin=0"/></net>

<net id="1589"><net_src comp="110" pin="0"/><net_sink comp="1584" pin=1"/></net>

<net id="1594"><net_src comp="1562" pin="1"/><net_sink comp="1590" pin=0"/></net>

<net id="1595"><net_src comp="112" pin="0"/><net_sink comp="1590" pin=1"/></net>

<net id="1600"><net_src comp="1590" pin="2"/><net_sink comp="1596" pin=0"/></net>

<net id="1601"><net_src comp="1584" pin="2"/><net_sink comp="1596" pin=1"/></net>

<net id="1606"><net_src comp="1578" pin="2"/><net_sink comp="1602" pin=0"/></net>

<net id="1607"><net_src comp="1596" pin="2"/><net_sink comp="1602" pin=1"/></net>

<net id="1612"><net_src comp="1602" pin="2"/><net_sink comp="1608" pin=0"/></net>

<net id="1613"><net_src comp="552" pin="2"/><net_sink comp="1608" pin=1"/></net>

<net id="1619"><net_src comp="1608" pin="2"/><net_sink comp="1614" pin=0"/></net>

<net id="1625"><net_src comp="1614" pin="3"/><net_sink comp="1620" pin=1"/></net>

<net id="1631"><net_src comp="506" pin="2"/><net_sink comp="1626" pin=1"/></net>

<net id="1632"><net_src comp="114" pin="0"/><net_sink comp="1626" pin=2"/></net>

<net id="1642"><net_src comp="104" pin="0"/><net_sink comp="1636" pin=0"/></net>

<net id="1643"><net_src comp="1633" pin="1"/><net_sink comp="1636" pin=1"/></net>

<net id="1644"><net_src comp="106" pin="0"/><net_sink comp="1636" pin=2"/></net>

<net id="1645"><net_src comp="108" pin="0"/><net_sink comp="1636" pin=3"/></net>

<net id="1649"><net_src comp="1633" pin="1"/><net_sink comp="1646" pin=0"/></net>

<net id="1659"><net_src comp="104" pin="0"/><net_sink comp="1653" pin=0"/></net>

<net id="1660"><net_src comp="1650" pin="1"/><net_sink comp="1653" pin=1"/></net>

<net id="1661"><net_src comp="106" pin="0"/><net_sink comp="1653" pin=2"/></net>

<net id="1662"><net_src comp="108" pin="0"/><net_sink comp="1653" pin=3"/></net>

<net id="1666"><net_src comp="1650" pin="1"/><net_sink comp="1663" pin=0"/></net>

<net id="1671"><net_src comp="1636" pin="4"/><net_sink comp="1667" pin=0"/></net>

<net id="1672"><net_src comp="110" pin="0"/><net_sink comp="1667" pin=1"/></net>

<net id="1677"><net_src comp="1646" pin="1"/><net_sink comp="1673" pin=0"/></net>

<net id="1678"><net_src comp="112" pin="0"/><net_sink comp="1673" pin=1"/></net>

<net id="1683"><net_src comp="1673" pin="2"/><net_sink comp="1679" pin=0"/></net>

<net id="1684"><net_src comp="1667" pin="2"/><net_sink comp="1679" pin=1"/></net>

<net id="1689"><net_src comp="1653" pin="4"/><net_sink comp="1685" pin=0"/></net>

<net id="1690"><net_src comp="110" pin="0"/><net_sink comp="1685" pin=1"/></net>

<net id="1695"><net_src comp="1663" pin="1"/><net_sink comp="1691" pin=0"/></net>

<net id="1696"><net_src comp="112" pin="0"/><net_sink comp="1691" pin=1"/></net>

<net id="1701"><net_src comp="1691" pin="2"/><net_sink comp="1697" pin=0"/></net>

<net id="1702"><net_src comp="1685" pin="2"/><net_sink comp="1697" pin=1"/></net>

<net id="1707"><net_src comp="1679" pin="2"/><net_sink comp="1703" pin=0"/></net>

<net id="1708"><net_src comp="1697" pin="2"/><net_sink comp="1703" pin=1"/></net>

<net id="1713"><net_src comp="1703" pin="2"/><net_sink comp="1709" pin=0"/></net>

<net id="1714"><net_src comp="565" pin="2"/><net_sink comp="1709" pin=1"/></net>

<net id="1720"><net_src comp="1709" pin="2"/><net_sink comp="1715" pin=0"/></net>

<net id="1726"><net_src comp="1715" pin="3"/><net_sink comp="1721" pin=1"/></net>

<net id="1736"><net_src comp="104" pin="0"/><net_sink comp="1730" pin=0"/></net>

<net id="1737"><net_src comp="1727" pin="1"/><net_sink comp="1730" pin=1"/></net>

<net id="1738"><net_src comp="106" pin="0"/><net_sink comp="1730" pin=2"/></net>

<net id="1739"><net_src comp="108" pin="0"/><net_sink comp="1730" pin=3"/></net>

<net id="1743"><net_src comp="1727" pin="1"/><net_sink comp="1740" pin=0"/></net>

<net id="1753"><net_src comp="104" pin="0"/><net_sink comp="1747" pin=0"/></net>

<net id="1754"><net_src comp="1744" pin="1"/><net_sink comp="1747" pin=1"/></net>

<net id="1755"><net_src comp="106" pin="0"/><net_sink comp="1747" pin=2"/></net>

<net id="1756"><net_src comp="108" pin="0"/><net_sink comp="1747" pin=3"/></net>

<net id="1760"><net_src comp="1744" pin="1"/><net_sink comp="1757" pin=0"/></net>

<net id="1765"><net_src comp="1730" pin="4"/><net_sink comp="1761" pin=0"/></net>

<net id="1766"><net_src comp="110" pin="0"/><net_sink comp="1761" pin=1"/></net>

<net id="1771"><net_src comp="1740" pin="1"/><net_sink comp="1767" pin=0"/></net>

<net id="1772"><net_src comp="112" pin="0"/><net_sink comp="1767" pin=1"/></net>

<net id="1777"><net_src comp="1767" pin="2"/><net_sink comp="1773" pin=0"/></net>

<net id="1778"><net_src comp="1761" pin="2"/><net_sink comp="1773" pin=1"/></net>

<net id="1783"><net_src comp="1747" pin="4"/><net_sink comp="1779" pin=0"/></net>

<net id="1784"><net_src comp="110" pin="0"/><net_sink comp="1779" pin=1"/></net>

<net id="1789"><net_src comp="1757" pin="1"/><net_sink comp="1785" pin=0"/></net>

<net id="1790"><net_src comp="112" pin="0"/><net_sink comp="1785" pin=1"/></net>

<net id="1795"><net_src comp="1785" pin="2"/><net_sink comp="1791" pin=0"/></net>

<net id="1796"><net_src comp="1779" pin="2"/><net_sink comp="1791" pin=1"/></net>

<net id="1801"><net_src comp="565" pin="2"/><net_sink comp="1797" pin=0"/></net>

<net id="1802"><net_src comp="1773" pin="2"/><net_sink comp="1797" pin=1"/></net>

<net id="1807"><net_src comp="1797" pin="2"/><net_sink comp="1803" pin=0"/></net>

<net id="1808"><net_src comp="1791" pin="2"/><net_sink comp="1803" pin=1"/></net>

<net id="1814"><net_src comp="1803" pin="2"/><net_sink comp="1809" pin=0"/></net>

<net id="1820"><net_src comp="502" pin="2"/><net_sink comp="1815" pin=1"/></net>

<net id="1826"><net_src comp="511" pin="2"/><net_sink comp="1821" pin=1"/></net>

<net id="1832"><net_src comp="511" pin="2"/><net_sink comp="1827" pin=1"/></net>

<net id="1842"><net_src comp="104" pin="0"/><net_sink comp="1836" pin=0"/></net>

<net id="1843"><net_src comp="1833" pin="1"/><net_sink comp="1836" pin=1"/></net>

<net id="1844"><net_src comp="106" pin="0"/><net_sink comp="1836" pin=2"/></net>

<net id="1845"><net_src comp="108" pin="0"/><net_sink comp="1836" pin=3"/></net>

<net id="1849"><net_src comp="1833" pin="1"/><net_sink comp="1846" pin=0"/></net>

<net id="1854"><net_src comp="1836" pin="4"/><net_sink comp="1850" pin=0"/></net>

<net id="1855"><net_src comp="110" pin="0"/><net_sink comp="1850" pin=1"/></net>

<net id="1860"><net_src comp="1846" pin="1"/><net_sink comp="1856" pin=0"/></net>

<net id="1861"><net_src comp="112" pin="0"/><net_sink comp="1856" pin=1"/></net>

<net id="1866"><net_src comp="1856" pin="2"/><net_sink comp="1862" pin=0"/></net>

<net id="1867"><net_src comp="1850" pin="2"/><net_sink comp="1862" pin=1"/></net>

<net id="1872"><net_src comp="1862" pin="2"/><net_sink comp="1868" pin=0"/></net>

<net id="1873"><net_src comp="556" pin="2"/><net_sink comp="1868" pin=1"/></net>

<net id="1883"><net_src comp="116" pin="0"/><net_sink comp="1877" pin=0"/></net>

<net id="1884"><net_src comp="1874" pin="1"/><net_sink comp="1877" pin=1"/></net>

<net id="1885"><net_src comp="118" pin="0"/><net_sink comp="1877" pin=2"/></net>

<net id="1886"><net_src comp="120" pin="0"/><net_sink comp="1877" pin=3"/></net>

<net id="1890"><net_src comp="1874" pin="1"/><net_sink comp="1887" pin=0"/></net>

<net id="1895"><net_src comp="1877" pin="4"/><net_sink comp="1891" pin=0"/></net>

<net id="1896"><net_src comp="122" pin="0"/><net_sink comp="1891" pin=1"/></net>

<net id="1901"><net_src comp="1887" pin="1"/><net_sink comp="1897" pin=0"/></net>

<net id="1902"><net_src comp="124" pin="0"/><net_sink comp="1897" pin=1"/></net>

<net id="1911"><net_src comp="1903" pin="2"/><net_sink comp="1907" pin=0"/></net>

<net id="1912"><net_src comp="574" pin="2"/><net_sink comp="1907" pin=1"/></net>

<net id="1919"><net_src comp="104" pin="0"/><net_sink comp="1913" pin=0"/></net>

<net id="1920"><net_src comp="106" pin="0"/><net_sink comp="1913" pin=2"/></net>

<net id="1921"><net_src comp="108" pin="0"/><net_sink comp="1913" pin=3"/></net>

<net id="1929"><net_src comp="1913" pin="4"/><net_sink comp="1925" pin=0"/></net>

<net id="1930"><net_src comp="110" pin="0"/><net_sink comp="1925" pin=1"/></net>

<net id="1935"><net_src comp="1922" pin="1"/><net_sink comp="1931" pin=0"/></net>

<net id="1936"><net_src comp="112" pin="0"/><net_sink comp="1931" pin=1"/></net>

<net id="1946"><net_src comp="104" pin="0"/><net_sink comp="1940" pin=0"/></net>

<net id="1947"><net_src comp="1937" pin="1"/><net_sink comp="1940" pin=1"/></net>

<net id="1948"><net_src comp="106" pin="0"/><net_sink comp="1940" pin=2"/></net>

<net id="1949"><net_src comp="108" pin="0"/><net_sink comp="1940" pin=3"/></net>

<net id="1953"><net_src comp="1937" pin="1"/><net_sink comp="1950" pin=0"/></net>

<net id="1958"><net_src comp="1940" pin="4"/><net_sink comp="1954" pin=0"/></net>

<net id="1959"><net_src comp="110" pin="0"/><net_sink comp="1954" pin=1"/></net>

<net id="1964"><net_src comp="1950" pin="1"/><net_sink comp="1960" pin=0"/></net>

<net id="1965"><net_src comp="112" pin="0"/><net_sink comp="1960" pin=1"/></net>

<net id="1970"><net_src comp="1960" pin="2"/><net_sink comp="1966" pin=0"/></net>

<net id="1971"><net_src comp="1954" pin="2"/><net_sink comp="1966" pin=1"/></net>

<net id="1976"><net_src comp="1966" pin="2"/><net_sink comp="1972" pin=1"/></net>

<net id="1981"><net_src comp="1972" pin="2"/><net_sink comp="1977" pin=0"/></net>

<net id="1982"><net_src comp="570" pin="2"/><net_sink comp="1977" pin=1"/></net>

<net id="1992"><net_src comp="104" pin="0"/><net_sink comp="1986" pin=0"/></net>

<net id="1993"><net_src comp="1983" pin="1"/><net_sink comp="1986" pin=1"/></net>

<net id="1994"><net_src comp="106" pin="0"/><net_sink comp="1986" pin=2"/></net>

<net id="1995"><net_src comp="108" pin="0"/><net_sink comp="1986" pin=3"/></net>

<net id="1999"><net_src comp="1983" pin="1"/><net_sink comp="1996" pin=0"/></net>

<net id="2004"><net_src comp="1986" pin="4"/><net_sink comp="2000" pin=0"/></net>

<net id="2005"><net_src comp="110" pin="0"/><net_sink comp="2000" pin=1"/></net>

<net id="2010"><net_src comp="1996" pin="1"/><net_sink comp="2006" pin=0"/></net>

<net id="2011"><net_src comp="112" pin="0"/><net_sink comp="2006" pin=1"/></net>

<net id="2016"><net_src comp="2006" pin="2"/><net_sink comp="2012" pin=0"/></net>

<net id="2017"><net_src comp="2000" pin="2"/><net_sink comp="2012" pin=1"/></net>

<net id="2022"><net_src comp="2012" pin="2"/><net_sink comp="2018" pin=1"/></net>

<net id="2027"><net_src comp="2018" pin="2"/><net_sink comp="2023" pin=0"/></net>

<net id="2028"><net_src comp="560" pin="2"/><net_sink comp="2023" pin=1"/></net>

<net id="2038"><net_src comp="104" pin="0"/><net_sink comp="2032" pin=0"/></net>

<net id="2039"><net_src comp="2029" pin="1"/><net_sink comp="2032" pin=1"/></net>

<net id="2040"><net_src comp="106" pin="0"/><net_sink comp="2032" pin=2"/></net>

<net id="2041"><net_src comp="108" pin="0"/><net_sink comp="2032" pin=3"/></net>

<net id="2045"><net_src comp="2029" pin="1"/><net_sink comp="2042" pin=0"/></net>

<net id="2050"><net_src comp="2032" pin="4"/><net_sink comp="2046" pin=0"/></net>

<net id="2051"><net_src comp="110" pin="0"/><net_sink comp="2046" pin=1"/></net>

<net id="2056"><net_src comp="2042" pin="1"/><net_sink comp="2052" pin=0"/></net>

<net id="2057"><net_src comp="112" pin="0"/><net_sink comp="2052" pin=1"/></net>

<net id="2062"><net_src comp="2052" pin="2"/><net_sink comp="2058" pin=0"/></net>

<net id="2063"><net_src comp="2046" pin="2"/><net_sink comp="2058" pin=1"/></net>

<net id="2068"><net_src comp="2058" pin="2"/><net_sink comp="2064" pin=1"/></net>

<net id="2073"><net_src comp="2064" pin="2"/><net_sink comp="2069" pin=0"/></net>

<net id="2074"><net_src comp="565" pin="2"/><net_sink comp="2069" pin=1"/></net>

<net id="2084"><net_src comp="104" pin="0"/><net_sink comp="2078" pin=0"/></net>

<net id="2085"><net_src comp="2075" pin="1"/><net_sink comp="2078" pin=1"/></net>

<net id="2086"><net_src comp="106" pin="0"/><net_sink comp="2078" pin=2"/></net>

<net id="2087"><net_src comp="108" pin="0"/><net_sink comp="2078" pin=3"/></net>

<net id="2091"><net_src comp="2075" pin="1"/><net_sink comp="2088" pin=0"/></net>

<net id="2096"><net_src comp="2078" pin="4"/><net_sink comp="2092" pin=0"/></net>

<net id="2097"><net_src comp="110" pin="0"/><net_sink comp="2092" pin=1"/></net>

<net id="2102"><net_src comp="2088" pin="1"/><net_sink comp="2098" pin=0"/></net>

<net id="2103"><net_src comp="112" pin="0"/><net_sink comp="2098" pin=1"/></net>

<net id="2108"><net_src comp="2098" pin="2"/><net_sink comp="2104" pin=0"/></net>

<net id="2109"><net_src comp="2092" pin="2"/><net_sink comp="2104" pin=1"/></net>

<net id="2114"><net_src comp="2104" pin="2"/><net_sink comp="2110" pin=1"/></net>

<net id="2119"><net_src comp="2110" pin="2"/><net_sink comp="2115" pin=0"/></net>

<net id="2120"><net_src comp="570" pin="2"/><net_sink comp="2115" pin=1"/></net>

<net id="2129"><net_src comp="2121" pin="2"/><net_sink comp="2125" pin=1"/></net>

<net id="2134"><net_src comp="2125" pin="2"/><net_sink comp="2130" pin=0"/></net>

<net id="2135"><net_src comp="570" pin="2"/><net_sink comp="2130" pin=1"/></net>

<net id="2139"><net_src comp="2136" pin="1"/><net_sink comp="170" pin=2"/></net>

<net id="2143"><net_src comp="484" pin="2"/><net_sink comp="2140" pin=0"/></net>

<net id="2150"><net_src comp="134" pin="0"/><net_sink comp="2144" pin=0"/></net>

<net id="2151"><net_src comp="2136" pin="1"/><net_sink comp="2144" pin=1"/></net>

<net id="2152"><net_src comp="136" pin="0"/><net_sink comp="2144" pin=2"/></net>

<net id="2153"><net_src comp="138" pin="0"/><net_sink comp="2144" pin=3"/></net>

<net id="2158"><net_src comp="2144" pin="4"/><net_sink comp="2154" pin=0"/></net>

<net id="2159"><net_src comp="2140" pin="1"/><net_sink comp="2154" pin=1"/></net>

<net id="2166"><net_src comp="134" pin="0"/><net_sink comp="2160" pin=0"/></net>

<net id="2167"><net_src comp="2136" pin="1"/><net_sink comp="2160" pin=1"/></net>

<net id="2168"><net_src comp="140" pin="0"/><net_sink comp="2160" pin=2"/></net>

<net id="2169"><net_src comp="142" pin="0"/><net_sink comp="2160" pin=3"/></net>

<net id="2173"><net_src comp="2136" pin="1"/><net_sink comp="2170" pin=0"/></net>

<net id="2180"><net_src comp="144" pin="0"/><net_sink comp="2174" pin=0"/></net>

<net id="2181"><net_src comp="2160" pin="4"/><net_sink comp="2174" pin=1"/></net>

<net id="2182"><net_src comp="2154" pin="2"/><net_sink comp="2174" pin=2"/></net>

<net id="2183"><net_src comp="2170" pin="1"/><net_sink comp="2174" pin=3"/></net>

<net id="2187"><net_src comp="601" pin="1"/><net_sink comp="2184" pin=0"/></net>

<net id="2194"><net_src comp="134" pin="0"/><net_sink comp="2188" pin=0"/></net>

<net id="2195"><net_src comp="449" pin="6"/><net_sink comp="2188" pin=1"/></net>

<net id="2196"><net_src comp="136" pin="0"/><net_sink comp="2188" pin=2"/></net>

<net id="2197"><net_src comp="138" pin="0"/><net_sink comp="2188" pin=3"/></net>

<net id="2202"><net_src comp="2188" pin="4"/><net_sink comp="2198" pin=0"/></net>

<net id="2203"><net_src comp="2184" pin="1"/><net_sink comp="2198" pin=1"/></net>

<net id="2210"><net_src comp="134" pin="0"/><net_sink comp="2204" pin=0"/></net>

<net id="2211"><net_src comp="449" pin="6"/><net_sink comp="2204" pin=1"/></net>

<net id="2212"><net_src comp="140" pin="0"/><net_sink comp="2204" pin=2"/></net>

<net id="2213"><net_src comp="142" pin="0"/><net_sink comp="2204" pin=3"/></net>

<net id="2217"><net_src comp="449" pin="6"/><net_sink comp="2214" pin=0"/></net>

<net id="2224"><net_src comp="144" pin="0"/><net_sink comp="2218" pin=0"/></net>

<net id="2225"><net_src comp="2204" pin="4"/><net_sink comp="2218" pin=1"/></net>

<net id="2226"><net_src comp="2198" pin="2"/><net_sink comp="2218" pin=2"/></net>

<net id="2227"><net_src comp="2214" pin="1"/><net_sink comp="2218" pin=3"/></net>

<net id="2228"><net_src comp="2218" pin="4"/><net_sink comp="460" pin=2"/></net>

<net id="2232"><net_src comp="484" pin="2"/><net_sink comp="2229" pin=0"/></net>

<net id="2239"><net_src comp="134" pin="0"/><net_sink comp="2233" pin=0"/></net>

<net id="2240"><net_src comp="460" pin="6"/><net_sink comp="2233" pin=1"/></net>

<net id="2241"><net_src comp="136" pin="0"/><net_sink comp="2233" pin=2"/></net>

<net id="2242"><net_src comp="138" pin="0"/><net_sink comp="2233" pin=3"/></net>

<net id="2247"><net_src comp="2233" pin="4"/><net_sink comp="2243" pin=0"/></net>

<net id="2248"><net_src comp="2229" pin="1"/><net_sink comp="2243" pin=1"/></net>

<net id="2255"><net_src comp="134" pin="0"/><net_sink comp="2249" pin=0"/></net>

<net id="2256"><net_src comp="457" pin="1"/><net_sink comp="2249" pin=1"/></net>

<net id="2257"><net_src comp="140" pin="0"/><net_sink comp="2249" pin=2"/></net>

<net id="2258"><net_src comp="142" pin="0"/><net_sink comp="2249" pin=3"/></net>

<net id="2262"><net_src comp="457" pin="1"/><net_sink comp="2259" pin=0"/></net>

<net id="2269"><net_src comp="144" pin="0"/><net_sink comp="2263" pin=0"/></net>

<net id="2270"><net_src comp="2249" pin="4"/><net_sink comp="2263" pin=1"/></net>

<net id="2271"><net_src comp="2259" pin="1"/><net_sink comp="2263" pin=3"/></net>

<net id="2272"><net_src comp="2263" pin="4"/><net_sink comp="474" pin=2"/></net>

<net id="2277"><net_src comp="474" pin="6"/><net_sink comp="2273" pin=0"/></net>

<net id="2282"><net_src comp="474" pin="6"/><net_sink comp="2278" pin=0"/></net>

<net id="2286"><net_src comp="601" pin="1"/><net_sink comp="2283" pin=0"/></net>

<net id="2293"><net_src comp="134" pin="0"/><net_sink comp="2287" pin=0"/></net>

<net id="2294"><net_src comp="474" pin="6"/><net_sink comp="2287" pin=1"/></net>

<net id="2295"><net_src comp="136" pin="0"/><net_sink comp="2287" pin=2"/></net>

<net id="2296"><net_src comp="138" pin="0"/><net_sink comp="2287" pin=3"/></net>

<net id="2301"><net_src comp="2287" pin="4"/><net_sink comp="2297" pin=0"/></net>

<net id="2302"><net_src comp="2283" pin="1"/><net_sink comp="2297" pin=1"/></net>

<net id="2309"><net_src comp="134" pin="0"/><net_sink comp="2303" pin=0"/></net>

<net id="2310"><net_src comp="474" pin="6"/><net_sink comp="2303" pin=1"/></net>

<net id="2311"><net_src comp="140" pin="0"/><net_sink comp="2303" pin=2"/></net>

<net id="2312"><net_src comp="142" pin="0"/><net_sink comp="2303" pin=3"/></net>

<net id="2316"><net_src comp="474" pin="6"/><net_sink comp="2313" pin=0"/></net>

<net id="2323"><net_src comp="144" pin="0"/><net_sink comp="2317" pin=0"/></net>

<net id="2324"><net_src comp="2303" pin="4"/><net_sink comp="2317" pin=1"/></net>

<net id="2325"><net_src comp="2297" pin="2"/><net_sink comp="2317" pin=2"/></net>

<net id="2326"><net_src comp="2313" pin="1"/><net_sink comp="2317" pin=3"/></net>

<net id="2331"><net_src comp="2317" pin="4"/><net_sink comp="2327" pin=0"/></net>

<net id="2335"><net_src comp="148" pin="1"/><net_sink comp="2332" pin=0"/></net>

<net id="2336"><net_src comp="2332" pin="1"/><net_sink comp="620" pin=1"/></net>

<net id="2337"><net_src comp="2332" pin="1"/><net_sink comp="640" pin=0"/></net>

<net id="2338"><net_src comp="2332" pin="1"/><net_sink comp="674" pin=1"/></net>

<net id="2342"><net_src comp="152" pin="1"/><net_sink comp="2339" pin=0"/></net>

<net id="2343"><net_src comp="2339" pin="1"/><net_sink comp="615" pin=1"/></net>

<net id="2344"><net_src comp="2339" pin="1"/><net_sink comp="679" pin=0"/></net>

<net id="2345"><net_src comp="2339" pin="1"/><net_sink comp="714" pin=1"/></net>

<net id="2349"><net_src comp="156" pin="1"/><net_sink comp="2346" pin=0"/></net>

<net id="2350"><net_src comp="2346" pin="1"/><net_sink comp="610" pin=1"/></net>

<net id="2351"><net_src comp="2346" pin="1"/><net_sink comp="625" pin=0"/></net>

<net id="2352"><net_src comp="2346" pin="1"/><net_sink comp="669" pin=1"/></net>

<net id="2356"><net_src comp="160" pin="1"/><net_sink comp="2353" pin=0"/></net>

<net id="2357"><net_src comp="2353" pin="1"/><net_sink comp="605" pin=1"/></net>

<net id="2358"><net_src comp="2353" pin="1"/><net_sink comp="2136" pin=0"/></net>

<net id="2359"><net_src comp="2353" pin="1"/><net_sink comp="2273" pin=1"/></net>

<net id="2360"><net_src comp="2353" pin="1"/><net_sink comp="2278" pin=1"/></net>

<net id="2361"><net_src comp="2353" pin="1"/><net_sink comp="2327" pin=1"/></net>

<net id="2365"><net_src comp="628" pin="2"/><net_sink comp="2362" pin=0"/></net>

<net id="2369"><net_src comp="643" pin="2"/><net_sink comp="2366" pin=0"/></net>

<net id="2370"><net_src comp="2366" pin="1"/><net_sink comp="688" pin=0"/></net>

<net id="2374"><net_src comp="649" pin="3"/><net_sink comp="2371" pin=0"/></net>

<net id="2375"><net_src comp="2371" pin="1"/><net_sink comp="695" pin=0"/></net>

<net id="2376"><net_src comp="2371" pin="1"/><net_sink comp="657" pin=0"/></net>

<net id="2377"><net_src comp="2371" pin="1"/><net_sink comp="828" pin=0"/></net>

<net id="2378"><net_src comp="2371" pin="1"/><net_sink comp="861" pin=0"/></net>

<net id="2379"><net_src comp="2371" pin="1"/><net_sink comp="1042" pin=0"/></net>

<net id="2383"><net_src comp="688" pin="3"/><net_sink comp="2380" pin=0"/></net>

<net id="2384"><net_src comp="2380" pin="1"/><net_sink comp="719" pin=0"/></net>

<net id="2385"><net_src comp="2380" pin="1"/><net_sink comp="722" pin=1"/></net>

<net id="2386"><net_src comp="2380" pin="1"/><net_sink comp="751" pin=0"/></net>

<net id="2387"><net_src comp="2380" pin="1"/><net_sink comp="764" pin=0"/></net>

<net id="2388"><net_src comp="2380" pin="1"/><net_sink comp="1005" pin=0"/></net>

<net id="2392"><net_src comp="704" pin="4"/><net_sink comp="2389" pin=0"/></net>

<net id="2393"><net_src comp="2389" pin="1"/><net_sink comp="735" pin=0"/></net>

<net id="2397"><net_src comp="729" pin="2"/><net_sink comp="2394" pin=0"/></net>

<net id="2398"><net_src comp="2394" pin="1"/><net_sink comp="935" pin=0"/></net>

<net id="2399"><net_src comp="2394" pin="1"/><net_sink comp="976" pin=0"/></net>

<net id="2403"><net_src comp="735" pin="1"/><net_sink comp="2400" pin=0"/></net>

<net id="2404"><net_src comp="2400" pin="1"/><net_sink comp="831" pin=1"/></net>

<net id="2405"><net_src comp="2400" pin="1"/><net_sink comp="843" pin=1"/></net>

<net id="2409"><net_src comp="177" pin="3"/><net_sink comp="2406" pin=0"/></net>

<net id="2410"><net_src comp="2406" pin="1"/><net_sink comp="198" pin=0"/></net>

<net id="2414"><net_src comp="184" pin="3"/><net_sink comp="2411" pin=0"/></net>

<net id="2415"><net_src comp="2411" pin="1"/><net_sink comp="204" pin=0"/></net>

<net id="2419"><net_src comp="191" pin="3"/><net_sink comp="2416" pin=0"/></net>

<net id="2420"><net_src comp="2416" pin="1"/><net_sink comp="210" pin=0"/></net>

<net id="2424"><net_src comp="198" pin="3"/><net_sink comp="2421" pin=0"/></net>

<net id="2425"><net_src comp="2421" pin="1"/><net_sink comp="805" pin=2"/></net>

<net id="2429"><net_src comp="204" pin="3"/><net_sink comp="2426" pin=0"/></net>

<net id="2430"><net_src comp="2426" pin="1"/><net_sink comp="805" pin=4"/></net>

<net id="2434"><net_src comp="210" pin="3"/><net_sink comp="2431" pin=0"/></net>

<net id="2435"><net_src comp="2431" pin="1"/><net_sink comp="805" pin=6"/></net>

<net id="2439"><net_src comp="754" pin="2"/><net_sink comp="2436" pin=0"/></net>

<net id="2440"><net_src comp="2436" pin="1"/><net_sink comp="769" pin=0"/></net>

<net id="2441"><net_src comp="2436" pin="1"/><net_sink comp="1014" pin=0"/></net>

<net id="2442"><net_src comp="2436" pin="1"/><net_sink comp="1019" pin=0"/></net>

<net id="2446"><net_src comp="760" pin="1"/><net_sink comp="2443" pin=0"/></net>

<net id="2447"><net_src comp="2443" pin="1"/><net_sink comp="772" pin=1"/></net>

<net id="2451"><net_src comp="764" pin="2"/><net_sink comp="2448" pin=0"/></net>

<net id="2452"><net_src comp="2448" pin="1"/><net_sink comp="785" pin=0"/></net>

<net id="2453"><net_src comp="2448" pin="1"/><net_sink comp="788" pin=1"/></net>

<net id="2454"><net_src comp="2448" pin="1"/><net_sink comp="1028" pin=0"/></net>

<net id="2455"><net_src comp="2448" pin="1"/><net_sink comp="1033" pin=0"/></net>

<net id="2459"><net_src comp="801" pin="1"/><net_sink comp="2456" pin=0"/></net>

<net id="2460"><net_src comp="2456" pin="1"/><net_sink comp="886" pin=8"/></net>

<net id="2461"><net_src comp="2456" pin="1"/><net_sink comp="905" pin=8"/></net>

<net id="2462"><net_src comp="2456" pin="1"/><net_sink comp="957" pin=8"/></net>

<net id="2463"><net_src comp="2456" pin="1"/><net_sink comp="986" pin=8"/></net>

<net id="2467"><net_src comp="805" pin="9"/><net_sink comp="2464" pin=0"/></net>

<net id="2468"><net_src comp="2464" pin="1"/><net_sink comp="543" pin=0"/></net>

<net id="2472"><net_src comp="822" pin="2"/><net_sink comp="2469" pin=0"/></net>

<net id="2476"><net_src comp="216" pin="3"/><net_sink comp="2473" pin=0"/></net>

<net id="2477"><net_src comp="2473" pin="1"/><net_sink comp="198" pin=2"/></net>

<net id="2481"><net_src comp="223" pin="3"/><net_sink comp="2478" pin=0"/></net>

<net id="2482"><net_src comp="2478" pin="1"/><net_sink comp="198" pin=0"/></net>

<net id="2486"><net_src comp="230" pin="3"/><net_sink comp="2483" pin=0"/></net>

<net id="2487"><net_src comp="2483" pin="1"/><net_sink comp="204" pin=2"/></net>

<net id="2491"><net_src comp="237" pin="3"/><net_sink comp="2488" pin=0"/></net>

<net id="2492"><net_src comp="2488" pin="1"/><net_sink comp="204" pin=0"/></net>

<net id="2496"><net_src comp="244" pin="3"/><net_sink comp="2493" pin=0"/></net>

<net id="2497"><net_src comp="2493" pin="1"/><net_sink comp="210" pin=2"/></net>

<net id="2501"><net_src comp="251" pin="3"/><net_sink comp="2498" pin=0"/></net>

<net id="2502"><net_src comp="2498" pin="1"/><net_sink comp="210" pin=0"/></net>

<net id="2506"><net_src comp="855" pin="2"/><net_sink comp="2503" pin=0"/></net>

<net id="2507"><net_src comp="2503" pin="1"/><net_sink comp="924" pin=0"/></net>

<net id="2508"><net_src comp="2503" pin="1"/><net_sink comp="1105" pin=0"/></net>

<net id="2509"><net_src comp="2503" pin="1"/><net_sink comp="1326" pin=0"/></net>

<net id="2513"><net_src comp="861" pin="2"/><net_sink comp="2510" pin=0"/></net>

<net id="2514"><net_src comp="2510" pin="1"/><net_sink comp="1082" pin=0"/></net>

<net id="2515"><net_src comp="2510" pin="1"/><net_sink comp="1202" pin=0"/></net>

<net id="2519"><net_src comp="876" pin="4"/><net_sink comp="2516" pin=0"/></net>

<net id="2520"><net_src comp="2516" pin="1"/><net_sink comp="932" pin=0"/></net>

<net id="2524"><net_src comp="886" pin="9"/><net_sink comp="2521" pin=0"/></net>

<net id="2525"><net_src comp="2521" pin="1"/><net_sink comp="543" pin=0"/></net>

<net id="2529"><net_src comp="905" pin="9"/><net_sink comp="2526" pin=0"/></net>

<net id="2530"><net_src comp="2526" pin="1"/><net_sink comp="546" pin=0"/></net>

<net id="2534"><net_src comp="927" pin="1"/><net_sink comp="2531" pin=0"/></net>

<net id="2535"><net_src comp="2531" pin="1"/><net_sink comp="579" pin=0"/></net>

<net id="2539"><net_src comp="276" pin="3"/><net_sink comp="2536" pin=0"/></net>

<net id="2540"><net_src comp="2536" pin="1"/><net_sink comp="198" pin=2"/></net>

<net id="2544"><net_src comp="283" pin="3"/><net_sink comp="2541" pin=0"/></net>

<net id="2545"><net_src comp="2541" pin="1"/><net_sink comp="204" pin=2"/></net>

<net id="2549"><net_src comp="290" pin="3"/><net_sink comp="2546" pin=0"/></net>

<net id="2550"><net_src comp="2546" pin="1"/><net_sink comp="210" pin=2"/></net>

<net id="2554"><net_src comp="947" pin="4"/><net_sink comp="2551" pin=0"/></net>

<net id="2555"><net_src comp="2551" pin="1"/><net_sink comp="976" pin=1"/></net>

<net id="2559"><net_src comp="957" pin="9"/><net_sink comp="2556" pin=0"/></net>

<net id="2560"><net_src comp="2556" pin="1"/><net_sink comp="543" pin=0"/></net>

<net id="2564"><net_src comp="976" pin="2"/><net_sink comp="2561" pin=0"/></net>

<net id="2565"><net_src comp="2561" pin="1"/><net_sink comp="980" pin=0"/></net>

<net id="2569"><net_src comp="543" pin="1"/><net_sink comp="2566" pin=0"/></net>

<net id="2570"><net_src comp="2566" pin="1"/><net_sink comp="533" pin=0"/></net>

<net id="2574"><net_src comp="300" pin="3"/><net_sink comp="2571" pin=0"/></net>

<net id="2575"><net_src comp="2571" pin="1"/><net_sink comp="198" pin=0"/></net>

<net id="2579"><net_src comp="307" pin="3"/><net_sink comp="2576" pin=0"/></net>

<net id="2580"><net_src comp="2576" pin="1"/><net_sink comp="204" pin=0"/></net>

<net id="2584"><net_src comp="314" pin="3"/><net_sink comp="2581" pin=0"/></net>

<net id="2585"><net_src comp="2581" pin="1"/><net_sink comp="210" pin=0"/></net>

<net id="2589"><net_src comp="543" pin="1"/><net_sink comp="2586" pin=0"/></net>

<net id="2590"><net_src comp="2586" pin="1"/><net_sink comp="533" pin=0"/></net>

<net id="2594"><net_src comp="546" pin="1"/><net_sink comp="2591" pin=0"/></net>

<net id="2595"><net_src comp="2591" pin="1"/><net_sink comp="538" pin=0"/></net>

<net id="2599"><net_src comp="986" pin="9"/><net_sink comp="2596" pin=0"/></net>

<net id="2600"><net_src comp="2596" pin="1"/><net_sink comp="546" pin=0"/></net>

<net id="2604"><net_src comp="543" pin="1"/><net_sink comp="2601" pin=0"/></net>

<net id="2605"><net_src comp="2601" pin="1"/><net_sink comp="533" pin=0"/></net>

<net id="2609"><net_src comp="546" pin="1"/><net_sink comp="2606" pin=0"/></net>

<net id="2610"><net_src comp="2606" pin="1"/><net_sink comp="538" pin=0"/></net>

<net id="2614"><net_src comp="1008" pin="2"/><net_sink comp="2611" pin=0"/></net>

<net id="2615"><net_src comp="2611" pin="1"/><net_sink comp="1045" pin=0"/></net>

<net id="2616"><net_src comp="2611" pin="1"/><net_sink comp="1085" pin=0"/></net>

<net id="2617"><net_src comp="2611" pin="1"/><net_sink comp="1108" pin=0"/></net>

<net id="2621"><net_src comp="1014" pin="2"/><net_sink comp="2618" pin=0"/></net>

<net id="2622"><net_src comp="2618" pin="1"/><net_sink comp="1128" pin=0"/></net>

<net id="2626"><net_src comp="1022" pin="2"/><net_sink comp="2623" pin=0"/></net>

<net id="2627"><net_src comp="2623" pin="1"/><net_sink comp="1057" pin=0"/></net>

<net id="2631"><net_src comp="1028" pin="2"/><net_sink comp="2628" pin=0"/></net>

<net id="2632"><net_src comp="2628" pin="1"/><net_sink comp="1165" pin=0"/></net>

<net id="2636"><net_src comp="1036" pin="2"/><net_sink comp="2633" pin=0"/></net>

<net id="2637"><net_src comp="2633" pin="1"/><net_sink comp="1068" pin=0"/></net>

<net id="2641"><net_src comp="324" pin="3"/><net_sink comp="2638" pin=0"/></net>

<net id="2642"><net_src comp="2638" pin="1"/><net_sink comp="345" pin=2"/></net>

<net id="2646"><net_src comp="331" pin="3"/><net_sink comp="2643" pin=0"/></net>

<net id="2647"><net_src comp="2643" pin="1"/><net_sink comp="415" pin=0"/></net>

<net id="2651"><net_src comp="338" pin="3"/><net_sink comp="2648" pin=0"/></net>

<net id="2652"><net_src comp="2648" pin="1"/><net_sink comp="421" pin=0"/></net>

<net id="2656"><net_src comp="355" pin="3"/><net_sink comp="2653" pin=0"/></net>

<net id="2657"><net_src comp="2653" pin="1"/><net_sink comp="345" pin=0"/></net>

<net id="2661"><net_src comp="1068" pin="2"/><net_sink comp="2658" pin=0"/></net>

<net id="2662"><net_src comp="2658" pin="1"/><net_sink comp="1073" pin=0"/></net>

<net id="2666"><net_src comp="362" pin="3"/><net_sink comp="2663" pin=0"/></net>

<net id="2667"><net_src comp="2663" pin="1"/><net_sink comp="426" pin=0"/></net>

<net id="2671"><net_src comp="345" pin="7"/><net_sink comp="2668" pin=0"/></net>

<net id="2672"><net_src comp="2668" pin="1"/><net_sink comp="1078" pin=0"/></net>

<net id="2673"><net_src comp="2668" pin="1"/><net_sink comp="1913" pin=1"/></net>

<net id="2674"><net_src comp="2668" pin="1"/><net_sink comp="1922" pin=0"/></net>

<net id="2678"><net_src comp="533" pin="2"/><net_sink comp="2675" pin=0"/></net>

<net id="2679"><net_src comp="2675" pin="1"/><net_sink comp="494" pin=1"/></net>

<net id="2680"><net_src comp="2675" pin="1"/><net_sink comp="565" pin=0"/></net>

<net id="2681"><net_src comp="2675" pin="1"/><net_sink comp="1727" pin=0"/></net>

<net id="2682"><net_src comp="2675" pin="1"/><net_sink comp="1809" pin=1"/></net>

<net id="2686"><net_src comp="370" pin="3"/><net_sink comp="2683" pin=0"/></net>

<net id="2687"><net_src comp="2683" pin="1"/><net_sink comp="345" pin=2"/></net>

<net id="2691"><net_src comp="377" pin="3"/><net_sink comp="2688" pin=0"/></net>

<net id="2692"><net_src comp="2688" pin="1"/><net_sink comp="431" pin=0"/></net>

<net id="2696"><net_src comp="1078" pin="1"/><net_sink comp="2693" pin=0"/></net>

<net id="2697"><net_src comp="2693" pin="1"/><net_sink comp="494" pin=0"/></net>

<net id="2698"><net_src comp="2693" pin="1"/><net_sink comp="1128" pin=1"/></net>

<net id="2699"><net_src comp="2693" pin="1"/><net_sink comp="1165" pin=1"/></net>

<net id="2700"><net_src comp="2693" pin="1"/><net_sink comp="1274" pin=1"/></net>

<net id="2701"><net_src comp="2693" pin="1"/><net_sink comp="1331" pin=1"/></net>

<net id="2702"><net_src comp="2693" pin="1"/><net_sink comp="515" pin=1"/></net>

<net id="2703"><net_src comp="2693" pin="1"/><net_sink comp="570" pin=1"/></net>

<net id="2707"><net_src comp="533" pin="2"/><net_sink comp="2704" pin=0"/></net>

<net id="2708"><net_src comp="2704" pin="1"/><net_sink comp="494" pin=1"/></net>

<net id="2712"><net_src comp="345" pin="7"/><net_sink comp="2709" pin=0"/></net>

<net id="2713"><net_src comp="2709" pin="1"/><net_sink comp="1101" pin=0"/></net>

<net id="2717"><net_src comp="538" pin="2"/><net_sink comp="2714" pin=0"/></net>

<net id="2718"><net_src comp="2714" pin="1"/><net_sink comp="498" pin=1"/></net>

<net id="2722"><net_src comp="385" pin="3"/><net_sink comp="2719" pin=0"/></net>

<net id="2723"><net_src comp="2719" pin="1"/><net_sink comp="345" pin=0"/></net>

<net id="2727"><net_src comp="392" pin="3"/><net_sink comp="2724" pin=0"/></net>

<net id="2728"><net_src comp="2724" pin="1"/><net_sink comp="441" pin=0"/></net>

<net id="2732"><net_src comp="1096" pin="1"/><net_sink comp="2729" pin=0"/></net>

<net id="2733"><net_src comp="2729" pin="1"/><net_sink comp="494" pin=0"/></net>

<net id="2737"><net_src comp="1101" pin="1"/><net_sink comp="2734" pin=0"/></net>

<net id="2738"><net_src comp="2734" pin="1"/><net_sink comp="498" pin=0"/></net>

<net id="2742"><net_src comp="533" pin="2"/><net_sink comp="2739" pin=0"/></net>

<net id="2743"><net_src comp="2739" pin="1"/><net_sink comp="494" pin=1"/></net>

<net id="2747"><net_src comp="400" pin="3"/><net_sink comp="2744" pin=0"/></net>

<net id="2748"><net_src comp="2744" pin="1"/><net_sink comp="345" pin=0"/></net>

<net id="2752"><net_src comp="407" pin="3"/><net_sink comp="2749" pin=0"/></net>

<net id="2753"><net_src comp="2749" pin="1"/><net_sink comp="436" pin=0"/></net>

<net id="2757"><net_src comp="1119" pin="1"/><net_sink comp="2754" pin=0"/></net>

<net id="2758"><net_src comp="2754" pin="1"/><net_sink comp="494" pin=0"/></net>

<net id="2762"><net_src comp="345" pin="3"/><net_sink comp="2759" pin=0"/></net>

<net id="2763"><net_src comp="2759" pin="1"/><net_sink comp="1124" pin=0"/></net>

<net id="2767"><net_src comp="538" pin="2"/><net_sink comp="2764" pin=0"/></net>

<net id="2768"><net_src comp="2764" pin="1"/><net_sink comp="498" pin=1"/></net>

<net id="2772"><net_src comp="1124" pin="1"/><net_sink comp="2769" pin=0"/></net>

<net id="2773"><net_src comp="2769" pin="1"/><net_sink comp="498" pin=0"/></net>

<net id="2777"><net_src comp="494" pin="2"/><net_sink comp="2774" pin=0"/></net>

<net id="2778"><net_src comp="2774" pin="1"/><net_sink comp="552" pin=0"/></net>

<net id="2779"><net_src comp="2774" pin="1"/><net_sink comp="502" pin=0"/></net>

<net id="2780"><net_src comp="2774" pin="1"/><net_sink comp="556" pin=0"/></net>

<net id="2781"><net_src comp="2774" pin="1"/><net_sink comp="506" pin=0"/></net>

<net id="2782"><net_src comp="2774" pin="1"/><net_sink comp="1207" pin=0"/></net>

<net id="2783"><net_src comp="2774" pin="1"/><net_sink comp="498" pin=0"/></net>

<net id="2784"><net_src comp="2774" pin="1"/><net_sink comp="515" pin=0"/></net>

<net id="2785"><net_src comp="2774" pin="1"/><net_sink comp="570" pin=0"/></net>

<net id="2786"><net_src comp="2774" pin="1"/><net_sink comp="560" pin=0"/></net>

<net id="2787"><net_src comp="2774" pin="1"/><net_sink comp="565" pin=0"/></net>

<net id="2788"><net_src comp="2774" pin="1"/><net_sink comp="511" pin=0"/></net>

<net id="2792"><net_src comp="494" pin="2"/><net_sink comp="2789" pin=0"/></net>

<net id="2793"><net_src comp="2789" pin="1"/><net_sink comp="1128" pin=2"/></net>

<net id="2794"><net_src comp="2789" pin="1"/><net_sink comp="570" pin=1"/></net>

<net id="2795"><net_src comp="2789" pin="1"/><net_sink comp="1937" pin=0"/></net>

<net id="2796"><net_src comp="2789" pin="1"/><net_sink comp="506" pin=1"/></net>

<net id="2800"><net_src comp="498" pin="2"/><net_sink comp="2797" pin=0"/></net>

<net id="2801"><net_src comp="2797" pin="1"/><net_sink comp="1165" pin=2"/></net>

<net id="2802"><net_src comp="2797" pin="1"/><net_sink comp="560" pin=1"/></net>

<net id="2803"><net_src comp="2797" pin="1"/><net_sink comp="1983" pin=0"/></net>

<net id="2804"><net_src comp="2797" pin="1"/><net_sink comp="515" pin=1"/></net>

<net id="2808"><net_src comp="1128" pin="3"/><net_sink comp="2805" pin=0"/></net>

<net id="2809"><net_src comp="2805" pin="1"/><net_sink comp="552" pin=1"/></net>

<net id="2810"><net_src comp="2805" pin="1"/><net_sink comp="502" pin=1"/></net>

<net id="2814"><net_src comp="1153" pin="2"/><net_sink comp="2811" pin=0"/></net>

<net id="2815"><net_src comp="2811" pin="1"/><net_sink comp="1242" pin=1"/></net>

<net id="2819"><net_src comp="1159" pin="2"/><net_sink comp="2816" pin=0"/></net>

<net id="2820"><net_src comp="2816" pin="1"/><net_sink comp="1242" pin=0"/></net>

<net id="2824"><net_src comp="1165" pin="3"/><net_sink comp="2821" pin=0"/></net>

<net id="2825"><net_src comp="2821" pin="1"/><net_sink comp="556" pin=1"/></net>

<net id="2826"><net_src comp="2821" pin="1"/><net_sink comp="506" pin=1"/></net>

<net id="2830"><net_src comp="1190" pin="2"/><net_sink comp="2827" pin=0"/></net>

<net id="2831"><net_src comp="2827" pin="1"/><net_sink comp="1258" pin=1"/></net>

<net id="2835"><net_src comp="1196" pin="2"/><net_sink comp="2832" pin=0"/></net>

<net id="2836"><net_src comp="2832" pin="1"/><net_sink comp="1258" pin=0"/></net>

<net id="2840"><net_src comp="1202" pin="2"/><net_sink comp="2837" pin=0"/></net>

<net id="2841"><net_src comp="2837" pin="1"/><net_sink comp="1274" pin=0"/></net>

<net id="2845"><net_src comp="494" pin="2"/><net_sink comp="2842" pin=0"/></net>

<net id="2846"><net_src comp="2842" pin="1"/><net_sink comp="1274" pin=2"/></net>

<net id="2847"><net_src comp="2842" pin="1"/><net_sink comp="570" pin=1"/></net>

<net id="2848"><net_src comp="2842" pin="1"/><net_sink comp="2075" pin=0"/></net>

<net id="2849"><net_src comp="2842" pin="1"/><net_sink comp="515" pin=1"/></net>

<net id="2853"><net_src comp="1236" pin="2"/><net_sink comp="2850" pin=0"/></net>

<net id="2854"><net_src comp="2850" pin="1"/><net_sink comp="1315" pin=0"/></net>

<net id="2855"><net_src comp="2850" pin="1"/><net_sink comp="1372" pin=0"/></net>

<net id="2856"><net_src comp="2850" pin="1"/><net_sink comp="1972" pin=0"/></net>

<net id="2857"><net_src comp="2850" pin="1"/><net_sink comp="2018" pin=0"/></net>

<net id="2858"><net_src comp="2850" pin="1"/><net_sink comp="2064" pin=0"/></net>

<net id="2859"><net_src comp="2850" pin="1"/><net_sink comp="2110" pin=0"/></net>

<net id="2860"><net_src comp="2850" pin="1"/><net_sink comp="2125" pin=0"/></net>

<net id="2864"><net_src comp="1252" pin="2"/><net_sink comp="2861" pin=0"/></net>

<net id="2865"><net_src comp="2861" pin="1"/><net_sink comp="1431" pin=0"/></net>

<net id="2866"><net_src comp="2861" pin="1"/><net_sink comp="1626" pin=0"/></net>

<net id="2870"><net_src comp="1268" pin="2"/><net_sink comp="2867" pin=0"/></net>

<net id="2871"><net_src comp="2867" pin="1"/><net_sink comp="1526" pin=0"/></net>

<net id="2872"><net_src comp="2867" pin="1"/><net_sink comp="1815" pin=0"/></net>

<net id="2876"><net_src comp="1274" pin="3"/><net_sink comp="2873" pin=0"/></net>

<net id="2877"><net_src comp="2873" pin="1"/><net_sink comp="552" pin=1"/></net>

<net id="2878"><net_src comp="2873" pin="1"/><net_sink comp="498" pin=1"/></net>

<net id="2882"><net_src comp="1299" pin="2"/><net_sink comp="2879" pin=0"/></net>

<net id="2883"><net_src comp="2879" pin="1"/><net_sink comp="1311" pin=1"/></net>

<net id="2887"><net_src comp="1305" pin="2"/><net_sink comp="2884" pin=0"/></net>

<net id="2888"><net_src comp="2884" pin="1"/><net_sink comp="1311" pin=0"/></net>

<net id="2892"><net_src comp="1320" pin="2"/><net_sink comp="2889" pin=0"/></net>

<net id="2893"><net_src comp="2889" pin="1"/><net_sink comp="1721" pin=0"/></net>

<net id="2894"><net_src comp="2889" pin="1"/><net_sink comp="1827" pin=0"/></net>

<net id="2898"><net_src comp="1326" pin="2"/><net_sink comp="2895" pin=0"/></net>

<net id="2899"><net_src comp="2895" pin="1"/><net_sink comp="1331" pin=0"/></net>

<net id="2903"><net_src comp="498" pin="2"/><net_sink comp="2900" pin=0"/></net>

<net id="2904"><net_src comp="2900" pin="1"/><net_sink comp="1331" pin=2"/></net>

<net id="2905"><net_src comp="2900" pin="1"/><net_sink comp="565" pin=1"/></net>

<net id="2906"><net_src comp="2900" pin="1"/><net_sink comp="2029" pin=0"/></net>

<net id="2907"><net_src comp="2900" pin="1"/><net_sink comp="511" pin=1"/></net>

<net id="2911"><net_src comp="1331" pin="3"/><net_sink comp="2908" pin=0"/></net>

<net id="2912"><net_src comp="2908" pin="1"/><net_sink comp="556" pin=1"/></net>

<net id="2913"><net_src comp="2908" pin="1"/><net_sink comp="502" pin=1"/></net>

<net id="2917"><net_src comp="1356" pin="2"/><net_sink comp="2914" pin=0"/></net>

<net id="2918"><net_src comp="2914" pin="1"/><net_sink comp="1368" pin=1"/></net>

<net id="2922"><net_src comp="1362" pin="2"/><net_sink comp="2919" pin=0"/></net>

<net id="2923"><net_src comp="2919" pin="1"/><net_sink comp="1368" pin=0"/></net>

<net id="2927"><net_src comp="1377" pin="2"/><net_sink comp="2924" pin=0"/></net>

<net id="2928"><net_src comp="2924" pin="1"/><net_sink comp="1620" pin=0"/></net>

<net id="2929"><net_src comp="2924" pin="1"/><net_sink comp="1821" pin=0"/></net>

<net id="2933"><net_src comp="502" pin="2"/><net_sink comp="2930" pin=0"/></net>

<net id="2934"><net_src comp="2930" pin="1"/><net_sink comp="506" pin=0"/></net>

<net id="2935"><net_src comp="2930" pin="1"/><net_sink comp="560" pin=0"/></net>

<net id="2936"><net_src comp="2930" pin="1"/><net_sink comp="1383" pin=0"/></net>

<net id="2937"><net_src comp="2930" pin="1"/><net_sink comp="1424" pin=2"/></net>

<net id="2941"><net_src comp="506" pin="2"/><net_sink comp="2938" pin=0"/></net>

<net id="2942"><net_src comp="2938" pin="1"/><net_sink comp="560" pin=1"/></net>

<net id="2943"><net_src comp="2938" pin="1"/><net_sink comp="1455" pin=0"/></net>

<net id="2944"><net_src comp="2938" pin="1"/><net_sink comp="1520" pin=2"/></net>

<net id="2945"><net_src comp="2938" pin="1"/><net_sink comp="502" pin=1"/></net>

<net id="2949"><net_src comp="498" pin="2"/><net_sink comp="2946" pin=0"/></net>

<net id="2950"><net_src comp="2946" pin="1"/><net_sink comp="565" pin=1"/></net>

<net id="2951"><net_src comp="2946" pin="1"/><net_sink comp="1650" pin=0"/></net>

<net id="2952"><net_src comp="2946" pin="1"/><net_sink comp="1715" pin=2"/></net>

<net id="2953"><net_src comp="2946" pin="1"/><net_sink comp="511" pin=1"/></net>

<net id="2957"><net_src comp="1431" pin="3"/><net_sink comp="2954" pin=0"/></net>

<net id="2958"><net_src comp="2954" pin="1"/><net_sink comp="560" pin=0"/></net>

<net id="2959"><net_src comp="2954" pin="1"/><net_sink comp="1438" pin=0"/></net>

<net id="2960"><net_src comp="2954" pin="1"/><net_sink comp="1520" pin=1"/></net>

<net id="2961"><net_src comp="2954" pin="1"/><net_sink comp="1526" pin=2"/></net>

<net id="2965"><net_src comp="1526" pin="3"/><net_sink comp="2962" pin=0"/></net>

<net id="2966"><net_src comp="2962" pin="1"/><net_sink comp="552" pin=0"/></net>

<net id="2967"><net_src comp="2962" pin="1"/><net_sink comp="1532" pin=0"/></net>

<net id="2968"><net_src comp="2962" pin="1"/><net_sink comp="1614" pin=1"/></net>

<net id="2969"><net_src comp="2962" pin="1"/><net_sink comp="1620" pin=2"/></net>

<net id="2973"><net_src comp="502" pin="2"/><net_sink comp="2970" pin=0"/></net>

<net id="2974"><net_src comp="2970" pin="1"/><net_sink comp="552" pin=1"/></net>

<net id="2975"><net_src comp="2970" pin="1"/><net_sink comp="1549" pin=0"/></net>

<net id="2976"><net_src comp="2970" pin="1"/><net_sink comp="1614" pin=2"/></net>

<net id="2977"><net_src comp="2970" pin="1"/><net_sink comp="511" pin=1"/></net>

<net id="2981"><net_src comp="1620" pin="3"/><net_sink comp="2978" pin=0"/></net>

<net id="2982"><net_src comp="2978" pin="1"/><net_sink comp="565" pin=0"/></net>

<net id="2983"><net_src comp="2978" pin="1"/><net_sink comp="1633" pin=0"/></net>

<net id="2984"><net_src comp="2978" pin="1"/><net_sink comp="1715" pin=1"/></net>

<net id="2985"><net_src comp="2978" pin="1"/><net_sink comp="1721" pin=2"/></net>

<net id="2989"><net_src comp="1626" pin="3"/><net_sink comp="2986" pin=0"/></net>

<net id="2990"><net_src comp="2986" pin="1"/><net_sink comp="502" pin=0"/></net>

<net id="2991"><net_src comp="2986" pin="1"/><net_sink comp="1815" pin=2"/></net>

<net id="2995"><net_src comp="1721" pin="3"/><net_sink comp="2992" pin=0"/></net>

<net id="2996"><net_src comp="2992" pin="1"/><net_sink comp="565" pin=1"/></net>

<net id="2997"><net_src comp="2992" pin="1"/><net_sink comp="1744" pin=0"/></net>

<net id="2998"><net_src comp="2992" pin="1"/><net_sink comp="1809" pin=2"/></net>

<net id="3002"><net_src comp="1809" pin="3"/><net_sink comp="2999" pin=0"/></net>

<net id="3003"><net_src comp="2999" pin="1"/><net_sink comp="538" pin=0"/></net>

<net id="3004"><net_src comp="2999" pin="1"/><net_sink comp="421" pin=1"/></net>

<net id="3008"><net_src comp="1815" pin="3"/><net_sink comp="3005" pin=0"/></net>

<net id="3009"><net_src comp="3005" pin="1"/><net_sink comp="511" pin=0"/></net>

<net id="3010"><net_src comp="3005" pin="1"/><net_sink comp="1821" pin=2"/></net>

<net id="3014"><net_src comp="1821" pin="3"/><net_sink comp="3011" pin=0"/></net>

<net id="3015"><net_src comp="3011" pin="1"/><net_sink comp="511" pin=0"/></net>

<net id="3016"><net_src comp="3011" pin="1"/><net_sink comp="1827" pin=2"/></net>

<net id="3020"><net_src comp="1827" pin="3"/><net_sink comp="3017" pin=0"/></net>

<net id="3021"><net_src comp="3017" pin="1"/><net_sink comp="556" pin=0"/></net>

<net id="3022"><net_src comp="3017" pin="1"/><net_sink comp="1833" pin=0"/></net>

<net id="3023"><net_src comp="3017" pin="1"/><net_sink comp="538" pin=1"/></net>

<net id="3027"><net_src comp="1868" pin="2"/><net_sink comp="3024" pin=0"/></net>

<net id="3031"><net_src comp="538" pin="2"/><net_sink comp="3028" pin=0"/></net>

<net id="3032"><net_src comp="3028" pin="1"/><net_sink comp="549" pin=0"/></net>

<net id="3033"><net_src comp="3028" pin="1"/><net_sink comp="519" pin=0"/></net>

<net id="3034"><net_src comp="3028" pin="1"/><net_sink comp="528" pin=0"/></net>

<net id="3035"><net_src comp="3028" pin="1"/><net_sink comp="523" pin=0"/></net>

<net id="3039"><net_src comp="549" pin="1"/><net_sink comp="3036" pin=0"/></net>

<net id="3040"><net_src comp="3036" pin="1"/><net_sink comp="1874" pin=0"/></net>

<net id="3041"><net_src comp="3036" pin="1"/><net_sink comp="574" pin=0"/></net>

<net id="3045"><net_src comp="1891" pin="2"/><net_sink comp="3042" pin=0"/></net>

<net id="3046"><net_src comp="3042" pin="1"/><net_sink comp="1903" pin=1"/></net>

<net id="3050"><net_src comp="1897" pin="2"/><net_sink comp="3047" pin=0"/></net>

<net id="3051"><net_src comp="3047" pin="1"/><net_sink comp="1903" pin=0"/></net>

<net id="3055"><net_src comp="1907" pin="2"/><net_sink comp="3052" pin=0"/></net>

<net id="3059"><net_src comp="1925" pin="2"/><net_sink comp="3056" pin=0"/></net>

<net id="3060"><net_src comp="3056" pin="1"/><net_sink comp="2121" pin=1"/></net>

<net id="3064"><net_src comp="1931" pin="2"/><net_sink comp="3061" pin=0"/></net>

<net id="3065"><net_src comp="3061" pin="1"/><net_sink comp="2121" pin=0"/></net>

<net id="3069"><net_src comp="1977" pin="2"/><net_sink comp="3066" pin=0"/></net>

<net id="3073"><net_src comp="2023" pin="2"/><net_sink comp="3070" pin=0"/></net>

<net id="3077"><net_src comp="2069" pin="2"/><net_sink comp="3074" pin=0"/></net>

<net id="3081"><net_src comp="2115" pin="2"/><net_sink comp="3078" pin=0"/></net>

<net id="3085"><net_src comp="2130" pin="2"/><net_sink comp="3082" pin=0"/></net>

<net id="3089"><net_src comp="515" pin="2"/><net_sink comp="3086" pin=0"/></net>

<net id="3090"><net_src comp="3086" pin="1"/><net_sink comp="519" pin=1"/></net>

<net id="3094"><net_src comp="506" pin="2"/><net_sink comp="3091" pin=0"/></net>

<net id="3095"><net_src comp="3091" pin="1"/><net_sink comp="519" pin=1"/></net>

<net id="3099"><net_src comp="515" pin="2"/><net_sink comp="3096" pin=0"/></net>

<net id="3100"><net_src comp="3096" pin="1"/><net_sink comp="519" pin=1"/></net>

<net id="3104"><net_src comp="519" pin="2"/><net_sink comp="3101" pin=0"/></net>

<net id="3105"><net_src comp="3101" pin="1"/><net_sink comp="523" pin=0"/></net>

<net id="3109"><net_src comp="511" pin="2"/><net_sink comp="3106" pin=0"/></net>

<net id="3110"><net_src comp="3106" pin="1"/><net_sink comp="528" pin=1"/></net>

<net id="3114"><net_src comp="515" pin="2"/><net_sink comp="3111" pin=0"/></net>

<net id="3115"><net_src comp="3111" pin="1"/><net_sink comp="523" pin=1"/></net>

<net id="3119"><net_src comp="523" pin="2"/><net_sink comp="3116" pin=0"/></net>

<net id="3120"><net_src comp="3116" pin="1"/><net_sink comp="528" pin=0"/></net>

<net id="3124"><net_src comp="523" pin="2"/><net_sink comp="3121" pin=0"/></net>

<net id="3125"><net_src comp="3121" pin="1"/><net_sink comp="441" pin=1"/></net>

<net id="3129"><net_src comp="2136" pin="1"/><net_sink comp="3126" pin=0"/></net>

<net id="3130"><net_src comp="3126" pin="1"/><net_sink comp="449" pin=0"/></net>

<net id="3131"><net_src comp="3126" pin="1"/><net_sink comp="449" pin=4"/></net>

<net id="3135"><net_src comp="2174" pin="4"/><net_sink comp="3132" pin=0"/></net>

<net id="3136"><net_src comp="3132" pin="1"/><net_sink comp="449" pin=2"/></net>

<net id="3140"><net_src comp="2243" pin="2"/><net_sink comp="3137" pin=0"/></net>

<net id="3141"><net_src comp="3137" pin="1"/><net_sink comp="2263" pin=2"/></net>

</net_list>

</model> 
---------------- Datapath Model END ------------------

* FSMD analyzer results:
  - Output states:
	Port: p_ground | {}
	Port: spillage_flag | {88 }
	Port: spillage_level | {88 }
	Port: spillage_from_neigh | {99 }
	Port: spillage_from_neigh_1 | {100 }
	Port: spillage_from_neigh_2 | {102 }
	Port: spillage_from_neigh_3 | {103 }
	Port: p_out | {107 }
 - Input state : 
	Port: do_compute_Pipeline_VITIS_LOOP_109_9_VITIS_LOOP_110_10 : empty | {1 }
	Port: do_compute_Pipeline_VITIS_LOOP_109_9_VITIS_LOOP_110_10 : p_ground | {25 26 27 28 29 30 }
	Port: do_compute_Pipeline_VITIS_LOOP_109_9_VITIS_LOOP_110_10 : water_level | {3 4 10 11 12 14 15 }
	Port: do_compute_Pipeline_VITIS_LOOP_109_9_VITIS_LOOP_110_10 : water_level_1 | {3 4 10 11 12 14 15 }
	Port: do_compute_Pipeline_VITIS_LOOP_109_9_VITIS_LOOP_110_10 : water_level_2 | {3 4 10 11 12 14 15 }
  - Chain level:
	State 1
		store_ln0 : 1
		store_ln72 : 1
		store_ln72 : 1
		indvar_flatten9_load : 1
		icmp_ln109 : 2
		add_ln109_1 : 2
		br_ln109 : 3
		new_col_load : 1
		icmp_ln110 : 2
		select_ln52 : 3
		urem_ln52 : 4
		add_ln110 : 4
		store_ln109 : 3
		store_ln72 : 5
	State 2
		add_ln109 : 1
		select_ln109 : 2
		mul_ln52 : 1
		tmp_49 : 2
		store_ln72 : 3
	State 3
		mul_ln111 : 1
		add_ln111 : 2
		zext_ln111_1 : 3
		water_level_addr : 4
		water_level_1_addr : 4
		water_level_2_addr : 4
		water_level_load : 5
		water_level_1_load : 5
		water_level_2_load : 5
	State 4
	State 5
	State 6
	State 7
	State 8
	State 9
		new_row : 1
		trunc_ln134 : 2
	State 10
		mul_ln134_1 : 1
		add_ln110_1 : 1
		trunc_ln52 : 1
		tmp_s : 2
		icmp_ln111 : 3
		br_ln111 : 4
		add_ln134 : 2
		zext_ln134_3 : 3
		water_level_addr_1 : 4
		add_ln134_1 : 2
		zext_ln134_4 : 3
		water_level_addr_2 : 4
		water_level_1_addr_1 : 4
		water_level_1_addr_2 : 4
		water_level_2_addr_1 : 4
		water_level_2_addr_2 : 4
		water_level_load_1 : 5
		water_level_1_load_1 : 5
		water_level_2_load_1 : 5
		water_level_load_2 : 5
		water_level_1_load_2 : 5
		water_level_2_load_2 : 5
		new_col_1 : 1
		zext_ln72_1 : 1
		mul_ln72_1 : 2
		tmp_50 : 3
	State 11
		tmp_4 : 1
		tmp_5 : 1
		zext_ln72 : 1
		mul_ln72 : 2
		add_ln134_6 : 1
		zext_ln134_9 : 2
		water_level_addr_4 : 3
		water_level_1_addr_4 : 3
		water_level_2_addr_4 : 3
		water_level_load_4 : 4
		water_level_1_load_4 : 4
		water_level_2_load_4 : 4
	State 12
		udiv_ln1_cast : 1
		tmp_11 : 1
	State 13
	State 14
		water_level_addr_3 : 1
		water_level_1_addr_3 : 1
		water_level_2_addr_3 : 1
		water_level_load_3 : 2
		water_level_1_load_3 : 2
		water_level_2_load_3 : 2
	State 15
		tmp_6 : 1
	State 16
	State 17
	State 18
	State 19
	State 20
	State 21
	State 22
		mul_ln117 : 1
	State 23
	State 24
		mul_ln134 : 1
		mul_ln134_2 : 1
	State 25
		add_ln117 : 1
		zext_ln117_2 : 2
		p_ground_addr : 3
		spillage_flag_addr : 3
		spillage_level_addr : 3
		p_ground_load : 4
		add_ln134_2 : 1
		zext_ln134_5 : 2
		p_ground_addr_1 : 3
		add_ln134_3 : 1
		spillage_from_neigh_addr : 3
		p_ground_load_1 : 4
	State 26
		p_ground_addr_2 : 1
		spillage_from_neigh_1_addr : 1
		p_ground_load_2 : 2
	State 27
		current_height : 1
		add_ln134_7 : 1
		zext_ln134_11 : 2
		p_ground_addr_4 : 3
		spillage_from_neigh_3_addr : 3
		p_ground_load_4 : 4
	State 28
		neighbor_height : 1
		neighbor_height_2 : 1
	State 29
		add_ln134_5 : 1
		zext_ln134 : 2
		p_ground_addr_3 : 3
		spillage_from_neigh_2_addr : 3
		p_ground_load_3 : 4
		neighbor_height_6 : 1
	State 30
	State 31
	State 32
		neighbor_height_4 : 1
	State 33
	State 34
	State 35
		bitcast_ln139_1 : 1
		tmp_33 : 2
		trunc_ln139_1 : 2
		icmp_ln139_2 : 3
		icmp_ln139_3 : 3
		tmp_34 : 1
		height_diff : 1
		bitcast_ln139_2 : 1
		tmp_39 : 2
		trunc_ln139_2 : 2
		icmp_ln139_4 : 3
		icmp_ln139_5 : 3
		tmp_40 : 1
		height_diff_1 : 1
	State 36
		tmp_32 : 1
		trunc_ln139 : 1
		icmp_ln139 : 2
		icmp_ln139_1 : 2
		or_ln139 : 3
		and_ln139 : 3
		and_ln139_1 : 3
		and_ln139_2 : 3
		and_ln139_3 : 3
		bitcast_ln139_4 : 1
		tmp_51 : 2
		trunc_ln139_4 : 2
		icmp_ln139_8 : 3
		icmp_ln139_9 : 3
		tmp_52 : 1
		height_diff_3 : 1
	State 37
	State 38
	State 39
		bitcast_ln139_3 : 1
		tmp_44 : 2
		trunc_ln139_3 : 2
		icmp_ln139_6 : 3
		icmp_ln139_7 : 3
		tmp_45 : 1
		height_diff_2 : 1
	State 40
	State 41
	State 42
	State 43
		tmp_35 : 1
		trunc_ln142 : 1
		icmp_ln142 : 2
		icmp_ln142_1 : 2
		or_ln142 : 3
		and_ln142 : 3
		my_spillage_level : 3
		my_spillage_level_1 : 4
	State 44
	State 45
		tmp_41 : 1
		trunc_ln142_1 : 1
		tmp_42 : 1
		trunc_ln142_2 : 1
		icmp_ln142_2 : 2
		icmp_ln142_3 : 2
		or_ln142_1 : 3
		icmp_ln142_4 : 2
		icmp_ln142_5 : 2
		or_ln142_2 : 3
		and_ln142_1 : 3
		and_ln142_2 : 3
		my_spillage_level_2 : 3
		my_spillage_level_3 : 4
	State 46
	State 47
		tmp_46 : 1
		trunc_ln142_3 : 1
		tmp_47 : 1
		trunc_ln142_4 : 1
		icmp_ln142_6 : 2
		icmp_ln142_7 : 2
		or_ln142_3 : 3
		icmp_ln142_8 : 2
		icmp_ln142_9 : 2
		or_ln142_4 : 3
		and_ln142_3 : 3
		and_ln142_4 : 3
		my_spillage_level_4 : 3
		my_spillage_level_5 : 4
	State 48
		sum_diff_1 : 1
	State 49
		tmp_53 : 1
		trunc_ln142_5 : 1
		tmp_54 : 1
		trunc_ln142_6 : 1
		icmp_ln142_10 : 2
		icmp_ln142_11 : 2
		or_ln142_5 : 3
		icmp_ln142_12 : 2
		icmp_ln142_13 : 2
		or_ln142_6 : 3
		and_ln142_5 : 3
		and_ln142_6 : 3
		my_spillage_level_6 : 3
		my_spillage_level_7 : 4
	State 50
	State 51
		tmp_56 : 1
		trunc_ln145 : 1
		tmp_57 : 1
		trunc_ln145_1 : 1
		icmp_ln145 : 2
		icmp_ln145_1 : 2
		or_ln145 : 3
		icmp_ln145_2 : 2
		icmp_ln145_3 : 2
		or_ln145_1 : 3
		and_ln145 : 3
		and_ln145_1 : 3
		my_spillage_level_8 : 3
	State 52
	State 53
	State 54
	State 55
		sum_diff_3 : 1
	State 56
	State 57
	State 58
	State 59
	State 60
	State 61
	State 62
		sum_diff_5 : 1
	State 63
	State 64
	State 65
	State 66
	State 67
	State 68
	State 69
		sum_diff_7 : 1
	State 70
	State 71
		tmp_59 : 1
		trunc_ln148 : 1
		icmp_ln148 : 2
		icmp_ln148_1 : 2
		or_ln148 : 3
		and_ln148 : 3
		br_ln148 : 3
	State 72
	State 73
	State 74
	State 75
	State 76
	State 77
	State 78
	State 79
	State 80
	State 81
	State 82
	State 83
	State 84
	State 85
	State 86
		tmp_61 : 1
		trunc_ln151 : 1
		icmp_ln151 : 2
		icmp_ln151_1 : 2
	State 87
		and_ln151 : 1
		br_ln151 : 1
		notlhs178 : 1
		notrhs179 : 1
	State 88
		tmp_65 : 1
		trunc_ln175 : 1
		icmp_ln175 : 2
		icmp_ln175_1 : 2
		or_ln175 : 3
		and_ln175 : 3
		and_ln175_1 : 3
		br_ln175 : 3
	State 89
		tmp_68 : 1
		trunc_ln175_1 : 1
		icmp_ln175_2 : 2
		icmp_ln175_3 : 2
		or_ln175_1 : 3
		and_ln175_2 : 3
		and_ln175_3 : 3
		br_ln175 : 3
		tmp_71 : 1
		trunc_ln175_2 : 1
		icmp_ln175_4 : 2
		icmp_ln175_5 : 2
		or_ln175_2 : 3
		and_ln175_4 : 3
		and_ln175_5 : 3
		br_ln175 : 3
		tmp_74 : 1
		trunc_ln175_3 : 1
		icmp_ln175_6 : 2
		icmp_ln175_7 : 2
		or_ln175_3 : 3
		and_ln175_6 : 3
		and_ln175_7 : 3
		br_ln175 : 3
	State 90
	State 91
	State 92
	State 93
	State 94
	State 95
	State 96
	State 97
	State 98
	State 99
	State 100
	State 101
	State 102
	State 103
	State 104
	State 105
	State 106
	State 107
		sext_ln169 : 1
		trunc_ln : 1
		add_ln168 : 2
		tmp_67 : 1
		trunc_ln168 : 1
		or_ln2 : 3
		write_ln168 : 1
	State 108
		trunc_ln168_1 : 1
		add_ln168_1 : 2
		tmp_70 : 1
		trunc_ln168_4 : 1
		or_ln168_1 : 3
		empty_73 : 4
		sext_ln169_2 : 1
		trunc_ln168_2 : 5
		add_ln168_2 : 6
	State 109
		or_ln168_2 : 1
		empty_72 : 2
		store_ln168 : 3
		store_ln168 : 3
		trunc_ln168_3 : 3
		add_ln168_3 : 4
		tmp_76 : 3
		trunc_ln168_6 : 3
		or_ln168_3 : 5
		store_ln168 : 6


============================================================
+ Verbose Summary: Datapath Resource usage 
============================================================

* Functional unit list:
|----------|-----------------------------------|---------|---------|---------|
| Operation|          Functional Unit          |   DSP   |    FF   |   LUT   |
|----------|-----------------------------------|---------|---------|---------|
|          |             grp_fu_494            |    2    |   318   |   198   |
|          |             grp_fu_498            |    2    |   318   |   198   |
|   fadd   |             grp_fu_502            |    2    |   318   |   198   |
|          |             grp_fu_506            |    2    |   318   |   198   |
|          |             grp_fu_511            |    2    |   318   |   198   |
|          |             grp_fu_515            |    2    |   318   |   198   |
|----------|-----------------------------------|---------|---------|---------|
|          |         icmp_ln109_fu_628         |    0    |    0    |    19   |
|          |         icmp_ln110_fu_643         |    0    |    0    |    13   |
|          |         icmp_ln111_fu_822         |    0    |    0    |    39   |
|          |          empty_70_fu_1014         |    0    |    0    |    14   |
|          |          empty_71_fu_1028         |    0    |    0    |    13   |
|          |        icmp_ln139_2_fu_1153       |    0    |    0    |    15   |
|          |        icmp_ln139_3_fu_1159       |    0    |    0    |    30   |
|          |        icmp_ln139_4_fu_1190       |    0    |    0    |    15   |
|          |        icmp_ln139_5_fu_1196       |    0    |    0    |    30   |
|          |        icmp_ln128_1_fu_1202       |    0    |    0    |    13   |
|          |         icmp_ln139_fu_1224        |    0    |    0    |    15   |
|          |        icmp_ln139_1_fu_1230       |    0    |    0    |    30   |
|          |        icmp_ln139_8_fu_1299       |    0    |    0    |    15   |
|          |        icmp_ln139_9_fu_1305       |    0    |    0    |    30   |
|          |         icmp_ln128_fu_1326        |    0    |    0    |    14   |
|          |        icmp_ln139_6_fu_1356       |    0    |    0    |    15   |
|          |        icmp_ln139_7_fu_1362       |    0    |    0    |    30   |
|          |         icmp_ln142_fu_1400        |    0    |    0    |    15   |
|          |        icmp_ln142_1_fu_1406       |    0    |    0    |    30   |
|          |        icmp_ln142_2_fu_1472       |    0    |    0    |    15   |
|          |        icmp_ln142_3_fu_1478       |    0    |    0    |    30   |
|          |        icmp_ln142_4_fu_1490       |    0    |    0    |    15   |
|          |        icmp_ln142_5_fu_1496       |    0    |    0    |    30   |
|          |        icmp_ln142_6_fu_1566       |    0    |    0    |    15   |
|   icmp   |        icmp_ln142_7_fu_1572       |    0    |    0    |    30   |
|          |        icmp_ln142_8_fu_1584       |    0    |    0    |    15   |
|          |        icmp_ln142_9_fu_1590       |    0    |    0    |    30   |
|          |       icmp_ln142_10_fu_1667       |    0    |    0    |    15   |
|          |       icmp_ln142_11_fu_1673       |    0    |    0    |    30   |
|          |       icmp_ln142_12_fu_1685       |    0    |    0    |    15   |
|          |       icmp_ln142_13_fu_1691       |    0    |    0    |    30   |
|          |         icmp_ln145_fu_1761        |    0    |    0    |    15   |
|          |        icmp_ln145_1_fu_1767       |    0    |    0    |    30   |
|          |        icmp_ln145_2_fu_1779       |    0    |    0    |    15   |
|          |        icmp_ln145_3_fu_1785       |    0    |    0    |    30   |
|          |         icmp_ln148_fu_1850        |    0    |    0    |    15   |
|          |        icmp_ln148_1_fu_1856       |    0    |    0    |    30   |
|          |         icmp_ln151_fu_1891        |    0    |    0    |    18   |
|          |        icmp_ln151_1_fu_1897       |    0    |    0    |    59   |
|          |         notlhs178_fu_1925         |    0    |    0    |    15   |
|          |         notrhs179_fu_1931         |    0    |    0    |    30   |
|          |         icmp_ln175_fu_1954        |    0    |    0    |    15   |
|          |        icmp_ln175_1_fu_1960       |    0    |    0    |    30   |
|          |        icmp_ln175_2_fu_2000       |    0    |    0    |    15   |
|          |        icmp_ln175_3_fu_2006       |    0    |    0    |    30   |
|          |        icmp_ln175_4_fu_2046       |    0    |    0    |    15   |
|          |        icmp_ln175_5_fu_2052       |    0    |    0    |    30   |
|          |        icmp_ln175_6_fu_2092       |    0    |    0    |    15   |
|          |        icmp_ln175_7_fu_2098       |    0    |    0    |    30   |
|----------|-----------------------------------|---------|---------|---------|
|   call   | grp_p_hls_fptosi_float_i32_fu_484 |    0    |    33   |   326   |
|          | grp_p_hls_fptosi_float_i32_fu_489 |    0    |    33   |   326   |
|----------|-----------------------------------|---------|---------|---------|
|          |             grp_fu_519            |    3    |   143   |    78   |
|   fmul   |             grp_fu_523            |    3    |   143   |    78   |
|          |             grp_fu_528            |    3    |   143   |    78   |
|----------|-----------------------------------|---------|---------|---------|
|          |         add_ln109_1_fu_634        |    0    |    0    |    19   |
|          |          add_ln110_fu_663         |    0    |    0    |    13   |
|          |          add_ln109_fu_682         |    0    |    0    |    13   |
|          |          mul_ln111_fu_729         |    0    |    0    |    17   |
|          |          add_ln111_fu_738         |    0    |    0    |    17   |
|          |           new_row_fu_754          |    0    |    0    |    13   |
|          |          new_row_1_fu_764         |    0    |    0    |    13   |
|          |         mul_ln134_1_fu_779        |    0    |    0    |    17   |
|          |         add_ln110_1_fu_795        |    0    |    0    |    17   |
|          |          add_ln134_fu_831         |    0    |    0    |    17   |
|          |         add_ln134_1_fu_843        |    0    |    0    |    17   |
|    add   |          new_col_1_fu_855         |    0    |    0    |    13   |
|          |          new_col_2_fu_861         |    0    |    0    |    13   |
|          |         add_ln134_6_fu_935        |    0    |    0    |    17   |
|          |         add_ln134_4_fu_976        |    0    |    0    |    17   |
|          |         add_ln117_fu_1045         |    0    |    0    |    19   |
|          |        add_ln134_2_fu_1057        |    0    |    0    |    19   |
|          |        add_ln134_3_fu_1068        |    0    |    0    |    19   |
|          |        add_ln134_7_fu_1085        |    0    |    0    |    19   |
|          |        add_ln134_5_fu_1108        |    0    |    0    |    19   |
|          |         add_ln168_fu_2154         |    0    |    0    |    71   |
|          |        add_ln168_1_fu_2198        |    0    |    0    |    71   |
|          |        add_ln168_2_fu_2243        |    0    |    0    |    71   |
|          |        add_ln168_3_fu_2297        |    0    |    0    |    71   |
|----------|-----------------------------------|---------|---------|---------|
|          |         select_ln52_fu_649        |    0    |    0    |    6    |
|          |        select_ln109_fu_688        |    0    |    0    |    6    |
|          |     neighbor_height_1_fu_1128     |    0    |    0    |    32   |
|          |     neighbor_height_3_fu_1165     |    0    |    0    |    32   |
|          |     neighbor_height_7_fu_1274     |    0    |    0    |    32   |
|          |     neighbor_height_5_fu_1331     |    0    |    0    |    32   |
|          |     my_spillage_level_fu_1424     |    0    |    0    |    32   |
|          |    my_spillage_level_1_fu_1431    |    0    |    0    |    32   |
|          |    my_spillage_level_2_fu_1520    |    0    |    0    |    32   |
|  select  |    my_spillage_level_3_fu_1526    |    0    |    0    |    32   |
|          |    my_spillage_level_4_fu_1614    |    0    |    0    |    32   |
|          |    my_spillage_level_5_fu_1620    |    0    |    0    |    32   |
|          |         sum_diff_1_fu_1626        |    0    |    0    |    32   |
|          |    my_spillage_level_6_fu_1715    |    0    |    0    |    32   |
|          |    my_spillage_level_7_fu_1721    |    0    |    0    |    32   |
|          |    my_spillage_level_8_fu_1809    |    0    |    0    |    32   |
|          |         sum_diff_3_fu_1815        |    0    |    0    |    32   |
|          |         sum_diff_5_fu_1821        |    0    |    0    |    32   |
|          |         sum_diff_7_fu_1827        |    0    |    0    |    32   |
|----------|-----------------------------------|---------|---------|---------|
|          |             grp_fu_579            |    4    |   173   |    53   |
|          |          mul_ln52_fu_698          |    0    |    0    |    40   |
|    mul   |         mul_ln72_1_fu_870         |    0    |    0    |    40   |
|          |         mul_ln117_fu_1008         |    0    |    0    |    33   |
|          |         mul_ln134_fu_1022         |    0    |    0    |    33   |
|          |        mul_ln134_2_fu_1036        |    0    |    0    |    33   |
|----------|-----------------------------------|---------|---------|---------|
|   urem   |             grp_fu_657            |    0    |   128   |    68   |
|----------|-----------------------------------|---------|---------|---------|
|          |         and_ln139_fu_1246         |    0    |    0    |    2    |
|          |        and_ln139_1_fu_1252        |    0    |    0    |    2    |
|          |        and_ln139_2_fu_1262        |    0    |    0    |    2    |
|          |        and_ln139_3_fu_1268        |    0    |    0    |    2    |
|          |        and_ln139_6_fu_1315        |    0    |    0    |    2    |
|          |        and_ln139_7_fu_1320        |    0    |    0    |    2    |
|          |        and_ln139_4_fu_1372        |    0    |    0    |    2    |
|          |        and_ln139_5_fu_1377        |    0    |    0    |    2    |
|          |         and_ln142_fu_1418         |    0    |    0    |    2    |
|          |        and_ln142_1_fu_1508        |    0    |    0    |    2    |
|          |        and_ln142_2_fu_1514        |    0    |    0    |    2    |
|          |        and_ln142_3_fu_1602        |    0    |    0    |    2    |
|          |        and_ln142_4_fu_1608        |    0    |    0    |    2    |
|          |        and_ln142_5_fu_1703        |    0    |    0    |    2    |
|    and   |        and_ln142_6_fu_1709        |    0    |    0    |    2    |
|          |         and_ln145_fu_1797         |    0    |    0    |    2    |
|          |        and_ln145_1_fu_1803        |    0    |    0    |    2    |
|          |         and_ln148_fu_1868         |    0    |    0    |    2    |
|          |         and_ln151_fu_1907         |    0    |    0    |    2    |
|          |         and_ln175_fu_1972         |    0    |    0    |    2    |
|          |        and_ln175_1_fu_1977        |    0    |    0    |    2    |
|          |        and_ln175_2_fu_2018        |    0    |    0    |    2    |
|          |        and_ln175_3_fu_2023        |    0    |    0    |    2    |
|          |        and_ln175_4_fu_2064        |    0    |    0    |    2    |
|          |        and_ln175_5_fu_2069        |    0    |    0    |    2    |
|          |        and_ln175_6_fu_2110        |    0    |    0    |    2    |
|          |        and_ln175_7_fu_2115        |    0    |    0    |    2    |
|          |          empty_77_fu_2125         |    0    |    0    |    2    |
|          |          empty_78_fu_2130         |    0    |    0    |    2    |
|----------|-----------------------------------|---------|---------|---------|
|          |            tmp_s_fu_805           |    0    |    0    |    9    |
|          |            tmp_4_fu_886           |    0    |    0    |    9    |
| sparsemux|            tmp_5_fu_905           |    0    |    0    |    9    |
|          |           tmp_11_fu_957           |    0    |    0    |    9    |
|          |            tmp_6_fu_986           |    0    |    0    |    9    |
|----------|-----------------------------------|---------|---------|---------|
|          |          or_ln139_fu_1236         |    0    |    0    |    2    |
|          |         or_ln139_1_fu_1242        |    0    |    0    |    2    |
|          |         or_ln139_2_fu_1258        |    0    |    0    |    2    |
|          |         or_ln139_4_fu_1311        |    0    |    0    |    2    |
|          |         or_ln139_3_fu_1368        |    0    |    0    |    2    |
|          |          or_ln142_fu_1412         |    0    |    0    |    2    |
|          |         or_ln142_1_fu_1484        |    0    |    0    |    2    |
|          |         or_ln142_2_fu_1502        |    0    |    0    |    2    |
|          |         or_ln142_3_fu_1578        |    0    |    0    |    2    |
|          |         or_ln142_4_fu_1596        |    0    |    0    |    2    |
|    or    |         or_ln142_5_fu_1679        |    0    |    0    |    2    |
|          |         or_ln142_6_fu_1697        |    0    |    0    |    2    |
|          |          or_ln145_fu_1773         |    0    |    0    |    2    |
|          |         or_ln145_1_fu_1791        |    0    |    0    |    2    |
|          |          or_ln148_fu_1862         |    0    |    0    |    2    |
|          |          or_ln151_fu_1903         |    0    |    0    |    2    |
|          |          or_ln175_fu_1966         |    0    |    0    |    2    |
|          |         or_ln175_1_fu_2012        |    0    |    0    |    2    |
|          |         or_ln175_2_fu_2058        |    0    |    0    |    2    |
|          |         or_ln175_3_fu_2104        |    0    |    0    |    2    |
|          |          empty_76_fu_2121         |    0    |    0    |    2    |
|----------|-----------------------------------|---------|---------|---------|
|   read   |          tmp_read_fu_164          |    0    |    0    |    0    |
|----------|-----------------------------------|---------|---------|---------|
|   write  |      write_ln168_write_fu_170     |    0    |    0    |    0    |
|----------|-----------------------------------|---------|---------|---------|
|   fdiv   |             grp_fu_533            |    0    |    0    |    0    |
|          |             grp_fu_538            |    0    |    0    |    0    |
|----------|-----------------------------------|---------|---------|---------|
|  sitofp  |             grp_fu_543            |    0    |    0    |    0    |
|          |             grp_fu_546            |    0    |    0    |    0    |
|----------|-----------------------------------|---------|---------|---------|
|   fpext  |             grp_fu_549            |    0    |    0    |    0    |
|----------|-----------------------------------|---------|---------|---------|
|          |             grp_fu_552            |    0    |    0    |    0    |
|          |             grp_fu_556            |    0    |    0    |    0    |
|   fcmp   |             grp_fu_560            |    0    |    0    |    0    |
|          |             grp_fu_565            |    0    |    0    |    0    |
|          |             grp_fu_570            |    0    |    0    |    0    |
|----------|-----------------------------------|---------|---------|---------|
|   dcmp   |             grp_fu_574            |    0    |    0    |    0    |
|----------|-----------------------------------|---------|---------|---------|
|          |          zext_ln52_fu_695         |    0    |    0    |    0    |
|          |     select_ln109_cast1_fu_719     |    0    |    0    |    0    |
|          |         zext_ln111_fu_735         |    0    |    0    |    0    |
|          |        zext_ln111_1_fu_744        |    0    |    0    |    0    |
|          |       row_pos_4_cast_fu_751       |    0    |    0    |    0    |
|          |        new_row_cast2_fu_769       |    0    |    0    |    0    |
|          |         zext_ln110_fu_785         |    0    |    0    |    0    |
|          |         zext_ln122_fu_828         |    0    |    0    |    0    |
|          |        zext_ln134_3_fu_836        |    0    |    0    |    0    |
|          |        zext_ln134_4_fu_848        |    0    |    0    |    0    |
|          |         zext_ln72_1_fu_866        |    0    |    0    |    0    |
|          |          zext_ln72_fu_927         |    0    |    0    |    0    |
|   zext   |        zext_ln134_8_fu_932        |    0    |    0    |    0    |
|          |        zext_ln134_9_fu_940        |    0    |    0    |    0    |
|          |        zext_ln134_7_fu_980        |    0    |    0    |    0    |
|          |         zext_ln117_fu_1005        |    0    |    0    |    0    |
|          |        zext_ln134_1_fu_1019       |    0    |    0    |    0    |
|          |        zext_ln134_2_fu_1033       |    0    |    0    |    0    |
|          |        zext_ln117_1_fu_1042       |    0    |    0    |    0    |
|          |        zext_ln117_2_fu_1050       |    0    |    0    |    0    |
|          |        zext_ln134_5_fu_1062       |    0    |    0    |    0    |
|          |        zext_ln134_6_fu_1073       |    0    |    0    |    0    |
|          |       zext_ln134_10_fu_1082       |    0    |    0    |    0    |
|          |       zext_ln134_11_fu_1090       |    0    |    0    |    0    |
|          |         zext_ln134_fu_1113        |    0    |    0    |    0    |
|----------|-----------------------------------|---------|---------|---------|
|          |           tmp_49_fu_704           |    0    |    0    |    0    |
|          |           tmp_50_fu_876           |    0    |    0    |    0    |
|          |        udiv_ln1_cast_fu_947       |    0    |    0    |    0    |
|          |           tmp_33_fu_1139          |    0    |    0    |    0    |
|          |           tmp_39_fu_1176          |    0    |    0    |    0    |
|          |           tmp_32_fu_1210          |    0    |    0    |    0    |
|          |           tmp_51_fu_1285          |    0    |    0    |    0    |
|          |           tmp_44_fu_1342          |    0    |    0    |    0    |
|          |           tmp_35_fu_1386          |    0    |    0    |    0    |
|          |           tmp_41_fu_1441          |    0    |    0    |    0    |
|          |           tmp_42_fu_1458          |    0    |    0    |    0    |
|          |           tmp_46_fu_1535          |    0    |    0    |    0    |
|          |           tmp_47_fu_1552          |    0    |    0    |    0    |
|          |           tmp_53_fu_1636          |    0    |    0    |    0    |
|          |           tmp_54_fu_1653          |    0    |    0    |    0    |
|partselect|           tmp_56_fu_1730          |    0    |    0    |    0    |
|          |           tmp_57_fu_1747          |    0    |    0    |    0    |
|          |           tmp_59_fu_1836          |    0    |    0    |    0    |
|          |           tmp_61_fu_1877          |    0    |    0    |    0    |
|          |           tmp_63_fu_1913          |    0    |    0    |    0    |
|          |           tmp_65_fu_1940          |    0    |    0    |    0    |
|          |           tmp_68_fu_1986          |    0    |    0    |    0    |
|          |           tmp_71_fu_2032          |    0    |    0    |    0    |
|          |           tmp_74_fu_2078          |    0    |    0    |    0    |
|          |          trunc_ln_fu_2144         |    0    |    0    |    0    |
|          |           tmp_67_fu_2160          |    0    |    0    |    0    |
|          |       trunc_ln168_1_fu_2188       |    0    |    0    |    0    |
|          |           tmp_70_fu_2204          |    0    |    0    |    0    |
|          |       trunc_ln168_2_fu_2233       |    0    |    0    |    0    |
|          |           tmp_73_fu_2249          |    0    |    0    |    0    |
|          |       trunc_ln168_3_fu_2287       |    0    |    0    |    0    |
|          |           tmp_76_fu_2303          |    0    |    0    |    0    |
|----------|-----------------------------------|---------|---------|---------|
|          |           tmp_36_fu_722           |    0    |    0    |    0    |
|          |            p_shl_fu_772           |    0    |    0    |    0    |
|          |           tmp_37_fu_788           |    0    |    0    |    0    |
|bitconcatenate|           or_ln2_fu_2174          |    0    |    0    |    0    |
|          |         or_ln168_1_fu_2218        |    0    |    0    |    0    |
|          |         or_ln168_2_fu_2263        |    0    |    0    |    0    |
|          |         or_ln168_3_fu_2317        |    0    |    0    |    0    |
|----------|-----------------------------------|---------|---------|---------|
|          |         trunc_ln134_fu_760        |    0    |    0    |    0    |
|          |         trunc_ln52_fu_801         |    0    |    0    |    0    |
|          |       trunc_ln139_1_fu_1149       |    0    |    0    |    0    |
|          |       trunc_ln139_2_fu_1186       |    0    |    0    |    0    |
|          |        trunc_ln139_fu_1220        |    0    |    0    |    0    |
|          |       trunc_ln139_4_fu_1295       |    0    |    0    |    0    |
|          |       trunc_ln139_3_fu_1352       |    0    |    0    |    0    |
|          |        trunc_ln142_fu_1396        |    0    |    0    |    0    |
|          |       trunc_ln142_1_fu_1451       |    0    |    0    |    0    |
|          |       trunc_ln142_2_fu_1468       |    0    |    0    |    0    |
|          |       trunc_ln142_3_fu_1545       |    0    |    0    |    0    |
|          |       trunc_ln142_4_fu_1562       |    0    |    0    |    0    |
|          |       trunc_ln142_5_fu_1646       |    0    |    0    |    0    |
|   trunc  |       trunc_ln142_6_fu_1663       |    0    |    0    |    0    |
|          |        trunc_ln145_fu_1740        |    0    |    0    |    0    |
|          |       trunc_ln145_1_fu_1757       |    0    |    0    |    0    |
|          |        trunc_ln148_fu_1846        |    0    |    0    |    0    |
|          |        trunc_ln151_fu_1887        |    0    |    0    |    0    |
|          |          empty_75_fu_1922         |    0    |    0    |    0    |
|          |        trunc_ln175_fu_1950        |    0    |    0    |    0    |
|          |       trunc_ln175_1_fu_1996       |    0    |    0    |    0    |
|          |       trunc_ln175_2_fu_2042       |    0    |    0    |    0    |
|          |       trunc_ln175_3_fu_2088       |    0    |    0    |    0    |
|          |        trunc_ln168_fu_2170        |    0    |    0    |    0    |
|          |       trunc_ln168_4_fu_2214       |    0    |    0    |    0    |
|          |       trunc_ln168_5_fu_2259       |    0    |    0    |    0    |
|          |       trunc_ln168_6_fu_2313       |    0    |    0    |    0    |
|----------|-----------------------------------|---------|---------|---------|
|          |          sext_ln72_fu_924         |    0    |    0    |    0    |
|          |         sext_ln134_fu_1105        |    0    |    0    |    0    |
|   sext   |         sext_ln169_fu_2140        |    0    |    0    |    0    |
|          |        sext_ln169_1_fu_2184       |    0    |    0    |    0    |
|          |        sext_ln169_2_fu_2229       |    0    |    0    |    0    |
|          |        sext_ln169_3_fu_2283       |    0    |    0    |    0    |
|----------|-----------------------------------|---------|---------|---------|
|   Total  |                                   |    25   |   2704  |   4789  |
|----------|-----------------------------------|---------|---------|---------|

Memories:
N/A

* Register list:
+-----------------------------------+--------+
|                                   |   FF   |
+-----------------------------------+--------+
|        add_ln134_3_reg_2658       |   12   |
|        add_ln134_4_reg_2561       |   10   |
|        add_ln168_2_reg_3137       |   64   |
|        and_ln139_1_reg_2861       |    1   |
|        and_ln139_3_reg_2867       |    1   |
|        and_ln139_5_reg_2924       |    1   |
|        and_ln139_7_reg_2889       |    1   |
|         and_ln148_reg_3024        |    1   |
|         and_ln151_reg_3052        |    1   |
|        and_ln175_1_reg_3066       |    1   |
|        and_ln175_3_reg_3070       |    1   |
|        and_ln175_5_reg_3074       |    1   |
|        and_ln175_7_reg_3078       |    1   |
|      bitcast_ln134_1_reg_2734     |   32   |
|      bitcast_ln134_2_reg_2769     |   32   |
|      bitcast_ln134_3_reg_2754     |   32   |
|       bitcast_ln134_reg_2729      |   32   |
|         conv300_1_reg_2591        |   32   |
|         conv300_2_reg_2606        |   32   |
|         conv300_3_reg_2601        |   32   |
|           conv3_reg_2566          |   32   |
|           conv4_reg_2586          |   32   |
|           conv6_reg_3036          |   64   |
|      current_height_reg_2774      |   32   |
|         div301_1_reg_2714         |   32   |
|         div301_2_reg_2764         |   32   |
|         div301_3_reg_2739         |   32   |
|           div4_reg_2704           |   32   |
|           div7_reg_3116           |   32   |
|           div9_reg_2675           |   32   |
|         empty_69_reg_2353         |   416  |
|         empty_70_reg_2618         |    1   |
|         empty_71_reg_2628         |    1   |
|          empty_72_reg_471         |   416  |
|          empty_73_reg_457         |   416  |
|          empty_74_reg_446         |   416  |
|         empty_78_reg_3082         |    1   |
|       height_diff_1_reg_2938      |   32   |
|       height_diff_2_reg_2970      |   32   |
|       height_diff_3_reg_2946      |   32   |
|        height_diff_reg_2930       |   32   |
|        icmp_ln109_reg_2362        |    1   |
|        icmp_ln110_reg_2366        |    1   |
|        icmp_ln111_reg_2469        |    1   |
|       icmp_ln128_1_reg_2837       |    1   |
|        icmp_ln128_reg_2895        |    1   |
|       icmp_ln139_2_reg_2811       |    1   |
|       icmp_ln139_3_reg_2816       |    1   |
|       icmp_ln139_4_reg_2827       |    1   |
|       icmp_ln139_5_reg_2832       |    1   |
|       icmp_ln139_6_reg_2914       |    1   |
|       icmp_ln139_7_reg_2919       |    1   |
|       icmp_ln139_8_reg_2879       |    1   |
|       icmp_ln139_9_reg_2884       |    1   |
|       icmp_ln151_1_reg_3047       |    1   |
|        icmp_ln151_reg_3042        |    1   |
|      indvar_flatten9_reg_2346     |   12   |
|         mul401_3_reg_3121         |   32   |
|           mul7_reg_3101           |   32   |
|         mul_ln111_reg_2394        |   10   |
|         mul_ln117_reg_2611        |   12   |
|        mul_ln134_2_reg_2633       |   12   |
|         mul_ln134_reg_2623        |   12   |
|    my_spillage_level_1_reg_2954   |   32   |
|    my_spillage_level_3_reg_2962   |   32   |
|    my_spillage_level_5_reg_2978   |   32   |
|    my_spillage_level_7_reg_2992   |   32   |
|    my_spillage_level_8_reg_2999   |   32   |
|     neighbor_height_1_reg_2805    |   32   |
|     neighbor_height_2_reg_2797    |   32   |
|     neighbor_height_3_reg_2821    |   32   |
|     neighbor_height_4_reg_2900    |   32   |
|     neighbor_height_5_reg_2908    |   32   |
|     neighbor_height_6_reg_2842    |   32   |
|     neighbor_height_7_reg_2873    |   32   |
|     neighbor_height_8_reg_2693    |   32   |
|      neighbor_height_reg_2789     |   32   |
|         new_col_1_reg_2503        |    7   |
|         new_col_2_reg_2510        |    6   |
|          new_col_reg_2332         |    6   |
|         new_row_1_reg_2448        |    6   |
|         new_row_2_reg_2339        |    6   |
|          new_row_reg_2436         |    7   |
|         notlhs178_reg_3056        |    1   |
|         notrhs179_reg_3061        |    1   |
|         or_ln139_reg_2850         |    1   |
|          or_ln2_reg_3132          |   416  |
|      p_ground_addr_1_reg_2653     |   12   |
|      p_ground_addr_2_reg_2683     |   12   |
|      p_ground_addr_3_reg_2744     |   12   |
|      p_ground_addr_4_reg_2719     |   12   |
|       p_ground_addr_reg_2638      |   12   |
|      p_ground_load_2_reg_2709     |   32   |
|      p_ground_load_3_reg_2759     |   32   |
|       p_ground_load_reg_2668      |   32   |
|          p_load_reg_3126          |   416  |
|        proportion_reg_3028        |   32   |
|              reg_584              |   32   |
|              reg_588              |   32   |
|              reg_594              |   32   |
|              reg_601              |   32   |
|       select_ln109_reg_2380       |    6   |
|        select_ln52_reg_2371       |    6   |
|    spillage_flag_addr_reg_2643    |   12   |
|spillage_from_neigh_1_addr_reg_2688|   12   |
|spillage_from_neigh_2_addr_reg_2749|   12   |
|spillage_from_neigh_3_addr_reg_2724|   12   |
| spillage_from_neigh_addr_reg_2663 |   12   |
|    spillage_level_addr_reg_2648   |   12   |
|         sub400_1_reg_3096         |   32   |
|         sub400_2_reg_3106         |   32   |
|         sub400_3_reg_3111         |   32   |
|           sub6_reg_3086           |   32   |
|           sub7_reg_3091           |   32   |
|        sum_diff_1_reg_2986        |   32   |
|        sum_diff_3_reg_3005        |   32   |
|        sum_diff_5_reg_3011        |   32   |
|        sum_diff_7_reg_3017        |   32   |
|          tmp_11_reg_2556          |   32   |
|          tmp_49_reg_2389          |    5   |
|           tmp_4_reg_2521          |   32   |
|          tmp_50_reg_2516          |    5   |
|           tmp_5_reg_2526          |   32   |
|           tmp_6_reg_2596          |   32   |
|           tmp_s_reg_2464          |   32   |
|        trunc_ln134_reg_2443       |    6   |
|        trunc_ln52_reg_2456        |    2   |
|       udiv_ln1_cast_reg_2551      |   10   |
|   water_level_1_addr_1_reg_2483   |   10   |
|   water_level_1_addr_2_reg_2488   |   10   |
|   water_level_1_addr_3_reg_2576   |   10   |
|   water_level_1_addr_4_reg_2541   |   10   |
|    water_level_1_addr_reg_2411    |   10   |
|    water_level_1_load_reg_2426    |   32   |
|   water_level_2_addr_1_reg_2493   |   10   |
|   water_level_2_addr_2_reg_2498   |   10   |
|   water_level_2_addr_3_reg_2581   |   10   |
|   water_level_2_addr_4_reg_2546   |   10   |
|    water_level_2_addr_reg_2416    |   10   |
|    water_level_2_load_reg_2431    |   32   |
|    water_level_addr_1_reg_2473    |   10   |
|    water_level_addr_2_reg_2478    |   10   |
|    water_level_addr_3_reg_2571    |   10   |
|    water_level_addr_4_reg_2536    |   10   |
|     water_level_addr_reg_2406     |   10   |
|     water_level_load_reg_2421     |   32   |
|        zext_ln111_reg_2400        |   10   |
|         zext_ln72_reg_2531        |   65   |
+-----------------------------------+--------+
|               Total               |  5122  |
+-----------------------------------+--------+

* Multiplexer (MUX) list: 
|-------------------|------|------|------|--------||---------||---------||---------|
|        Comp       |  Pin | Size |  BW  | S x BW ||  Delay  ||    FF   ||   LUT   |
|-------------------|------|------|------|--------||---------||---------||---------|
| grp_access_fu_198 |  p0  |   6  |  10  |   60   ||    0    ||    31   |
| grp_access_fu_198 |  p2  |   4  |   0  |    0   ||    0    ||    20   |
| grp_access_fu_204 |  p0  |   6  |  10  |   60   ||    0    ||    31   |
| grp_access_fu_204 |  p2  |   4  |   0  |    0   ||    0    ||    20   |
| grp_access_fu_210 |  p0  |   6  |  10  |   60   ||    0    ||    31   |
| grp_access_fu_210 |  p2  |   4  |   0  |    0   ||    0    ||    20   |
| grp_access_fu_345 |  p0  |   6  |  12  |   72   ||    0    ||    31   |
| grp_access_fu_345 |  p2  |   4  |   0  |    0   ||    0    ||    20   |
|     grp_fu_494    |  p0  |   6  |  32  |   192  ||    0    ||    31   |
|     grp_fu_494    |  p1  |   3  |  32  |   96   ||    0    ||    14   |
|     grp_fu_498    |  p0  |   5  |  32  |   160  ||    0    ||    26   |
|     grp_fu_498    |  p1  |   4  |  32  |   128  ||    0    ||    20   |
|     grp_fu_502    |  p0  |   2  |  32  |   64   ||    0    ||    9    |
|     grp_fu_502    |  p1  |   5  |  32  |   160  ||    0    ||    26   |
|     grp_fu_506    |  p0  |   2  |  32  |   64   ||    0    ||    9    |
|     grp_fu_506    |  p1  |   4  |  32  |   128  ||    0    ||    20   |
|     grp_fu_511    |  p0  |   3  |  32  |   96   ||    0    ||    14   |
|     grp_fu_511    |  p1  |   3  |  32  |   96   ||    0    ||    14   |
|     grp_fu_515    |  p1  |   3  |  32  |   96   ||    0    ||    14   |
|     grp_fu_519    |  p1  |   3  |  32  |   96   ||    0    ||    14   |
|     grp_fu_523    |  p0  |   2  |  32  |   64   ||    0    ||    9    |
|     grp_fu_523    |  p1  |   2  |  32  |   64   ||    0    ||    9    |
|     grp_fu_528    |  p0  |   2  |  32  |   64   ||    0    ||    9    |
|     grp_fu_528    |  p1  |   2  |  32  |   64   ||    0    ||    9    |
|     grp_fu_533    |  p0  |   3  |  32  |   96   ||    0    ||    14   |
|     grp_fu_538    |  p0  |   3  |  32  |   96   ||    0    ||    14   |
|     grp_fu_538    |  p1  |   2  |  32  |   64   ||    0    ||    9    |
|     grp_fu_543    |  p0  |   3  |  32  |   96   ||    0    ||    14   |
|     grp_fu_546    |  p0  |   2  |  32  |   64   ||    0    ||    9    |
|     grp_fu_552    |  p0  |   2  |  32  |   64   ||    0    ||    9    |
|     grp_fu_552    |  p1  |   5  |  32  |   160  ||    0    ||    26   |
|     grp_fu_556    |  p0  |   2  |  32  |   64   ||    0    ||    9    |
|     grp_fu_556    |  p1  |   5  |  32  |   160  ||    0    ||    26   |
|     grp_fu_560    |  p0  |   3  |  32  |   96   ||    0    ||    14   |
|     grp_fu_560    |  p1  |   3  |  32  |   96   ||    0    ||    14   |
|     grp_fu_565    |  p0  |   3  |  32  |   96   ||    0    ||    14   |
|     grp_fu_565    |  p1  |   3  |  32  |   96   ||    0    ||    14   |
|     grp_fu_570    |  p1  |   3  |  32  |   96   ||    0    ||    14   |
|     grp_fu_579    |  p0  |   2  |  32  |   64   ||    0    ||    9    |
|     grp_fu_657    |  p0  |   2  |   6  |   12   ||    0    ||    9    |
|-------------------|------|------|------|--------||---------||---------||---------|
|       Total       |      |      |      |  3304  || 17.3529 ||    0    ||   669   |
|-------------------|------|------|------|--------||---------||---------||---------|



* Summary:
+-----------+--------+--------+--------+--------+
|           |   DSP  |  Delay |   FF   |   LUT  |
+-----------+--------+--------+--------+--------+
|  Function |   25   |    -   |  2704  |  4789  |
|   Memory  |    -   |    -   |    -   |    -   |
|Multiplexer|    -   |   17   |    0   |   669  |
|  Register |    -   |    -   |  5122  |    -   |
+-----------+--------+--------+--------+--------+
|   Total   |   25   |   17   |  7826  |  5458  |
+-----------+--------+--------+--------+--------+
